understat_match_id,league,season_start,date,team,opponent,venue,xg_for,xg_against,goals_for,goals_against,xgd
27746,Bundesliga,2024,2024-08-24 13:30:00,Augsburg,Werder Bremen,H,1.31571,1.54312,2,2,-0.2274100000000001
27758,Bundesliga,2024,2024-09-01 13:30:00,Augsburg,FC Heidenheim,A,0.641534,3.09376,0,4,-2.452226
27767,Bundesliga,2024,2024-09-15 13:30:00,Augsburg,St. Pauli,H,2.61475,0.49314,3,1,2.12161
27769,Bundesliga,2024,2024-09-20 18:30:00,Augsburg,Mainz 05,H,2.79562,1.25788,2,3,1.5377399999999999
27783,Bundesliga,2024,2024-09-28 13:30:00,Augsburg,RasenBallsport Leipzig,A,1.07415,2.81593,0,4,-1.7417799999999999
27790,Bundesliga,2024,2024-10-04 18:30:00,Augsburg,Borussia M.Gladbach,H,1.75524,0.807021,2,1,0.9482189999999999
27800,Bundesliga,2024,2024-10-19 13:30:00,Augsburg,Freiburg,A,0.868723,1.07588,1,3,-0.20715699999999992
27809,Bundesliga,2024,2024-10-26 13:30:00,Augsburg,Borussia Dortmund,H,0.560509,0.776944,2,1,-0.21643499999999993
27820,Bundesliga,2024,2024-11-02 14:30:00,Augsburg,Wolfsburg,A,0.499473,1.11324,1,1,-0.613767
27827,Bundesliga,2024,2024-11-10 14:30:00,Augsburg,Hoffenheim,H,0.970329,0.415649,0,0,0.5546800000000001
27834,Bundesliga,2024,2024-11-22 19:30:00,Augsburg,Bayern Munich,A,0.149096,4.02659,0,3,-3.8774939999999996
27846,Bundesliga,2024,2024-11-30 14:30:00,Augsburg,Bochum,H,2.15529,0.250706,1,0,1.9045839999999998
27858,Bundesliga,2024,2024-12-07 14:30:00,Augsburg,Eintracht Frankfurt,A,1.17089,1.53465,2,2,-0.3637600000000001
27863,Bundesliga,2024,2024-12-14 14:30:00,Augsburg,Bayer Leverkusen,H,0.43671,1.02095,0,2,-0.5842400000000001
27876,Bundesliga,2024,2024-12-21 14:30:00,Augsburg,Holstein Kiel,A,1.13064,2.48595,1,5,-1.3553099999999998
27882,Bundesliga,2024,2025-01-12 16:30:00,Augsburg,VfB Stuttgart,H,0.339144,2.61617,0,1,-2.2770259999999998
27892,Bundesliga,2024,2025-01-15 19:30:00,Augsburg,Union Berlin,A,1.41902,0.549286,2,0,0.8697339999999999
27900,Bundesliga,2024,2025-01-19 16:30:00,Augsburg,Werder Bremen,A,1.31644,1.15183,2,0,0.16461000000000015
27911,Bundesliga,2024,2025-01-25 14:30:00,Augsburg,FC Heidenheim,H,1.63821,0.94738,2,1,0.6908299999999999
27915,Bundesliga,2024,2025-02-01 14:30:00,Augsburg,St. Pauli,A,0.194891,0.849878,1,1,-0.654987
27928,Bundesliga,2024,2025-02-08 14:30:00,Augsburg,Mainz 05,A,0.260742,1.99994,0,0,-1.739198
27936,Bundesliga,2024,2025-02-14 19:30:00,Augsburg,RasenBallsport Leipzig,H,1.05445,1.6452,0,0,-0.5907499999999999
27947,Bundesliga,2024,2025-02-22 14:30:00,Augsburg,Borussia M.Gladbach,A,1.73915,0.800003,3,0,0.939147
27954,Bundesliga,2024,2025-03-02 16:30:00,Augsburg,Freiburg,H,2.222,0.799243,0,0,1.4227569999999998
27960,Bundesliga,2024,2025-03-08 14:30:00,Augsburg,Borussia Dortmund,A,0.250168,1.11055,1,0,-0.860382
27971,Bundesliga,2024,2025-03-15 14:30:00,Augsburg,Wolfsburg,H,0.598968,0.763636,1,0,-0.16466800000000004
27983,Bundesliga,2024,2025-03-29 14:30:00,Augsburg,Hoffenheim,A,0.688621,1.94509,1,1,-1.256469
27989,Bundesliga,2024,2025-04-04 18:30:00,Augsburg,Bayern Munich,H,0.567653,1.91653,1,3,-1.348877
28001,Bundesliga,2024,2025-04-12 13:30:00,Augsburg,Bochum,A,1.02536,1.86097,2,1,-0.83561
28008,Bundesliga,2024,2025-04-20 13:30:00,Augsburg,Eintracht Frankfurt,H,1.14215,1.39546,0,0,-0.2533099999999999
28012,Bundesliga,2024,2025-04-26 13:30:00,Augsburg,Bayer Leverkusen,A,0.640893,1.03782,0,2,-0.3969269999999999
28025,Bundesliga,2024,2025-05-04 13:30:00,Augsburg,Holstein Kiel,H,3.93001,2.10407,1,3,1.8259399999999997
28031,Bundesliga,2024,2025-05-11 17:30:00,Augsburg,VfB Stuttgart,A,0.381838,4.97233,0,4,-4.590492
28044,Bundesliga,2024,2025-05-17 13:30:00,Augsburg,Union Berlin,H,1.57932,1.14135,1,2,0.43796999999999997
30229,Bundesliga,2025,2025-08-23 13:30:00,Augsburg,Freiburg,A,1.30191,2.27247,3,1,-0.9705600000000003
30238,Bundesliga,2025,2025-08-30 16:30:00,Augsburg,Bayern Munich,H,0.506028,3.37523,2,3,-2.869202
30249,Bundesliga,2025,2025-09-14 13:30:00,Augsburg,St. Pauli,A,0.934223,1.95499,1,2,-1.020767
30253,Bundesliga,2025,2025-09-20 13:30:00,Augsburg,Mainz 05,H,0.870451,2.57047,1,4,-1.7000189999999997
30261,Bundesliga,2025,2025-09-27 13:30:00,Augsburg,FC Heidenheim,A,0.619833,1.79097,1,2,-1.1711369999999999
30276,Bundesliga,2025,2025-10-04 13:30:00,Augsburg,Wolfsburg,H,1.75326,1.22584,3,1,0.52742
30279,Bundesliga,2025,2025-10-18 13:30:00,Augsburg,FC Cologne,A,1.11917,0.523854,1,1,0.595316
30287,Bundesliga,2025,2025-10-25 13:30:00,Augsburg,RasenBallsport Leipzig,H,0.639182,2.69438,0,6,-2.0551980000000003
30296,Bundesliga,2025,2025-10-31 19:30:00,Augsburg,Borussia Dortmund,H,0.969501,0.588196,0,1,0.3813049999999999
30311,Bundesliga,2025,2025-11-09 16:30:00,Augsburg,VfB Stuttgart,A,1.90345,2.44526,2,3,-0.5418100000000001
30314,Bundesliga,2025,2025-11-22 14:30:00,Augsburg,Hamburger SV,H,1.61897,1.555,1,0,0.06397000000000008
30329,Bundesliga,2025,2025-11-29 14:30:00,Augsburg,Hoffenheim,A,0.655496,1.79612,0,3,-1.1406239999999999
30334,Bundesliga,2025,2025-12-06 14:30:00,Augsburg,Bayer Leverkusen,H,2.14102,1.41889,2,0,0.7221300000000002
30344,Bundesliga,2025,2025-12-13 14:30:00,Augsburg,Eintracht Frankfurt,A,0.655733,1.52024,0,1,-0.864507
30350,Bundesliga,2025,2025-12-20 14:30:00,Augsburg,Werder Bremen,H,1.49411,0.90686,0,0,0.58725
30361,Bundesliga,2025,2026-01-11 14:30:00,Augsburg,Borussia M.Gladbach,A,1.57502,3.57201,0,4,-1.99699
30368,Bundesliga,2025,2026-01-15 19:30:00,Augsburg,Union Berlin,H,0.559529,1.73831,1,1,-1.1787809999999999
30377,Bundesliga,2025,2026-01-18 16:30:00,Augsburg,Freiburg,H,0.986653,1.59107,2,2,-0.604417
30387,Bundesliga,2025,2026-01-24 14:30:00,Augsburg,Bayern Munich,A,1.24551,2.30773,2,1,-1.06222
30395,Bundesliga,2025,2026-01-31 14:30:00,Augsburg,St. Pauli,H,2.11699,2.88611,2,1,-0.76912
30409,Bundesliga,2025,2026-02-07 14:30:00,Augsburg,Mainz 05,A,1.35939,3.00656,0,2,-1.6471699999999998
30413,Bundesliga,2025,2026-02-15 14:30:00,Augsburg,FC Heidenheim,H,1.87679,0.697774,1,0,1.1790159999999998
30430,Bundesliga,2025,2026-02-21 14:30:00,Augsburg,Wolfsburg,A,1.56427,2.17584,3,2,-0.61157
30431,Bundesliga,2025,2026-02-27 19:30:00,Augsburg,FC Cologne,H,1.55844,0.492698,2,0,1.065742
30445,Bundesliga,2025,2026-03-07 14:30:00,Augsburg,RasenBallsport Leipzig,A,3.6651,2.19435,1,2,1.4707499999999998
30451,Bundesliga,2025,2026-03-14 14:30:00,Augsburg,Borussia Dortmund,A,0.755745,2.49053,0,2,-1.734785
30458,Bundesliga,2025,2026-03-22 18:30:00,Augsburg,VfB Stuttgart,H,1.59097,3.87094,2,5,-2.27997
30471,Bundesliga,2025,2026-04-04 13:30:00,Augsburg,Hamburger SV,A,2.57589,1.53108,1,1,1.0448099999999998
30476,Bundesliga,2025,2026-04-10 18:30:00,Augsburg,Hoffenheim,H,2.67199,1.43152,2,2,1.2404700000000002
30485,Bundesliga,2025,2026-04-18 13:30:00,Augsburg,Bayer Leverkusen,A,1.29743,3.73107,2,1,-2.4336399999999996
30494,Bundesliga,2025,2026-04-25 13:30:00,Augsburg,Eintracht Frankfurt,H,2.13872,0.854238,1,1,1.2844820000000001
30511,Bundesliga,2025,2026-05-02 13:30:00,Augsburg,Werder Bremen,A,3.23625,0.814452,3,1,2.421798
30512,Bundesliga,2025,2026-05-09 13:30:00,Augsburg,Borussia M.Gladbach,H,2.80244,1.05493,3,1,1.74751
30528,Bundesliga,2025,2026-05-16 13:30:00,Augsburg,Union Berlin,A,0.506181,2.45125,0,4,-1.945069
27742,Bundesliga,2024,2024-08-23 18:30:00,Bayer Leverkusen,Borussia M.Gladbach,A,3.23588,1.51665,3,2,1.7192299999999998
27757,Bundesliga,2024,2024-08-31 16:30:00,Bayer Leverkusen,RasenBallsport Leipzig,H,3.42266,1.50532,2,3,1.91734
27761,Bundesliga,2024,2024-09-14 13:30:00,Bayer Leverkusen,Hoffenheim,A,3.41829,1.06356,4,1,2.35473
27775,Bundesliga,2024,2024-09-22 13:30:00,Bayer Leverkusen,Wolfsburg,H,1.71874,0.836406,4,3,0.882334
27784,Bundesliga,2024,2024-09-28 16:30:00,Bayer Leverkusen,Bayern Munich,A,0.0870163,1.19457,1,1,-1.1075537
27794,Bundesliga,2024,2024-10-05 13:30:00,Bayer Leverkusen,Holstein Kiel,H,2.5839,1.98438,2,2,0.5995199999999998
27796,Bundesliga,2024,2024-10-19 13:30:00,Bayer Leverkusen,Eintracht Frankfurt,H,4.07146,1.55158,2,1,2.51988
27808,Bundesliga,2024,2024-10-26 16:30:00,Bayer Leverkusen,Werder Bremen,A,1.30852,1.78808,2,2,-0.47956
27814,Bundesliga,2024,2024-11-01 19:30:00,Bayer Leverkusen,VfB Stuttgart,H,2.78287,0.223778,0,0,2.559092
27830,Bundesliga,2024,2024-11-09 14:30:00,Bayer Leverkusen,Bochum,A,1.40554,0.777554,1,1,0.627986
27832,Bundesliga,2024,2024-11-23 14:30:00,Bayer Leverkusen,FC Heidenheim,H,2.02581,1.03141,5,2,0.9944
27848,Bundesliga,2024,2024-11-30 14:30:00,Bayer Leverkusen,Union Berlin,A,0.906684,1.11328,2,1,-0.206596
27850,Bundesliga,2024,2024-12-07 14:30:00,Bayer Leverkusen,St. Pauli,H,0.729523,2.18395,2,1,-1.454427
27863,Bundesliga,2024,2024-12-14 14:30:00,Bayer Leverkusen,Augsburg,A,1.02095,0.43671,2,0,0.5842400000000001
27868,Bundesliga,2024,2024-12-21 17:30:00,Bayer Leverkusen,Freiburg,H,3.25968,1.34161,5,1,1.91807
27878,Bundesliga,2024,2025-01-10 19:30:00,Bayer Leverkusen,Borussia Dortmund,A,1.8834,1.48663,3,2,0.39677000000000007
27886,Bundesliga,2024,2025-01-14 19:30:00,Bayer Leverkusen,Mainz 05,H,1.99412,0.603471,1,0,1.3906489999999998
27895,Bundesliga,2024,2025-01-18 17:30:00,Bayer Leverkusen,Borussia M.Gladbach,H,2.08382,0.473935,3,1,1.6098849999999998
27904,Bundesliga,2024,2025-01-25 14:30:00,Bayer Leverkusen,RasenBallsport Leipzig,A,2.57674,0.708246,2,2,1.868494
27916,Bundesliga,2024,2025-02-02 16:30:00,Bayer Leverkusen,Hoffenheim,H,1.35418,1.94944,3,1,-0.5952600000000001
27927,Bundesliga,2024,2025-02-08 14:30:00,Bayer Leverkusen,Wolfsburg,A,1.66317,0.895017,0,0,0.7681530000000001
27931,Bundesliga,2024,2025-02-15 17:30:00,Bayer Leverkusen,Bayern Munich,H,2.55729,0.0720406,0,0,2.4852494000000003
27948,Bundesliga,2024,2025-02-22 14:30:00,Bayer Leverkusen,Holstein Kiel,A,2.55557,0.494995,2,0,2.060575
27951,Bundesliga,2024,2025-03-01 17:30:00,Bayer Leverkusen,Eintracht Frankfurt,A,2.37018,1.00046,4,1,1.36972
27958,Bundesliga,2024,2025-03-08 14:30:00,Bayer Leverkusen,Werder Bremen,H,1.36325,1.67701,0,2,-0.3137599999999998
27967,Bundesliga,2024,2025-03-16 18:30:00,Bayer Leverkusen,VfB Stuttgart,A,2.07439,2.85024,4,3,-0.7758499999999997
27976,Bundesliga,2024,2025-03-28 19:30:00,Bayer Leverkusen,Bochum,H,2.08076,0.702152,3,1,1.3786080000000003
27986,Bundesliga,2024,2025-04-05 13:30:00,Bayer Leverkusen,FC Heidenheim,A,0.367393,1.30234,1,0,-0.934947
27994,Bundesliga,2024,2025-04-12 13:30:00,Bayer Leverkusen,Union Berlin,H,0.495489,0.513825,0,0,-0.018335999999999963
28011,Bundesliga,2024,2025-04-20 17:30:00,Bayer Leverkusen,St. Pauli,A,1.13491,2.3164,1,1,-1.1814899999999997
28012,Bundesliga,2024,2025-04-26 13:30:00,Bayer Leverkusen,Augsburg,H,1.03782,0.640893,2,0,0.3969269999999999
28024,Bundesliga,2024,2025-05-04 15:30:00,Bayer Leverkusen,Freiburg,A,0.227838,0.904468,2,2,-0.6766300000000001
28030,Bundesliga,2024,2025-05-11 13:30:00,Bayer Leverkusen,Borussia Dortmund,H,1.90473,1.39477,2,4,0.50996
28045,Bundesliga,2024,2025-05-17 13:30:00,Bayer Leverkusen,Mainz 05,A,1.33572,2.89903,2,2,-1.5633100000000002
30226,Bundesliga,2025,2025-08-23 13:30:00,Bayer Leverkusen,Hoffenheim,H,1.05253,0.505193,1,2,0.547337
30236,Bundesliga,2025,2025-08-30 13:30:00,Bayer Leverkusen,Werder Bremen,A,2.03733,2.32676,3,3,-0.2894300000000003
30242,Bundesliga,2025,2025-09-12 18:30:00,Bayer Leverkusen,Eintracht Frankfurt,H,2.31465,0.791863,3,1,1.522787
30258,Bundesliga,2025,2025-09-21 15:30:00,Bayer Leverkusen,Borussia M.Gladbach,H,1.9461,1.29876,1,1,0.64734
30263,Bundesliga,2025,2025-09-27 13:30:00,Bayer Leverkusen,St. Pauli,A,1.28912,0.813325,2,1,0.4757950000000001
30269,Bundesliga,2025,2025-10-04 13:30:00,Bayer Leverkusen,Union Berlin,H,3.35673,1.19684,2,0,2.1598900000000003
30282,Bundesliga,2025,2025-10-18 13:30:00,Bayer Leverkusen,Mainz 05,A,4.43462,1.62978,4,3,2.8048399999999996
30288,Bundesliga,2025,2025-10-26 13:30:00,Bayer Leverkusen,Freiburg,H,2.46787,0.542897,2,0,1.924973
30297,Bundesliga,2025,2025-11-01 17:30:00,Bayer Leverkusen,Bayern Munich,A,0.382774,2.28295,0,3,-1.900176
30305,Bundesliga,2025,2025-11-08 14:30:00,Bayer Leverkusen,FC Heidenheim,H,3.90142,0.063377,6,0,3.838043
30322,Bundesliga,2025,2025-11-22 14:30:00,Bayer Leverkusen,Wolfsburg,A,1.58644,2.07979,3,1,-0.49334999999999996
30323,Bundesliga,2025,2025-11-29 17:30:00,Bayer Leverkusen,Borussia Dortmund,H,1.08287,1.1562,1,2,-0.0733299999999999
30334,Bundesliga,2025,2025-12-06 14:30:00,Bayer Leverkusen,Augsburg,A,1.41889,2.14102,0,2,-0.7221300000000002
30341,Bundesliga,2025,2025-12-13 17:30:00,Bayer Leverkusen,FC Cologne,H,2.295,0.436565,2,0,1.858435
30356,Bundesliga,2025,2025-12-20 17:30:00,Bayer Leverkusen,RasenBallsport Leipzig,A,2.70478,1.93929,3,1,0.76549
30359,Bundesliga,2025,2026-01-10 17:30:00,Bayer Leverkusen,VfB Stuttgart,H,1.98318,2.68822,1,4,-0.7050399999999999
30381,Bundesliga,2025,2026-01-17 14:30:00,Bayer Leverkusen,Hoffenheim,A,1.27048,2.11995,0,1,-0.8494699999999997
30386,Bundesliga,2025,2026-01-24 14:30:00,Bayer Leverkusen,Werder Bremen,H,2.51599,0.673986,1,0,1.842004
30397,Bundesliga,2025,2026-01-31 14:30:00,Bayer Leverkusen,Eintracht Frankfurt,A,1.52952,1.31849,3,1,0.21103000000000005
30405,Bundesliga,2025,2026-02-07 17:30:00,Bayer Leverkusen,Borussia M.Gladbach,A,0.741257,0.783478,1,1,-0.04222099999999995
30414,Bundesliga,2025,2026-02-14 14:30:00,Bayer Leverkusen,St. Pauli,H,2.26044,0.654783,4,0,1.605657
30429,Bundesliga,2025,2026-02-21 14:30:00,Bayer Leverkusen,Union Berlin,A,1.20274,0.757702,0,1,0.44503799999999993
30432,Bundesliga,2025,2026-02-28 14:30:00,Bayer Leverkusen,Mainz 05,H,1.94817,0.9714,1,1,0.9767699999999999
30371,Bundesliga,2025,2026-03-04 19:30:00,Bayer Leverkusen,Hamburger SV,A,2.67874,1.28692,1,0,1.3918199999999998
30442,Bundesliga,2025,2026-03-07 14:30:00,Bayer Leverkusen,Freiburg,A,2.1863,2.58409,3,3,-0.3977900000000001
30449,Bundesliga,2025,2026-03-14 14:30:00,Bayer Leverkusen,Bayern Munich,H,2.65255,1.26817,1,1,1.3843800000000002
30462,Bundesliga,2025,2026-03-21 14:30:00,Bayer Leverkusen,FC Heidenheim,A,1.96287,1.73738,3,3,0.22548999999999997
30467,Bundesliga,2025,2026-04-04 13:30:00,Bayer Leverkusen,Wolfsburg,H,4.59518,2.54712,6,3,2.04806
30477,Bundesliga,2025,2026-04-11 13:30:00,Bayer Leverkusen,Borussia Dortmund,A,0.728586,1.01423,1,0,-0.285644
30485,Bundesliga,2025,2026-04-18 13:30:00,Bayer Leverkusen,Augsburg,H,3.73107,1.29743,1,2,2.4336399999999996
30496,Bundesliga,2025,2026-04-25 13:30:00,Bayer Leverkusen,FC Cologne,A,1.85749,3.49945,2,1,-1.6419599999999999
30503,Bundesliga,2025,2026-05-02 16:30:00,Bayer Leverkusen,RasenBallsport Leipzig,H,5.41733,1.49733,4,1,3.92
30519,Bundesliga,2025,2026-05-09 13:30:00,Bayer Leverkusen,VfB Stuttgart,A,0.631905,3.42891,1,3,-2.797005
30521,Bundesliga,2025,2026-05-16 13:30:00,Bayer Leverkusen,Hamburger SV,H,3.08571,1.63049,1,1,1.4552200000000002
27749,Bundesliga,2024,2024-08-25 13:30:00,Bayern Munich,Wolfsburg,A,2.17538,2.08125,3,2,0.09413000000000027
27759,Bundesliga,2024,2024-09-01 15:30:00,Bayern Munich,Freiburg,H,1.62797,0.970892,2,0,0.6570779999999999
27766,Bundesliga,2024,2024-09-14 16:30:00,Bayern Munich,Holstein Kiel,A,4.13442,0.299776,6,1,3.8346440000000004
27773,Bundesliga,2024,2024-09-21 13:30:00,Bayern Munich,Werder Bremen,A,3.34451,0.0,5,0,3.34451
27784,Bundesliga,2024,2024-09-28 16:30:00,Bayern Munich,Bayer Leverkusen,H,1.19457,0.0870163,1,1,1.1075537
27787,Bundesliga,2024,2024-10-06 15:30:00,Bayern Munich,Eintracht Frankfurt,A,2.83119,1.49515,3,3,1.33604
27797,Bundesliga,2024,2024-10-19 16:30:00,Bayern Munich,VfB Stuttgart,H,3.61889,0.286656,4,0,3.3322339999999997
27812,Bundesliga,2024,2024-10-27 14:30:00,Bayern Munich,Bochum,A,3.1499,0.205046,5,0,2.9448540000000003
27815,Bundesliga,2024,2024-11-02 14:30:00,Bayern Munich,Union Berlin,H,2.76181,0.4664,3,0,2.29541
27831,Bundesliga,2024,2024-11-09 14:30:00,Bayern Munich,St. Pauli,A,1.67296,0.0751538,1,0,1.5978062
27834,Bundesliga,2024,2024-11-22 19:30:00,Bayern Munich,Augsburg,H,4.02659,0.149096,3,0,3.8774939999999996
27842,Bundesliga,2024,2024-11-30 17:30:00,Bayern Munich,Borussia Dortmund,A,1.83117,0.55981,1,1,1.27136
27857,Bundesliga,2024,2024-12-07 14:30:00,Bayern Munich,FC Heidenheim,H,3.08538,1.16879,4,2,1.9165899999999998
27864,Bundesliga,2024,2024-12-14 14:30:00,Bayern Munich,Mainz 05,A,0.992002,1.64219,1,2,-0.650188
27870,Bundesliga,2024,2024-12-20 19:30:00,Bayern Munich,RasenBallsport Leipzig,H,4.35715,0.552564,5,1,3.8045859999999996
27884,Bundesliga,2024,2025-01-11 17:30:00,Bayern Munich,Borussia M.Gladbach,A,4.47736,0.326195,1,0,4.151165
27888,Bundesliga,2024,2025-01-15 19:30:00,Bayern Munich,Hoffenheim,H,3.80458,0.222965,5,0,3.581615
27897,Bundesliga,2024,2025-01-18 14:30:00,Bayern Munich,Wolfsburg,H,3.23282,0.702414,3,2,2.5304059999999997
27912,Bundesliga,2024,2025-01-25 14:30:00,Bayern Munich,Freiburg,A,0.787581,0.271308,2,1,0.516273
27918,Bundesliga,2024,2025-02-01 14:30:00,Bayern Munich,Holstein Kiel,H,4.93236,2.05752,4,3,2.8748400000000003
27922,Bundesliga,2024,2025-02-07 19:30:00,Bayern Munich,Werder Bremen,H,4.47713,0.151051,3,0,4.326079
27931,Bundesliga,2024,2025-02-15 17:30:00,Bayern Munich,Bayer Leverkusen,A,0.0720406,2.55729,0,0,-2.4852494000000003
27940,Bundesliga,2024,2025-02-23 16:30:00,Bayern Munich,Eintracht Frankfurt,H,4.48699,0.49278,4,0,3.99421
27949,Bundesliga,2024,2025-02-28 19:30:00,Bayern Munich,VfB Stuttgart,A,2.29942,0.653703,3,1,1.6457169999999999
27959,Bundesliga,2024,2025-03-08 14:30:00,Bayern Munich,Bochum,H,2.72891,1.36274,2,3,1.3661699999999999
27973,Bundesliga,2024,2025-03-15 14:30:00,Bayern Munich,Union Berlin,A,1.83549,0.8044,1,1,1.03109
27977,Bundesliga,2024,2025-03-29 14:30:00,Bayern Munich,St. Pauli,H,4.00213,0.841269,3,2,3.160861
27989,Bundesliga,2024,2025-04-04 18:30:00,Bayern Munich,Augsburg,A,1.91653,0.567653,3,1,1.348877
27996,Bundesliga,2024,2025-04-12 16:30:00,Bayern Munich,Borussia Dortmund,H,2.94706,1.71681,2,2,1.23025
28005,Bundesliga,2024,2025-04-19 13:30:00,Bayern Munich,FC Heidenheim,A,3.54191,0.529774,4,0,3.012136
28014,Bundesliga,2024,2025-04-26 13:30:00,Bayern Munich,Mainz 05,H,1.70143,0.923874,3,0,0.777556
28021,Bundesliga,2024,2025-05-03 13:30:00,Bayern Munich,RasenBallsport Leipzig,A,1.97214,1.74905,3,3,0.22309
28032,Bundesliga,2024,2025-05-10 16:30:00,Bayern Munich,Borussia M.Gladbach,H,2.78307,1.35544,2,0,1.42763
28041,Bundesliga,2024,2025-05-17 13:30:00,Bayern Munich,Hoffenheim,A,2.21427,0.661398,4,0,1.5528719999999998
30224,Bundesliga,2025,2025-08-22 18:30:00,Bayern Munich,RasenBallsport Leipzig,H,3.29885,0.52226,6,0,2.7765899999999997
30238,Bundesliga,2025,2025-08-30 16:30:00,Bayern Munich,Augsburg,A,3.37523,0.506028,3,2,2.869202
30248,Bundesliga,2025,2025-09-13 16:30:00,Bayern Munich,Hamburger SV,H,3.03718,0.559174,5,0,2.478006
30255,Bundesliga,2025,2025-09-20 13:30:00,Bayern Munich,Hoffenheim,A,2.7142,1.03716,4,1,1.6770399999999999
30260,Bundesliga,2025,2025-09-26 18:30:00,Bayern Munich,Werder Bremen,H,4.31859,0.298618,4,0,4.019972
30272,Bundesliga,2025,2025-10-04 16:30:00,Bayern Munich,Eintracht Frankfurt,A,2.2301,0.560138,3,0,1.6699620000000002
30278,Bundesliga,2025,2025-10-18 16:30:00,Bayern Munich,Borussia Dortmund,H,2.81994,1.41011,2,1,1.40983
30289,Bundesliga,2025,2025-10-25 13:30:00,Bayern Munich,Borussia M.Gladbach,A,2.65026,0.757777,3,0,1.892483
30297,Bundesliga,2025,2025-11-01 17:30:00,Bayern Munich,Bayer Leverkusen,H,2.28295,0.382774,3,0,1.900176
30312,Bundesliga,2025,2025-11-08 14:30:00,Bayern Munich,Union Berlin,A,1.34246,1.02778,2,2,0.31468000000000007
30315,Bundesliga,2025,2025-11-22 14:30:00,Bayern Munich,Freiburg,H,3.13858,0.516966,6,2,2.621614
30324,Bundesliga,2025,2025-11-29 14:30:00,Bayern Munich,St. Pauli,H,2.53942,0.74073,3,1,1.7986899999999997
30332,Bundesliga,2025,2025-12-06 14:30:00,Bayern Munich,VfB Stuttgart,A,4.07867,0.729313,5,0,3.349357
30342,Bundesliga,2025,2025-12-14 16:30:00,Bayern Munich,Mainz 05,H,4.67956,0.803171,2,2,3.8763890000000005
30354,Bundesliga,2025,2025-12-21 16:30:00,Bayern Munich,FC Heidenheim,A,3.36795,1.48758,4,0,1.88037
30360,Bundesliga,2025,2026-01-11 16:30:00,Bayern Munich,Wolfsburg,H,3.54931,1.08515,8,1,2.46416
30370,Bundesliga,2025,2026-01-14 19:30:00,Bayern Munich,FC Cologne,A,2.11635,0.714659,3,1,1.401691
30382,Bundesliga,2025,2026-01-17 17:30:00,Bayern Munich,RasenBallsport Leipzig,A,4.65226,2.86917,5,1,1.78309
30387,Bundesliga,2025,2026-01-24 14:30:00,Bayern Munich,Augsburg,H,2.30773,1.24551,1,2,1.06222
30399,Bundesliga,2025,2026-01-31 17:30:00,Bayern Munich,Hamburger SV,A,2.28911,2.64497,2,2,-0.35585999999999984
30404,Bundesliga,2025,2026-02-08 16:30:00,Bayern Munich,Hoffenheim,H,6.37827,2.66829,5,1,3.70998
30421,Bundesliga,2025,2026-02-14 14:30:00,Bayern Munich,Werder Bremen,A,1.87713,0.77965,3,0,1.09748
30422,Bundesliga,2025,2026-02-21 14:30:00,Bayern Munich,Eintracht Frankfurt,H,2.83518,2.29258,3,2,0.5425999999999997
30434,Bundesliga,2025,2026-02-28 17:30:00,Bayern Munich,Borussia Dortmund,A,1.89016,1.39761,3,2,0.49255000000000004
30440,Bundesliga,2025,2026-03-06 19:30:00,Bayern Munich,Borussia M.Gladbach,H,3.11976,1.21993,4,1,1.89983
30449,Bundesliga,2025,2026-03-14 14:30:00,Bayern Munich,Bayer Leverkusen,A,1.26817,2.65255,1,1,-1.3843800000000002
30459,Bundesliga,2025,2026-03-21 14:30:00,Bayern Munich,Union Berlin,H,5.93389,0.224572,4,0,5.709318
30470,Bundesliga,2025,2026-04-04 13:30:00,Bayern Munich,Freiburg,A,2.49116,2.04585,3,2,0.44530999999999965
30482,Bundesliga,2025,2026-04-11 16:30:00,Bayern Munich,St. Pauli,A,4.15447,0.355983,5,0,3.7984869999999997
30486,Bundesliga,2025,2026-04-19 15:30:00,Bayern Munich,VfB Stuttgart,H,5.11014,1.26038,4,2,3.8497600000000003
30499,Bundesliga,2025,2026-04-25 13:30:00,Bayern Munich,Mainz 05,A,2.36194,3.22403,4,3,-0.8620899999999998
30504,Bundesliga,2025,2026-05-02 13:30:00,Bayern Munich,FC Heidenheim,H,1.87973,2.48197,3,3,-0.6022400000000001
30520,Bundesliga,2025,2026-05-09 16:30:00,Bayern Munich,Wolfsburg,A,1.9054,3.26878,1,0,-1.36338
30522,Bundesliga,2025,2026-05-16 13:30:00,Bayern Munich,FC Cologne,H,2.81515,0.880203,5,1,1.9349470000000002
27743,Bundesliga,2024,2024-08-24 13:30:00,Bochum,RasenBallsport Leipzig,A,1.31541,0.937134,0,1,0.37827599999999995
27752,Bundesliga,2024,2024-08-31 13:30:00,Bochum,Borussia M.Gladbach,H,0.918629,2.66887,0,2,-1.750241
27762,Bundesliga,2024,2024-09-14 13:30:00,Bochum,Freiburg,A,1.10732,3.95617,1,2,-2.84885
27771,Bundesliga,2024,2024-09-21 13:30:00,Bochum,Holstein Kiel,H,1.32383,2.26878,2,2,-0.94495
27778,Bundesliga,2024,2024-09-27 18:30:00,Bochum,Borussia Dortmund,A,1.02915,4.1712,2,4,-3.14205
27792,Bundesliga,2024,2024-10-05 13:30:00,Bochum,Wolfsburg,H,2.28586,2.37344,1,3,-0.08757999999999999
27799,Bundesliga,2024,2024-10-19 13:30:00,Bochum,Hoffenheim,A,2.3454,2.46268,1,3,-0.11728000000000005
27812,Bundesliga,2024,2024-10-27 14:30:00,Bochum,Bayern Munich,H,0.205046,3.1499,0,5,-2.9448540000000003
27817,Bundesliga,2024,2024-11-02 14:30:00,Bochum,Eintracht Frankfurt,A,2.08714,3.83028,2,7,-1.74314
27830,Bundesliga,2024,2024-11-09 14:30:00,Bochum,Bayer Leverkusen,H,0.777554,1.40554,1,1,-0.627986
27833,Bundesliga,2024,2024-11-23 14:30:00,Bochum,VfB Stuttgart,A,0.652259,2.05767,0,2,-1.405411
27846,Bundesliga,2024,2024-11-30 14:30:00,Bochum,Augsburg,A,0.250706,2.15529,0,1,-1.9045839999999998
27855,Bundesliga,2024,2024-12-07 14:30:00,Bochum,Werder Bremen,H,1.16256,1.20754,0,1,-0.04498000000000002
27866,Bundesliga,2024,2024-12-14 14:30:00,Bochum,Union Berlin,A,1.23723,3.0131,1,1,-1.77587
27875,Bundesliga,2024,2024-12-22 14:30:00,Bochum,FC Heidenheim,H,1.68369,0.512353,2,0,1.1713369999999999
27883,Bundesliga,2024,2025-01-11 14:30:00,Bochum,Mainz 05,A,0.697735,1.7238,0,2,-1.026065
27893,Bundesliga,2024,2025-01-15 17:30:00,Bochum,St. Pauli,H,1.8213,1.15308,1,0,0.6682199999999998
27902,Bundesliga,2024,2025-01-18 14:30:00,Bochum,RasenBallsport Leipzig,H,2.75969,2.38567,3,3,0.3740199999999998
27908,Bundesliga,2024,2025-01-25 17:30:00,Bochum,Borussia M.Gladbach,A,0.759449,2.93153,0,3,-2.172081
27914,Bundesliga,2024,2025-02-01 14:30:00,Bochum,Freiburg,H,0.843049,3.33243,0,1,-2.489381
27930,Bundesliga,2024,2025-02-09 13:30:00,Bochum,Holstein Kiel,A,2.0,2.0,2,2,0.0
27938,Bundesliga,2024,2025-02-15 14:30:00,Bochum,Borussia Dortmund,H,3.3688,2.70519,2,0,0.6636099999999998
27945,Bundesliga,2024,2025-02-22 14:30:00,Bochum,Wolfsburg,A,1.46609,2.16138,1,1,-0.69529
27957,Bundesliga,2024,2025-03-01 14:30:00,Bochum,Hoffenheim,H,1.4452,0.525952,0,1,0.9192480000000001
27959,Bundesliga,2024,2025-03-08 14:30:00,Bochum,Bayern Munich,A,1.36274,2.72891,3,2,-1.3661699999999999
27974,Bundesliga,2024,2025-03-16 15:30:00,Bochum,Eintracht Frankfurt,H,1.88062,3.29403,1,3,-1.4134099999999998
27976,Bundesliga,2024,2025-03-28 19:30:00,Bochum,Bayer Leverkusen,A,0.702152,2.08076,1,3,-1.3786080000000003
27992,Bundesliga,2024,2025-04-05 13:30:00,Bochum,VfB Stuttgart,H,0.815791,2.64663,0,4,-1.830839
28001,Bundesliga,2024,2025-04-12 13:30:00,Bochum,Augsburg,H,1.86097,1.02536,1,2,0.83561
28006,Bundesliga,2024,2025-04-19 13:30:00,Bochum,Werder Bremen,A,0.4947,2.70919,0,1,-2.21449
28019,Bundesliga,2024,2025-04-27 13:30:00,Bochum,Union Berlin,H,1.5178,0.498974,1,1,1.018826
28023,Bundesliga,2024,2025-05-02 18:30:00,Bochum,FC Heidenheim,A,1.81311,0.463987,0,0,1.349123
28037,Bundesliga,2024,2025-05-10 13:30:00,Bochum,Mainz 05,H,0.734972,2.48765,1,4,-1.752678
28047,Bundesliga,2024,2025-05-17 13:30:00,Bochum,St. Pauli,A,1.34252,0.802748,2,0,0.5397719999999999
27748,Bundesliga,2024,2024-08-24 16:30:00,Borussia Dortmund,Eintracht Frankfurt,H,1.9263,1.15188,2,0,0.7744199999999999
27753,Bundesliga,2024,2024-08-31 13:30:00,Borussia Dortmund,Werder Bremen,A,0.918302,0.278533,0,0,0.639769
27760,Bundesliga,2024,2024-09-13 18:30:00,Borussia Dortmund,FC Heidenheim,H,2.84066,1.61406,4,2,1.2266000000000001
27776,Bundesliga,2024,2024-09-22 15:30:00,Borussia Dortmund,VfB Stuttgart,A,0.60692,3.56218,1,5,-2.95526
27778,Bundesliga,2024,2024-09-27 18:30:00,Borussia Dortmund,Bochum,H,4.1712,1.02915,4,2,3.14205
27791,Bundesliga,2024,2024-10-05 13:30:00,Borussia Dortmund,Union Berlin,A,0.748758,1.52691,1,2,-0.778152
27798,Bundesliga,2024,2024-10-18 18:30:00,Borussia Dortmund,St. Pauli,H,3.97161,1.07012,2,1,2.90149
27809,Bundesliga,2024,2024-10-26 13:30:00,Borussia Dortmund,Augsburg,A,0.776944,0.560509,1,2,0.21643499999999993
27816,Bundesliga,2024,2024-11-02 17:30:00,Borussia Dortmund,RasenBallsport Leipzig,H,3.30102,0.23928,2,1,3.06174
27828,Bundesliga,2024,2024-11-09 14:30:00,Borussia Dortmund,Mainz 05,A,0.845107,3.18749,1,3,-2.342383
27835,Bundesliga,2024,2024-11-23 14:30:00,Borussia Dortmund,Freiburg,H,1.49974,1.1957,4,0,0.3040400000000001
27842,Bundesliga,2024,2024-11-30 17:30:00,Borussia Dortmund,Bayern Munich,H,0.55981,1.83117,1,1,-1.27136
27854,Bundesliga,2024,2024-12-07 17:30:00,Borussia Dortmund,Borussia M.Gladbach,A,1.58856,1.10194,1,1,0.48662000000000005
27860,Bundesliga,2024,2024-12-15 16:30:00,Borussia Dortmund,Hoffenheim,H,0.433347,1.31436,1,1,-0.881013
27874,Bundesliga,2024,2024-12-22 16:30:00,Borussia Dortmund,Wolfsburg,A,2.4116,1.95337,3,1,0.4582299999999999
27878,Bundesliga,2024,2025-01-10 19:30:00,Borussia Dortmund,Bayer Leverkusen,H,1.48663,1.8834,2,3,-0.39677000000000007
27894,Bundesliga,2024,2025-01-14 17:30:00,Borussia Dortmund,Holstein Kiel,A,1.16391,1.95929,2,4,-0.79538
27898,Bundesliga,2024,2025-01-17 19:30:00,Borussia Dortmund,Eintracht Frankfurt,A,0.57641,2.05106,0,2,-1.47465
27905,Bundesliga,2024,2025-01-25 14:30:00,Borussia Dortmund,Werder Bremen,H,1.49423,1.11662,2,2,0.37761
27920,Bundesliga,2024,2025-02-01 14:30:00,Borussia Dortmund,FC Heidenheim,A,2.68284,0.525888,2,1,2.156952
27924,Bundesliga,2024,2025-02-08 14:30:00,Borussia Dortmund,VfB Stuttgart,H,1.07063,0.452825,1,2,0.6178049999999999
27938,Bundesliga,2024,2025-02-15 14:30:00,Borussia Dortmund,Bochum,A,2.70519,3.3688,0,2,-0.6636099999999998
27942,Bundesliga,2024,2025-02-22 17:30:00,Borussia Dortmund,Union Berlin,H,5.44112,0.365382,6,0,5.075737999999999
27956,Bundesliga,2024,2025-03-01 14:30:00,Borussia Dortmund,St. Pauli,A,2.23846,0.293506,2,0,1.9449539999999998
27960,Bundesliga,2024,2025-03-08 14:30:00,Borussia Dortmund,Augsburg,H,1.11055,0.250168,0,1,0.860382
27968,Bundesliga,2024,2025-03-15 17:30:00,Borussia Dortmund,RasenBallsport Leipzig,A,4.09542,2.55875,0,2,1.53667
27979,Bundesliga,2024,2025-03-30 16:30:00,Borussia Dortmund,Mainz 05,H,2.69722,0.654443,3,1,2.042777
27988,Bundesliga,2024,2025-04-05 13:30:00,Borussia Dortmund,Freiburg,A,3.55487,2.02793,4,1,1.5269400000000002
27996,Bundesliga,2024,2025-04-12 16:30:00,Borussia Dortmund,Bayern Munich,A,1.71681,2.94706,2,2,-1.23025
28004,Bundesliga,2024,2025-04-20 15:30:00,Borussia Dortmund,Borussia M.Gladbach,H,1.18456,1.2185,3,2,-0.03393999999999986
28016,Bundesliga,2024,2025-04-26 13:30:00,Borussia Dortmund,Hoffenheim,A,2.41526,1.19025,3,2,1.22501
28022,Bundesliga,2024,2025-05-03 16:30:00,Borussia Dortmund,Wolfsburg,H,2.54996,1.3634,4,0,1.18656
28030,Bundesliga,2024,2025-05-11 13:30:00,Borussia Dortmund,Bayer Leverkusen,A,1.39477,1.90473,4,2,-0.50996
28040,Bundesliga,2024,2025-05-17 13:30:00,Borussia Dortmund,Holstein Kiel,H,2.56073,0.574499,3,0,1.986231
30230,Bundesliga,2025,2025-08-23 16:30:00,Borussia Dortmund,St. Pauli,A,2.10289,1.46772,3,3,0.63517
30240,Bundesliga,2025,2025-08-31 15:30:00,Borussia Dortmund,Union Berlin,H,1.82606,0.971167,3,0,0.854893
30244,Bundesliga,2025,2025-09-13 13:30:00,Borussia Dortmund,FC Heidenheim,A,2.84999,0.299026,2,0,2.550964
30259,Bundesliga,2025,2025-09-21 17:30:00,Borussia Dortmund,Wolfsburg,H,1.24747,0.975457,1,0,0.27201300000000006
30262,Bundesliga,2025,2025-09-27 13:30:00,Borussia Dortmund,Mainz 05,A,1.75519,0.525149,2,0,1.230041
30271,Bundesliga,2025,2025-10-04 13:30:00,Borussia Dortmund,RasenBallsport Leipzig,H,0.668613,1.14077,1,1,-0.47215700000000005
30278,Bundesliga,2025,2025-10-18 16:30:00,Borussia Dortmund,Bayern Munich,A,1.41011,2.81994,1,2,-1.40983
30290,Bundesliga,2025,2025-10-25 16:30:00,Borussia Dortmund,FC Cologne,H,2.09125,0.70563,1,0,1.38562
30296,Bundesliga,2025,2025-10-31 19:30:00,Borussia Dortmund,Augsburg,A,0.588196,0.969501,1,0,-0.3813049999999999
30309,Bundesliga,2025,2025-11-08 14:30:00,Borussia Dortmund,Hamburger SV,A,1.42582,0.419878,1,1,1.0059420000000001
30316,Bundesliga,2025,2025-11-22 14:30:00,Borussia Dortmund,VfB Stuttgart,H,3.15124,1.80942,3,3,1.34182
30323,Bundesliga,2025,2025-11-29 17:30:00,Borussia Dortmund,Bayer Leverkusen,A,1.1562,1.08287,2,1,0.0733299999999999
30335,Bundesliga,2025,2025-12-07 16:30:00,Borussia Dortmund,Hoffenheim,H,1.10147,1.42364,2,0,-0.32217000000000007
30345,Bundesliga,2025,2025-12-14 14:30:00,Borussia Dortmund,Freiburg,A,1.47427,1.10621,1,1,0.36806000000000005
30351,Bundesliga,2025,2025-12-19 19:30:00,Borussia Dortmund,Borussia M.Gladbach,H,1.65394,0.221237,2,0,1.432703
30362,Bundesliga,2025,2026-01-09 19:30:00,Borussia Dortmund,Eintracht Frankfurt,A,2.29827,1.66426,3,3,0.63401
30369,Bundesliga,2025,2026-01-13 19:30:00,Borussia Dortmund,Werder Bremen,H,2.31769,0.39948,3,0,1.9182099999999997
30378,Bundesliga,2025,2026-01-17 14:30:00,Borussia Dortmund,St. Pauli,H,2.5477,0.532613,3,2,2.015087
30394,Bundesliga,2025,2026-01-24 17:30:00,Borussia Dortmund,Union Berlin,A,2.27286,0.989732,3,0,1.283128
30396,Bundesliga,2025,2026-02-01 16:30:00,Borussia Dortmund,FC Heidenheim,H,4.13897,3.04324,3,2,1.0957299999999996
30412,Bundesliga,2025,2026-02-07 14:30:00,Borussia Dortmund,Wolfsburg,A,1.70601,2.02751,2,1,-0.3214999999999999
30415,Bundesliga,2025,2026-02-13 19:30:00,Borussia Dortmund,Mainz 05,H,1.81026,1.67199,4,0,0.1382699999999999
30427,Bundesliga,2025,2026-02-21 17:30:00,Borussia Dortmund,RasenBallsport Leipzig,A,1.35347,3.50934,2,2,-2.15587
30434,Bundesliga,2025,2026-02-28 17:30:00,Borussia Dortmund,Bayern Munich,H,1.39761,1.89016,2,3,-0.49255000000000004
30441,Bundesliga,2025,2026-03-07 17:30:00,Borussia Dortmund,FC Cologne,A,1.9574,0.96405,2,1,0.9933500000000001
30451,Bundesliga,2025,2026-03-14 14:30:00,Borussia Dortmund,Augsburg,H,2.49053,0.755745,2,0,1.734785
30460,Bundesliga,2025,2026-03-21 17:30:00,Borussia Dortmund,Hamburger SV,H,6.10187,1.23049,3,2,4.87138
30473,Bundesliga,2025,2026-04-04 16:30:00,Borussia Dortmund,VfB Stuttgart,A,0.76449,0.553248,2,0,0.21124200000000004
30477,Bundesliga,2025,2026-04-11 13:30:00,Borussia Dortmund,Bayer Leverkusen,H,1.01423,0.728586,0,1,0.285644
30490,Bundesliga,2025,2026-04-18 13:30:00,Borussia Dortmund,Hoffenheim,A,1.28292,2.22458,1,2,-0.9416599999999999
30495,Bundesliga,2025,2026-04-26 15:30:00,Borussia Dortmund,Freiburg,H,3.09306,0.496971,4,0,2.596089
30505,Bundesliga,2025,2026-05-03 15:30:00,Borussia Dortmund,Borussia M.Gladbach,A,0.4281,2.68245,0,1,-2.2543499999999996
30513,Bundesliga,2025,2026-05-08 18:30:00,Borussia Dortmund,Eintracht Frankfurt,H,2.94988,0.942523,3,2,2.007357
30529,Bundesliga,2025,2026-05-16 13:30:00,Borussia Dortmund,Werder Bremen,A,3.37413,0.530615,2,0,2.843515
27742,Bundesliga,2024,2024-08-23 18:30:00,Borussia M.Gladbach,Bayer Leverkusen,H,1.51665,3.23588,2,3,-1.7192299999999998
27752,Bundesliga,2024,2024-08-31 13:30:00,Borussia M.Gladbach,Bochum,A,2.66887,0.918629,2,0,1.750241
27765,Bundesliga,2024,2024-09-14 13:30:00,Borussia M.Gladbach,VfB Stuttgart,H,2.05136,2.7214,1,3,-0.6700400000000002
27774,Bundesliga,2024,2024-09-21 16:30:00,Borussia M.Gladbach,Eintracht Frankfurt,A,1.19669,2.93252,0,2,-1.7358299999999998
27782,Bundesliga,2024,2024-09-28 13:30:00,Borussia M.Gladbach,Union Berlin,H,1.38305,0.731164,1,0,0.6518859999999999
27790,Bundesliga,2024,2024-10-04 18:30:00,Borussia M.Gladbach,Augsburg,A,0.807021,1.75524,1,2,-0.9482189999999999
27803,Bundesliga,2024,2024-10-19 13:30:00,Borussia M.Gladbach,FC Heidenheim,H,4.14976,1.89766,3,2,2.2520999999999995
27810,Bundesliga,2024,2024-10-25 18:30:00,Borussia M.Gladbach,Mainz 05,A,0.934033,1.45557,1,1,-0.521537
27821,Bundesliga,2024,2024-11-03 16:30:00,Borussia M.Gladbach,Werder Bremen,H,2.95668,1.30211,4,1,1.6545699999999999
27824,Bundesliga,2024,2024-11-09 17:30:00,Borussia M.Gladbach,RasenBallsport Leipzig,A,1.31521,0.849803,0,0,0.465407
27839,Bundesliga,2024,2024-11-24 16:30:00,Borussia M.Gladbach,St. Pauli,H,2.99128,1.15234,2,0,1.8389400000000002
27845,Bundesliga,2024,2024-11-30 14:30:00,Borussia M.Gladbach,Freiburg,A,1.27811,2.15426,1,3,-0.8761499999999998
27854,Bundesliga,2024,2024-12-07 17:30:00,Borussia M.Gladbach,Borussia Dortmund,H,1.10194,1.58856,1,1,-0.48662000000000005
27865,Bundesliga,2024,2024-12-14 14:30:00,Borussia M.Gladbach,Holstein Kiel,H,2.33425,0.323948,4,1,2.010302
27872,Bundesliga,2024,2024-12-21 14:30:00,Borussia M.Gladbach,Hoffenheim,A,0.490494,3.7229,2,1,-3.232406
27884,Bundesliga,2024,2025-01-11 17:30:00,Borussia M.Gladbach,Bayern Munich,H,0.326195,4.47736,0,1,-4.151165
27891,Bundesliga,2024,2025-01-14 19:30:00,Borussia M.Gladbach,Wolfsburg,A,0.856948,3.72762,1,5,-2.870672
27895,Bundesliga,2024,2025-01-18 17:30:00,Borussia M.Gladbach,Bayer Leverkusen,A,0.473935,2.08382,1,3,-1.6098849999999998
27908,Bundesliga,2024,2025-01-25 17:30:00,Borussia M.Gladbach,Bochum,H,2.93153,0.759449,3,0,2.172081
27917,Bundesliga,2024,2025-02-01 14:30:00,Borussia M.Gladbach,VfB Stuttgart,A,1.96971,0.950734,2,1,1.018976
27929,Bundesliga,2024,2025-02-08 17:30:00,Borussia M.Gladbach,Eintracht Frankfurt,H,0.656491,2.5487,1,1,-1.8922090000000003
27937,Bundesliga,2024,2025-02-15 14:30:00,Borussia M.Gladbach,Union Berlin,A,2.22036,1.66824,2,1,0.5521199999999999
27947,Bundesliga,2024,2025-02-22 14:30:00,Borussia M.Gladbach,Augsburg,H,0.800003,1.73915,0,3,-0.939147
27952,Bundesliga,2024,2025-03-01 14:30:00,Borussia M.Gladbach,FC Heidenheim,A,1.7158,1.87707,3,0,-0.16127000000000002
27965,Bundesliga,2024,2025-03-07 19:30:00,Borussia M.Gladbach,Mainz 05,H,1.25544,1.98889,1,3,-0.7334500000000002
27970,Bundesliga,2024,2025-03-15 14:30:00,Borussia M.Gladbach,Werder Bremen,A,2.32056,2.98283,4,2,-0.6622699999999999
27980,Bundesliga,2024,2025-03-29 14:30:00,Borussia M.Gladbach,RasenBallsport Leipzig,H,1.79539,0.929047,1,0,0.8663430000000001
27993,Bundesliga,2024,2025-04-06 13:30:00,Borussia M.Gladbach,St. Pauli,A,0.646648,2.19443,1,1,-1.5477820000000002
28000,Bundesliga,2024,2025-04-12 13:30:00,Borussia M.Gladbach,Freiburg,H,0.524784,2.31704,1,2,-1.792256
28004,Bundesliga,2024,2025-04-20 15:30:00,Borussia M.Gladbach,Borussia Dortmund,A,1.2185,1.18456,2,3,0.03393999999999986
28020,Bundesliga,2024,2025-04-26 13:30:00,Borussia M.Gladbach,Holstein Kiel,A,2.55098,3.0385,3,4,-0.48751999999999995
28027,Bundesliga,2024,2025-05-03 13:30:00,Borussia M.Gladbach,Hoffenheim,H,1.91833,1.91093,4,4,0.007400000000000073
28032,Bundesliga,2024,2025-05-10 16:30:00,Borussia M.Gladbach,Bayern Munich,A,1.35544,2.78307,0,2,-1.42763
28046,Bundesliga,2024,2025-05-17 13:30:00,Borussia M.Gladbach,Wolfsburg,H,0.744546,1.5757,0,1,-0.8311540000000001
30232,Bundesliga,2025,2025-08-24 15:30:00,Borussia M.Gladbach,Hamburger SV,H,1.01717,0.285593,0,0,0.7315769999999999
30237,Bundesliga,2025,2025-08-30 13:30:00,Borussia M.Gladbach,VfB Stuttgart,A,1.60717,0.925105,0,1,0.682065
30250,Bundesliga,2025,2025-09-14 15:30:00,Borussia M.Gladbach,Werder Bremen,H,1.58932,2.24671,0,4,-0.6573900000000001
30258,Bundesliga,2025,2025-09-21 15:30:00,Borussia M.Gladbach,Bayer Leverkusen,A,1.29876,1.9461,1,1,-0.64734
30265,Bundesliga,2025,2025-09-27 16:30:00,Borussia M.Gladbach,Eintracht Frankfurt,H,2.12935,3.78879,4,6,-1.65944
30270,Bundesliga,2025,2025-10-05 17:30:00,Borussia M.Gladbach,Freiburg,H,0.471184,0.689073,0,0,-0.21788900000000005
30285,Bundesliga,2025,2025-10-17 18:30:00,Borussia M.Gladbach,Union Berlin,A,0.628848,1.53032,1,3,-0.9014719999999999
30289,Bundesliga,2025,2025-10-25 13:30:00,Borussia M.Gladbach,Bayern Munich,H,0.757777,2.65026,0,3,-1.892483
30302,Bundesliga,2025,2025-11-01 14:30:00,Borussia M.Gladbach,St. Pauli,A,3.6262,0.804394,4,0,2.8218059999999996
30306,Bundesliga,2025,2025-11-08 17:30:00,Borussia M.Gladbach,FC Cologne,H,2.46206,2.15818,3,1,0.30387999999999993
30318,Bundesliga,2025,2025-11-22 14:30:00,Borussia M.Gladbach,FC Heidenheim,A,2.79666,0.363207,3,0,2.433453
30325,Bundesliga,2025,2025-11-28 19:30:00,Borussia M.Gladbach,RasenBallsport Leipzig,H,0.388883,1.09232,0,0,-0.703437
30339,Bundesliga,2025,2025-12-05 19:30:00,Borussia M.Gladbach,Mainz 05,A,1.90297,1.09331,1,0,0.80966
30343,Bundesliga,2025,2025-12-13 14:30:00,Borussia M.Gladbach,Wolfsburg,H,0.620418,2.72142,1,3,-2.1010020000000003
30351,Bundesliga,2025,2025-12-19 19:30:00,Borussia M.Gladbach,Borussia Dortmund,A,0.221237,1.65394,0,2,-1.432703
30361,Bundesliga,2025,2026-01-11 14:30:00,Borussia M.Gladbach,Augsburg,H,3.57201,1.57502,4,0,1.99699
30372,Bundesliga,2025,2026-01-14 19:30:00,Borussia M.Gladbach,Hoffenheim,A,0.83294,4.3777,1,5,-3.54476
30380,Bundesliga,2025,2026-01-17 14:30:00,Borussia M.Gladbach,Hamburger SV,A,0.576522,1.26205,0,0,-0.6855279999999999
30388,Bundesliga,2025,2026-01-25 14:30:00,Borussia M.Gladbach,VfB Stuttgart,H,1.22197,2.72682,0,3,-1.50485
30403,Bundesliga,2025,2026-01-31 14:30:00,Borussia M.Gladbach,Werder Bremen,A,1.25715,0.991152,1,1,0.26599799999999996
30405,Bundesliga,2025,2026-02-07 17:30:00,Borussia M.Gladbach,Bayer Leverkusen,H,0.783478,0.741257,1,1,0.04222099999999995
30416,Bundesliga,2025,2026-02-14 14:30:00,Borussia M.Gladbach,Eintracht Frankfurt,A,1.03155,1.98736,0,3,-0.95581
30424,Bundesliga,2025,2026-02-22 14:30:00,Borussia M.Gladbach,Freiburg,A,1.02855,1.29234,1,2,-0.26378999999999997
30433,Bundesliga,2025,2026-02-28 14:30:00,Borussia M.Gladbach,Union Berlin,H,2.56014,0.137598,1,0,2.422542
30440,Bundesliga,2025,2026-03-06 19:30:00,Borussia M.Gladbach,Bayern Munich,A,1.21993,3.11976,1,4,-1.89983
30450,Bundesliga,2025,2026-03-13 19:30:00,Borussia M.Gladbach,St. Pauli,H,1.08342,0.628713,2,0,0.4547070000000001
30461,Bundesliga,2025,2026-03-21 14:30:00,Borussia M.Gladbach,FC Cologne,A,1.08153,1.29293,3,3,-0.2113999999999998
30468,Bundesliga,2025,2026-04-04 13:30:00,Borussia M.Gladbach,FC Heidenheim,H,1.09174,0.883368,2,2,0.2083719999999999
30481,Bundesliga,2025,2026-04-11 13:30:00,Borussia M.Gladbach,RasenBallsport Leipzig,A,1.66258,2.56843,0,1,-0.9058500000000003
30487,Bundesliga,2025,2026-04-19 17:30:00,Borussia M.Gladbach,Mainz 05,H,1.11134,2.46195,1,1,-1.3506099999999999
30502,Bundesliga,2025,2026-04-25 13:30:00,Borussia M.Gladbach,Wolfsburg,A,0.473153,1.61116,0,0,-1.138007
30505,Bundesliga,2025,2026-05-03 15:30:00,Borussia M.Gladbach,Borussia Dortmund,H,2.68245,0.4281,1,0,2.2543499999999996
30512,Bundesliga,2025,2026-05-09 13:30:00,Borussia M.Gladbach,Augsburg,A,1.05493,2.80244,1,3,-1.74751
30523,Bundesliga,2025,2026-05-16 13:30:00,Borussia M.Gladbach,Hoffenheim,H,0.845598,1.77286,4,0,-0.9272620000000001
27748,Bundesliga,2024,2024-08-24 16:30:00,Eintracht Frankfurt,Borussia Dortmund,A,1.15188,1.9263,0,2,-0.7744199999999999
27756,Bundesliga,2024,2024-08-31 13:30:00,Eintracht Frankfurt,Hoffenheim,H,2.68507,0.832386,3,1,1.852684
27764,Bundesliga,2024,2024-09-14 13:30:00,Eintracht Frankfurt,Wolfsburg,A,2.86858,1.23249,2,1,1.63609
27774,Bundesliga,2024,2024-09-21 16:30:00,Eintracht Frankfurt,Borussia M.Gladbach,H,2.93252,1.19669,2,0,1.7358299999999998
27785,Bundesliga,2024,2024-09-29 13:30:00,Eintracht Frankfurt,Holstein Kiel,A,2.43436,1.02971,4,2,1.40465
27787,Bundesliga,2024,2024-10-06 15:30:00,Eintracht Frankfurt,Bayern Munich,H,1.49515,2.83119,3,3,-1.33604
27796,Bundesliga,2024,2024-10-19 13:30:00,Eintracht Frankfurt,Bayer Leverkusen,A,1.55158,4.07146,1,2,-2.51988
27811,Bundesliga,2024,2024-10-27 16:30:00,Eintracht Frankfurt,Union Berlin,A,1.54058,1.86305,1,1,-0.32247000000000003
27817,Bundesliga,2024,2024-11-02 14:30:00,Eintracht Frankfurt,Bochum,H,3.83028,2.08714,7,2,1.74314
27823,Bundesliga,2024,2024-11-10 16:30:00,Eintracht Frankfurt,VfB Stuttgart,A,1.93894,2.81862,3,2,-0.87968
27836,Bundesliga,2024,2024-11-23 17:30:00,Eintracht Frankfurt,Werder Bremen,H,1.47057,0.632819,1,0,0.8377509999999999
27843,Bundesliga,2024,2024-12-01 16:30:00,Eintracht Frankfurt,FC Heidenheim,A,3.19019,0.861094,4,0,2.329096
27858,Bundesliga,2024,2024-12-07 14:30:00,Eintracht Frankfurt,Augsburg,H,1.53465,1.17089,2,2,0.3637600000000001
27859,Bundesliga,2024,2024-12-15 18:30:00,Eintracht Frankfurt,RasenBallsport Leipzig,A,0.839379,2.4958,1,2,-1.656421
27871,Bundesliga,2024,2024-12-21 14:30:00,Eintracht Frankfurt,Mainz 05,H,2.58915,0.753285,1,3,1.835865
27885,Bundesliga,2024,2025-01-11 14:30:00,Eintracht Frankfurt,St. Pauli,A,2.23689,2.5542,1,0,-0.31731
27889,Bundesliga,2024,2025-01-14 19:30:00,Eintracht Frankfurt,Freiburg,H,2.82238,0.587762,4,1,2.2346179999999998
27898,Bundesliga,2024,2025-01-17 19:30:00,Eintracht Frankfurt,Borussia Dortmund,H,2.05106,0.57641,2,0,1.47465
27906,Bundesliga,2024,2025-01-26 14:30:00,Eintracht Frankfurt,Hoffenheim,A,2.30325,2.32141,2,2,-0.018160000000000398
27919,Bundesliga,2024,2025-02-02 14:30:00,Eintracht Frankfurt,Wolfsburg,H,1.69604,1.46292,1,1,0.23312
27929,Bundesliga,2024,2025-02-08 17:30:00,Eintracht Frankfurt,Borussia M.Gladbach,A,2.5487,0.656491,1,1,1.8922090000000003
27933,Bundesliga,2024,2025-02-16 16:30:00,Eintracht Frankfurt,Holstein Kiel,H,3.02527,1.26559,3,1,1.75968
27940,Bundesliga,2024,2025-02-23 16:30:00,Eintracht Frankfurt,Bayern Munich,A,0.49278,4.48699,0,4,-3.99421
27951,Bundesliga,2024,2025-03-01 17:30:00,Eintracht Frankfurt,Bayer Leverkusen,H,1.00046,2.37018,1,4,-1.36972
27961,Bundesliga,2024,2025-03-09 14:30:00,Eintracht Frankfurt,Union Berlin,H,2.00811,0.725817,1,2,1.2822929999999997
27974,Bundesliga,2024,2025-03-16 15:30:00,Eintracht Frankfurt,Bochum,A,3.29403,1.88062,3,1,1.4134099999999998
27978,Bundesliga,2024,2025-03-29 17:30:00,Eintracht Frankfurt,VfB Stuttgart,H,3.69196,0.863163,1,0,2.828797
27987,Bundesliga,2024,2025-04-05 16:30:00,Eintracht Frankfurt,Werder Bremen,A,0.515073,1.22711,0,2,-0.7120369999999999
27997,Bundesliga,2024,2025-04-13 15:30:00,Eintracht Frankfurt,FC Heidenheim,H,3.64515,1.28841,3,0,2.3567400000000003
28008,Bundesliga,2024,2025-04-20 13:30:00,Eintracht Frankfurt,Augsburg,A,1.39546,1.14215,0,0,0.2533099999999999
28015,Bundesliga,2024,2025-04-26 16:30:00,Eintracht Frankfurt,RasenBallsport Leipzig,H,2.23942,0.316263,4,0,1.923157
28026,Bundesliga,2024,2025-05-04 17:30:00,Eintracht Frankfurt,Mainz 05,A,1.3876,1.64254,1,1,-0.25493999999999994
28033,Bundesliga,2024,2025-05-11 15:30:00,Eintracht Frankfurt,St. Pauli,H,1.82027,0.666882,2,2,1.153388
28043,Bundesliga,2024,2025-05-17 13:30:00,Eintracht Frankfurt,Freiburg,A,2.61814,1.14001,3,1,1.47813
30228,Bundesliga,2025,2025-08-23 13:30:00,Eintracht Frankfurt,Werder Bremen,H,3.10684,0.587822,4,1,2.519018
30234,Bundesliga,2025,2025-08-30 13:30:00,Eintracht Frankfurt,Hoffenheim,A,1.82087,1.28178,3,1,0.5390900000000001
30242,Bundesliga,2025,2025-09-12 18:30:00,Eintracht Frankfurt,Bayer Leverkusen,A,0.791863,2.31465,1,3,-1.522787
30257,Bundesliga,2025,2025-09-21 13:30:00,Eintracht Frankfurt,Union Berlin,H,1.75582,2.23419,3,4,-0.47836999999999996
30265,Bundesliga,2025,2025-09-27 16:30:00,Eintracht Frankfurt,Borussia M.Gladbach,A,3.78879,2.12935,6,4,1.65944
30272,Bundesliga,2025,2025-10-04 16:30:00,Eintracht Frankfurt,Bayern Munich,H,0.560138,2.2301,0,3,-1.6699620000000002
30280,Bundesliga,2025,2025-10-19 13:30:00,Eintracht Frankfurt,Freiburg,A,0.772638,1.12896,2,2,-0.3563219999999999
30291,Bundesliga,2025,2025-10-25 13:30:00,Eintracht Frankfurt,St. Pauli,H,2.42632,0.519973,2,0,1.906347
30299,Bundesliga,2025,2025-11-01 14:30:00,Eintracht Frankfurt,FC Heidenheim,A,1.22406,0.831882,1,1,0.3921779999999999
30307,Bundesliga,2025,2025-11-09 18:30:00,Eintracht Frankfurt,Mainz 05,H,1.77854,0.121469,1,0,1.657071
30317,Bundesliga,2025,2025-11-22 17:30:00,Eintracht Frankfurt,FC Cologne,A,2.44506,1.38923,4,3,1.0558299999999998
30326,Bundesliga,2025,2025-11-30 16:30:00,Eintracht Frankfurt,Wolfsburg,H,1.66051,1.60645,1,1,0.05406
30340,Bundesliga,2025,2025-12-06 17:30:00,Eintracht Frankfurt,RasenBallsport Leipzig,A,0.473289,3.64182,0,6,-3.168531
30344,Bundesliga,2025,2025-12-13 14:30:00,Eintracht Frankfurt,Augsburg,H,1.52024,0.655733,1,0,0.864507
30353,Bundesliga,2025,2025-12-20 14:30:00,Eintracht Frankfurt,Hamburger SV,A,1.09137,1.09769,1,1,-0.006320000000000103
30362,Bundesliga,2025,2026-01-09 19:30:00,Eintracht Frankfurt,Borussia Dortmund,H,1.66426,2.29827,3,3,-0.63401
30375,Bundesliga,2025,2026-01-13 17:30:00,Eintracht Frankfurt,VfB Stuttgart,A,0.896468,3.54461,2,3,-2.648142
30384,Bundesliga,2025,2026-01-16 19:30:00,Eintracht Frankfurt,Werder Bremen,A,1.20772,2.10111,3,3,-0.8933899999999999
30389,Bundesliga,2025,2026-01-24 14:30:00,Eintracht Frankfurt,Hoffenheim,H,0.829658,1.62813,1,3,-0.7984720000000001
30397,Bundesliga,2025,2026-01-31 14:30:00,Eintracht Frankfurt,Bayer Leverkusen,H,1.31849,1.52952,1,3,-0.21103000000000005
30411,Bundesliga,2025,2026-02-06 19:30:00,Eintracht Frankfurt,Union Berlin,A,0.296813,1.27118,1,1,-0.974367
30416,Bundesliga,2025,2026-02-14 14:30:00,Eintracht Frankfurt,Borussia M.Gladbach,H,1.98736,1.03155,3,0,0.95581
30422,Bundesliga,2025,2026-02-21 14:30:00,Eintracht Frankfurt,Bayern Munich,A,2.29258,2.83518,2,3,-0.5425999999999997
30435,Bundesliga,2025,2026-03-01 16:30:00,Eintracht Frankfurt,Freiburg,H,1.67095,0.64193,2,0,1.02902
30446,Bundesliga,2025,2026-03-08 14:30:00,Eintracht Frankfurt,St. Pauli,A,0.451537,0.472285,0,0,-0.02074799999999999
30452,Bundesliga,2025,2026-03-14 14:30:00,Eintracht Frankfurt,FC Heidenheim,H,0.725159,0.136174,1,0,0.588985
30463,Bundesliga,2025,2026-03-22 14:30:00,Eintracht Frankfurt,Mainz 05,A,1.71748,1.38387,1,2,0.33360999999999996
30469,Bundesliga,2025,2026-04-05 15:30:00,Eintracht Frankfurt,FC Cologne,H,2.16998,3.09815,2,2,-0.9281700000000002
30484,Bundesliga,2025,2026-04-11 13:30:00,Eintracht Frankfurt,Wolfsburg,A,1.38694,2.26232,2,1,-0.8753799999999998
30488,Bundesliga,2025,2026-04-18 16:30:00,Eintracht Frankfurt,RasenBallsport Leipzig,H,1.40341,2.02122,1,3,-0.61781
30494,Bundesliga,2025,2026-04-25 13:30:00,Eintracht Frankfurt,Augsburg,A,0.854238,2.13872,1,1,-1.2844820000000001
30506,Bundesliga,2025,2026-05-02 13:30:00,Eintracht Frankfurt,Hamburger SV,H,0.992322,0.627209,1,2,0.365113
30513,Bundesliga,2025,2026-05-08 18:30:00,Eintracht Frankfurt,Borussia Dortmund,A,0.942523,2.94988,2,3,-2.007357
30524,Bundesliga,2025,2026-05-16 13:30:00,Eintracht Frankfurt,VfB Stuttgart,H,2.99231,1.81013,2,2,1.1821799999999998
30231,Bundesliga,2025,2025-08-24 13:30:00,FC Cologne,Mainz 05,A,1.64676,1.31655,1,0,0.3302099999999999
30241,Bundesliga,2025,2025-08-31 17:30:00,FC Cologne,Freiburg,H,1.84068,0.933072,4,1,0.9076080000000001
30246,Bundesliga,2025,2025-09-13 13:30:00,FC Cologne,Wolfsburg,A,1.72631,1.79835,3,3,-0.07203999999999988
30256,Bundesliga,2025,2025-09-20 16:30:00,FC Cologne,RasenBallsport Leipzig,A,1.39264,3.79591,1,3,-2.40327
30267,Bundesliga,2025,2025-09-28 15:30:00,FC Cologne,VfB Stuttgart,H,1.07972,2.20939,1,2,-1.12967
30274,Bundesliga,2025,2025-10-03 18:30:00,FC Cologne,Hoffenheim,A,1.30873,1.42371,1,0,-0.11498000000000008
30279,Bundesliga,2025,2025-10-18 13:30:00,FC Cologne,Augsburg,H,0.523854,1.11917,1,1,-0.595316
30290,Bundesliga,2025,2025-10-25 16:30:00,FC Cologne,Borussia Dortmund,A,0.70563,2.09125,0,1,-1.38562
30298,Bundesliga,2025,2025-11-02 14:30:00,FC Cologne,Hamburger SV,H,3.87376,1.19296,4,1,2.6807999999999996
30306,Bundesliga,2025,2025-11-08 17:30:00,FC Cologne,Borussia M.Gladbach,A,2.15818,2.46206,1,3,-0.30387999999999993
30317,Bundesliga,2025,2025-11-22 17:30:00,FC Cologne,Eintracht Frankfurt,H,1.38923,2.44506,3,4,-1.0558299999999998
30331,Bundesliga,2025,2025-11-29 14:30:00,FC Cologne,Werder Bremen,A,1.1848,1.53668,1,1,-0.35187999999999997
30336,Bundesliga,2025,2025-12-06 14:30:00,FC Cologne,St. Pauli,H,1.90409,0.143945,1,1,1.760145
30341,Bundesliga,2025,2025-12-13 17:30:00,FC Cologne,Bayer Leverkusen,A,0.436565,2.295,0,2,-1.858435
30352,Bundesliga,2025,2025-12-20 14:30:00,FC Cologne,Union Berlin,H,0.677102,1.4739,0,1,-0.796798
30364,Bundesliga,2025,2026-01-10 14:30:00,FC Cologne,FC Heidenheim,A,2.75624,2.14635,2,2,0.60989
30370,Bundesliga,2025,2026-01-14 19:30:00,FC Cologne,Bayern Munich,H,0.714659,2.11635,1,3,-1.401691
30379,Bundesliga,2025,2026-01-17 14:30:00,FC Cologne,Mainz 05,H,2.41277,1.91073,2,1,0.50204
30390,Bundesliga,2025,2026-01-25 16:30:00,FC Cologne,Freiburg,A,1.69119,2.56728,1,2,-0.8760899999999998
30398,Bundesliga,2025,2026-01-30 19:30:00,FC Cologne,Wolfsburg,H,1.43559,1.34631,1,0,0.08928000000000003
30406,Bundesliga,2025,2026-02-08 14:30:00,FC Cologne,RasenBallsport Leipzig,H,1.12167,3.0577,1,2,-1.9360300000000001
30420,Bundesliga,2025,2026-02-14 17:30:00,FC Cologne,VfB Stuttgart,A,1.13246,2.56266,1,3,-1.4302000000000001
30423,Bundesliga,2025,2026-02-21 14:30:00,FC Cologne,Hoffenheim,H,1.12252,1.8243,2,2,-0.7017800000000001
30431,Bundesliga,2025,2026-02-27 19:30:00,FC Cologne,Augsburg,A,0.492698,1.55844,0,2,-1.065742
30441,Bundesliga,2025,2026-03-07 17:30:00,FC Cologne,Borussia Dortmund,H,0.96405,1.9574,1,2,-0.9933500000000001
30454,Bundesliga,2025,2026-03-14 17:30:00,FC Cologne,Hamburger SV,A,0.984168,0.556493,1,1,0.427675
30461,Bundesliga,2025,2026-03-21 14:30:00,FC Cologne,Borussia M.Gladbach,H,1.29293,1.08153,3,3,0.2113999999999998
30469,Bundesliga,2025,2026-04-05 15:30:00,FC Cologne,Eintracht Frankfurt,A,3.09815,2.16998,2,2,0.9281700000000002
30478,Bundesliga,2025,2026-04-12 13:30:00,FC Cologne,Werder Bremen,H,3.90871,0.870139,3,1,3.038571
30491,Bundesliga,2025,2026-04-17 18:30:00,FC Cologne,St. Pauli,A,1.26761,2.2798,1,1,-1.01219
30496,Bundesliga,2025,2026-04-25 13:30:00,FC Cologne,Bayer Leverkusen,H,3.49945,1.85749,1,2,1.6419599999999999
30510,Bundesliga,2025,2026-05-02 13:30:00,FC Cologne,Union Berlin,A,1.6958,0.887532,2,2,0.808268
30514,Bundesliga,2025,2026-05-10 15:30:00,FC Cologne,FC Heidenheim,H,1.51486,2.04489,1,3,-0.53003
30522,Bundesliga,2025,2026-05-16 13:30:00,FC Cologne,Bayern Munich,A,0.880203,2.81515,1,5,-1.9349470000000002
27750,Bundesliga,2024,2024-08-25 15:30:00,FC Heidenheim,St. Pauli,A,1.16833,1.1609,2,0,0.007430000000000048
27758,Bundesliga,2024,2024-09-01 13:30:00,FC Heidenheim,Augsburg,H,3.09376,0.641534,4,0,2.452226
27760,Bundesliga,2024,2024-09-13 18:30:00,FC Heidenheim,Borussia Dortmund,A,1.61406,2.84066,2,4,-1.2266000000000001
27772,Bundesliga,2024,2024-09-21 13:30:00,FC Heidenheim,Freiburg,H,0.379656,1.23884,0,3,-0.859184
27781,Bundesliga,2024,2024-09-28 13:30:00,FC Heidenheim,Mainz 05,A,1.09304,0.371434,2,0,0.721606
27788,Bundesliga,2024,2024-10-06 13:30:00,FC Heidenheim,RasenBallsport Leipzig,H,1.08159,1.81585,0,1,-0.7342599999999999
27803,Bundesliga,2024,2024-10-19 13:30:00,FC Heidenheim,Borussia M.Gladbach,A,1.89766,4.14976,2,3,-2.2520999999999995
27807,Bundesliga,2024,2024-10-27 18:30:00,FC Heidenheim,Hoffenheim,H,1.57817,0.692793,0,0,0.8853770000000001
27822,Bundesliga,2024,2024-11-02 14:30:00,FC Heidenheim,Holstein Kiel,A,1.27585,2.13316,0,1,-0.8573100000000002
27825,Bundesliga,2024,2024-11-10 18:30:00,FC Heidenheim,Wolfsburg,H,2.62448,1.55233,1,3,1.0721500000000002
27832,Bundesliga,2024,2024-11-23 14:30:00,FC Heidenheim,Bayer Leverkusen,A,1.03141,2.02581,2,5,-0.9944
27843,Bundesliga,2024,2024-12-01 16:30:00,FC Heidenheim,Eintracht Frankfurt,H,0.861094,3.19019,0,4,-2.329096
27857,Bundesliga,2024,2024-12-07 14:30:00,FC Heidenheim,Bayern Munich,A,1.16879,3.08538,2,4,-1.9165899999999998
27861,Bundesliga,2024,2024-12-15 14:30:00,FC Heidenheim,VfB Stuttgart,H,0.808275,3.46171,1,3,-2.653435
27875,Bundesliga,2024,2024-12-22 14:30:00,FC Heidenheim,Bochum,A,0.512353,1.68369,0,2,-1.1713369999999999
27880,Bundesliga,2024,2025-01-11 14:30:00,FC Heidenheim,Union Berlin,H,1.75563,1.03435,2,0,0.7212799999999999
27890,Bundesliga,2024,2025-01-15 19:30:00,FC Heidenheim,Werder Bremen,A,1.91878,1.87497,3,3,0.043809999999999905
27899,Bundesliga,2024,2025-01-18 14:30:00,FC Heidenheim,St. Pauli,H,0.923964,2.23242,0,2,-1.3084559999999998
27911,Bundesliga,2024,2025-01-25 14:30:00,FC Heidenheim,Augsburg,A,0.94738,1.63821,1,2,-0.6908299999999999
27920,Bundesliga,2024,2025-02-01 14:30:00,FC Heidenheim,Borussia Dortmund,H,0.525888,2.68284,1,2,-2.156952
27926,Bundesliga,2024,2025-02-08 14:30:00,FC Heidenheim,Freiburg,A,0.434356,1.33195,0,1,-0.897594
27934,Bundesliga,2024,2025-02-16 18:30:00,FC Heidenheim,Mainz 05,H,0.545205,1.94932,0,2,-1.404115
27941,Bundesliga,2024,2025-02-23 14:30:00,FC Heidenheim,RasenBallsport Leipzig,A,0.834882,1.6451,2,2,-0.810218
27952,Bundesliga,2024,2025-03-01 14:30:00,FC Heidenheim,Borussia M.Gladbach,H,1.87707,1.7158,0,3,0.16127000000000002
27962,Bundesliga,2024,2025-03-09 16:30:00,FC Heidenheim,Hoffenheim,A,2.31324,1.78028,1,1,0.5329599999999999
27969,Bundesliga,2024,2025-03-16 16:30:00,FC Heidenheim,Holstein Kiel,H,1.6572,1.14988,3,1,0.50732
27981,Bundesliga,2024,2025-03-29 14:30:00,FC Heidenheim,Wolfsburg,A,1.31407,1.23886,1,0,0.07521
27986,Bundesliga,2024,2025-04-05 13:30:00,FC Heidenheim,Bayer Leverkusen,H,1.30234,0.367393,0,1,0.934947
27997,Bundesliga,2024,2025-04-13 15:30:00,FC Heidenheim,Eintracht Frankfurt,A,1.28841,3.64515,0,3,-2.3567400000000003
28005,Bundesliga,2024,2025-04-19 13:30:00,FC Heidenheim,Bayern Munich,H,0.529774,3.54191,0,4,-3.012136
28013,Bundesliga,2024,2025-04-25 18:30:00,FC Heidenheim,VfB Stuttgart,A,0.522621,1.91698,1,0,-1.394359
28023,Bundesliga,2024,2025-05-02 18:30:00,FC Heidenheim,Bochum,H,0.463987,1.81311,0,0,-1.349123
28036,Bundesliga,2024,2025-05-10 13:30:00,FC Heidenheim,Union Berlin,A,1.86184,0.528885,3,0,1.332955
28042,Bundesliga,2024,2025-05-17 13:30:00,FC Heidenheim,Werder Bremen,H,1.75706,2.20606,1,4,-0.44899999999999984
30225,Bundesliga,2025,2025-08-23 13:30:00,FC Heidenheim,Wolfsburg,H,0.783156,2.57718,1,3,-1.7940239999999998
30235,Bundesliga,2025,2025-08-30 13:30:00,FC Heidenheim,RasenBallsport Leipzig,A,0.969982,3.29717,0,2,-2.327188
30244,Bundesliga,2025,2025-09-13 13:30:00,FC Heidenheim,Borussia Dortmund,H,0.299026,2.84999,0,2,-2.550964
30254,Bundesliga,2025,2025-09-20 13:30:00,FC Heidenheim,Hamburger SV,A,2.63607,3.32157,1,2,-0.6854999999999998
30261,Bundesliga,2025,2025-09-27 13:30:00,FC Heidenheim,Augsburg,H,1.79097,0.619833,2,1,1.1711369999999999
30275,Bundesliga,2025,2025-10-05 13:30:00,FC Heidenheim,VfB Stuttgart,A,0.290942,1.10781,0,1,-0.8168679999999999
30281,Bundesliga,2025,2025-10-18 13:30:00,FC Heidenheim,Werder Bremen,H,3.07635,1.85638,2,2,1.2199700000000002
30293,Bundesliga,2025,2025-10-25 13:30:00,FC Heidenheim,Hoffenheim,A,0.902315,2.4278,1,3,-1.525485
30299,Bundesliga,2025,2025-11-01 14:30:00,FC Heidenheim,Eintracht Frankfurt,H,0.831882,1.22406,1,1,-0.3921779999999999
30305,Bundesliga,2025,2025-11-08 14:30:00,FC Heidenheim,Bayer Leverkusen,A,0.063377,3.90142,0,6,-3.838043
30318,Bundesliga,2025,2025-11-22 14:30:00,FC Heidenheim,Borussia M.Gladbach,H,0.363207,2.79666,0,3,-2.433453
30330,Bundesliga,2025,2025-11-29 14:30:00,FC Heidenheim,Union Berlin,A,0.522102,0.942923,2,1,-0.420821
30338,Bundesliga,2025,2025-12-06 14:30:00,FC Heidenheim,Freiburg,H,2.66592,0.800321,2,1,1.865599
30347,Bundesliga,2025,2025-12-13 14:30:00,FC Heidenheim,St. Pauli,A,1.8944,1.00037,1,2,0.8940300000000001
30354,Bundesliga,2025,2025-12-21 16:30:00,FC Heidenheim,Bayern Munich,H,1.48758,3.36795,0,4,-1.88037
30364,Bundesliga,2025,2026-01-10 14:30:00,FC Heidenheim,FC Cologne,H,2.14635,2.75624,2,2,-0.60989
30373,Bundesliga,2025,2026-01-13 19:30:00,FC Heidenheim,Mainz 05,A,1.23557,1.95686,1,2,-0.72129
30385,Bundesliga,2025,2026-01-17 14:30:00,FC Heidenheim,Wolfsburg,A,0.991172,1.07653,1,1,-0.08535799999999993
30391,Bundesliga,2025,2026-01-24 14:30:00,FC Heidenheim,RasenBallsport Leipzig,H,0.987658,2.07675,0,3,-1.089092
30396,Bundesliga,2025,2026-02-01 16:30:00,FC Heidenheim,Borussia Dortmund,A,3.04324,4.13897,2,3,-1.0957299999999996
30408,Bundesliga,2025,2026-02-07 14:30:00,FC Heidenheim,Hamburger SV,H,1.04614,1.55106,0,2,-0.50492
30413,Bundesliga,2025,2026-02-15 14:30:00,FC Heidenheim,Augsburg,A,0.697774,1.87679,0,1,-1.1790159999999998
30425,Bundesliga,2025,2026-02-22 18:30:00,FC Heidenheim,VfB Stuttgart,H,2.21575,2.27505,3,3,-0.05929999999999991
30439,Bundesliga,2025,2026-02-28 14:30:00,FC Heidenheim,Werder Bremen,A,1.70919,3.47889,0,2,-1.7696999999999998
30443,Bundesliga,2025,2026-03-07 14:30:00,FC Heidenheim,Hoffenheim,H,0.966678,2.79383,2,4,-1.8271519999999999
30452,Bundesliga,2025,2026-03-14 14:30:00,FC Heidenheim,Eintracht Frankfurt,A,0.136174,0.725159,0,1,-0.588985
30462,Bundesliga,2025,2026-03-21 14:30:00,FC Heidenheim,Bayer Leverkusen,H,1.73738,1.96287,3,3,-0.22548999999999997
30468,Bundesliga,2025,2026-04-04 13:30:00,FC Heidenheim,Borussia M.Gladbach,A,0.883368,1.09174,2,2,-0.2083719999999999
30479,Bundesliga,2025,2026-04-11 13:30:00,FC Heidenheim,Union Berlin,H,2.11247,1.11885,3,1,0.9936200000000002
30489,Bundesliga,2025,2026-04-19 13:30:00,FC Heidenheim,Freiburg,A,1.74426,2.13766,1,2,-0.39339999999999997
30498,Bundesliga,2025,2026-04-25 13:30:00,FC Heidenheim,St. Pauli,H,2.17234,1.17753,2,0,0.9948100000000002
30504,Bundesliga,2025,2026-05-02 13:30:00,FC Heidenheim,Bayern Munich,A,2.48197,1.87973,3,3,0.6022400000000001
30514,Bundesliga,2025,2026-05-10 15:30:00,FC Heidenheim,FC Cologne,A,2.04489,1.51486,3,1,0.53003
30526,Bundesliga,2025,2026-05-16 13:30:00,FC Heidenheim,Mainz 05,H,3.03813,3.90834,0,2,-0.8702099999999997
27745,Bundesliga,2024,2024-08-24 13:30:00,Freiburg,VfB Stuttgart,H,3.0149,0.374185,3,1,2.640715
27759,Bundesliga,2024,2024-09-01 15:30:00,Freiburg,Bayern Munich,A,0.970892,1.62797,0,2,-0.6570779999999999
27762,Bundesliga,2024,2024-09-14 13:30:00,Freiburg,Bochum,H,3.95617,1.10732,2,1,2.84885
27772,Bundesliga,2024,2024-09-21 13:30:00,Freiburg,FC Heidenheim,A,1.23884,0.379656,3,0,0.859184
27779,Bundesliga,2024,2024-09-28 13:30:00,Freiburg,St. Pauli,H,1.10172,1.40925,0,3,-0.30752999999999986
27789,Bundesliga,2024,2024-10-05 13:30:00,Freiburg,Werder Bremen,A,1.58065,0.879674,1,0,0.7009760000000002
27800,Bundesliga,2024,2024-10-19 13:30:00,Freiburg,Augsburg,H,1.07588,0.868723,3,1,0.20715699999999992
27806,Bundesliga,2024,2024-10-26 13:30:00,Freiburg,RasenBallsport Leipzig,A,1.75887,2.69047,1,3,-0.9316
27819,Bundesliga,2024,2024-11-03 14:30:00,Freiburg,Mainz 05,H,0.463898,0.903716,0,0,-0.439818
27829,Bundesliga,2024,2024-11-08 19:30:00,Freiburg,Union Berlin,A,2.66619,0.801684,0,0,1.864506
27835,Bundesliga,2024,2024-11-23 14:30:00,Freiburg,Borussia Dortmund,A,1.1957,1.49974,0,4,-0.3040400000000001
27845,Bundesliga,2024,2024-11-30 14:30:00,Freiburg,Borussia M.Gladbach,H,2.15426,1.27811,3,1,0.8761499999999998
27852,Bundesliga,2024,2024-12-08 16:30:00,Freiburg,Hoffenheim,A,1.53138,1.49449,1,1,0.03688999999999987
27862,Bundesliga,2024,2024-12-13 19:30:00,Freiburg,Wolfsburg,H,2.96777,1.85123,3,2,1.1165399999999999
27868,Bundesliga,2024,2024-12-21 17:30:00,Freiburg,Bayer Leverkusen,A,1.34161,3.25968,1,5,-1.91807
27881,Bundesliga,2024,2025-01-11 14:30:00,Freiburg,Holstein Kiel,H,0.750017,1.66855,3,2,-0.9185329999999999
27889,Bundesliga,2024,2025-01-14 19:30:00,Freiburg,Eintracht Frankfurt,A,0.587762,2.82238,1,4,-2.2346179999999998
27896,Bundesliga,2024,2025-01-18 14:30:00,Freiburg,VfB Stuttgart,A,0.187694,2.26605,0,4,-2.078356
27912,Bundesliga,2024,2025-01-25 14:30:00,Freiburg,Bayern Munich,H,0.271308,0.787581,1,2,-0.516273
27914,Bundesliga,2024,2025-02-01 14:30:00,Freiburg,Bochum,A,3.33243,0.843049,1,0,2.489381
27926,Bundesliga,2024,2025-02-08 14:30:00,Freiburg,FC Heidenheim,H,1.33195,0.434356,1,0,0.897594
27939,Bundesliga,2024,2025-02-15 14:30:00,Freiburg,St. Pauli,A,1.25072,0.19059,1,0,1.06013
27944,Bundesliga,2024,2025-02-21 19:30:00,Freiburg,Werder Bremen,H,2.66243,1.25462,5,0,1.40781
27954,Bundesliga,2024,2025-03-02 16:30:00,Freiburg,Augsburg,A,0.799243,2.222,0,0,-1.4227569999999998
27963,Bundesliga,2024,2025-03-08 17:30:00,Freiburg,RasenBallsport Leipzig,H,0.510953,2.02806,0,0,-1.517107
27972,Bundesliga,2024,2025-03-15 14:30:00,Freiburg,Mainz 05,A,2.93264,1.33307,2,2,1.5995700000000002
27982,Bundesliga,2024,2025-03-30 14:30:00,Freiburg,Union Berlin,H,1.01023,1.38632,1,2,-0.37609000000000004
27988,Bundesliga,2024,2025-04-05 13:30:00,Freiburg,Borussia Dortmund,H,2.02793,3.55487,1,4,-1.5269400000000002
28000,Bundesliga,2024,2025-04-12 13:30:00,Freiburg,Borussia M.Gladbach,A,2.31704,0.524784,2,1,1.792256
28007,Bundesliga,2024,2025-04-19 13:30:00,Freiburg,Hoffenheim,H,1.54968,1.94701,3,2,-0.39732999999999996
28018,Bundesliga,2024,2025-04-26 13:30:00,Freiburg,Wolfsburg,A,1.95821,0.288019,1,0,1.670191
28024,Bundesliga,2024,2025-05-04 15:30:00,Freiburg,Bayer Leverkusen,H,0.904468,0.227838,2,2,0.6766300000000001
28038,Bundesliga,2024,2025-05-10 13:30:00,Freiburg,Holstein Kiel,A,2.01558,0.974297,2,1,1.041283
28043,Bundesliga,2024,2025-05-17 13:30:00,Freiburg,Eintracht Frankfurt,H,1.14001,2.61814,1,3,-1.47813
30229,Bundesliga,2025,2025-08-23 13:30:00,Freiburg,Augsburg,H,2.27247,1.30191,1,3,0.9705600000000003
30241,Bundesliga,2025,2025-08-31 17:30:00,Freiburg,FC Cologne,A,0.933072,1.84068,1,4,-0.9076080000000001
30243,Bundesliga,2025,2025-09-13 13:30:00,Freiburg,VfB Stuttgart,H,1.6832,0.548804,3,1,1.1343960000000002
30252,Bundesliga,2025,2025-09-20 13:30:00,Freiburg,Werder Bremen,A,2.36315,1.27257,3,0,1.09058
30266,Bundesliga,2025,2025-09-28 13:30:00,Freiburg,Hoffenheim,H,1.2587,2.24224,1,1,-0.9835399999999999
30270,Bundesliga,2025,2025-10-05 17:30:00,Freiburg,Borussia M.Gladbach,A,0.689073,0.471184,0,0,0.21788900000000005
30280,Bundesliga,2025,2025-10-19 13:30:00,Freiburg,Eintracht Frankfurt,H,1.12896,0.772638,2,2,0.3563219999999999
30288,Bundesliga,2025,2025-10-26 13:30:00,Freiburg,Bayer Leverkusen,A,0.542897,2.46787,0,2,-1.924973
30303,Bundesliga,2025,2025-11-01 14:30:00,Freiburg,Union Berlin,A,1.16519,1.34842,0,0,-0.18323
30308,Bundesliga,2025,2025-11-09 14:30:00,Freiburg,St. Pauli,H,1.66558,0.640748,2,1,1.024832
30315,Bundesliga,2025,2025-11-22 14:30:00,Freiburg,Bayern Munich,A,0.516966,3.13858,2,6,-2.621614
30327,Bundesliga,2025,2025-11-30 18:30:00,Freiburg,Mainz 05,H,4.15677,0.0500621,4,0,4.1067079
30338,Bundesliga,2025,2025-12-06 14:30:00,Freiburg,FC Heidenheim,A,0.800321,2.66592,1,2,-1.865599
30345,Bundesliga,2025,2025-12-14 14:30:00,Freiburg,Borussia Dortmund,H,1.10621,1.47427,1,1,-0.36806000000000005
30358,Bundesliga,2025,2025-12-20 14:30:00,Freiburg,Wolfsburg,A,2.65964,1.30583,4,3,1.35381
30363,Bundesliga,2025,2026-01-10 14:30:00,Freiburg,Hamburger SV,H,2.93517,0.850812,2,1,2.084358
30374,Bundesliga,2025,2026-01-14 19:30:00,Freiburg,RasenBallsport Leipzig,A,0.147682,2.80289,0,2,-2.655208
30377,Bundesliga,2025,2026-01-18 16:30:00,Freiburg,Augsburg,A,1.59107,0.986653,2,2,0.604417
30390,Bundesliga,2025,2026-01-25 16:30:00,Freiburg,FC Cologne,H,2.56728,1.69119,2,1,0.8760899999999998
30402,Bundesliga,2025,2026-02-01 14:30:00,Freiburg,VfB Stuttgart,A,0.936187,2.95203,0,1,-2.0158430000000003
30407,Bundesliga,2025,2026-02-07 14:30:00,Freiburg,Werder Bremen,H,0.36452,1.12332,1,0,-0.7588000000000001
30418,Bundesliga,2025,2026-02-14 14:30:00,Freiburg,Hoffenheim,A,0.744054,1.90052,0,3,-1.156466
30424,Bundesliga,2025,2026-02-22 14:30:00,Freiburg,Borussia M.Gladbach,H,1.29234,1.02855,2,1,0.26378999999999997
30435,Bundesliga,2025,2026-03-01 16:30:00,Freiburg,Eintracht Frankfurt,A,0.64193,1.67095,0,2,-1.02902
30442,Bundesliga,2025,2026-03-07 14:30:00,Freiburg,Bayer Leverkusen,H,2.58409,2.1863,3,3,0.3977900000000001
30453,Bundesliga,2025,2026-03-15 16:30:00,Freiburg,Union Berlin,H,1.34508,1.0006,0,1,0.3444800000000001
30465,Bundesliga,2025,2026-03-22 16:30:00,Freiburg,St. Pauli,A,2.74421,1.39653,2,1,1.3476799999999998
30470,Bundesliga,2025,2026-04-04 13:30:00,Freiburg,Bayern Munich,H,2.04585,2.49116,2,3,-0.44530999999999965
30480,Bundesliga,2025,2026-04-12 17:30:00,Freiburg,Mainz 05,A,0.538882,0.458085,1,0,0.08079699999999995
30489,Bundesliga,2025,2026-04-19 13:30:00,Freiburg,FC Heidenheim,H,2.13766,1.74426,2,1,0.39339999999999997
30495,Bundesliga,2025,2026-04-26 15:30:00,Freiburg,Borussia Dortmund,A,0.496971,3.09306,0,4,-2.596089
30507,Bundesliga,2025,2026-05-03 17:30:00,Freiburg,Wolfsburg,H,0.947988,1.11086,1,1,-0.1628719999999999
30515,Bundesliga,2025,2026-05-10 13:30:00,Freiburg,Hamburger SV,A,0.583605,2.02228,2,3,-1.438675
30525,Bundesliga,2025,2026-05-16 13:30:00,Freiburg,RasenBallsport Leipzig,H,2.54392,1.51341,4,1,1.03051
30232,Bundesliga,2025,2025-08-24 15:30:00,Hamburger SV,Borussia M.Gladbach,A,0.285593,1.01717,0,0,-0.7315769999999999
30233,Bundesliga,2025,2025-08-29 18:30:00,Hamburger SV,St. Pauli,H,0.74111,1.85404,0,2,-1.11293
30248,Bundesliga,2025,2025-09-13 16:30:00,Hamburger SV,Bayern Munich,A,0.559174,3.03718,0,5,-2.478006
30254,Bundesliga,2025,2025-09-20 13:30:00,Hamburger SV,FC Heidenheim,H,3.32157,2.63607,2,1,0.6854999999999998
30268,Bundesliga,2025,2025-09-28 17:30:00,Hamburger SV,Union Berlin,A,1.11274,1.54274,0,0,-0.42999999999999994
30273,Bundesliga,2025,2025-10-05 15:30:00,Hamburger SV,Mainz 05,H,1.65883,0.591161,4,0,1.067669
30283,Bundesliga,2025,2025-10-18 13:30:00,Hamburger SV,RasenBallsport Leipzig,A,1.29355,1.15611,1,2,0.13744
30292,Bundesliga,2025,2025-10-25 13:30:00,Hamburger SV,Wolfsburg,H,2.40547,0.695528,0,1,1.7099420000000003
30298,Bundesliga,2025,2025-11-02 14:30:00,Hamburger SV,FC Cologne,A,1.19296,3.87376,1,4,-2.6807999999999996
30309,Bundesliga,2025,2025-11-08 14:30:00,Hamburger SV,Borussia Dortmund,H,0.419878,1.42582,1,1,-1.0059420000000001
30314,Bundesliga,2025,2025-11-22 14:30:00,Hamburger SV,Augsburg,A,1.555,1.61897,0,1,-0.06397000000000008
30328,Bundesliga,2025,2025-11-30 14:30:00,Hamburger SV,VfB Stuttgart,H,1.21357,1.10868,2,1,0.10488999999999993
30337,Bundesliga,2025,2025-12-07 14:30:00,Hamburger SV,Werder Bremen,H,1.57713,1.17349,3,2,0.40364
30346,Bundesliga,2025,2025-12-13 14:30:00,Hamburger SV,Hoffenheim,A,1.40522,2.48806,1,4,-1.08284
30353,Bundesliga,2025,2025-12-20 14:30:00,Hamburger SV,Eintracht Frankfurt,H,1.09769,1.09137,1,1,0.006320000000000103
30363,Bundesliga,2025,2026-01-10 14:30:00,Hamburger SV,Freiburg,A,0.850812,2.93517,1,2,-2.084358
30380,Bundesliga,2025,2026-01-17 14:30:00,Hamburger SV,Borussia M.Gladbach,H,1.26205,0.576522,0,0,0.6855279999999999
30393,Bundesliga,2025,2026-01-23 19:30:00,Hamburger SV,St. Pauli,A,0.333197,0.311991,0,0,0.021206000000000003
30399,Bundesliga,2025,2026-01-31 17:30:00,Hamburger SV,Bayern Munich,H,2.64497,2.28911,2,2,0.35585999999999984
30408,Bundesliga,2025,2026-02-07 14:30:00,Hamburger SV,FC Heidenheim,A,1.55106,1.04614,2,0,0.50492
30417,Bundesliga,2025,2026-02-14 14:30:00,Hamburger SV,Union Berlin,H,2.20339,2.18966,3,2,0.013730000000000242
30426,Bundesliga,2025,2026-02-20 19:30:00,Hamburger SV,Mainz 05,A,0.823398,1.75215,1,1,-0.9287520000000001
30436,Bundesliga,2025,2026-03-01 18:30:00,Hamburger SV,RasenBallsport Leipzig,H,0.820585,2.28997,1,2,-1.469385
30371,Bundesliga,2025,2026-03-04 19:30:00,Hamburger SV,Bayer Leverkusen,H,1.28692,2.67874,0,1,-1.3918199999999998
30448,Bundesliga,2025,2026-03-07 14:30:00,Hamburger SV,Wolfsburg,A,1.80445,2.46612,2,1,-0.66167
30454,Bundesliga,2025,2026-03-14 17:30:00,Hamburger SV,FC Cologne,H,0.556493,0.984168,1,1,-0.427675
30460,Bundesliga,2025,2026-03-21 17:30:00,Hamburger SV,Borussia Dortmund,A,1.23049,6.10187,2,3,-4.87138
30471,Bundesliga,2025,2026-04-04 13:30:00,Hamburger SV,Augsburg,H,1.53108,2.57589,1,1,-1.0448099999999998
30483,Bundesliga,2025,2026-04-12 15:30:00,Hamburger SV,VfB Stuttgart,A,0.417554,3.8645,0,4,-3.446946
30493,Bundesliga,2025,2026-04-18 13:30:00,Hamburger SV,Werder Bremen,A,0.914249,1.60257,1,3,-0.6883210000000001
30497,Bundesliga,2025,2026-04-25 16:30:00,Hamburger SV,Hoffenheim,H,1.48261,2.42862,1,2,-0.94601
30506,Bundesliga,2025,2026-05-02 13:30:00,Hamburger SV,Eintracht Frankfurt,A,0.627209,0.992322,2,1,-0.365113
30515,Bundesliga,2025,2026-05-10 13:30:00,Hamburger SV,Freiburg,H,2.02228,0.583605,3,2,1.438675
30521,Bundesliga,2025,2026-05-16 13:30:00,Hamburger SV,Bayer Leverkusen,A,1.63049,3.08571,1,1,-1.4552200000000002
27744,Bundesliga,2024,2024-08-24 13:30:00,Hoffenheim,Holstein Kiel,H,3.73706,1.97238,3,2,1.76468
27756,Bundesliga,2024,2024-08-31 13:30:00,Hoffenheim,Eintracht Frankfurt,A,0.832386,2.68507,1,3,-1.852684
27761,Bundesliga,2024,2024-09-14 13:30:00,Hoffenheim,Bayer Leverkusen,H,1.06356,3.41829,1,4,-2.35473
27770,Bundesliga,2024,2024-09-21 13:30:00,Hoffenheim,Union Berlin,A,0.378776,1.21587,1,2,-0.837094
27786,Bundesliga,2024,2024-09-29 15:30:00,Hoffenheim,Werder Bremen,H,1.78654,4.06917,3,4,-2.2826299999999997
27795,Bundesliga,2024,2024-10-06 17:30:00,Hoffenheim,VfB Stuttgart,A,0.893468,1.72567,1,1,-0.832202
27799,Bundesliga,2024,2024-10-19 13:30:00,Hoffenheim,Bochum,H,2.46268,2.3454,3,1,0.11728000000000005
27807,Bundesliga,2024,2024-10-27 18:30:00,Hoffenheim,FC Heidenheim,A,0.692793,1.57817,0,0,-0.8853770000000001
27818,Bundesliga,2024,2024-11-02 14:30:00,Hoffenheim,St. Pauli,H,0.746379,1.1155,0,2,-0.3691209999999999
27827,Bundesliga,2024,2024-11-10 14:30:00,Hoffenheim,Augsburg,A,0.415649,0.970329,0,0,-0.5546800000000001
27837,Bundesliga,2024,2024-11-23 14:30:00,Hoffenheim,RasenBallsport Leipzig,H,2.60143,1.72976,4,3,0.8716700000000002
27847,Bundesliga,2024,2024-12-01 16:30:00,Hoffenheim,Mainz 05,A,0.814599,2.62793,0,2,-1.8133310000000002
27852,Bundesliga,2024,2024-12-08 16:30:00,Hoffenheim,Freiburg,H,1.49449,1.53138,1,1,-0.03688999999999987
27860,Bundesliga,2024,2024-12-15 16:30:00,Hoffenheim,Borussia Dortmund,A,1.31436,0.433347,1,1,0.881013
27872,Bundesliga,2024,2024-12-21 14:30:00,Hoffenheim,Borussia M.Gladbach,H,3.7229,0.490494,1,2,3.232406
27879,Bundesliga,2024,2025-01-11 14:30:00,Hoffenheim,Wolfsburg,H,1.18042,1.49127,0,1,-0.31085000000000007
27888,Bundesliga,2024,2025-01-15 19:30:00,Hoffenheim,Bayern Munich,A,0.222965,3.80458,0,5,-3.581615
27903,Bundesliga,2024,2025-01-18 14:30:00,Hoffenheim,Holstein Kiel,A,0.905544,0.908525,3,1,-0.0029810000000000114
27906,Bundesliga,2024,2025-01-26 14:30:00,Hoffenheim,Eintracht Frankfurt,H,2.32141,2.30325,2,2,0.018160000000000398
27916,Bundesliga,2024,2025-02-02 16:30:00,Hoffenheim,Bayer Leverkusen,A,1.94944,1.35418,1,3,0.5952600000000001
27925,Bundesliga,2024,2025-02-08 14:30:00,Hoffenheim,Union Berlin,H,0.881646,3.86589,0,4,-2.984244
27935,Bundesliga,2024,2025-02-16 14:30:00,Hoffenheim,Werder Bremen,A,1.91874,0.85665,3,1,1.06209
27943,Bundesliga,2024,2025-02-23 18:30:00,Hoffenheim,VfB Stuttgart,H,0.705815,3.67099,1,1,-2.9651750000000003
27957,Bundesliga,2024,2025-03-01 14:30:00,Hoffenheim,Bochum,A,0.525952,1.4452,1,0,-0.9192480000000001
27962,Bundesliga,2024,2025-03-09 16:30:00,Hoffenheim,FC Heidenheim,H,1.78028,2.31324,1,1,-0.5329599999999999
27975,Bundesliga,2024,2025-03-14 19:30:00,Hoffenheim,St. Pauli,A,0.196271,1.43518,0,1,-1.2389089999999998
27983,Bundesliga,2024,2025-03-29 14:30:00,Hoffenheim,Augsburg,H,1.94509,0.688621,1,1,1.256469
27985,Bundesliga,2024,2025-04-05 13:30:00,Hoffenheim,RasenBallsport Leipzig,A,1.18624,1.40121,1,3,-0.2149700000000001
27998,Bundesliga,2024,2025-04-12 13:30:00,Hoffenheim,Mainz 05,H,1.42393,0.969601,2,0,0.45432899999999987
28007,Bundesliga,2024,2025-04-19 13:30:00,Hoffenheim,Freiburg,A,1.94701,1.54968,2,3,0.39732999999999996
28016,Bundesliga,2024,2025-04-26 13:30:00,Hoffenheim,Borussia Dortmund,H,1.19025,2.41526,2,3,-1.22501
28027,Bundesliga,2024,2025-05-03 13:30:00,Hoffenheim,Borussia M.Gladbach,A,1.91093,1.91833,4,4,-0.007400000000000073
28035,Bundesliga,2024,2025-05-09 18:30:00,Hoffenheim,Wolfsburg,A,1.10881,1.36763,2,2,-0.25881999999999983
28041,Bundesliga,2024,2025-05-17 13:30:00,Hoffenheim,Bayern Munich,H,0.661398,2.21427,0,4,-1.5528719999999998
30226,Bundesliga,2025,2025-08-23 13:30:00,Hoffenheim,Bayer Leverkusen,A,0.505193,1.05253,2,1,-0.547337
30234,Bundesliga,2025,2025-08-30 13:30:00,Hoffenheim,Eintracht Frankfurt,H,1.28178,1.82087,1,3,-0.5390900000000001
30247,Bundesliga,2025,2025-09-13 13:30:00,Hoffenheim,Union Berlin,A,3.34084,3.0814,4,2,0.2594400000000001
30255,Bundesliga,2025,2025-09-20 13:30:00,Hoffenheim,Bayern Munich,H,1.03716,2.7142,1,4,-1.6770399999999999
30266,Bundesliga,2025,2025-09-28 13:30:00,Hoffenheim,Freiburg,A,2.24224,1.2587,1,1,0.9835399999999999
30274,Bundesliga,2025,2025-10-03 18:30:00,Hoffenheim,FC Cologne,H,1.42371,1.30873,0,1,0.11498000000000008
30284,Bundesliga,2025,2025-10-19 15:30:00,Hoffenheim,St. Pauli,A,1.79103,0.871968,3,0,0.9190619999999999
30293,Bundesliga,2025,2025-10-25 13:30:00,Hoffenheim,FC Heidenheim,H,2.4278,0.902315,3,1,1.525485
30304,Bundesliga,2025,2025-11-02 16:30:00,Hoffenheim,Wolfsburg,A,1.74291,1.40117,3,2,0.34173999999999993
30310,Bundesliga,2025,2025-11-08 14:30:00,Hoffenheim,RasenBallsport Leipzig,H,1.92349,1.56187,3,1,0.36161999999999983
30319,Bundesliga,2025,2025-11-21 19:30:00,Hoffenheim,Mainz 05,A,1.54404,2.88712,1,1,-1.3430799999999998
30329,Bundesliga,2025,2025-11-29 14:30:00,Hoffenheim,Augsburg,H,1.79612,0.655496,3,0,1.1406239999999999
30335,Bundesliga,2025,2025-12-07 16:30:00,Hoffenheim,Borussia Dortmund,A,1.42364,1.10147,0,2,0.32217000000000007
30346,Bundesliga,2025,2025-12-13 14:30:00,Hoffenheim,Hamburger SV,H,2.48806,1.40522,4,1,1.08284
30357,Bundesliga,2025,2025-12-20 14:30:00,Hoffenheim,VfB Stuttgart,A,0.154175,1.46116,0,0,-1.306985
30372,Bundesliga,2025,2026-01-14 19:30:00,Hoffenheim,Borussia M.Gladbach,H,4.3777,0.83294,5,1,3.54476
30381,Bundesliga,2025,2026-01-17 14:30:00,Hoffenheim,Bayer Leverkusen,H,2.11995,1.27048,1,0,0.8494699999999997
30389,Bundesliga,2025,2026-01-24 14:30:00,Hoffenheim,Eintracht Frankfurt,A,1.62813,0.829658,3,1,0.7984720000000001
30367,Bundesliga,2025,2026-01-27 19:30:00,Hoffenheim,Werder Bremen,A,0.567567,1.42692,2,0,-0.8593529999999999
30400,Bundesliga,2025,2026-01-31 14:30:00,Hoffenheim,Union Berlin,H,1.50682,1.23275,3,1,0.27407000000000004
30404,Bundesliga,2025,2026-02-08 16:30:00,Hoffenheim,Bayern Munich,A,2.66829,6.37827,1,5,-3.70998
30418,Bundesliga,2025,2026-02-14 14:30:00,Hoffenheim,Freiburg,H,1.90052,0.744054,3,0,1.156466
30423,Bundesliga,2025,2026-02-21 14:30:00,Hoffenheim,FC Cologne,A,1.8243,1.12252,2,2,0.7017800000000001
30437,Bundesliga,2025,2026-02-28 14:30:00,Hoffenheim,St. Pauli,H,2.57411,0.946504,0,1,1.627606
30443,Bundesliga,2025,2026-03-07 14:30:00,Hoffenheim,FC Heidenheim,A,2.79383,0.966678,4,2,1.8271519999999999
30455,Bundesliga,2025,2026-03-14 14:30:00,Hoffenheim,Wolfsburg,H,2.23813,0.221431,1,1,2.016699
30464,Bundesliga,2025,2026-03-20 19:30:00,Hoffenheim,RasenBallsport Leipzig,A,0.521404,2.90699,0,5,-2.385586
30472,Bundesliga,2025,2026-04-04 13:30:00,Hoffenheim,Mainz 05,H,1.51732,2.22893,1,2,-0.7116100000000001
30476,Bundesliga,2025,2026-04-10 18:30:00,Hoffenheim,Augsburg,A,1.43152,2.67199,2,2,-1.2404700000000002
30490,Bundesliga,2025,2026-04-18 13:30:00,Hoffenheim,Borussia Dortmund,H,2.22458,1.28292,2,1,0.9416599999999999
30497,Bundesliga,2025,2026-04-25 16:30:00,Hoffenheim,Hamburger SV,A,2.42862,1.48261,2,1,0.94601
30508,Bundesliga,2025,2026-05-02 13:30:00,Hoffenheim,VfB Stuttgart,H,2.6399,1.76153,3,3,0.8783699999999999
30516,Bundesliga,2025,2026-05-09 13:30:00,Hoffenheim,Werder Bremen,H,1.28965,1.45272,1,0,-0.16307000000000005
30523,Bundesliga,2025,2026-05-16 13:30:00,Hoffenheim,Borussia M.Gladbach,A,1.77286,0.845598,0,4,0.9272620000000001
27744,Bundesliga,2024,2024-08-24 13:30:00,Holstein Kiel,Hoffenheim,A,1.97238,3.73706,2,3,-1.76468
27754,Bundesliga,2024,2024-08-31 13:30:00,Holstein Kiel,Wolfsburg,H,0.89489,1.4619,0,2,-0.56701
27766,Bundesliga,2024,2024-09-14 16:30:00,Holstein Kiel,Bayern Munich,H,0.299776,4.13442,1,6,-3.8346440000000004
27771,Bundesliga,2024,2024-09-21 13:30:00,Holstein Kiel,Bochum,A,2.26878,1.32383,2,2,0.94495
27785,Bundesliga,2024,2024-09-29 13:30:00,Holstein Kiel,Eintracht Frankfurt,H,1.02971,2.43436,2,4,-1.40465
27794,Bundesliga,2024,2024-10-05 13:30:00,Holstein Kiel,Bayer Leverkusen,A,1.98438,2.5839,2,2,-0.5995199999999998
27804,Bundesliga,2024,2024-10-20 13:30:00,Holstein Kiel,Union Berlin,H,0.901058,1.2809,0,2,-0.3798419999999999
27805,Bundesliga,2024,2024-10-26 13:30:00,Holstein Kiel,VfB Stuttgart,A,0.680092,1.90999,1,2,-1.229898
27822,Bundesliga,2024,2024-11-02 14:30:00,Holstein Kiel,FC Heidenheim,H,2.13316,1.27585,1,0,0.8573100000000002
27826,Bundesliga,2024,2024-11-09 14:30:00,Holstein Kiel,Werder Bremen,A,0.884231,2.26129,1,2,-1.3770589999999998
27840,Bundesliga,2024,2024-11-24 14:30:00,Holstein Kiel,Mainz 05,H,0.346026,2.13631,0,3,-1.790284
27849,Bundesliga,2024,2024-11-30 14:30:00,Holstein Kiel,St. Pauli,A,1.1506,1.96179,1,3,-0.8111899999999999
27856,Bundesliga,2024,2024-12-07 14:30:00,Holstein Kiel,RasenBallsport Leipzig,H,1.14963,1.72704,0,2,-0.57741
27865,Bundesliga,2024,2024-12-14 14:30:00,Holstein Kiel,Borussia M.Gladbach,A,0.323948,2.33425,1,4,-2.010302
27876,Bundesliga,2024,2024-12-21 14:30:00,Holstein Kiel,Augsburg,H,2.48595,1.13064,5,1,1.3553099999999998
27881,Bundesliga,2024,2025-01-11 14:30:00,Holstein Kiel,Freiburg,A,1.66855,0.750017,2,3,0.9185329999999999
27894,Bundesliga,2024,2025-01-14 17:30:00,Holstein Kiel,Borussia Dortmund,H,1.95929,1.16391,4,2,0.79538
27903,Bundesliga,2024,2025-01-18 14:30:00,Holstein Kiel,Hoffenheim,H,0.908525,0.905544,1,3,0.0029810000000000114
27910,Bundesliga,2024,2025-01-24 19:30:00,Holstein Kiel,Wolfsburg,A,0.265769,2.52045,2,2,-2.2546809999999997
27918,Bundesliga,2024,2025-02-01 14:30:00,Holstein Kiel,Bayern Munich,A,2.05752,4.93236,3,4,-2.8748400000000003
27930,Bundesliga,2024,2025-02-09 13:30:00,Holstein Kiel,Bochum,H,2.0,2.0,2,2,0.0
27933,Bundesliga,2024,2025-02-16 16:30:00,Holstein Kiel,Eintracht Frankfurt,A,1.26559,3.02527,1,3,-1.75968
27948,Bundesliga,2024,2025-02-22 14:30:00,Holstein Kiel,Bayer Leverkusen,H,0.494995,2.55557,0,2,-2.060575
27955,Bundesliga,2024,2025-03-02 14:30:00,Holstein Kiel,Union Berlin,A,0.692509,0.886081,1,0,-0.19357199999999997
27966,Bundesliga,2024,2025-03-08 14:30:00,Holstein Kiel,VfB Stuttgart,H,1.97246,1.0726,2,2,0.8998600000000001
27969,Bundesliga,2024,2025-03-16 16:30:00,Holstein Kiel,FC Heidenheim,A,1.14988,1.6572,1,3,-0.50732
27984,Bundesliga,2024,2025-03-29 14:30:00,Holstein Kiel,Werder Bremen,H,0.56476,1.48157,0,3,-0.91681
27990,Bundesliga,2024,2025-04-05 13:30:00,Holstein Kiel,Mainz 05,A,1.66267,1.65205,1,1,0.010620000000000074
28002,Bundesliga,2024,2025-04-12 13:30:00,Holstein Kiel,St. Pauli,H,0.692664,1.06614,1,2,-0.37347600000000014
28003,Bundesliga,2024,2025-04-19 13:30:00,Holstein Kiel,RasenBallsport Leipzig,A,1.017,2.16761,1,1,-1.15061
28020,Bundesliga,2024,2025-04-26 13:30:00,Holstein Kiel,Borussia M.Gladbach,H,3.0385,2.55098,4,3,0.48751999999999995
28025,Bundesliga,2024,2025-05-04 13:30:00,Holstein Kiel,Augsburg,A,2.10407,3.93001,3,1,-1.8259399999999997
28038,Bundesliga,2024,2025-05-10 13:30:00,Holstein Kiel,Freiburg,H,0.974297,2.01558,1,2,-1.041283
28040,Bundesliga,2024,2025-05-17 13:30:00,Holstein Kiel,Borussia Dortmund,A,0.574499,2.56073,0,3,-1.986231
27747,Bundesliga,2024,2024-08-24 13:30:00,Mainz 05,Union Berlin,H,1.77023,0.731569,1,1,1.0386609999999998
27755,Bundesliga,2024,2024-08-31 13:30:00,Mainz 05,VfB Stuttgart,A,1.95179,4.2134,3,3,-2.26161
27768,Bundesliga,2024,2024-09-15 15:30:00,Mainz 05,Werder Bremen,H,1.67115,1.8089,1,2,-0.13775000000000004
27769,Bundesliga,2024,2024-09-20 18:30:00,Mainz 05,Augsburg,A,1.25788,2.79562,3,2,-1.5377399999999999
27781,Bundesliga,2024,2024-09-28 13:30:00,Mainz 05,FC Heidenheim,H,0.371434,1.09304,0,2,-0.721606
27793,Bundesliga,2024,2024-10-05 16:30:00,Mainz 05,St. Pauli,A,1.29606,0.805413,3,0,0.49064699999999994
27802,Bundesliga,2024,2024-10-19 13:30:00,Mainz 05,RasenBallsport Leipzig,H,0.611288,2.16084,0,2,-1.5495519999999998
27810,Bundesliga,2024,2024-10-25 18:30:00,Mainz 05,Borussia M.Gladbach,H,1.45557,0.934033,1,1,0.521537
27819,Bundesliga,2024,2024-11-03 14:30:00,Mainz 05,Freiburg,A,0.903716,0.463898,0,0,0.439818
27828,Bundesliga,2024,2024-11-09 14:30:00,Mainz 05,Borussia Dortmund,H,3.18749,0.845107,3,1,2.342383
27840,Bundesliga,2024,2024-11-24 14:30:00,Mainz 05,Holstein Kiel,A,2.13631,0.346026,3,0,1.790284
27847,Bundesliga,2024,2024-12-01 16:30:00,Mainz 05,Hoffenheim,H,2.62793,0.814599,2,0,1.8133310000000002
27853,Bundesliga,2024,2024-12-08 14:30:00,Mainz 05,Wolfsburg,A,3.02237,1.48692,3,4,1.53545
27864,Bundesliga,2024,2024-12-14 14:30:00,Mainz 05,Bayern Munich,H,1.64219,0.992002,2,1,0.650188
27871,Bundesliga,2024,2024-12-21 14:30:00,Mainz 05,Eintracht Frankfurt,A,0.753285,2.58915,3,1,-1.835865
27883,Bundesliga,2024,2025-01-11 14:30:00,Mainz 05,Bochum,H,1.7238,0.697735,2,0,1.026065
27886,Bundesliga,2024,2025-01-14 19:30:00,Mainz 05,Bayer Leverkusen,A,0.603471,1.99412,0,1,-1.3906489999999998
27901,Bundesliga,2024,2025-01-19 14:30:00,Mainz 05,Union Berlin,A,1.40424,2.44953,1,2,-1.0452900000000003
27909,Bundesliga,2024,2025-01-25 14:30:00,Mainz 05,VfB Stuttgart,H,2.22883,0.917385,2,0,1.311445
27921,Bundesliga,2024,2025-01-31 19:30:00,Mainz 05,Werder Bremen,A,1.01597,2.58542,0,1,-1.56945
27928,Bundesliga,2024,2025-02-08 14:30:00,Mainz 05,Augsburg,H,1.99994,0.260742,0,0,1.739198
27934,Bundesliga,2024,2025-02-16 18:30:00,Mainz 05,FC Heidenheim,A,1.94932,0.545205,2,0,1.404115
27946,Bundesliga,2024,2025-02-22 14:30:00,Mainz 05,St. Pauli,H,1.35603,0.90068,2,0,0.45535000000000003
27950,Bundesliga,2024,2025-03-01 14:30:00,Mainz 05,RasenBallsport Leipzig,A,1.64735,1.78404,2,1,-0.13668999999999998
27965,Bundesliga,2024,2025-03-07 19:30:00,Mainz 05,Borussia M.Gladbach,A,1.98889,1.25544,3,1,0.7334500000000002
27972,Bundesliga,2024,2025-03-15 14:30:00,Mainz 05,Freiburg,H,1.33307,2.93264,2,2,-1.5995700000000002
27979,Bundesliga,2024,2025-03-30 16:30:00,Mainz 05,Borussia Dortmund,A,0.654443,2.69722,1,3,-2.042777
27990,Bundesliga,2024,2025-04-05 13:30:00,Mainz 05,Holstein Kiel,H,1.65205,1.66267,1,1,-0.010620000000000074
27998,Bundesliga,2024,2025-04-12 13:30:00,Mainz 05,Hoffenheim,A,0.969601,1.42393,0,2,-0.45432899999999987
28009,Bundesliga,2024,2025-04-19 13:30:00,Mainz 05,Wolfsburg,H,2.68235,1.80796,2,2,0.87439
28014,Bundesliga,2024,2025-04-26 13:30:00,Mainz 05,Bayern Munich,A,0.923874,1.70143,0,3,-0.777556
28026,Bundesliga,2024,2025-05-04 17:30:00,Mainz 05,Eintracht Frankfurt,H,1.64254,1.3876,1,1,0.25493999999999994
28037,Bundesliga,2024,2025-05-10 13:30:00,Mainz 05,Bochum,A,2.48765,0.734972,4,1,1.752678
28045,Bundesliga,2024,2025-05-17 13:30:00,Mainz 05,Bayer Leverkusen,H,2.89903,1.33572,2,2,1.5633100000000002
30231,Bundesliga,2025,2025-08-24 13:30:00,Mainz 05,FC Cologne,H,1.31655,1.64676,0,1,-0.3302099999999999
30239,Bundesliga,2025,2025-08-31 13:30:00,Mainz 05,Wolfsburg,A,1.81482,0.616661,1,1,1.198159
30245,Bundesliga,2025,2025-09-13 13:30:00,Mainz 05,RasenBallsport Leipzig,H,0.770276,1.5009,0,1,-0.7306239999999999
30253,Bundesliga,2025,2025-09-20 13:30:00,Mainz 05,Augsburg,A,2.57047,0.870451,4,1,1.7000189999999997
30262,Bundesliga,2025,2025-09-27 13:30:00,Mainz 05,Borussia Dortmund,H,0.525149,1.75519,0,2,-1.230041
30273,Bundesliga,2025,2025-10-05 15:30:00,Mainz 05,Hamburger SV,A,0.591161,1.65883,0,4,-1.067669
30282,Bundesliga,2025,2025-10-18 13:30:00,Mainz 05,Bayer Leverkusen,H,1.62978,4.43462,3,4,-2.8048399999999996
30294,Bundesliga,2025,2025-10-26 15:30:00,Mainz 05,VfB Stuttgart,A,1.40956,1.66805,1,2,-0.2584900000000001
30300,Bundesliga,2025,2025-11-01 14:30:00,Mainz 05,Werder Bremen,H,1.90161,0.880505,1,1,1.021105
30307,Bundesliga,2025,2025-11-09 18:30:00,Mainz 05,Eintracht Frankfurt,A,0.121469,1.77854,0,1,-1.657071
30319,Bundesliga,2025,2025-11-21 19:30:00,Mainz 05,Hoffenheim,H,2.88712,1.54404,1,1,1.3430799999999998
30327,Bundesliga,2025,2025-11-30 18:30:00,Mainz 05,Freiburg,A,0.0500621,4.15677,0,4,-4.1067079
30339,Bundesliga,2025,2025-12-05 19:30:00,Mainz 05,Borussia M.Gladbach,H,1.09331,1.90297,0,1,-0.80966
30342,Bundesliga,2025,2025-12-14 16:30:00,Mainz 05,Bayern Munich,A,0.803171,4.67956,2,2,-3.8763890000000005
30355,Bundesliga,2025,2025-12-21 14:30:00,Mainz 05,St. Pauli,H,1.87368,0.227249,0,0,1.646431
30366,Bundesliga,2025,2026-01-10 14:30:00,Mainz 05,Union Berlin,A,1.56492,3.6505,2,2,-2.08558
30373,Bundesliga,2025,2026-01-13 19:30:00,Mainz 05,FC Heidenheim,H,1.95686,1.23557,2,1,0.72129
30379,Bundesliga,2025,2026-01-17 14:30:00,Mainz 05,FC Cologne,A,1.91073,2.41277,1,2,-0.50204
30392,Bundesliga,2025,2026-01-24 14:30:00,Mainz 05,Wolfsburg,H,4.34199,1.09338,3,1,3.24861
30401,Bundesliga,2025,2026-01-31 14:30:00,Mainz 05,RasenBallsport Leipzig,A,2.57678,2.09422,2,1,0.4825599999999999
30409,Bundesliga,2025,2026-02-07 14:30:00,Mainz 05,Augsburg,H,3.00656,1.35939,2,0,1.6471699999999998
30415,Bundesliga,2025,2026-02-13 19:30:00,Mainz 05,Borussia Dortmund,A,1.67199,1.81026,0,4,-0.1382699999999999
30426,Bundesliga,2025,2026-02-20 19:30:00,Mainz 05,Hamburger SV,H,1.75215,0.823398,1,1,0.9287520000000001
30432,Bundesliga,2025,2026-02-28 14:30:00,Mainz 05,Bayer Leverkusen,A,0.9714,1.94817,1,1,-0.9767699999999999
30444,Bundesliga,2025,2026-03-07 14:30:00,Mainz 05,VfB Stuttgart,H,3.52523,0.920068,2,2,2.605162
30457,Bundesliga,2025,2026-03-15 14:30:00,Mainz 05,Werder Bremen,A,2.05621,0.890006,2,0,1.166204
30463,Bundesliga,2025,2026-03-22 14:30:00,Mainz 05,Eintracht Frankfurt,H,1.38387,1.71748,2,1,-0.33360999999999996
30472,Bundesliga,2025,2026-04-04 13:30:00,Mainz 05,Hoffenheim,A,2.22893,1.51732,2,1,0.7116100000000001
30480,Bundesliga,2025,2026-04-12 17:30:00,Mainz 05,Freiburg,H,0.458085,0.538882,0,1,-0.08079699999999995
30487,Bundesliga,2025,2026-04-19 17:30:00,Mainz 05,Borussia M.Gladbach,A,2.46195,1.11134,1,1,1.3506099999999999
30499,Bundesliga,2025,2026-04-25 13:30:00,Mainz 05,Bayern Munich,H,3.22403,2.36194,3,4,0.8620899999999998
30509,Bundesliga,2025,2026-05-03 13:30:00,Mainz 05,St. Pauli,A,2.80672,1.08664,2,1,1.7200799999999998
30517,Bundesliga,2025,2026-05-10 17:30:00,Mainz 05,Union Berlin,H,2.09983,2.94155,1,3,-0.84172
30526,Bundesliga,2025,2026-05-16 13:30:00,Mainz 05,FC Heidenheim,A,3.90834,3.03813,2,0,0.8702099999999997
27743,Bundesliga,2024,2024-08-24 13:30:00,RasenBallsport Leipzig,Bochum,H,0.937134,1.31541,1,0,-0.37827599999999995
27757,Bundesliga,2024,2024-08-31 16:30:00,RasenBallsport Leipzig,Bayer Leverkusen,A,1.50532,3.42266,3,2,-1.91734
27763,Bundesliga,2024,2024-09-14 13:30:00,RasenBallsport Leipzig,Union Berlin,H,1.29462,0.859112,0,0,0.4355080000000001
27777,Bundesliga,2024,2024-09-22 17:30:00,RasenBallsport Leipzig,St. Pauli,A,0.841324,1.67285,0,0,-0.831526
27783,Bundesliga,2024,2024-09-28 13:30:00,RasenBallsport Leipzig,Augsburg,H,2.81593,1.07415,4,0,1.7417799999999999
27788,Bundesliga,2024,2024-10-06 13:30:00,RasenBallsport Leipzig,FC Heidenheim,A,1.81585,1.08159,1,0,0.7342599999999999
27802,Bundesliga,2024,2024-10-19 13:30:00,RasenBallsport Leipzig,Mainz 05,A,2.16084,0.611288,2,0,1.5495519999999998
27806,Bundesliga,2024,2024-10-26 13:30:00,RasenBallsport Leipzig,Freiburg,H,2.69047,1.75887,3,1,0.9316
27816,Bundesliga,2024,2024-11-02 17:30:00,RasenBallsport Leipzig,Borussia Dortmund,A,0.23928,3.30102,1,2,-3.06174
27824,Bundesliga,2024,2024-11-09 17:30:00,RasenBallsport Leipzig,Borussia M.Gladbach,H,0.849803,1.31521,0,0,-0.465407
27837,Bundesliga,2024,2024-11-23 14:30:00,RasenBallsport Leipzig,Hoffenheim,A,1.72976,2.60143,3,4,-0.8716700000000002
27841,Bundesliga,2024,2024-11-30 14:30:00,RasenBallsport Leipzig,Wolfsburg,H,1.4486,2.69881,1,5,-1.2502099999999998
27856,Bundesliga,2024,2024-12-07 14:30:00,RasenBallsport Leipzig,Holstein Kiel,A,1.72704,1.14963,2,0,0.57741
27859,Bundesliga,2024,2024-12-15 18:30:00,RasenBallsport Leipzig,Eintracht Frankfurt,H,2.4958,0.839379,2,1,1.656421
27870,Bundesliga,2024,2024-12-20 19:30:00,RasenBallsport Leipzig,Bayern Munich,A,0.552564,4.35715,1,5,-3.8045859999999996
27877,Bundesliga,2024,2025-01-12 14:30:00,RasenBallsport Leipzig,Werder Bremen,H,2.65039,1.32687,4,2,1.3235199999999998
27887,Bundesliga,2024,2025-01-15 19:30:00,RasenBallsport Leipzig,VfB Stuttgart,A,0.710278,2.42754,1,2,-1.717262
27902,Bundesliga,2024,2025-01-18 14:30:00,RasenBallsport Leipzig,Bochum,A,2.38567,2.75969,3,3,-0.3740199999999998
27904,Bundesliga,2024,2025-01-25 14:30:00,RasenBallsport Leipzig,Bayer Leverkusen,H,0.708246,2.57674,2,2,-1.868494
27913,Bundesliga,2024,2025-02-01 17:30:00,RasenBallsport Leipzig,Union Berlin,A,0.237923,1.74847,0,0,-1.5105469999999999
27923,Bundesliga,2024,2025-02-09 16:30:00,RasenBallsport Leipzig,St. Pauli,H,1.89601,0.72321,2,0,1.1728
27936,Bundesliga,2024,2025-02-14 19:30:00,RasenBallsport Leipzig,Augsburg,A,1.6452,1.05445,0,0,0.5907499999999999
27941,Bundesliga,2024,2025-02-23 14:30:00,RasenBallsport Leipzig,FC Heidenheim,H,1.6451,0.834882,2,2,0.810218
27950,Bundesliga,2024,2025-03-01 14:30:00,RasenBallsport Leipzig,Mainz 05,H,1.78404,1.64735,1,2,0.13668999999999998
27963,Bundesliga,2024,2025-03-08 17:30:00,RasenBallsport Leipzig,Freiburg,A,2.02806,0.510953,0,0,1.517107
27968,Bundesliga,2024,2025-03-15 17:30:00,RasenBallsport Leipzig,Borussia Dortmund,H,2.55875,4.09542,2,0,-1.53667
27980,Bundesliga,2024,2025-03-29 14:30:00,RasenBallsport Leipzig,Borussia M.Gladbach,A,0.929047,1.79539,0,1,-0.8663430000000001
27985,Bundesliga,2024,2025-04-05 13:30:00,RasenBallsport Leipzig,Hoffenheim,H,1.40121,1.18624,3,1,0.2149700000000001
27999,Bundesliga,2024,2025-04-11 18:30:00,RasenBallsport Leipzig,Wolfsburg,A,1.60065,1.84361,3,2,-0.24296000000000006
28003,Bundesliga,2024,2025-04-19 13:30:00,RasenBallsport Leipzig,Holstein Kiel,H,2.16761,1.017,1,1,1.15061
28015,Bundesliga,2024,2025-04-26 16:30:00,RasenBallsport Leipzig,Eintracht Frankfurt,A,0.316263,2.23942,0,4,-1.923157
28021,Bundesliga,2024,2025-05-03 13:30:00,RasenBallsport Leipzig,Bayern Munich,H,1.74905,1.97214,3,3,-0.22309
28034,Bundesliga,2024,2025-05-10 13:30:00,RasenBallsport Leipzig,Werder Bremen,A,1.39403,3.20616,0,0,-1.81213
28039,Bundesliga,2024,2025-05-17 13:30:00,RasenBallsport Leipzig,VfB Stuttgart,H,1.42373,3.34624,2,3,-1.92251
30224,Bundesliga,2025,2025-08-22 18:30:00,RasenBallsport Leipzig,Bayern Munich,A,0.52226,3.29885,0,6,-2.7765899999999997
30235,Bundesliga,2025,2025-08-30 13:30:00,RasenBallsport Leipzig,FC Heidenheim,H,3.29717,0.969982,2,0,2.327188
30245,Bundesliga,2025,2025-09-13 13:30:00,RasenBallsport Leipzig,Mainz 05,A,1.5009,0.770276,1,0,0.7306239999999999
30256,Bundesliga,2025,2025-09-20 16:30:00,RasenBallsport Leipzig,FC Cologne,H,3.79591,1.39264,3,1,2.40327
30264,Bundesliga,2025,2025-09-27 13:30:00,RasenBallsport Leipzig,Wolfsburg,A,2.61107,2.59654,1,0,0.01452999999999971
30271,Bundesliga,2025,2025-10-04 13:30:00,RasenBallsport Leipzig,Borussia Dortmund,A,1.14077,0.668613,1,1,0.47215700000000005
30283,Bundesliga,2025,2025-10-18 13:30:00,RasenBallsport Leipzig,Hamburger SV,H,1.15611,1.29355,2,1,-0.13744
30287,Bundesliga,2025,2025-10-25 13:30:00,RasenBallsport Leipzig,Augsburg,A,2.69438,0.639182,6,0,2.0551980000000003
30301,Bundesliga,2025,2025-11-01 14:30:00,RasenBallsport Leipzig,VfB Stuttgart,H,1.73471,1.0701,3,1,0.6646099999999999
30310,Bundesliga,2025,2025-11-08 14:30:00,RasenBallsport Leipzig,Hoffenheim,A,1.56187,1.92349,1,3,-0.36161999999999983
30320,Bundesliga,2025,2025-11-23 14:30:00,RasenBallsport Leipzig,Werder Bremen,H,2.42834,0.774872,2,0,1.653468
30325,Bundesliga,2025,2025-11-28 19:30:00,RasenBallsport Leipzig,Borussia M.Gladbach,A,1.09232,0.388883,0,0,0.703437
30340,Bundesliga,2025,2025-12-06 17:30:00,RasenBallsport Leipzig,Eintracht Frankfurt,H,3.64182,0.473289,6,0,3.168531
30348,Bundesliga,2025,2025-12-12 19:30:00,RasenBallsport Leipzig,Union Berlin,A,0.495677,1.4766,1,3,-0.980923
30356,Bundesliga,2025,2025-12-20 17:30:00,RasenBallsport Leipzig,Bayer Leverkusen,H,1.93929,2.70478,1,3,-0.76549
30374,Bundesliga,2025,2026-01-14 19:30:00,RasenBallsport Leipzig,Freiburg,H,2.80289,0.147682,2,0,2.655208
30382,Bundesliga,2025,2026-01-17 17:30:00,RasenBallsport Leipzig,Bayern Munich,H,2.86917,4.65226,1,5,-1.78309
30391,Bundesliga,2025,2026-01-24 14:30:00,RasenBallsport Leipzig,FC Heidenheim,A,2.07675,0.987658,3,0,1.089092
30365,Bundesliga,2025,2026-01-27 19:30:00,RasenBallsport Leipzig,St. Pauli,A,2.05989,1.33165,1,1,0.7282400000000002
30401,Bundesliga,2025,2026-01-31 14:30:00,RasenBallsport Leipzig,Mainz 05,H,2.09422,2.57678,1,2,-0.4825599999999999
30406,Bundesliga,2025,2026-02-08 14:30:00,RasenBallsport Leipzig,FC Cologne,A,3.0577,1.12167,2,1,1.9360300000000001
30419,Bundesliga,2025,2026-02-15 16:30:00,RasenBallsport Leipzig,Wolfsburg,H,2.51087,0.687761,2,2,1.823109
30427,Bundesliga,2025,2026-02-21 17:30:00,RasenBallsport Leipzig,Borussia Dortmund,H,3.50934,1.35347,2,2,2.15587
30436,Bundesliga,2025,2026-03-01 18:30:00,RasenBallsport Leipzig,Hamburger SV,A,2.28997,0.820585,2,1,1.469385
30445,Bundesliga,2025,2026-03-07 14:30:00,RasenBallsport Leipzig,Augsburg,H,2.19435,3.6651,2,1,-1.4707499999999998
30456,Bundesliga,2025,2026-03-15 18:30:00,RasenBallsport Leipzig,VfB Stuttgart,A,1.12178,1.93167,0,1,-0.80989
30464,Bundesliga,2025,2026-03-20 19:30:00,RasenBallsport Leipzig,Hoffenheim,H,2.90699,0.521404,5,0,2.385586
30475,Bundesliga,2025,2026-04-04 13:30:00,RasenBallsport Leipzig,Werder Bremen,A,1.61345,0.898486,2,1,0.714964
30481,Bundesliga,2025,2026-04-11 13:30:00,RasenBallsport Leipzig,Borussia M.Gladbach,H,2.56843,1.66258,1,0,0.9058500000000003
30488,Bundesliga,2025,2026-04-18 16:30:00,RasenBallsport Leipzig,Eintracht Frankfurt,A,2.02122,1.40341,3,1,0.61781
30500,Bundesliga,2025,2026-04-24 18:30:00,RasenBallsport Leipzig,Union Berlin,H,4.53545,0.372365,3,1,4.163085
30503,Bundesliga,2025,2026-05-02 16:30:00,RasenBallsport Leipzig,Bayer Leverkusen,A,1.49733,5.41733,1,4,-3.92
30518,Bundesliga,2025,2026-05-09 13:30:00,RasenBallsport Leipzig,St. Pauli,H,2.32909,0.945954,2,1,1.383136
30525,Bundesliga,2025,2026-05-16 13:30:00,RasenBallsport Leipzig,Freiburg,A,1.51341,2.54392,1,4,-1.03051
27750,Bundesliga,2024,2024-08-25 15:30:00,St. Pauli,FC Heidenheim,H,1.1609,1.16833,0,2,-0.007430000000000048
27751,Bundesliga,2024,2024-08-30 18:30:00,St. Pauli,Union Berlin,A,0.644857,1.0488,0,1,-0.40394299999999994
27767,Bundesliga,2024,2024-09-15 13:30:00,St. Pauli,Augsburg,A,0.49314,2.61475,1,3,-2.12161
27777,Bundesliga,2024,2024-09-22 17:30:00,St. Pauli,RasenBallsport Leipzig,H,1.67285,0.841324,0,0,0.831526
27779,Bundesliga,2024,2024-09-28 13:30:00,St. Pauli,Freiburg,A,1.40925,1.10172,3,0,0.30752999999999986
27793,Bundesliga,2024,2024-10-05 16:30:00,St. Pauli,Mainz 05,H,0.805413,1.29606,0,3,-0.49064699999999994
27798,Bundesliga,2024,2024-10-18 18:30:00,St. Pauli,Borussia Dortmund,A,1.07012,3.97161,1,2,-2.90149
27813,Bundesliga,2024,2024-10-26 13:30:00,St. Pauli,Wolfsburg,H,0.730167,0.940969,0,0,-0.21080200000000004
27818,Bundesliga,2024,2024-11-02 14:30:00,St. Pauli,Hoffenheim,A,1.1155,0.746379,2,0,0.3691209999999999
27831,Bundesliga,2024,2024-11-09 14:30:00,St. Pauli,Bayern Munich,H,0.0751538,1.67296,0,1,-1.5978062
27839,Bundesliga,2024,2024-11-24 16:30:00,St. Pauli,Borussia M.Gladbach,A,1.15234,2.99128,0,2,-1.8389400000000002
27849,Bundesliga,2024,2024-11-30 14:30:00,St. Pauli,Holstein Kiel,H,1.96179,1.1506,3,1,0.8111899999999999
27850,Bundesliga,2024,2024-12-07 14:30:00,St. Pauli,Bayer Leverkusen,A,2.18395,0.729523,1,2,1.454427
27867,Bundesliga,2024,2024-12-14 17:30:00,St. Pauli,Werder Bremen,H,0.515437,0.986101,0,2,-0.47066399999999997
27869,Bundesliga,2024,2024-12-21 14:30:00,St. Pauli,VfB Stuttgart,A,2.57781,2.41593,1,0,0.16188000000000002
27885,Bundesliga,2024,2025-01-11 14:30:00,St. Pauli,Eintracht Frankfurt,H,2.5542,2.23689,0,1,0.31731
27893,Bundesliga,2024,2025-01-15 17:30:00,St. Pauli,Bochum,A,1.15308,1.8213,0,1,-0.6682199999999998
27899,Bundesliga,2024,2025-01-18 14:30:00,St. Pauli,FC Heidenheim,A,2.23242,0.923964,2,0,1.3084559999999998
27907,Bundesliga,2024,2025-01-26 16:30:00,St. Pauli,Union Berlin,H,1.40358,0.986402,3,0,0.41717800000000005
27915,Bundesliga,2024,2025-02-01 14:30:00,St. Pauli,Augsburg,H,0.849878,0.194891,1,1,0.654987
27923,Bundesliga,2024,2025-02-09 16:30:00,St. Pauli,RasenBallsport Leipzig,A,0.72321,1.89601,0,2,-1.1728
27939,Bundesliga,2024,2025-02-15 14:30:00,St. Pauli,Freiburg,H,0.19059,1.25072,0,1,-1.06013
27946,Bundesliga,2024,2025-02-22 14:30:00,St. Pauli,Mainz 05,A,0.90068,1.35603,0,2,-0.45535000000000003
27956,Bundesliga,2024,2025-03-01 14:30:00,St. Pauli,Borussia Dortmund,H,0.293506,2.23846,0,2,-1.9449539999999998
27964,Bundesliga,2024,2025-03-08 14:30:00,St. Pauli,Wolfsburg,A,1.23696,1.96602,1,1,-0.72906
27975,Bundesliga,2024,2025-03-14 19:30:00,St. Pauli,Hoffenheim,H,1.43518,0.196271,1,0,1.2389089999999998
27977,Bundesliga,2024,2025-03-29 14:30:00,St. Pauli,Bayern Munich,A,0.841269,4.00213,2,3,-3.160861
27993,Bundesliga,2024,2025-04-06 13:30:00,St. Pauli,Borussia M.Gladbach,H,2.19443,0.646648,1,1,1.5477820000000002
28002,Bundesliga,2024,2025-04-12 13:30:00,St. Pauli,Holstein Kiel,A,1.06614,0.692664,2,1,0.37347600000000014
28011,Bundesliga,2024,2025-04-20 17:30:00,St. Pauli,Bayer Leverkusen,H,2.3164,1.13491,1,1,1.1814899999999997
28017,Bundesliga,2024,2025-04-27 15:30:00,St. Pauli,Werder Bremen,A,0.830832,1.55064,0,0,-0.719808
28029,Bundesliga,2024,2025-05-03 13:30:00,St. Pauli,VfB Stuttgart,H,0.213208,3.56335,0,1,-3.350142
28033,Bundesliga,2024,2025-05-11 15:30:00,St. Pauli,Eintracht Frankfurt,A,0.666882,1.82027,2,2,-1.153388
28047,Bundesliga,2024,2025-05-17 13:30:00,St. Pauli,Bochum,H,0.802748,1.34252,0,2,-0.5397719999999999
30230,Bundesliga,2025,2025-08-23 16:30:00,St. Pauli,Borussia Dortmund,H,1.46772,2.10289,3,3,-0.63517
30233,Bundesliga,2025,2025-08-29 18:30:00,St. Pauli,Hamburger SV,A,1.85404,0.74111,2,0,1.11293
30249,Bundesliga,2025,2025-09-14 13:30:00,St. Pauli,Augsburg,H,1.95499,0.934223,2,1,1.020767
30251,Bundesliga,2025,2025-09-19 18:30:00,St. Pauli,VfB Stuttgart,A,1.05657,2.78829,0,2,-1.73172
30263,Bundesliga,2025,2025-09-27 13:30:00,St. Pauli,Bayer Leverkusen,H,0.813325,1.28912,1,2,-0.4757950000000001
30277,Bundesliga,2025,2025-10-04 13:30:00,St. Pauli,Werder Bremen,A,0.912425,1.77957,0,1,-0.867145
30284,Bundesliga,2025,2025-10-19 15:30:00,St. Pauli,Hoffenheim,H,0.871968,1.79103,0,3,-0.9190619999999999
30291,Bundesliga,2025,2025-10-25 13:30:00,St. Pauli,Eintracht Frankfurt,A,0.519973,2.42632,0,2,-1.906347
30302,Bundesliga,2025,2025-11-01 14:30:00,St. Pauli,Borussia M.Gladbach,H,0.804394,3.6262,0,4,-2.8218059999999996
30308,Bundesliga,2025,2025-11-09 14:30:00,St. Pauli,Freiburg,A,0.640748,1.66558,1,2,-1.024832
30321,Bundesliga,2025,2025-11-23 16:30:00,St. Pauli,Union Berlin,H,0.568717,0.398431,0,1,0.17028600000000005
30324,Bundesliga,2025,2025-11-29 14:30:00,St. Pauli,Bayern Munich,A,0.74073,2.53942,1,3,-1.7986899999999997
30336,Bundesliga,2025,2025-12-06 14:30:00,St. Pauli,FC Cologne,A,0.143945,1.90409,1,1,-1.760145
30347,Bundesliga,2025,2025-12-13 14:30:00,St. Pauli,FC Heidenheim,H,1.00037,1.8944,2,1,-0.8940300000000001
30355,Bundesliga,2025,2025-12-21 14:30:00,St. Pauli,Mainz 05,A,0.227249,1.87368,0,0,-1.646431
30376,Bundesliga,2025,2026-01-14 17:30:00,St. Pauli,Wolfsburg,A,1.21171,1.78032,1,2,-0.5686099999999998
30378,Bundesliga,2025,2026-01-17 14:30:00,St. Pauli,Borussia Dortmund,A,0.532613,2.5477,2,3,-2.015087
30393,Bundesliga,2025,2026-01-23 19:30:00,St. Pauli,Hamburger SV,H,0.311991,0.333197,0,0,-0.021206000000000003
30365,Bundesliga,2025,2026-01-27 19:30:00,St. Pauli,RasenBallsport Leipzig,H,1.33165,2.05989,1,1,-0.7282400000000002
30395,Bundesliga,2025,2026-01-31 14:30:00,St. Pauli,Augsburg,A,2.88611,2.11699,1,2,0.76912
30410,Bundesliga,2025,2026-02-07 14:30:00,St. Pauli,VfB Stuttgart,H,1.66217,0.912627,2,1,0.749543
30414,Bundesliga,2025,2026-02-14 14:30:00,St. Pauli,Bayer Leverkusen,A,0.654783,2.26044,0,4,-1.605657
30428,Bundesliga,2025,2026-02-22 16:30:00,St. Pauli,Werder Bremen,H,0.260698,1.61141,2,1,-1.3507120000000001
30437,Bundesliga,2025,2026-02-28 14:30:00,St. Pauli,Hoffenheim,A,0.946504,2.57411,1,0,-1.627606
30446,Bundesliga,2025,2026-03-08 14:30:00,St. Pauli,Eintracht Frankfurt,H,0.472285,0.451537,0,0,0.02074799999999999
30450,Bundesliga,2025,2026-03-13 19:30:00,St. Pauli,Borussia M.Gladbach,A,0.628713,1.08342,0,2,-0.4547070000000001
30465,Bundesliga,2025,2026-03-22 16:30:00,St. Pauli,Freiburg,H,1.39653,2.74421,1,2,-1.3476799999999998
30474,Bundesliga,2025,2026-04-05 13:30:00,St. Pauli,Union Berlin,A,0.325477,1.78288,1,1,-1.457403
30482,Bundesliga,2025,2026-04-11 16:30:00,St. Pauli,Bayern Munich,H,0.355983,4.15447,0,5,-3.7984869999999997
30491,Bundesliga,2025,2026-04-17 18:30:00,St. Pauli,FC Cologne,H,2.2798,1.26761,1,1,1.01219
30498,Bundesliga,2025,2026-04-25 13:30:00,St. Pauli,FC Heidenheim,A,1.17753,2.17234,0,2,-0.9948100000000002
30509,Bundesliga,2025,2026-05-03 13:30:00,St. Pauli,Mainz 05,H,1.08664,2.80672,1,2,-1.7200799999999998
30518,Bundesliga,2025,2026-05-09 13:30:00,St. Pauli,RasenBallsport Leipzig,A,0.945954,2.32909,1,2,-1.383136
30527,Bundesliga,2025,2026-05-16 13:30:00,St. Pauli,Wolfsburg,H,1.98722,4.0649,1,3,-2.07768
27747,Bundesliga,2024,2024-08-24 13:30:00,Union Berlin,Mainz 05,A,0.731569,1.77023,1,1,-1.0386609999999998
27751,Bundesliga,2024,2024-08-30 18:30:00,Union Berlin,St. Pauli,H,1.0488,0.644857,1,0,0.40394299999999994
27763,Bundesliga,2024,2024-09-14 13:30:00,Union Berlin,RasenBallsport Leipzig,A,0.859112,1.29462,0,0,-0.4355080000000001
27770,Bundesliga,2024,2024-09-21 13:30:00,Union Berlin,Hoffenheim,H,1.21587,0.378776,2,1,0.837094
27782,Bundesliga,2024,2024-09-28 13:30:00,Union Berlin,Borussia M.Gladbach,A,0.731164,1.38305,0,1,-0.6518859999999999
27791,Bundesliga,2024,2024-10-05 13:30:00,Union Berlin,Borussia Dortmund,H,1.52691,0.748758,2,1,0.778152
27804,Bundesliga,2024,2024-10-20 13:30:00,Union Berlin,Holstein Kiel,A,1.2809,0.901058,2,0,0.3798419999999999
27811,Bundesliga,2024,2024-10-27 16:30:00,Union Berlin,Eintracht Frankfurt,H,1.86305,1.54058,1,1,0.32247000000000003
27815,Bundesliga,2024,2024-11-02 14:30:00,Union Berlin,Bayern Munich,A,0.4664,2.76181,0,3,-2.29541
27829,Bundesliga,2024,2024-11-08 19:30:00,Union Berlin,Freiburg,H,0.801684,2.66619,0,0,-1.864506
27838,Bundesliga,2024,2024-11-23 14:30:00,Union Berlin,Wolfsburg,A,0.63337,0.742754,0,1,-0.10938400000000004
27848,Bundesliga,2024,2024-11-30 14:30:00,Union Berlin,Bayer Leverkusen,H,1.11328,0.906684,1,2,0.206596
27851,Bundesliga,2024,2024-12-06 19:30:00,Union Berlin,VfB Stuttgart,A,1.86301,1.81349,2,3,0.04952000000000001
27866,Bundesliga,2024,2024-12-14 14:30:00,Union Berlin,Bochum,H,3.0131,1.23723,1,1,1.77587
27873,Bundesliga,2024,2024-12-21 14:30:00,Union Berlin,Werder Bremen,A,1.64107,2.73356,1,4,-1.0924900000000002
27880,Bundesliga,2024,2025-01-11 14:30:00,Union Berlin,FC Heidenheim,A,1.03435,1.75563,0,2,-0.7212799999999999
27892,Bundesliga,2024,2025-01-15 19:30:00,Union Berlin,Augsburg,H,0.549286,1.41902,0,2,-0.8697339999999999
27901,Bundesliga,2024,2025-01-19 14:30:00,Union Berlin,Mainz 05,H,2.44953,1.40424,2,1,1.0452900000000003
27907,Bundesliga,2024,2025-01-26 16:30:00,Union Berlin,St. Pauli,A,0.986402,1.40358,0,3,-0.41717800000000005
27913,Bundesliga,2024,2025-02-01 17:30:00,Union Berlin,RasenBallsport Leipzig,H,1.74847,0.237923,0,0,1.5105469999999999
27925,Bundesliga,2024,2025-02-08 14:30:00,Union Berlin,Hoffenheim,A,3.86589,0.881646,4,0,2.984244
27937,Bundesliga,2024,2025-02-15 14:30:00,Union Berlin,Borussia M.Gladbach,H,1.66824,2.22036,1,2,-0.5521199999999999
27942,Bundesliga,2024,2025-02-22 17:30:00,Union Berlin,Borussia Dortmund,A,0.365382,5.44112,0,6,-5.075737999999999
27955,Bundesliga,2024,2025-03-02 14:30:00,Union Berlin,Holstein Kiel,H,0.886081,0.692509,0,1,0.19357199999999997
27961,Bundesliga,2024,2025-03-09 14:30:00,Union Berlin,Eintracht Frankfurt,A,0.725817,2.00811,2,1,-1.2822929999999997
27973,Bundesliga,2024,2025-03-15 14:30:00,Union Berlin,Bayern Munich,H,0.8044,1.83549,1,1,-1.03109
27982,Bundesliga,2024,2025-03-30 14:30:00,Union Berlin,Freiburg,A,1.38632,1.01023,2,1,0.37609000000000004
27991,Bundesliga,2024,2025-04-06 15:30:00,Union Berlin,Wolfsburg,H,1.55071,1.79618,1,0,-0.24547000000000008
27994,Bundesliga,2024,2025-04-12 13:30:00,Union Berlin,Bayer Leverkusen,A,0.513825,0.495489,0,0,0.018335999999999963
28010,Bundesliga,2024,2025-04-19 16:30:00,Union Berlin,VfB Stuttgart,H,2.16124,1.19,4,4,0.9712399999999999
28019,Bundesliga,2024,2025-04-27 13:30:00,Union Berlin,Bochum,A,0.498974,1.5178,1,1,-1.018826
28028,Bundesliga,2024,2025-05-03 13:30:00,Union Berlin,Werder Bremen,H,1.35336,1.35783,2,2,-0.004470000000000196
28036,Bundesliga,2024,2025-05-10 13:30:00,Union Berlin,FC Heidenheim,H,0.528885,1.86184,0,3,-1.332955
28044,Bundesliga,2024,2025-05-17 13:30:00,Union Berlin,Augsburg,A,1.14135,1.57932,2,1,-0.43796999999999997
30227,Bundesliga,2025,2025-08-23 13:30:00,Union Berlin,VfB Stuttgart,H,0.529421,1.80147,2,1,-1.272049
30240,Bundesliga,2025,2025-08-31 15:30:00,Union Berlin,Borussia Dortmund,A,0.971167,1.82606,0,3,-0.854893
30247,Bundesliga,2025,2025-09-13 13:30:00,Union Berlin,Hoffenheim,H,3.0814,3.34084,2,4,-0.2594400000000001
30257,Bundesliga,2025,2025-09-21 13:30:00,Union Berlin,Eintracht Frankfurt,A,2.23419,1.75582,4,3,0.47836999999999996
30268,Bundesliga,2025,2025-09-28 17:30:00,Union Berlin,Hamburger SV,H,1.54274,1.11274,0,0,0.42999999999999994
30269,Bundesliga,2025,2025-10-04 13:30:00,Union Berlin,Bayer Leverkusen,A,1.19684,3.35673,0,2,-2.1598900000000003
30285,Bundesliga,2025,2025-10-17 18:30:00,Union Berlin,Borussia M.Gladbach,H,1.53032,0.628848,3,1,0.9014719999999999
30295,Bundesliga,2025,2025-10-24 18:30:00,Union Berlin,Werder Bremen,A,0.487613,1.1444,0,1,-0.656787
30303,Bundesliga,2025,2025-11-01 14:30:00,Union Berlin,Freiburg,H,1.34842,1.16519,0,0,0.18323
30312,Bundesliga,2025,2025-11-08 14:30:00,Union Berlin,Bayern Munich,H,1.02778,1.34246,2,2,-0.31468000000000007
30321,Bundesliga,2025,2025-11-23 16:30:00,Union Berlin,St. Pauli,A,0.398431,0.568717,1,0,-0.17028600000000005
30330,Bundesliga,2025,2025-11-29 14:30:00,Union Berlin,FC Heidenheim,H,0.942923,0.522102,1,2,0.420821
30333,Bundesliga,2025,2025-12-06 14:30:00,Union Berlin,Wolfsburg,A,2.01932,0.929936,1,3,1.089384
30348,Bundesliga,2025,2025-12-12 19:30:00,Union Berlin,RasenBallsport Leipzig,H,1.4766,0.495677,3,1,0.980923
30352,Bundesliga,2025,2025-12-20 14:30:00,Union Berlin,FC Cologne,A,1.4739,0.677102,1,0,0.796798
30366,Bundesliga,2025,2026-01-10 14:30:00,Union Berlin,Mainz 05,H,3.6505,1.56492,2,2,2.08558
30368,Bundesliga,2025,2026-01-15 19:30:00,Union Berlin,Augsburg,A,1.73831,0.559529,1,1,1.1787809999999999
30383,Bundesliga,2025,2026-01-18 14:30:00,Union Berlin,VfB Stuttgart,A,1.88763,2.1978,1,1,-0.31017000000000006
30394,Bundesliga,2025,2026-01-24 17:30:00,Union Berlin,Borussia Dortmund,H,0.989732,2.27286,0,3,-1.283128
30400,Bundesliga,2025,2026-01-31 14:30:00,Union Berlin,Hoffenheim,A,1.23275,1.50682,1,3,-0.27407000000000004
30411,Bundesliga,2025,2026-02-06 19:30:00,Union Berlin,Eintracht Frankfurt,H,1.27118,0.296813,1,1,0.974367
30417,Bundesliga,2025,2026-02-14 14:30:00,Union Berlin,Hamburger SV,A,2.18966,2.20339,2,3,-0.013730000000000242
30429,Bundesliga,2025,2026-02-21 14:30:00,Union Berlin,Bayer Leverkusen,H,0.757702,1.20274,1,0,-0.44503799999999993
30433,Bundesliga,2025,2026-02-28 14:30:00,Union Berlin,Borussia M.Gladbach,A,0.137598,2.56014,0,1,-2.422542
30447,Bundesliga,2025,2026-03-08 16:30:00,Union Berlin,Werder Bremen,H,1.12998,2.23984,1,4,-1.10986
30453,Bundesliga,2025,2026-03-15 16:30:00,Union Berlin,Freiburg,A,1.0006,1.34508,1,0,-0.3444800000000001
30459,Bundesliga,2025,2026-03-21 14:30:00,Union Berlin,Bayern Munich,A,0.224572,5.93389,0,4,-5.709318
30474,Bundesliga,2025,2026-04-05 13:30:00,Union Berlin,St. Pauli,H,1.78288,0.325477,1,1,1.457403
30479,Bundesliga,2025,2026-04-11 13:30:00,Union Berlin,FC Heidenheim,A,1.11885,2.11247,1,3,-0.9936200000000002
30492,Bundesliga,2025,2026-04-18 13:30:00,Union Berlin,Wolfsburg,H,2.38881,0.23493,1,2,2.15388
30500,Bundesliga,2025,2026-04-24 18:30:00,Union Berlin,RasenBallsport Leipzig,A,0.372365,4.53545,1,3,-4.163085
30510,Bundesliga,2025,2026-05-02 13:30:00,Union Berlin,FC Cologne,H,0.887532,1.6958,2,2,-0.808268
30517,Bundesliga,2025,2026-05-10 17:30:00,Union Berlin,Mainz 05,A,2.94155,2.09983,3,1,0.84172
30528,Bundesliga,2025,2026-05-16 13:30:00,Union Berlin,Augsburg,H,2.45125,0.506181,4,0,1.945069
27745,Bundesliga,2024,2024-08-24 13:30:00,VfB Stuttgart,Freiburg,A,0.374185,3.0149,1,3,-2.640715
27755,Bundesliga,2024,2024-08-31 13:30:00,VfB Stuttgart,Mainz 05,H,4.2134,1.95179,3,3,2.26161
27765,Bundesliga,2024,2024-09-14 13:30:00,VfB Stuttgart,Borussia M.Gladbach,A,2.7214,2.05136,3,1,0.6700400000000002
27776,Bundesliga,2024,2024-09-22 15:30:00,VfB Stuttgart,Borussia Dortmund,H,3.56218,0.60692,5,1,2.95526
27780,Bundesliga,2024,2024-09-28 13:30:00,VfB Stuttgart,Wolfsburg,A,2.58036,1.0386,2,2,1.5417600000000002
27795,Bundesliga,2024,2024-10-06 17:30:00,VfB Stuttgart,Hoffenheim,H,1.72567,0.893468,1,1,0.832202
27797,Bundesliga,2024,2024-10-19 16:30:00,VfB Stuttgart,Bayern Munich,A,0.286656,3.61889,0,4,-3.3322339999999997
27805,Bundesliga,2024,2024-10-26 13:30:00,VfB Stuttgart,Holstein Kiel,H,1.90999,0.680092,2,1,1.229898
27814,Bundesliga,2024,2024-11-01 19:30:00,VfB Stuttgart,Bayer Leverkusen,A,0.223778,2.78287,0,0,-2.559092
27823,Bundesliga,2024,2024-11-10 16:30:00,VfB Stuttgart,Eintracht Frankfurt,H,2.81862,1.93894,2,3,0.87968
27833,Bundesliga,2024,2024-11-23 14:30:00,VfB Stuttgart,Bochum,H,2.05767,0.652259,2,0,1.405411
27844,Bundesliga,2024,2024-11-30 14:30:00,VfB Stuttgart,Werder Bremen,A,1.6651,2.14949,2,2,-0.4843900000000001
27851,Bundesliga,2024,2024-12-06 19:30:00,VfB Stuttgart,Union Berlin,H,1.81349,1.86301,3,2,-0.04952000000000001
27861,Bundesliga,2024,2024-12-15 14:30:00,VfB Stuttgart,FC Heidenheim,A,3.46171,0.808275,3,1,2.653435
27869,Bundesliga,2024,2024-12-21 14:30:00,VfB Stuttgart,St. Pauli,H,2.41593,2.57781,0,1,-0.16188000000000002
27882,Bundesliga,2024,2025-01-12 16:30:00,VfB Stuttgart,Augsburg,A,2.61617,0.339144,1,0,2.2770259999999998
27887,Bundesliga,2024,2025-01-15 19:30:00,VfB Stuttgart,RasenBallsport Leipzig,H,2.42754,0.710278,2,1,1.717262
27896,Bundesliga,2024,2025-01-18 14:30:00,VfB Stuttgart,Freiburg,H,2.26605,0.187694,4,0,2.078356
27909,Bundesliga,2024,2025-01-25 14:30:00,VfB Stuttgart,Mainz 05,A,0.917385,2.22883,0,2,-1.311445
27917,Bundesliga,2024,2025-02-01 14:30:00,VfB Stuttgart,Borussia M.Gladbach,H,0.950734,1.96971,1,2,-1.018976
27924,Bundesliga,2024,2025-02-08 14:30:00,VfB Stuttgart,Borussia Dortmund,A,0.452825,1.07063,2,1,-0.6178049999999999
27932,Bundesliga,2024,2025-02-15 14:30:00,VfB Stuttgart,Wolfsburg,H,1.22466,1.75731,1,2,-0.5326499999999998
27943,Bundesliga,2024,2025-02-23 18:30:00,VfB Stuttgart,Hoffenheim,A,3.67099,0.705815,1,1,2.9651750000000003
27949,Bundesliga,2024,2025-02-28 19:30:00,VfB Stuttgart,Bayern Munich,H,0.653703,2.29942,1,3,-1.6457169999999999
27966,Bundesliga,2024,2025-03-08 14:30:00,VfB Stuttgart,Holstein Kiel,A,1.0726,1.97246,2,2,-0.8998600000000001
27967,Bundesliga,2024,2025-03-16 18:30:00,VfB Stuttgart,Bayer Leverkusen,H,2.85024,2.07439,3,4,0.7758499999999997
27978,Bundesliga,2024,2025-03-29 17:30:00,VfB Stuttgart,Eintracht Frankfurt,A,0.863163,3.69196,0,1,-2.828797
27992,Bundesliga,2024,2025-04-05 13:30:00,VfB Stuttgart,Bochum,A,2.64663,0.815791,4,0,1.830839
27995,Bundesliga,2024,2025-04-13 13:30:00,VfB Stuttgart,Werder Bremen,H,1.75437,1.65438,1,2,0.09999000000000002
28010,Bundesliga,2024,2025-04-19 16:30:00,VfB Stuttgart,Union Berlin,A,1.19,2.16124,4,4,-0.9712399999999999
28013,Bundesliga,2024,2025-04-25 18:30:00,VfB Stuttgart,FC Heidenheim,H,1.91698,0.522621,0,1,1.394359
28029,Bundesliga,2024,2025-05-03 13:30:00,VfB Stuttgart,St. Pauli,A,3.56335,0.213208,1,0,3.350142
28031,Bundesliga,2024,2025-05-11 17:30:00,VfB Stuttgart,Augsburg,H,4.97233,0.381838,4,0,4.590492
28039,Bundesliga,2024,2025-05-17 13:30:00,VfB Stuttgart,RasenBallsport Leipzig,A,3.34624,1.42373,3,2,1.92251
30227,Bundesliga,2025,2025-08-23 13:30:00,VfB Stuttgart,Union Berlin,A,1.80147,0.529421,1,2,1.272049
30237,Bundesliga,2025,2025-08-30 13:30:00,VfB Stuttgart,Borussia M.Gladbach,H,0.925105,1.60717,1,0,-0.682065
30243,Bundesliga,2025,2025-09-13 13:30:00,VfB Stuttgart,Freiburg,A,0.548804,1.6832,1,3,-1.1343960000000002
30251,Bundesliga,2025,2025-09-19 18:30:00,VfB Stuttgart,St. Pauli,H,2.78829,1.05657,2,0,1.73172
30267,Bundesliga,2025,2025-09-28 15:30:00,VfB Stuttgart,FC Cologne,A,2.20939,1.07972,2,1,1.12967
30275,Bundesliga,2025,2025-10-05 13:30:00,VfB Stuttgart,FC Heidenheim,H,1.10781,0.290942,1,0,0.8168679999999999
30286,Bundesliga,2025,2025-10-18 13:30:00,VfB Stuttgart,Wolfsburg,A,2.39474,0.392885,3,0,2.001855
30294,Bundesliga,2025,2025-10-26 15:30:00,VfB Stuttgart,Mainz 05,H,1.66805,1.40956,2,1,0.2584900000000001
30301,Bundesliga,2025,2025-11-01 14:30:00,VfB Stuttgart,RasenBallsport Leipzig,A,1.0701,1.73471,1,3,-0.6646099999999999
30311,Bundesliga,2025,2025-11-09 16:30:00,VfB Stuttgart,Augsburg,H,2.44526,1.90345,3,2,0.5418100000000001
30316,Bundesliga,2025,2025-11-22 14:30:00,VfB Stuttgart,Borussia Dortmund,A,1.80942,3.15124,3,3,-1.34182
30328,Bundesliga,2025,2025-11-30 14:30:00,VfB Stuttgart,Hamburger SV,A,1.10868,1.21357,1,2,-0.10488999999999993
30332,Bundesliga,2025,2025-12-06 14:30:00,VfB Stuttgart,Bayern Munich,H,0.729313,4.07867,0,5,-3.349357
30349,Bundesliga,2025,2025-12-14 18:30:00,VfB Stuttgart,Werder Bremen,A,2.05209,0.607898,4,0,1.4441920000000001
30357,Bundesliga,2025,2025-12-20 14:30:00,VfB Stuttgart,Hoffenheim,H,1.46116,0.154175,0,0,1.306985
30359,Bundesliga,2025,2026-01-10 17:30:00,VfB Stuttgart,Bayer Leverkusen,A,2.68822,1.98318,4,1,0.7050399999999999
30375,Bundesliga,2025,2026-01-13 17:30:00,VfB Stuttgart,Eintracht Frankfurt,H,3.54461,0.896468,3,2,2.648142
30383,Bundesliga,2025,2026-01-18 14:30:00,VfB Stuttgart,Union Berlin,H,2.1978,1.88763,1,1,0.31017000000000006
30388,Bundesliga,2025,2026-01-25 14:30:00,VfB Stuttgart,Borussia M.Gladbach,A,2.72682,1.22197,3,0,1.50485
30402,Bundesliga,2025,2026-02-01 14:30:00,VfB Stuttgart,Freiburg,H,2.95203,0.936187,1,0,2.0158430000000003
30410,Bundesliga,2025,2026-02-07 14:30:00,VfB Stuttgart,St. Pauli,A,0.912627,1.66217,1,2,-0.749543
30420,Bundesliga,2025,2026-02-14 17:30:00,VfB Stuttgart,FC Cologne,H,2.56266,1.13246,3,1,1.4302000000000001
30425,Bundesliga,2025,2026-02-22 18:30:00,VfB Stuttgart,FC Heidenheim,A,2.27505,2.21575,3,3,0.05929999999999991
30438,Bundesliga,2025,2026-03-01 14:30:00,VfB Stuttgart,Wolfsburg,H,2.95189,0.865739,4,0,2.086151
30444,Bundesliga,2025,2026-03-07 14:30:00,VfB Stuttgart,Mainz 05,A,0.920068,3.52523,2,2,-2.605162
30456,Bundesliga,2025,2026-03-15 18:30:00,VfB Stuttgart,RasenBallsport Leipzig,H,1.93167,1.12178,1,0,0.80989
30458,Bundesliga,2025,2026-03-22 18:30:00,VfB Stuttgart,Augsburg,A,3.87094,1.59097,5,2,2.27997
30473,Bundesliga,2025,2026-04-04 16:30:00,VfB Stuttgart,Borussia Dortmund,H,0.553248,0.76449,0,2,-0.21124200000000004
30483,Bundesliga,2025,2026-04-12 15:30:00,VfB Stuttgart,Hamburger SV,H,3.8645,0.417554,4,0,3.446946
30486,Bundesliga,2025,2026-04-19 15:30:00,VfB Stuttgart,Bayern Munich,A,1.26038,5.11014,2,4,-3.8497600000000003
30501,Bundesliga,2025,2026-04-26 13:30:00,VfB Stuttgart,Werder Bremen,H,1.99681,0.958992,1,1,1.0378180000000001
30508,Bundesliga,2025,2026-05-02 13:30:00,VfB Stuttgart,Hoffenheim,A,1.76153,2.6399,3,3,-0.8783699999999999
30519,Bundesliga,2025,2026-05-09 13:30:00,VfB Stuttgart,Bayer Leverkusen,H,3.42891,0.631905,3,1,2.797005
30524,Bundesliga,2025,2026-05-16 13:30:00,VfB Stuttgart,Eintracht Frankfurt,A,1.81013,2.99231,2,2,-1.1821799999999998
27746,Bundesliga,2024,2024-08-24 13:30:00,Werder Bremen,Augsburg,A,1.54312,1.31571,2,2,0.2274100000000001
27753,Bundesliga,2024,2024-08-31 13:30:00,Werder Bremen,Borussia Dortmund,H,0.278533,0.918302,0,0,-0.639769
27768,Bundesliga,2024,2024-09-15 15:30:00,Werder Bremen,Mainz 05,A,1.8089,1.67115,2,1,0.13775000000000004
27773,Bundesliga,2024,2024-09-21 13:30:00,Werder Bremen,Bayern Munich,H,0.0,3.34451,0,5,-3.34451
27786,Bundesliga,2024,2024-09-29 15:30:00,Werder Bremen,Hoffenheim,A,4.06917,1.78654,4,3,2.2826299999999997
27789,Bundesliga,2024,2024-10-05 13:30:00,Werder Bremen,Freiburg,H,0.879674,1.58065,0,1,-0.7009760000000002
27801,Bundesliga,2024,2024-10-20 15:30:00,Werder Bremen,Wolfsburg,A,2.14788,2.17351,4,2,-0.02563000000000004
27808,Bundesliga,2024,2024-10-26 16:30:00,Werder Bremen,Bayer Leverkusen,H,1.78808,1.30852,2,2,0.47956
27821,Bundesliga,2024,2024-11-03 16:30:00,Werder Bremen,Borussia M.Gladbach,A,1.30211,2.95668,1,4,-1.6545699999999999
27826,Bundesliga,2024,2024-11-09 14:30:00,Werder Bremen,Holstein Kiel,H,2.26129,0.884231,2,1,1.3770589999999998
27836,Bundesliga,2024,2024-11-23 17:30:00,Werder Bremen,Eintracht Frankfurt,A,0.632819,1.47057,0,1,-0.8377509999999999
27844,Bundesliga,2024,2024-11-30 14:30:00,Werder Bremen,VfB Stuttgart,H,2.14949,1.6651,2,2,0.4843900000000001
27855,Bundesliga,2024,2024-12-07 14:30:00,Werder Bremen,Bochum,A,1.20754,1.16256,1,0,0.04498000000000002
27867,Bundesliga,2024,2024-12-14 17:30:00,Werder Bremen,St. Pauli,A,0.986101,0.515437,2,0,0.47066399999999997
27873,Bundesliga,2024,2024-12-21 14:30:00,Werder Bremen,Union Berlin,H,2.73356,1.64107,4,1,1.0924900000000002
27877,Bundesliga,2024,2025-01-12 14:30:00,Werder Bremen,RasenBallsport Leipzig,A,1.32687,2.65039,2,4,-1.3235199999999998
27890,Bundesliga,2024,2025-01-15 19:30:00,Werder Bremen,FC Heidenheim,H,1.87497,1.91878,3,3,-0.043809999999999905
27900,Bundesliga,2024,2025-01-19 16:30:00,Werder Bremen,Augsburg,H,1.15183,1.31644,0,2,-0.16461000000000015
27905,Bundesliga,2024,2025-01-25 14:30:00,Werder Bremen,Borussia Dortmund,A,1.11662,1.49423,2,2,-0.37761
27921,Bundesliga,2024,2025-01-31 19:30:00,Werder Bremen,Mainz 05,H,2.58542,1.01597,1,0,1.56945
27922,Bundesliga,2024,2025-02-07 19:30:00,Werder Bremen,Bayern Munich,A,0.151051,4.47713,0,3,-4.326079
27935,Bundesliga,2024,2025-02-16 14:30:00,Werder Bremen,Hoffenheim,H,0.85665,1.91874,1,3,-1.06209
27944,Bundesliga,2024,2025-02-21 19:30:00,Werder Bremen,Freiburg,A,1.25462,2.66243,0,5,-1.40781
27953,Bundesliga,2024,2025-03-01 14:30:00,Werder Bremen,Wolfsburg,H,2.10317,1.11674,1,2,0.9864299999999999
27958,Bundesliga,2024,2025-03-08 14:30:00,Werder Bremen,Bayer Leverkusen,A,1.67701,1.36325,2,0,0.3137599999999998
27970,Bundesliga,2024,2025-03-15 14:30:00,Werder Bremen,Borussia M.Gladbach,H,2.98283,2.32056,2,4,0.6622699999999999
27984,Bundesliga,2024,2025-03-29 14:30:00,Werder Bremen,Holstein Kiel,A,1.48157,0.56476,3,0,0.91681
27987,Bundesliga,2024,2025-04-05 16:30:00,Werder Bremen,Eintracht Frankfurt,H,1.22711,0.515073,2,0,0.7120369999999999
27995,Bundesliga,2024,2025-04-13 13:30:00,Werder Bremen,VfB Stuttgart,A,1.65438,1.75437,2,1,-0.09999000000000002
28006,Bundesliga,2024,2025-04-19 13:30:00,Werder Bremen,Bochum,H,2.70919,0.4947,1,0,2.21449
28017,Bundesliga,2024,2025-04-27 15:30:00,Werder Bremen,St. Pauli,H,1.55064,0.830832,0,0,0.719808
28028,Bundesliga,2024,2025-05-03 13:30:00,Werder Bremen,Union Berlin,A,1.35783,1.35336,2,2,0.004470000000000196
28034,Bundesliga,2024,2025-05-10 13:30:00,Werder Bremen,RasenBallsport Leipzig,H,3.20616,1.39403,0,0,1.81213
28042,Bundesliga,2024,2025-05-17 13:30:00,Werder Bremen,FC Heidenheim,A,2.20606,1.75706,4,1,0.44899999999999984
30228,Bundesliga,2025,2025-08-23 13:30:00,Werder Bremen,Eintracht Frankfurt,A,0.587822,3.10684,1,4,-2.519018
30236,Bundesliga,2025,2025-08-30 13:30:00,Werder Bremen,Bayer Leverkusen,H,2.32676,2.03733,3,3,0.2894300000000003
30250,Bundesliga,2025,2025-09-14 15:30:00,Werder Bremen,Borussia M.Gladbach,A,2.24671,1.58932,4,0,0.6573900000000001
30252,Bundesliga,2025,2025-09-20 13:30:00,Werder Bremen,Freiburg,H,1.27257,2.36315,0,3,-1.09058
30260,Bundesliga,2025,2025-09-26 18:30:00,Werder Bremen,Bayern Munich,A,0.298618,4.31859,0,4,-4.019972
30277,Bundesliga,2025,2025-10-04 13:30:00,Werder Bremen,St. Pauli,H,1.77957,0.912425,1,0,0.867145
30281,Bundesliga,2025,2025-10-18 13:30:00,Werder Bremen,FC Heidenheim,A,1.85638,3.07635,2,2,-1.2199700000000002
30295,Bundesliga,2025,2025-10-24 18:30:00,Werder Bremen,Union Berlin,H,1.1444,0.487613,1,0,0.656787
30300,Bundesliga,2025,2025-11-01 14:30:00,Werder Bremen,Mainz 05,A,0.880505,1.90161,1,1,-1.021105
30313,Bundesliga,2025,2025-11-07 19:30:00,Werder Bremen,Wolfsburg,H,1.69456,0.676326,2,1,1.018234
30320,Bundesliga,2025,2025-11-23 14:30:00,Werder Bremen,RasenBallsport Leipzig,A,0.774872,2.42834,0,2,-1.653468
30331,Bundesliga,2025,2025-11-29 14:30:00,Werder Bremen,FC Cologne,H,1.53668,1.1848,1,1,0.35187999999999997
30337,Bundesliga,2025,2025-12-07 14:30:00,Werder Bremen,Hamburger SV,A,1.17349,1.57713,2,3,-0.40364
30349,Bundesliga,2025,2025-12-14 18:30:00,Werder Bremen,VfB Stuttgart,H,0.607898,2.05209,0,4,-1.4441920000000001
30350,Bundesliga,2025,2025-12-20 14:30:00,Werder Bremen,Augsburg,A,0.90686,1.49411,0,0,-0.58725
30369,Bundesliga,2025,2026-01-13 19:30:00,Werder Bremen,Borussia Dortmund,A,0.39948,2.31769,0,3,-1.9182099999999997
30384,Bundesliga,2025,2026-01-16 19:30:00,Werder Bremen,Eintracht Frankfurt,H,2.10111,1.20772,3,3,0.8933899999999999
30386,Bundesliga,2025,2026-01-24 14:30:00,Werder Bremen,Bayer Leverkusen,A,0.673986,2.51599,0,1,-1.842004
30367,Bundesliga,2025,2026-01-27 19:30:00,Werder Bremen,Hoffenheim,H,1.42692,0.567567,0,2,0.8593529999999999
30403,Bundesliga,2025,2026-01-31 14:30:00,Werder Bremen,Borussia M.Gladbach,H,0.991152,1.25715,1,1,-0.26599799999999996
30407,Bundesliga,2025,2026-02-07 14:30:00,Werder Bremen,Freiburg,A,1.12332,0.36452,0,1,0.7588000000000001
30421,Bundesliga,2025,2026-02-14 14:30:00,Werder Bremen,Bayern Munich,H,0.77965,1.87713,0,3,-1.09748
30428,Bundesliga,2025,2026-02-22 16:30:00,Werder Bremen,St. Pauli,A,1.61141,0.260698,1,2,1.3507120000000001
30439,Bundesliga,2025,2026-02-28 14:30:00,Werder Bremen,FC Heidenheim,H,3.47889,1.70919,2,0,1.7696999999999998
30447,Bundesliga,2025,2026-03-08 16:30:00,Werder Bremen,Union Berlin,A,2.23984,1.12998,4,1,1.10986
30457,Bundesliga,2025,2026-03-15 14:30:00,Werder Bremen,Mainz 05,H,0.890006,2.05621,0,2,-1.166204
30466,Bundesliga,2025,2026-03-21 14:30:00,Werder Bremen,Wolfsburg,A,0.414924,1.05686,1,0,-0.6419359999999998
30475,Bundesliga,2025,2026-04-04 13:30:00,Werder Bremen,RasenBallsport Leipzig,H,0.898486,1.61345,1,2,-0.714964
30478,Bundesliga,2025,2026-04-12 13:30:00,Werder Bremen,FC Cologne,A,0.870139,3.90871,1,3,-3.038571
30493,Bundesliga,2025,2026-04-18 13:30:00,Werder Bremen,Hamburger SV,H,1.60257,0.914249,3,1,0.6883210000000001
30501,Bundesliga,2025,2026-04-26 13:30:00,Werder Bremen,VfB Stuttgart,A,0.958992,1.99681,1,1,-1.0378180000000001
30511,Bundesliga,2025,2026-05-02 13:30:00,Werder Bremen,Augsburg,H,0.814452,3.23625,1,3,-2.421798
30516,Bundesliga,2025,2026-05-09 13:30:00,Werder Bremen,Hoffenheim,A,1.45272,1.28965,0,1,0.16307000000000005
30529,Bundesliga,2025,2026-05-16 13:30:00,Werder Bremen,Borussia Dortmund,H,0.530615,3.37413,0,2,-2.843515
27749,Bundesliga,2024,2024-08-25 13:30:00,Wolfsburg,Bayern Munich,H,2.08125,2.17538,2,3,-0.09413000000000027
27754,Bundesliga,2024,2024-08-31 13:30:00,Wolfsburg,Holstein Kiel,A,1.4619,0.89489,2,0,0.56701
27764,Bundesliga,2024,2024-09-14 13:30:00,Wolfsburg,Eintracht Frankfurt,H,1.23249,2.86858,1,2,-1.63609
27775,Bundesliga,2024,2024-09-22 13:30:00,Wolfsburg,Bayer Leverkusen,A,0.836406,1.71874,3,4,-0.882334
27780,Bundesliga,2024,2024-09-28 13:30:00,Wolfsburg,VfB Stuttgart,H,1.0386,2.58036,2,2,-1.5417600000000002
27792,Bundesliga,2024,2024-10-05 13:30:00,Wolfsburg,Bochum,A,2.37344,2.28586,3,1,0.08757999999999999
27801,Bundesliga,2024,2024-10-20 15:30:00,Wolfsburg,Werder Bremen,H,2.17351,2.14788,2,4,0.02563000000000004
27813,Bundesliga,2024,2024-10-26 13:30:00,Wolfsburg,St. Pauli,A,0.940969,0.730167,0,0,0.21080200000000004
27820,Bundesliga,2024,2024-11-02 14:30:00,Wolfsburg,Augsburg,H,1.11324,0.499473,1,1,0.613767
27825,Bundesliga,2024,2024-11-10 18:30:00,Wolfsburg,FC Heidenheim,A,1.55233,2.62448,3,1,-1.0721500000000002
27838,Bundesliga,2024,2024-11-23 14:30:00,Wolfsburg,Union Berlin,H,0.742754,0.63337,1,0,0.10938400000000004
27841,Bundesliga,2024,2024-11-30 14:30:00,Wolfsburg,RasenBallsport Leipzig,A,2.69881,1.4486,5,1,1.2502099999999998
27853,Bundesliga,2024,2024-12-08 14:30:00,Wolfsburg,Mainz 05,H,1.48692,3.02237,4,3,-1.53545
27862,Bundesliga,2024,2024-12-13 19:30:00,Wolfsburg,Freiburg,A,1.85123,2.96777,2,3,-1.1165399999999999
27874,Bundesliga,2024,2024-12-22 16:30:00,Wolfsburg,Borussia Dortmund,H,1.95337,2.4116,1,3,-0.4582299999999999
27879,Bundesliga,2024,2025-01-11 14:30:00,Wolfsburg,Hoffenheim,A,1.49127,1.18042,1,0,0.31085000000000007
27891,Bundesliga,2024,2025-01-14 19:30:00,Wolfsburg,Borussia M.Gladbach,H,3.72762,0.856948,5,1,2.870672
27897,Bundesliga,2024,2025-01-18 14:30:00,Wolfsburg,Bayern Munich,A,0.702414,3.23282,2,3,-2.5304059999999997
27910,Bundesliga,2024,2025-01-24 19:30:00,Wolfsburg,Holstein Kiel,H,2.52045,0.265769,2,2,2.2546809999999997
27919,Bundesliga,2024,2025-02-02 14:30:00,Wolfsburg,Eintracht Frankfurt,A,1.46292,1.69604,1,1,-0.23312
27927,Bundesliga,2024,2025-02-08 14:30:00,Wolfsburg,Bayer Leverkusen,H,0.895017,1.66317,0,0,-0.7681530000000001
27932,Bundesliga,2024,2025-02-15 14:30:00,Wolfsburg,VfB Stuttgart,A,1.75731,1.22466,2,1,0.5326499999999998
27945,Bundesliga,2024,2025-02-22 14:30:00,Wolfsburg,Bochum,H,2.16138,1.46609,1,1,0.69529
27953,Bundesliga,2024,2025-03-01 14:30:00,Wolfsburg,Werder Bremen,A,1.11674,2.10317,2,1,-0.9864299999999999
27964,Bundesliga,2024,2025-03-08 14:30:00,Wolfsburg,St. Pauli,H,1.96602,1.23696,1,1,0.72906
27971,Bundesliga,2024,2025-03-15 14:30:00,Wolfsburg,Augsburg,A,0.763636,0.598968,0,1,0.16466800000000004
27981,Bundesliga,2024,2025-03-29 14:30:00,Wolfsburg,FC Heidenheim,H,1.23886,1.31407,0,1,-0.07521
27991,Bundesliga,2024,2025-04-06 15:30:00,Wolfsburg,Union Berlin,A,1.79618,1.55071,0,1,0.24547000000000008
27999,Bundesliga,2024,2025-04-11 18:30:00,Wolfsburg,RasenBallsport Leipzig,H,1.84361,1.60065,2,3,0.24296000000000006
28009,Bundesliga,2024,2025-04-19 13:30:00,Wolfsburg,Mainz 05,A,1.80796,2.68235,2,2,-0.87439
28018,Bundesliga,2024,2025-04-26 13:30:00,Wolfsburg,Freiburg,H,0.288019,1.95821,0,1,-1.670191
28022,Bundesliga,2024,2025-05-03 16:30:00,Wolfsburg,Borussia Dortmund,A,1.3634,2.54996,0,4,-1.18656
28035,Bundesliga,2024,2025-05-09 18:30:00,Wolfsburg,Hoffenheim,H,1.36763,1.10881,2,2,0.25881999999999983
28046,Bundesliga,2024,2025-05-17 13:30:00,Wolfsburg,Borussia M.Gladbach,A,1.5757,0.744546,1,0,0.8311540000000001
30225,Bundesliga,2025,2025-08-23 13:30:00,Wolfsburg,FC Heidenheim,A,2.57718,0.783156,3,1,1.7940239999999998
30239,Bundesliga,2025,2025-08-31 13:30:00,Wolfsburg,Mainz 05,H,0.616661,1.81482,1,1,-1.198159
30246,Bundesliga,2025,2025-09-13 13:30:00,Wolfsburg,FC Cologne,H,1.79835,1.72631,3,3,0.07203999999999988
30259,Bundesliga,2025,2025-09-21 17:30:00,Wolfsburg,Borussia Dortmund,A,0.975457,1.24747,0,1,-0.27201300000000006
30264,Bundesliga,2025,2025-09-27 13:30:00,Wolfsburg,RasenBallsport Leipzig,H,2.59654,2.61107,0,1,-0.01452999999999971
30276,Bundesliga,2025,2025-10-04 13:30:00,Wolfsburg,Augsburg,A,1.22584,1.75326,1,3,-0.52742
30286,Bundesliga,2025,2025-10-18 13:30:00,Wolfsburg,VfB Stuttgart,H,0.392885,2.39474,0,3,-2.001855
30292,Bundesliga,2025,2025-10-25 13:30:00,Wolfsburg,Hamburger SV,A,0.695528,2.40547,1,0,-1.7099420000000003
30304,Bundesliga,2025,2025-11-02 16:30:00,Wolfsburg,Hoffenheim,H,1.40117,1.74291,2,3,-0.34173999999999993
30313,Bundesliga,2025,2025-11-07 19:30:00,Wolfsburg,Werder Bremen,A,0.676326,1.69456,1,2,-1.018234
30322,Bundesliga,2025,2025-11-22 14:30:00,Wolfsburg,Bayer Leverkusen,H,2.07979,1.58644,1,3,0.49334999999999996
30326,Bundesliga,2025,2025-11-30 16:30:00,Wolfsburg,Eintracht Frankfurt,A,1.60645,1.66051,1,1,-0.05406
30333,Bundesliga,2025,2025-12-06 14:30:00,Wolfsburg,Union Berlin,H,0.929936,2.01932,3,1,-1.089384
30343,Bundesliga,2025,2025-12-13 14:30:00,Wolfsburg,Borussia M.Gladbach,A,2.72142,0.620418,3,1,2.1010020000000003
30358,Bundesliga,2025,2025-12-20 14:30:00,Wolfsburg,Freiburg,H,1.30583,2.65964,3,4,-1.35381
30360,Bundesliga,2025,2026-01-11 16:30:00,Wolfsburg,Bayern Munich,A,1.08515,3.54931,1,8,-2.46416
30376,Bundesliga,2025,2026-01-14 17:30:00,Wolfsburg,St. Pauli,H,1.78032,1.21171,2,1,0.5686099999999998
30385,Bundesliga,2025,2026-01-17 14:30:00,Wolfsburg,FC Heidenheim,H,1.07653,0.991172,1,1,0.08535799999999993
30392,Bundesliga,2025,2026-01-24 14:30:00,Wolfsburg,Mainz 05,A,1.09338,4.34199,1,3,-3.24861
30398,Bundesliga,2025,2026-01-30 19:30:00,Wolfsburg,FC Cologne,A,1.34631,1.43559,0,1,-0.08928000000000003
30412,Bundesliga,2025,2026-02-07 14:30:00,Wolfsburg,Borussia Dortmund,H,2.02751,1.70601,1,2,0.3214999999999999
30419,Bundesliga,2025,2026-02-15 16:30:00,Wolfsburg,RasenBallsport Leipzig,A,0.687761,2.51087,2,2,-1.823109
30430,Bundesliga,2025,2026-02-21 14:30:00,Wolfsburg,Augsburg,H,2.17584,1.56427,2,3,0.61157
30438,Bundesliga,2025,2026-03-01 14:30:00,Wolfsburg,VfB Stuttgart,A,0.865739,2.95189,0,4,-2.086151
30448,Bundesliga,2025,2026-03-07 14:30:00,Wolfsburg,Hamburger SV,H,2.46612,1.80445,1,2,0.66167
30455,Bundesliga,2025,2026-03-14 14:30:00,Wolfsburg,Hoffenheim,A,0.221431,2.23813,1,1,-2.016699
30466,Bundesliga,2025,2026-03-21 14:30:00,Wolfsburg,Werder Bremen,H,1.05686,0.414924,0,1,0.6419359999999998
30467,Bundesliga,2025,2026-04-04 13:30:00,Wolfsburg,Bayer Leverkusen,A,2.54712,4.59518,3,6,-2.04806
30484,Bundesliga,2025,2026-04-11 13:30:00,Wolfsburg,Eintracht Frankfurt,H,2.26232,1.38694,1,2,0.8753799999999998
30492,Bundesliga,2025,2026-04-18 13:30:00,Wolfsburg,Union Berlin,A,0.23493,2.38881,2,1,-2.15388
30502,Bundesliga,2025,2026-04-25 13:30:00,Wolfsburg,Borussia M.Gladbach,H,1.61116,0.473153,0,0,1.138007
30507,Bundesliga,2025,2026-05-03 17:30:00,Wolfsburg,Freiburg,A,1.11086,0.947988,1,1,0.1628719999999999
30520,Bundesliga,2025,2026-05-09 16:30:00,Wolfsburg,Bayern Munich,H,3.26878,1.9054,0,1,1.36338
30527,Bundesliga,2025,2026-05-16 13:30:00,Wolfsburg,St. Pauli,A,4.0649,1.98722,3,1,2.07768
26604,EPL,2024,2024-08-17 14:00:00,Arsenal,Wolverhampton Wanderers,H,1.6283,0.575835,2,0,1.0524650000000002
26618,EPL,2024,2024-08-24 16:30:00,Arsenal,Aston Villa,A,1.41399,1.31664,2,0,0.09735000000000005
26622,EPL,2024,2024-08-31 11:30:00,Arsenal,Brighton,H,2.41798,1.81748,1,1,0.6005
26640,EPL,2024,2024-09-15 13:00:00,Arsenal,Tottenham,A,1.1209,0.792595,1,0,0.32830499999999996
26651,EPL,2024,2024-09-22 15:30:00,Arsenal,Manchester City,A,1.28411,2.75588,2,2,-1.4717699999999998
26655,EPL,2024,2024-09-28 14:00:00,Arsenal,Leicester,H,6.05305,0.337909,4,2,5.715141
26666,EPL,2024,2024-10-05 14:00:00,Arsenal,Southampton,H,3.25165,1.27313,3,1,1.97852
26680,EPL,2024,2024-10-19 16:30:00,Arsenal,Bournemouth,A,0.740758,2.18419,0,2,-1.443432
26691,EPL,2024,2024-10-27 16:30:00,Arsenal,Liverpool,H,1.0883,1.35346,2,2,-0.26516000000000006
26694,EPL,2024,2024-11-02 12:30:00,Arsenal,Newcastle United,A,0.911305,0.859715,0,1,0.051590000000000025
26705,EPL,2024,2024-11-10 16:30:00,Arsenal,Chelsea,A,1.9605,1.24067,1,1,0.71983
26714,EPL,2024,2024-11-23 15:00:00,Arsenal,Nottingham Forest,H,1.66016,0.403136,3,0,1.2570240000000001
26730,EPL,2024,2024-11-30 17:30:00,Arsenal,West Ham,A,3.99935,1.23539,5,2,2.76396
26733,EPL,2024,2024-12-04 20:15:00,Arsenal,Manchester United,H,2.96684,0.256083,2,0,2.710757
26749,EPL,2024,2024-12-08 14:00:00,Arsenal,Fulham,A,2.4333,0.150988,1,1,2.282312
26755,EPL,2024,2024-12-14 15:00:00,Arsenal,Everton,H,1.30865,0.132166,0,0,1.176484
26765,EPL,2024,2024-12-21 17:30:00,Arsenal,Crystal Palace,A,3.05434,1.6052,5,1,1.4491399999999999
26773,EPL,2024,2024-12-27 20:15:00,Arsenal,Ipswich,H,2.16462,0.0783327,1,0,2.0862873000000004
26783,EPL,2024,2025-01-01 17:30:00,Arsenal,Brentford,A,1.99848,0.272604,3,1,1.725876
26794,EPL,2024,2025-01-04 17:30:00,Arsenal,Brighton,A,1.81142,1.76513,1,1,0.04628999999999994
26802,EPL,2024,2025-01-15 20:00:00,Arsenal,Tottenham,H,2.25501,0.777071,2,1,1.4779390000000001
26812,EPL,2024,2025-01-18 17:30:00,Arsenal,Aston Villa,H,1.64458,1.20602,2,2,0.43855999999999984
26831,EPL,2024,2025-01-25 15:00:00,Arsenal,Wolverhampton Wanderers,A,0.887358,0.514724,1,0,0.372634
26833,EPL,2024,2025-02-02 16:30:00,Arsenal,Manchester City,H,1.53202,0.743191,5,1,0.7888289999999999
26846,EPL,2024,2025-02-15 12:30:00,Arsenal,Leicester,A,1.75,0.233209,2,0,1.516791
26853,EPL,2024,2025-02-22 15:00:00,Arsenal,West Ham,H,1.37264,1.02684,0,1,0.3458000000000001
26864,EPL,2024,2025-02-26 19:30:00,Arsenal,Nottingham Forest,A,1.31766,0.508611,0,0,0.809049
26877,EPL,2024,2025-03-09 16:30:00,Arsenal,Manchester United,A,1.82996,1.31107,1,1,0.5188900000000001
26883,EPL,2024,2025-03-16 13:30:00,Arsenal,Chelsea,H,0.695725,0.286036,1,0,0.409689
26892,EPL,2024,2025-04-01 19:45:00,Arsenal,Fulham,H,2.30189,1.44206,2,1,0.8598300000000003
26905,EPL,2024,2025-04-05 11:30:00,Arsenal,Everton,A,1.4031,1.22875,1,1,0.17435
26913,EPL,2024,2025-04-12 16:30:00,Arsenal,Brentford,H,0.767369,0.588583,1,1,0.178786
26927,EPL,2024,2025-04-20 13:00:00,Arsenal,Ipswich,A,2.81362,0.192879,4,0,2.6207409999999998
26933,EPL,2024,2025-04-23 19:00:00,Arsenal,Crystal Palace,H,1.92149,2.50515,2,2,-0.5836600000000001
26945,EPL,2024,2025-05-03 16:30:00,Arsenal,Bournemouth,H,2.05484,1.41783,1,2,0.6370100000000001
26952,EPL,2024,2025-05-11 15:30:00,Arsenal,Liverpool,A,2.18795,2.74682,2,2,-0.5588700000000002
26962,EPL,2024,2025-05-18 15:30:00,Arsenal,Newcastle United,H,1.15958,2.24634,1,0,-1.08676
26977,EPL,2024,2025-05-25 15:00:00,Arsenal,Southampton,A,2.40711,0.598144,2,1,1.8089659999999999
28786,EPL,2025,2025-08-17 15:30:00,Arsenal,Manchester United,A,1.3304,1.37653,1,0,-0.046130000000000004
28793,EPL,2025,2025-08-23 16:30:00,Arsenal,Leeds,H,2.73761,0.156761,5,0,2.580849
28806,EPL,2025,2025-08-31 15:30:00,Arsenal,Liverpool,A,0.485679,0.481404,0,1,0.004275000000000029
28808,EPL,2025,2025-09-13 11:30:00,Arsenal,Nottingham Forest,H,2.8817,0.293681,3,0,2.588019
28827,EPL,2025,2025-09-21 15:30:00,Arsenal,Manchester City,H,0.718575,1.1227,1,1,-0.40412500000000007
28836,EPL,2025,2025-09-28 15:30:00,Arsenal,Newcastle United,A,2.07048,0.739851,2,1,1.3306289999999998
28839,EPL,2025,2025-10-04 14:00:00,Arsenal,West Ham,H,3.0585,0.864549,2,0,2.193951
28851,EPL,2025,2025-10-18 16:30:00,Arsenal,Fulham,A,2.07823,0.502332,1,0,1.575898
28859,EPL,2025,2025-10-26 13:00:00,Arsenal,Crystal Palace,H,0.856175,0.350534,1,0,0.505641
28869,EPL,2025,2025-11-01 15:00:00,Arsenal,Burnley,A,2.51649,0.679177,2,0,1.837313
28885,EPL,2025,2025-11-08 17:30:00,Arsenal,Sunderland,A,2.32943,1.20495,2,2,1.12448
28889,EPL,2025,2025-11-23 16:30:00,Arsenal,Tottenham,H,2.27827,0.0300672,4,1,2.2482028
28900,EPL,2025,2025-11-30 16:30:00,Arsenal,Chelsea,A,1.22828,0.791914,1,1,0.43636600000000003
28909,EPL,2025,2025-12-03 19:30:00,Arsenal,Brentford,H,2.63126,0.588716,2,0,2.0425440000000004
28919,EPL,2025,2025-12-06 12:30:00,Arsenal,Aston Villa,A,1.85965,2.71986,1,2,-0.8602100000000001
28928,EPL,2025,2025-12-13 20:00:00,Arsenal,Wolverhampton Wanderers,H,1.61796,0.61997,2,1,0.99799
28941,EPL,2025,2025-12-20 20:00:00,Arsenal,Everton,A,1.84723,0.213273,1,0,1.6339569999999999
28948,EPL,2025,2025-12-27 15:00:00,Arsenal,Brighton,H,2.54318,0.710064,2,1,1.833116
28958,EPL,2025,2025-12-30 20:15:00,Arsenal,Aston Villa,H,4.41335,2.94195,4,1,1.4714000000000005
28971,EPL,2025,2026-01-03 17:30:00,Arsenal,Bournemouth,A,1.28,0.947846,3,2,0.33215400000000006
28980,EPL,2025,2026-01-08 20:00:00,Arsenal,Liverpool,H,0.701832,0.318642,0,0,0.38319000000000003
28994,EPL,2025,2026-01-17 17:30:00,Arsenal,Nottingham Forest,A,2.86323,0.318481,0,0,2.5447490000000004
28999,EPL,2025,2026-01-25 16:30:00,Arsenal,Manchester United,H,1.42411,0.640902,2,3,0.783208
29015,EPL,2025,2026-01-31 15:00:00,Arsenal,Leeds,A,3.54427,0.17871,4,0,3.36556
29019,EPL,2025,2026-02-07 15:00:00,Arsenal,Sunderland,H,1.19401,0.427225,3,0,0.766785
29029,EPL,2025,2026-02-12 20:00:00,Arsenal,Brentford,A,0.78418,1.81154,1,1,-1.0273599999999998
29087,EPL,2025,2026-02-18 20:00:00,Arsenal,Wolverhampton Wanderers,A,2.01018,0.173119,2,2,1.837061
29046,EPL,2025,2026-02-22 16:30:00,Arsenal,Tottenham,A,3.31701,0.383264,4,1,2.9337459999999997
29049,EPL,2025,2026-03-01 16:30:00,Arsenal,Chelsea,H,1.71598,1.35268,2,1,0.36329999999999996
29060,EPL,2025,2026-03-04 19:30:00,Arsenal,Brighton,A,0.514803,0.919228,1,0,-0.40442500000000003
29068,EPL,2025,2026-03-14 17:30:00,Arsenal,Everton,H,1.90855,1.17847,2,0,0.7300800000000001
29092,EPL,2025,2026-04-11 11:30:00,Arsenal,Bournemouth,H,3.16346,1.39461,1,2,1.7688500000000003
29104,EPL,2025,2026-04-19 15:30:00,Arsenal,Manchester City,A,2.28964,2.61528,1,2,-0.32563999999999993
29109,EPL,2025,2026-04-25 16:30:00,Arsenal,Newcastle United,H,0.639189,0.868897,1,0,-0.22970800000000002
29119,EPL,2025,2026-05-02 17:30:00,Arsenal,Fulham,H,4.09079,0.696714,3,0,3.394076
29137,EPL,2025,2026-05-10 16:30:00,Arsenal,West Ham,A,1.42953,1.32011,1,0,0.10942000000000007
29139,EPL,2025,2026-05-18 20:00:00,Arsenal,Burnley,H,1.22695,0.194884,1,0,1.032066
29150,EPL,2025,2026-05-24 15:00:00,Arsenal,Crystal Palace,A,3.90645,1.00492,2,1,2.90153
26608,EPL,2024,2024-08-17 16:30:00,Aston Villa,West Ham,A,2.6703,2.8047,2,1,-0.13439999999999985
26618,EPL,2024,2024-08-24 16:30:00,Aston Villa,Arsenal,H,1.31664,1.41399,0,2,-0.09735000000000005
26626,EPL,2024,2024-08-31 14:00:00,Aston Villa,Leicester,A,2.16385,0.774741,2,1,1.389109
26638,EPL,2024,2024-09-14 16:30:00,Aston Villa,Everton,H,3.15876,0.852158,3,2,2.306602
26647,EPL,2024,2024-09-21 14:00:00,Aston Villa,Wolverhampton Wanderers,H,2.37351,0.520117,3,1,1.853393
26659,EPL,2024,2024-09-29 13:00:00,Aston Villa,Ipswich,A,1.14494,1.84608,2,2,-0.7011399999999999
26670,EPL,2024,2024-10-06 13:00:00,Aston Villa,Manchester United,H,0.532809,0.448537,0,0,0.08427199999999996
26673,EPL,2024,2024-10-19 14:00:00,Aston Villa,Fulham,A,1.43595,2.63074,3,1,-1.1947899999999998
26684,EPL,2024,2024-10-26 14:00:00,Aston Villa,Bournemouth,H,1.974,0.328651,1,1,1.645349
26700,EPL,2024,2024-11-03 14:00:00,Aston Villa,Tottenham,A,2.48749,2.09751,1,4,0.38998
26707,EPL,2024,2024-11-09 20:00:00,Aston Villa,Liverpool,A,1.66337,2.68196,0,2,-1.01859
26716,EPL,2024,2024-11-23 15:00:00,Aston Villa,Crystal Palace,H,3.04455,1.61437,2,2,1.43018
26724,EPL,2024,2024-12-01 13:30:00,Aston Villa,Chelsea,A,0.875443,1.94939,0,3,-1.073947
26734,EPL,2024,2024-12-04 20:15:00,Aston Villa,Brentford,H,3.21673,1.13266,3,1,2.08407
26742,EPL,2024,2024-12-07 15:00:00,Aston Villa,Southampton,H,2.51338,0.385832,1,0,2.127548
26761,EPL,2024,2024-12-14 17:30:00,Aston Villa,Nottingham Forest,A,0.389423,2.2861,1,2,-1.8966769999999997
26762,EPL,2024,2024-12-21 12:30:00,Aston Villa,Manchester City,H,2.05988,1.09627,2,1,0.9636100000000001
26778,EPL,2024,2024-12-26 15:00:00,Aston Villa,Newcastle United,A,0.225522,2.82867,0,3,-2.603148
26782,EPL,2024,2024-12-30 19:45:00,Aston Villa,Brighton,H,1.87997,0.938042,2,2,0.9419279999999999
26793,EPL,2024,2025-01-04 15:00:00,Aston Villa,Leicester,H,2.3456,0.81548,2,1,1.5301200000000001
26804,EPL,2024,2025-01-15 19:30:00,Aston Villa,Everton,A,1.28522,1.23126,1,0,0.05396000000000001
26812,EPL,2024,2025-01-18 17:30:00,Aston Villa,Arsenal,A,1.20602,1.64458,2,2,-0.43855999999999984
26823,EPL,2024,2025-01-26 16:30:00,Aston Villa,West Ham,H,0.907851,1.67886,1,1,-0.771009
26841,EPL,2024,2025-02-01 17:30:00,Aston Villa,Wolverhampton Wanderers,A,0.742809,2.00146,0,2,-1.2586509999999997
26842,EPL,2024,2025-02-15 15:00:00,Aston Villa,Ipswich,H,2.89841,0.332864,1,1,2.5655460000000003
26884,EPL,2024,2025-02-19 15:00:00,Aston Villa,Liverpool,H,1.02269,2.04279,2,2,-1.0201
26854,EPL,2024,2025-02-22 17:30:00,Aston Villa,Chelsea,H,2.69413,2.17418,2,1,0.5199500000000001
26868,EPL,2024,2025-02-25 19:30:00,Aston Villa,Crystal Palace,A,0.667217,4.02522,1,4,-3.358003
26872,EPL,2024,2025-03-08 17:30:00,Aston Villa,Brentford,A,1.29638,0.637743,1,0,0.6586370000000001
26893,EPL,2024,2025-04-02 19:45:00,Aston Villa,Brighton,A,1.20715,0.558009,3,0,0.649141
26902,EPL,2024,2025-04-05 16:30:00,Aston Villa,Nottingham Forest,H,2.63349,0.96769,2,1,1.6658
26921,EPL,2024,2025-04-12 14:00:00,Aston Villa,Southampton,A,2.99927,0.412256,3,0,2.587014
26922,EPL,2024,2025-04-19 16:30:00,Aston Villa,Newcastle United,H,3.05371,1.27176,4,1,1.7819500000000001
26937,EPL,2024,2025-04-22 19:00:00,Aston Villa,Manchester City,A,1.85906,1.36232,1,2,0.49673999999999996
26946,EPL,2024,2025-05-03 11:30:00,Aston Villa,Fulham,H,1.29013,0.702787,1,0,0.587343
26955,EPL,2024,2025-05-10 16:30:00,Aston Villa,Bournemouth,A,1.12376,1.02272,1,0,0.10104000000000002
26963,EPL,2024,2025-05-16 18:30:00,Aston Villa,Tottenham,H,1.69061,0.523016,2,0,1.1675939999999998
26974,EPL,2024,2025-05-25 15:00:00,Aston Villa,Manchester United,A,0.335222,2.96259,0,2,-2.627368
28779,EPL,2025,2025-08-16 11:30:00,Aston Villa,Newcastle United,H,0.318601,1.40098,0,0,-1.082379
28790,EPL,2025,2025-08-23 14:00:00,Aston Villa,Brentford,A,0.976852,1.12964,0,1,-0.15278799999999992
28807,EPL,2025,2025-08-31 18:00:00,Aston Villa,Crystal Palace,H,1.20586,2.59713,0,3,-1.39127
28812,EPL,2025,2025-09-13 14:00:00,Aston Villa,Everton,A,0.354327,1.8927,0,0,-1.538373
28826,EPL,2025,2025-09-21 13:00:00,Aston Villa,Sunderland,A,0.939354,0.938312,1,1,0.0010419999999999874
28831,EPL,2025,2025-09-28 13:00:00,Aston Villa,Fulham,H,1.36575,0.952612,3,1,0.413138
28840,EPL,2025,2025-10-05 13:00:00,Aston Villa,Burnley,H,1.73572,0.502292,2,1,1.233428
28856,EPL,2025,2025-10-19 13:00:00,Aston Villa,Tottenham,A,0.352231,1.51461,2,1,-1.162379
28860,EPL,2025,2025-10-26 13:00:00,Aston Villa,Manchester City,H,0.843906,1.36914,1,0,-0.525234
28872,EPL,2025,2025-11-01 20:00:00,Aston Villa,Liverpool,A,0.43502,1.47021,0,2,-1.03519
28878,EPL,2025,2025-11-09 14:00:00,Aston Villa,Bournemouth,H,1.88282,2.00992,4,0,-0.1271000000000002
28893,EPL,2025,2025-11-23 14:00:00,Aston Villa,Leeds,A,1.35978,1.84668,2,1,-0.4869000000000001
28898,EPL,2025,2025-11-30 14:05:00,Aston Villa,Wolverhampton Wanderers,H,1.15486,0.692588,1,0,0.462272
28910,EPL,2025,2025-12-03 19:30:00,Aston Villa,Brighton,A,3.15745,1.96298,4,3,1.19447
28919,EPL,2025,2025-12-06 12:30:00,Aston Villa,Arsenal,H,2.71986,1.85965,2,1,0.8602100000000001
28937,EPL,2025,2025-12-14 14:00:00,Aston Villa,West Ham,A,0.595093,1.27701,3,2,-0.681917
28939,EPL,2025,2025-12-21 16:30:00,Aston Villa,Manchester United,H,1.86917,1.30455,2,1,0.5646199999999999
28951,EPL,2025,2025-12-27 17:30:00,Aston Villa,Chelsea,A,2.05918,1.97155,2,1,0.0876300000000001
28958,EPL,2025,2025-12-30 20:15:00,Aston Villa,Arsenal,A,2.94195,4.41335,1,4,-1.4714000000000005
28972,EPL,2025,2026-01-03 12:30:00,Aston Villa,Nottingham Forest,H,1.42988,0.8982,3,1,0.53168
28983,EPL,2025,2026-01-07 19:30:00,Aston Villa,Crystal Palace,A,2.07015,1.32505,0,0,0.7450999999999999
28988,EPL,2025,2026-01-18 16:30:00,Aston Villa,Everton,H,0.905393,0.745859,0,1,0.15953399999999995
29006,EPL,2025,2026-01-25 14:00:00,Aston Villa,Newcastle United,A,1.32143,1.95484,2,0,-0.6334099999999998
29008,EPL,2025,2026-02-01 14:00:00,Aston Villa,Brentford,H,2.15316,0.314916,0,1,1.8382440000000002
29018,EPL,2025,2026-02-07 15:00:00,Aston Villa,Bournemouth,A,0.646496,1.82646,1,1,-1.179964
29028,EPL,2025,2026-02-11 19:30:00,Aston Villa,Brighton,H,0.576138,0.481306,1,0,0.09483200000000003
29038,EPL,2025,2026-02-21 15:00:00,Aston Villa,Leeds,H,1.25439,1.27855,1,1,-0.02416000000000018
29057,EPL,2025,2026-02-27 20:00:00,Aston Villa,Wolverhampton Wanderers,A,1.31328,1.50771,0,2,-0.1944300000000001
29059,EPL,2025,2026-03-04 19:30:00,Aston Villa,Chelsea,H,1.06854,3.38883,1,4,-2.32029
29074,EPL,2025,2026-03-15 14:00:00,Aston Villa,Manchester United,A,1.21071,1.67823,1,3,-0.46752000000000016
29079,EPL,2025,2026-03-22 14:15:00,Aston Villa,West Ham,H,2.48528,0.760054,2,0,1.725226
29089,EPL,2025,2026-04-12 13:00:00,Aston Villa,Nottingham Forest,A,1.36297,0.85045,1,1,0.51252
29098,EPL,2025,2026-04-19 13:00:00,Aston Villa,Sunderland,H,3.90223,1.56008,4,3,2.34215
29112,EPL,2025,2026-04-25 11:30:00,Aston Villa,Fulham,A,0.906156,1.24069,0,1,-0.3345340000000001
29120,EPL,2025,2026-05-03 19:00:00,Aston Villa,Tottenham,H,0.609494,1.12225,1,2,-0.512756
29129,EPL,2025,2026-05-10 14:00:00,Aston Villa,Burnley,A,1.75493,1.71234,2,2,0.04259000000000013
29140,EPL,2025,2026-05-15 20:00:00,Aston Villa,Liverpool,H,2.5252,1.55027,4,2,0.9749299999999999
29153,EPL,2025,2026-05-24 15:00:00,Aston Villa,Manchester City,A,2.4397,1.38085,2,1,1.0588500000000003
26607,EPL,2024,2024-08-17 14:00:00,Bournemouth,Nottingham Forest,A,1.90915,1.24405,1,1,0.6650999999999998
26620,EPL,2024,2024-08-25 13:00:00,Bournemouth,Newcastle United,H,2.53513,1.89287,1,1,0.64226
26624,EPL,2024,2024-08-31 14:00:00,Bournemouth,Everton,A,2.95688,2.55629,3,2,0.4005899999999998
26639,EPL,2024,2024-09-14 19:00:00,Bournemouth,Chelsea,H,1.53731,0.932726,0,1,0.6045839999999999
26645,EPL,2024,2024-09-21 14:00:00,Bournemouth,Liverpool,A,1.46979,2.43731,0,3,-0.9675200000000002
26661,EPL,2024,2024-09-30 19:00:00,Bournemouth,Southampton,H,1.44215,0.696068,3,1,0.746082
26663,EPL,2024,2024-10-05 14:00:00,Bournemouth,Leicester,A,1.94963,0.912063,0,1,1.0375670000000001
26680,EPL,2024,2024-10-19 16:30:00,Bournemouth,Arsenal,H,2.18419,0.740758,2,0,1.443432
26684,EPL,2024,2024-10-26 14:00:00,Bournemouth,Aston Villa,A,0.328651,1.974,1,1,-1.645349
26692,EPL,2024,2024-11-02 15:00:00,Bournemouth,Manchester City,H,2.4493,2.3527,2,1,0.09660000000000002
26702,EPL,2024,2024-11-09 15:00:00,Bournemouth,Brentford,A,2.49234,1.56474,2,3,0.9276
26712,EPL,2024,2024-11-23 15:00:00,Bournemouth,Brighton,H,1.91157,1.23059,1,2,0.6809799999999999
26731,EPL,2024,2024-11-30 15:00:00,Bournemouth,Wolverhampton Wanderers,A,3.07901,0.866034,4,2,2.212976
26732,EPL,2024,2024-12-05 20:15:00,Bournemouth,Tottenham,H,3.27716,0.623934,1,0,2.653226
26750,EPL,2024,2024-12-08 14:00:00,Bournemouth,Ipswich,A,3.49127,1.5668,2,1,1.9244700000000001
26754,EPL,2024,2024-12-16 20:00:00,Bournemouth,West Ham,H,2.04842,1.81827,1,1,0.23015000000000008
26769,EPL,2024,2024-12-22 14:00:00,Bournemouth,Manchester United,A,1.82831,2.28533,3,0,-0.45702
26772,EPL,2024,2024-12-26 15:00:00,Bournemouth,Crystal Palace,H,1.20189,0.500066,0,0,0.7018239999999999
26786,EPL,2024,2024-12-29 15:00:00,Bournemouth,Fulham,A,1.70692,0.961566,2,2,0.745354
26792,EPL,2024,2025-01-04 15:00:00,Bournemouth,Everton,H,2.61852,0.561015,1,0,2.057505
26809,EPL,2024,2025-01-14 19:30:00,Bournemouth,Chelsea,A,1.14845,2.53808,2,2,-1.38963
26819,EPL,2024,2025-01-18 12:30:00,Bournemouth,Newcastle United,A,2.70174,0.837801,4,1,1.863939
26822,EPL,2024,2025-01-25 15:00:00,Bournemouth,Nottingham Forest,H,2.8254,0.996166,5,0,1.829234
26832,EPL,2024,2025-02-01 15:00:00,Bournemouth,Liverpool,H,1.65273,2.7219,0,2,-1.0691700000000002
26849,EPL,2024,2025-02-15 15:00:00,Bournemouth,Southampton,A,2.08722,0.974418,3,1,1.1128019999999998
26852,EPL,2024,2025-02-22 15:00:00,Bournemouth,Wolverhampton Wanderers,H,0.629691,2.10124,0,1,-1.4715490000000002
26863,EPL,2024,2025-02-25 19:30:00,Bournemouth,Brighton,A,1.70169,2.57927,1,2,-0.8775800000000002
26879,EPL,2024,2025-03-09 14:00:00,Bournemouth,Tottenham,A,2.22536,1.35053,2,2,0.8748299999999998
26882,EPL,2024,2025-03-15 17:30:00,Bournemouth,Brentford,H,2.02714,1.60321,1,2,0.42393000000000014
26896,EPL,2024,2025-04-02 19:45:00,Bournemouth,Ipswich,H,1.99637,1.41263,1,2,0.5837399999999999
26911,EPL,2024,2025-04-05 14:00:00,Bournemouth,West Ham,A,1.94869,0.907832,2,2,1.040858
26912,EPL,2024,2025-04-14 19:00:00,Bournemouth,Fulham,H,1.8577,1.07203,1,0,0.7856699999999999
26924,EPL,2024,2025-04-19 14:00:00,Bournemouth,Crystal Palace,A,0.664093,0.337818,0,0,0.32627500000000004
26932,EPL,2024,2025-04-27 13:00:00,Bournemouth,Manchester United,H,0.60995,1.91039,1,1,-1.30044
26945,EPL,2024,2025-05-03 16:30:00,Bournemouth,Arsenal,A,1.41783,2.05484,2,1,-0.6370100000000001
26955,EPL,2024,2025-05-10 16:30:00,Bournemouth,Aston Villa,H,1.02272,1.12376,0,1,-0.10104000000000002
26970,EPL,2024,2025-05-20 19:00:00,Bournemouth,Manchester City,A,0.962014,1.59779,1,3,-0.635776
26979,EPL,2024,2025-05-25 15:00:00,Bournemouth,Leicester,H,2.72449,0.156702,2,0,2.5677879999999997
28778,EPL,2025,2025-08-15 19:00:00,Bournemouth,Liverpool,A,1.57303,2.33007,2,4,-0.7570400000000002
28792,EPL,2025,2025-08-23 14:00:00,Bournemouth,Wolverhampton Wanderers,H,1.78462,0.373367,1,0,1.411253
28799,EPL,2025,2025-08-30 14:00:00,Bournemouth,Tottenham,A,2.1201,0.17067,1,0,1.94943
28810,EPL,2025,2025-09-13 14:00:00,Bournemouth,Brighton,H,1.44187,0.624923,2,1,0.816947
28823,EPL,2025,2025-09-21 13:00:00,Bournemouth,Newcastle United,H,0.55066,0.153629,0,0,0.397031
28832,EPL,2025,2025-09-27 14:00:00,Bournemouth,Leeds,A,1.06033,2.04728,2,2,-0.9869500000000002
28838,EPL,2025,2025-10-03 19:00:00,Bournemouth,Fulham,H,1.33458,0.84335,3,1,0.49123000000000006
28850,EPL,2025,2025-10-18 14:00:00,Bournemouth,Crystal Palace,A,2.0471,4.56284,3,3,-2.5157399999999996
28858,EPL,2025,2025-10-26 13:00:00,Bournemouth,Nottingham Forest,H,0.656601,0.305493,2,0,0.351108
28873,EPL,2025,2025-11-02 16:30:00,Bournemouth,Manchester City,A,0.899846,2.48999,1,3,-1.590144
28878,EPL,2025,2025-11-09 14:00:00,Bournemouth,Aston Villa,A,2.00992,1.88282,0,4,0.1271000000000002
28888,EPL,2025,2025-11-22 15:00:00,Bournemouth,West Ham,H,3.48299,0.390782,2,2,3.092208
28905,EPL,2025,2025-11-29 15:00:00,Bournemouth,Sunderland,A,1.79274,1.16955,2,3,0.6231899999999999
28908,EPL,2025,2025-12-02 19:30:00,Bournemouth,Everton,H,0.635415,1.19573,0,1,-0.560315
28918,EPL,2025,2025-12-06 15:00:00,Bournemouth,Chelsea,H,1.41931,0.672602,0,0,0.746708
28934,EPL,2025,2025-12-15 20:00:00,Bournemouth,Manchester United,A,2.35196,3.21204,4,4,-0.86008
28938,EPL,2025,2025-12-20 15:00:00,Bournemouth,Burnley,H,1.81847,0.480528,1,1,1.337942
28949,EPL,2025,2025-12-27 15:00:00,Bournemouth,Brentford,A,2.56183,2.8513,1,4,-0.2894700000000001
28961,EPL,2025,2025-12-30 19:30:00,Bournemouth,Chelsea,A,3.49142,2.33294,2,2,1.1584800000000004
28971,EPL,2025,2026-01-03 17:30:00,Bournemouth,Arsenal,H,0.947846,1.28,2,3,-0.33215400000000006
28979,EPL,2025,2026-01-07 19:30:00,Bournemouth,Tottenham,H,1.19014,1.6261,3,2,-0.4359600000000001
28989,EPL,2025,2026-01-19 20:00:00,Bournemouth,Brighton,A,1.69737,0.995777,1,1,0.701593
28998,EPL,2025,2026-01-24 17:30:00,Bournemouth,Liverpool,H,3.31474,0.937335,3,2,2.377405
29017,EPL,2025,2026-01-31 15:00:00,Bournemouth,Wolverhampton Wanderers,A,1.59116,2.10353,2,0,-0.5123700000000002
29018,EPL,2025,2026-02-07 15:00:00,Bournemouth,Aston Villa,H,1.82646,0.646496,1,1,1.179964
29032,EPL,2025,2026-02-10 19:30:00,Bournemouth,Everton,A,1.4121,2.33114,2,1,-0.9190400000000001
29047,EPL,2025,2026-02-21 17:30:00,Bournemouth,West Ham,A,0.522731,2.34412,0,0,-1.8213890000000004
29048,EPL,2025,2026-02-28 12:30:00,Bournemouth,Sunderland,H,1.82434,1.07887,1,1,0.7454700000000001
29058,EPL,2025,2026-03-03 19:30:00,Bournemouth,Brentford,H,2.3177,0.673328,0,0,1.6443719999999997
29070,EPL,2025,2026-03-14 15:00:00,Bournemouth,Burnley,A,2.36979,1.67695,0,0,0.6928400000000001
29078,EPL,2025,2026-03-20 20:00:00,Bournemouth,Manchester United,H,1.76664,1.74574,2,2,0.02089999999999992
29092,EPL,2025,2026-04-11 11:30:00,Bournemouth,Arsenal,A,1.39461,3.16346,2,1,-1.7688500000000003
29105,EPL,2025,2026-04-18 14:00:00,Bournemouth,Newcastle United,A,3.36662,1.61167,2,1,1.7549500000000002
29108,EPL,2025,2026-04-22 19:00:00,Bournemouth,Leeds,H,1.91355,1.21601,2,2,0.69754
29118,EPL,2025,2026-05-03 14:00:00,Bournemouth,Crystal Palace,H,2.29626,0.678329,3,0,1.6179310000000002
29131,EPL,2025,2026-05-09 15:00:00,Bournemouth,Fulham,A,0.998003,1.24334,1,0,-0.24533699999999992
29138,EPL,2025,2026-05-19 19:30:00,Bournemouth,Manchester City,H,1.71486,1.26917,1,1,0.44569000000000014
29154,EPL,2025,2026-05-24 15:00:00,Bournemouth,Nottingham Forest,A,1.33684,2.05852,1,1,-0.7216800000000001
26609,EPL,2024,2024-08-18 13:00:00,Brentford,Crystal Palace,H,1.38064,1.14757,2,1,0.2330700000000001
26621,EPL,2024,2024-08-25 15:30:00,Brentford,Liverpool,A,0.457239,2.71877,0,2,-2.261531
26623,EPL,2024,2024-08-31 14:00:00,Brentford,Southampton,H,3.86281,1.64713,3,1,2.21568
26637,EPL,2024,2024-09-14 14:00:00,Brentford,Manchester City,A,1.05094,1.55279,1,2,-0.5018499999999999
26648,EPL,2024,2024-09-21 14:00:00,Brentford,Tottenham,A,0.893565,3.89481,1,3,-3.001245
26656,EPL,2024,2024-09-28 14:00:00,Brentford,West Ham,H,0.370222,0.878617,1,1,-0.5083949999999999
26667,EPL,2024,2024-10-05 14:00:00,Brentford,Wolverhampton Wanderers,H,4.13513,0.696254,5,3,3.438876
26675,EPL,2024,2024-10-19 14:00:00,Brentford,Manchester United,A,0.892843,1.76555,1,2,-0.8727069999999999
26685,EPL,2024,2024-10-26 14:00:00,Brentford,Ipswich,H,4.09663,1.65698,4,3,2.4396500000000003
26693,EPL,2024,2024-11-04 20:00:00,Brentford,Fulham,A,0.739231,1.43017,1,2,-0.690939
26702,EPL,2024,2024-11-09 15:00:00,Brentford,Bournemouth,H,1.56474,2.49234,3,2,-0.9276
26715,EPL,2024,2024-11-23 15:00:00,Brentford,Everton,A,1.34314,1.5951,0,0,-0.25195999999999996
26722,EPL,2024,2024-11-30 15:00:00,Brentford,Leicester,H,2.21885,0.907555,4,1,1.3112950000000003
26734,EPL,2024,2024-12-04 20:15:00,Brentford,Aston Villa,A,1.13266,3.21673,1,3,-2.08407
26743,EPL,2024,2024-12-07 15:00:00,Brentford,Newcastle United,H,1.746,1.95645,4,2,-0.21045000000000003
26757,EPL,2024,2024-12-15 19:00:00,Brentford,Chelsea,A,1.65861,2.59146,1,2,-0.9328500000000002
26766,EPL,2024,2024-12-21 15:00:00,Brentford,Nottingham Forest,H,0.769004,0.964897,0,2,-0.19589299999999998
26774,EPL,2024,2024-12-27 19:30:00,Brentford,Brighton,A,0.961233,1.33538,0,0,-0.374147
26783,EPL,2024,2025-01-01 17:30:00,Brentford,Arsenal,H,0.272604,1.99848,1,3,-1.725876
26799,EPL,2024,2025-01-04 15:00:00,Brentford,Southampton,A,5.54874,0.249614,5,0,5.299125999999999
26803,EPL,2024,2025-01-14 19:30:00,Brentford,Manchester City,H,2.39088,2.65315,2,2,-0.26227
26813,EPL,2024,2025-01-18 15:00:00,Brentford,Liverpool,H,1.20021,4.16249,0,2,-2.96228
26825,EPL,2024,2025-01-26 14:00:00,Brentford,Crystal Palace,A,1.92037,1.23177,2,1,0.6885999999999999
26834,EPL,2024,2025-02-02 14:00:00,Brentford,Tottenham,H,1.66475,0.945355,0,2,0.719395
26851,EPL,2024,2025-02-15 15:00:00,Brentford,West Ham,A,1.96499,0.673466,1,0,1.291524
26858,EPL,2024,2025-02-21 20:00:00,Brentford,Leicester,A,2.03465,0.727901,4,0,1.306749
26862,EPL,2024,2025-02-26 19:30:00,Brentford,Everton,H,1.34009,1.44955,1,1,-0.10945999999999989
26872,EPL,2024,2025-03-08 17:30:00,Brentford,Aston Villa,H,0.637743,1.29638,0,1,-0.6586370000000001
26882,EPL,2024,2025-03-15 17:30:00,Brentford,Bournemouth,A,1.60321,2.02714,2,1,-0.42393000000000014
26899,EPL,2024,2025-04-02 19:45:00,Brentford,Newcastle United,A,1.53201,2.26584,1,2,-0.7338299999999998
26903,EPL,2024,2025-04-06 13:00:00,Brentford,Chelsea,H,1.36123,1.47829,0,0,-0.11706000000000016
26913,EPL,2024,2025-04-12 16:30:00,Brentford,Arsenal,A,0.588583,0.767369,1,1,-0.178786
26923,EPL,2024,2025-04-19 14:00:00,Brentford,Brighton,H,2.95516,1.24107,4,2,1.71409
26939,EPL,2024,2025-05-01 18:30:00,Brentford,Nottingham Forest,A,1.52054,0.670607,2,0,0.849933
26947,EPL,2024,2025-05-04 13:00:00,Brentford,Manchester United,H,3.58737,1.13404,4,3,2.4533300000000002
26954,EPL,2024,2025-05-10 14:00:00,Brentford,Ipswich,A,1.32077,0.717433,1,0,0.603337
26964,EPL,2024,2025-05-18 14:00:00,Brentford,Fulham,H,2.43045,1.61741,2,3,0.81304
26978,EPL,2024,2025-05-25 15:00:00,Brentford,Wolverhampton Wanderers,A,1.97196,1.10889,1,1,0.86307
28785,EPL,2025,2025-08-17 13:00:00,Brentford,Nottingham Forest,A,1.32516,1.7555,1,3,-0.43034000000000017
28790,EPL,2025,2025-08-23 14:00:00,Brentford,Aston Villa,H,1.12964,0.976852,1,0,0.15278799999999992
28801,EPL,2025,2025-08-30 14:00:00,Brentford,Sunderland,A,1.44604,1.57127,1,2,-0.12522999999999995
28815,EPL,2025,2025-09-13 19:00:00,Brentford,Chelsea,H,1.17533,0.755999,2,2,0.419331
28825,EPL,2025,2025-09-20 19:00:00,Brentford,Fulham,A,0.826556,1.52431,1,3,-0.6977540000000001
28828,EPL,2025,2025-09-27 11:30:00,Brentford,Manchester United,H,2.78726,2.23609,3,1,0.5511699999999999
28841,EPL,2025,2025-10-05 15:30:00,Brentford,Manchester City,H,0.693758,1.09647,0,1,-0.40271200000000007
28857,EPL,2025,2025-10-20 19:00:00,Brentford,West Ham,A,3.46635,0.260251,2,0,3.206099
28861,EPL,2025,2025-10-25 19:00:00,Brentford,Liverpool,H,3.27126,2.11838,3,2,1.1528799999999997
28870,EPL,2025,2025-11-01 15:00:00,Brentford,Crystal Palace,A,0.820498,0.734558,0,2,0.0859399999999999
28879,EPL,2025,2025-11-09 14:00:00,Brentford,Newcastle United,H,2.73729,0.432277,3,1,2.3050129999999998
28890,EPL,2025,2025-11-22 15:00:00,Brentford,Brighton,A,2.19979,0.977488,1,2,1.222302
28899,EPL,2025,2025-11-29 15:00:00,Brentford,Burnley,H,3.72106,0.874025,3,1,2.847035
28909,EPL,2025,2025-12-03 19:30:00,Brentford,Arsenal,A,0.588716,2.63126,0,2,-2.0425440000000004
28926,EPL,2025,2025-12-06 15:00:00,Brentford,Tottenham,A,0.470563,2.42388,0,2,-1.953317
28929,EPL,2025,2025-12-14 16:30:00,Brentford,Leeds,H,0.697006,1.63409,1,1,-0.937084
28947,EPL,2025,2025-12-20 15:00:00,Brentford,Wolverhampton Wanderers,A,1.56309,1.26823,2,0,0.2948600000000001
28949,EPL,2025,2025-12-27 15:00:00,Brentford,Bournemouth,H,2.8513,2.56183,4,1,0.2894700000000001
28959,EPL,2025,2026-01-01 20:00:00,Brentford,Tottenham,H,0.556304,0.608309,0,0,-0.05200499999999997
28974,EPL,2025,2026-01-04 15:00:00,Brentford,Everton,A,3.05179,1.00566,4,2,2.04613
28981,EPL,2025,2026-01-07 19:30:00,Brentford,Sunderland,H,3.86096,1.50644,3,0,2.35452
28990,EPL,2025,2026-01-17 15:00:00,Brentford,Chelsea,A,1.47521,1.62263,0,2,-0.1474200000000001
29000,EPL,2025,2026-01-25 14:00:00,Brentford,Nottingham Forest,H,2.00413,1.38958,0,2,0.6145499999999999
29008,EPL,2025,2026-02-01 14:00:00,Brentford,Aston Villa,A,0.314916,2.15316,1,0,-1.8382440000000002
29026,EPL,2025,2026-02-07 17:30:00,Brentford,Newcastle United,A,1.65022,3.3215,3,2,-1.6712799999999999
29029,EPL,2025,2026-02-12 20:00:00,Brentford,Arsenal,H,1.81154,0.78418,1,1,1.0273599999999998
29039,EPL,2025,2026-02-21 15:00:00,Brentford,Brighton,H,1.69023,1.37203,0,2,0.3181999999999998
29051,EPL,2025,2026-02-28 15:00:00,Brentford,Burnley,A,2.44595,0.823824,4,3,1.6221259999999997
29058,EPL,2025,2026-03-03 19:30:00,Brentford,Bournemouth,A,0.673328,2.3177,0,0,-1.6443719999999997
29069,EPL,2025,2026-03-16 20:00:00,Brentford,Wolverhampton Wanderers,H,2.7966,1.80044,2,2,0.9961600000000002
29083,EPL,2025,2026-03-21 20:00:00,Brentford,Leeds,A,0.302221,0.417296,0,0,-0.11507499999999998
29093,EPL,2025,2026-04-11 14:00:00,Brentford,Everton,H,2.26302,1.57033,2,2,0.69269
29099,EPL,2025,2026-04-18 11:30:00,Brentford,Fulham,H,2.33552,0.790707,0,0,1.5448129999999998
29114,EPL,2025,2026-04-27 19:00:00,Brentford,Manchester United,A,1.30383,1.84852,1,2,-0.5446899999999999
29121,EPL,2025,2026-05-02 15:00:00,Brentford,West Ham,H,2.27374,0.753895,3,0,1.5198450000000001
29133,EPL,2025,2026-05-09 17:30:00,Brentford,Manchester City,A,0.670038,4.37429,0,3,-3.7042520000000003
29141,EPL,2025,2026-05-17 15:00:00,Brentford,Crystal Palace,H,1.54564,1.82274,2,2,-0.2771000000000001
29152,EPL,2025,2026-05-24 15:00:00,Brentford,Liverpool,A,1.46082,2.99412,1,1,-1.5333
26605,EPL,2024,2024-08-17 14:00:00,Brighton,Everton,A,1.79083,0.405325,3,0,1.385505
26612,EPL,2024,2024-08-24 11:30:00,Brighton,Manchester United,H,2.14153,1.28556,2,1,0.8559699999999999
26622,EPL,2024,2024-08-31 11:30:00,Brighton,Arsenal,A,1.81748,2.41798,1,1,-0.6005
26633,EPL,2024,2024-09-14 14:00:00,Brighton,Ipswich,H,1.75696,0.721323,0,0,1.035637
26650,EPL,2024,2024-09-22 13:00:00,Brighton,Nottingham Forest,H,1.56836,1.36923,2,2,0.19913000000000003
26657,EPL,2024,2024-09-28 14:00:00,Brighton,Chelsea,A,1.20712,3.65839,2,4,-2.45127
26671,EPL,2024,2024-10-06 15:30:00,Brighton,Tottenham,H,1.97217,1.09279,3,2,0.87938
26676,EPL,2024,2024-10-19 14:00:00,Brighton,Newcastle United,A,1.6779,1.93657,1,0,-0.25866999999999996
26686,EPL,2024,2024-10-26 14:00:00,Brighton,Wolverhampton Wanderers,H,1.51347,1.11074,2,2,0.40273000000000003
26696,EPL,2024,2024-11-02 15:00:00,Brighton,Liverpool,A,1.01568,1.81037,1,2,-0.7946900000000001
26703,EPL,2024,2024-11-09 17:30:00,Brighton,Manchester City,H,2.87116,2.60334,2,1,0.26781999999999995
26712,EPL,2024,2024-11-23 15:00:00,Brighton,Bournemouth,A,1.23059,1.91157,2,1,-0.6809799999999999
26723,EPL,2024,2024-11-29 20:00:00,Brighton,Southampton,H,1.86986,0.934969,1,1,0.934891
26736,EPL,2024,2024-12-05 19:30:00,Brighton,Fulham,A,1.09939,0.666644,1,3,0.4327460000000001
26751,EPL,2024,2024-12-08 14:00:00,Brighton,Leicester,A,1.12184,1.42438,2,2,-0.30254000000000003
26756,EPL,2024,2024-12-15 14:00:00,Brighton,Crystal Palace,H,1.32323,3.00618,1,3,-1.6829500000000002
26767,EPL,2024,2024-12-21 15:00:00,Brighton,West Ham,A,1.34379,1.22937,1,1,0.11441999999999997
26774,EPL,2024,2024-12-27 19:30:00,Brighton,Brentford,H,1.33538,0.961233,0,0,0.374147
26782,EPL,2024,2024-12-30 19:45:00,Brighton,Aston Villa,A,0.938042,1.87997,2,2,-0.9419279999999999
26794,EPL,2024,2025-01-04 17:30:00,Brighton,Arsenal,H,1.76513,1.81142,1,1,-0.04628999999999994
26805,EPL,2024,2025-01-16 19:30:00,Brighton,Ipswich,A,1.06343,0.268127,2,0,0.7953030000000001
26818,EPL,2024,2025-01-19 14:00:00,Brighton,Manchester United,A,2.17172,1.31823,3,1,0.8534900000000001
26824,EPL,2024,2025-01-25 15:00:00,Brighton,Everton,H,0.64378,0.870883,0,1,-0.22710299999999994
26840,EPL,2024,2025-02-01 12:30:00,Brighton,Nottingham Forest,A,0.756296,4.0677,0,7,-3.3114040000000005
26843,EPL,2024,2025-02-14 20:00:00,Brighton,Chelsea,H,2.06892,0.649788,3,0,1.4191319999999998
26861,EPL,2024,2025-02-22 15:00:00,Brighton,Southampton,A,5.12018,0.154147,4,0,4.966033
26863,EPL,2024,2025-02-25 19:30:00,Brighton,Bournemouth,H,2.57927,1.70169,2,1,0.8775800000000002
26873,EPL,2024,2025-03-08 15:00:00,Brighton,Fulham,H,1.94417,0.708227,2,1,1.2359429999999998
26889,EPL,2024,2025-03-15 15:00:00,Brighton,Manchester City,A,2.11119,2.02642,2,2,0.08477000000000023
26893,EPL,2024,2025-04-02 19:45:00,Brighton,Aston Villa,H,0.558009,1.20715,0,3,-0.649141
26904,EPL,2024,2025-04-05 14:00:00,Brighton,Crystal Palace,A,1.27226,0.443965,1,2,0.828295
26914,EPL,2024,2025-04-12 14:00:00,Brighton,Leicester,H,3.6978,1.98444,2,2,1.71336
26923,EPL,2024,2025-04-19 14:00:00,Brighton,Brentford,A,1.24107,2.95516,2,4,-1.71409
26934,EPL,2024,2025-04-26 14:00:00,Brighton,West Ham,H,1.29433,1.24134,3,2,0.05298999999999987
26944,EPL,2024,2025-05-04 13:00:00,Brighton,Newcastle United,H,0.687863,1.63777,1,1,-0.949907
26961,EPL,2024,2025-05-10 14:00:00,Brighton,Wolverhampton Wanderers,A,1.41254,0.73395,2,0,0.6785899999999999
26965,EPL,2024,2025-05-19 19:00:00,Brighton,Liverpool,H,2.17789,3.065,3,2,-0.8871099999999998
26976,EPL,2024,2025-05-25 15:00:00,Brighton,Tottenham,A,3.11624,1.85265,4,1,1.26359
28780,EPL,2025,2025-08-16 14:00:00,Brighton,Fulham,H,1.44008,0.902883,1,1,0.537197
28795,EPL,2025,2025-08-24 13:00:00,Brighton,Everton,A,2.08487,1.80116,0,2,0.2837099999999999
28805,EPL,2025,2025-08-31 13:00:00,Brighton,Manchester City,H,2.20864,2.13418,2,1,0.07445999999999975
28810,EPL,2025,2025-09-13 14:00:00,Brighton,Bournemouth,A,0.624923,1.44187,1,2,-0.816947
28821,EPL,2025,2025-09-20 14:00:00,Brighton,Tottenham,H,1.40466,1.19181,2,2,0.21284999999999998
28829,EPL,2025,2025-09-27 14:00:00,Brighton,Chelsea,A,2.4751,2.02653,3,1,0.4485699999999997
28847,EPL,2025,2025-10-05 13:00:00,Brighton,Wolverhampton Wanderers,A,1.39158,0.369404,1,1,1.022176
28848,EPL,2025,2025-10-18 14:00:00,Brighton,Newcastle United,H,0.857104,1.28313,2,1,-0.4260260000000001
28865,EPL,2025,2025-10-25 16:30:00,Brighton,Manchester United,A,0.947154,1.96231,2,4,-1.015156
28868,EPL,2025,2025-11-01 15:00:00,Brighton,Leeds,H,2.64127,0.35919,3,0,2.28208
28881,EPL,2025,2025-11-09 14:00:00,Brighton,Crystal Palace,A,0.637037,0.839547,0,0,-0.20251000000000008
28890,EPL,2025,2025-11-22 15:00:00,Brighton,Brentford,H,0.977488,2.19979,2,1,-1.222302
28904,EPL,2025,2025-11-30 14:05:00,Brighton,Nottingham Forest,A,2.0572,0.960325,2,0,1.0968749999999998
28910,EPL,2025,2025-12-03 19:30:00,Brighton,Aston Villa,H,1.96298,3.15745,3,4,-1.19447
28920,EPL,2025,2025-12-07 14:00:00,Brighton,West Ham,H,2.10077,1.7064,1,1,0.3943699999999999
28933,EPL,2025,2025-12-13 15:00:00,Brighton,Liverpool,A,1.69004,2.4127,0,2,-0.7226600000000001
28940,EPL,2025,2025-12-20 15:00:00,Brighton,Sunderland,H,0.919272,1.31044,0,0,-0.39116800000000007
28948,EPL,2025,2025-12-27 15:00:00,Brighton,Arsenal,A,0.710064,2.54318,1,2,-1.833116
28967,EPL,2025,2025-12-30 19:30:00,Brighton,West Ham,A,3.08914,2.27644,2,2,0.8127
28973,EPL,2025,2026-01-03 15:00:00,Brighton,Burnley,H,1.4717,0.254551,2,0,1.217149
28985,EPL,2025,2026-01-07 19:30:00,Brighton,Manchester City,A,1.33162,2.95904,1,1,-1.6274199999999999
28989,EPL,2025,2026-01-19 20:00:00,Brighton,Bournemouth,H,0.995777,1.69737,1,1,-0.701593
29004,EPL,2025,2026-01-24 15:00:00,Brighton,Fulham,A,1.94652,1.13243,1,2,0.81409
29010,EPL,2025,2026-01-31 15:00:00,Brighton,Everton,H,1.42825,1.28126,1,1,0.14698999999999995
29020,EPL,2025,2026-02-08 14:00:00,Brighton,Crystal Palace,H,0.737798,0.928404,0,1,-0.19060600000000005
29028,EPL,2025,2026-02-11 19:30:00,Brighton,Aston Villa,A,0.481306,0.576138,0,1,-0.09483200000000003
29039,EPL,2025,2026-02-21 15:00:00,Brighton,Brentford,A,1.37203,1.69023,2,0,-0.3181999999999998
29050,EPL,2025,2026-03-01 14:00:00,Brighton,Nottingham Forest,H,1.20107,0.83055,2,1,0.37052000000000007
29060,EPL,2025,2026-03-04 19:30:00,Brighton,Arsenal,H,0.919228,0.514803,0,1,0.40442500000000003
29076,EPL,2025,2026-03-14 15:00:00,Brighton,Sunderland,A,1.12832,0.659083,1,0,0.469237
29080,EPL,2025,2026-03-21 12:30:00,Brighton,Liverpool,H,3.42956,0.956801,2,1,2.472759
29094,EPL,2025,2026-04-11 14:00:00,Brighton,Burnley,A,1.07182,0.812029,2,0,0.259791
29107,EPL,2025,2026-04-18 16:30:00,Brighton,Tottenham,A,1.1373,1.56052,2,2,-0.42321999999999993
29110,EPL,2025,2026-04-21 19:00:00,Brighton,Chelsea,H,2.51784,0.297865,3,0,2.2199750000000003
29126,EPL,2025,2026-05-02 15:00:00,Brighton,Newcastle United,A,1.87112,3.12933,1,3,-1.25821
29128,EPL,2025,2026-05-09 15:00:00,Brighton,Wolverhampton Wanderers,H,2.22427,0.515647,3,0,1.7086230000000002
29144,EPL,2025,2026-05-17 15:00:00,Brighton,Leeds,A,2.23238,0.747756,0,1,1.4846240000000002
29148,EPL,2025,2026-05-24 15:00:00,Brighton,Manchester United,H,0.702398,2.32868,0,3,-1.6262819999999998
28782,EPL,2025,2025-08-16 14:00:00,Burnley,Tottenham,A,0.734138,1.97858,0,3,-1.244442
28791,EPL,2025,2025-08-23 14:00:00,Burnley,Sunderland,H,1.00381,1.12127,2,0,-0.1174599999999999
28802,EPL,2025,2025-08-30 14:00:00,Burnley,Manchester United,A,1.32618,4.02237,2,3,-2.6961899999999996
28816,EPL,2025,2025-09-14 13:00:00,Burnley,Liverpool,H,0.168041,2.79492,0,1,-2.6268789999999997
28822,EPL,2025,2025-09-20 14:00:00,Burnley,Nottingham Forest,H,1.14159,0.830779,1,1,0.31081100000000006
28833,EPL,2025,2025-09-27 14:00:00,Burnley,Manchester City,A,0.509491,3.22133,1,5,-2.711839
28840,EPL,2025,2025-10-05 13:00:00,Burnley,Aston Villa,A,0.502292,1.73572,1,2,-1.233428
28849,EPL,2025,2025-10-18 14:00:00,Burnley,Leeds,H,0.509647,2.33152,2,0,-1.8218729999999999
28867,EPL,2025,2025-10-26 13:00:00,Burnley,Wolverhampton Wanderers,A,1.54544,2.58132,3,2,-1.03588
28869,EPL,2025,2025-11-01 15:00:00,Burnley,Arsenal,H,0.679177,2.51649,0,2,-1.837313
28887,EPL,2025,2025-11-08 15:00:00,Burnley,West Ham,A,1.87478,2.96728,2,3,-1.0925000000000002
28891,EPL,2025,2025-11-22 12:30:00,Burnley,Chelsea,H,0.660943,1.72093,0,2,-1.059987
28899,EPL,2025,2025-11-29 15:00:00,Burnley,Brentford,A,0.874025,3.72106,1,3,-2.847035
28911,EPL,2025,2025-12-03 19:30:00,Burnley,Crystal Palace,H,1.16852,0.987797,0,1,0.18072299999999997
28925,EPL,2025,2025-12-06 15:00:00,Burnley,Newcastle United,A,1.58375,1.80708,1,2,-0.22333000000000003
28930,EPL,2025,2025-12-13 17:30:00,Burnley,Fulham,H,2.05486,1.65053,2,3,0.4043300000000001
28938,EPL,2025,2025-12-20 15:00:00,Burnley,Bournemouth,A,0.480528,1.81847,1,1,-1.337942
28950,EPL,2025,2025-12-27 15:00:00,Burnley,Everton,H,1.24948,1.25204,0,0,-0.0025600000000001177
28960,EPL,2025,2025-12-30 19:30:00,Burnley,Newcastle United,H,1.32551,2.49248,1,3,-1.16697
28973,EPL,2025,2026-01-03 15:00:00,Burnley,Brighton,A,0.254551,1.4717,0,2,-1.217149
28982,EPL,2025,2026-01-07 20:15:00,Burnley,Manchester United,H,0.31971,2.52488,2,2,-2.20517
28992,EPL,2025,2026-01-17 15:00:00,Burnley,Liverpool,A,0.546971,3.49045,1,1,-2.943479
29001,EPL,2025,2026-01-24 15:00:00,Burnley,Tottenham,H,1.54884,2.59093,2,2,-1.0420900000000002
29011,EPL,2025,2026-02-02 20:00:00,Burnley,Sunderland,A,0.126371,1.8865,0,3,-1.760129
29021,EPL,2025,2026-02-07 15:00:00,Burnley,West Ham,H,1.84644,1.1223,0,2,0.72414
29031,EPL,2025,2026-02-11 19:30:00,Burnley,Crystal Palace,A,0.691273,2.1276,3,2,-1.4363270000000001
29040,EPL,2025,2026-02-21 15:00:00,Burnley,Chelsea,A,1.01255,2.51534,1,1,-1.50279
29051,EPL,2025,2026-02-28 15:00:00,Burnley,Brentford,H,0.823824,2.44595,3,4,-1.6221259999999997
29061,EPL,2025,2026-03-03 19:30:00,Burnley,Everton,A,0.762229,1.15845,0,2,-0.39622099999999993
29070,EPL,2025,2026-03-14 15:00:00,Burnley,Bournemouth,H,1.67695,2.36979,0,0,-0.6928400000000001
29082,EPL,2025,2026-03-21 15:00:00,Burnley,Fulham,A,1.92556,3.48438,1,3,-1.5588199999999999
29094,EPL,2025,2026-04-11 14:00:00,Burnley,Brighton,H,0.812029,1.07182,0,2,-0.259791
29106,EPL,2025,2026-04-19 13:00:00,Burnley,Nottingham Forest,A,0.601418,1.4425,1,4,-0.8410819999999999
29111,EPL,2025,2026-04-22 19:00:00,Burnley,Manchester City,H,0.973776,3.40888,0,1,-2.435104
29124,EPL,2025,2026-05-01 20:00:00,Burnley,Leeds,A,0.434597,2.09546,1,3,-1.660863
29129,EPL,2025,2026-05-10 14:00:00,Burnley,Aston Villa,H,1.71234,1.75493,2,2,-0.04259000000000013
29139,EPL,2025,2026-05-18 20:00:00,Burnley,Arsenal,A,0.194884,1.22695,0,1,-1.032066
29149,EPL,2025,2026-05-24 15:00:00,Burnley,Wolverhampton Wanderers,H,1.28476,2.8433,1,1,-1.5585400000000003
26610,EPL,2024,2024-08-18 15:30:00,Chelsea,Manchester City,H,1.06123,1.18038,0,2,-0.11915000000000009
26619,EPL,2024,2024-08-25 13:00:00,Chelsea,Wolverhampton Wanderers,A,2.02935,2.4181,6,2,-0.38874999999999993
26630,EPL,2024,2024-09-01 12:30:00,Chelsea,Crystal Palace,H,2.97743,0.459708,1,1,2.517722
26639,EPL,2024,2024-09-14 19:00:00,Chelsea,Bournemouth,A,0.932726,1.53731,1,0,-0.6045839999999999
26642,EPL,2024,2024-09-21 11:30:00,Chelsea,West Ham,A,2.39727,0.758267,3,0,1.6390029999999998
26657,EPL,2024,2024-09-28 14:00:00,Chelsea,Brighton,H,3.65839,1.20712,4,2,2.45127
26668,EPL,2024,2024-10-06 13:00:00,Chelsea,Nottingham Forest,H,2.27752,1.66654,1,1,0.6109800000000001
26679,EPL,2024,2024-10-20 15:30:00,Chelsea,Liverpool,A,1.33904,2.22517,1,2,-0.8861299999999999
26688,EPL,2024,2024-10-27 14:00:00,Chelsea,Newcastle United,H,1.61794,1.74225,2,1,-0.12431000000000014
26697,EPL,2024,2024-11-03 16:30:00,Chelsea,Manchester United,A,1.21071,2.1605,1,1,-0.9497899999999999
26705,EPL,2024,2024-11-10 16:30:00,Chelsea,Arsenal,H,1.24067,1.9605,1,1,-0.71983
26719,EPL,2024,2024-11-23 12:30:00,Chelsea,Leicester,A,2.81658,0.967987,2,1,1.8485930000000002
26724,EPL,2024,2024-12-01 13:30:00,Chelsea,Aston Villa,H,1.94939,0.875443,3,0,1.073947
26741,EPL,2024,2024-12-04 19:30:00,Chelsea,Southampton,A,5.8331,1.91014,5,1,3.92296
26745,EPL,2024,2024-12-08 16:30:00,Chelsea,Tottenham,A,2.57326,3.25488,4,3,-0.6816200000000001
26757,EPL,2024,2024-12-15 19:00:00,Chelsea,Brentford,H,2.59146,1.65861,2,1,0.9328500000000002
26764,EPL,2024,2024-12-22 14:00:00,Chelsea,Everton,A,1.51591,1.07081,0,0,0.44510000000000005
26775,EPL,2024,2024-12-26 15:00:00,Chelsea,Fulham,H,1.55626,1.77929,1,2,-0.22303000000000006
26787,EPL,2024,2024-12-30 19:45:00,Chelsea,Ipswich,A,1.60622,1.50093,0,2,0.10528999999999988
26795,EPL,2024,2025-01-04 15:00:00,Chelsea,Crystal Palace,A,1.51541,1.2766,1,1,0.23880999999999997
26809,EPL,2024,2025-01-14 19:30:00,Chelsea,Bournemouth,H,2.53808,1.14845,2,2,1.38963
26814,EPL,2024,2025-01-20 20:00:00,Chelsea,Wolverhampton Wanderers,H,3.14882,1.06726,3,1,2.08156
26828,EPL,2024,2025-01-25 17:30:00,Chelsea,Manchester City,A,1.49843,2.23213,1,3,-0.7337000000000002
26835,EPL,2024,2025-02-03 20:00:00,Chelsea,West Ham,H,1.39066,1.1868,2,1,0.20385999999999993
26843,EPL,2024,2025-02-14 20:00:00,Chelsea,Brighton,A,0.649788,2.06892,0,3,-1.4191319999999998
26854,EPL,2024,2025-02-22 17:30:00,Chelsea,Aston Villa,A,2.17418,2.69413,1,2,-0.5199500000000001
26869,EPL,2024,2025-02-25 20:15:00,Chelsea,Southampton,H,2.98234,0.845039,4,0,2.1373010000000003
26874,EPL,2024,2025-03-09 14:00:00,Chelsea,Leicester,H,1.76844,0.108487,1,0,1.659953
26883,EPL,2024,2025-03-16 13:30:00,Chelsea,Arsenal,A,0.286036,0.695725,0,1,-0.409689
26897,EPL,2024,2025-04-03 19:00:00,Chelsea,Tottenham,H,1.30443,1.40274,1,0,-0.09831000000000012
26903,EPL,2024,2025-04-06 13:00:00,Chelsea,Brentford,A,1.47829,1.36123,0,0,0.11706000000000016
26915,EPL,2024,2025-04-13 13:00:00,Chelsea,Ipswich,H,2.90758,1.60301,2,2,1.3045699999999998
26926,EPL,2024,2025-04-20 13:00:00,Chelsea,Fulham,A,0.75172,0.306122,2,1,0.44559800000000005
26935,EPL,2024,2025-04-26 11:30:00,Chelsea,Everton,H,0.768313,0.916838,1,0,-0.14852500000000002
26948,EPL,2024,2025-05-04 15:30:00,Chelsea,Liverpool,H,3.51944,1.4267,3,1,2.09274
26957,EPL,2024,2025-05-11 11:00:00,Chelsea,Newcastle United,A,0.646426,1.6703,0,2,-1.023874
26966,EPL,2024,2025-05-16 19:15:00,Chelsea,Manchester United,H,1.29571,0.337632,1,0,0.958078
26972,EPL,2024,2025-05-25 15:00:00,Chelsea,Nottingham Forest,A,1.30874,1.58014,1,0,-0.2714000000000001
28784,EPL,2025,2025-08-17 13:00:00,Chelsea,Crystal Palace,H,1.36793,1.03414,0,0,0.33379000000000003
28788,EPL,2025,2025-08-22 19:00:00,Chelsea,West Ham,A,3.94997,0.978572,5,1,2.9713979999999998
28798,EPL,2025,2025-08-30 11:30:00,Chelsea,Fulham,H,2.4324,0.736228,2,0,1.6961719999999998
28815,EPL,2025,2025-09-13 19:00:00,Chelsea,Brentford,A,0.755999,1.17533,2,2,-0.419331
28824,EPL,2025,2025-09-20 16:30:00,Chelsea,Manchester United,A,0.469843,1.34458,1,2,-0.8747370000000001
28829,EPL,2025,2025-09-27 14:00:00,Chelsea,Brighton,H,2.02653,2.4751,1,3,-0.4485699999999997
28842,EPL,2025,2025-10-04 16:30:00,Chelsea,Liverpool,H,1.23721,2.05981,2,1,-0.8226000000000002
28854,EPL,2025,2025-10-18 11:30:00,Chelsea,Nottingham Forest,A,2.5583,2.0555,3,0,0.5028000000000001
28862,EPL,2025,2025-10-25 14:00:00,Chelsea,Sunderland,H,1.21332,1.5506,1,2,-0.33728
28876,EPL,2025,2025-11-01 17:30:00,Chelsea,Tottenham,A,3.34251,0.146954,1,0,3.195556
28880,EPL,2025,2025-11-08 20:00:00,Chelsea,Wolverhampton Wanderers,H,3.98342,0.111462,3,0,3.8719580000000002
28891,EPL,2025,2025-11-22 12:30:00,Chelsea,Burnley,A,1.72093,0.660943,2,0,1.059987
28900,EPL,2025,2025-11-30 16:30:00,Chelsea,Arsenal,H,0.791914,1.22828,1,1,-0.43636600000000003
28913,EPL,2025,2025-12-03 20:15:00,Chelsea,Leeds,A,0.964018,2.2047,1,3,-1.2406819999999998
28918,EPL,2025,2025-12-06 15:00:00,Chelsea,Bournemouth,A,0.672602,1.41931,0,0,-0.746708
28931,EPL,2025,2025-12-13 15:00:00,Chelsea,Everton,H,2.64457,1.34,2,0,1.3045699999999998
28945,EPL,2025,2025-12-20 12:30:00,Chelsea,Newcastle United,A,1.0261,2.87863,2,2,-1.8525299999999998
28951,EPL,2025,2025-12-27 17:30:00,Chelsea,Aston Villa,H,1.97155,2.05918,1,2,-0.0876300000000001
28961,EPL,2025,2025-12-30 19:30:00,Chelsea,Bournemouth,H,2.33294,3.49142,2,2,-1.1584800000000004
28977,EPL,2025,2026-01-04 17:30:00,Chelsea,Manchester City,A,2.03726,1.03049,1,1,1.00677
28984,EPL,2025,2026-01-07 19:30:00,Chelsea,Fulham,A,2.45107,1.06013,1,2,1.39094
28990,EPL,2025,2026-01-17 15:00:00,Chelsea,Brentford,H,1.62263,1.47521,2,0,0.1474200000000001
29002,EPL,2025,2026-01-25 14:00:00,Chelsea,Crystal Palace,A,3.08817,2.41793,3,1,0.6702399999999997
29009,EPL,2025,2026-01-31 17:30:00,Chelsea,West Ham,H,2.66133,1.72585,3,2,0.9354799999999999
29027,EPL,2025,2026-02-07 15:00:00,Chelsea,Wolverhampton Wanderers,A,3.76278,1.11372,3,1,2.6490599999999995
29030,EPL,2025,2026-02-10 19:30:00,Chelsea,Leeds,H,3.21176,1.28948,2,2,1.92228
29040,EPL,2025,2026-02-21 15:00:00,Chelsea,Burnley,H,2.51534,1.01255,1,1,1.50279
29049,EPL,2025,2026-03-01 16:30:00,Chelsea,Arsenal,A,1.35268,1.71598,1,2,-0.36329999999999996
29059,EPL,2025,2026-03-04 19:30:00,Chelsea,Aston Villa,A,3.38883,1.06854,4,1,2.32029
29071,EPL,2025,2026-03-14 17:30:00,Chelsea,Newcastle United,H,1.72508,1.03251,0,1,0.6925699999999999
29081,EPL,2025,2026-03-21 17:30:00,Chelsea,Everton,A,1.35143,1.44532,0,3,-0.09389000000000003
29095,EPL,2025,2026-04-12 15:30:00,Chelsea,Manchester City,H,1.22108,2.40839,0,3,-1.1873099999999999
29100,EPL,2025,2026-04-18 19:00:00,Chelsea,Manchester United,H,1.28109,0.436043,0,1,0.8450470000000001
29110,EPL,2025,2026-04-21 19:00:00,Chelsea,Brighton,A,0.297865,2.51784,0,3,-2.2199750000000003
29122,EPL,2025,2026-05-04 15:00:00,Chelsea,Nottingham Forest,H,2.17132,2.31019,1,3,-0.13886999999999983
29132,EPL,2025,2026-05-09 12:30:00,Chelsea,Liverpool,A,0.597184,0.623191,1,1,-0.026007000000000002
29142,EPL,2025,2026-05-19 20:15:00,Chelsea,Tottenham,H,1.09262,2.15227,2,1,-1.0596500000000002
29155,EPL,2025,2026-05-24 15:00:00,Chelsea,Sunderland,A,0.920885,2.33109,1,2,-1.4102050000000002
26609,EPL,2024,2024-08-18 13:00:00,Crystal Palace,Brentford,A,1.14757,1.38064,1,2,-0.2330700000000001
26613,EPL,2024,2024-08-24 14:00:00,Crystal Palace,West Ham,H,1.3761,1.53421,0,2,-0.15810999999999997
26630,EPL,2024,2024-09-01 12:30:00,Crystal Palace,Chelsea,A,0.459708,2.97743,1,1,-2.517722
26636,EPL,2024,2024-09-14 14:00:00,Crystal Palace,Leicester,H,2.88716,1.65187,2,2,1.2352900000000002
26649,EPL,2024,2024-09-21 16:30:00,Crystal Palace,Manchester United,H,1.66928,2.35056,0,0,-0.6812800000000001
26654,EPL,2024,2024-09-28 14:00:00,Crystal Palace,Everton,A,1.12358,1.10959,1,2,0.013989999999999947
26662,EPL,2024,2024-10-05 11:30:00,Crystal Palace,Liverpool,H,0.609481,2.07332,0,1,-1.4638389999999997
26677,EPL,2024,2024-10-21 19:00:00,Crystal Palace,Nottingham Forest,A,0.835001,1.88573,0,1,-1.050729
26689,EPL,2024,2024-10-27 14:00:00,Crystal Palace,Tottenham,H,0.978611,1.0192,1,0,-0.0405890000000001
26701,EPL,2024,2024-11-02 17:30:00,Crystal Palace,Wolverhampton Wanderers,A,2.64849,1.65018,2,2,0.9983099999999998
26706,EPL,2024,2024-11-09 15:00:00,Crystal Palace,Fulham,H,1.96037,2.25331,0,2,-0.29294
26716,EPL,2024,2024-11-23 15:00:00,Crystal Palace,Aston Villa,A,1.61437,3.04455,2,2,-1.43018
26725,EPL,2024,2024-11-30 15:00:00,Crystal Palace,Newcastle United,H,2.29595,0.020989,1,1,2.274961
26737,EPL,2024,2024-12-03 19:30:00,Crystal Palace,Ipswich,A,1.65422,0.471708,1,0,1.182512
26747,EPL,2024,2024-12-07 15:00:00,Crystal Palace,Manchester City,H,1.21476,1.5846,2,2,-0.36983999999999995
26756,EPL,2024,2024-12-15 14:00:00,Crystal Palace,Brighton,A,3.00618,1.32323,3,1,1.6829500000000002
26765,EPL,2024,2024-12-21 17:30:00,Crystal Palace,Arsenal,H,1.6052,3.05434,1,5,-1.4491399999999999
26772,EPL,2024,2024-12-26 15:00:00,Crystal Palace,Bournemouth,A,0.500066,1.20189,0,0,-0.7018239999999999
26784,EPL,2024,2024-12-29 15:00:00,Crystal Palace,Southampton,H,3.05417,1.21853,2,1,1.8356400000000002
26795,EPL,2024,2025-01-04 15:00:00,Crystal Palace,Chelsea,H,1.2766,1.51541,1,1,-0.23880999999999997
26806,EPL,2024,2025-01-15 19:30:00,Crystal Palace,Leicester,A,2.2647,2.09904,2,0,0.16565999999999992
26821,EPL,2024,2025-01-18 15:00:00,Crystal Palace,West Ham,A,1.62561,0.221062,2,0,1.404548
26825,EPL,2024,2025-01-26 14:00:00,Crystal Palace,Brentford,H,1.23177,1.92037,1,2,-0.6885999999999999
26838,EPL,2024,2025-02-02 14:00:00,Crystal Palace,Manchester United,A,2.44633,1.50706,2,0,0.93927
26844,EPL,2024,2025-02-15 17:30:00,Crystal Palace,Everton,H,2.30646,1.01565,1,2,1.29081
26856,EPL,2024,2025-02-22 15:00:00,Crystal Palace,Fulham,A,1.46203,0.23426,2,0,1.22777
26868,EPL,2024,2025-02-25 19:30:00,Crystal Palace,Aston Villa,H,4.02522,0.667217,4,1,3.358003
26875,EPL,2024,2025-03-08 15:00:00,Crystal Palace,Ipswich,H,3.13879,1.63282,1,0,1.5059700000000003
26900,EPL,2024,2025-04-02 19:45:00,Crystal Palace,Southampton,A,0.93776,0.687304,1,1,0.250456
26904,EPL,2024,2025-04-05 14:00:00,Crystal Palace,Brighton,H,0.443965,1.27226,2,1,-0.828295
26917,EPL,2024,2025-04-12 11:30:00,Crystal Palace,Manchester City,A,1.33808,4.59724,2,5,-3.2591600000000005
26890,EPL,2024,2025-04-16 18:30:00,Crystal Palace,Newcastle United,A,2.37548,2.32947,0,5,0.046009999999999884
26924,EPL,2024,2025-04-19 14:00:00,Crystal Palace,Bournemouth,H,0.337818,0.664093,0,0,-0.32627500000000004
26933,EPL,2024,2025-04-23 19:00:00,Crystal Palace,Arsenal,A,2.50515,1.92149,2,2,0.5836600000000001
26949,EPL,2024,2025-05-05 19:00:00,Crystal Palace,Nottingham Forest,H,2.34037,0.63684,1,1,1.7035300000000002
26960,EPL,2024,2025-05-11 13:15:00,Crystal Palace,Tottenham,A,3.98546,0.806792,2,0,3.178668
26967,EPL,2024,2025-05-20 19:00:00,Crystal Palace,Wolverhampton Wanderers,H,1.68451,1.42886,4,2,0.25564999999999993
26975,EPL,2024,2025-05-25 15:00:00,Crystal Palace,Liverpool,A,1.4144,1.92122,1,1,-0.5068199999999998
28784,EPL,2025,2025-08-17 13:00:00,Crystal Palace,Chelsea,A,1.03414,1.36793,0,0,-0.33379000000000003
28794,EPL,2025,2025-08-24 13:00:00,Crystal Palace,Nottingham Forest,H,1.10188,1.32987,1,1,-0.22799000000000014
28807,EPL,2025,2025-08-31 18:00:00,Crystal Palace,Aston Villa,A,2.59713,1.20586,3,0,1.39127
28811,EPL,2025,2025-09-13 14:00:00,Crystal Palace,Sunderland,H,1.75805,0.354129,0,0,1.403921
28819,EPL,2025,2025-09-20 14:00:00,Crystal Palace,West Ham,A,2.33565,0.466365,2,1,1.8692849999999999
28830,EPL,2025,2025-09-27 14:00:00,Crystal Palace,Liverpool,H,3.53323,3.10176,2,1,0.43147
28843,EPL,2025,2025-10-05 13:00:00,Crystal Palace,Everton,A,2.17789,2.13876,1,2,0.03913000000000011
28850,EPL,2025,2025-10-18 14:00:00,Crystal Palace,Bournemouth,H,4.56284,2.0471,3,3,2.5157399999999996
28859,EPL,2025,2025-10-26 13:00:00,Crystal Palace,Arsenal,A,0.350534,0.856175,0,1,-0.505641
28870,EPL,2025,2025-11-01 15:00:00,Crystal Palace,Brentford,H,0.734558,0.820498,2,0,-0.0859399999999999
28881,EPL,2025,2025-11-09 14:00:00,Crystal Palace,Brighton,H,0.839547,0.637037,0,0,0.20251000000000008
28897,EPL,2025,2025-11-22 15:00:00,Crystal Palace,Wolverhampton Wanderers,A,1.44933,1.66409,2,0,-0.21476000000000006
28901,EPL,2025,2025-11-30 12:00:00,Crystal Palace,Manchester United,H,2.13561,1.47768,1,2,0.6579299999999997
28911,EPL,2025,2025-12-03 19:30:00,Crystal Palace,Burnley,A,0.987797,1.16852,1,0,-0.18072299999999997
28922,EPL,2025,2025-12-07 16:30:00,Crystal Palace,Fulham,A,1.71109,0.766771,2,1,0.944319
28932,EPL,2025,2025-12-14 14:00:00,Crystal Palace,Manchester City,H,1.30092,1.35317,0,3,-0.05224999999999991
28943,EPL,2025,2025-12-20 20:00:00,Crystal Palace,Leeds,A,1.53058,2.90786,1,4,-1.3772799999999998
28952,EPL,2025,2025-12-28 16:30:00,Crystal Palace,Tottenham,H,0.929681,0.870768,0,1,0.05891299999999999
28962,EPL,2025,2026-01-01 17:30:00,Crystal Palace,Fulham,H,2.35346,1.75434,1,1,0.5991200000000001
28968,EPL,2025,2026-01-04 15:00:00,Crystal Palace,Newcastle United,A,1.27825,2.72764,0,2,-1.44939
28983,EPL,2025,2026-01-07 19:30:00,Crystal Palace,Aston Villa,H,1.32505,2.07015,0,0,-0.7450999999999999
28995,EPL,2025,2026-01-17 15:00:00,Crystal Palace,Sunderland,A,1.15169,1.84601,1,2,-0.6943199999999998
29002,EPL,2025,2026-01-25 14:00:00,Crystal Palace,Chelsea,H,2.41793,3.08817,1,3,-0.6702399999999997
29013,EPL,2025,2026-02-01 14:00:00,Crystal Palace,Nottingham Forest,A,1.648,0.987254,1,1,0.6607459999999999
29020,EPL,2025,2026-02-08 14:00:00,Crystal Palace,Brighton,A,0.928404,0.737798,1,0,0.19060600000000005
29031,EPL,2025,2026-02-11 19:30:00,Crystal Palace,Burnley,H,2.1276,0.691273,2,3,1.4363270000000001
29041,EPL,2025,2026-02-22 14:00:00,Crystal Palace,Wolverhampton Wanderers,H,2.03559,1.67749,1,0,0.3581000000000001
29055,EPL,2025,2026-03-01 14:00:00,Crystal Palace,Manchester United,A,0.384699,2.34609,1,2,-1.9613909999999999
29066,EPL,2025,2026-03-05 20:00:00,Crystal Palace,Tottenham,A,1.91515,1.29615,3,1,0.619
29072,EPL,2025,2026-03-15 14:00:00,Crystal Palace,Leeds,H,0.525205,1.13558,0,0,-0.610375
29096,EPL,2025,2026-04-12 13:00:00,Crystal Palace,Newcastle United,H,3.13933,1.27299,2,1,1.86634
29101,EPL,2025,2026-04-20 19:00:00,Crystal Palace,West Ham,H,0.733442,0.622445,0,0,0.11099700000000001
29113,EPL,2025,2026-04-25 14:00:00,Crystal Palace,Liverpool,A,2.19912,1.45071,1,3,0.7484100000000002
29118,EPL,2025,2026-05-03 14:00:00,Crystal Palace,Bournemouth,A,0.678329,2.29626,0,3,-1.6179310000000002
29130,EPL,2025,2026-05-10 14:00:00,Crystal Palace,Everton,H,3.28826,2.10265,2,2,1.18561
29084,EPL,2025,2026-05-13 20:00:00,Crystal Palace,Manchester City,A,0.428862,1.95679,0,3,-1.527928
29141,EPL,2025,2026-05-17 15:00:00,Crystal Palace,Brentford,A,1.82274,1.54564,2,2,0.2771000000000001
29150,EPL,2025,2026-05-24 15:00:00,Crystal Palace,Arsenal,H,1.00492,3.90645,1,2,-2.90153
26605,EPL,2024,2024-08-17 14:00:00,Everton,Brighton,H,0.405325,1.79083,0,3,-1.385505
26617,EPL,2024,2024-08-24 14:00:00,Everton,Tottenham,A,0.648869,2.61143,0,4,-1.962561
26624,EPL,2024,2024-08-31 14:00:00,Everton,Bournemouth,H,2.55629,2.95688,2,3,-0.4005899999999998
26638,EPL,2024,2024-09-14 16:30:00,Everton,Aston Villa,A,0.852158,3.15876,2,3,-2.306602
26644,EPL,2024,2024-09-21 14:00:00,Everton,Leicester,A,1.82377,1.33793,1,1,0.4858399999999998
26654,EPL,2024,2024-09-28 14:00:00,Everton,Crystal Palace,H,1.10959,1.12358,2,1,-0.013989999999999947
26669,EPL,2024,2024-10-05 16:30:00,Everton,Newcastle United,H,0.692214,1.79048,0,0,-1.0982660000000002
26674,EPL,2024,2024-10-19 14:00:00,Everton,Ipswich,A,1.60804,1.174,2,0,0.43404
26687,EPL,2024,2024-10-26 16:30:00,Everton,Fulham,H,0.884845,1.49531,1,1,-0.6104649999999999
26699,EPL,2024,2024-11-02 15:00:00,Everton,Southampton,A,1.78581,0.540345,0,1,1.2454649999999998
26710,EPL,2024,2024-11-09 15:00:00,Everton,West Ham,A,0.865983,1.1237,0,0,-0.257717
26715,EPL,2024,2024-11-23 15:00:00,Everton,Brentford,H,1.5951,1.34314,0,0,0.25195999999999996
26727,EPL,2024,2024-12-01 13:30:00,Everton,Manchester United,A,0.766749,1.76161,0,4,-0.9948609999999999
26735,EPL,2024,2024-12-04 19:30:00,Everton,Wolverhampton Wanderers,H,1.49904,0.847724,4,0,0.6513159999999999
26755,EPL,2024,2024-12-14 15:00:00,Everton,Arsenal,A,0.132166,1.30865,0,0,-1.176484
26764,EPL,2024,2024-12-22 14:00:00,Everton,Chelsea,H,1.07081,1.51591,0,0,-0.44510000000000005
26777,EPL,2024,2024-12-26 12:30:00,Everton,Manchester City,A,0.653289,2.51965,1,1,-1.866361
26785,EPL,2024,2024-12-29 15:00:00,Everton,Nottingham Forest,H,0.615191,2.02753,0,2,-1.412339
26792,EPL,2024,2025-01-04 15:00:00,Everton,Bournemouth,A,0.561015,2.61852,0,1,-2.057505
26804,EPL,2024,2025-01-15 19:30:00,Everton,Aston Villa,H,1.23126,1.28522,0,1,-0.05396000000000001
26815,EPL,2024,2025-01-19 14:00:00,Everton,Tottenham,H,2.56089,1.35719,3,2,1.2037000000000002
26824,EPL,2024,2025-01-25 15:00:00,Everton,Brighton,A,0.870883,0.64378,1,0,0.22710299999999994
26836,EPL,2024,2025-02-01 15:00:00,Everton,Leicester,H,3.11261,0.447136,4,0,2.665474
26748,EPL,2024,2025-02-12 19:30:00,Everton,Liverpool,H,0.910523,0.929103,2,2,-0.01858000000000004
26844,EPL,2024,2025-02-15 17:30:00,Everton,Crystal Palace,A,1.01565,2.30646,2,1,-1.29081
26855,EPL,2024,2025-02-22 12:30:00,Everton,Manchester United,H,2.10444,0.645685,2,2,1.458755
26862,EPL,2024,2025-02-26 19:30:00,Everton,Brentford,A,1.44955,1.34009,1,1,0.10945999999999989
26881,EPL,2024,2025-03-08 20:00:00,Everton,Wolverhampton Wanderers,A,1.3672,0.812432,1,1,0.5547679999999999
26885,EPL,2024,2025-03-15 15:00:00,Everton,West Ham,H,1.189,0.516029,1,1,0.6729710000000001
26901,EPL,2024,2025-04-02 20:00:00,Everton,Liverpool,A,0.823136,1.29718,0,1,-0.474044
26905,EPL,2024,2025-04-05 11:30:00,Everton,Arsenal,H,1.22875,1.4031,1,1,-0.17435
26920,EPL,2024,2025-04-12 14:00:00,Everton,Nottingham Forest,A,1.26036,0.423949,1,0,0.8364109999999999
26925,EPL,2024,2025-04-19 14:00:00,Everton,Manchester City,H,0.81683,1.87989,0,2,-1.0630600000000001
26935,EPL,2024,2025-04-26 11:30:00,Everton,Chelsea,A,0.916838,0.768313,0,1,0.14852500000000002
26950,EPL,2024,2025-05-03 14:00:00,Everton,Ipswich,H,0.808481,1.14351,2,2,-0.335029
26953,EPL,2024,2025-05-10 14:00:00,Everton,Fulham,A,1.32604,1.20869,3,1,0.11735000000000007
26968,EPL,2024,2025-05-18 11:00:00,Everton,Southampton,H,2.67793,1.05025,2,0,1.62768
26973,EPL,2024,2025-05-25 15:00:00,Everton,Newcastle United,A,1.07279,1.1591,1,0,-0.08631000000000011
28787,EPL,2025,2025-08-18 19:00:00,Everton,Leeds,A,0.674338,2.3812,0,1,-1.706862
28795,EPL,2025,2025-08-24 13:00:00,Everton,Brighton,H,1.80116,2.08487,2,0,-0.2837099999999999
28800,EPL,2025,2025-08-30 14:00:00,Everton,Wolverhampton Wanderers,A,2.03791,0.943257,3,2,1.094653
28812,EPL,2025,2025-09-13 14:00:00,Everton,Aston Villa,H,1.8927,0.354327,0,0,1.538373
28818,EPL,2025,2025-09-20 11:30:00,Everton,Liverpool,A,0.721371,1.06166,1,2,-0.34028900000000006
28837,EPL,2025,2025-09-29 19:00:00,Everton,West Ham,H,0.909703,0.775766,1,1,0.13393700000000008
28843,EPL,2025,2025-10-05 13:00:00,Everton,Crystal Palace,H,2.13876,2.17789,2,1,-0.03913000000000011
28853,EPL,2025,2025-10-18 14:00:00,Everton,Manchester City,A,0.794622,2.4799,0,2,-1.6852780000000003
28863,EPL,2025,2025-10-26 15:30:00,Everton,Tottenham,H,1.4032,2.09327,0,3,-0.69007
28875,EPL,2025,2025-11-03 20:00:00,Everton,Sunderland,A,1.00741,1.18068,1,1,-0.17327000000000004
28882,EPL,2025,2025-11-08 15:00:00,Everton,Fulham,H,2.30607,0.424478,2,0,1.881592
28895,EPL,2025,2025-11-24 20:00:00,Everton,Manchester United,A,0.155063,2.2737,1,0,-2.1186369999999997
28902,EPL,2025,2025-11-29 17:30:00,Everton,Newcastle United,H,1.01125,2.45882,1,4,-1.4475699999999998
28908,EPL,2025,2025-12-02 19:30:00,Everton,Bournemouth,A,1.19573,0.635415,1,0,0.560315
28921,EPL,2025,2025-12-06 15:00:00,Everton,Nottingham Forest,H,1.25348,0.31234,3,0,0.9411399999999999
28931,EPL,2025,2025-12-13 15:00:00,Everton,Chelsea,A,1.34,2.64457,0,2,-1.3045699999999998
28941,EPL,2025,2025-12-20 20:00:00,Everton,Arsenal,H,0.213273,1.84723,0,1,-1.6339569999999999
28950,EPL,2025,2025-12-27 15:00:00,Everton,Burnley,A,1.25204,1.24948,0,0,0.0025600000000001177
28965,EPL,2025,2025-12-30 19:30:00,Everton,Nottingham Forest,A,1.69525,1.75445,2,0,-0.05920000000000014
28974,EPL,2025,2026-01-04 15:00:00,Everton,Brentford,H,1.00566,3.05179,2,4,-2.04613
28978,EPL,2025,2026-01-07 19:30:00,Everton,Wolverhampton Wanderers,H,1.63321,0.71329,1,1,0.9199200000000001
28988,EPL,2025,2026-01-18 16:30:00,Everton,Aston Villa,A,0.745859,0.905393,1,0,-0.15953399999999995
29003,EPL,2025,2026-01-26 20:00:00,Everton,Leeds,H,0.889916,1.6766,1,1,-0.786684
29010,EPL,2025,2026-01-31 15:00:00,Everton,Brighton,A,1.28126,1.42825,1,1,-0.14698999999999995
29022,EPL,2025,2026-02-07 15:00:00,Everton,Fulham,A,1.88778,2.20126,2,1,-0.31348
29032,EPL,2025,2026-02-10 19:30:00,Everton,Bournemouth,H,2.33114,1.4121,1,2,0.9190400000000001
29042,EPL,2025,2026-02-23 20:00:00,Everton,Manchester United,H,0.560924,1.4547,0,1,-0.8937760000000001
29056,EPL,2025,2026-02-28 15:00:00,Everton,Newcastle United,A,2.40731,1.11889,3,2,1.28842
29061,EPL,2025,2026-03-03 19:30:00,Everton,Burnley,H,1.15845,0.762229,2,0,0.39622099999999993
29068,EPL,2025,2026-03-14 17:30:00,Everton,Arsenal,A,1.17847,1.90855,0,2,-0.7300800000000001
29081,EPL,2025,2026-03-21 17:30:00,Everton,Chelsea,H,1.44532,1.35143,3,0,0.09389000000000003
29093,EPL,2025,2026-04-11 14:00:00,Everton,Brentford,A,1.57033,2.26302,2,2,-0.69269
29102,EPL,2025,2026-04-19 13:00:00,Everton,Liverpool,H,1.4784,1.38333,1,2,0.09506999999999999
29116,EPL,2025,2026-04-25 14:00:00,Everton,West Ham,A,1.1144,1.8356,1,2,-0.7211999999999998
29123,EPL,2025,2026-05-04 20:00:00,Everton,Manchester City,H,1.68558,1.41706,3,3,0.2685200000000001
29130,EPL,2025,2026-05-10 14:00:00,Everton,Crystal Palace,A,2.10265,3.28826,2,2,-1.18561
29143,EPL,2025,2026-05-17 15:00:00,Everton,Sunderland,H,1.32181,1.28383,1,3,0.0379799999999999
29156,EPL,2025,2026-05-24 15:00:00,Everton,Tottenham,A,0.268476,1.40597,0,1,-1.137494
26602,EPL,2024,2024-08-16 19:00:00,Fulham,Manchester United,A,0.418711,2.04268,0,1,-1.6239689999999998
26614,EPL,2024,2024-08-24 14:00:00,Fulham,Leicester,H,1.96218,0.857005,2,1,1.105175
26625,EPL,2024,2024-08-31 14:00:00,Fulham,Ipswich,A,1.18883,0.707048,1,1,0.48178200000000004
26634,EPL,2024,2024-09-14 14:00:00,Fulham,West Ham,H,2.88601,0.682719,1,1,2.203291
26646,EPL,2024,2024-09-21 14:00:00,Fulham,Newcastle United,H,3.21141,1.09768,3,1,2.11373
26653,EPL,2024,2024-09-28 14:00:00,Fulham,Nottingham Forest,A,1.43592,0.614351,1,0,0.8215690000000001
26664,EPL,2024,2024-10-05 14:00:00,Fulham,Manchester City,A,2.75846,1.36684,2,3,1.3916199999999999
26673,EPL,2024,2024-10-19 14:00:00,Fulham,Aston Villa,H,2.63074,1.43595,1,3,1.1947899999999998
26687,EPL,2024,2024-10-26 16:30:00,Fulham,Everton,A,1.49531,0.884845,1,1,0.6104649999999999
26693,EPL,2024,2024-11-04 20:00:00,Fulham,Brentford,H,1.43017,0.739231,2,1,0.690939
26706,EPL,2024,2024-11-09 15:00:00,Fulham,Crystal Palace,A,2.25331,1.96037,2,0,0.29294
26717,EPL,2024,2024-11-23 15:00:00,Fulham,Wolverhampton Wanderers,H,0.717158,1.33903,1,4,-0.621872
26729,EPL,2024,2024-12-01 13:30:00,Fulham,Tottenham,A,1.57274,1.01086,1,1,0.5618799999999999
26736,EPL,2024,2024-12-05 19:30:00,Fulham,Brighton,H,0.666644,1.09939,3,1,-0.4327460000000001
26749,EPL,2024,2024-12-08 14:00:00,Fulham,Arsenal,H,0.150988,2.4333,1,1,-2.282312
26752,EPL,2024,2024-12-14 15:00:00,Fulham,Liverpool,A,1.2862,2.09698,2,2,-0.8107799999999998
26763,EPL,2024,2024-12-22 14:00:00,Fulham,Southampton,H,1.25255,0.280031,0,0,0.9725190000000001
26775,EPL,2024,2024-12-26 15:00:00,Fulham,Chelsea,A,1.77929,1.55626,2,1,0.22303000000000006
26786,EPL,2024,2024-12-29 15:00:00,Fulham,Bournemouth,H,0.961566,1.70692,2,2,-0.745354
26796,EPL,2024,2025-01-05 14:00:00,Fulham,Ipswich,H,2.65469,1.4434,2,2,1.21129
26808,EPL,2024,2025-01-14 19:30:00,Fulham,West Ham,A,2.83581,0.937322,2,3,1.898488
26817,EPL,2024,2025-01-18 15:00:00,Fulham,Leicester,A,2.36823,0.676934,2,0,1.691296
26826,EPL,2024,2025-01-26 19:00:00,Fulham,Manchester United,H,0.560571,0.201988,0,1,0.35858300000000004
26839,EPL,2024,2025-02-01 15:00:00,Fulham,Newcastle United,A,1.60881,1.22716,2,1,0.38165000000000004
26845,EPL,2024,2025-02-15 15:00:00,Fulham,Nottingham Forest,H,2.20993,0.331301,2,1,1.8786289999999999
26856,EPL,2024,2025-02-22 15:00:00,Fulham,Crystal Palace,H,0.23426,1.46203,0,2,-1.22777
26867,EPL,2024,2025-02-25 19:30:00,Fulham,Wolverhampton Wanderers,A,1.43473,0.928973,2,1,0.505757
26873,EPL,2024,2025-03-08 15:00:00,Fulham,Brighton,A,0.708227,1.94417,1,2,-1.2359429999999998
26886,EPL,2024,2025-03-16 13:30:00,Fulham,Tottenham,H,1.03966,1.40865,2,0,-0.36898999999999993
26892,EPL,2024,2025-04-01 19:45:00,Fulham,Arsenal,A,1.44206,2.30189,1,2,-0.8598300000000003
26906,EPL,2024,2025-04-06 13:00:00,Fulham,Liverpool,H,1.72764,1.40638,3,2,0.3212600000000001
26912,EPL,2024,2025-04-14 19:00:00,Fulham,Bournemouth,A,1.07203,1.8577,0,1,-0.7856699999999999
26926,EPL,2024,2025-04-20 13:00:00,Fulham,Chelsea,H,0.306122,0.75172,1,2,-0.44559800000000005
26940,EPL,2024,2025-04-26 14:00:00,Fulham,Southampton,A,1.9956,0.935581,2,1,1.060019
26946,EPL,2024,2025-05-03 11:30:00,Fulham,Aston Villa,A,0.702787,1.29013,0,1,-0.587343
26953,EPL,2024,2025-05-10 14:00:00,Fulham,Everton,H,1.20869,1.32604,1,3,-0.11735000000000007
26964,EPL,2024,2025-05-18 14:00:00,Fulham,Brentford,A,1.61741,2.43045,3,2,-0.81304
26981,EPL,2024,2025-05-25 15:00:00,Fulham,Manchester City,H,2.21797,2.45923,0,2,-0.24125999999999959
28780,EPL,2025,2025-08-16 14:00:00,Fulham,Brighton,A,0.902883,1.44008,1,1,-0.537197
28796,EPL,2025,2025-08-24 15:30:00,Fulham,Manchester United,H,1.65333,1.54603,1,1,0.10729999999999995
28798,EPL,2025,2025-08-30 11:30:00,Fulham,Chelsea,A,0.736228,2.4324,0,2,-1.6961719999999998
28813,EPL,2025,2025-09-13 14:00:00,Fulham,Leeds,H,1.13979,0.830398,1,0,0.3093920000000001
28825,EPL,2025,2025-09-20 19:00:00,Fulham,Brentford,H,1.52431,0.826556,3,1,0.6977540000000001
28831,EPL,2025,2025-09-28 13:00:00,Fulham,Aston Villa,A,0.952612,1.36575,1,3,-0.413138
28838,EPL,2025,2025-10-03 19:00:00,Fulham,Bournemouth,A,0.84335,1.33458,1,3,-0.49123000000000006
28851,EPL,2025,2025-10-18 16:30:00,Fulham,Arsenal,H,0.502332,2.07823,0,1,-1.575898
28866,EPL,2025,2025-10-25 14:00:00,Fulham,Newcastle United,A,1.52001,2.76806,1,2,-1.24805
28871,EPL,2025,2025-11-01 15:00:00,Fulham,Wolverhampton Wanderers,H,1.91207,0.209934,3,0,1.7021359999999999
28882,EPL,2025,2025-11-08 15:00:00,Fulham,Everton,A,0.424478,2.30607,0,2,-1.881592
28892,EPL,2025,2025-11-22 15:00:00,Fulham,Sunderland,H,2.83729,0.222768,1,0,2.614522
28906,EPL,2025,2025-11-29 20:00:00,Fulham,Tottenham,A,0.494736,1.04396,2,1,-0.5492239999999999
28912,EPL,2025,2025-12-02 19:30:00,Fulham,Manchester City,H,0.972635,1.96225,4,5,-0.989615
28922,EPL,2025,2025-12-07 16:30:00,Fulham,Crystal Palace,H,0.766771,1.71109,1,2,-0.944319
28930,EPL,2025,2025-12-13 17:30:00,Fulham,Burnley,A,1.65053,2.05486,3,2,-0.4043300000000001
28942,EPL,2025,2025-12-22 20:00:00,Fulham,Nottingham Forest,H,1.70568,0.486296,1,0,1.219384
28957,EPL,2025,2025-12-27 15:00:00,Fulham,West Ham,A,1.11436,1.13719,1,0,-0.022829999999999906
28962,EPL,2025,2026-01-01 17:30:00,Fulham,Crystal Palace,A,1.75434,2.35346,1,1,-0.5991200000000001
28975,EPL,2025,2026-01-04 15:00:00,Fulham,Liverpool,H,0.609182,1.7188,2,2,-1.1096180000000002
28984,EPL,2025,2026-01-07 19:30:00,Fulham,Chelsea,H,1.06013,2.45107,2,1,-1.39094
28991,EPL,2025,2026-01-17 15:00:00,Fulham,Leeds,A,0.258796,2.16898,0,1,-1.9101839999999999
29004,EPL,2025,2026-01-24 15:00:00,Fulham,Brighton,H,1.13243,1.94652,2,1,-0.81409
29012,EPL,2025,2026-02-01 14:00:00,Fulham,Manchester United,A,1.71998,1.84362,2,3,-0.12363999999999997
29022,EPL,2025,2026-02-07 15:00:00,Fulham,Everton,H,2.20126,1.88778,1,2,0.31348
29033,EPL,2025,2026-02-11 19:30:00,Fulham,Manchester City,A,1.05283,1.67722,0,3,-0.62439
29045,EPL,2025,2026-02-22 14:00:00,Fulham,Sunderland,A,2.16696,1.7609,3,1,0.4060600000000001
29052,EPL,2025,2026-03-01 14:00:00,Fulham,Tottenham,H,2.3207,0.952091,2,1,1.368609
29062,EPL,2025,2026-03-04 19:30:00,Fulham,West Ham,H,0.628123,1.49528,0,1,-0.867157
29075,EPL,2025,2026-03-15 14:00:00,Fulham,Nottingham Forest,A,0.933988,0.821011,0,0,0.112977
29082,EPL,2025,2026-03-21 15:00:00,Fulham,Burnley,H,3.48438,1.92556,3,1,1.5588199999999999
29097,EPL,2025,2026-04-11 16:30:00,Fulham,Liverpool,A,1.42024,2.01499,0,2,-0.5947500000000001
29099,EPL,2025,2026-04-18 11:30:00,Fulham,Brentford,A,0.790707,2.33552,0,0,-1.5448129999999998
29112,EPL,2025,2026-04-25 11:30:00,Fulham,Aston Villa,H,1.24069,0.906156,1,0,0.3345340000000001
29119,EPL,2025,2026-05-02 17:30:00,Fulham,Arsenal,A,0.696714,4.09079,0,3,-3.394076
29131,EPL,2025,2026-05-09 15:00:00,Fulham,Bournemouth,H,1.24334,0.998003,0,1,0.24533699999999992
29147,EPL,2025,2026-05-17 15:00:00,Fulham,Wolverhampton Wanderers,A,1.48412,1.49725,1,1,-0.013129999999999864
29151,EPL,2025,2026-05-24 15:00:00,Fulham,Newcastle United,H,1.72878,0.24232,2,0,1.48646
26603,EPL,2024,2024-08-17 11:30:00,Ipswich,Liverpool,H,0.342601,3.92906,0,2,-3.586459
26615,EPL,2024,2024-08-24 14:00:00,Ipswich,Manchester City,A,0.479999,3.07818,1,4,-2.5981810000000003
26625,EPL,2024,2024-08-31 14:00:00,Ipswich,Fulham,H,0.707048,1.18883,1,1,-0.48178200000000004
26633,EPL,2024,2024-09-14 14:00:00,Ipswich,Brighton,A,0.721323,1.75696,0,0,-1.035637
26643,EPL,2024,2024-09-21 14:00:00,Ipswich,Southampton,A,1.645,2.89813,1,1,-1.25313
26659,EPL,2024,2024-09-29 13:00:00,Ipswich,Aston Villa,H,1.84608,1.14494,2,2,0.7011399999999999
26665,EPL,2024,2024-10-05 14:00:00,Ipswich,West Ham,A,1.18463,4.39402,1,4,-3.20939
26674,EPL,2024,2024-10-19 14:00:00,Ipswich,Everton,H,1.174,1.60804,0,2,-0.43404
26685,EPL,2024,2024-10-26 14:00:00,Ipswich,Brentford,A,1.65698,4.09663,3,4,-2.4396500000000003
26695,EPL,2024,2024-11-02 15:00:00,Ipswich,Leicester,H,1.33617,2.33858,1,1,-1.0024099999999998
26709,EPL,2024,2024-11-10 14:00:00,Ipswich,Tottenham,A,2.18392,1.75088,2,1,0.4330400000000001
26718,EPL,2024,2024-11-24 16:30:00,Ipswich,Manchester United,H,1.98714,1.26912,1,1,0.7180199999999999
26728,EPL,2024,2024-11-30 15:00:00,Ipswich,Nottingham Forest,A,0.462771,1.76587,0,1,-1.303099
26737,EPL,2024,2024-12-03 19:30:00,Ipswich,Crystal Palace,H,0.471708,1.65422,0,1,-1.182512
26750,EPL,2024,2024-12-08 14:00:00,Ipswich,Bournemouth,H,1.5668,3.49127,1,2,-1.9244700000000001
26758,EPL,2024,2024-12-14 15:00:00,Ipswich,Wolverhampton Wanderers,A,1.73349,1.23748,2,1,0.49601000000000006
26771,EPL,2024,2024-12-21 15:00:00,Ipswich,Newcastle United,H,1.06427,3.23386,0,4,-2.16959
26773,EPL,2024,2024-12-27 20:15:00,Ipswich,Arsenal,A,0.0783327,2.16462,0,1,-2.0862873000000004
26787,EPL,2024,2024-12-30 19:45:00,Ipswich,Chelsea,H,1.50093,1.60622,2,0,-0.10528999999999988
26796,EPL,2024,2025-01-05 14:00:00,Ipswich,Fulham,A,1.4434,2.65469,2,2,-1.21129
26805,EPL,2024,2025-01-16 19:30:00,Ipswich,Brighton,H,0.268127,1.06343,0,2,-0.7953030000000001
26816,EPL,2024,2025-01-19 16:30:00,Ipswich,Manchester City,H,0.795637,3.20228,0,6,-2.406643
26827,EPL,2024,2025-01-25 15:00:00,Ipswich,Liverpool,A,0.804707,2.16809,1,4,-1.3633829999999998
26837,EPL,2024,2025-02-01 15:00:00,Ipswich,Southampton,H,1.94845,1.17566,1,2,0.7727900000000001
26842,EPL,2024,2025-02-15 15:00:00,Ipswich,Aston Villa,A,0.332864,2.89841,1,1,-2.5655460000000003
26857,EPL,2024,2025-02-22 15:00:00,Ipswich,Tottenham,H,1.15389,1.58741,1,4,-0.4335199999999999
26871,EPL,2024,2025-02-26 19:30:00,Ipswich,Manchester United,A,1.04498,1.40202,2,3,-0.35704
26875,EPL,2024,2025-03-08 15:00:00,Ipswich,Crystal Palace,A,1.63282,3.13879,0,1,-1.5059700000000003
26887,EPL,2024,2025-03-15 15:00:00,Ipswich,Nottingham Forest,H,0.520839,1.30722,2,4,-0.786381
26896,EPL,2024,2025-04-02 19:45:00,Ipswich,Bournemouth,A,1.41263,1.99637,2,1,-0.5837399999999999
26907,EPL,2024,2025-04-05 14:00:00,Ipswich,Wolverhampton Wanderers,H,0.872356,2.8096,1,2,-1.9372440000000002
26915,EPL,2024,2025-04-13 13:00:00,Ipswich,Chelsea,A,1.60301,2.90758,2,2,-1.3045699999999998
26927,EPL,2024,2025-04-20 13:00:00,Ipswich,Arsenal,H,0.192879,2.81362,0,4,-2.6207409999999998
26938,EPL,2024,2025-04-26 14:00:00,Ipswich,Newcastle United,A,0.127203,4.11539,0,3,-3.9881869999999995
26950,EPL,2024,2025-05-03 14:00:00,Ipswich,Everton,A,1.14351,0.808481,2,2,0.335029
26954,EPL,2024,2025-05-10 14:00:00,Ipswich,Brentford,H,0.717433,1.32077,0,1,-0.603337
26969,EPL,2024,2025-05-18 14:00:00,Ipswich,Leicester,A,1.36957,0.788544,0,2,0.5810259999999999
26980,EPL,2024,2025-05-25 15:00:00,Ipswich,West Ham,H,0.893095,0.967379,1,3,-0.07428400000000002
28787,EPL,2025,2025-08-18 19:00:00,Leeds,Everton,H,2.3812,0.674338,1,0,1.706862
28793,EPL,2025,2025-08-23 16:30:00,Leeds,Arsenal,A,0.156761,2.73761,0,5,-2.580849
28803,EPL,2025,2025-08-30 16:30:00,Leeds,Newcastle United,H,0.6773,0.303635,0,0,0.373665
28813,EPL,2025,2025-09-13 14:00:00,Leeds,Fulham,A,0.830398,1.13979,0,1,-0.3093920000000001
28820,EPL,2025,2025-09-20 14:00:00,Leeds,Wolverhampton Wanderers,A,0.456988,1.5661,3,1,-1.109112
28832,EPL,2025,2025-09-27 14:00:00,Leeds,Bournemouth,H,2.04728,1.06033,2,2,0.9869500000000002
28844,EPL,2025,2025-10-04 11:30:00,Leeds,Tottenham,H,1.48051,0.688198,1,2,0.792312
28849,EPL,2025,2025-10-18 14:00:00,Leeds,Burnley,A,2.33152,0.509647,0,2,1.8218729999999999
28864,EPL,2025,2025-10-24 19:00:00,Leeds,West Ham,H,2.2214,0.498653,2,1,1.722747
28868,EPL,2025,2025-11-01 15:00:00,Leeds,Brighton,A,0.35919,2.64127,0,3,-2.28208
28884,EPL,2025,2025-11-09 14:00:00,Leeds,Nottingham Forest,A,0.419461,2.49097,1,3,-2.071509
28893,EPL,2025,2025-11-23 14:00:00,Leeds,Aston Villa,H,1.84668,1.35978,1,2,0.4869000000000001
28903,EPL,2025,2025-11-29 15:00:00,Leeds,Manchester City,A,1.75142,2.85292,2,3,-1.1015000000000001
28913,EPL,2025,2025-12-03 20:15:00,Leeds,Chelsea,H,2.2047,0.964018,3,1,1.2406819999999998
28923,EPL,2025,2025-12-06 17:30:00,Leeds,Liverpool,H,1.79333,2.04805,3,3,-0.25471999999999984
28929,EPL,2025,2025-12-14 16:30:00,Leeds,Brentford,A,1.63409,0.697006,1,1,0.937084
28943,EPL,2025,2025-12-20 20:00:00,Leeds,Crystal Palace,H,2.90786,1.53058,4,1,1.3772799999999998
28956,EPL,2025,2025-12-28 14:00:00,Leeds,Sunderland,A,2.60653,0.805957,1,1,1.8005729999999998
28963,EPL,2025,2026-01-01 17:30:00,Leeds,Liverpool,A,0.15936,1.67833,0,0,-1.5189700000000002
28976,EPL,2025,2026-01-04 12:30:00,Leeds,Manchester United,H,0.970138,1.94781,1,1,-0.9776720000000001
28986,EPL,2025,2026-01-07 20:15:00,Leeds,Newcastle United,A,2.35318,2.43495,3,4,-0.08177000000000012
28991,EPL,2025,2026-01-17 15:00:00,Leeds,Fulham,H,2.16898,0.258796,1,0,1.9101839999999999
29003,EPL,2025,2026-01-26 20:00:00,Leeds,Everton,A,1.6766,0.889916,1,1,0.786684
29015,EPL,2025,2026-01-31 15:00:00,Leeds,Arsenal,H,0.17871,3.54427,0,4,-3.36556
29023,EPL,2025,2026-02-06 20:00:00,Leeds,Nottingham Forest,H,3.38179,1.6608,3,1,1.72099
29030,EPL,2025,2026-02-10 19:30:00,Leeds,Chelsea,A,1.28948,3.21176,2,2,-1.92228
29038,EPL,2025,2026-02-21 15:00:00,Leeds,Aston Villa,A,1.27855,1.25439,1,1,0.02416000000000018
29053,EPL,2025,2026-02-28 17:30:00,Leeds,Manchester City,H,1.37824,2.46834,0,1,-1.0901
29063,EPL,2025,2026-03-03 19:30:00,Leeds,Sunderland,H,0.888232,0.843856,0,1,0.04437599999999997
29072,EPL,2025,2026-03-15 14:00:00,Leeds,Crystal Palace,A,1.13558,0.525205,0,0,0.610375
29083,EPL,2025,2026-03-21 20:00:00,Leeds,Brentford,H,0.417296,0.302221,0,0,0.11507499999999998
29088,EPL,2025,2026-04-13 19:00:00,Leeds,Manchester United,A,2.95118,1.36555,2,1,1.5856299999999999
29103,EPL,2025,2026-04-18 14:00:00,Leeds,Wolverhampton Wanderers,H,3.55804,0.568627,3,0,2.989413
29108,EPL,2025,2026-04-22 19:00:00,Leeds,Bournemouth,A,1.21601,1.91355,2,2,-0.69754
29124,EPL,2025,2026-05-01 20:00:00,Leeds,Burnley,H,2.09546,0.434597,3,1,1.660863
29136,EPL,2025,2026-05-11 20:00:00,Leeds,Tottenham,A,1.86976,1.49036,1,1,0.3794000000000002
29144,EPL,2025,2026-05-17 15:00:00,Leeds,Brighton,H,0.747756,2.23238,1,0,-1.4846240000000002
29157,EPL,2025,2026-05-24 15:00:00,Leeds,West Ham,A,1.94969,2.73135,0,3,-0.78166
26611,EPL,2024,2024-08-19 19:00:00,Leicester,Tottenham,H,1.02614,1.40775,1,1,-0.38161
26614,EPL,2024,2024-08-24 14:00:00,Leicester,Fulham,A,0.857005,1.96218,1,2,-1.105175
26626,EPL,2024,2024-08-31 14:00:00,Leicester,Aston Villa,H,0.774741,2.16385,1,2,-1.389109
26636,EPL,2024,2024-09-14 14:00:00,Leicester,Crystal Palace,A,1.65187,2.88716,2,2,-1.2352900000000002
26644,EPL,2024,2024-09-21 14:00:00,Leicester,Everton,H,1.33793,1.82377,1,1,-0.4858399999999998
26655,EPL,2024,2024-09-28 14:00:00,Leicester,Arsenal,A,0.337909,6.05305,2,4,-5.715141
26663,EPL,2024,2024-10-05 14:00:00,Leicester,Bournemouth,H,0.912063,1.94963,1,0,-1.0375670000000001
26678,EPL,2024,2024-10-19 14:00:00,Leicester,Southampton,A,2.83826,2.42776,3,2,0.41049999999999986
26682,EPL,2024,2024-10-25 19:00:00,Leicester,Nottingham Forest,H,0.832415,2.54488,1,3,-1.712465
26695,EPL,2024,2024-11-02 15:00:00,Leicester,Ipswich,A,2.33858,1.33617,1,1,1.0024099999999998
26708,EPL,2024,2024-11-10 14:00:00,Leicester,Manchester United,A,0.417295,1.2369,0,3,-0.8196050000000001
26719,EPL,2024,2024-11-23 12:30:00,Leicester,Chelsea,H,0.967987,2.81658,1,2,-1.8485930000000002
26722,EPL,2024,2024-11-30 15:00:00,Leicester,Brentford,A,0.907555,2.21885,1,4,-1.3112950000000003
26738,EPL,2024,2024-12-03 20:15:00,Leicester,West Ham,H,2.78061,2.87716,3,1,-0.09655000000000014
26751,EPL,2024,2024-12-08 14:00:00,Leicester,Brighton,H,1.42438,1.12184,2,2,0.30254000000000003
26760,EPL,2024,2024-12-14 15:00:00,Leicester,Newcastle United,A,0.186759,3.95461,0,4,-3.7678510000000003
26770,EPL,2024,2024-12-22 14:00:00,Leicester,Wolverhampton Wanderers,H,0.78868,1.13531,0,3,-0.34663
26776,EPL,2024,2024-12-26 20:00:00,Leicester,Liverpool,A,0.22097,1.89935,1,3,-1.6783800000000002
26788,EPL,2024,2024-12-29 14:30:00,Leicester,Manchester City,H,1.84208,1.58002,0,2,0.26205999999999996
26793,EPL,2024,2025-01-04 15:00:00,Leicester,Aston Villa,A,0.81548,2.3456,1,2,-1.5301200000000001
26806,EPL,2024,2025-01-15 19:30:00,Leicester,Crystal Palace,H,2.09904,2.2647,0,2,-0.16565999999999992
26817,EPL,2024,2025-01-18 15:00:00,Leicester,Fulham,H,0.676934,2.36823,0,2,-1.691296
26830,EPL,2024,2025-01-26 14:00:00,Leicester,Tottenham,A,1.40469,1.27483,2,1,0.1298600000000001
26836,EPL,2024,2025-02-01 15:00:00,Leicester,Everton,A,0.447136,3.11261,0,4,-2.665474
26846,EPL,2024,2025-02-15 12:30:00,Leicester,Arsenal,H,0.233209,1.75,0,2,-1.516791
26858,EPL,2024,2025-02-21 20:00:00,Leicester,Brentford,H,0.727901,2.03465,0,4,-1.306749
26866,EPL,2024,2025-02-27 20:00:00,Leicester,West Ham,A,0.289578,1.70437,0,2,-1.4147919999999998
26874,EPL,2024,2025-03-09 14:00:00,Leicester,Chelsea,A,0.108487,1.76844,0,1,-1.659953
26888,EPL,2024,2025-03-16 19:00:00,Leicester,Manchester United,H,1.30455,1.13892,0,3,0.16563000000000017
26898,EPL,2024,2025-04-02 19:45:00,Leicester,Manchester City,A,0.104741,2.07165,0,2,-1.966909
26908,EPL,2024,2025-04-07 19:00:00,Leicester,Newcastle United,H,0.354575,3.44111,0,3,-3.086535
26914,EPL,2024,2025-04-12 14:00:00,Leicester,Brighton,A,1.98444,3.6978,2,2,-1.71336
26928,EPL,2024,2025-04-20 15:30:00,Leicester,Liverpool,H,0.232205,4.52706,0,1,-4.294855
26941,EPL,2024,2025-04-26 14:00:00,Leicester,Wolverhampton Wanderers,A,1.04978,2.57666,0,3,-1.52688
26951,EPL,2024,2025-05-03 14:00:00,Leicester,Southampton,H,1.60739,0.550774,2,0,1.056616
26958,EPL,2024,2025-05-11 13:15:00,Leicester,Nottingham Forest,A,1.22949,1.76909,2,2,-0.5396000000000001
26969,EPL,2024,2025-05-18 14:00:00,Leicester,Ipswich,H,0.788544,1.36957,2,0,-0.5810259999999999
26979,EPL,2024,2025-05-25 15:00:00,Leicester,Bournemouth,A,0.156702,2.72449,0,2,-2.5677879999999997
26603,EPL,2024,2024-08-17 11:30:00,Liverpool,Ipswich,A,3.92906,0.342601,2,0,3.586459
26621,EPL,2024,2024-08-25 15:30:00,Liverpool,Brentford,H,2.71877,0.457239,2,0,2.261531
26631,EPL,2024,2024-09-01 15:00:00,Liverpool,Manchester United,A,2.10397,1.50087,3,0,0.6031
26635,EPL,2024,2024-09-14 14:00:00,Liverpool,Nottingham Forest,H,1.17044,0.589532,0,1,0.580908
26645,EPL,2024,2024-09-21 14:00:00,Liverpool,Bournemouth,H,2.43731,1.46979,3,0,0.9675200000000002
26658,EPL,2024,2024-09-28 16:30:00,Liverpool,Wolverhampton Wanderers,A,2.11724,0.748925,2,1,1.368315
26662,EPL,2024,2024-10-05 11:30:00,Liverpool,Crystal Palace,A,2.07332,0.609481,1,0,1.4638389999999997
26679,EPL,2024,2024-10-20 15:30:00,Liverpool,Chelsea,H,2.22517,1.33904,2,1,0.8861299999999999
26691,EPL,2024,2024-10-27 16:30:00,Liverpool,Arsenal,A,1.35346,1.0883,2,2,0.26516000000000006
26696,EPL,2024,2024-11-02 15:00:00,Liverpool,Brighton,H,1.81037,1.01568,2,1,0.7946900000000001
26707,EPL,2024,2024-11-09 20:00:00,Liverpool,Aston Villa,H,2.68196,1.66337,2,0,1.01859
26721,EPL,2024,2024-11-24 14:00:00,Liverpool,Southampton,A,3.18835,1.53985,3,2,1.6484999999999999
26726,EPL,2024,2024-12-01 16:00:00,Liverpool,Manchester City,H,3.70054,0.745015,2,0,2.955525
26740,EPL,2024,2024-12-04 19:30:00,Liverpool,Newcastle United,A,2.22766,1.52057,3,3,0.7070900000000002
26752,EPL,2024,2024-12-14 15:00:00,Liverpool,Fulham,H,2.09698,1.2862,2,2,0.8107799999999998
26768,EPL,2024,2024-12-22 16:30:00,Liverpool,Tottenham,A,5.20214,1.20245,6,3,3.99969
26776,EPL,2024,2024-12-26 20:00:00,Liverpool,Leicester,H,1.89935,0.22097,3,1,1.6783800000000002
26791,EPL,2024,2024-12-29 17:15:00,Liverpool,West Ham,A,3.29868,0.518279,5,0,2.780401
26797,EPL,2024,2025-01-05 16:30:00,Liverpool,Manchester United,H,2.862,1.67469,2,2,1.18731
26807,EPL,2024,2025-01-14 20:00:00,Liverpool,Nottingham Forest,A,2.72291,0.5292,1,1,2.1937100000000003
26813,EPL,2024,2025-01-18 15:00:00,Liverpool,Brentford,A,4.16249,1.20021,2,0,2.96228
26827,EPL,2024,2025-01-25 15:00:00,Liverpool,Ipswich,H,2.16809,0.804707,4,1,1.3633829999999998
26832,EPL,2024,2025-02-01 15:00:00,Liverpool,Bournemouth,A,2.7219,1.65273,2,0,1.0691700000000002
26748,EPL,2024,2025-02-12 19:30:00,Liverpool,Everton,A,0.929103,0.910523,2,2,0.01858000000000004
26847,EPL,2024,2025-02-16 14:00:00,Liverpool,Wolverhampton Wanderers,H,1.86758,1.05329,2,1,0.81429
26884,EPL,2024,2025-02-19 15:00:00,Liverpool,Aston Villa,A,2.04279,1.02269,2,2,1.0201
26859,EPL,2024,2025-02-23 16:30:00,Liverpool,Manchester City,A,0.807058,0.58248,2,0,0.22457800000000006
26870,EPL,2024,2025-02-26 20:15:00,Liverpool,Newcastle United,H,1.40027,0.45882,2,0,0.9414499999999999
26876,EPL,2024,2025-03-08 15:00:00,Liverpool,Southampton,H,4.98996,0.511566,3,1,4.478394
26901,EPL,2024,2025-04-02 20:00:00,Liverpool,Everton,H,1.29718,0.823136,1,0,0.474044
26906,EPL,2024,2025-04-06 13:00:00,Liverpool,Fulham,A,1.40638,1.72764,2,3,-0.3212600000000001
26916,EPL,2024,2025-04-13 13:00:00,Liverpool,West Ham,H,1.42902,1.46598,2,1,-0.036960000000000104
26928,EPL,2024,2025-04-20 15:30:00,Liverpool,Leicester,A,4.52706,0.232205,1,0,4.294855
26936,EPL,2024,2025-04-27 15:30:00,Liverpool,Tottenham,H,2.51104,0.512812,5,1,1.998228
26948,EPL,2024,2025-05-04 15:30:00,Liverpool,Chelsea,A,1.4267,3.51944,1,3,-2.09274
26952,EPL,2024,2025-05-11 15:30:00,Liverpool,Arsenal,H,2.74682,2.18795,2,2,0.5588700000000002
26965,EPL,2024,2025-05-19 19:00:00,Liverpool,Brighton,A,3.065,2.17789,2,3,0.8871099999999998
26975,EPL,2024,2025-05-25 15:00:00,Liverpool,Crystal Palace,H,1.92122,1.4144,1,1,0.5068199999999998
28778,EPL,2025,2025-08-15 19:00:00,Liverpool,Bournemouth,H,2.33007,1.57303,4,2,0.7570400000000002
28797,EPL,2025,2025-08-25 19:00:00,Liverpool,Newcastle United,A,0.646559,1.96342,3,2,-1.3168609999999998
28806,EPL,2025,2025-08-31 15:30:00,Liverpool,Arsenal,H,0.481404,0.485679,1,0,-0.004275000000000029
28816,EPL,2025,2025-09-14 13:00:00,Liverpool,Burnley,A,2.79492,0.168041,1,0,2.6268789999999997
28818,EPL,2025,2025-09-20 11:30:00,Liverpool,Everton,H,1.06166,0.721371,2,1,0.34028900000000006
28830,EPL,2025,2025-09-27 14:00:00,Liverpool,Crystal Palace,A,3.10176,3.53323,1,2,-0.43147
28842,EPL,2025,2025-10-04 16:30:00,Liverpool,Chelsea,A,2.05981,1.23721,1,2,0.8226000000000002
28852,EPL,2025,2025-10-19 15:30:00,Liverpool,Manchester United,H,2.60972,2.53117,1,2,0.0785499999999999
28861,EPL,2025,2025-10-25 19:00:00,Liverpool,Brentford,A,2.11838,3.27126,2,3,-1.1528799999999997
28872,EPL,2025,2025-11-01 20:00:00,Liverpool,Aston Villa,H,1.47021,0.43502,2,0,1.03519
28883,EPL,2025,2025-11-09 16:30:00,Liverpool,Manchester City,A,1.0281,1.59542,0,3,-0.56732
28894,EPL,2025,2025-11-22 15:00:00,Liverpool,Nottingham Forest,H,1.79273,1.19459,0,3,0.5981399999999999
28907,EPL,2025,2025-11-30 14:05:00,Liverpool,West Ham,A,1.56793,0.364152,2,0,1.203778
28914,EPL,2025,2025-12-03 20:15:00,Liverpool,Sunderland,H,1.37633,0.712662,1,1,0.663668
28923,EPL,2025,2025-12-06 17:30:00,Liverpool,Leeds,A,2.04805,1.79333,3,3,0.25471999999999984
28933,EPL,2025,2025-12-13 15:00:00,Liverpool,Brighton,H,2.4127,1.69004,2,0,0.7226600000000001
28946,EPL,2025,2025-12-20 17:30:00,Liverpool,Tottenham,A,1.23164,1.34905,2,1,-0.11741000000000001
28953,EPL,2025,2025-12-27 15:00:00,Liverpool,Wolverhampton Wanderers,H,1.56502,0.780664,2,1,0.784356
28963,EPL,2025,2026-01-01 17:30:00,Liverpool,Leeds,H,1.67833,0.15936,0,0,1.5189700000000002
28975,EPL,2025,2026-01-04 15:00:00,Liverpool,Fulham,A,1.7188,0.609182,2,2,1.1096180000000002
28980,EPL,2025,2026-01-08 20:00:00,Liverpool,Arsenal,A,0.318642,0.701832,0,0,-0.38319000000000003
28992,EPL,2025,2026-01-17 15:00:00,Liverpool,Burnley,H,3.49045,0.546971,1,1,2.943479
28998,EPL,2025,2026-01-24 17:30:00,Liverpool,Bournemouth,A,0.937335,3.31474,2,3,-2.377405
29014,EPL,2025,2026-01-31 20:00:00,Liverpool,Newcastle United,H,3.09973,0.284319,4,1,2.815411
29024,EPL,2025,2026-02-08 16:30:00,Liverpool,Manchester City,H,1.26652,2.41476,1,2,-1.1482399999999997
29035,EPL,2025,2026-02-11 20:15:00,Liverpool,Sunderland,A,3.08172,0.693794,1,0,2.3879259999999998
29044,EPL,2025,2026-02-22 14:00:00,Liverpool,Nottingham Forest,A,2.39634,0.934768,1,0,1.4615719999999999
29054,EPL,2025,2026-02-28 15:00:00,Liverpool,West Ham,H,2.09939,1.3517,5,2,0.7476900000000002
29067,EPL,2025,2026-03-03 20:15:00,Liverpool,Wolverhampton Wanderers,A,2.17217,0.636033,1,2,1.536137
29073,EPL,2025,2026-03-15 16:30:00,Liverpool,Tottenham,H,1.30076,1.15636,1,1,0.14439999999999986
29080,EPL,2025,2026-03-21 12:30:00,Liverpool,Brighton,A,0.956801,3.42956,1,2,-2.472759
29097,EPL,2025,2026-04-11 16:30:00,Liverpool,Fulham,H,2.01499,1.42024,2,0,0.5947500000000001
29102,EPL,2025,2026-04-19 13:00:00,Liverpool,Everton,A,1.38333,1.4784,2,1,-0.09506999999999999
29113,EPL,2025,2026-04-25 14:00:00,Liverpool,Crystal Palace,H,1.45071,2.19912,3,1,-0.7484100000000002
29125,EPL,2025,2026-05-03 15:30:00,Liverpool,Manchester United,A,1.02814,2.55612,2,3,-1.52798
29132,EPL,2025,2026-05-09 12:30:00,Liverpool,Chelsea,H,0.623191,0.597184,1,1,0.026007000000000002
29140,EPL,2025,2026-05-15 20:00:00,Liverpool,Aston Villa,A,1.55027,2.5252,2,4,-0.9749299999999999
29152,EPL,2025,2026-05-24 15:00:00,Liverpool,Brentford,H,2.99412,1.46082,1,1,1.5333
26610,EPL,2024,2024-08-18 15:30:00,Manchester City,Chelsea,A,1.18038,1.06123,2,0,0.11915000000000009
26615,EPL,2024,2024-08-24 14:00:00,Manchester City,Ipswich,H,3.07818,0.479999,4,1,2.5981810000000003
26628,EPL,2024,2024-08-31 16:30:00,Manchester City,West Ham,A,3.19297,0.947201,3,1,2.245769
26637,EPL,2024,2024-09-14 14:00:00,Manchester City,Brentford,H,1.55279,1.05094,2,1,0.5018499999999999
26651,EPL,2024,2024-09-22 15:30:00,Manchester City,Arsenal,H,2.75588,1.28411,2,2,1.4717699999999998
26652,EPL,2024,2024-09-28 11:30:00,Manchester City,Newcastle United,A,1.26516,1.34344,1,1,-0.0782799999999999
26664,EPL,2024,2024-10-05 14:00:00,Manchester City,Fulham,H,1.36684,2.75846,3,2,-1.3916199999999999
26681,EPL,2024,2024-10-20 13:00:00,Manchester City,Wolverhampton Wanderers,A,1.36569,0.761217,2,1,0.604473
26683,EPL,2024,2024-10-26 14:00:00,Manchester City,Southampton,H,3.16286,0.369989,1,0,2.792871
26692,EPL,2024,2024-11-02 15:00:00,Manchester City,Bournemouth,A,2.3527,2.4493,1,2,-0.09660000000000002
26703,EPL,2024,2024-11-09 17:30:00,Manchester City,Brighton,A,2.60334,2.87116,1,2,-0.26781999999999995
26720,EPL,2024,2024-11-23 17:30:00,Manchester City,Tottenham,H,2.15899,3.30449,0,4,-1.1454999999999997
26726,EPL,2024,2024-12-01 16:00:00,Manchester City,Liverpool,A,0.745015,3.70054,0,2,-2.955525
26739,EPL,2024,2024-12-04 19:30:00,Manchester City,Nottingham Forest,H,3.20169,0.802155,3,0,2.399535
26747,EPL,2024,2024-12-07 15:00:00,Manchester City,Crystal Palace,A,1.5846,1.21476,2,2,0.36983999999999995
26753,EPL,2024,2024-12-15 16:30:00,Manchester City,Manchester United,H,0.638103,2.04662,1,2,-1.4085169999999998
26762,EPL,2024,2024-12-21 12:30:00,Manchester City,Aston Villa,A,1.09627,2.05988,1,2,-0.9636100000000001
26777,EPL,2024,2024-12-26 12:30:00,Manchester City,Everton,H,2.51965,0.653289,1,1,1.866361
26788,EPL,2024,2024-12-29 14:30:00,Manchester City,Leicester,A,1.58002,1.84208,2,0,-0.26205999999999996
26798,EPL,2024,2025-01-04 15:00:00,Manchester City,West Ham,H,1.97986,1.53286,4,1,0.44700000000000006
26803,EPL,2024,2025-01-14 19:30:00,Manchester City,Brentford,A,2.65315,2.39088,2,2,0.26227
26816,EPL,2024,2025-01-19 16:30:00,Manchester City,Ipswich,A,3.20228,0.795637,6,0,2.406643
26828,EPL,2024,2025-01-25 17:30:00,Manchester City,Chelsea,H,2.23213,1.49843,3,1,0.7337000000000002
26833,EPL,2024,2025-02-02 16:30:00,Manchester City,Arsenal,A,0.743191,1.53202,1,5,-0.7888289999999999
26848,EPL,2024,2025-02-15 15:00:00,Manchester City,Newcastle United,H,2.12004,0.157211,4,0,1.962829
26859,EPL,2024,2025-02-23 16:30:00,Manchester City,Liverpool,H,0.58248,0.807058,0,2,-0.22457800000000006
26865,EPL,2024,2025-02-26 19:30:00,Manchester City,Tottenham,A,2.38641,1.28426,1,0,1.1021500000000002
26878,EPL,2024,2025-03-08 12:30:00,Manchester City,Nottingham Forest,A,0.721234,0.501476,0,1,0.219758
26889,EPL,2024,2025-03-15 15:00:00,Manchester City,Brighton,H,2.02642,2.11119,2,2,-0.08477000000000023
26898,EPL,2024,2025-04-02 19:45:00,Manchester City,Leicester,H,2.07165,0.104741,2,0,1.966909
26909,EPL,2024,2025-04-06 15:30:00,Manchester City,Manchester United,A,0.687894,1.23317,0,0,-0.5452760000000001
26917,EPL,2024,2025-04-12 11:30:00,Manchester City,Crystal Palace,H,4.59724,1.33808,5,2,3.2591600000000005
26925,EPL,2024,2025-04-19 14:00:00,Manchester City,Everton,A,1.87989,0.81683,2,0,1.0630600000000001
26937,EPL,2024,2025-04-22 19:00:00,Manchester City,Aston Villa,H,1.36232,1.85906,2,1,-0.49673999999999996
26942,EPL,2024,2025-05-02 19:00:00,Manchester City,Wolverhampton Wanderers,H,0.859463,0.622455,1,0,0.237008
26959,EPL,2024,2025-05-10 14:00:00,Manchester City,Southampton,A,1.58463,0.136995,0,0,1.447635
26970,EPL,2024,2025-05-20 19:00:00,Manchester City,Bournemouth,H,1.59779,0.962014,3,1,0.635776
26981,EPL,2024,2025-05-25 15:00:00,Manchester City,Fulham,A,2.45923,2.21797,2,0,0.24125999999999959
28783,EPL,2025,2025-08-16 16:30:00,Manchester City,Wolverhampton Wanderers,A,2.29903,0.519436,4,0,1.7795940000000001
28789,EPL,2025,2025-08-23 11:30:00,Manchester City,Tottenham,H,1.2475,1.28015,0,2,-0.032649999999999846
28805,EPL,2025,2025-08-31 13:00:00,Manchester City,Brighton,A,2.13418,2.20864,1,2,-0.07445999999999975
28817,EPL,2025,2025-09-14 15:30:00,Manchester City,Manchester United,H,1.99725,1.51915,3,0,0.47809999999999997
28827,EPL,2025,2025-09-21 15:30:00,Manchester City,Arsenal,A,1.1227,0.718575,1,1,0.40412500000000007
28833,EPL,2025,2025-09-27 14:00:00,Manchester City,Burnley,H,3.22133,0.509491,5,1,2.711839
28841,EPL,2025,2025-10-05 15:30:00,Manchester City,Brentford,A,1.09647,0.693758,1,0,0.40271200000000007
28853,EPL,2025,2025-10-18 14:00:00,Manchester City,Everton,H,2.4799,0.794622,2,0,1.6852780000000003
28860,EPL,2025,2025-10-26 13:00:00,Manchester City,Aston Villa,A,1.36914,0.843906,0,1,0.525234
28873,EPL,2025,2025-11-02 16:30:00,Manchester City,Bournemouth,H,2.48999,0.899846,3,1,1.590144
28883,EPL,2025,2025-11-09 16:30:00,Manchester City,Liverpool,H,1.59542,1.0281,3,0,0.56732
28896,EPL,2025,2025-11-22 17:30:00,Manchester City,Newcastle United,A,2.45648,2.40555,1,2,0.05093000000000014
28903,EPL,2025,2025-11-29 15:00:00,Manchester City,Leeds,H,2.85292,1.75142,3,2,1.1015000000000001
28912,EPL,2025,2025-12-02 19:30:00,Manchester City,Fulham,A,1.96225,0.972635,5,4,0.989615
28924,EPL,2025,2025-12-06 15:00:00,Manchester City,Sunderland,H,2.41605,0.626486,3,0,1.789564
28932,EPL,2025,2025-12-14 14:00:00,Manchester City,Crystal Palace,A,1.35317,1.30092,3,0,0.05224999999999991
28944,EPL,2025,2025-12-20 15:00:00,Manchester City,West Ham,H,3.58188,1.02143,3,0,2.56045
28955,EPL,2025,2025-12-27 12:30:00,Manchester City,Nottingham Forest,A,1.46468,0.600141,2,1,0.864539
28966,EPL,2025,2026-01-01 20:00:00,Manchester City,Sunderland,A,2.44247,0.962141,0,0,1.4803290000000002
28977,EPL,2025,2026-01-04 17:30:00,Manchester City,Chelsea,H,1.03049,2.03726,1,1,-1.00677
28985,EPL,2025,2026-01-07 19:30:00,Manchester City,Brighton,H,2.95904,1.33162,1,1,1.6274199999999999
28993,EPL,2025,2026-01-17 12:30:00,Manchester City,Manchester United,A,0.387015,3.07278,0,2,-2.685765
29005,EPL,2025,2026-01-24 15:00:00,Manchester City,Wolverhampton Wanderers,H,1.0654,0.542683,2,0,0.5227169999999999
29016,EPL,2025,2026-02-01 16:30:00,Manchester City,Tottenham,A,2.03614,1.49738,2,2,0.5387600000000001
29024,EPL,2025,2026-02-08 16:30:00,Manchester City,Liverpool,A,2.41476,1.26652,2,1,1.1482399999999997
29033,EPL,2025,2026-02-11 19:30:00,Manchester City,Fulham,H,1.67722,1.05283,3,0,0.62439
29043,EPL,2025,2026-02-21 20:00:00,Manchester City,Newcastle United,H,2.22648,0.507954,2,1,1.718526
29053,EPL,2025,2026-02-28 17:30:00,Manchester City,Leeds,A,2.46834,1.37824,1,0,1.0901
29064,EPL,2025,2026-03-04 19:30:00,Manchester City,Nottingham Forest,H,2.72655,1.23642,2,2,1.49013
29077,EPL,2025,2026-03-14 20:00:00,Manchester City,West Ham,A,1.9546,0.488982,1,1,1.4656179999999999
29095,EPL,2025,2026-04-12 15:30:00,Manchester City,Chelsea,A,2.40839,1.22108,3,0,1.1873099999999999
29104,EPL,2025,2026-04-19 15:30:00,Manchester City,Arsenal,H,2.61528,2.28964,2,1,0.32563999999999993
29111,EPL,2025,2026-04-22 19:00:00,Manchester City,Burnley,A,3.40888,0.973776,1,0,2.435104
29123,EPL,2025,2026-05-04 20:00:00,Manchester City,Everton,A,1.41706,1.68558,3,3,-0.2685200000000001
29133,EPL,2025,2026-05-09 17:30:00,Manchester City,Brentford,H,4.37429,0.670038,3,0,3.7042520000000003
29084,EPL,2025,2026-05-13 20:00:00,Manchester City,Crystal Palace,H,1.95679,0.428862,3,0,1.527928
29138,EPL,2025,2026-05-19 19:30:00,Manchester City,Bournemouth,A,1.26917,1.71486,1,1,-0.44569000000000014
29153,EPL,2025,2026-05-24 15:00:00,Manchester City,Aston Villa,H,1.38085,2.4397,1,2,-1.0588500000000003
26602,EPL,2024,2024-08-16 19:00:00,Manchester United,Fulham,H,2.04268,0.418711,1,0,1.6239689999999998
26612,EPL,2024,2024-08-24 11:30:00,Manchester United,Brighton,A,1.28556,2.14153,1,2,-0.8559699999999999
26631,EPL,2024,2024-09-01 15:00:00,Manchester United,Liverpool,H,1.50087,2.10397,0,3,-0.6031
26632,EPL,2024,2024-09-14 11:30:00,Manchester United,Southampton,A,3.02693,1.35593,3,0,1.671
26649,EPL,2024,2024-09-21 16:30:00,Manchester United,Crystal Palace,A,2.35056,1.66928,0,0,0.6812800000000001
26660,EPL,2024,2024-09-29 15:30:00,Manchester United,Tottenham,H,0.600721,5.4072,0,3,-4.8064789999999995
26670,EPL,2024,2024-10-06 13:00:00,Manchester United,Aston Villa,A,0.448537,0.532809,0,0,-0.08427199999999996
26675,EPL,2024,2024-10-19 14:00:00,Manchester United,Brentford,H,1.76555,0.892843,2,1,0.8727069999999999
26690,EPL,2024,2024-10-27 14:00:00,Manchester United,West Ham,A,2.62598,2.99312,1,2,-0.3671399999999996
26697,EPL,2024,2024-11-03 16:30:00,Manchester United,Chelsea,H,2.1605,1.21071,1,1,0.9497899999999999
26708,EPL,2024,2024-11-10 14:00:00,Manchester United,Leicester,H,1.2369,0.417295,3,0,0.8196050000000001
26718,EPL,2024,2024-11-24 16:30:00,Manchester United,Ipswich,A,1.26912,1.98714,1,1,-0.7180199999999999
26727,EPL,2024,2024-12-01 13:30:00,Manchester United,Everton,H,1.76161,0.766749,4,0,0.9948609999999999
26733,EPL,2024,2024-12-04 20:15:00,Manchester United,Arsenal,A,0.256083,2.96684,0,2,-2.710757
26744,EPL,2024,2024-12-07 17:30:00,Manchester United,Nottingham Forest,H,1.4697,0.651217,2,3,0.818483
26753,EPL,2024,2024-12-15 16:30:00,Manchester United,Manchester City,A,2.04662,0.638103,2,1,1.4085169999999998
26769,EPL,2024,2024-12-22 14:00:00,Manchester United,Bournemouth,H,2.28533,1.82831,0,3,0.45702
26781,EPL,2024,2024-12-26 17:30:00,Manchester United,Wolverhampton Wanderers,A,0.358876,0.826489,0,2,-0.46761300000000006
26789,EPL,2024,2024-12-30 20:00:00,Manchester United,Newcastle United,H,1.00073,2.2424,0,2,-1.24167
26797,EPL,2024,2025-01-05 16:30:00,Manchester United,Liverpool,A,1.67469,2.862,2,2,-1.18731
26811,EPL,2024,2025-01-16 20:00:00,Manchester United,Southampton,H,3.10847,1.36705,3,1,1.74142
26818,EPL,2024,2025-01-19 14:00:00,Manchester United,Brighton,H,1.31823,2.17172,1,3,-0.8534900000000001
26826,EPL,2024,2025-01-26 19:00:00,Manchester United,Fulham,A,0.201988,0.560571,1,0,-0.35858300000000004
26838,EPL,2024,2025-02-02 14:00:00,Manchester United,Crystal Palace,H,1.50706,2.44633,0,2,-0.93927
26850,EPL,2024,2025-02-16 16:30:00,Manchester United,Tottenham,A,1.42652,1.97109,0,1,-0.54457
26855,EPL,2024,2025-02-22 12:30:00,Manchester United,Everton,A,0.645685,2.10444,2,2,-1.458755
26871,EPL,2024,2025-02-26 19:30:00,Manchester United,Ipswich,H,1.40202,1.04498,3,2,0.35704
26877,EPL,2024,2025-03-09 16:30:00,Manchester United,Arsenal,H,1.31107,1.82996,1,1,-0.5188900000000001
26888,EPL,2024,2025-03-16 19:00:00,Manchester United,Leicester,A,1.13892,1.30455,3,0,-0.16563000000000017
26894,EPL,2024,2025-04-01 20:00:00,Manchester United,Nottingham Forest,A,1.86688,0.512063,0,1,1.3548170000000002
26909,EPL,2024,2025-04-06 15:30:00,Manchester United,Manchester City,H,1.23317,0.687894,0,0,0.5452760000000001
26918,EPL,2024,2025-04-13 15:30:00,Manchester United,Newcastle United,A,0.786568,2.6383,1,4,-1.8517320000000002
26929,EPL,2024,2025-04-20 13:00:00,Manchester United,Wolverhampton Wanderers,H,1.13966,0.187814,0,1,0.9518459999999999
26932,EPL,2024,2025-04-27 13:00:00,Manchester United,Bournemouth,A,1.91039,0.60995,1,1,1.30044
26947,EPL,2024,2025-05-04 13:00:00,Manchester United,Brentford,A,1.13404,3.58737,3,4,-2.4533300000000002
26956,EPL,2024,2025-05-11 13:15:00,Manchester United,West Ham,H,2.31287,2.15985,0,2,0.15302000000000016
26966,EPL,2024,2025-05-16 19:15:00,Manchester United,Chelsea,A,0.337632,1.29571,0,1,-0.958078
26974,EPL,2024,2025-05-25 15:00:00,Manchester United,Aston Villa,H,2.96259,0.335222,2,0,2.627368
28786,EPL,2025,2025-08-17 15:30:00,Manchester United,Arsenal,H,1.37653,1.3304,0,1,0.046130000000000004
28796,EPL,2025,2025-08-24 15:30:00,Manchester United,Fulham,A,1.54603,1.65333,1,1,-0.10729999999999995
28802,EPL,2025,2025-08-30 14:00:00,Manchester United,Burnley,H,4.02237,1.32618,3,2,2.6961899999999996
28817,EPL,2025,2025-09-14 15:30:00,Manchester United,Manchester City,A,1.51915,1.99725,0,3,-0.47809999999999997
28824,EPL,2025,2025-09-20 16:30:00,Manchester United,Chelsea,H,1.34458,0.469843,2,1,0.8747370000000001
28828,EPL,2025,2025-09-27 11:30:00,Manchester United,Brentford,A,2.23609,2.78726,1,3,-0.5511699999999999
28845,EPL,2025,2025-10-04 14:00:00,Manchester United,Sunderland,H,1.9298,0.807119,2,0,1.122681
28852,EPL,2025,2025-10-19 15:30:00,Manchester United,Liverpool,A,2.53117,2.60972,2,1,-0.0785499999999999
28865,EPL,2025,2025-10-25 16:30:00,Manchester United,Brighton,H,1.96231,0.947154,4,2,1.015156
28874,EPL,2025,2025-11-01 15:00:00,Manchester United,Nottingham Forest,A,0.91622,1.55066,2,2,-0.6344399999999999
28886,EPL,2025,2025-11-08 12:30:00,Manchester United,Tottenham,A,0.820256,1.35532,2,2,-0.5350640000000001
28895,EPL,2025,2025-11-24 20:00:00,Manchester United,Everton,H,2.2737,0.155063,0,1,2.1186369999999997
28901,EPL,2025,2025-11-30 12:00:00,Manchester United,Crystal Palace,A,1.47768,2.13561,2,1,-0.6579299999999997
28915,EPL,2025,2025-12-04 20:00:00,Manchester United,West Ham,H,2.27674,1.36584,1,1,0.9109000000000003
28927,EPL,2025,2025-12-08 20:00:00,Manchester United,Wolverhampton Wanderers,A,4.04708,0.262147,4,1,3.784933
28934,EPL,2025,2025-12-15 20:00:00,Manchester United,Bournemouth,H,3.21204,2.35196,4,4,0.86008
28939,EPL,2025,2025-12-21 16:30:00,Manchester United,Aston Villa,A,1.30455,1.86917,1,2,-0.5646199999999999
28954,EPL,2025,2025-12-26 20:00:00,Manchester United,Newcastle United,H,0.940811,1.12998,1,0,-0.18916900000000003
28964,EPL,2025,2025-12-30 20:15:00,Manchester United,Wolverhampton Wanderers,H,1.13306,1.21784,1,1,-0.08478000000000008
28976,EPL,2025,2026-01-04 12:30:00,Manchester United,Leeds,A,1.94781,0.970138,1,1,0.9776720000000001
28982,EPL,2025,2026-01-07 20:15:00,Manchester United,Burnley,A,2.52488,0.31971,2,2,2.20517
28993,EPL,2025,2026-01-17 12:30:00,Manchester United,Manchester City,H,3.07278,0.387015,2,0,2.685765
28999,EPL,2025,2026-01-25 16:30:00,Manchester United,Arsenal,A,0.640902,1.42411,3,2,-0.783208
29012,EPL,2025,2026-02-01 14:00:00,Manchester United,Fulham,H,1.84362,1.71998,3,2,0.12363999999999997
29025,EPL,2025,2026-02-07 12:30:00,Manchester United,Tottenham,H,2.16576,0.593404,2,0,1.572356
29037,EPL,2025,2026-02-10 20:15:00,Manchester United,West Ham,A,0.735767,1.30746,1,1,-0.5716930000000001
29042,EPL,2025,2026-02-23 20:00:00,Manchester United,Everton,A,1.4547,0.560924,1,0,0.8937760000000001
29055,EPL,2025,2026-03-01 14:00:00,Manchester United,Crystal Palace,H,2.34609,0.384699,2,1,1.9613909999999999
29065,EPL,2025,2026-03-04 20:15:00,Manchester United,Newcastle United,A,1.80571,1.96637,1,2,-0.16066000000000003
29074,EPL,2025,2026-03-15 14:00:00,Manchester United,Aston Villa,H,1.67823,1.21071,3,1,0.46752000000000016
29078,EPL,2025,2026-03-20 20:00:00,Manchester United,Bournemouth,A,1.74574,1.76664,2,2,-0.02089999999999992
29088,EPL,2025,2026-04-13 19:00:00,Manchester United,Leeds,H,1.36555,2.95118,1,2,-1.5856299999999999
29100,EPL,2025,2026-04-18 19:00:00,Manchester United,Chelsea,A,0.436043,1.28109,1,0,-0.8450470000000001
29114,EPL,2025,2026-04-27 19:00:00,Manchester United,Brentford,H,1.84852,1.30383,2,1,0.5446899999999999
29125,EPL,2025,2026-05-03 15:30:00,Manchester United,Liverpool,H,2.55612,1.02814,3,2,1.52798
29135,EPL,2025,2026-05-09 15:00:00,Manchester United,Sunderland,A,0.535981,1.2376,0,0,-0.701619
29145,EPL,2025,2026-05-17 12:30:00,Manchester United,Nottingham Forest,H,4.28532,1.84418,3,2,2.44114
29148,EPL,2025,2026-05-24 15:00:00,Manchester United,Brighton,A,2.32868,0.702398,3,0,1.6262819999999998
26606,EPL,2024,2024-08-17 14:00:00,Newcastle United,Southampton,H,0.433489,1.95483,1,0,-1.521341
26620,EPL,2024,2024-08-25 13:00:00,Newcastle United,Bournemouth,A,1.89287,2.53513,1,1,-0.64226
26629,EPL,2024,2024-09-01 12:30:00,Newcastle United,Tottenham,H,1.58694,1.63304,2,1,-0.04610000000000003
26641,EPL,2024,2024-09-15 15:30:00,Newcastle United,Wolverhampton Wanderers,A,1.48343,1.46969,2,1,0.013740000000000085
26646,EPL,2024,2024-09-21 14:00:00,Newcastle United,Fulham,A,1.09768,3.21141,1,3,-2.11373
26652,EPL,2024,2024-09-28 11:30:00,Newcastle United,Manchester City,H,1.34344,1.26516,1,1,0.0782799999999999
26669,EPL,2024,2024-10-05 16:30:00,Newcastle United,Everton,A,1.79048,0.692214,0,0,1.0982660000000002
26676,EPL,2024,2024-10-19 14:00:00,Newcastle United,Brighton,H,1.93657,1.6779,0,1,0.25866999999999996
26688,EPL,2024,2024-10-27 14:00:00,Newcastle United,Chelsea,A,1.74225,1.61794,1,2,0.12431000000000014
26694,EPL,2024,2024-11-02 12:30:00,Newcastle United,Arsenal,H,0.859715,0.911305,1,0,-0.051590000000000025
26704,EPL,2024,2024-11-10 14:00:00,Newcastle United,Nottingham Forest,A,1.86904,1.17852,3,1,0.69052
26713,EPL,2024,2024-11-25 20:00:00,Newcastle United,West Ham,H,1.49781,0.942824,0,2,0.5549860000000001
26725,EPL,2024,2024-11-30 15:00:00,Newcastle United,Crystal Palace,A,0.020989,2.29595,1,1,-2.274961
26740,EPL,2024,2024-12-04 19:30:00,Newcastle United,Liverpool,H,1.52057,2.22766,3,3,-0.7070900000000002
26743,EPL,2024,2024-12-07 15:00:00,Newcastle United,Brentford,A,1.95645,1.746,2,4,0.21045000000000003
26760,EPL,2024,2024-12-14 15:00:00,Newcastle United,Leicester,H,3.95461,0.186759,4,0,3.7678510000000003
26771,EPL,2024,2024-12-21 15:00:00,Newcastle United,Ipswich,A,3.23386,1.06427,4,0,2.16959
26778,EPL,2024,2024-12-26 15:00:00,Newcastle United,Aston Villa,H,2.82867,0.225522,3,0,2.603148
26789,EPL,2024,2024-12-30 20:00:00,Newcastle United,Manchester United,A,2.2424,1.00073,2,0,1.24167
26800,EPL,2024,2025-01-04 12:30:00,Newcastle United,Tottenham,A,2.42963,1.00333,2,1,1.4263
26810,EPL,2024,2025-01-15 19:30:00,Newcastle United,Wolverhampton Wanderers,H,2.13327,1.47433,3,0,0.6589400000000001
26819,EPL,2024,2025-01-18 12:30:00,Newcastle United,Bournemouth,H,0.837801,2.70174,1,4,-1.863939
26829,EPL,2024,2025-01-25 15:00:00,Newcastle United,Southampton,A,3.08319,0.825621,3,1,2.257569
26839,EPL,2024,2025-02-01 15:00:00,Newcastle United,Fulham,H,1.22716,1.60881,1,2,-0.38165000000000004
26848,EPL,2024,2025-02-15 15:00:00,Newcastle United,Manchester City,A,0.157211,2.12004,0,4,-1.962829
26860,EPL,2024,2025-02-23 14:00:00,Newcastle United,Nottingham Forest,H,3.45858,2.38603,4,3,1.0725500000000001
26870,EPL,2024,2025-02-26 20:15:00,Newcastle United,Liverpool,A,0.45882,1.40027,0,2,-0.9414499999999999
26880,EPL,2024,2025-03-10 20:00:00,Newcastle United,West Ham,A,1.62976,0.823986,1,0,0.8057740000000001
26899,EPL,2024,2025-04-02 19:45:00,Newcastle United,Brentford,H,2.26584,1.53201,2,1,0.7338299999999998
26908,EPL,2024,2025-04-07 19:00:00,Newcastle United,Leicester,A,3.44111,0.354575,3,0,3.086535
26918,EPL,2024,2025-04-13 15:30:00,Newcastle United,Manchester United,H,2.6383,0.786568,4,1,1.8517320000000002
26890,EPL,2024,2025-04-16 18:30:00,Newcastle United,Crystal Palace,H,2.32947,2.37548,5,0,-0.046009999999999884
26922,EPL,2024,2025-04-19 16:30:00,Newcastle United,Aston Villa,A,1.27176,3.05371,1,4,-1.7819500000000001
26938,EPL,2024,2025-04-26 14:00:00,Newcastle United,Ipswich,H,4.11539,0.127203,3,0,3.9881869999999995
26944,EPL,2024,2025-05-04 13:00:00,Newcastle United,Brighton,A,1.63777,0.687863,1,1,0.949907
26957,EPL,2024,2025-05-11 11:00:00,Newcastle United,Chelsea,H,1.6703,0.646426,2,0,1.023874
26962,EPL,2024,2025-05-18 15:30:00,Newcastle United,Arsenal,A,2.24634,1.15958,0,1,1.08676
26973,EPL,2024,2025-05-25 15:00:00,Newcastle United,Everton,H,1.1591,1.07279,0,1,0.08631000000000011
28779,EPL,2025,2025-08-16 11:30:00,Newcastle United,Aston Villa,A,1.40098,0.318601,0,0,1.082379
28797,EPL,2025,2025-08-25 19:00:00,Newcastle United,Liverpool,H,1.96342,0.646559,2,3,1.3168609999999998
28803,EPL,2025,2025-08-30 16:30:00,Newcastle United,Leeds,A,0.303635,0.6773,0,0,-0.373665
28809,EPL,2025,2025-09-13 14:00:00,Newcastle United,Wolverhampton Wanderers,H,1.19186,0.375942,1,0,0.8159179999999999
28823,EPL,2025,2025-09-21 13:00:00,Newcastle United,Bournemouth,A,0.153629,0.55066,0,0,-0.397031
28836,EPL,2025,2025-09-28 15:30:00,Newcastle United,Arsenal,H,0.739851,2.07048,1,2,-1.3306289999999998
28846,EPL,2025,2025-10-05 13:00:00,Newcastle United,Nottingham Forest,H,3.81662,0.337689,2,0,3.4789309999999998
28848,EPL,2025,2025-10-18 14:00:00,Newcastle United,Brighton,A,1.28313,0.857104,1,2,0.4260260000000001
28866,EPL,2025,2025-10-25 14:00:00,Newcastle United,Fulham,H,2.76806,1.52001,2,1,1.24805
28877,EPL,2025,2025-11-02 14:00:00,Newcastle United,West Ham,A,0.523615,1.41383,1,3,-0.8902149999999999
28879,EPL,2025,2025-11-09 14:00:00,Newcastle United,Brentford,A,0.432277,2.73729,1,3,-2.3050129999999998
28896,EPL,2025,2025-11-22 17:30:00,Newcastle United,Manchester City,H,2.40555,2.45648,2,1,-0.05093000000000014
28902,EPL,2025,2025-11-29 17:30:00,Newcastle United,Everton,A,2.45882,1.01125,4,1,1.4475699999999998
28916,EPL,2025,2025-12-02 20:15:00,Newcastle United,Tottenham,H,1.88558,1.05205,2,2,0.8335300000000001
28925,EPL,2025,2025-12-06 15:00:00,Newcastle United,Burnley,H,1.80708,1.58375,2,1,0.22333000000000003
28936,EPL,2025,2025-12-14 14:00:00,Newcastle United,Sunderland,A,0.169329,0.630045,0,1,-0.46071599999999996
28945,EPL,2025,2025-12-20 12:30:00,Newcastle United,Chelsea,H,2.87863,1.0261,2,2,1.8525299999999998
28954,EPL,2025,2025-12-26 20:00:00,Newcastle United,Manchester United,A,1.12998,0.940811,0,1,0.18916900000000003
28960,EPL,2025,2025-12-30 19:30:00,Newcastle United,Burnley,A,2.49248,1.32551,3,1,1.16697
28968,EPL,2025,2026-01-04 15:00:00,Newcastle United,Crystal Palace,H,2.72764,1.27825,2,0,1.44939
28986,EPL,2025,2026-01-07 20:15:00,Newcastle United,Leeds,H,2.43495,2.35318,4,3,0.08177000000000012
28997,EPL,2025,2026-01-18 14:00:00,Newcastle United,Wolverhampton Wanderers,A,0.813313,0.390216,0,0,0.42309699999999995
29006,EPL,2025,2026-01-25 14:00:00,Newcastle United,Aston Villa,H,1.95484,1.32143,0,2,0.6334099999999998
29014,EPL,2025,2026-01-31 20:00:00,Newcastle United,Liverpool,A,0.284319,3.09973,1,4,-2.815411
29026,EPL,2025,2026-02-07 17:30:00,Newcastle United,Brentford,H,3.3215,1.65022,2,3,1.6712799999999999
29036,EPL,2025,2026-02-10 19:30:00,Newcastle United,Tottenham,A,2.46991,1.68925,2,1,0.7806600000000001
29043,EPL,2025,2026-02-21 20:00:00,Newcastle United,Manchester City,A,0.507954,2.22648,1,2,-1.718526
29056,EPL,2025,2026-02-28 15:00:00,Newcastle United,Everton,H,1.11889,2.40731,2,3,-1.28842
29065,EPL,2025,2026-03-04 20:15:00,Newcastle United,Manchester United,H,1.96637,1.80571,2,1,0.16066000000000003
29071,EPL,2025,2026-03-14 17:30:00,Newcastle United,Chelsea,A,1.03251,1.72508,1,0,-0.6925699999999999
29085,EPL,2025,2026-03-22 12:00:00,Newcastle United,Sunderland,H,1.26705,2.66657,1,2,-1.39952
29096,EPL,2025,2026-04-12 13:00:00,Newcastle United,Crystal Palace,A,1.27299,3.13933,1,2,-1.86634
29105,EPL,2025,2026-04-18 14:00:00,Newcastle United,Bournemouth,H,1.61167,3.36662,1,2,-1.7549500000000002
29109,EPL,2025,2026-04-25 16:30:00,Newcastle United,Arsenal,A,0.868897,0.639189,0,1,0.22970800000000002
29126,EPL,2025,2026-05-02 15:00:00,Newcastle United,Brighton,H,3.12933,1.87112,3,1,1.25821
29134,EPL,2025,2026-05-10 14:00:00,Newcastle United,Nottingham Forest,A,1.65067,1.46434,1,1,0.1863300000000001
29146,EPL,2025,2026-05-17 17:30:00,Newcastle United,West Ham,H,2.1336,0.957771,3,1,1.1758289999999998
29151,EPL,2025,2026-05-24 15:00:00,Newcastle United,Fulham,A,0.24232,1.72878,0,2,-1.48646
26607,EPL,2024,2024-08-17 14:00:00,Nottingham Forest,Bournemouth,H,1.24405,1.90915,1,1,-0.6650999999999998
26616,EPL,2024,2024-08-24 14:00:00,Nottingham Forest,Southampton,A,2.86475,0.214952,1,0,2.649798
26627,EPL,2024,2024-08-31 14:00:00,Nottingham Forest,Wolverhampton Wanderers,H,1.41069,0.937632,1,1,0.473058
26635,EPL,2024,2024-09-14 14:00:00,Nottingham Forest,Liverpool,A,0.589532,1.17044,1,0,-0.580908
26650,EPL,2024,2024-09-22 13:00:00,Nottingham Forest,Brighton,A,1.36923,1.56836,2,2,-0.19913000000000003
26653,EPL,2024,2024-09-28 14:00:00,Nottingham Forest,Fulham,H,0.614351,1.43592,0,1,-0.8215690000000001
26668,EPL,2024,2024-10-06 13:00:00,Nottingham Forest,Chelsea,A,1.66654,2.27752,1,1,-0.6109800000000001
26677,EPL,2024,2024-10-21 19:00:00,Nottingham Forest,Crystal Palace,H,1.88573,0.835001,1,0,1.050729
26682,EPL,2024,2024-10-25 19:00:00,Nottingham Forest,Leicester,A,2.54488,0.832415,3,1,1.712465
26698,EPL,2024,2024-11-02 15:00:00,Nottingham Forest,West Ham,H,2.35011,0.132317,3,0,2.217793
26704,EPL,2024,2024-11-10 14:00:00,Nottingham Forest,Newcastle United,H,1.17852,1.86904,1,3,-0.69052
26714,EPL,2024,2024-11-23 15:00:00,Nottingham Forest,Arsenal,A,0.403136,1.66016,0,3,-1.2570240000000001
26728,EPL,2024,2024-11-30 15:00:00,Nottingham Forest,Ipswich,H,1.76587,0.462771,1,0,1.303099
26739,EPL,2024,2024-12-04 19:30:00,Nottingham Forest,Manchester City,A,0.802155,3.20169,0,3,-2.399535
26744,EPL,2024,2024-12-07 17:30:00,Nottingham Forest,Manchester United,A,0.651217,1.4697,3,2,-0.818483
26761,EPL,2024,2024-12-14 17:30:00,Nottingham Forest,Aston Villa,H,2.2861,0.389423,2,1,1.8966769999999997
26766,EPL,2024,2024-12-21 15:00:00,Nottingham Forest,Brentford,A,0.964897,0.769004,2,0,0.19589299999999998
26779,EPL,2024,2024-12-26 15:00:00,Nottingham Forest,Tottenham,H,1.30018,1.05758,1,0,0.24259999999999993
26785,EPL,2024,2024-12-29 15:00:00,Nottingham Forest,Everton,A,2.02753,0.615191,2,0,1.412339
26801,EPL,2024,2025-01-06 20:00:00,Nottingham Forest,Wolverhampton Wanderers,A,2.57227,1.90463,3,0,0.66764
26807,EPL,2024,2025-01-14 20:00:00,Nottingham Forest,Liverpool,H,0.5292,2.72291,1,1,-2.1937100000000003
26820,EPL,2024,2025-01-19 14:00:00,Nottingham Forest,Southampton,H,2.36419,1.25922,3,2,1.1049699999999998
26822,EPL,2024,2025-01-25 15:00:00,Nottingham Forest,Bournemouth,A,0.996166,2.8254,0,5,-1.829234
26840,EPL,2024,2025-02-01 12:30:00,Nottingham Forest,Brighton,H,4.0677,0.756296,7,0,3.3114040000000005
26845,EPL,2024,2025-02-15 15:00:00,Nottingham Forest,Fulham,A,0.331301,2.20993,1,2,-1.8786289999999999
26860,EPL,2024,2025-02-23 14:00:00,Nottingham Forest,Newcastle United,A,2.38603,3.45858,3,4,-1.0725500000000001
26864,EPL,2024,2025-02-26 19:30:00,Nottingham Forest,Arsenal,H,0.508611,1.31766,0,0,-0.809049
26878,EPL,2024,2025-03-08 12:30:00,Nottingham Forest,Manchester City,H,0.501476,0.721234,1,0,-0.219758
26887,EPL,2024,2025-03-15 15:00:00,Nottingham Forest,Ipswich,A,1.30722,0.520839,4,2,0.786381
26894,EPL,2024,2025-04-01 20:00:00,Nottingham Forest,Manchester United,H,0.512063,1.86688,1,0,-1.3548170000000002
26902,EPL,2024,2025-04-05 16:30:00,Nottingham Forest,Aston Villa,A,0.96769,2.63349,1,2,-1.6658
26920,EPL,2024,2025-04-12 14:00:00,Nottingham Forest,Everton,H,0.423949,1.26036,0,1,-0.8364109999999999
26930,EPL,2024,2025-04-21 19:00:00,Nottingham Forest,Tottenham,A,0.557682,2.4024,2,1,-1.844718
26939,EPL,2024,2025-05-01 18:30:00,Nottingham Forest,Brentford,H,0.670607,1.52054,0,2,-0.849933
26949,EPL,2024,2025-05-05 19:00:00,Nottingham Forest,Crystal Palace,A,0.63684,2.34037,1,1,-1.7035300000000002
26958,EPL,2024,2025-05-11 13:15:00,Nottingham Forest,Leicester,H,1.76909,1.22949,2,2,0.5396000000000001
26971,EPL,2024,2025-05-18 13:15:00,Nottingham Forest,West Ham,A,2.14756,0.850457,2,1,1.297103
26972,EPL,2024,2025-05-25 15:00:00,Nottingham Forest,Chelsea,H,1.58014,1.30874,0,1,0.2714000000000001
28785,EPL,2025,2025-08-17 13:00:00,Nottingham Forest,Brentford,H,1.7555,1.32516,3,1,0.43034000000000017
28794,EPL,2025,2025-08-24 13:00:00,Nottingham Forest,Crystal Palace,A,1.32987,1.10188,1,1,0.22799000000000014
28804,EPL,2025,2025-08-31 13:00:00,Nottingham Forest,West Ham,H,0.716018,2.236,0,3,-1.5199820000000002
28808,EPL,2025,2025-09-13 11:30:00,Nottingham Forest,Arsenal,A,0.293681,2.8817,0,3,-2.588019
28822,EPL,2025,2025-09-20 14:00:00,Nottingham Forest,Burnley,A,0.830779,1.14159,1,1,-0.31081100000000006
28834,EPL,2025,2025-09-27 16:30:00,Nottingham Forest,Sunderland,H,1.4203,1.94154,0,1,-0.5212400000000001
28846,EPL,2025,2025-10-05 13:00:00,Nottingham Forest,Newcastle United,A,0.337689,3.81662,0,2,-3.4789309999999998
28854,EPL,2025,2025-10-18 11:30:00,Nottingham Forest,Chelsea,H,2.0555,2.5583,0,3,-0.5028000000000001
28858,EPL,2025,2025-10-26 13:00:00,Nottingham Forest,Bournemouth,A,0.305493,0.656601,0,2,-0.351108
28874,EPL,2025,2025-11-01 15:00:00,Nottingham Forest,Manchester United,H,1.55066,0.91622,2,2,0.6344399999999999
28884,EPL,2025,2025-11-09 14:00:00,Nottingham Forest,Leeds,H,2.49097,0.419461,3,1,2.071509
28894,EPL,2025,2025-11-22 15:00:00,Nottingham Forest,Liverpool,A,1.19459,1.79273,3,0,-0.5981399999999999
28904,EPL,2025,2025-11-30 14:05:00,Nottingham Forest,Brighton,H,0.960325,2.0572,0,2,-1.0968749999999998
28917,EPL,2025,2025-12-03 19:30:00,Nottingham Forest,Wolverhampton Wanderers,A,1.12389,1.02461,1,0,0.09928000000000003
28921,EPL,2025,2025-12-06 15:00:00,Nottingham Forest,Everton,A,0.31234,1.25348,0,3,-0.9411399999999999
28935,EPL,2025,2025-12-14 14:00:00,Nottingham Forest,Tottenham,H,2.32658,0.380246,3,0,1.9463339999999998
28942,EPL,2025,2025-12-22 20:00:00,Nottingham Forest,Fulham,A,0.486296,1.70568,0,1,-1.219384
28955,EPL,2025,2025-12-27 12:30:00,Nottingham Forest,Manchester City,H,0.600141,1.46468,1,2,-0.864539
28965,EPL,2025,2025-12-30 19:30:00,Nottingham Forest,Everton,H,1.75445,1.69525,0,2,0.05920000000000014
28972,EPL,2025,2026-01-03 12:30:00,Nottingham Forest,Aston Villa,A,0.8982,1.42988,1,3,-0.53168
28987,EPL,2025,2026-01-06 20:00:00,Nottingham Forest,West Ham,A,1.26683,1.73697,2,1,-0.47014
28994,EPL,2025,2026-01-17 17:30:00,Nottingham Forest,Arsenal,H,0.318481,2.86323,0,0,-2.5447490000000004
29000,EPL,2025,2026-01-25 14:00:00,Nottingham Forest,Brentford,A,1.38958,2.00413,2,0,-0.6145499999999999
29013,EPL,2025,2026-02-01 14:00:00,Nottingham Forest,Crystal Palace,H,0.987254,1.648,1,1,-0.6607459999999999
29023,EPL,2025,2026-02-06 20:00:00,Nottingham Forest,Leeds,A,1.6608,3.38179,1,3,-1.72099
29034,EPL,2025,2026-02-11 19:30:00,Nottingham Forest,Wolverhampton Wanderers,H,3.69094,0.406959,0,0,3.283981
29044,EPL,2025,2026-02-22 14:00:00,Nottingham Forest,Liverpool,H,0.934768,2.39634,0,1,-1.4615719999999999
29050,EPL,2025,2026-03-01 14:00:00,Nottingham Forest,Brighton,A,0.83055,1.20107,1,2,-0.37052000000000007
29064,EPL,2025,2026-03-04 19:30:00,Nottingham Forest,Manchester City,A,1.23642,2.72655,2,2,-1.49013
29075,EPL,2025,2026-03-15 14:00:00,Nottingham Forest,Fulham,H,0.821011,0.933988,0,0,-0.112977
29086,EPL,2025,2026-03-22 14:15:00,Nottingham Forest,Tottenham,A,1.54408,1.6189,3,0,-0.07482000000000011
29089,EPL,2025,2026-04-12 13:00:00,Nottingham Forest,Aston Villa,H,0.85045,1.36297,1,1,-0.51252
29106,EPL,2025,2026-04-19 13:00:00,Nottingham Forest,Burnley,H,1.4425,0.601418,4,1,0.8410819999999999
29115,EPL,2025,2026-04-24 19:00:00,Nottingham Forest,Sunderland,A,1.54208,0.614323,5,0,0.9277569999999999
29122,EPL,2025,2026-05-04 15:00:00,Nottingham Forest,Chelsea,A,2.31019,2.17132,3,1,0.13886999999999983
29134,EPL,2025,2026-05-10 14:00:00,Nottingham Forest,Newcastle United,H,1.46434,1.65067,1,1,-0.1863300000000001
29145,EPL,2025,2026-05-17 12:30:00,Nottingham Forest,Manchester United,A,1.84418,4.28532,2,3,-2.44114
29154,EPL,2025,2026-05-24 15:00:00,Nottingham Forest,Bournemouth,H,2.05852,1.33684,1,1,0.7216800000000001
26606,EPL,2024,2024-08-17 14:00:00,Southampton,Newcastle United,A,1.95483,0.433489,0,1,1.521341
26616,EPL,2024,2024-08-24 14:00:00,Southampton,Nottingham Forest,H,0.214952,2.86475,0,1,-2.649798
26623,EPL,2024,2024-08-31 14:00:00,Southampton,Brentford,A,1.64713,3.86281,1,3,-2.21568
26632,EPL,2024,2024-09-14 11:30:00,Southampton,Manchester United,H,1.35593,3.02693,0,3,-1.671
26643,EPL,2024,2024-09-21 14:00:00,Southampton,Ipswich,H,2.89813,1.645,1,1,1.25313
26661,EPL,2024,2024-09-30 19:00:00,Southampton,Bournemouth,A,0.696068,1.44215,1,3,-0.746082
26666,EPL,2024,2024-10-05 14:00:00,Southampton,Arsenal,A,1.27313,3.25165,1,3,-1.97852
26678,EPL,2024,2024-10-19 14:00:00,Southampton,Leicester,H,2.42776,2.83826,2,3,-0.41049999999999986
26683,EPL,2024,2024-10-26 14:00:00,Southampton,Manchester City,A,0.369989,3.16286,0,1,-2.792871
26699,EPL,2024,2024-11-02 15:00:00,Southampton,Everton,H,0.540345,1.78581,1,0,-1.2454649999999998
26711,EPL,2024,2024-11-09 15:00:00,Southampton,Wolverhampton Wanderers,A,0.792655,0.912781,0,2,-0.12012599999999996
26721,EPL,2024,2024-11-24 14:00:00,Southampton,Liverpool,H,1.53985,3.18835,2,3,-1.6484999999999999
26723,EPL,2024,2024-11-29 20:00:00,Southampton,Brighton,A,0.934969,1.86986,1,1,-0.934891
26741,EPL,2024,2024-12-04 19:30:00,Southampton,Chelsea,H,1.91014,5.8331,1,5,-3.92296
26742,EPL,2024,2024-12-07 15:00:00,Southampton,Aston Villa,A,0.385832,2.51338,0,1,-2.127548
26759,EPL,2024,2024-12-15 19:00:00,Southampton,Tottenham,H,1.27356,3.89322,0,5,-2.6196599999999997
26763,EPL,2024,2024-12-22 14:00:00,Southampton,Fulham,A,0.280031,1.25255,0,0,-0.9725190000000001
26780,EPL,2024,2024-12-26 15:00:00,Southampton,West Ham,H,2.19833,1.90111,0,1,0.2972199999999998
26784,EPL,2024,2024-12-29 15:00:00,Southampton,Crystal Palace,A,1.21853,3.05417,1,2,-1.8356400000000002
26799,EPL,2024,2025-01-04 15:00:00,Southampton,Brentford,H,0.249614,5.54874,0,5,-5.299125999999999
26811,EPL,2024,2025-01-16 20:00:00,Southampton,Manchester United,A,1.36705,3.10847,1,3,-1.74142
26820,EPL,2024,2025-01-19 14:00:00,Southampton,Nottingham Forest,A,1.25922,2.36419,2,3,-1.1049699999999998
26829,EPL,2024,2025-01-25 15:00:00,Southampton,Newcastle United,H,0.825621,3.08319,1,3,-2.257569
26837,EPL,2024,2025-02-01 15:00:00,Southampton,Ipswich,A,1.17566,1.94845,2,1,-0.7727900000000001
26849,EPL,2024,2025-02-15 15:00:00,Southampton,Bournemouth,H,0.974418,2.08722,1,3,-1.1128019999999998
26861,EPL,2024,2025-02-22 15:00:00,Southampton,Brighton,H,0.154147,5.12018,0,4,-4.966033
26869,EPL,2024,2025-02-25 20:15:00,Southampton,Chelsea,A,0.845039,2.98234,0,4,-2.1373010000000003
26876,EPL,2024,2025-03-08 15:00:00,Southampton,Liverpool,A,0.511566,4.98996,1,3,-4.478394
26891,EPL,2024,2025-03-15 15:00:00,Southampton,Wolverhampton Wanderers,H,1.2821,0.540718,1,2,0.741382
26900,EPL,2024,2025-04-02 19:45:00,Southampton,Crystal Palace,H,0.687304,0.93776,1,1,-0.250456
26910,EPL,2024,2025-04-06 13:00:00,Southampton,Tottenham,A,0.780439,2.648,1,3,-1.8675610000000002
26921,EPL,2024,2025-04-12 14:00:00,Southampton,Aston Villa,H,0.412256,2.99927,0,3,-2.587014
26931,EPL,2024,2025-04-19 14:00:00,Southampton,West Ham,A,0.922877,0.98423,1,1,-0.0613530000000001
26940,EPL,2024,2025-04-26 14:00:00,Southampton,Fulham,H,0.935581,1.9956,1,2,-1.060019
26951,EPL,2024,2025-05-03 14:00:00,Southampton,Leicester,A,0.550774,1.60739,0,2,-1.056616
26959,EPL,2024,2025-05-10 14:00:00,Southampton,Manchester City,H,0.136995,1.58463,0,0,-1.447635
26968,EPL,2024,2025-05-18 11:00:00,Southampton,Everton,A,1.05025,2.67793,0,2,-1.62768
26977,EPL,2024,2025-05-25 15:00:00,Southampton,Arsenal,H,0.598144,2.40711,1,2,-1.8089659999999999
28781,EPL,2025,2025-08-16 14:00:00,Sunderland,West Ham,H,0.724368,0.558948,3,0,0.16542
28791,EPL,2025,2025-08-23 14:00:00,Sunderland,Burnley,A,1.12127,1.00381,0,2,0.1174599999999999
28801,EPL,2025,2025-08-30 14:00:00,Sunderland,Brentford,H,1.57127,1.44604,2,1,0.12522999999999995
28811,EPL,2025,2025-09-13 14:00:00,Sunderland,Crystal Palace,A,0.354129,1.75805,0,0,-1.403921
28826,EPL,2025,2025-09-21 13:00:00,Sunderland,Aston Villa,H,0.938312,0.939354,1,1,-0.0010419999999999874
28834,EPL,2025,2025-09-27 16:30:00,Sunderland,Nottingham Forest,A,1.94154,1.4203,1,0,0.5212400000000001
28845,EPL,2025,2025-10-04 14:00:00,Sunderland,Manchester United,A,0.807119,1.9298,0,2,-1.122681
28855,EPL,2025,2025-10-18 14:00:00,Sunderland,Wolverhampton Wanderers,H,1.02481,0.676323,2,0,0.348487
28862,EPL,2025,2025-10-25 14:00:00,Sunderland,Chelsea,A,1.5506,1.21332,2,1,0.33728
28875,EPL,2025,2025-11-03 20:00:00,Sunderland,Everton,H,1.18068,1.00741,1,1,0.17327000000000004
28885,EPL,2025,2025-11-08 17:30:00,Sunderland,Arsenal,H,1.20495,2.32943,2,2,-1.12448
28892,EPL,2025,2025-11-22 15:00:00,Sunderland,Fulham,A,0.222768,2.83729,0,1,-2.614522
28905,EPL,2025,2025-11-29 15:00:00,Sunderland,Bournemouth,H,1.16955,1.79274,3,2,-0.6231899999999999
28914,EPL,2025,2025-12-03 20:15:00,Sunderland,Liverpool,A,0.712662,1.37633,1,1,-0.663668
28924,EPL,2025,2025-12-06 15:00:00,Sunderland,Manchester City,A,0.626486,2.41605,0,3,-1.789564
28936,EPL,2025,2025-12-14 14:00:00,Sunderland,Newcastle United,H,0.630045,0.169329,1,0,0.46071599999999996
28940,EPL,2025,2025-12-20 15:00:00,Sunderland,Brighton,A,1.31044,0.919272,0,0,0.39116800000000007
28956,EPL,2025,2025-12-28 14:00:00,Sunderland,Leeds,H,0.805957,2.60653,1,1,-1.8005729999999998
28966,EPL,2025,2026-01-01 20:00:00,Sunderland,Manchester City,H,0.962141,2.44247,0,0,-1.4803290000000002
28969,EPL,2025,2026-01-04 15:00:00,Sunderland,Tottenham,A,0.467481,1.4175,1,1,-0.950019
28981,EPL,2025,2026-01-07 19:30:00,Sunderland,Brentford,A,1.50644,3.86096,0,3,-2.35452
28995,EPL,2025,2026-01-17 15:00:00,Sunderland,Crystal Palace,H,1.84601,1.15169,2,1,0.6943199999999998
29007,EPL,2025,2026-01-24 12:30:00,Sunderland,West Ham,A,0.713838,2.18675,1,3,-1.472912
29011,EPL,2025,2026-02-02 20:00:00,Sunderland,Burnley,H,1.8865,0.126371,3,0,1.760129
29019,EPL,2025,2026-02-07 15:00:00,Sunderland,Arsenal,A,0.427225,1.19401,0,3,-0.766785
29035,EPL,2025,2026-02-11 20:15:00,Sunderland,Liverpool,H,0.693794,3.08172,0,1,-2.3879259999999998
29045,EPL,2025,2026-02-22 14:00:00,Sunderland,Fulham,H,1.7609,2.16696,1,3,-0.4060600000000001
29048,EPL,2025,2026-02-28 12:30:00,Sunderland,Bournemouth,A,1.07887,1.82434,1,1,-0.7454700000000001
29063,EPL,2025,2026-03-03 19:30:00,Sunderland,Leeds,A,0.843856,0.888232,1,0,-0.04437599999999997
29076,EPL,2025,2026-03-14 15:00:00,Sunderland,Brighton,H,0.659083,1.12832,0,1,-0.469237
29085,EPL,2025,2026-03-22 12:00:00,Sunderland,Newcastle United,A,2.66657,1.26705,2,1,1.39952
29090,EPL,2025,2026-04-12 13:00:00,Sunderland,Tottenham,H,1.77584,1.01598,1,0,0.75986
29098,EPL,2025,2026-04-19 13:00:00,Sunderland,Aston Villa,A,1.56008,3.90223,3,4,-2.34215
29115,EPL,2025,2026-04-24 19:00:00,Sunderland,Nottingham Forest,H,0.614323,1.54208,0,5,-0.9277569999999999
29127,EPL,2025,2026-05-02 15:00:00,Sunderland,Wolverhampton Wanderers,A,0.923954,1.96131,1,1,-1.037356
29135,EPL,2025,2026-05-09 15:00:00,Sunderland,Manchester United,H,1.2376,0.535981,0,0,0.701619
29143,EPL,2025,2026-05-17 15:00:00,Sunderland,Everton,A,1.28383,1.32181,3,1,-0.0379799999999999
29155,EPL,2025,2026-05-24 15:00:00,Sunderland,Chelsea,H,2.33109,0.920885,2,1,1.4102050000000002
26611,EPL,2024,2024-08-19 19:00:00,Tottenham,Leicester,A,1.40775,1.02614,1,1,0.38161
26617,EPL,2024,2024-08-24 14:00:00,Tottenham,Everton,H,2.61143,0.648869,4,0,1.962561
26629,EPL,2024,2024-09-01 12:30:00,Tottenham,Newcastle United,A,1.63304,1.58694,1,2,0.04610000000000003
26640,EPL,2024,2024-09-15 13:00:00,Tottenham,Arsenal,H,0.792595,1.1209,0,1,-0.32830499999999996
26648,EPL,2024,2024-09-21 14:00:00,Tottenham,Brentford,H,3.89481,0.893565,3,1,3.001245
26660,EPL,2024,2024-09-29 15:30:00,Tottenham,Manchester United,A,5.4072,0.600721,3,0,4.8064789999999995
26671,EPL,2024,2024-10-06 15:30:00,Tottenham,Brighton,A,1.09279,1.97217,2,3,-0.87938
26672,EPL,2024,2024-10-19 11:30:00,Tottenham,West Ham,H,1.44052,0.858803,4,1,0.581717
26689,EPL,2024,2024-10-27 14:00:00,Tottenham,Crystal Palace,A,1.0192,0.978611,0,1,0.0405890000000001
26700,EPL,2024,2024-11-03 14:00:00,Tottenham,Aston Villa,H,2.09751,2.48749,4,1,-0.38998
26709,EPL,2024,2024-11-10 14:00:00,Tottenham,Ipswich,H,1.75088,2.18392,1,2,-0.4330400000000001
26720,EPL,2024,2024-11-23 17:30:00,Tottenham,Manchester City,A,3.30449,2.15899,4,0,1.1454999999999997
26729,EPL,2024,2024-12-01 13:30:00,Tottenham,Fulham,H,1.01086,1.57274,1,1,-0.5618799999999999
26732,EPL,2024,2024-12-05 20:15:00,Tottenham,Bournemouth,A,0.623934,3.27716,0,1,-2.653226
26745,EPL,2024,2024-12-08 16:30:00,Tottenham,Chelsea,H,3.25488,2.57326,3,4,0.6816200000000001
26759,EPL,2024,2024-12-15 19:00:00,Tottenham,Southampton,A,3.89322,1.27356,5,0,2.6196599999999997
26768,EPL,2024,2024-12-22 16:30:00,Tottenham,Liverpool,H,1.20245,5.20214,3,6,-3.99969
26779,EPL,2024,2024-12-26 15:00:00,Tottenham,Nottingham Forest,A,1.05758,1.30018,0,1,-0.24259999999999993
26790,EPL,2024,2024-12-29 15:00:00,Tottenham,Wolverhampton Wanderers,H,2.28433,0.640697,2,2,1.6436330000000003
26800,EPL,2024,2025-01-04 12:30:00,Tottenham,Newcastle United,H,1.00333,2.42963,1,2,-1.4263
26802,EPL,2024,2025-01-15 20:00:00,Tottenham,Arsenal,A,0.777071,2.25501,1,2,-1.4779390000000001
26815,EPL,2024,2025-01-19 14:00:00,Tottenham,Everton,A,1.35719,2.56089,2,3,-1.2037000000000002
26830,EPL,2024,2025-01-26 14:00:00,Tottenham,Leicester,H,1.27483,1.40469,1,2,-0.1298600000000001
26834,EPL,2024,2025-02-02 14:00:00,Tottenham,Brentford,A,0.945355,1.66475,2,0,-0.719395
26850,EPL,2024,2025-02-16 16:30:00,Tottenham,Manchester United,H,1.97109,1.42652,1,0,0.54457
26857,EPL,2024,2025-02-22 15:00:00,Tottenham,Ipswich,A,1.58741,1.15389,4,1,0.4335199999999999
26865,EPL,2024,2025-02-26 19:30:00,Tottenham,Manchester City,H,1.28426,2.38641,0,1,-1.1021500000000002
26879,EPL,2024,2025-03-09 14:00:00,Tottenham,Bournemouth,H,1.35053,2.22536,2,2,-0.8748299999999998
26886,EPL,2024,2025-03-16 13:30:00,Tottenham,Fulham,A,1.40865,1.03966,0,2,0.36898999999999993
26897,EPL,2024,2025-04-03 19:00:00,Tottenham,Chelsea,A,1.40274,1.30443,0,1,0.09831000000000012
26910,EPL,2024,2025-04-06 13:00:00,Tottenham,Southampton,H,2.648,0.780439,3,1,1.8675610000000002
26919,EPL,2024,2025-04-13 13:00:00,Tottenham,Wolverhampton Wanderers,A,1.62887,2.22977,2,4,-0.6008999999999998
26930,EPL,2024,2025-04-21 19:00:00,Tottenham,Nottingham Forest,H,2.4024,0.557682,1,2,1.844718
26936,EPL,2024,2025-04-27 15:30:00,Tottenham,Liverpool,A,0.512812,2.51104,1,5,-1.998228
26943,EPL,2024,2025-05-04 13:00:00,Tottenham,West Ham,A,0.847022,1.15166,1,1,-0.30463799999999985
26960,EPL,2024,2025-05-11 13:15:00,Tottenham,Crystal Palace,H,0.806792,3.98546,0,2,-3.178668
26963,EPL,2024,2025-05-16 18:30:00,Tottenham,Aston Villa,A,0.523016,1.69061,0,2,-1.1675939999999998
26976,EPL,2024,2025-05-25 15:00:00,Tottenham,Brighton,H,1.85265,3.11624,1,4,-1.26359
28782,EPL,2025,2025-08-16 14:00:00,Tottenham,Burnley,H,1.97858,0.734138,3,0,1.244442
28789,EPL,2025,2025-08-23 11:30:00,Tottenham,Manchester City,A,1.28015,1.2475,2,0,0.032649999999999846
28799,EPL,2025,2025-08-30 14:00:00,Tottenham,Bournemouth,H,0.17067,2.1201,0,1,-1.94943
28814,EPL,2025,2025-09-13 16:30:00,Tottenham,West Ham,A,1.51402,0.793248,3,0,0.720772
28821,EPL,2025,2025-09-20 14:00:00,Tottenham,Brighton,A,1.19181,1.40466,2,2,-0.21284999999999998
28835,EPL,2025,2025-09-27 19:00:00,Tottenham,Wolverhampton Wanderers,H,0.818711,1.15951,1,1,-0.3407990000000001
28844,EPL,2025,2025-10-04 11:30:00,Tottenham,Leeds,A,0.688198,1.48051,2,1,-0.792312
28856,EPL,2025,2025-10-19 13:00:00,Tottenham,Aston Villa,H,1.51461,0.352231,1,2,1.162379
28863,EPL,2025,2025-10-26 15:30:00,Tottenham,Everton,A,2.09327,1.4032,3,0,0.69007
28876,EPL,2025,2025-11-01 17:30:00,Tottenham,Chelsea,H,0.146954,3.34251,0,1,-3.195556
28886,EPL,2025,2025-11-08 12:30:00,Tottenham,Manchester United,H,1.35532,0.820256,2,2,0.5350640000000001
28889,EPL,2025,2025-11-23 16:30:00,Tottenham,Arsenal,A,0.0300672,2.27827,1,4,-2.2482028
28906,EPL,2025,2025-11-29 20:00:00,Tottenham,Fulham,H,1.04396,0.494736,1,2,0.5492239999999999
28916,EPL,2025,2025-12-02 20:15:00,Tottenham,Newcastle United,A,1.05205,1.88558,2,2,-0.8335300000000001
28926,EPL,2025,2025-12-06 15:00:00,Tottenham,Brentford,H,2.42388,0.470563,2,0,1.953317
28935,EPL,2025,2025-12-14 14:00:00,Tottenham,Nottingham Forest,A,0.380246,2.32658,0,3,-1.9463339999999998
28946,EPL,2025,2025-12-20 17:30:00,Tottenham,Liverpool,H,1.34905,1.23164,1,2,0.11741000000000001
28952,EPL,2025,2025-12-28 16:30:00,Tottenham,Crystal Palace,A,0.870768,0.929681,1,0,-0.05891299999999999
28959,EPL,2025,2026-01-01 20:00:00,Tottenham,Brentford,A,0.608309,0.556304,0,0,0.05200499999999997
28969,EPL,2025,2026-01-04 15:00:00,Tottenham,Sunderland,H,1.4175,0.467481,1,1,0.950019
28979,EPL,2025,2026-01-07 19:30:00,Tottenham,Bournemouth,A,1.6261,1.19014,2,3,0.4359600000000001
28996,EPL,2025,2026-01-17 15:00:00,Tottenham,West Ham,H,1.65292,2.76761,1,2,-1.11469
29001,EPL,2025,2026-01-24 15:00:00,Tottenham,Burnley,A,2.59093,1.54884,2,2,1.0420900000000002
29016,EPL,2025,2026-02-01 16:30:00,Tottenham,Manchester City,H,1.49738,2.03614,2,2,-0.5387600000000001
29025,EPL,2025,2026-02-07 12:30:00,Tottenham,Manchester United,A,0.593404,2.16576,0,2,-1.572356
29036,EPL,2025,2026-02-10 19:30:00,Tottenham,Newcastle United,H,1.68925,2.46991,1,2,-0.7806600000000001
29046,EPL,2025,2026-02-22 16:30:00,Tottenham,Arsenal,H,0.383264,3.31701,1,4,-2.9337459999999997
29052,EPL,2025,2026-03-01 14:00:00,Tottenham,Fulham,A,0.952091,2.3207,1,2,-1.368609
29066,EPL,2025,2026-03-05 20:00:00,Tottenham,Crystal Palace,H,1.29615,1.91515,1,3,-0.619
29073,EPL,2025,2026-03-15 16:30:00,Tottenham,Liverpool,A,1.15636,1.30076,1,1,-0.14439999999999986
29086,EPL,2025,2026-03-22 14:15:00,Tottenham,Nottingham Forest,H,1.6189,1.54408,0,3,0.07482000000000011
29090,EPL,2025,2026-04-12 13:00:00,Tottenham,Sunderland,A,1.01598,1.77584,0,1,-0.75986
29107,EPL,2025,2026-04-18 16:30:00,Tottenham,Brighton,H,1.56052,1.1373,2,2,0.42321999999999993
29117,EPL,2025,2026-04-25 14:00:00,Tottenham,Wolverhampton Wanderers,A,1.06403,0.762656,1,0,0.30137400000000003
29120,EPL,2025,2026-05-03 19:00:00,Tottenham,Aston Villa,A,1.12225,0.609494,2,1,0.512756
29136,EPL,2025,2026-05-11 20:00:00,Tottenham,Leeds,H,1.49036,1.86976,1,1,-0.3794000000000002
29142,EPL,2025,2026-05-19 20:15:00,Tottenham,Chelsea,A,2.15227,1.09262,1,2,1.0596500000000002
29156,EPL,2025,2026-05-24 15:00:00,Tottenham,Everton,H,1.40597,0.268476,1,0,1.137494
26608,EPL,2024,2024-08-17 16:30:00,West Ham,Aston Villa,H,2.8047,2.6703,1,2,0.13439999999999985
26613,EPL,2024,2024-08-24 14:00:00,West Ham,Crystal Palace,A,1.53421,1.3761,2,0,0.15810999999999997
26628,EPL,2024,2024-08-31 16:30:00,West Ham,Manchester City,H,0.947201,3.19297,1,3,-2.245769
26634,EPL,2024,2024-09-14 14:00:00,West Ham,Fulham,A,0.682719,2.88601,1,1,-2.203291
26642,EPL,2024,2024-09-21 11:30:00,West Ham,Chelsea,H,0.758267,2.39727,0,3,-1.6390029999999998
26656,EPL,2024,2024-09-28 14:00:00,West Ham,Brentford,A,0.878617,0.370222,1,1,0.5083949999999999
26665,EPL,2024,2024-10-05 14:00:00,West Ham,Ipswich,H,4.39402,1.18463,4,1,3.20939
26672,EPL,2024,2024-10-19 11:30:00,West Ham,Tottenham,A,0.858803,1.44052,1,4,-0.581717
26690,EPL,2024,2024-10-27 14:00:00,West Ham,Manchester United,H,2.99312,2.62598,2,1,0.3671399999999996
26698,EPL,2024,2024-11-02 15:00:00,West Ham,Nottingham Forest,A,0.132317,2.35011,0,3,-2.217793
26710,EPL,2024,2024-11-09 15:00:00,West Ham,Everton,H,1.1237,0.865983,0,0,0.257717
26713,EPL,2024,2024-11-25 20:00:00,West Ham,Newcastle United,A,0.942824,1.49781,2,0,-0.5549860000000001
26730,EPL,2024,2024-11-30 17:30:00,West Ham,Arsenal,H,1.23539,3.99935,2,5,-2.76396
26738,EPL,2024,2024-12-03 20:15:00,West Ham,Leicester,A,2.87716,2.78061,1,3,0.09655000000000014
26746,EPL,2024,2024-12-09 20:00:00,West Ham,Wolverhampton Wanderers,H,1.19808,1.47567,2,1,-0.27759
26754,EPL,2024,2024-12-16 20:00:00,West Ham,Bournemouth,A,1.81827,2.04842,1,1,-0.23015000000000008
26767,EPL,2024,2024-12-21 15:00:00,West Ham,Brighton,H,1.22937,1.34379,1,1,-0.11441999999999997
26780,EPL,2024,2024-12-26 15:00:00,West Ham,Southampton,A,1.90111,2.19833,1,0,-0.2972199999999998
26791,EPL,2024,2024-12-29 17:15:00,West Ham,Liverpool,H,0.518279,3.29868,0,5,-2.780401
26798,EPL,2024,2025-01-04 15:00:00,West Ham,Manchester City,A,1.53286,1.97986,1,4,-0.44700000000000006
26808,EPL,2024,2025-01-14 19:30:00,West Ham,Fulham,H,0.937322,2.83581,3,2,-1.898488
26821,EPL,2024,2025-01-18 15:00:00,West Ham,Crystal Palace,H,0.221062,1.62561,0,2,-1.404548
26823,EPL,2024,2025-01-26 16:30:00,West Ham,Aston Villa,A,1.67886,0.907851,1,1,0.771009
26835,EPL,2024,2025-02-03 20:00:00,West Ham,Chelsea,A,1.1868,1.39066,1,2,-0.20385999999999993
26851,EPL,2024,2025-02-15 15:00:00,West Ham,Brentford,H,0.673466,1.96499,0,1,-1.291524
26853,EPL,2024,2025-02-22 15:00:00,West Ham,Arsenal,A,1.02684,1.37264,1,0,-0.3458000000000001
26866,EPL,2024,2025-02-27 20:00:00,West Ham,Leicester,H,1.70437,0.289578,2,0,1.4147919999999998
26880,EPL,2024,2025-03-10 20:00:00,West Ham,Newcastle United,H,0.823986,1.62976,0,1,-0.8057740000000001
26885,EPL,2024,2025-03-15 15:00:00,West Ham,Everton,A,0.516029,1.189,1,1,-0.6729710000000001
26895,EPL,2024,2025-04-01 19:45:00,West Ham,Wolverhampton Wanderers,A,1.73057,1.10359,0,1,0.6269799999999999
26911,EPL,2024,2025-04-05 14:00:00,West Ham,Bournemouth,H,0.907832,1.94869,2,2,-1.040858
26916,EPL,2024,2025-04-13 13:00:00,West Ham,Liverpool,A,1.46598,1.42902,1,2,0.036960000000000104
26931,EPL,2024,2025-04-19 14:00:00,West Ham,Southampton,H,0.98423,0.922877,1,1,0.0613530000000001
26934,EPL,2024,2025-04-26 14:00:00,West Ham,Brighton,A,1.24134,1.29433,2,3,-0.05298999999999987
26943,EPL,2024,2025-05-04 13:00:00,West Ham,Tottenham,H,1.15166,0.847022,1,1,0.30463799999999985
26956,EPL,2024,2025-05-11 13:15:00,West Ham,Manchester United,A,2.15985,2.31287,2,0,-0.15302000000000016
26971,EPL,2024,2025-05-18 13:15:00,West Ham,Nottingham Forest,H,0.850457,2.14756,1,2,-1.297103
26980,EPL,2024,2025-05-25 15:00:00,West Ham,Ipswich,A,0.967379,0.893095,3,1,0.07428400000000002
28781,EPL,2025,2025-08-16 14:00:00,West Ham,Sunderland,A,0.558948,0.724368,0,3,-0.16542
28788,EPL,2025,2025-08-22 19:00:00,West Ham,Chelsea,H,0.978572,3.94997,1,5,-2.9713979999999998
28804,EPL,2025,2025-08-31 13:00:00,West Ham,Nottingham Forest,A,2.236,0.716018,3,0,1.5199820000000002
28814,EPL,2025,2025-09-13 16:30:00,West Ham,Tottenham,H,0.793248,1.51402,0,3,-0.720772
28819,EPL,2025,2025-09-20 14:00:00,West Ham,Crystal Palace,H,0.466365,2.33565,1,2,-1.8692849999999999
28837,EPL,2025,2025-09-29 19:00:00,West Ham,Everton,A,0.775766,0.909703,1,1,-0.13393700000000008
28839,EPL,2025,2025-10-04 14:00:00,West Ham,Arsenal,A,0.864549,3.0585,0,2,-2.193951
28857,EPL,2025,2025-10-20 19:00:00,West Ham,Brentford,H,0.260251,3.46635,0,2,-3.206099
28864,EPL,2025,2025-10-24 19:00:00,West Ham,Leeds,A,0.498653,2.2214,1,2,-1.722747
28877,EPL,2025,2025-11-02 14:00:00,West Ham,Newcastle United,H,1.41383,0.523615,3,1,0.8902149999999999
28887,EPL,2025,2025-11-08 15:00:00,West Ham,Burnley,H,2.96728,1.87478,3,2,1.0925000000000002
28888,EPL,2025,2025-11-22 15:00:00,West Ham,Bournemouth,A,0.390782,3.48299,2,2,-3.092208
28907,EPL,2025,2025-11-30 14:05:00,West Ham,Liverpool,H,0.364152,1.56793,0,2,-1.203778
28915,EPL,2025,2025-12-04 20:00:00,West Ham,Manchester United,A,1.36584,2.27674,1,1,-0.9109000000000003
28920,EPL,2025,2025-12-07 14:00:00,West Ham,Brighton,A,1.7064,2.10077,1,1,-0.3943699999999999
28937,EPL,2025,2025-12-14 14:00:00,West Ham,Aston Villa,H,1.27701,0.595093,2,3,0.681917
28944,EPL,2025,2025-12-20 15:00:00,West Ham,Manchester City,A,1.02143,3.58188,0,3,-2.56045
28957,EPL,2025,2025-12-27 15:00:00,West Ham,Fulham,H,1.13719,1.11436,0,1,0.022829999999999906
28967,EPL,2025,2025-12-30 19:30:00,West Ham,Brighton,H,2.27644,3.08914,2,2,-0.8127
28970,EPL,2025,2026-01-03 15:00:00,West Ham,Wolverhampton Wanderers,A,0.235678,2.23925,0,3,-2.003572
28987,EPL,2025,2026-01-06 20:00:00,West Ham,Nottingham Forest,H,1.73697,1.26683,1,2,0.47014
28996,EPL,2025,2026-01-17 15:00:00,West Ham,Tottenham,A,2.76761,1.65292,2,1,1.11469
29007,EPL,2025,2026-01-24 12:30:00,West Ham,Sunderland,H,2.18675,0.713838,3,1,1.472912
29009,EPL,2025,2026-01-31 17:30:00,West Ham,Chelsea,A,1.72585,2.66133,2,3,-0.9354799999999999
29021,EPL,2025,2026-02-07 15:00:00,West Ham,Burnley,A,1.1223,1.84644,2,0,-0.72414
29037,EPL,2025,2026-02-10 20:15:00,West Ham,Manchester United,H,1.30746,0.735767,1,1,0.5716930000000001
29047,EPL,2025,2026-02-21 17:30:00,West Ham,Bournemouth,H,2.34412,0.522731,0,0,1.8213890000000004
29054,EPL,2025,2026-02-28 15:00:00,West Ham,Liverpool,A,1.3517,2.09939,2,5,-0.7476900000000002
29062,EPL,2025,2026-03-04 19:30:00,West Ham,Fulham,A,1.49528,0.628123,1,0,0.867157
29077,EPL,2025,2026-03-14 20:00:00,West Ham,Manchester City,H,0.488982,1.9546,1,1,-1.4656179999999999
29079,EPL,2025,2026-03-22 14:15:00,West Ham,Aston Villa,A,0.760054,2.48528,0,2,-1.725226
29091,EPL,2025,2026-04-10 19:00:00,West Ham,Wolverhampton Wanderers,H,2.54379,0.571967,4,0,1.971823
29101,EPL,2025,2026-04-20 19:00:00,West Ham,Crystal Palace,A,0.622445,0.733442,0,0,-0.11099700000000001
29116,EPL,2025,2026-04-25 14:00:00,West Ham,Everton,H,1.8356,1.1144,2,1,0.7211999999999998
29121,EPL,2025,2026-05-02 15:00:00,West Ham,Brentford,A,0.753895,2.27374,0,3,-1.5198450000000001
29137,EPL,2025,2026-05-10 16:30:00,West Ham,Arsenal,H,1.32011,1.42953,0,1,-0.10942000000000007
29146,EPL,2025,2026-05-17 17:30:00,West Ham,Newcastle United,A,0.957771,2.1336,1,3,-1.1758289999999998
29157,EPL,2025,2026-05-24 15:00:00,West Ham,Leeds,H,2.73135,1.94969,3,0,0.78166
26604,EPL,2024,2024-08-17 14:00:00,Wolverhampton Wanderers,Arsenal,A,0.575835,1.6283,0,2,-1.0524650000000002
26619,EPL,2024,2024-08-25 13:00:00,Wolverhampton Wanderers,Chelsea,H,2.4181,2.02935,2,6,0.38874999999999993
26627,EPL,2024,2024-08-31 14:00:00,Wolverhampton Wanderers,Nottingham Forest,A,0.937632,1.41069,1,1,-0.473058
26641,EPL,2024,2024-09-15 15:30:00,Wolverhampton Wanderers,Newcastle United,H,1.46969,1.48343,1,2,-0.013740000000000085
26647,EPL,2024,2024-09-21 14:00:00,Wolverhampton Wanderers,Aston Villa,A,0.520117,2.37351,1,3,-1.853393
26658,EPL,2024,2024-09-28 16:30:00,Wolverhampton Wanderers,Liverpool,H,0.748925,2.11724,1,2,-1.368315
26667,EPL,2024,2024-10-05 14:00:00,Wolverhampton Wanderers,Brentford,A,0.696254,4.13513,3,5,-3.438876
26681,EPL,2024,2024-10-20 13:00:00,Wolverhampton Wanderers,Manchester City,H,0.761217,1.36569,1,2,-0.604473
26686,EPL,2024,2024-10-26 14:00:00,Wolverhampton Wanderers,Brighton,A,1.11074,1.51347,2,2,-0.40273000000000003
26701,EPL,2024,2024-11-02 17:30:00,Wolverhampton Wanderers,Crystal Palace,H,1.65018,2.64849,2,2,-0.9983099999999998
26711,EPL,2024,2024-11-09 15:00:00,Wolverhampton Wanderers,Southampton,H,0.912781,0.792655,2,0,0.12012599999999996
26717,EPL,2024,2024-11-23 15:00:00,Wolverhampton Wanderers,Fulham,A,1.33903,0.717158,4,1,0.621872
26731,EPL,2024,2024-11-30 15:00:00,Wolverhampton Wanderers,Bournemouth,H,0.866034,3.07901,2,4,-2.212976
26735,EPL,2024,2024-12-04 19:30:00,Wolverhampton Wanderers,Everton,A,0.847724,1.49904,0,4,-0.6513159999999999
26746,EPL,2024,2024-12-09 20:00:00,Wolverhampton Wanderers,West Ham,A,1.47567,1.19808,1,2,0.27759
26758,EPL,2024,2024-12-14 15:00:00,Wolverhampton Wanderers,Ipswich,H,1.23748,1.73349,1,2,-0.49601000000000006
26770,EPL,2024,2024-12-22 14:00:00,Wolverhampton Wanderers,Leicester,A,1.13531,0.78868,3,0,0.34663
26781,EPL,2024,2024-12-26 17:30:00,Wolverhampton Wanderers,Manchester United,H,0.826489,0.358876,2,0,0.46761300000000006
26790,EPL,2024,2024-12-29 15:00:00,Wolverhampton Wanderers,Tottenham,A,0.640697,2.28433,2,2,-1.6436330000000003
26801,EPL,2024,2025-01-06 20:00:00,Wolverhampton Wanderers,Nottingham Forest,H,1.90463,2.57227,0,3,-0.66764
26810,EPL,2024,2025-01-15 19:30:00,Wolverhampton Wanderers,Newcastle United,A,1.47433,2.13327,0,3,-0.6589400000000001
26814,EPL,2024,2025-01-20 20:00:00,Wolverhampton Wanderers,Chelsea,A,1.06726,3.14882,1,3,-2.08156
26831,EPL,2024,2025-01-25 15:00:00,Wolverhampton Wanderers,Arsenal,H,0.514724,0.887358,0,1,-0.372634
26841,EPL,2024,2025-02-01 17:30:00,Wolverhampton Wanderers,Aston Villa,H,2.00146,0.742809,2,0,1.2586509999999997
26847,EPL,2024,2025-02-16 14:00:00,Wolverhampton Wanderers,Liverpool,A,1.05329,1.86758,1,2,-0.81429
26852,EPL,2024,2025-02-22 15:00:00,Wolverhampton Wanderers,Bournemouth,A,2.10124,0.629691,1,0,1.4715490000000002
26867,EPL,2024,2025-02-25 19:30:00,Wolverhampton Wanderers,Fulham,H,0.928973,1.43473,1,2,-0.505757
26881,EPL,2024,2025-03-08 20:00:00,Wolverhampton Wanderers,Everton,H,0.812432,1.3672,1,1,-0.5547679999999999
26891,EPL,2024,2025-03-15 15:00:00,Wolverhampton Wanderers,Southampton,A,0.540718,1.2821,2,1,-0.741382
26895,EPL,2024,2025-04-01 19:45:00,Wolverhampton Wanderers,West Ham,H,1.10359,1.73057,1,0,-0.6269799999999999
26907,EPL,2024,2025-04-05 14:00:00,Wolverhampton Wanderers,Ipswich,A,2.8096,0.872356,2,1,1.9372440000000002
26919,EPL,2024,2025-04-13 13:00:00,Wolverhampton Wanderers,Tottenham,H,2.22977,1.62887,4,2,0.6008999999999998
26929,EPL,2024,2025-04-20 13:00:00,Wolverhampton Wanderers,Manchester United,A,0.187814,1.13966,1,0,-0.9518459999999999
26941,EPL,2024,2025-04-26 14:00:00,Wolverhampton Wanderers,Leicester,H,2.57666,1.04978,3,0,1.52688
26942,EPL,2024,2025-05-02 19:00:00,Wolverhampton Wanderers,Manchester City,A,0.622455,0.859463,0,1,-0.237008
26961,EPL,2024,2025-05-10 14:00:00,Wolverhampton Wanderers,Brighton,H,0.73395,1.41254,0,2,-0.6785899999999999
26967,EPL,2024,2025-05-20 19:00:00,Wolverhampton Wanderers,Crystal Palace,A,1.42886,1.68451,2,4,-0.25564999999999993
26978,EPL,2024,2025-05-25 15:00:00,Wolverhampton Wanderers,Brentford,H,1.10889,1.97196,1,1,-0.86307
28783,EPL,2025,2025-08-16 16:30:00,Wolverhampton Wanderers,Manchester City,H,0.519436,2.29903,0,4,-1.7795940000000001
28792,EPL,2025,2025-08-23 14:00:00,Wolverhampton Wanderers,Bournemouth,A,0.373367,1.78462,0,1,-1.411253
28800,EPL,2025,2025-08-30 14:00:00,Wolverhampton Wanderers,Everton,H,0.943257,2.03791,2,3,-1.094653
28809,EPL,2025,2025-09-13 14:00:00,Wolverhampton Wanderers,Newcastle United,A,0.375942,1.19186,0,1,-0.8159179999999999
28820,EPL,2025,2025-09-20 14:00:00,Wolverhampton Wanderers,Leeds,H,1.5661,0.456988,1,3,1.109112
28835,EPL,2025,2025-09-27 19:00:00,Wolverhampton Wanderers,Tottenham,A,1.15951,0.818711,1,1,0.3407990000000001
28847,EPL,2025,2025-10-05 13:00:00,Wolverhampton Wanderers,Brighton,H,0.369404,1.39158,1,1,-1.022176
28855,EPL,2025,2025-10-18 14:00:00,Wolverhampton Wanderers,Sunderland,A,0.676323,1.02481,0,2,-0.348487
28867,EPL,2025,2025-10-26 13:00:00,Wolverhampton Wanderers,Burnley,H,2.58132,1.54544,2,3,1.03588
28871,EPL,2025,2025-11-01 15:00:00,Wolverhampton Wanderers,Fulham,A,0.209934,1.91207,0,3,-1.7021359999999999
28880,EPL,2025,2025-11-08 20:00:00,Wolverhampton Wanderers,Chelsea,A,0.111462,3.98342,0,3,-3.8719580000000002
28897,EPL,2025,2025-11-22 15:00:00,Wolverhampton Wanderers,Crystal Palace,H,1.66409,1.44933,0,2,0.21476000000000006
28898,EPL,2025,2025-11-30 14:05:00,Wolverhampton Wanderers,Aston Villa,A,0.692588,1.15486,0,1,-0.462272
28917,EPL,2025,2025-12-03 19:30:00,Wolverhampton Wanderers,Nottingham Forest,H,1.02461,1.12389,0,1,-0.09928000000000003
28927,EPL,2025,2025-12-08 20:00:00,Wolverhampton Wanderers,Manchester United,H,0.262147,4.04708,1,4,-3.784933
28928,EPL,2025,2025-12-13 20:00:00,Wolverhampton Wanderers,Arsenal,A,0.61997,1.61796,1,2,-0.99799
28947,EPL,2025,2025-12-20 15:00:00,Wolverhampton Wanderers,Brentford,H,1.26823,1.56309,0,2,-0.2948600000000001
28953,EPL,2025,2025-12-27 15:00:00,Wolverhampton Wanderers,Liverpool,A,0.780664,1.56502,1,2,-0.784356
28964,EPL,2025,2025-12-30 20:15:00,Wolverhampton Wanderers,Manchester United,A,1.21784,1.13306,1,1,0.08478000000000008
28970,EPL,2025,2026-01-03 15:00:00,Wolverhampton Wanderers,West Ham,H,2.23925,0.235678,3,0,2.003572
28978,EPL,2025,2026-01-07 19:30:00,Wolverhampton Wanderers,Everton,A,0.71329,1.63321,1,1,-0.9199200000000001
28997,EPL,2025,2026-01-18 14:00:00,Wolverhampton Wanderers,Newcastle United,H,0.390216,0.813313,0,0,-0.42309699999999995
29005,EPL,2025,2026-01-24 15:00:00,Wolverhampton Wanderers,Manchester City,A,0.542683,1.0654,0,2,-0.5227169999999999
29017,EPL,2025,2026-01-31 15:00:00,Wolverhampton Wanderers,Bournemouth,H,2.10353,1.59116,0,2,0.5123700000000002
29027,EPL,2025,2026-02-07 15:00:00,Wolverhampton Wanderers,Chelsea,H,1.11372,3.76278,1,3,-2.6490599999999995
29034,EPL,2025,2026-02-11 19:30:00,Wolverhampton Wanderers,Nottingham Forest,A,0.406959,3.69094,0,0,-3.283981
29087,EPL,2025,2026-02-18 20:00:00,Wolverhampton Wanderers,Arsenal,H,0.173119,2.01018,2,2,-1.837061
29041,EPL,2025,2026-02-22 14:00:00,Wolverhampton Wanderers,Crystal Palace,A,1.67749,2.03559,0,1,-0.3581000000000001
29057,EPL,2025,2026-02-27 20:00:00,Wolverhampton Wanderers,Aston Villa,H,1.50771,1.31328,2,0,0.1944300000000001
29067,EPL,2025,2026-03-03 20:15:00,Wolverhampton Wanderers,Liverpool,H,0.636033,2.17217,2,1,-1.536137
29069,EPL,2025,2026-03-16 20:00:00,Wolverhampton Wanderers,Brentford,A,1.80044,2.7966,2,2,-0.9961600000000002
29091,EPL,2025,2026-04-10 19:00:00,Wolverhampton Wanderers,West Ham,A,0.571967,2.54379,0,4,-1.971823
29103,EPL,2025,2026-04-18 14:00:00,Wolverhampton Wanderers,Leeds,A,0.568627,3.55804,0,3,-2.989413
29117,EPL,2025,2026-04-25 14:00:00,Wolverhampton Wanderers,Tottenham,H,0.762656,1.06403,0,1,-0.30137400000000003
29127,EPL,2025,2026-05-02 15:00:00,Wolverhampton Wanderers,Sunderland,H,1.96131,0.923954,1,1,1.037356
29128,EPL,2025,2026-05-09 15:00:00,Wolverhampton Wanderers,Brighton,A,0.515647,2.22427,0,3,-1.7086230000000002
29147,EPL,2025,2026-05-17 15:00:00,Wolverhampton Wanderers,Fulham,H,1.49725,1.48412,1,1,0.013129999999999864
29149,EPL,2025,2026-05-24 15:00:00,Wolverhampton Wanderers,Burnley,A,2.8433,1.28476,1,1,1.5585400000000003
26984,La_Liga,2024,2024-08-16 17:00:00,Alaves,Celta Vigo,A,1.9391,0.793797,1,2,1.1453030000000002
27000,La_Liga,2024,2024-08-25 17:15:00,Alaves,Real Betis,H,0.172545,1.36012,0,0,-1.187575
27008,La_Liga,2024,2024-08-28 19:30:00,Alaves,Real Sociedad,A,2.62561,0.951647,2,1,1.673963
27017,La_Liga,2024,2024-09-01 15:00:00,Alaves,Las Palmas,H,2.01026,0.547308,2,0,1.462952
27022,La_Liga,2024,2024-09-14 14:15:00,Alaves,Espanyol,A,2.3693,1.95102,2,3,0.41828
27035,La_Liga,2024,2024-09-20 19:00:00,Alaves,Sevilla,H,1.40641,0.623937,2,1,0.782473
27051,La_Liga,2024,2024-09-24 19:00:00,Alaves,Real Madrid,A,0.853455,1.79791,2,3,-0.9444549999999999
27059,La_Liga,2024,2024-09-28 12:00:00,Alaves,Getafe,A,0.415348,2.55847,0,2,-2.143122
27064,La_Liga,2024,2024-10-06 14:15:00,Alaves,Barcelona,H,0.794829,2.49367,0,3,-1.6988409999999998
27078,La_Liga,2024,2024-10-18 19:00:00,Alaves,Real Valladolid,H,0.433035,2.33646,2,3,-1.9034250000000001
27090,La_Liga,2024,2024-10-26 14:15:00,Alaves,Rayo Vallecano,A,0.871439,2.89009,0,1,-2.0186509999999998
27097,La_Liga,2024,2024-11-01 20:00:00,Alaves,Mallorca,H,1.43582,0.708287,1,0,0.7275330000000001
27111,La_Liga,2024,2024-11-09 15:15:00,Alaves,Villarreal,A,0.608571,1.44293,0,3,-0.8343590000000001
27120,La_Liga,2024,2024-11-23 15:15:00,Alaves,Atletico Madrid,A,0.785902,2.05318,1,2,-1.2672779999999997
27124,La_Liga,2024,2024-11-30 15:15:00,Alaves,Leganes,H,1.28884,1.3688,1,1,-0.07996000000000003
27141,La_Liga,2024,2024-12-08 17:30:00,Alaves,Osasuna,A,1.50067,2.31345,2,2,-0.8127800000000001
27149,La_Liga,2024,2024-12-15 15:15:00,Alaves,Athletic Club,H,0.803776,0.843706,1,1,-0.03992999999999991
27161,La_Liga,2024,2024-12-22 13:00:00,Alaves,Valencia,A,1.54294,1.34762,2,2,0.19531999999999994
27166,La_Liga,2024,2025-01-11 13:00:00,Alaves,Girona,H,1.72201,0.625652,0,1,1.096358
27181,La_Liga,2024,2025-01-18 17:30:00,Alaves,Real Betis,A,1.6539,0.501492,3,1,1.1524079999999999
27186,La_Liga,2024,2025-01-27 20:00:00,Alaves,Celta Vigo,H,0.891741,0.155093,1,1,0.736648
27200,La_Liga,2024,2025-02-02 13:00:00,Alaves,Barcelona,A,0.126278,1.18526,0,1,-1.0589819999999999
27204,La_Liga,2024,2025-02-09 13:00:00,Alaves,Getafe,H,1.25855,0.825065,0,1,0.433485
27219,La_Liga,2024,2025-02-15 13:00:00,Alaves,Leganes,A,1.4212,1.76328,3,3,-0.34207999999999994
27231,La_Liga,2024,2025-02-22 13:00:00,Alaves,Espanyol,H,1.54627,0.495881,0,1,1.050389
27240,La_Liga,2024,2025-03-02 17:30:00,Alaves,Mallorca,A,1.63763,1.83195,1,1,-0.19432000000000005
27249,La_Liga,2024,2025-03-08 15:15:00,Alaves,Villarreal,H,1.21479,2.63287,1,0,-1.41808
27260,La_Liga,2024,2025-03-14 20:00:00,Alaves,Las Palmas,A,1.49888,1.94387,2,2,-0.44499
27266,La_Liga,2024,2025-03-29 17:30:00,Alaves,Rayo Vallecano,H,1.60064,0.681703,0,2,0.9189370000000001
27280,La_Liga,2024,2025-04-05 12:00:00,Alaves,Girona,A,0.805674,1.73306,1,0,-0.927386
27287,La_Liga,2024,2025-04-13 14:15:00,Alaves,Real Madrid,H,0.607781,1.26541,0,1,-0.6576289999999999
27299,La_Liga,2024,2025-04-20 16:30:00,Alaves,Sevilla,A,1.30312,1.89613,1,1,-0.59301
27310,La_Liga,2024,2025-04-23 19:30:00,Alaves,Real Sociedad,H,0.815479,0.472083,1,0,0.343396
27314,La_Liga,2024,2025-05-03 12:00:00,Alaves,Atletico Madrid,H,0.908148,0.391409,0,0,0.516739
27331,La_Liga,2024,2025-05-11 16:30:00,Alaves,Athletic Club,A,0.642793,1.35049,0,1,-0.707697
27333,La_Liga,2024,2025-05-14 17:00:00,Alaves,Valencia,H,2.06262,0.584778,1,0,1.4778419999999999
27349,La_Liga,2024,2025-05-18 17:00:00,Alaves,Real Valladolid,A,1.22692,0.890453,1,0,0.33646699999999996
27356,La_Liga,2024,2025-05-24 19:00:00,Alaves,Osasuna,H,1.57466,1.88098,1,1,-0.30632000000000015
29161,La_Liga,2025,2025-08-16 19:30:00,Alaves,Levante,H,1.72315,0.74203,2,1,0.98112
29168,La_Liga,2025,2025-08-22 19:30:00,Alaves,Real Betis,A,1.43838,2.13985,0,1,-0.70147
29181,La_Liga,2025,2025-08-30 15:00:00,Alaves,Atletico Madrid,H,0.855094,0.960547,1,1,-0.10545300000000002
29196,La_Liga,2025,2025-09-13 16:30:00,Alaves,Athletic Club,A,0.090756,0.866662,1,0,-0.775906
29208,La_Liga,2025,2025-09-20 16:30:00,Alaves,Sevilla,H,0.910257,0.891992,1,2,0.018264999999999976
29212,La_Liga,2025,2025-09-24 17:00:00,Alaves,Getafe,A,1.21176,0.576203,1,1,0.6355569999999999
29224,La_Liga,2025,2025-09-27 16:30:00,Alaves,Mallorca,A,0.566415,1.04267,0,1,-0.476255
29228,La_Liga,2025,2025-10-05 12:00:00,Alaves,Elche,H,2.85063,0.661537,3,1,2.189093
29238,La_Liga,2025,2025-10-20 19:00:00,Alaves,Valencia,H,1.05624,0.318076,0,0,0.738164
29252,La_Liga,2025,2025-10-26 20:00:00,Alaves,Rayo Vallecano,A,1.41466,1.54971,0,1,-0.1350499999999999
29258,La_Liga,2025,2025-11-02 15:15:00,Alaves,Espanyol,H,2.18038,1.04283,2,1,1.13755
29273,La_Liga,2025,2025-11-08 13:00:00,Alaves,Girona,A,2.00772,1.26365,0,1,0.74407
29278,La_Liga,2025,2025-11-22 13:00:00,Alaves,Celta Vigo,H,0.3056,1.32351,0,1,-1.01791
29294,La_Liga,2025,2025-11-29 15:15:00,Alaves,Barcelona,A,2.09256,2.51096,1,3,-0.41839999999999966
29298,La_Liga,2025,2025-12-06 15:15:00,Alaves,Real Sociedad,H,1.88765,1.09935,1,0,0.7883
29308,La_Liga,2025,2025-12-14 20:00:00,Alaves,Real Madrid,H,1.313,1.90656,1,2,-0.5935600000000001
29323,La_Liga,2025,2025-12-20 17:30:00,Alaves,Osasuna,A,0.718671,2.39145,0,3,-1.6727789999999998
29328,La_Liga,2025,2026-01-04 17:30:00,Alaves,Real Oviedo,H,1.56756,3.21906,1,1,-1.6514999999999997
29341,La_Liga,2025,2026-01-10 15:15:00,Alaves,Villarreal,A,0.844572,1.38322,1,3,-0.5386479999999999
29348,La_Liga,2025,2026-01-18 15:15:00,Alaves,Atletico Madrid,A,1.21004,1.7743,0,1,-0.56426
29359,La_Liga,2025,2026-01-25 20:00:00,Alaves,Real Betis,H,1.67102,1.78662,2,1,-0.11560000000000015
29371,La_Liga,2025,2026-01-30 20:00:00,Alaves,Espanyol,A,1.32248,1.20096,2,1,0.12152000000000007
29378,La_Liga,2025,2026-02-08 13:00:00,Alaves,Getafe,H,3.01162,1.7859,0,2,1.2257200000000001
29392,La_Liga,2025,2026-02-14 17:30:00,Alaves,Sevilla,A,1.38983,0.354256,1,1,1.035574
29398,La_Liga,2025,2026-02-23 20:00:00,Alaves,Girona,H,2.1366,2.05717,2,2,0.07942999999999989
29412,La_Liga,2025,2026-02-27 20:00:00,Alaves,Levante,A,1.29855,2.77253,0,2,-1.47398
29422,La_Liga,2025,2026-03-08 20:00:00,Alaves,Valencia,A,1.60795,2.51657,2,3,-0.9086200000000002
29428,La_Liga,2025,2026-03-13 20:00:00,Alaves,Villarreal,H,0.287232,0.873846,1,1,-0.586614
29445,La_Liga,2025,2026-03-22 15:15:00,Alaves,Celta Vigo,A,1.67221,1.70969,4,3,-0.03747999999999996
29448,La_Liga,2025,2026-04-05 19:00:00,Alaves,Osasuna,H,1.65967,1.61149,2,2,0.04817999999999989
29464,La_Liga,2025,2026-04-11 12:00:00,Alaves,Real Sociedad,A,1.206,1.295,3,3,-0.08899999999999997
29483,La_Liga,2025,2026-04-21 19:30:00,Alaves,Real Madrid,A,1.62967,1.504,1,2,0.12566999999999995
29473,La_Liga,2025,2026-04-25 12:00:00,Alaves,Mallorca,H,1.40767,0.221499,2,1,1.1861709999999999
29491,La_Liga,2025,2026-05-02 16:30:00,Alaves,Athletic Club,H,0.613172,0.895921,2,4,-0.2827489999999999
29503,La_Liga,2025,2026-05-09 12:00:00,Alaves,Elche,A,2.45633,2.08849,1,1,0.3678399999999997
29508,La_Liga,2025,2026-05-13 19:30:00,Alaves,Barcelona,H,0.95347,0.356356,1,0,0.597114
29522,La_Liga,2025,2026-05-17 17:00:00,Alaves,Real Oviedo,A,1.28286,0.631265,1,0,0.6515949999999999
29528,La_Liga,2025,2026-05-23 19:00:00,Alaves,Rayo Vallecano,H,1.72468,1.64691,1,2,0.0777699999999999
26982,La_Liga,2024,2024-08-15 17:00:00,Athletic Club,Getafe,H,0.290195,0.537517,1,1,-0.24732200000000004
26995,La_Liga,2024,2024-08-24 17:00:00,Athletic Club,Barcelona,A,1.09985,2.41577,1,2,-1.3159200000000002
27006,La_Liga,2024,2024-08-28 17:00:00,Athletic Club,Valencia,H,1.51595,0.0996371,1,0,1.4163128999999999
27013,La_Liga,2024,2024-08-31 17:00:00,Athletic Club,Atletico Madrid,H,0.252231,1.58613,0,1,-1.3338990000000002
27027,La_Liga,2024,2024-09-15 16:30:00,Athletic Club,Las Palmas,A,1.80432,1.5194,3,2,0.28491999999999984
27047,La_Liga,2024,2024-09-19 17:00:00,Athletic Club,Leganes,A,1.32325,0.666594,2,0,0.656656
27032,La_Liga,2024,2024-09-22 14:15:00,Athletic Club,Celta Vigo,H,0.864304,1.21547,3,1,-0.3511660000000001
27052,La_Liga,2024,2024-09-29 14:15:00,Athletic Club,Sevilla,H,1.82961,1.24147,1,1,0.5881399999999999
27066,La_Liga,2024,2024-10-06 12:00:00,Athletic Club,Girona,A,3.15974,2.17393,1,2,0.9858100000000003
27072,La_Liga,2024,2024-10-19 12:00:00,Athletic Club,Espanyol,H,1.46517,0.500795,4,1,0.9643750000000001
27083,La_Liga,2024,2024-10-28 20:00:00,Athletic Club,Mallorca,A,0.755466,0.542356,0,0,0.21311000000000002
27092,La_Liga,2024,2024-11-03 20:00:00,Athletic Club,Real Betis,H,4.2033,1.54499,1,1,2.6583099999999993
27106,La_Liga,2024,2024-11-10 17:30:00,Athletic Club,Real Valladolid,A,1.487,0.887674,1,1,0.5993260000000001
27112,La_Liga,2024,2024-11-24 20:00:00,Athletic Club,Real Sociedad,H,1.65075,0.799084,1,0,0.8516659999999999
27125,La_Liga,2024,2024-12-01 17:30:00,Athletic Club,Rayo Vallecano,A,0.556919,0.590024,2,1,-0.03310499999999994
27162,La_Liga,2024,2024-12-04 20:00:00,Athletic Club,Real Madrid,H,2.08134,1.97732,2,1,0.10402
27134,La_Liga,2024,2024-12-08 15:15:00,Athletic Club,Villarreal,H,1.31484,0.796459,2,0,0.518381
27149,La_Liga,2024,2024-12-15 15:15:00,Athletic Club,Alaves,A,0.843706,0.803776,1,1,0.03992999999999991
27159,La_Liga,2024,2024-12-21 17:30:00,Athletic Club,Osasuna,A,1.18093,0.417557,2,1,0.7633730000000001
27175,La_Liga,2024,2025-01-19 13:00:00,Athletic Club,Celta Vigo,A,2.49675,0.40033,2,1,2.09642
27182,La_Liga,2024,2025-01-26 17:30:00,Athletic Club,Leganes,H,2.27277,1.57401,0,0,0.69876
27198,La_Liga,2024,2025-02-02 20:00:00,Athletic Club,Real Betis,A,1.75905,1.31717,2,2,0.44188000000000005
27209,La_Liga,2024,2025-02-08 15:15:00,Athletic Club,Girona,H,3.81937,0.0558089,3,0,3.7635611
27221,La_Liga,2024,2025-02-16 13:00:00,Athletic Club,Espanyol,A,0.896815,1.19577,1,1,-0.29895499999999997
27222,La_Liga,2024,2025-02-23 13:00:00,Athletic Club,Real Valladolid,H,5.3162,0.598765,7,1,4.717435
27236,La_Liga,2024,2025-03-01 20:00:00,Athletic Club,Atletico Madrid,A,1.54329,2.01612,0,1,-0.47282999999999986
27243,La_Liga,2024,2025-03-09 17:30:00,Athletic Club,Mallorca,H,0.938663,1.02509,1,1,-0.08642700000000003
27255,La_Liga,2024,2025-03-16 15:15:00,Athletic Club,Sevilla,A,1.64488,0.459323,1,0,1.185557
27269,La_Liga,2024,2025-03-30 17:30:00,Athletic Club,Osasuna,H,0.759463,0.564979,0,0,0.194484
27276,La_Liga,2024,2025-04-06 19:00:00,Athletic Club,Villarreal,A,0.998653,1.59491,0,0,-0.596257
27283,La_Liga,2024,2025-04-13 19:00:00,Athletic Club,Rayo Vallecano,H,1.97654,1.81883,3,1,0.15771000000000002
27294,La_Liga,2024,2025-04-20 19:00:00,Athletic Club,Real Madrid,A,0.132511,2.40667,0,1,-2.274159
27303,La_Liga,2024,2025-04-23 17:00:00,Athletic Club,Las Palmas,H,2.63805,1.01774,1,0,1.6203099999999997
27315,La_Liga,2024,2025-05-04 19:00:00,Athletic Club,Real Sociedad,A,0.232928,0.893155,0,0,-0.660227
27331,La_Liga,2024,2025-05-11 16:30:00,Athletic Club,Alaves,H,1.35049,0.642793,1,0,0.707697
27334,La_Liga,2024,2025-05-15 19:30:00,Athletic Club,Getafe,A,1.33336,0.73382,2,0,0.5995400000000001
27345,La_Liga,2024,2025-05-18 17:00:00,Athletic Club,Valencia,A,1.16214,0.388682,1,0,0.773458
27353,La_Liga,2024,2025-05-25 19:00:00,Athletic Club,Barcelona,H,0.750806,3.36402,0,3,-2.613214
29164,La_Liga,2025,2025-08-17 17:30:00,Athletic Club,Sevilla,H,2.67586,0.901645,3,2,1.774215
29176,La_Liga,2025,2025-08-25 17:30:00,Athletic Club,Rayo Vallecano,H,1.68759,0.493587,1,0,1.194003
29186,La_Liga,2025,2025-08-31 17:00:00,Athletic Club,Real Betis,A,1.11141,0.716186,2,1,0.395224
29196,La_Liga,2025,2025-09-13 16:30:00,Athletic Club,Alaves,H,0.866662,0.090756,0,1,0.775906
29203,La_Liga,2025,2025-09-20 19:00:00,Athletic Club,Valencia,A,0.499198,2.01007,0,2,-1.5108719999999998
29217,La_Liga,2025,2025-09-23 17:00:00,Athletic Club,Girona,H,2.02629,0.856618,1,1,1.1696719999999998
29225,La_Liga,2025,2025-09-27 19:00:00,Athletic Club,Villarreal,A,1.56287,1.86396,0,1,-0.3010900000000001
29229,La_Liga,2025,2025-10-04 16:30:00,Athletic Club,Mallorca,H,1.73351,0.213773,2,1,1.5197370000000001
29244,La_Liga,2025,2025-10-19 12:00:00,Athletic Club,Elche,A,0.240214,0.823916,0,0,-0.5837019999999999
29248,La_Liga,2025,2025-10-25 16:30:00,Athletic Club,Getafe,H,0.358524,1.00378,0,1,-0.6452559999999998
29264,La_Liga,2025,2025-11-01 17:30:00,Athletic Club,Real Sociedad,A,1.13112,1.8412,2,3,-0.71008
29268,La_Liga,2025,2025-11-09 13:00:00,Athletic Club,Real Oviedo,H,2.65219,0.182696,1,0,2.469494
29284,La_Liga,2025,2025-11-22 15:15:00,Athletic Club,Barcelona,A,1.04615,2.32922,0,4,-1.28307
29295,La_Liga,2025,2025-11-29 17:30:00,Athletic Club,Levante,A,2.80864,1.20253,2,0,1.60611
29338,La_Liga,2025,2025-12-03 18:00:00,Athletic Club,Real Madrid,H,0.917315,2.36743,0,3,-1.4501150000000003
29299,La_Liga,2025,2025-12-06 20:00:00,Athletic Club,Atletico Madrid,H,1.18636,0.771885,1,0,0.41447500000000004
29312,La_Liga,2025,2025-12-14 15:15:00,Athletic Club,Celta Vigo,A,1.66561,1.97074,0,2,-0.3051299999999999
29318,La_Liga,2025,2025-12-22 20:00:00,Athletic Club,Espanyol,H,1.72282,0.908988,1,2,0.813832
29331,La_Liga,2025,2026-01-03 15:15:00,Athletic Club,Osasuna,A,1.554,0.868051,1,1,0.685949
29349,La_Liga,2025,2026-01-17 15:15:00,Athletic Club,Mallorca,A,2.28242,3.11432,2,3,-0.8319000000000001
29358,La_Liga,2025,2026-01-24 17:30:00,Athletic Club,Sevilla,A,1.91259,1.43055,1,2,0.48204
29376,La_Liga,2025,2026-02-01 20:00:00,Athletic Club,Real Sociedad,H,0.893754,1.58578,1,1,-0.6920259999999999
29379,La_Liga,2025,2026-02-08 15:15:00,Athletic Club,Levante,H,2.77377,0.615311,4,2,2.1584589999999997
29393,La_Liga,2025,2026-02-15 13:00:00,Athletic Club,Real Oviedo,A,1.20566,0.861013,2,1,0.3446469999999999
29399,La_Liga,2025,2026-02-20 20:00:00,Athletic Club,Elche,H,3.38352,0.783583,2,1,2.5999369999999997
29413,La_Liga,2025,2026-02-28 13:00:00,Athletic Club,Rayo Vallecano,A,0.428457,1.35951,1,1,-0.931053
29418,La_Liga,2025,2026-03-07 20:00:00,Athletic Club,Barcelona,H,1.04698,0.560009,0,1,0.48697100000000004
29433,La_Liga,2025,2026-03-14 13:00:00,Athletic Club,Girona,A,1.97271,2.19442,0,3,-0.22171000000000007
29439,La_Liga,2025,2026-03-22 17:30:00,Athletic Club,Real Betis,H,1.92715,0.591202,2,1,1.335948
29455,La_Liga,2025,2026-04-05 12:00:00,Athletic Club,Getafe,A,0.524379,1.96345,0,2,-1.4390709999999998
29458,La_Liga,2025,2026-04-12 19:00:00,Athletic Club,Villarreal,H,1.31935,1.55144,1,2,-0.2320899999999999
29478,La_Liga,2025,2026-04-21 18:00:00,Athletic Club,Osasuna,H,0.49013,1.39553,1,0,-0.9054
29468,La_Liga,2025,2026-04-25 19:00:00,Athletic Club,Atletico Madrid,A,0.970599,2.47955,2,3,-1.5089510000000002
29491,La_Liga,2025,2026-05-02 16:30:00,Athletic Club,Alaves,A,0.895921,0.613172,4,2,0.2827489999999999
29498,La_Liga,2025,2026-05-10 14:15:00,Athletic Club,Valencia,H,0.935199,1.49759,0,1,-0.562391
29513,La_Liga,2025,2026-05-13 17:00:00,Athletic Club,Espanyol,A,0.886467,0.8471,0,2,0.03936700000000004
29518,La_Liga,2025,2026-05-17 17:00:00,Athletic Club,Celta Vigo,H,2.90368,0.307867,1,1,2.595813
29532,La_Liga,2025,2026-05-23 19:00:00,Athletic Club,Real Madrid,A,1.4543,1.95397,2,4,-0.49967000000000006
26991,La_Liga,2024,2024-08-19 19:30:00,Atletico Madrid,Villarreal,A,1.13868,0.68684,2,2,0.4518399999999999
27001,La_Liga,2024,2024-08-25 19:30:00,Atletico Madrid,Girona,H,1.42393,0.596524,3,0,0.8274059999999999
27009,La_Liga,2024,2024-08-28 19:30:00,Atletico Madrid,Espanyol,H,3.88587,0.855829,0,0,3.030041
27013,La_Liga,2024,2024-08-31 17:00:00,Atletico Madrid,Athletic Club,A,1.58613,0.252231,1,0,1.3338990000000002
27023,La_Liga,2024,2024-09-15 19:00:00,Atletico Madrid,Valencia,H,3.22965,0.18311,3,0,3.04654
27036,La_Liga,2024,2024-09-22 19:00:00,Atletico Madrid,Rayo Vallecano,A,0.554066,1.68952,1,1,-1.135454
27048,La_Liga,2024,2024-09-26 19:00:00,Atletico Madrid,Celta Vigo,A,0.778357,1.76126,1,0,-0.9829030000000001
27053,La_Liga,2024,2024-09-29 19:00:00,Atletico Madrid,Real Madrid,H,1.05477,0.660987,1,1,0.393783
27067,La_Liga,2024,2024-10-06 19:00:00,Atletico Madrid,Real Sociedad,A,0.561748,1.08517,1,1,-0.5234219999999999
27073,La_Liga,2024,2024-10-20 14:15:00,Atletico Madrid,Leganes,H,5.21397,0.271901,3,1,4.942069
27084,La_Liga,2024,2024-10-27 17:30:00,Atletico Madrid,Real Betis,A,0.555217,2.20384,0,1,-1.6486230000000002
27093,La_Liga,2024,2024-11-03 13:00:00,Atletico Madrid,Las Palmas,H,1.73469,0.0329044,2,0,1.7017856
27107,La_Liga,2024,2024-11-10 15:15:00,Atletico Madrid,Mallorca,A,0.93863,0.735147,1,0,0.20348299999999997
27120,La_Liga,2024,2024-11-23 15:15:00,Atletico Madrid,Alaves,H,2.05318,0.785902,2,1,1.2672779999999997
27126,La_Liga,2024,2024-11-30 20:00:00,Atletico Madrid,Real Valladolid,A,3.40487,0.437294,5,0,2.9675759999999998
27135,La_Liga,2024,2024-12-08 20:00:00,Atletico Madrid,Sevilla,H,2.32183,0.635773,4,3,1.686057
27142,La_Liga,2024,2024-12-15 13:00:00,Atletico Madrid,Getafe,H,1.85376,0.238672,1,0,1.615088
27160,La_Liga,2024,2024-12-21 20:00:00,Atletico Madrid,Barcelona,A,0.710716,3.37424,2,1,-2.663524
27163,La_Liga,2024,2025-01-12 15:15:00,Atletico Madrid,Osasuna,H,2.28719,0.391974,1,0,1.8952159999999998
27176,La_Liga,2024,2025-01-18 15:15:00,Atletico Madrid,Leganes,A,3.0563,0.770342,0,1,2.285958
27183,La_Liga,2024,2025-01-25 15:15:00,Atletico Madrid,Villarreal,H,1.72274,1.78456,1,1,-0.061819999999999986
27192,La_Liga,2024,2025-02-01 17:30:00,Atletico Madrid,Mallorca,H,1.59869,0.421783,2,0,1.176907
27205,La_Liga,2024,2025-02-08 20:00:00,Atletico Madrid,Real Madrid,A,1.62463,2.55575,1,1,-0.9311200000000002
27212,La_Liga,2024,2025-02-15 17:30:00,Atletico Madrid,Celta Vigo,H,0.689105,1.45388,1,1,-0.7647750000000001
27225,La_Liga,2024,2025-02-22 17:30:00,Atletico Madrid,Valencia,A,2.31785,1.35435,3,0,0.9635
27236,La_Liga,2024,2025-03-01 20:00:00,Atletico Madrid,Athletic Club,H,2.01612,1.54329,1,0,0.47282999999999986
27250,La_Liga,2024,2025-03-09 13:00:00,Atletico Madrid,Getafe,A,1.02142,1.39814,1,2,-0.37671999999999994
27252,La_Liga,2024,2025-03-16 20:00:00,Atletico Madrid,Barcelona,H,1.09435,2.16215,2,4,-1.0678
27262,La_Liga,2024,2025-03-29 15:15:00,Atletico Madrid,Espanyol,A,0.994468,0.985043,1,1,0.009425000000000017
27277,La_Liga,2024,2025-04-06 14:15:00,Atletico Madrid,Sevilla,A,1.23653,0.818692,2,1,0.41783799999999993
27284,La_Liga,2024,2025-04-14 19:00:00,Atletico Madrid,Real Valladolid,H,4.06291,1.38016,4,2,2.6827499999999995
27295,La_Liga,2024,2025-04-19 19:00:00,Atletico Madrid,Las Palmas,A,0.757145,0.768437,0,1,-0.01129200000000008
27304,La_Liga,2024,2025-04-24 19:30:00,Atletico Madrid,Rayo Vallecano,H,3.34529,1.13186,3,0,2.21343
27314,La_Liga,2024,2025-05-03 12:00:00,Atletico Madrid,Alaves,A,0.391409,0.908148,0,0,-0.516739
27323,La_Liga,2024,2025-05-10 19:00:00,Atletico Madrid,Real Sociedad,H,1.71528,0.298675,4,0,1.416605
27335,La_Liga,2024,2025-05-15 17:00:00,Atletico Madrid,Osasuna,A,1.34093,1.07473,0,2,0.2662
27342,La_Liga,2024,2025-05-18 17:00:00,Atletico Madrid,Real Betis,H,4.94276,0.821908,4,1,4.120852
27358,La_Liga,2024,2025-05-25 12:00:00,Atletico Madrid,Girona,A,3.10637,0.0503369,4,0,3.0560331
29165,La_Liga,2025,2025-08-17 19:30:00,Atletico Madrid,Espanyol,A,1.29319,1.41508,1,2,-0.12188999999999983
29170,La_Liga,2025,2025-08-23 17:30:00,Atletico Madrid,Elche,H,1.68159,0.313268,1,1,1.368322
29181,La_Liga,2025,2025-08-30 15:00:00,Atletico Madrid,Alaves,A,0.960547,0.855094,1,1,0.10545300000000002
29193,La_Liga,2025,2025-09-13 19:00:00,Atletico Madrid,Villarreal,H,1.5106,0.668177,2,0,0.8424229999999999
29204,La_Liga,2025,2025-09-21 14:15:00,Atletico Madrid,Mallorca,A,2.08772,0.530939,1,1,1.556781
29216,La_Liga,2025,2025-09-24 19:30:00,Atletico Madrid,Rayo Vallecano,H,4.95017,1.61988,3,2,3.3302899999999998
29219,La_Liga,2025,2025-09-27 14:15:00,Atletico Madrid,Real Madrid,H,2.79075,1.02797,5,2,1.76278
29232,La_Liga,2025,2025-10-05 19:00:00,Atletico Madrid,Celta Vigo,A,0.710823,2.27285,1,1,-1.562027
29239,La_Liga,2025,2025-10-18 19:00:00,Atletico Madrid,Osasuna,H,2.24415,0.981492,1,0,1.2626579999999998
29253,La_Liga,2025,2025-10-27 20:00:00,Atletico Madrid,Real Betis,A,0.876554,1.33792,2,0,-0.46136599999999994
29259,La_Liga,2025,2025-11-01 15:15:00,Atletico Madrid,Sevilla,H,2.98632,0.376887,3,0,2.609433
29269,La_Liga,2025,2025-11-08 17:30:00,Atletico Madrid,Levante,H,3.03599,1.29112,3,1,1.74487
29285,La_Liga,2025,2025-11-23 17:30:00,Atletico Madrid,Getafe,A,1.47677,0.578828,1,0,0.8979419999999999
29288,La_Liga,2025,2025-11-29 20:00:00,Atletico Madrid,Real Oviedo,H,2.40693,0.921985,2,0,1.484945
29342,La_Liga,2025,2025-12-02 20:00:00,Atletico Madrid,Barcelona,A,1.35018,3.46121,1,3,-2.11103
29299,La_Liga,2025,2025-12-06 20:00:00,Atletico Madrid,Athletic Club,A,0.771885,1.18636,0,1,-0.41447500000000004
29309,La_Liga,2025,2025-12-13 13:00:00,Atletico Madrid,Valencia,H,2.07076,1.26068,2,1,0.8100799999999999
29324,La_Liga,2025,2025-12-21 13:00:00,Atletico Madrid,Girona,A,1.26201,1.11565,3,0,0.14636000000000005
29332,La_Liga,2025,2026-01-04 20:00:00,Atletico Madrid,Real Sociedad,A,1.37325,1.70649,1,1,-0.33324
29348,La_Liga,2025,2026-01-18 15:15:00,Atletico Madrid,Alaves,H,1.7743,1.21004,1,0,0.56426
29360,La_Liga,2025,2026-01-25 13:00:00,Atletico Madrid,Mallorca,H,1.42501,0.367893,3,0,1.057117
29372,La_Liga,2025,2026-01-31 17:30:00,Atletico Madrid,Levante,A,0.615283,0.41109,0,0,0.204193
29380,La_Liga,2025,2026-02-08 17:30:00,Atletico Madrid,Real Betis,H,0.625525,0.839838,0,1,-0.21431299999999998
29394,La_Liga,2025,2026-02-15 15:15:00,Atletico Madrid,Rayo Vallecano,A,0.752854,2.75329,0,3,-2.0004359999999997
29400,La_Liga,2025,2026-02-21 20:00:00,Atletico Madrid,Espanyol,H,3.28587,1.04114,4,2,2.24473
29414,La_Liga,2025,2026-02-28 20:00:00,Atletico Madrid,Real Oviedo,A,0.853142,1.50089,1,0,-0.6477480000000001
29419,La_Liga,2025,2026-03-07 17:30:00,Atletico Madrid,Real Sociedad,H,3.57972,0.313932,3,2,3.265788
29429,La_Liga,2025,2026-03-14 15:15:00,Atletico Madrid,Getafe,H,2.14469,1.58248,1,0,0.5622100000000001
29446,La_Liga,2025,2026-03-22 20:00:00,Atletico Madrid,Real Madrid,A,1.40234,2.96605,2,3,-1.5637100000000002
29449,La_Liga,2025,2026-04-04 19:00:00,Atletico Madrid,Barcelona,H,0.919286,2.68584,1,2,-1.7665539999999997
29463,La_Liga,2025,2026-04-11 19:00:00,Atletico Madrid,Sevilla,A,0.855474,1.6578,1,2,-0.802326
29484,La_Liga,2025,2026-04-22 17:00:00,Atletico Madrid,Elche,A,0.846836,3.62854,2,3,-2.781704
29468,La_Liga,2025,2026-04-25 19:00:00,Atletico Madrid,Athletic Club,H,2.47955,0.970599,3,2,1.5089510000000002
29495,La_Liga,2025,2026-05-02 14:15:00,Atletico Madrid,Valencia,A,1.80568,0.778471,2,0,1.027209
29499,La_Liga,2025,2026-05-09 16:30:00,Atletico Madrid,Celta Vigo,H,2.78506,0.292392,0,1,2.492668
29514,La_Liga,2025,2026-05-12 19:30:00,Atletico Madrid,Osasuna,A,1.8226,2.41049,2,1,-0.5878899999999998
29520,La_Liga,2025,2026-05-17 17:00:00,Atletico Madrid,Girona,H,2.70772,2.0015,1,0,0.7062200000000001
29533,La_Liga,2025,2026-05-24 19:00:00,Atletico Madrid,Villarreal,A,1.58431,2.80441,1,5,-1.2200999999999997
26987,La_Liga,2024,2024-08-17 19:30:00,Barcelona,Valencia,A,3.48824,1.55206,2,1,1.9361799999999998
26995,La_Liga,2024,2024-08-24 17:00:00,Barcelona,Athletic Club,H,2.41577,1.09985,2,1,1.3159200000000002
27004,La_Liga,2024,2024-08-27 19:30:00,Barcelona,Rayo Vallecano,A,1.51872,0.392473,2,1,1.126247
27012,La_Liga,2024,2024-08-31 15:00:00,Barcelona,Real Valladolid,H,4.94022,0.422493,7,0,4.517727
27028,La_Liga,2024,2024-09-15 14:15:00,Barcelona,Girona,A,2.5936,1.09568,4,1,1.49792
27037,La_Liga,2024,2024-09-22 16:30:00,Barcelona,Villarreal,A,4.1937,2.39605,5,1,1.79765
27043,La_Liga,2024,2024-09-25 19:00:00,Barcelona,Getafe,H,2.20799,0.929851,1,0,1.2781390000000001
27056,La_Liga,2024,2024-09-28 19:00:00,Barcelona,Osasuna,A,0.751814,2.50067,2,4,-1.748856
27064,La_Liga,2024,2024-10-06 14:15:00,Barcelona,Alaves,A,2.49367,0.794829,3,0,1.6988409999999998
27074,La_Liga,2024,2024-10-20 19:00:00,Barcelona,Sevilla,H,4.08528,0.599652,5,1,3.485628
27085,La_Liga,2024,2024-10-26 19:00:00,Barcelona,Real Madrid,A,2.51566,1.40359,4,0,1.1120700000000001
27101,La_Liga,2024,2024-11-03 15:15:00,Barcelona,Espanyol,H,1.94398,0.787359,3,1,1.156621
27108,La_Liga,2024,2024-11-10 20:00:00,Barcelona,Real Sociedad,A,0.514102,1.88518,0,1,-1.3710780000000002
27117,La_Liga,2024,2024-11-23 20:00:00,Barcelona,Celta Vigo,A,1.93782,2.75981,2,2,-0.8219899999999998
27122,La_Liga,2024,2024-11-30 13:00:00,Barcelona,Las Palmas,H,2.18354,0.599185,1,2,1.584355
27167,La_Liga,2024,2024-12-03 18:00:00,Barcelona,Mallorca,A,5.38074,0.921728,5,1,4.459012
27139,La_Liga,2024,2024-12-07 15:15:00,Barcelona,Real Betis,A,1.54117,2.76257,2,2,-1.2214000000000003
27143,La_Liga,2024,2024-12-15 20:00:00,Barcelona,Leganes,H,2.16597,0.77236,0,1,1.3936100000000002
27160,La_Liga,2024,2024-12-21 20:00:00,Barcelona,Atletico Madrid,H,3.37424,0.710716,1,2,2.663524
27177,La_Liga,2024,2025-01-18 20:00:00,Barcelona,Getafe,A,3.50383,1.16921,1,1,2.3346199999999997
27184,La_Liga,2024,2025-01-26 20:00:00,Barcelona,Valencia,H,4.35875,1.30328,7,1,3.0554699999999997
27200,La_Liga,2024,2025-02-02 13:00:00,Barcelona,Alaves,H,1.18526,0.126278,1,0,1.0589819999999999
27206,La_Liga,2024,2025-02-09 20:00:00,Barcelona,Sevilla,A,1.93199,0.921429,4,1,1.010561
27214,La_Liga,2024,2025-02-17 20:00:00,Barcelona,Rayo Vallecano,H,2.82775,1.30941,1,0,1.51834
27226,La_Liga,2024,2025-02-22 20:00:00,Barcelona,Las Palmas,A,1.66486,0.431009,2,0,1.233851
27232,La_Liga,2024,2025-03-02 15:15:00,Barcelona,Real Sociedad,H,3.63697,0.0,4,0,3.63697
27252,La_Liga,2024,2025-03-16 20:00:00,Barcelona,Atletico Madrid,A,2.16215,1.09435,4,2,1.0678
27244,La_Liga,2024,2025-03-27 20:00:00,Barcelona,Osasuna,H,4.63707,0.53356,3,0,4.10351
27270,La_Liga,2024,2025-03-30 15:15:00,Barcelona,Girona,H,2.75333,0.490847,4,1,2.262483
27272,La_Liga,2024,2025-04-05 19:00:00,Barcelona,Real Betis,H,1.46844,0.249939,1,1,1.218501
27288,La_Liga,2024,2025-04-12 19:00:00,Barcelona,Leganes,A,1.10105,0.5988,1,0,0.5022500000000001
27292,La_Liga,2024,2025-04-19 14:15:00,Barcelona,Celta Vigo,H,2.56587,2.50499,4,3,0.060880000000000045
27305,La_Liga,2024,2025-04-22 19:30:00,Barcelona,Mallorca,H,3.43457,0.326579,1,0,3.1079909999999997
27316,La_Liga,2024,2025-05-03 19:00:00,Barcelona,Real Valladolid,A,2.21168,0.745612,2,1,1.466068
27324,La_Liga,2024,2025-05-11 14:15:00,Barcelona,Real Madrid,H,4.10632,2.5616,4,3,1.5447200000000003
27332,La_Liga,2024,2025-05-15 19:30:00,Barcelona,Espanyol,A,0.735877,1.51531,2,0,-0.7794329999999999
27343,La_Liga,2024,2025-05-18 17:00:00,Barcelona,Villarreal,H,1.569,1.96183,2,3,-0.39283
27353,La_Liga,2024,2025-05-25 19:00:00,Barcelona,Athletic Club,A,3.36402,0.750806,3,0,2.613214
29160,La_Liga,2025,2025-08-16 17:30:00,Barcelona,Mallorca,A,2.0243,0.529217,3,0,1.4950830000000002
29171,La_Liga,2025,2025-08-23 19:30:00,Barcelona,Levante,A,2.48128,2.68812,3,2,-0.20684000000000013
29188,La_Liga,2025,2025-08-31 19:30:00,Barcelona,Rayo Vallecano,A,2.35774,1.87124,1,1,0.48650000000000015
29194,La_Liga,2025,2025-09-14 19:00:00,Barcelona,Valencia,H,3.46022,0.12495,6,0,3.33527
29199,La_Liga,2025,2025-09-21 19:00:00,Barcelona,Getafe,H,2.96429,0.215949,3,0,2.748341
29213,La_Liga,2025,2025-09-25 19:30:00,Barcelona,Real Oviedo,A,2.07001,1.45014,3,1,0.6198699999999999
29220,La_Liga,2025,2025-09-28 16:30:00,Barcelona,Real Sociedad,H,3.00954,0.957079,2,1,2.052461
29233,La_Liga,2025,2025-10-05 14:15:00,Barcelona,Sevilla,A,2.4823,2.89414,1,4,-0.4118400000000002
29240,La_Liga,2025,2025-10-18 14:15:00,Barcelona,Girona,H,2.41958,1.69375,2,1,0.7258299999999998
29254,La_Liga,2025,2025-10-26 15:15:00,Barcelona,Real Madrid,A,1.12434,3.41322,1,2,-2.28888
29260,La_Liga,2025,2025-11-02 17:30:00,Barcelona,Elche,H,2.8073,0.549079,3,1,2.2582210000000003
29274,La_Liga,2025,2025-11-09 20:00:00,Barcelona,Celta Vigo,A,3.42936,0.512253,4,2,2.917107
29284,La_Liga,2025,2025-11-22 15:15:00,Barcelona,Athletic Club,H,2.32922,1.04615,4,0,1.28307
29294,La_Liga,2025,2025-11-29 15:15:00,Barcelona,Alaves,H,2.51096,2.09256,3,1,0.41839999999999966
29342,La_Liga,2025,2025-12-02 20:00:00,Barcelona,Atletico Madrid,H,3.46121,1.35018,3,1,2.11103
29302,La_Liga,2025,2025-12-06 17:30:00,Barcelona,Real Betis,A,3.30288,2.74214,5,3,0.56074
29310,La_Liga,2025,2025-12-13 17:30:00,Barcelona,Osasuna,H,2.14468,0.228217,2,0,1.9164630000000002
29325,La_Liga,2025,2025-12-21 15:15:00,Barcelona,Villarreal,A,3.27381,2.16466,2,0,1.10915
29333,La_Liga,2025,2026-01-03 20:00:00,Barcelona,Espanyol,A,2.94252,1.79661,2,0,1.14591
29350,La_Liga,2025,2026-01-18 20:00:00,Barcelona,Real Sociedad,A,3.92031,1.55875,1,2,2.36156
29361,La_Liga,2025,2026-01-25 15:15:00,Barcelona,Real Oviedo,H,2.59917,0.486404,3,0,2.112766
29373,La_Liga,2025,2026-01-31 20:00:00,Barcelona,Elche,A,7.11049,0.839,3,1,6.27149
29381,La_Liga,2025,2026-02-07 15:15:00,Barcelona,Mallorca,H,2.48168,1.01087,3,0,1.47081
29395,La_Liga,2025,2026-02-16 20:00:00,Barcelona,Girona,A,2.69655,2.8897,1,2,-0.19315000000000015
29401,La_Liga,2025,2026-02-22 15:15:00,Barcelona,Levante,H,4.24402,0.602552,3,0,3.6414679999999997
29408,La_Liga,2025,2026-02-28 15:15:00,Barcelona,Villarreal,H,3.54743,1.36182,4,1,2.1856099999999996
29418,La_Liga,2025,2026-03-07 20:00:00,Barcelona,Athletic Club,A,0.560009,1.04698,1,0,-0.48697100000000004
29430,La_Liga,2025,2026-03-15 15:15:00,Barcelona,Sevilla,H,3.8639,1.04304,5,2,2.82086
29441,La_Liga,2025,2026-03-22 13:00:00,Barcelona,Rayo Vallecano,H,1.92205,2.19631,1,0,-0.27425999999999995
29449,La_Liga,2025,2026-04-04 19:00:00,Barcelona,Atletico Madrid,A,2.68584,0.919286,2,1,1.7665539999999997
29459,La_Liga,2025,2026-04-11 16:30:00,Barcelona,Espanyol,H,3.30789,1.13134,4,1,2.1765499999999998
29479,La_Liga,2025,2026-04-22 19:30:00,Barcelona,Celta Vigo,H,1.54451,1.07392,1,0,0.47059000000000006
29469,La_Liga,2025,2026-04-25 14:15:00,Barcelona,Getafe,A,2.05171,0.607664,2,0,1.444046
29488,La_Liga,2025,2026-05-02 19:00:00,Barcelona,Osasuna,A,1.56763,1.28813,2,1,0.2795000000000001
29500,La_Liga,2025,2026-05-10 19:00:00,Barcelona,Real Madrid,H,1.72002,0.562101,2,0,1.1579190000000001
29508,La_Liga,2025,2026-05-13 19:30:00,Barcelona,Alaves,A,0.356356,0.95347,0,1,-0.597114
29519,La_Liga,2025,2026-05-17 17:00:00,Barcelona,Real Betis,H,1.59946,0.985477,3,1,0.6139830000000001
29534,La_Liga,2025,2026-05-23 19:00:00,Barcelona,Valencia,A,1.29336,1.83367,1,3,-0.5403099999999998
26984,La_Liga,2024,2024-08-16 17:00:00,Celta Vigo,Alaves,H,0.793797,1.9391,2,1,-1.1453030000000002
26992,La_Liga,2024,2024-08-23 17:00:00,Celta Vigo,Valencia,H,1.30571,1.1544,3,1,0.15130999999999983
27002,La_Liga,2024,2024-08-26 19:30:00,Celta Vigo,Villarreal,A,3.79183,4.3817,3,4,-0.5898700000000003
27018,La_Liga,2024,2024-09-01 15:00:00,Celta Vigo,Osasuna,A,1.72329,0.779621,2,3,0.943669
27025,La_Liga,2024,2024-09-15 12:00:00,Celta Vigo,Real Valladolid,H,1.99273,0.382657,3,1,1.6100729999999999
27032,La_Liga,2024,2024-09-22 14:15:00,Celta Vigo,Athletic Club,A,1.21547,0.864304,1,3,0.3511660000000001
27048,La_Liga,2024,2024-09-26 19:00:00,Celta Vigo,Atletico Madrid,H,1.76126,0.778357,0,1,0.9829030000000001
27054,La_Liga,2024,2024-09-29 12:00:00,Celta Vigo,Girona,H,0.52399,1.41269,1,1,-0.8887
27069,La_Liga,2024,2024-10-05 16:30:00,Celta Vigo,Las Palmas,A,0.814163,0.964894,1,0,-0.15073100000000006
27075,La_Liga,2024,2024-10-19 19:00:00,Celta Vigo,Real Madrid,H,1.79112,1.19816,1,2,0.5929600000000002
27086,La_Liga,2024,2024-10-27 13:00:00,Celta Vigo,Leganes,A,0.767239,1.54881,0,3,-0.781571
27094,La_Liga,2024,2024-11-04 20:00:00,Celta Vigo,Getafe,H,2.12477,0.424746,1,0,1.7000239999999998
27103,La_Liga,2024,2024-11-10 13:00:00,Celta Vigo,Real Betis,A,0.941675,1.65065,2,2,-0.7089749999999999
27117,La_Liga,2024,2024-11-23 20:00:00,Celta Vigo,Barcelona,H,2.75981,1.93782,2,2,0.8219899999999998
27131,La_Liga,2024,2024-11-30 17:30:00,Celta Vigo,Espanyol,A,1.55998,1.50136,1,3,0.058619999999999894
27136,La_Liga,2024,2024-12-06 20:00:00,Celta Vigo,Mallorca,H,1.19949,1.09038,2,0,0.10911000000000004
27145,La_Liga,2024,2024-12-14 17:30:00,Celta Vigo,Sevilla,A,0.928845,0.487466,0,1,0.441379
27154,La_Liga,2024,2024-12-21 15:15:00,Celta Vigo,Real Sociedad,H,1.22165,0.314488,2,0,0.9071619999999999
27169,La_Liga,2024,2025-01-10 20:00:00,Celta Vigo,Rayo Vallecano,A,3.25801,1.00439,1,2,2.25362
27175,La_Liga,2024,2025-01-19 13:00:00,Celta Vigo,Athletic Club,H,0.40033,2.49675,1,2,-2.09642
27186,La_Liga,2024,2025-01-27 20:00:00,Celta Vigo,Alaves,A,0.155093,0.891741,1,1,-0.736648
27199,La_Liga,2024,2025-02-02 15:15:00,Celta Vigo,Valencia,A,0.51501,1.93065,1,2,-1.41564
27207,La_Liga,2024,2025-02-08 13:00:00,Celta Vigo,Real Betis,H,1.75134,1.51159,3,2,0.2397499999999999
27212,La_Liga,2024,2025-02-15 17:30:00,Celta Vigo,Atletico Madrid,A,1.45388,0.689105,1,1,0.7647750000000001
27223,La_Liga,2024,2025-02-21 20:00:00,Celta Vigo,Osasuna,H,2.31891,0.838476,1,0,1.4804339999999998
27237,La_Liga,2024,2025-03-01 13:00:00,Celta Vigo,Girona,A,1.64758,0.89503,2,2,0.75255
27246,La_Liga,2024,2025-03-08 13:00:00,Celta Vigo,Leganes,H,1.07104,0.99815,2,1,0.07289000000000001
27257,La_Liga,2024,2025-03-15 13:00:00,Celta Vigo,Real Valladolid,A,1.81654,0.839415,1,0,0.977125
27263,La_Liga,2024,2025-03-31 20:00:00,Celta Vigo,Las Palmas,H,1.07663,0.52734,1,1,0.54929
27278,La_Liga,2024,2025-04-05 16:30:00,Celta Vigo,Mallorca,A,1.12056,0.670008,2,1,0.45055199999999995
27282,La_Liga,2024,2025-04-12 16:30:00,Celta Vigo,Espanyol,H,0.824366,0.780846,0,2,0.04352
27292,La_Liga,2024,2025-04-19 14:15:00,Celta Vigo,Barcelona,A,2.50499,2.56587,3,4,-0.060880000000000045
27307,La_Liga,2024,2025-04-23 17:00:00,Celta Vigo,Villarreal,H,3.19678,0.5946,3,0,2.6021799999999997
27317,La_Liga,2024,2025-05-04 12:00:00,Celta Vigo,Real Madrid,A,2.13071,3.07408,2,3,-0.9433699999999998
27326,La_Liga,2024,2025-05-10 14:15:00,Celta Vigo,Sevilla,H,0.959531,2.61391,3,2,-1.654379
27337,La_Liga,2024,2025-05-13 18:00:00,Celta Vigo,Real Sociedad,A,1.29945,3.31324,1,0,-2.01379
27344,La_Liga,2024,2025-05-18 17:00:00,Celta Vigo,Rayo Vallecano,H,2.4242,0.906857,1,2,1.5173429999999999
27359,La_Liga,2024,2025-05-24 19:00:00,Celta Vigo,Getafe,A,1.30818,0.35897,2,1,0.9492099999999999
29163,La_Liga,2025,2025-08-17 15:00:00,Celta Vigo,Getafe,H,0.744247,1.50131,0,2,-0.7570629999999999
29169,La_Liga,2025,2025-08-23 15:00:00,Celta Vigo,Mallorca,A,0.917413,0.664974,1,1,0.2524390000000001
29178,La_Liga,2025,2025-08-27 19:00:00,Celta Vigo,Real Betis,H,0.905201,0.714458,1,1,0.190743
29185,La_Liga,2025,2025-08-31 15:00:00,Celta Vigo,Villarreal,H,0.876041,0.96978,1,1,-0.09373900000000002
29192,La_Liga,2025,2025-09-14 12:00:00,Celta Vigo,Girona,H,1.80278,1.41213,1,1,0.39064999999999994
29205,La_Liga,2025,2025-09-21 12:00:00,Celta Vigo,Rayo Vallecano,A,1.28175,1.3145,1,1,-0.03275000000000006
29226,La_Liga,2025,2025-09-28 14:15:00,Celta Vigo,Elche,A,0.821768,4.03596,1,2,-3.214192
29232,La_Liga,2025,2025-10-05 19:00:00,Celta Vigo,Atletico Madrid,H,2.27285,0.710823,1,1,1.562027
29241,La_Liga,2025,2025-10-19 14:15:00,Celta Vigo,Real Sociedad,H,0.717367,2.13562,1,1,-1.418253
29255,La_Liga,2025,2025-10-26 17:30:00,Celta Vigo,Osasuna,A,1.54054,2.318,3,2,-0.77746
29265,La_Liga,2025,2025-11-02 13:00:00,Celta Vigo,Levante,A,1.92474,1.23651,2,1,0.6882299999999999
29274,La_Liga,2025,2025-11-09 20:00:00,Celta Vigo,Barcelona,H,0.512253,3.42936,2,4,-2.917107
29278,La_Liga,2025,2025-11-22 13:00:00,Celta Vigo,Alaves,A,1.32351,0.3056,1,0,1.01791
29289,La_Liga,2025,2025-11-30 17:30:00,Celta Vigo,Espanyol,H,0.635572,0.599243,0,1,0.036329000000000056
29303,La_Liga,2025,2025-12-07 20:00:00,Celta Vigo,Real Madrid,A,1.60908,2.41681,2,0,-0.8077299999999998
29312,La_Liga,2025,2025-12-14 15:15:00,Celta Vigo,Athletic Club,H,1.97074,1.66561,2,0,0.3051299999999999
29326,La_Liga,2025,2025-12-20 13:00:00,Celta Vigo,Real Oviedo,A,0.600009,0.517531,0,0,0.08247800000000005
29329,La_Liga,2025,2026-01-03 13:00:00,Celta Vigo,Valencia,H,2.59029,1.79296,4,1,0.7973299999999999
29344,La_Liga,2025,2026-01-12 20:00:00,Celta Vigo,Sevilla,A,2.07629,0.262521,1,0,1.8137690000000002
29353,La_Liga,2025,2026-01-18 17:30:00,Celta Vigo,Rayo Vallecano,H,1.90274,1.31932,3,0,0.58342
29362,La_Liga,2025,2026-01-25 17:30:00,Celta Vigo,Real Sociedad,A,1.63115,2.15496,1,3,-0.5238099999999999
29374,La_Liga,2025,2026-02-01 17:30:00,Celta Vigo,Getafe,A,0.256881,0.499866,0,0,-0.24298499999999995
29382,La_Liga,2025,2026-02-06 20:00:00,Celta Vigo,Osasuna,H,2.0351,1.00253,1,2,1.03257
29397,La_Liga,2025,2026-02-14 13:00:00,Celta Vigo,Espanyol,A,2.81494,1.16112,2,2,1.65382
29403,La_Liga,2025,2026-02-22 17:30:00,Celta Vigo,Mallorca,H,2.93904,0.0207331,2,0,2.9183068999999997
29415,La_Liga,2025,2026-03-01 20:00:00,Celta Vigo,Girona,A,0.697106,1.57036,2,1,-0.873254
29420,La_Liga,2025,2026-03-06 20:00:00,Celta Vigo,Real Madrid,H,0.910298,0.637644,1,2,0.27265400000000006
29431,La_Liga,2025,2026-03-15 17:30:00,Celta Vigo,Real Betis,A,0.646702,1.87752,1,1,-1.2308180000000002
29445,La_Liga,2025,2026-03-22 15:15:00,Celta Vigo,Alaves,H,1.70969,1.67221,3,4,0.03747999999999996
29454,La_Liga,2025,2026-04-05 14:15:00,Celta Vigo,Valencia,A,1.457,0.720964,3,2,0.736036
29467,La_Liga,2025,2026-04-12 16:30:00,Celta Vigo,Real Oviedo,H,1.15878,2.12846,0,3,-0.9696800000000001
29479,La_Liga,2025,2026-04-22 19:30:00,Celta Vigo,Barcelona,A,1.07392,1.54451,0,1,-0.47059000000000006
29470,La_Liga,2025,2026-04-26 19:00:00,Celta Vigo,Villarreal,A,2.05297,2.409,1,2,-0.3560299999999996
29493,La_Liga,2025,2026-05-03 12:00:00,Celta Vigo,Elche,H,1.4443,1.64767,3,1,-0.20337000000000005
29499,La_Liga,2025,2026-05-09 16:30:00,Celta Vigo,Atletico Madrid,A,0.292392,2.78506,1,0,-2.492668
29510,La_Liga,2025,2026-05-12 17:00:00,Celta Vigo,Levante,H,1.92053,1.52943,2,3,0.3911
29518,La_Liga,2025,2026-05-17 17:00:00,Celta Vigo,Athletic Club,A,0.307867,2.90368,1,1,-2.595813
29530,La_Liga,2025,2026-05-23 19:00:00,Celta Vigo,Sevilla,H,1.61801,0.755735,1,0,0.8622749999999999
29166,La_Liga,2025,2025-08-18 19:00:00,Elche,Real Betis,H,0.981494,1.59562,1,1,-0.6141260000000001
29170,La_Liga,2025,2025-08-23 17:30:00,Elche,Atletico Madrid,A,0.313268,1.68159,1,1,-1.368322
29179,La_Liga,2025,2025-08-29 17:30:00,Elche,Levante,H,1.44309,0.969663,2,0,0.47342699999999993
29189,La_Liga,2025,2025-09-12 19:00:00,Elche,Sevilla,A,0.781151,0.346397,2,2,0.43475400000000003
29201,La_Liga,2025,2025-09-21 16:30:00,Elche,Real Oviedo,H,1.57497,1.10565,1,0,0.46931999999999996
29214,La_Liga,2025,2025-09-25 17:30:00,Elche,Osasuna,A,1.05089,1.17524,1,1,-0.12434999999999996
29226,La_Liga,2025,2025-09-28 14:15:00,Elche,Celta Vigo,H,4.03596,0.821768,2,1,3.214192
29228,La_Liga,2025,2025-10-05 12:00:00,Elche,Alaves,A,0.661537,2.85063,1,3,-2.189093
29244,La_Liga,2025,2025-10-19 12:00:00,Elche,Athletic Club,H,0.823916,0.240214,0,0,0.5837019999999999
29256,La_Liga,2025,2025-10-25 14:15:00,Elche,Espanyol,A,1.11414,1.70342,0,1,-0.58928
29260,La_Liga,2025,2025-11-02 17:30:00,Elche,Barcelona,A,0.549079,2.8073,1,3,-2.2582210000000003
29270,La_Liga,2025,2025-11-07 20:00:00,Elche,Real Sociedad,H,0.808307,1.47221,1,1,-0.663903
29280,La_Liga,2025,2025-11-23 20:00:00,Elche,Real Madrid,H,1.59518,3.88258,2,2,-2.2874
29297,La_Liga,2025,2025-11-28 20:00:00,Elche,Getafe,A,0.448894,1.34046,0,1,-0.891566
29300,La_Liga,2025,2025-12-07 13:00:00,Elche,Girona,H,1.59513,0.781043,3,0,0.8140869999999999
29314,La_Liga,2025,2025-12-13 15:15:00,Elche,Mallorca,A,0.311674,2.581,1,3,-2.269326
29320,La_Liga,2025,2025-12-21 17:30:00,Elche,Rayo Vallecano,H,3.66996,1.14923,4,0,2.5207300000000004
29330,La_Liga,2025,2026-01-03 17:30:00,Elche,Villarreal,H,1.52119,2.635,1,3,-1.1138099999999997
29345,La_Liga,2025,2026-01-10 20:00:00,Elche,Valencia,A,0.244413,2.04147,1,1,-1.797057
29354,La_Liga,2025,2026-01-19 20:00:00,Elche,Sevilla,H,1.48075,2.4961,2,2,-1.0153500000000002
29363,La_Liga,2025,2026-01-23 20:00:00,Elche,Levante,A,0.632971,3.24455,2,3,-2.611579
29373,La_Liga,2025,2026-01-31 20:00:00,Elche,Barcelona,H,0.839,7.11049,1,3,-6.27149
29383,La_Liga,2025,2026-02-07 20:00:00,Elche,Real Sociedad,A,1.08664,1.7719,1,3,-0.68526
29388,La_Liga,2025,2026-02-13 20:00:00,Elche,Osasuna,H,2.33332,0.81264,0,0,1.52068
29399,La_Liga,2025,2026-02-20 20:00:00,Elche,Athletic Club,A,0.783583,3.38352,1,2,-2.5999369999999997
29410,La_Liga,2025,2026-03-01 13:00:00,Elche,Espanyol,H,1.82376,0.834858,2,2,0.9889020000000001
29424,La_Liga,2025,2026-03-08 13:00:00,Elche,Villarreal,A,1.62051,2.30632,1,2,-0.68581
29434,La_Liga,2025,2026-03-14 20:00:00,Elche,Real Madrid,A,1.3711,1.72531,1,4,-0.3542099999999999
29440,La_Liga,2025,2026-03-21 13:00:00,Elche,Mallorca,H,1.51605,1.51939,2,1,-0.0033400000000001207
29456,La_Liga,2025,2026-04-03 19:00:00,Elche,Rayo Vallecano,A,0.601974,1.51493,0,1,-0.9129560000000001
29465,La_Liga,2025,2026-04-11 14:15:00,Elche,Valencia,H,1.03489,2.76889,1,0,-1.7339999999999998
29484,La_Liga,2025,2026-04-22 17:00:00,Elche,Atletico Madrid,H,3.62854,0.846836,3,2,2.781704
29471,La_Liga,2025,2026-04-26 14:15:00,Elche,Real Oviedo,A,0.621829,0.772271,2,1,-0.15044200000000008
29493,La_Liga,2025,2026-05-03 12:00:00,Elche,Celta Vigo,A,1.64767,1.4443,1,3,0.20337000000000005
29503,La_Liga,2025,2026-05-09 12:00:00,Elche,Alaves,H,2.08849,2.45633,1,1,-0.3678399999999997
29509,La_Liga,2025,2026-05-12 18:00:00,Elche,Real Betis,A,0.342743,1.97559,1,2,-1.632847
29527,La_Liga,2025,2026-05-17 17:00:00,Elche,Getafe,H,0.691836,0.0944069,1,0,0.5974291
29535,La_Liga,2025,2026-05-23 19:00:00,Elche,Girona,A,0.495408,0.668034,1,1,-0.172626
26990,La_Liga,2024,2024-08-19 17:00:00,Espanyol,Real Valladolid,A,0.515586,1.17753,0,1,-0.661944
26997,La_Liga,2024,2024-08-24 19:30:00,Espanyol,Real Sociedad,H,1.79566,0.796104,0,1,0.999556
27009,La_Liga,2024,2024-08-28 19:30:00,Espanyol,Atletico Madrid,A,0.855829,3.88587,0,0,-3.030041
27014,La_Liga,2024,2024-08-31 17:15:00,Espanyol,Rayo Vallecano,H,1.84679,1.0088,2,1,0.83799
27022,La_Liga,2024,2024-09-14 14:15:00,Espanyol,Alaves,H,1.95102,2.3693,3,2,-0.41828
27041,La_Liga,2024,2024-09-21 19:00:00,Espanyol,Real Madrid,A,0.318831,4.89487,1,4,-4.576039
27042,La_Liga,2024,2024-09-26 17:00:00,Espanyol,Villarreal,H,0.355072,1.96233,1,2,-1.6072579999999999
27061,La_Liga,2024,2024-09-29 16:30:00,Espanyol,Real Betis,A,0.569387,1.97922,0,1,-1.409833
27071,La_Liga,2024,2024-10-05 12:00:00,Espanyol,Mallorca,H,0.948554,1.79839,2,1,-0.8498359999999999
27072,La_Liga,2024,2024-10-19 12:00:00,Espanyol,Athletic Club,A,0.500795,1.46517,1,4,-0.9643750000000001
27091,La_Liga,2024,2024-10-25 19:00:00,Espanyol,Sevilla,H,1.0292,0.813306,0,2,0.21589399999999992
27101,La_Liga,2024,2024-11-03 15:15:00,Espanyol,Barcelona,A,0.787359,1.94398,1,3,-1.156621
27121,La_Liga,2024,2024-11-23 17:30:00,Espanyol,Girona,A,0.488285,3.28521,1,4,-2.7969250000000003
27131,La_Liga,2024,2024-11-30 17:30:00,Espanyol,Celta Vigo,H,1.50136,1.55998,3,1,-0.058619999999999894
27132,La_Liga,2024,2024-12-09 20:00:00,Espanyol,Getafe,A,1.17303,0.530268,0,1,0.6427620000000001
27150,La_Liga,2024,2024-12-14 13:00:00,Espanyol,Osasuna,H,0.298744,0.213917,0,0,0.08482700000000001
27102,La_Liga,2024,2024-12-18 20:30:00,Espanyol,Valencia,H,1.87851,1.78128,1,1,0.09722999999999993
27152,La_Liga,2024,2024-12-22 17:30:00,Espanyol,Las Palmas,A,0.878983,0.956162,0,1,-0.077179
27171,La_Liga,2024,2025-01-11 17:30:00,Espanyol,Leganes,H,1.05544,1.92496,1,1,-0.8695200000000001
27172,La_Liga,2024,2025-01-17 20:00:00,Espanyol,Real Valladolid,H,1.28839,1.72021,2,1,-0.4318200000000001
27191,La_Liga,2024,2025-01-25 17:30:00,Espanyol,Sevilla,A,1.27943,1.15013,1,1,0.12929999999999997
27201,La_Liga,2024,2025-02-01 20:00:00,Espanyol,Real Madrid,H,0.52719,1.52796,1,0,-1.00077
27202,La_Liga,2024,2025-02-09 17:30:00,Espanyol,Real Sociedad,A,0.872507,1.67839,1,2,-0.805883
27221,La_Liga,2024,2025-02-16 13:00:00,Espanyol,Athletic Club,H,1.19577,0.896815,1,1,0.29895499999999997
27231,La_Liga,2024,2025-02-22 13:00:00,Espanyol,Alaves,A,0.495881,1.54627,1,0,-1.050389
27242,La_Liga,2024,2025-03-10 20:00:00,Espanyol,Girona,H,0.325296,1.58787,1,1,-1.2625739999999999
27261,La_Liga,2024,2025-03-15 15:15:00,Espanyol,Mallorca,A,0.184342,2.57036,1,2,-2.386018
27262,La_Liga,2024,2025-03-29 15:15:00,Espanyol,Atletico Madrid,H,0.985043,0.994468,1,1,-0.009425000000000017
27281,La_Liga,2024,2025-04-04 19:00:00,Espanyol,Rayo Vallecano,A,3.48741,0.501253,4,0,2.9861570000000004
27282,La_Liga,2024,2025-04-12 16:30:00,Espanyol,Celta Vigo,A,0.780846,0.824366,2,0,-0.04352
27301,La_Liga,2024,2025-04-18 19:00:00,Espanyol,Getafe,H,0.367268,0.736613,1,0,-0.369345
27302,La_Liga,2024,2025-04-22 19:00:00,Espanyol,Valencia,A,0.344156,1.07897,1,1,-0.734814
27241,La_Liga,2024,2025-04-27 14:15:00,Espanyol,Villarreal,A,1.53522,1.35413,0,1,0.18108999999999997
27321,La_Liga,2024,2025-05-04 16:30:00,Espanyol,Real Betis,H,0.873167,1.05631,1,2,-0.18314300000000006
27322,La_Liga,2024,2025-05-11 12:00:00,Espanyol,Leganes,A,1.57739,2.05779,2,3,-0.4803999999999997
27332,La_Liga,2024,2025-05-15 19:30:00,Espanyol,Barcelona,H,1.51531,0.735877,0,2,0.7794329999999999
27351,La_Liga,2024,2025-05-18 17:00:00,Espanyol,Osasuna,A,0.572332,1.92502,0,2,-1.3526880000000001
27352,La_Liga,2024,2025-05-24 16:30:00,Espanyol,Las Palmas,H,1.72167,0.735505,2,0,0.9861650000000001
29165,La_Liga,2025,2025-08-17 19:30:00,Espanyol,Atletico Madrid,H,1.41508,1.29319,2,1,0.12188999999999983
29174,La_Liga,2025,2025-08-24 17:30:00,Espanyol,Real Sociedad,A,1.87234,1.43366,2,2,0.43867999999999996
29187,La_Liga,2025,2025-08-31 17:30:00,Espanyol,Osasuna,H,1.36886,1.38167,1,0,-0.012809999999999988
29198,La_Liga,2025,2025-09-15 19:00:00,Espanyol,Mallorca,H,2.67405,2.03185,3,2,0.6421999999999999
29206,La_Liga,2025,2025-09-20 14:15:00,Espanyol,Real Madrid,A,0.969443,2.06136,0,2,-1.091917
29209,La_Liga,2025,2025-09-23 17:00:00,Espanyol,Valencia,H,3.31313,1.00785,2,2,2.30528
29227,La_Liga,2025,2025-09-26 19:00:00,Espanyol,Girona,A,0.949116,1.07661,0,0,-0.1274940000000001
29234,La_Liga,2025,2025-10-05 16:30:00,Espanyol,Real Betis,H,2.0699,1.43721,1,2,0.63269
29246,La_Liga,2025,2025-10-17 19:00:00,Espanyol,Real Oviedo,A,4.46256,1.21155,2,0,3.25101
29256,La_Liga,2025,2025-10-25 14:15:00,Espanyol,Elche,H,1.70342,1.11414,1,0,0.58928
29258,La_Liga,2025,2025-11-02 15:15:00,Espanyol,Alaves,A,1.04283,2.18038,1,2,-1.13755
29271,La_Liga,2025,2025-11-08 20:00:00,Espanyol,Villarreal,H,0.476157,1.47118,0,2,-0.995023
29281,La_Liga,2025,2025-11-24 20:00:00,Espanyol,Sevilla,H,1.16625,1.80002,2,1,-0.63377
29289,La_Liga,2025,2025-11-30 17:30:00,Espanyol,Celta Vigo,A,0.599243,0.635572,1,0,-0.036329000000000056
29301,La_Liga,2025,2025-12-07 17:30:00,Espanyol,Rayo Vallecano,H,1.57985,0.285545,1,0,1.294305
29315,La_Liga,2025,2025-12-13 20:00:00,Espanyol,Getafe,A,0.75472,0.305925,1,0,0.44879499999999994
29318,La_Liga,2025,2025-12-22 20:00:00,Espanyol,Athletic Club,A,0.908988,1.72282,2,1,-0.813832
29333,La_Liga,2025,2026-01-03 20:00:00,Espanyol,Barcelona,H,1.79661,2.94252,0,2,-1.14591
29346,La_Liga,2025,2026-01-11 15:15:00,Espanyol,Levante,A,1.58922,1.18232,1,1,0.40690000000000004
29355,La_Liga,2025,2026-01-16 20:00:00,Espanyol,Girona,H,1.26738,1.82377,0,2,-0.5563899999999999
29364,La_Liga,2025,2026-01-24 15:15:00,Espanyol,Valencia,A,1.75941,2.76956,2,3,-1.0101499999999999
29371,La_Liga,2025,2026-01-30 20:00:00,Espanyol,Alaves,H,1.20096,1.32248,1,2,-0.12152000000000007
29384,La_Liga,2025,2026-02-09 20:00:00,Espanyol,Villarreal,A,0.744747,1.53925,1,4,-0.794503
29397,La_Liga,2025,2026-02-14 13:00:00,Espanyol,Celta Vigo,H,1.16112,2.81494,2,2,-1.65382
29400,La_Liga,2025,2026-02-21 20:00:00,Espanyol,Atletico Madrid,A,1.04114,3.28587,2,4,-2.24473
29410,La_Liga,2025,2026-03-01 13:00:00,Espanyol,Elche,A,0.834858,1.82376,2,2,-0.9889020000000001
29421,La_Liga,2025,2026-03-09 20:00:00,Espanyol,Real Oviedo,H,1.55092,0.886689,1,1,0.6642310000000001
29435,La_Liga,2025,2026-03-15 13:00:00,Espanyol,Mallorca,A,1.35243,2.1497,1,2,-0.7972700000000001
29442,La_Liga,2025,2026-03-21 15:15:00,Espanyol,Getafe,H,1.51208,2.06384,1,2,-0.5517599999999998
29450,La_Liga,2025,2026-04-04 16:30:00,Espanyol,Real Betis,A,0.144091,2.00215,0,0,-1.858059
29459,La_Liga,2025,2026-04-11 16:30:00,Espanyol,Barcelona,A,1.13134,3.30789,1,4,-2.1765499999999998
29486,La_Liga,2025,2026-04-23 18:00:00,Espanyol,Rayo Vallecano,A,1.68535,2.06977,0,1,-0.3844200000000002
29477,La_Liga,2025,2026-04-27 19:00:00,Espanyol,Levante,H,0.853225,1.38559,0,0,-0.5323650000000001
29494,La_Liga,2025,2026-05-03 19:00:00,Espanyol,Real Madrid,H,1.09007,1.5023,0,2,-0.4122299999999999
29505,La_Liga,2025,2026-05-09 14:15:00,Espanyol,Sevilla,A,0.402373,1.41747,1,2,-1.015097
29513,La_Liga,2025,2026-05-13 17:00:00,Espanyol,Athletic Club,H,0.8471,0.886467,2,0,-0.03936700000000004
29523,La_Liga,2025,2026-05-17 17:00:00,Espanyol,Osasuna,A,0.947142,1.81152,2,1,-0.864378
29531,La_Liga,2025,2026-05-23 19:00:00,Espanyol,Real Sociedad,H,2.14307,1.23238,1,1,0.9106899999999998
26982,La_Liga,2024,2024-08-15 17:00:00,Getafe,Athletic Club,A,0.537517,0.290195,1,1,0.24732200000000004
26996,La_Liga,2024,2024-08-24 19:30:00,Getafe,Rayo Vallecano,H,0.512723,0.161076,0,0,0.35164700000000004
27020,La_Liga,2024,2024-09-01 17:15:00,Getafe,Real Sociedad,H,0.547095,0.0209183,0,0,0.5261766999999999
27029,La_Liga,2024,2024-09-14 16:30:00,Getafe,Sevilla,A,0.971555,1.64801,0,1,-0.676455
27007,La_Liga,2024,2024-09-18 17:00:00,Getafe,Real Betis,A,0.864309,3.06176,1,2,-2.197451
27034,La_Liga,2024,2024-09-22 12:00:00,Getafe,Leganes,H,1.24276,0.783211,1,1,0.4595490000000001
27043,La_Liga,2024,2024-09-25 19:00:00,Getafe,Barcelona,A,0.929851,2.20799,0,1,-1.2781390000000001
27059,La_Liga,2024,2024-09-28 12:00:00,Getafe,Alaves,H,2.55847,0.415348,2,0,2.143122
27062,La_Liga,2024,2024-10-05 14:15:00,Getafe,Osasuna,H,1.34832,0.247706,1,1,1.100614
27080,La_Liga,2024,2024-10-20 16:30:00,Getafe,Villarreal,A,2.02638,1.14683,1,1,0.87955
27082,La_Liga,2024,2024-10-27 15:15:00,Getafe,Valencia,H,2.97825,0.63831,1,1,2.33994
27094,La_Liga,2024,2024-11-04 20:00:00,Getafe,Celta Vigo,A,0.424746,2.12477,0,1,-1.7000239999999998
27104,La_Liga,2024,2024-11-10 17:30:00,Getafe,Girona,H,0.220796,0.521025,0,1,-0.30022899999999997
27113,La_Liga,2024,2024-11-22 20:00:00,Getafe,Real Valladolid,H,0.658487,0.729169,2,0,-0.07068199999999991
27127,La_Liga,2024,2024-12-01 15:15:00,Getafe,Real Madrid,A,0.34657,3.23626,0,2,-2.8896900000000003
27132,La_Liga,2024,2024-12-09 20:00:00,Getafe,Espanyol,H,0.530268,1.17303,1,0,-0.6427620000000001
27142,La_Liga,2024,2024-12-15 13:00:00,Getafe,Atletico Madrid,A,0.238672,1.85376,0,1,-1.615088
27155,La_Liga,2024,2024-12-21 13:00:00,Getafe,Mallorca,H,0.735241,2.06274,0,1,-1.3274989999999998
27170,La_Liga,2024,2025-01-12 13:00:00,Getafe,Las Palmas,A,1.39575,1.62636,2,1,-0.23060999999999998
27177,La_Liga,2024,2025-01-18 20:00:00,Getafe,Barcelona,H,1.16921,3.50383,1,1,-2.3346199999999997
27188,La_Liga,2024,2025-01-26 15:15:00,Getafe,Real Sociedad,A,2.01027,1.26074,3,0,0.7495299999999998
27193,La_Liga,2024,2025-02-01 13:00:00,Getafe,Sevilla,H,0.922731,0.871043,0,0,0.051687999999999956
27204,La_Liga,2024,2025-02-09 13:00:00,Getafe,Alaves,A,0.825065,1.25855,1,0,-0.433485
27213,La_Liga,2024,2025-02-14 20:00:00,Getafe,Girona,A,0.95535,1.287,2,1,-0.3316499999999999
27227,La_Liga,2024,2025-02-23 17:30:00,Getafe,Real Betis,H,0.86267,2.34571,1,2,-1.48304
27238,La_Liga,2024,2025-03-02 13:00:00,Getafe,Leganes,A,0.585024,0.554524,0,1,0.03049999999999997
27250,La_Liga,2024,2025-03-09 13:00:00,Getafe,Atletico Madrid,H,1.39814,1.02142,2,1,0.37671999999999994
27258,La_Liga,2024,2025-03-16 17:30:00,Getafe,Osasuna,A,0.900928,2.08486,2,1,-1.183932
27264,La_Liga,2024,2025-03-30 13:00:00,Getafe,Villarreal,H,0.940085,1.38471,1,2,-0.44462500000000016
27279,La_Liga,2024,2025-04-06 16:30:00,Getafe,Real Valladolid,A,2.80288,0.300994,4,0,2.501886
27286,La_Liga,2024,2025-04-12 14:15:00,Getafe,Las Palmas,H,1.61783,1.54225,1,3,0.0755800000000002
27301,La_Liga,2024,2025-04-18 19:00:00,Getafe,Espanyol,A,0.736613,0.367268,0,1,0.369345
27308,La_Liga,2024,2025-04-23 19:30:00,Getafe,Real Madrid,H,2.53565,1.74803,0,1,0.78762
27318,La_Liga,2024,2025-05-02 19:00:00,Getafe,Rayo Vallecano,A,0.8041,1.2162,0,1,-0.4120999999999999
27330,La_Liga,2024,2025-05-10 12:00:00,Getafe,Valencia,A,0.590071,2.97396,0,3,-2.383889
27334,La_Liga,2024,2025-05-15 19:30:00,Getafe,Athletic Club,H,0.73382,1.33336,0,2,-0.5995400000000001
27346,La_Liga,2024,2025-05-18 17:00:00,Getafe,Mallorca,A,1.55977,0.809089,2,1,0.7506810000000002
27359,La_Liga,2024,2025-05-24 19:00:00,Getafe,Celta Vigo,H,0.35897,1.30818,1,2,-0.9492099999999999
29163,La_Liga,2025,2025-08-17 15:00:00,Getafe,Celta Vigo,A,1.50131,0.744247,2,0,0.7570629999999999
29177,La_Liga,2025,2025-08-25 19:30:00,Getafe,Sevilla,A,1.32944,0.833075,2,1,0.49636499999999995
29180,La_Liga,2025,2025-08-29 19:30:00,Getafe,Valencia,A,0.757418,1.54336,0,3,-0.785942
29190,La_Liga,2025,2025-09-13 12:00:00,Getafe,Real Oviedo,H,0.954087,0.369812,2,0,0.5842750000000001
29199,La_Liga,2025,2025-09-21 19:00:00,Getafe,Barcelona,A,0.215949,2.96429,0,3,-2.748341
29212,La_Liga,2025,2025-09-24 17:00:00,Getafe,Alaves,H,0.576203,1.21176,1,1,-0.6355569999999999
29222,La_Liga,2025,2025-09-27 12:00:00,Getafe,Levante,H,0.830967,1.27833,1,1,-0.44736299999999996
29235,La_Liga,2025,2025-10-03 19:00:00,Getafe,Osasuna,A,0.856515,0.692026,1,2,0.164489
29242,La_Liga,2025,2025-10-19 19:00:00,Getafe,Real Madrid,H,0.530119,2.14595,0,1,-1.615831
29248,La_Liga,2025,2025-10-25 16:30:00,Getafe,Athletic Club,A,1.00378,0.358524,1,0,0.6452559999999998
29262,La_Liga,2025,2025-10-31 20:00:00,Getafe,Girona,H,1.40213,1.54366,2,1,-0.14152999999999993
29276,La_Liga,2025,2025-11-09 17:30:00,Getafe,Mallorca,A,0.539674,1.30353,0,1,-0.7638560000000001
29285,La_Liga,2025,2025-11-23 17:30:00,Getafe,Atletico Madrid,H,0.578828,1.47677,0,1,-0.8979419999999999
29297,La_Liga,2025,2025-11-28 20:00:00,Getafe,Elche,H,1.34046,0.448894,1,0,0.891566
29304,La_Liga,2025,2025-12-06 13:00:00,Getafe,Villarreal,A,0.282254,0.816941,0,2,-0.534687
29315,La_Liga,2025,2025-12-13 20:00:00,Getafe,Espanyol,H,0.305925,0.75472,0,1,-0.44879499999999994
29319,La_Liga,2025,2025-12-21 20:00:00,Getafe,Real Betis,A,1.24726,3.46022,0,4,-2.21296
29335,La_Liga,2025,2026-01-02 20:00:00,Getafe,Rayo Vallecano,A,0.663898,0.662324,1,1,0.0015739999999999643
29339,La_Liga,2025,2026-01-09 20:00:00,Getafe,Real Sociedad,H,0.240168,1.25801,1,2,-1.0178420000000001
29356,La_Liga,2025,2026-01-18 13:00:00,Getafe,Valencia,H,0.584591,0.746856,0,1,-0.162265
29365,La_Liga,2025,2026-01-26 20:00:00,Getafe,Girona,A,1.1089,1.01571,1,1,0.0931900000000001
29374,La_Liga,2025,2026-02-01 17:30:00,Getafe,Celta Vigo,H,0.499866,0.256881,0,0,0.24298499999999995
29378,La_Liga,2025,2026-02-08 13:00:00,Getafe,Alaves,A,1.7859,3.01162,2,0,-1.2257200000000001
29389,La_Liga,2025,2026-02-14 15:15:00,Getafe,Villarreal,H,1.61761,0.969388,2,1,0.648222
29404,La_Liga,2025,2026-02-22 13:00:00,Getafe,Sevilla,H,0.250539,0.283172,0,1,-0.03263299999999997
29416,La_Liga,2025,2026-03-02 20:00:00,Getafe,Real Madrid,A,0.476324,2.02274,1,0,-1.5464160000000002
29423,La_Liga,2025,2026-03-08 15:15:00,Getafe,Real Betis,H,0.821088,1.24912,2,0,-0.42803199999999997
29429,La_Liga,2025,2026-03-14 15:15:00,Getafe,Atletico Madrid,A,1.58248,2.14469,0,1,-0.5622100000000001
29442,La_Liga,2025,2026-03-21 15:15:00,Getafe,Espanyol,A,2.06384,1.51208,2,1,0.5517599999999998
29455,La_Liga,2025,2026-04-05 12:00:00,Getafe,Athletic Club,H,1.96345,0.524379,2,0,1.4390709999999998
29461,La_Liga,2025,2026-04-13 19:00:00,Getafe,Levante,A,0.290983,3.32797,0,1,-3.036987
29487,La_Liga,2025,2026-04-22 18:00:00,Getafe,Real Sociedad,A,0.215233,1.90157,1,0,-1.686337
29469,La_Liga,2025,2026-04-25 14:15:00,Getafe,Barcelona,H,0.607664,2.05171,0,2,-1.444046
29496,La_Liga,2025,2026-05-03 14:15:00,Getafe,Rayo Vallecano,H,1.35219,0.954171,0,2,0.398019
29506,La_Liga,2025,2026-05-10 16:30:00,Getafe,Real Oviedo,A,1.40609,0.570226,0,0,0.835864
29511,La_Liga,2025,2026-05-13 19:30:00,Getafe,Mallorca,H,1.82108,0.412059,3,1,1.409021
29527,La_Liga,2025,2026-05-17 17:00:00,Getafe,Elche,A,0.0944069,0.691836,0,1,-0.5974291
29536,La_Liga,2025,2026-05-23 19:00:00,Getafe,Osasuna,H,0.264137,0.800038,1,0,-0.535901
26983,La_Liga,2024,2024-08-15 19:30:00,Girona,Real Betis,A,1.54726,1.80582,1,1,-0.2585599999999999
27001,La_Liga,2024,2024-08-25 19:30:00,Girona,Atletico Madrid,A,0.596524,1.42393,0,3,-0.8274059999999999
27010,La_Liga,2024,2024-08-29 17:00:00,Girona,Osasuna,H,2.6015,0.0199618,4,0,2.5815382000000002
27019,La_Liga,2024,2024-09-01 17:00:00,Girona,Sevilla,A,2.36355,0.812687,2,0,1.550863
27028,La_Liga,2024,2024-09-15 14:15:00,Girona,Barcelona,H,1.09568,2.5936,1,4,-1.49792
27038,La_Liga,2024,2024-09-21 16:30:00,Girona,Valencia,A,0.387698,0.350785,0,2,0.036912999999999974
27044,La_Liga,2024,2024-09-25 17:00:00,Girona,Rayo Vallecano,H,2.1579,0.377734,0,0,1.7801660000000001
27054,La_Liga,2024,2024-09-29 12:00:00,Girona,Celta Vigo,A,1.41269,0.52399,1,1,0.8887
27066,La_Liga,2024,2024-10-06 12:00:00,Girona,Athletic Club,H,2.17393,3.15974,2,1,-0.9858100000000003
27076,La_Liga,2024,2024-10-19 16:30:00,Girona,Real Sociedad,H,0.446152,1.86082,0,1,-1.4146679999999998
27087,La_Liga,2024,2024-10-26 16:30:00,Girona,Las Palmas,A,1.04715,1.24451,0,1,-0.19735999999999998
27095,La_Liga,2024,2024-11-02 15:15:00,Girona,Leganes,H,1.81274,0.320545,4,3,1.492195
27104,La_Liga,2024,2024-11-10 17:30:00,Girona,Getafe,A,0.521025,0.220796,1,0,0.30022899999999997
27121,La_Liga,2024,2024-11-23 17:30:00,Girona,Espanyol,H,3.28521,0.488285,4,1,2.7969250000000003
27128,La_Liga,2024,2024-12-01 13:00:00,Girona,Villarreal,A,0.516301,1.96842,2,2,-1.4521190000000002
27137,La_Liga,2024,2024-12-07 20:00:00,Girona,Real Madrid,H,0.351337,1.16034,0,3,-0.8090029999999999
27146,La_Liga,2024,2024-12-14 15:15:00,Girona,Mallorca,A,0.939735,1.65091,1,2,-0.7111750000000001
27156,La_Liga,2024,2024-12-20 20:00:00,Girona,Real Valladolid,H,2.16439,0.0119855,3,0,2.1524045
27166,La_Liga,2024,2025-01-11 13:00:00,Girona,Alaves,A,0.625652,1.72201,1,0,-1.096358
27173,La_Liga,2024,2025-01-18 13:00:00,Girona,Sevilla,H,1.14329,3.09224,1,2,-1.94895
27189,La_Liga,2024,2025-01-26 13:00:00,Girona,Rayo Vallecano,A,1.56182,3.01055,1,2,-1.4487299999999999
27194,La_Liga,2024,2025-02-03 20:00:00,Girona,Las Palmas,H,2.19186,1.31791,2,1,0.8739500000000002
27209,La_Liga,2024,2025-02-08 15:15:00,Girona,Athletic Club,A,0.0558089,3.81937,0,3,-3.7635611
27213,La_Liga,2024,2025-02-14 20:00:00,Girona,Getafe,H,1.287,0.95535,1,2,0.3316499999999999
27228,La_Liga,2024,2025-02-23 15:15:00,Girona,Real Madrid,A,0.325619,2.36313,0,2,-2.037511
27237,La_Liga,2024,2025-03-01 13:00:00,Girona,Celta Vigo,H,0.89503,1.64758,2,2,-0.75255
27242,La_Liga,2024,2025-03-10 20:00:00,Girona,Espanyol,A,1.58787,0.325296,1,1,1.2625739999999999
27253,La_Liga,2024,2025-03-15 20:00:00,Girona,Valencia,H,1.17978,1.21975,1,1,-0.03996999999999984
27270,La_Liga,2024,2025-03-30 15:15:00,Girona,Barcelona,A,0.490847,2.75333,1,4,-2.262483
27280,La_Liga,2024,2025-04-05 12:00:00,Girona,Alaves,H,1.73306,0.805674,0,1,0.927386
27289,La_Liga,2024,2025-04-13 12:00:00,Girona,Osasuna,A,0.57428,1.68846,1,2,-1.1141800000000002
27296,La_Liga,2024,2025-04-21 19:00:00,Girona,Real Betis,H,1.10326,2.28252,1,3,-1.17926
27311,La_Liga,2024,2025-04-24 17:00:00,Girona,Leganes,A,0.764098,0.330809,1,1,0.43328900000000004
27312,La_Liga,2024,2025-05-05 19:00:00,Girona,Mallorca,H,1.77813,0.488126,1,0,1.290004
27327,La_Liga,2024,2025-05-10 16:30:00,Girona,Villarreal,H,0.280235,2.28245,0,1,-2.0022149999999996
27338,La_Liga,2024,2025-05-13 17:00:00,Girona,Real Valladolid,A,1.56752,1.30694,1,0,0.26058000000000003
27347,La_Liga,2024,2025-05-18 17:00:00,Girona,Real Sociedad,A,1.64512,1.87253,2,3,-0.2274100000000001
27358,La_Liga,2024,2025-05-25 12:00:00,Girona,Atletico Madrid,H,0.0503369,3.10637,0,4,-3.0560331
29158,La_Liga,2025,2025-08-15 17:00:00,Girona,Rayo Vallecano,H,0.795304,3.25355,1,3,-2.458246
29173,La_Liga,2025,2025-08-24 17:30:00,Girona,Villarreal,A,0.140267,2.97707,0,5,-2.8368029999999997
29183,La_Liga,2025,2025-08-30 17:30:00,Girona,Sevilla,H,2.00908,1.62032,0,2,0.38876
29192,La_Liga,2025,2025-09-14 12:00:00,Girona,Celta Vigo,A,1.41213,1.80278,1,1,-0.39064999999999994
29202,La_Liga,2025,2025-09-20 12:00:00,Girona,Levante,H,0.423855,4.50183,0,4,-4.077975
29217,La_Liga,2025,2025-09-23 17:00:00,Girona,Athletic Club,A,0.856618,2.02629,1,1,-1.1696719999999998
29227,La_Liga,2025,2025-09-26 19:00:00,Girona,Espanyol,H,1.07661,0.949116,0,0,0.1274940000000001
29230,La_Liga,2025,2025-10-04 14:15:00,Girona,Valencia,H,1.16415,2.22808,2,1,-1.0639299999999998
29240,La_Liga,2025,2025-10-18 14:15:00,Girona,Barcelona,A,1.69375,2.41958,1,2,-0.7258299999999998
29249,La_Liga,2025,2025-10-25 12:00:00,Girona,Real Oviedo,H,2.24132,2.22406,3,3,0.01725999999999983
29262,La_Liga,2025,2025-10-31 20:00:00,Girona,Getafe,A,1.54366,1.40213,1,2,0.14152999999999993
29273,La_Liga,2025,2025-11-08 13:00:00,Girona,Alaves,H,1.26365,2.00772,1,0,-0.74407
29279,La_Liga,2025,2025-11-23 15:15:00,Girona,Real Betis,A,1.48903,1.5784,1,1,-0.08936999999999995
29290,La_Liga,2025,2025-11-30 20:00:00,Girona,Real Madrid,H,1.05171,2.21359,1,1,-1.16188
29300,La_Liga,2025,2025-12-07 13:00:00,Girona,Elche,A,0.781043,1.59513,0,3,-0.8140869999999999
29316,La_Liga,2025,2025-12-12 20:00:00,Girona,Real Sociedad,A,1.16894,1.02349,2,1,0.14545000000000008
29324,La_Liga,2025,2025-12-21 13:00:00,Girona,Atletico Madrid,H,1.11565,1.26201,0,3,-0.14636000000000005
29336,La_Liga,2025,2026-01-04 17:30:00,Girona,Mallorca,A,1.45714,1.48338,2,1,-0.02623999999999982
29340,La_Liga,2025,2026-01-10 17:30:00,Girona,Osasuna,H,0.984024,1.22674,1,0,-0.24271599999999993
29355,La_Liga,2025,2026-01-16 20:00:00,Girona,Espanyol,A,1.82377,1.26738,2,0,0.5563899999999999
29365,La_Liga,2025,2026-01-26 20:00:00,Girona,Getafe,H,1.01571,1.1089,1,1,-0.0931900000000001
29375,La_Liga,2025,2026-01-31 13:00:00,Girona,Real Oviedo,A,0.664225,1.26601,0,1,-0.6017850000000001
29386,La_Liga,2025,2026-02-08 15:15:00,Girona,Sevilla,A,2.60199,0.958247,1,1,1.6437429999999997
29395,La_Liga,2025,2026-02-16 20:00:00,Girona,Barcelona,H,2.8897,2.69655,2,1,0.19315000000000015
29398,La_Liga,2025,2026-02-23 20:00:00,Girona,Alaves,A,2.05717,2.1366,2,2,-0.07942999999999989
29415,La_Liga,2025,2026-03-01 20:00:00,Girona,Celta Vigo,H,1.57036,0.697106,1,2,0.873254
29425,La_Liga,2025,2026-03-07 15:15:00,Girona,Levante,A,1.917,0.819009,1,1,1.097991
29433,La_Liga,2025,2026-03-14 13:00:00,Girona,Athletic Club,H,2.19442,1.97271,3,0,0.22171000000000007
29447,La_Liga,2025,2026-03-21 17:30:00,Girona,Osasuna,A,0.232115,2.26232,0,1,-2.030205
29451,La_Liga,2025,2026-04-06 19:00:00,Girona,Villarreal,H,0.653493,0.443518,1,0,0.20997499999999997
29462,La_Liga,2025,2026-04-10 19:00:00,Girona,Real Madrid,A,0.46667,1.98086,1,1,-1.5141900000000001
29485,La_Liga,2025,2026-04-21 19:30:00,Girona,Real Betis,H,1.72891,1.24954,2,3,0.47936999999999985
29472,La_Liga,2025,2026-04-25 16:30:00,Girona,Valencia,A,1.38799,2.31263,1,2,-0.9246399999999999
29497,La_Liga,2025,2026-05-01 19:00:00,Girona,Mallorca,H,1.77655,1.30537,0,1,0.47118000000000015
29507,La_Liga,2025,2026-05-11 19:00:00,Girona,Rayo Vallecano,A,1.12895,1.79488,1,1,-0.6659300000000001
29512,La_Liga,2025,2026-05-14 18:00:00,Girona,Real Sociedad,H,2.68586,0.553216,1,1,2.132644
29520,La_Liga,2025,2026-05-17 17:00:00,Girona,Atletico Madrid,A,2.0015,2.70772,0,1,-0.7062200000000001
29535,La_Liga,2025,2026-05-23 19:00:00,Girona,Elche,H,0.668034,0.495408,1,1,0.172626
26985,La_Liga,2024,2024-08-16 19:30:00,Las Palmas,Sevilla,H,1.3187,2.09987,2,2,-0.7811700000000001
26999,La_Liga,2024,2024-08-25 17:00:00,Las Palmas,Leganes,A,1.23438,1.58998,1,2,-0.3555999999999999
27011,La_Liga,2024,2024-08-29 19:30:00,Las Palmas,Real Madrid,H,0.809213,3.28322,1,1,-2.4740070000000003
27017,La_Liga,2024,2024-09-01 15:00:00,Las Palmas,Alaves,A,0.547308,2.01026,0,2,-1.462952
27027,La_Liga,2024,2024-09-15 16:30:00,Las Palmas,Athletic Club,H,1.5194,1.80432,2,3,-0.28491999999999984
27040,La_Liga,2024,2024-09-21 14:15:00,Las Palmas,Osasuna,A,1.28282,1.97167,1,2,-0.68885
27049,La_Liga,2024,2024-09-26 17:00:00,Las Palmas,Real Betis,H,1.10799,2.66646,1,1,-1.5584699999999998
27058,La_Liga,2024,2024-09-30 19:00:00,Las Palmas,Villarreal,A,0.802357,4.07869,1,3,-3.276333
27069,La_Liga,2024,2024-10-05 16:30:00,Las Palmas,Celta Vigo,H,0.964894,0.814163,0,1,0.15073100000000006
27081,La_Liga,2024,2024-10-21 19:00:00,Las Palmas,Valencia,A,1.56861,1.94417,3,2,-0.3755599999999999
27087,La_Liga,2024,2024-10-26 16:30:00,Las Palmas,Girona,H,1.24451,1.04715,1,0,0.19735999999999998
27093,La_Liga,2024,2024-11-03 13:00:00,Las Palmas,Atletico Madrid,A,0.0329044,1.73469,0,2,-1.7017856
27110,La_Liga,2024,2024-11-08 20:00:00,Las Palmas,Rayo Vallecano,A,1.25211,2.63982,3,1,-1.3877099999999998
27115,La_Liga,2024,2024-11-23 17:30:00,Las Palmas,Mallorca,H,1.15972,1.45816,2,3,-0.2984399999999998
27122,La_Liga,2024,2024-11-30 13:00:00,Las Palmas,Barcelona,A,0.599185,2.18354,2,1,-1.584355
27138,La_Liga,2024,2024-12-07 13:00:00,Las Palmas,Real Valladolid,H,1.27625,1.30835,2,1,-0.032099999999999795
27151,La_Liga,2024,2024-12-15 17:30:00,Las Palmas,Real Sociedad,A,0.840973,1.24562,0,0,-0.404647
27152,La_Liga,2024,2024-12-22 17:30:00,Las Palmas,Espanyol,H,0.956162,0.878983,1,0,0.077179
27170,La_Liga,2024,2025-01-12 13:00:00,Las Palmas,Getafe,H,1.62636,1.39575,1,2,0.23060999999999998
27180,La_Liga,2024,2025-01-19 15:15:00,Las Palmas,Real Madrid,A,1.06201,6.40549,1,4,-5.3434800000000005
27185,La_Liga,2024,2025-01-24 20:00:00,Las Palmas,Osasuna,H,0.833212,2.53692,1,1,-1.7037079999999998
27194,La_Liga,2024,2025-02-03 20:00:00,Las Palmas,Girona,A,1.31791,2.19186,1,2,-0.8739500000000002
27203,La_Liga,2024,2025-02-08 17:30:00,Las Palmas,Villarreal,H,1.90619,1.26021,1,2,0.64598
27217,La_Liga,2024,2025-02-16 17:30:00,Las Palmas,Mallorca,A,1.04401,2.33414,1,3,-1.29013
27226,La_Liga,2024,2025-02-22 20:00:00,Las Palmas,Barcelona,H,0.431009,1.66486,0,2,-1.233851
27239,La_Liga,2024,2025-02-28 20:00:00,Las Palmas,Real Valladolid,A,0.163235,2.17386,1,1,-2.010625
27245,La_Liga,2024,2025-03-09 17:30:00,Las Palmas,Real Betis,A,0.426529,2.31412,0,1,-1.887591
27260,La_Liga,2024,2025-03-14 20:00:00,Las Palmas,Alaves,H,1.94387,1.49888,2,2,0.44499
27263,La_Liga,2024,2025-03-31 20:00:00,Las Palmas,Celta Vigo,A,0.52734,1.07663,1,1,-0.54929
27274,La_Liga,2024,2025-04-06 12:00:00,Las Palmas,Real Sociedad,H,1.75387,2.81501,1,3,-1.06114
27286,La_Liga,2024,2025-04-12 14:15:00,Las Palmas,Getafe,A,1.54225,1.61783,3,1,-0.0755800000000002
27295,La_Liga,2024,2025-04-19 19:00:00,Las Palmas,Atletico Madrid,H,0.768437,0.757145,1,0,0.01129200000000008
27303,La_Liga,2024,2025-04-23 17:00:00,Las Palmas,Athletic Club,A,1.01774,2.63805,0,1,-1.6203099999999997
27313,La_Liga,2024,2025-05-03 16:30:00,Las Palmas,Valencia,H,1.80995,1.6731,2,3,0.13684999999999992
27329,La_Liga,2024,2025-05-09 19:00:00,Las Palmas,Rayo Vallecano,H,0.721442,1.00781,0,1,-0.28636800000000007
27340,La_Liga,2024,2025-05-13 19:30:00,Las Palmas,Sevilla,A,0.399067,0.93125,0,1,-0.5321830000000001
27350,La_Liga,2024,2025-05-18 17:00:00,Las Palmas,Leganes,H,0.513718,1.06274,0,1,-0.549022
27352,La_Liga,2024,2025-05-24 16:30:00,Las Palmas,Espanyol,A,0.735505,1.72167,0,2,-0.9861650000000001
26986,La_Liga,2024,2024-08-17 17:00:00,Leganes,Osasuna,A,1.33949,1.7631,1,1,-0.4236099999999998
26999,La_Liga,2024,2024-08-25 17:00:00,Leganes,Las Palmas,H,1.58998,1.23438,2,1,0.3555999999999999
27005,La_Liga,2024,2024-08-28 17:00:00,Leganes,Real Valladolid,A,0.184577,0.773785,0,0,-0.589208
27016,La_Liga,2024,2024-08-31 19:30:00,Leganes,Mallorca,H,0.52078,1.48758,0,1,-0.9667999999999999
27024,La_Liga,2024,2024-09-13 19:00:00,Leganes,Real Betis,A,0.107021,1.72201,0,2,-1.614989
27047,La_Liga,2024,2024-09-19 17:00:00,Leganes,Athletic Club,H,0.666594,1.32325,0,2,-0.656656
27034,La_Liga,2024,2024-09-22 12:00:00,Leganes,Getafe,A,0.783211,1.24276,1,1,-0.4595490000000001
27060,La_Liga,2024,2024-09-28 14:15:00,Leganes,Rayo Vallecano,A,0.852356,1.15229,1,1,-0.29993400000000003
27065,La_Liga,2024,2024-10-04 19:00:00,Leganes,Valencia,H,0.913168,0.703751,0,0,0.20941699999999996
27073,La_Liga,2024,2024-10-20 14:15:00,Leganes,Atletico Madrid,A,0.271901,5.21397,1,3,-4.942069
27086,La_Liga,2024,2024-10-27 13:00:00,Leganes,Celta Vigo,H,1.54881,0.767239,3,0,0.781571
27095,La_Liga,2024,2024-11-02 15:15:00,Leganes,Girona,A,0.320545,1.81274,3,4,-1.492195
27105,La_Liga,2024,2024-11-09 21:00:00,Leganes,Sevilla,H,1.09319,0.539924,1,0,0.5532660000000001
27116,La_Liga,2024,2024-11-24 17:30:00,Leganes,Real Madrid,H,0.108948,2.73014,0,3,-2.621192
27124,La_Liga,2024,2024-11-30 15:15:00,Leganes,Alaves,A,1.3688,1.28884,1,1,0.07996000000000003
27133,La_Liga,2024,2024-12-08 13:00:00,Leganes,Real Sociedad,H,0.463722,1.74462,0,3,-1.280898
27143,La_Liga,2024,2024-12-15 20:00:00,Leganes,Barcelona,A,0.77236,2.16597,1,0,-1.3936100000000002
27158,La_Liga,2024,2024-12-22 17:30:00,Leganes,Villarreal,H,1.47457,4.01011,2,5,-2.53554
27171,La_Liga,2024,2025-01-11 17:30:00,Leganes,Espanyol,A,1.92496,1.05544,1,1,0.8695200000000001
27176,La_Liga,2024,2025-01-18 15:15:00,Leganes,Atletico Madrid,H,0.770342,3.0563,1,0,-2.285958
27182,La_Liga,2024,2025-01-26 17:30:00,Leganes,Athletic Club,A,1.57401,2.27277,0,0,-0.69876
27197,La_Liga,2024,2025-01-31 20:00:00,Leganes,Rayo Vallecano,H,1.00009,2.39088,0,1,-1.3907900000000002
27208,La_Liga,2024,2025-02-09 15:15:00,Leganes,Valencia,A,0.417562,2.03187,0,2,-1.614308
27219,La_Liga,2024,2025-02-15 13:00:00,Leganes,Alaves,H,1.76328,1.4212,3,3,0.34207999999999994
27230,La_Liga,2024,2025-02-23 20:00:00,Leganes,Real Sociedad,A,0.256673,1.0679,0,3,-0.8112270000000001
27238,La_Liga,2024,2025-03-02 13:00:00,Leganes,Getafe,H,0.554524,0.585024,1,0,-0.03049999999999997
27246,La_Liga,2024,2025-03-08 13:00:00,Leganes,Celta Vigo,A,0.99815,1.07104,1,2,-0.07289000000000001
27256,La_Liga,2024,2025-03-16 13:00:00,Leganes,Real Betis,H,1.57329,2.92809,2,3,-1.3548
27268,La_Liga,2024,2025-03-29 20:00:00,Leganes,Real Madrid,A,2.38359,3.59257,2,3,-1.20898
27275,La_Liga,2024,2025-04-07 19:00:00,Leganes,Osasuna,H,2.22334,2.07408,1,1,0.14925999999999995
27288,La_Liga,2024,2025-04-12 19:00:00,Leganes,Barcelona,H,0.5988,1.10105,0,1,-0.5022500000000001
27300,La_Liga,2024,2025-04-19 16:30:00,Leganes,Mallorca,A,0.951824,1.06921,0,0,-0.11738599999999999
27311,La_Liga,2024,2025-04-24 17:00:00,Leganes,Girona,H,0.330809,0.764098,1,1,-0.43328900000000004
27320,La_Liga,2024,2025-05-04 14:15:00,Leganes,Sevilla,A,0.804853,2.33742,2,2,-1.5325669999999998
27322,La_Liga,2024,2025-05-11 12:00:00,Leganes,Espanyol,H,2.05779,1.57739,3,2,0.4803999999999997
27341,La_Liga,2024,2025-05-14 17:00:00,Leganes,Villarreal,A,1.19032,2.28885,0,3,-1.09853
27350,La_Liga,2024,2025-05-18 17:00:00,Leganes,Las Palmas,A,1.06274,0.513718,1,0,0.549022
27357,La_Liga,2024,2025-05-24 16:30:00,Leganes,Real Valladolid,H,1.74736,0.479375,3,0,1.267985
29161,La_Liga,2025,2025-08-16 19:30:00,Levante,Alaves,A,0.74203,1.72315,1,2,-0.98112
29171,La_Liga,2025,2025-08-23 19:30:00,Levante,Barcelona,H,2.68812,2.48128,2,3,0.20684000000000013
29179,La_Liga,2025,2025-08-29 17:30:00,Levante,Elche,A,0.969663,1.44309,0,2,-0.47342699999999993
29191,La_Liga,2025,2025-09-14 14:15:00,Levante,Real Betis,H,1.02425,2.19546,2,2,-1.17121
29202,La_Liga,2025,2025-09-20 12:00:00,Levante,Girona,A,4.50183,0.423855,4,0,4.077975
29210,La_Liga,2025,2025-09-23 19:30:00,Levante,Real Madrid,H,1.70121,4.06315,1,4,-2.36194
29222,La_Liga,2025,2025-09-27 12:00:00,Levante,Getafe,A,1.27833,0.830967,1,1,0.44736299999999996
29236,La_Liga,2025,2025-10-04 12:00:00,Levante,Real Oviedo,A,1.62121,1.08551,2,0,0.5357000000000001
29243,La_Liga,2025,2025-10-19 16:30:00,Levante,Rayo Vallecano,H,0.940509,2.53118,0,3,-1.590671
29257,La_Liga,2025,2025-10-26 13:00:00,Levante,Mallorca,A,2.3579,1.86979,1,1,0.4881099999999998
29265,La_Liga,2025,2025-11-02 13:00:00,Levante,Celta Vigo,H,1.23651,1.92474,1,2,-0.6882299999999999
29269,La_Liga,2025,2025-11-08 17:30:00,Levante,Atletico Madrid,A,1.29112,3.03599,1,3,-1.74487
29286,La_Liga,2025,2025-11-21 20:00:00,Levante,Valencia,A,0.67426,1.65038,0,1,-0.97612
29295,La_Liga,2025,2025-11-29 17:30:00,Levante,Athletic Club,H,1.20253,2.80864,0,2,-1.60611
29305,La_Liga,2025,2025-12-08 20:00:00,Levante,Osasuna,A,0.544977,1.74988,0,2,-1.204903
29321,La_Liga,2025,2025-12-20 15:15:00,Levante,Real Sociedad,H,1.22005,1.62986,1,1,-0.40981
29337,La_Liga,2025,2026-01-04 13:00:00,Levante,Sevilla,A,1.65102,1.66562,3,0,-0.014600000000000168
29346,La_Liga,2025,2026-01-11 15:15:00,Levante,Espanyol,H,1.18232,1.58922,1,1,-0.40690000000000004
29351,La_Liga,2025,2026-01-17 13:00:00,Levante,Real Madrid,A,0.787501,2.54865,0,2,-1.7611489999999999
29363,La_Liga,2025,2026-01-23 20:00:00,Levante,Elche,H,3.24455,0.632971,3,2,2.611579
29372,La_Liga,2025,2026-01-31 17:30:00,Levante,Atletico Madrid,H,0.41109,0.615283,0,0,-0.204193
29379,La_Liga,2025,2026-02-08 15:15:00,Levante,Athletic Club,A,0.615311,2.77377,2,4,-2.1584589999999997
29390,La_Liga,2025,2026-02-15 17:30:00,Levante,Valencia,H,1.45737,0.743814,0,2,0.7135560000000001
29311,La_Liga,2025,2026-02-18 19:00:00,Levante,Villarreal,H,0.774339,2.40024,0,1,-1.6259010000000003
29401,La_Liga,2025,2026-02-22 15:15:00,Levante,Barcelona,A,0.602552,4.24402,0,3,-3.6414679999999997
29412,La_Liga,2025,2026-02-27 20:00:00,Levante,Alaves,H,2.77253,1.29855,2,0,1.47398
29425,La_Liga,2025,2026-03-07 15:15:00,Levante,Girona,H,0.819009,1.917,1,1,-1.097991
29436,La_Liga,2025,2026-03-16 20:00:00,Levante,Rayo Vallecano,A,1.45599,1.68134,1,1,-0.22535000000000016
29443,La_Liga,2025,2026-03-21 17:30:00,Levante,Real Oviedo,H,2.92669,1.33569,4,2,1.5909999999999997
29457,La_Liga,2025,2026-04-04 12:00:00,Levante,Real Sociedad,A,0.320219,2.96404,0,2,-2.643821
29461,La_Liga,2025,2026-04-13 19:00:00,Levante,Getafe,H,3.32797,0.290983,1,0,3.036987
29480,La_Liga,2025,2026-04-23 17:00:00,Levante,Sevilla,H,1.2081,0.444478,2,0,0.763622
29477,La_Liga,2025,2026-04-27 19:00:00,Levante,Espanyol,A,1.38559,0.853225,0,0,0.5323650000000001
29489,La_Liga,2025,2026-05-02 12:00:00,Levante,Villarreal,A,0.801231,2.47953,1,5,-1.678299
29501,La_Liga,2025,2026-05-08 19:00:00,Levante,Osasuna,H,3.53052,0.500111,3,2,3.030409
29510,La_Liga,2025,2026-05-12 17:00:00,Levante,Celta Vigo,A,1.52943,1.92053,3,2,-0.3911
29525,La_Liga,2025,2026-05-17 17:00:00,Levante,Mallorca,H,2.43681,0.438978,2,0,1.9978319999999998
29529,La_Liga,2025,2026-05-23 19:00:00,Levante,Real Betis,A,2.36717,1.8664,1,2,0.5007700000000002
26989,La_Liga,2024,2024-08-18 19:30:00,Mallorca,Real Madrid,H,1.30561,0.608052,1,1,0.6975579999999999
26994,La_Liga,2024,2024-08-24 15:00:00,Mallorca,Osasuna,A,0.427602,0.887678,0,1,-0.460076
27003,La_Liga,2024,2024-08-27 17:00:00,Mallorca,Sevilla,H,0.940858,0.60976,0,0,0.331098
27016,La_Liga,2024,2024-08-31 19:30:00,Mallorca,Leganes,A,1.48758,0.52078,1,0,0.9667999999999999
27026,La_Liga,2024,2024-09-14 12:00:00,Mallorca,Villarreal,H,0.345425,2.41884,1,2,-2.073415
27045,La_Liga,2024,2024-09-17 19:00:00,Mallorca,Real Sociedad,H,1.56932,0.499139,1,0,1.070181
27033,La_Liga,2024,2024-09-23 19:00:00,Mallorca,Real Betis,A,1.4369,1.37084,2,1,0.06606000000000001
27057,La_Liga,2024,2024-09-27 19:00:00,Mallorca,Real Valladolid,A,2.49026,1.31551,2,1,1.1747500000000002
27071,La_Liga,2024,2024-10-05 12:00:00,Mallorca,Espanyol,A,1.79839,0.948554,1,2,0.8498359999999999
27077,La_Liga,2024,2024-10-20 12:00:00,Mallorca,Rayo Vallecano,H,2.72076,0.464955,1,0,2.2558049999999996
27083,La_Liga,2024,2024-10-28 20:00:00,Mallorca,Athletic Club,H,0.542356,0.755466,0,0,-0.21311000000000002
27097,La_Liga,2024,2024-11-01 20:00:00,Mallorca,Alaves,A,0.708287,1.43582,0,1,-0.7275330000000001
27107,La_Liga,2024,2024-11-10 15:15:00,Mallorca,Atletico Madrid,H,0.735147,0.93863,0,1,-0.20348299999999997
27115,La_Liga,2024,2024-11-23 17:30:00,Mallorca,Las Palmas,A,1.45816,1.15972,3,2,0.2984399999999998
27123,La_Liga,2024,2024-11-29 20:00:00,Mallorca,Valencia,H,0.721435,1.33443,2,1,-0.612995
27167,La_Liga,2024,2024-12-03 18:00:00,Mallorca,Barcelona,H,0.921728,5.38074,1,5,-4.459012
27136,La_Liga,2024,2024-12-06 20:00:00,Mallorca,Celta Vigo,A,1.09038,1.19949,0,2,-0.10911000000000004
27146,La_Liga,2024,2024-12-14 15:15:00,Mallorca,Girona,H,1.65091,0.939735,2,1,0.7111750000000001
27155,La_Liga,2024,2024-12-21 13:00:00,Mallorca,Getafe,A,2.06274,0.735241,1,0,1.3274989999999998
27178,La_Liga,2024,2025-01-20 20:00:00,Mallorca,Villarreal,A,0.390989,2.35437,0,4,-1.9633809999999998
27187,La_Liga,2024,2025-01-25 13:00:00,Mallorca,Real Betis,H,0.789384,0.59491,0,1,0.19447399999999992
27192,La_Liga,2024,2025-02-01 17:30:00,Mallorca,Atletico Madrid,A,0.421783,1.59869,0,2,-1.176907
27210,La_Liga,2024,2025-02-10 20:00:00,Mallorca,Osasuna,H,1.17321,1.81967,1,1,-0.6464599999999998
27217,La_Liga,2024,2025-02-16 17:30:00,Mallorca,Las Palmas,H,2.33414,1.04401,3,1,1.29013
27229,La_Liga,2024,2025-02-24 20:00:00,Mallorca,Sevilla,A,1.64957,1.5822,1,1,0.06736999999999993
27240,La_Liga,2024,2025-03-02 17:30:00,Mallorca,Alaves,H,1.83195,1.63763,1,1,0.19432000000000005
27243,La_Liga,2024,2025-03-09 17:30:00,Mallorca,Athletic Club,A,1.02509,0.938663,1,1,0.08642700000000003
27261,La_Liga,2024,2025-03-15 15:15:00,Mallorca,Espanyol,H,2.57036,0.184342,2,1,2.386018
27267,La_Liga,2024,2025-03-30 17:30:00,Mallorca,Valencia,A,0.657805,0.731544,0,1,-0.073739
27278,La_Liga,2024,2025-04-05 16:30:00,Mallorca,Celta Vigo,H,0.670008,1.12056,1,2,-0.45055199999999995
27290,La_Liga,2024,2025-04-12 12:00:00,Mallorca,Real Sociedad,A,0.801126,0.616782,2,0,0.18434399999999995
27300,La_Liga,2024,2025-04-19 16:30:00,Mallorca,Leganes,H,1.06921,0.951824,0,0,0.11738599999999999
27305,La_Liga,2024,2025-04-22 19:30:00,Mallorca,Barcelona,A,0.326579,3.43457,0,1,-3.1079909999999997
27312,La_Liga,2024,2025-05-05 19:00:00,Mallorca,Girona,A,0.488126,1.77813,0,1,-1.290004
27328,La_Liga,2024,2025-05-10 16:30:00,Mallorca,Real Valladolid,H,1.75638,2.76393,2,1,-1.0075500000000002
27339,La_Liga,2024,2025-05-14 19:30:00,Mallorca,Real Madrid,A,0.475193,3.46174,1,2,-2.986547
27346,La_Liga,2024,2025-05-18 17:00:00,Mallorca,Getafe,H,0.809089,1.55977,1,2,-0.7506810000000002
27360,La_Liga,2024,2025-05-24 19:00:00,Mallorca,Rayo Vallecano,A,0.747939,2.11982,0,0,-1.3718809999999997
29160,La_Liga,2025,2025-08-16 17:30:00,Mallorca,Barcelona,H,0.529217,2.0243,0,3,-1.4950830000000002
29169,La_Liga,2025,2025-08-23 15:00:00,Mallorca,Celta Vigo,H,0.664974,0.917413,1,1,-0.2524390000000001
29184,La_Liga,2025,2025-08-30 19:30:00,Mallorca,Real Madrid,A,0.549872,1.84116,1,2,-1.2912879999999998
29198,La_Liga,2025,2025-09-15 19:00:00,Mallorca,Espanyol,A,2.03185,2.67405,2,3,-0.6421999999999999
29204,La_Liga,2025,2025-09-21 14:15:00,Mallorca,Atletico Madrid,H,0.530939,2.08772,1,1,-1.556781
29215,La_Liga,2025,2025-09-24 19:30:00,Mallorca,Real Sociedad,A,0.641137,2.82857,0,1,-2.187433
29224,La_Liga,2025,2025-09-27 16:30:00,Mallorca,Alaves,H,1.04267,0.566415,1,0,0.476255
29229,La_Liga,2025,2025-10-04 16:30:00,Mallorca,Athletic Club,A,0.213773,1.73351,1,2,-1.5197370000000001
29247,La_Liga,2025,2025-10-18 12:00:00,Mallorca,Sevilla,A,1.95555,1.25884,3,1,0.6967099999999999
29257,La_Liga,2025,2025-10-26 13:00:00,Mallorca,Levante,H,1.86979,2.3579,1,1,-0.4881099999999998
29261,La_Liga,2025,2025-11-02 20:00:00,Mallorca,Real Betis,A,0.749852,2.82134,0,3,-2.0714880000000004
29276,La_Liga,2025,2025-11-09 17:30:00,Mallorca,Getafe,H,1.30353,0.539674,1,0,0.7638560000000001
29287,La_Liga,2025,2025-11-22 20:00:00,Mallorca,Villarreal,A,1.38464,2.6371,1,2,-1.2524600000000001
29291,La_Liga,2025,2025-11-29 13:00:00,Mallorca,Osasuna,H,1.10581,1.11108,2,2,-0.005270000000000108
29306,La_Liga,2025,2025-12-05 20:00:00,Mallorca,Real Oviedo,A,0.617185,1.60009,0,0,-0.982905
29314,La_Liga,2025,2025-12-13 15:15:00,Mallorca,Elche,H,2.581,0.311674,3,1,2.269326
29327,La_Liga,2025,2025-12-19 20:00:00,Mallorca,Valencia,A,0.199412,2.16012,1,1,-1.9607080000000001
29336,La_Liga,2025,2026-01-04 17:30:00,Mallorca,Girona,H,1.48338,1.45714,1,2,0.02623999999999982
29347,La_Liga,2025,2026-01-11 13:00:00,Mallorca,Rayo Vallecano,A,1.05743,2.05105,1,2,-0.99362
29349,La_Liga,2025,2026-01-17 15:15:00,Mallorca,Athletic Club,H,3.11432,2.28242,3,2,0.8319000000000001
29360,La_Liga,2025,2026-01-25 13:00:00,Mallorca,Atletico Madrid,A,0.367893,1.42501,0,3,-1.057117
29369,La_Liga,2025,2026-02-02 20:00:00,Mallorca,Sevilla,H,3.04346,1.24318,4,1,1.80028
29381,La_Liga,2025,2026-02-07 15:15:00,Mallorca,Barcelona,A,1.01087,2.48168,0,3,-1.47081
29396,La_Liga,2025,2026-02-15 20:00:00,Mallorca,Real Betis,H,0.731317,2.04841,1,2,-1.317093
29403,La_Liga,2025,2026-02-22 17:30:00,Mallorca,Celta Vigo,A,0.0207331,2.93904,0,2,-2.9183068999999997
29411,La_Liga,2025,2026-02-28 17:30:00,Mallorca,Real Sociedad,H,0.754182,0.929702,0,1,-0.17552
29426,La_Liga,2025,2026-03-07 13:00:00,Mallorca,Osasuna,A,1.03165,3.09031,2,2,-2.05866
29435,La_Liga,2025,2026-03-15 13:00:00,Mallorca,Espanyol,H,2.1497,1.35243,2,1,0.7972700000000001
29440,La_Liga,2025,2026-03-21 13:00:00,Mallorca,Elche,A,1.51939,1.51605,1,2,0.0033400000000001207
29452,La_Liga,2025,2026-04-04 14:15:00,Mallorca,Real Madrid,H,1.03875,1.51454,2,1,-0.47578999999999994
29466,La_Liga,2025,2026-04-12 14:15:00,Mallorca,Rayo Vallecano,H,2.54659,1.97051,3,0,0.5760800000000001
29481,La_Liga,2025,2026-04-21 18:00:00,Mallorca,Valencia,H,2.24468,1.39393,1,1,0.8507499999999999
29473,La_Liga,2025,2026-04-25 12:00:00,Mallorca,Alaves,A,0.221499,1.40767,1,2,-1.1861709999999999
29497,La_Liga,2025,2026-05-01 19:00:00,Mallorca,Girona,A,1.30537,1.77655,1,0,-0.47118000000000015
29502,La_Liga,2025,2026-05-10 12:00:00,Mallorca,Villarreal,H,1.54058,0.9943,1,1,0.5462800000000001
29511,La_Liga,2025,2026-05-13 19:30:00,Mallorca,Getafe,A,0.412059,1.82108,1,3,-1.409021
29525,La_Liga,2025,2026-05-17 17:00:00,Mallorca,Levante,A,0.438978,2.43681,0,2,-1.9978319999999998
29537,La_Liga,2025,2026-05-23 19:00:00,Mallorca,Real Oviedo,H,3.50774,0.243154,3,0,3.264586
26986,La_Liga,2024,2024-08-17 17:00:00,Osasuna,Leganes,H,1.7631,1.33949,1,1,0.4236099999999998
26994,La_Liga,2024,2024-08-24 15:00:00,Osasuna,Mallorca,H,0.887678,0.427602,1,0,0.460076
27010,La_Liga,2024,2024-08-29 17:00:00,Osasuna,Girona,A,0.0199618,2.6015,0,4,-2.5815382000000002
27018,La_Liga,2024,2024-09-01 15:00:00,Osasuna,Celta Vigo,H,0.779621,1.72329,3,2,-0.943669
27030,La_Liga,2024,2024-09-16 19:00:00,Osasuna,Rayo Vallecano,A,0.530311,1.48433,1,3,-0.954019
27040,La_Liga,2024,2024-09-21 14:15:00,Osasuna,Las Palmas,H,1.97167,1.28282,2,1,0.68885
27050,La_Liga,2024,2024-09-24 17:00:00,Osasuna,Valencia,A,0.377552,1.17527,0,0,-0.797718
27056,La_Liga,2024,2024-09-28 19:00:00,Osasuna,Barcelona,H,2.50067,0.751814,4,2,1.748856
27062,La_Liga,2024,2024-10-05 14:15:00,Osasuna,Getafe,A,0.247706,1.34832,1,1,-1.100614
27079,La_Liga,2024,2024-10-19 14:15:00,Osasuna,Real Betis,H,2.21025,2.79181,1,2,-0.5815600000000001
27088,La_Liga,2024,2024-10-27 20:00:00,Osasuna,Real Sociedad,A,1.06487,1.6767,2,0,-0.6118300000000001
27096,La_Liga,2024,2024-11-02 13:00:00,Osasuna,Real Valladolid,H,3.21695,0.204092,1,0,3.012858
27109,La_Liga,2024,2024-11-09 13:00:00,Osasuna,Real Madrid,A,0.0678926,3.27315,0,4,-3.2052574
27114,La_Liga,2024,2024-11-24 13:00:00,Osasuna,Villarreal,H,1.3273,2.68193,2,2,-1.35463
27129,La_Liga,2024,2024-12-02 20:00:00,Osasuna,Sevilla,A,1.04839,1.09081,1,1,-0.042420000000000124
27141,La_Liga,2024,2024-12-08 17:30:00,Osasuna,Alaves,H,2.31345,1.50067,2,2,0.8127800000000001
27150,La_Liga,2024,2024-12-14 13:00:00,Osasuna,Espanyol,A,0.213917,0.298744,0,0,-0.08482700000000001
27159,La_Liga,2024,2024-12-21 17:30:00,Osasuna,Athletic Club,H,0.417557,1.18093,1,2,-0.7633730000000001
27163,La_Liga,2024,2025-01-12 15:15:00,Osasuna,Atletico Madrid,A,0.391974,2.28719,0,1,-1.8952159999999998
27174,La_Liga,2024,2025-01-19 17:30:00,Osasuna,Rayo Vallecano,H,0.660386,0.797534,1,1,-0.13714799999999994
27185,La_Liga,2024,2025-01-24 20:00:00,Osasuna,Las Palmas,A,2.53692,0.833212,1,1,1.7037079999999998
27195,La_Liga,2024,2025-02-02 17:30:00,Osasuna,Real Sociedad,H,1.11088,2.35115,2,1,-1.24027
27210,La_Liga,2024,2025-02-10 20:00:00,Osasuna,Mallorca,A,1.81967,1.17321,1,1,0.6464599999999998
27220,La_Liga,2024,2025-02-15 15:15:00,Osasuna,Real Madrid,H,1.64382,2.73344,1,1,-1.0896199999999998
27223,La_Liga,2024,2025-02-21 20:00:00,Osasuna,Celta Vigo,A,0.838476,2.31891,0,1,-1.4804339999999998
27234,La_Liga,2024,2025-03-02 20:00:00,Osasuna,Valencia,H,1.26777,1.54983,3,3,-0.28206
27258,La_Liga,2024,2025-03-16 17:30:00,Osasuna,Getafe,H,2.08486,0.900928,1,2,1.183932
27244,La_Liga,2024,2025-03-27 20:00:00,Osasuna,Barcelona,A,0.53356,4.63707,0,3,-4.10351
27269,La_Liga,2024,2025-03-30 17:30:00,Osasuna,Athletic Club,A,0.564979,0.759463,0,0,-0.194484
27275,La_Liga,2024,2025-04-07 19:00:00,Osasuna,Leganes,A,2.07408,2.22334,1,1,-0.14925999999999995
27289,La_Liga,2024,2025-04-13 12:00:00,Osasuna,Girona,H,1.68846,0.57428,2,1,1.1141800000000002
27297,La_Liga,2024,2025-04-20 12:00:00,Osasuna,Real Valladolid,A,2.36202,1.45455,3,2,0.9074699999999998
27309,La_Liga,2024,2025-04-24 17:00:00,Osasuna,Sevilla,H,0.373711,0.934425,1,0,-0.5607139999999999
27319,La_Liga,2024,2025-05-03 14:15:00,Osasuna,Villarreal,A,1.41412,2.30041,2,4,-0.8862899999999998
27325,La_Liga,2024,2025-05-11 19:00:00,Osasuna,Real Betis,A,2.2272,0.359348,1,1,1.8678519999999998
27335,La_Liga,2024,2025-05-15 17:00:00,Osasuna,Atletico Madrid,H,1.07473,1.34093,2,0,-0.2662
27351,La_Liga,2024,2025-05-18 17:00:00,Osasuna,Espanyol,H,1.92502,0.572332,2,0,1.3526880000000001
27356,La_Liga,2024,2025-05-24 19:00:00,Osasuna,Alaves,A,1.88098,1.57466,1,1,0.30632000000000015
29167,La_Liga,2025,2025-08-19 19:00:00,Osasuna,Real Madrid,A,0.201044,1.4294,0,1,-1.228356
29172,La_Liga,2025,2025-08-24 15:00:00,Osasuna,Valencia,H,0.946758,0.589594,1,0,0.35716400000000004
29187,La_Liga,2025,2025-08-31 17:30:00,Osasuna,Espanyol,A,1.38167,1.36886,0,1,0.012809999999999988
29197,La_Liga,2025,2025-09-14 16:30:00,Osasuna,Rayo Vallecano,H,1.4012,0.979149,2,0,0.42205099999999995
29207,La_Liga,2025,2025-09-20 16:30:00,Osasuna,Villarreal,A,1.95599,3.56395,1,2,-1.6079600000000003
29214,La_Liga,2025,2025-09-25 17:30:00,Osasuna,Elche,H,1.17524,1.05089,1,1,0.12434999999999996
29221,La_Liga,2025,2025-09-28 19:00:00,Osasuna,Real Betis,A,0.578485,1.18955,0,2,-0.6110650000000001
29235,La_Liga,2025,2025-10-03 19:00:00,Osasuna,Getafe,H,0.692026,0.856515,2,1,-0.164489
29239,La_Liga,2025,2025-10-18 19:00:00,Osasuna,Atletico Madrid,A,0.981492,2.24415,0,1,-1.2626579999999998
29255,La_Liga,2025,2025-10-26 17:30:00,Osasuna,Celta Vigo,H,2.318,1.54054,2,3,0.77746
29266,La_Liga,2025,2025-11-03 20:00:00,Osasuna,Real Oviedo,A,0.626317,0.717473,0,0,-0.09115600000000001
29277,La_Liga,2025,2025-11-08 15:15:00,Osasuna,Sevilla,A,0.967352,1.22271,0,1,-0.255358
29282,La_Liga,2025,2025-11-22 17:30:00,Osasuna,Real Sociedad,H,1.27964,1.76546,1,3,-0.4858199999999999
29291,La_Liga,2025,2025-11-29 13:00:00,Osasuna,Mallorca,A,1.11108,1.10581,2,2,0.005270000000000108
29305,La_Liga,2025,2025-12-08 20:00:00,Osasuna,Levante,H,1.74988,0.544977,2,0,1.204903
29310,La_Liga,2025,2025-12-13 17:30:00,Osasuna,Barcelona,A,0.228217,2.14468,0,2,-1.9164630000000002
29323,La_Liga,2025,2025-12-20 17:30:00,Osasuna,Alaves,H,2.39145,0.718671,3,0,1.6727789999999998
29331,La_Liga,2025,2026-01-03 15:15:00,Osasuna,Athletic Club,H,0.868051,1.554,1,1,-0.685949
29340,La_Liga,2025,2026-01-10 17:30:00,Osasuna,Girona,A,1.22674,0.984024,0,1,0.24271599999999993
29357,La_Liga,2025,2026-01-17 17:30:00,Osasuna,Real Oviedo,H,2.03551,1.36173,3,2,0.6737799999999998
29366,La_Liga,2025,2026-01-24 13:00:00,Osasuna,Rayo Vallecano,A,1.36861,0.669564,3,1,0.6990460000000001
29370,La_Liga,2025,2026-01-31 15:15:00,Osasuna,Villarreal,H,2.13467,0.911128,2,2,1.2235419999999997
29382,La_Liga,2025,2026-02-06 20:00:00,Osasuna,Celta Vigo,A,1.00253,2.0351,2,1,-1.03257
29388,La_Liga,2025,2026-02-13 20:00:00,Osasuna,Elche,A,0.81264,2.33332,0,0,-1.52068
29405,La_Liga,2025,2026-02-21 17:30:00,Osasuna,Real Madrid,H,2.31248,2.02307,2,1,0.2894099999999997
29417,La_Liga,2025,2026-03-01 15:15:00,Osasuna,Valencia,A,0.259132,1.31076,0,1,-1.051628
29426,La_Liga,2025,2026-03-07 13:00:00,Osasuna,Mallorca,H,3.09031,1.03165,2,2,2.05866
29437,La_Liga,2025,2026-03-15 20:00:00,Osasuna,Real Sociedad,A,0.615126,2.91429,1,3,-2.2991639999999998
29447,La_Liga,2025,2026-03-21 17:30:00,Osasuna,Girona,H,2.26232,0.232115,1,0,2.030205
29448,La_Liga,2025,2026-04-05 19:00:00,Osasuna,Alaves,A,1.61149,1.65967,2,2,-0.04817999999999989
29460,La_Liga,2025,2026-04-12 12:00:00,Osasuna,Real Betis,H,1.52928,0.411183,1,1,1.118097
29478,La_Liga,2025,2026-04-21 18:00:00,Osasuna,Athletic Club,A,1.39553,0.49013,0,1,0.9054
29476,La_Liga,2025,2026-04-26 16:30:00,Osasuna,Sevilla,H,2.14254,0.553816,2,1,1.588724
29488,La_Liga,2025,2026-05-02 19:00:00,Osasuna,Barcelona,H,1.28813,1.56763,1,2,-0.2795000000000001
29501,La_Liga,2025,2026-05-08 19:00:00,Osasuna,Levante,A,0.500111,3.53052,2,3,-3.030409
29514,La_Liga,2025,2026-05-12 19:30:00,Osasuna,Atletico Madrid,H,2.41049,1.8226,1,2,0.5878899999999998
29523,La_Liga,2025,2026-05-17 17:00:00,Osasuna,Espanyol,H,1.81152,0.947142,1,2,0.864378
29536,La_Liga,2025,2026-05-23 19:00:00,Osasuna,Getafe,A,0.800038,0.264137,0,1,0.535901
26988,La_Liga,2024,2024-08-18 17:00:00,Rayo Vallecano,Real Sociedad,A,1.60148,1.56608,2,1,0.0354000000000001
26996,La_Liga,2024,2024-08-24 19:30:00,Rayo Vallecano,Getafe,A,0.161076,0.512723,0,0,-0.35164700000000004
27004,La_Liga,2024,2024-08-27 19:30:00,Rayo Vallecano,Barcelona,H,0.392473,1.51872,1,2,-1.126247
27014,La_Liga,2024,2024-08-31 17:15:00,Rayo Vallecano,Espanyol,A,1.0088,1.84679,1,2,-0.83799
27030,La_Liga,2024,2024-09-16 19:00:00,Rayo Vallecano,Osasuna,H,1.48433,0.530311,3,1,0.954019
27036,La_Liga,2024,2024-09-22 19:00:00,Rayo Vallecano,Atletico Madrid,H,1.68952,0.554066,1,1,1.135454
27044,La_Liga,2024,2024-09-25 17:00:00,Rayo Vallecano,Girona,A,0.377734,2.1579,0,0,-1.7801660000000001
27060,La_Liga,2024,2024-09-28 14:15:00,Rayo Vallecano,Leganes,H,1.15229,0.852356,1,1,0.29993400000000003
27070,La_Liga,2024,2024-10-05 16:30:00,Rayo Vallecano,Real Valladolid,A,1.64746,1.65842,2,1,-0.01096000000000008
27077,La_Liga,2024,2024-10-20 12:00:00,Rayo Vallecano,Mallorca,A,0.464955,2.72076,0,1,-2.2558049999999996
27090,La_Liga,2024,2024-10-26 14:15:00,Rayo Vallecano,Alaves,H,2.89009,0.871439,1,0,2.0186509999999998
27110,La_Liga,2024,2024-11-08 20:00:00,Rayo Vallecano,Las Palmas,H,2.63982,1.25211,1,3,1.3877099999999998
27119,La_Liga,2024,2024-11-24 15:15:00,Rayo Vallecano,Sevilla,A,0.862262,1.57063,0,1,-0.708368
27125,La_Liga,2024,2024-12-01 17:30:00,Rayo Vallecano,Athletic Club,H,0.590024,0.556919,1,2,0.03310499999999994
27140,La_Liga,2024,2024-12-07 17:30:00,Rayo Vallecano,Valencia,A,1.02294,1.0002,1,0,0.022739999999999982
27144,La_Liga,2024,2024-12-14 20:00:00,Rayo Vallecano,Real Madrid,H,1.60769,1.15429,3,3,0.4534
27098,La_Liga,2024,2024-12-18 20:30:00,Rayo Vallecano,Villarreal,A,1.85712,2.52908,1,1,-0.6719599999999999
27153,La_Liga,2024,2024-12-22 20:00:00,Rayo Vallecano,Real Betis,A,0.878426,1.93031,1,1,-1.0518839999999998
27169,La_Liga,2024,2025-01-10 20:00:00,Rayo Vallecano,Celta Vigo,H,1.00439,3.25801,2,1,-2.25362
27174,La_Liga,2024,2025-01-19 17:30:00,Rayo Vallecano,Osasuna,A,0.797534,0.660386,1,1,0.13714799999999994
27189,La_Liga,2024,2025-01-26 13:00:00,Rayo Vallecano,Girona,H,3.01055,1.56182,2,1,1.4487299999999999
27197,La_Liga,2024,2025-01-31 20:00:00,Rayo Vallecano,Leganes,A,2.39088,1.00009,1,0,1.3907900000000002
27211,La_Liga,2024,2025-02-07 20:00:00,Rayo Vallecano,Real Valladolid,H,2.87261,0.610157,1,0,2.262453
27214,La_Liga,2024,2025-02-17 20:00:00,Rayo Vallecano,Barcelona,A,1.30941,2.82775,0,1,-1.51834
27224,La_Liga,2024,2025-02-22 15:15:00,Rayo Vallecano,Villarreal,H,0.514336,0.79404,0,1,-0.27970399999999995
27235,La_Liga,2024,2025-03-01 15:15:00,Rayo Vallecano,Sevilla,H,2.59009,0.807803,1,1,1.782287
27251,La_Liga,2024,2025-03-09 15:15:00,Rayo Vallecano,Real Madrid,A,1.21003,1.59439,1,2,-0.38436000000000003
27254,La_Liga,2024,2025-03-16 17:30:00,Rayo Vallecano,Real Sociedad,H,0.536859,0.905535,2,2,-0.368676
27266,La_Liga,2024,2025-03-29 17:30:00,Rayo Vallecano,Alaves,A,0.681703,1.60064,2,0,-0.9189370000000001
27281,La_Liga,2024,2025-04-04 19:00:00,Rayo Vallecano,Espanyol,H,0.501253,3.48741,0,4,-2.9861570000000004
27283,La_Liga,2024,2025-04-13 19:00:00,Rayo Vallecano,Athletic Club,A,1.81883,1.97654,1,3,-0.15771000000000002
27293,La_Liga,2024,2025-04-19 12:00:00,Rayo Vallecano,Valencia,H,0.722317,2.06284,1,1,-1.3405230000000001
27304,La_Liga,2024,2025-04-24 19:30:00,Rayo Vallecano,Atletico Madrid,A,1.13186,3.34529,0,3,-2.21343
27318,La_Liga,2024,2025-05-02 19:00:00,Rayo Vallecano,Getafe,H,1.2162,0.8041,1,0,0.4120999999999999
27329,La_Liga,2024,2025-05-09 19:00:00,Rayo Vallecano,Las Palmas,A,1.00781,0.721442,1,0,0.28636800000000007
27336,La_Liga,2024,2025-05-15 17:00:00,Rayo Vallecano,Real Betis,H,1.30199,1.17134,2,2,0.13064999999999993
27344,La_Liga,2024,2025-05-18 17:00:00,Rayo Vallecano,Celta Vigo,A,0.906857,2.4242,2,1,-1.5173429999999999
27360,La_Liga,2024,2025-05-24 19:00:00,Rayo Vallecano,Mallorca,H,2.11982,0.747939,0,0,1.3718809999999997
29158,La_Liga,2025,2025-08-15 17:00:00,Rayo Vallecano,Girona,A,3.25355,0.795304,3,1,2.458246
29176,La_Liga,2025,2025-08-25 17:30:00,Rayo Vallecano,Athletic Club,A,0.493587,1.68759,0,1,-1.194003
29188,La_Liga,2025,2025-08-31 19:30:00,Rayo Vallecano,Barcelona,H,1.87124,2.35774,1,1,-0.48650000000000015
29197,La_Liga,2025,2025-09-14 16:30:00,Rayo Vallecano,Osasuna,A,0.979149,1.4012,0,2,-0.42205099999999995
29205,La_Liga,2025,2025-09-21 12:00:00,Rayo Vallecano,Celta Vigo,H,1.3145,1.28175,1,1,0.03275000000000006
29216,La_Liga,2025,2025-09-24 19:30:00,Rayo Vallecano,Atletico Madrid,A,1.61988,4.95017,2,3,-3.3302899999999998
29223,La_Liga,2025,2025-09-28 12:00:00,Rayo Vallecano,Sevilla,H,1.89093,0.579597,0,1,1.3113329999999999
29237,La_Liga,2025,2025-10-05 16:30:00,Rayo Vallecano,Real Sociedad,A,0.684504,0.768998,1,0,-0.08449399999999996
29243,La_Liga,2025,2025-10-19 16:30:00,Rayo Vallecano,Levante,A,2.53118,0.940509,3,0,1.590671
29252,La_Liga,2025,2025-10-26 20:00:00,Rayo Vallecano,Alaves,H,1.54971,1.41466,1,0,0.1350499999999999
29267,La_Liga,2025,2025-11-01 13:00:00,Rayo Vallecano,Villarreal,A,1.08632,2.7136,0,4,-1.62728
29272,La_Liga,2025,2025-11-09 15:15:00,Rayo Vallecano,Real Madrid,H,1.60641,0.841463,0,0,0.7649469999999999
29283,La_Liga,2025,2025-11-23 13:00:00,Rayo Vallecano,Real Oviedo,A,0.922998,0.499406,0,0,0.42359199999999997
29292,La_Liga,2025,2025-12-01 20:00:00,Rayo Vallecano,Valencia,H,2.13298,0.897663,1,1,1.2353169999999998
29301,La_Liga,2025,2025-12-07 17:30:00,Rayo Vallecano,Espanyol,A,0.285545,1.57985,0,1,-1.294305
29313,La_Liga,2025,2025-12-15 20:00:00,Rayo Vallecano,Real Betis,H,2.1848,0.788766,0,0,1.3960340000000002
29320,La_Liga,2025,2025-12-21 17:30:00,Rayo Vallecano,Elche,A,1.14923,3.66996,0,4,-2.5207300000000004
29335,La_Liga,2025,2026-01-02 20:00:00,Rayo Vallecano,Getafe,H,0.662324,0.663898,1,1,-0.0015739999999999643
29347,La_Liga,2025,2026-01-11 13:00:00,Rayo Vallecano,Mallorca,H,2.05105,1.05743,2,1,0.99362
29353,La_Liga,2025,2026-01-18 17:30:00,Rayo Vallecano,Celta Vigo,A,1.31932,1.90274,0,3,-0.58342
29366,La_Liga,2025,2026-01-24 13:00:00,Rayo Vallecano,Osasuna,H,0.669564,1.36861,1,3,-0.6990460000000001
29377,La_Liga,2025,2026-02-01 13:00:00,Rayo Vallecano,Real Madrid,A,1.06935,2.30208,1,2,-1.23273
29394,La_Liga,2025,2026-02-15 15:15:00,Rayo Vallecano,Atletico Madrid,H,2.75329,0.752854,3,0,2.0004359999999997
29402,La_Liga,2025,2026-02-21 15:15:00,Rayo Vallecano,Real Betis,A,1.30345,2.13548,1,1,-0.8320299999999998
29413,La_Liga,2025,2026-02-28 13:00:00,Rayo Vallecano,Athletic Club,H,1.35951,0.428457,1,1,0.931053
29385,La_Liga,2025,2026-03-04 18:00:00,Rayo Vallecano,Real Oviedo,H,2.55086,1.01052,3,0,1.54034
29427,La_Liga,2025,2026-03-08 17:30:00,Rayo Vallecano,Sevilla,A,0.211673,1.14573,1,1,-0.9340569999999999
29436,La_Liga,2025,2026-03-16 20:00:00,Rayo Vallecano,Levante,H,1.68134,1.45599,1,1,0.22535000000000016
29441,La_Liga,2025,2026-03-22 13:00:00,Rayo Vallecano,Barcelona,A,2.19631,1.92205,0,1,0.27425999999999995
29456,La_Liga,2025,2026-04-03 19:00:00,Rayo Vallecano,Elche,H,1.51493,0.601974,1,0,0.9129560000000001
29466,La_Liga,2025,2026-04-12 14:15:00,Rayo Vallecano,Mallorca,A,1.97051,2.54659,0,3,-0.5760800000000001
29486,La_Liga,2025,2026-04-23 18:00:00,Rayo Vallecano,Espanyol,H,2.06977,1.68535,1,0,0.3844200000000002
29475,La_Liga,2025,2026-04-26 12:00:00,Rayo Vallecano,Real Sociedad,H,3.18496,2.39684,3,3,0.7881199999999997
29496,La_Liga,2025,2026-05-03 14:15:00,Rayo Vallecano,Getafe,A,0.954171,1.35219,2,0,-0.398019
29507,La_Liga,2025,2026-05-11 19:00:00,Rayo Vallecano,Girona,H,1.79488,1.12895,1,1,0.6659300000000001
29515,La_Liga,2025,2026-05-14 17:00:00,Rayo Vallecano,Valencia,A,1.53041,0.938336,1,1,0.5920740000000001
29526,La_Liga,2025,2026-05-17 17:00:00,Rayo Vallecano,Villarreal,H,1.92496,0.654975,2,0,1.2699850000000001
29528,La_Liga,2025,2026-05-23 19:00:00,Rayo Vallecano,Alaves,A,1.64691,1.72468,2,1,-0.0777699999999999
26983,La_Liga,2024,2024-08-15 19:30:00,Real Betis,Girona,H,1.80582,1.54726,1,1,0.2585599999999999
27000,La_Liga,2024,2024-08-25 17:15:00,Real Betis,Alaves,A,1.36012,0.172545,0,0,1.187575
27021,La_Liga,2024,2024-09-01 19:30:00,Real Betis,Real Madrid,A,0.831429,2.37168,0,2,-1.540251
27024,La_Liga,2024,2024-09-13 19:00:00,Real Betis,Leganes,H,1.72201,0.107021,2,0,1.614989
27007,La_Liga,2024,2024-09-18 17:00:00,Real Betis,Getafe,H,3.06176,0.864309,2,1,2.197451
27033,La_Liga,2024,2024-09-23 19:00:00,Real Betis,Mallorca,H,1.37084,1.4369,1,2,-0.06606000000000001
27049,La_Liga,2024,2024-09-26 17:00:00,Real Betis,Las Palmas,A,2.66646,1.10799,1,1,1.5584699999999998
27061,La_Liga,2024,2024-09-29 16:30:00,Real Betis,Espanyol,H,1.97922,0.569387,1,0,1.409833
27068,La_Liga,2024,2024-10-06 16:30:00,Real Betis,Sevilla,A,0.436615,1.8284,0,1,-1.391785
27079,La_Liga,2024,2024-10-19 14:15:00,Real Betis,Osasuna,A,2.79181,2.21025,2,1,0.5815600000000001
27084,La_Liga,2024,2024-10-27 17:30:00,Real Betis,Atletico Madrid,H,2.20384,0.555217,1,0,1.6486230000000002
27092,La_Liga,2024,2024-11-03 20:00:00,Real Betis,Athletic Club,A,1.54499,4.2033,1,1,-2.6583099999999993
27103,La_Liga,2024,2024-11-10 13:00:00,Real Betis,Celta Vigo,H,1.65065,0.941675,2,2,0.7089749999999999
27118,La_Liga,2024,2024-11-23 13:00:00,Real Betis,Valencia,A,1.05242,1.67338,2,4,-0.6209600000000002
27130,La_Liga,2024,2024-12-01 20:00:00,Real Betis,Real Sociedad,A,0.366137,0.818081,0,2,-0.45194399999999996
27139,La_Liga,2024,2024-12-07 15:15:00,Real Betis,Barcelona,H,2.76257,1.54117,2,2,1.2214000000000003
27148,La_Liga,2024,2024-12-15 17:30:00,Real Betis,Villarreal,A,1.6735,1.60957,2,1,0.06393000000000004
27153,La_Liga,2024,2024-12-22 20:00:00,Real Betis,Rayo Vallecano,H,1.93031,0.878426,1,1,1.0518839999999998
27168,La_Liga,2024,2025-01-11 15:15:00,Real Betis,Real Valladolid,A,1.03813,1.62446,0,1,-0.58633
27181,La_Liga,2024,2025-01-18 17:30:00,Real Betis,Alaves,H,0.501492,1.6539,1,3,-1.1524079999999999
27187,La_Liga,2024,2025-01-25 13:00:00,Real Betis,Mallorca,A,0.59491,0.789384,1,0,-0.19447399999999992
27198,La_Liga,2024,2025-02-02 20:00:00,Real Betis,Athletic Club,H,1.31717,1.75905,2,2,-0.44188000000000005
27207,La_Liga,2024,2025-02-08 13:00:00,Real Betis,Celta Vigo,A,1.51159,1.75134,2,3,-0.2397499999999999
27218,La_Liga,2024,2025-02-16 20:00:00,Real Betis,Real Sociedad,H,2.49445,0.20529,3,0,2.28916
27227,La_Liga,2024,2025-02-23 17:30:00,Real Betis,Getafe,A,2.34571,0.86267,2,1,1.48304
27233,La_Liga,2024,2025-03-01 17:30:00,Real Betis,Real Madrid,H,2.23957,1.05072,2,1,1.18885
27245,La_Liga,2024,2025-03-09 17:30:00,Real Betis,Las Palmas,H,2.31412,0.426529,1,0,1.887591
27256,La_Liga,2024,2025-03-16 13:00:00,Real Betis,Leganes,A,2.92809,1.57329,3,2,1.3548
27271,La_Liga,2024,2025-03-30 20:00:00,Real Betis,Sevilla,H,0.894203,0.867589,2,1,0.026613999999999916
27272,La_Liga,2024,2025-04-05 19:00:00,Real Betis,Barcelona,A,0.249939,1.46844,1,1,-1.218501
27285,La_Liga,2024,2025-04-13 16:30:00,Real Betis,Villarreal,H,2.04046,1.32607,1,2,0.7143899999999999
27296,La_Liga,2024,2025-04-21 19:00:00,Real Betis,Girona,A,2.28252,1.10326,3,1,1.17926
27306,La_Liga,2024,2025-04-24 19:30:00,Real Betis,Real Valladolid,H,2.26702,0.839722,5,1,1.427298
27321,La_Liga,2024,2025-05-04 16:30:00,Real Betis,Espanyol,A,1.05631,0.873167,2,1,0.18314300000000006
27325,La_Liga,2024,2025-05-11 19:00:00,Real Betis,Osasuna,H,0.359348,2.2272,1,1,-1.8678519999999998
27336,La_Liga,2024,2025-05-15 17:00:00,Real Betis,Rayo Vallecano,A,1.17134,1.30199,2,2,-0.13064999999999993
27342,La_Liga,2024,2025-05-18 17:00:00,Real Betis,Atletico Madrid,A,0.821908,4.94276,1,4,-4.120852
27354,La_Liga,2024,2025-05-23 19:00:00,Real Betis,Valencia,H,1.15286,0.647724,1,1,0.505136
29166,La_Liga,2025,2025-08-18 19:00:00,Real Betis,Elche,A,1.59562,0.981494,1,1,0.6141260000000001
29168,La_Liga,2025,2025-08-22 19:30:00,Real Betis,Alaves,H,2.13985,1.43838,1,0,0.70147
29178,La_Liga,2025,2025-08-27 19:00:00,Real Betis,Celta Vigo,A,0.714458,0.905201,1,1,-0.190743
29186,La_Liga,2025,2025-08-31 17:00:00,Real Betis,Athletic Club,H,0.716186,1.11141,1,2,-0.395224
29191,La_Liga,2025,2025-09-14 14:15:00,Real Betis,Levante,A,2.19546,1.02425,2,2,1.17121
29200,La_Liga,2025,2025-09-19 19:00:00,Real Betis,Real Sociedad,H,2.53579,0.606673,3,1,1.929117
29221,La_Liga,2025,2025-09-28 19:00:00,Real Betis,Osasuna,H,1.18955,0.578485,2,0,0.6110650000000001
29234,La_Liga,2025,2025-10-05 16:30:00,Real Betis,Espanyol,A,1.43721,2.0699,2,1,-0.63269
29245,La_Liga,2025,2025-10-18 16:30:00,Real Betis,Villarreal,A,0.895532,0.980598,2,2,-0.08506599999999997
29253,La_Liga,2025,2025-10-27 20:00:00,Real Betis,Atletico Madrid,H,1.33792,0.876554,0,2,0.46136599999999994
29261,La_Liga,2025,2025-11-02 20:00:00,Real Betis,Mallorca,H,2.82134,0.749852,3,0,2.0714880000000004
29275,La_Liga,2025,2025-11-09 17:30:00,Real Betis,Valencia,A,1.58932,1.95148,1,1,-0.36216000000000004
29279,La_Liga,2025,2025-11-23 15:15:00,Real Betis,Girona,H,1.5784,1.48903,1,1,0.08936999999999995
29296,La_Liga,2025,2025-11-30 15:15:00,Real Betis,Sevilla,A,1.17861,0.735196,2,0,0.443414
29302,La_Liga,2025,2025-12-06 17:30:00,Real Betis,Barcelona,H,2.74214,3.30288,3,5,-0.56074
29313,La_Liga,2025,2025-12-15 20:00:00,Real Betis,Rayo Vallecano,A,0.788766,2.1848,0,0,-1.3960340000000002
29319,La_Liga,2025,2025-12-21 20:00:00,Real Betis,Getafe,H,3.46022,1.24726,4,0,2.21296
29334,La_Liga,2025,2026-01-04 15:15:00,Real Betis,Real Madrid,A,0.974623,3.0073,1,5,-2.0326769999999996
29343,La_Liga,2025,2026-01-10 13:00:00,Real Betis,Real Oviedo,A,2.70809,1.01026,1,1,1.69783
29352,La_Liga,2025,2026-01-17 20:00:00,Real Betis,Villarreal,H,1.34951,1.17907,2,0,0.17043999999999992
29359,La_Liga,2025,2026-01-25 20:00:00,Real Betis,Alaves,A,1.78662,1.67102,1,2,0.11560000000000015
29368,La_Liga,2025,2026-02-01 15:15:00,Real Betis,Valencia,H,2.16883,1.88674,2,1,0.28208999999999973
29380,La_Liga,2025,2026-02-08 17:30:00,Real Betis,Atletico Madrid,A,0.839838,0.625525,1,0,0.21431299999999998
29396,La_Liga,2025,2026-02-15 20:00:00,Real Betis,Mallorca,A,2.04841,0.731317,2,1,1.317093
29402,La_Liga,2025,2026-02-21 15:15:00,Real Betis,Rayo Vallecano,H,2.13548,1.30345,1,1,0.8320299999999998
29409,La_Liga,2025,2026-03-01 17:30:00,Real Betis,Sevilla,H,1.48441,0.656164,2,2,0.828246
29423,La_Liga,2025,2026-03-08 15:15:00,Real Betis,Getafe,A,1.24912,0.821088,0,2,0.42803199999999997
29431,La_Liga,2025,2026-03-15 17:30:00,Real Betis,Celta Vigo,H,1.87752,0.646702,1,1,1.2308180000000002
29439,La_Liga,2025,2026-03-22 17:30:00,Real Betis,Athletic Club,A,0.591202,1.92715,1,2,-1.335948
29450,La_Liga,2025,2026-04-04 16:30:00,Real Betis,Espanyol,H,2.00215,0.144091,0,0,1.858059
29460,La_Liga,2025,2026-04-12 12:00:00,Real Betis,Osasuna,A,0.411183,1.52928,1,1,-1.118097
29485,La_Liga,2025,2026-04-21 19:30:00,Real Betis,Girona,A,1.24954,1.72891,3,2,-0.47936999999999985
29474,La_Liga,2025,2026-04-24 19:00:00,Real Betis,Real Madrid,H,1.01953,1.09576,1,1,-0.07623000000000002
29492,La_Liga,2025,2026-05-03 16:30:00,Real Betis,Real Oviedo,H,1.86882,1.14971,3,0,0.7191099999999999
29504,La_Liga,2025,2026-05-09 19:00:00,Real Betis,Real Sociedad,A,1.78903,2.66557,2,2,-0.8765400000000003
29509,La_Liga,2025,2026-05-12 18:00:00,Real Betis,Elche,H,1.97559,0.342743,2,1,1.632847
29519,La_Liga,2025,2026-05-17 17:00:00,Real Betis,Barcelona,A,0.985477,1.59946,1,3,-0.6139830000000001
29529,La_Liga,2025,2026-05-23 19:00:00,Real Betis,Levante,H,1.8664,2.36717,2,1,-0.5007700000000002
26989,La_Liga,2024,2024-08-18 19:30:00,Real Madrid,Mallorca,A,0.608052,1.30561,1,1,-0.6975579999999999
26998,La_Liga,2024,2024-08-25 15:00:00,Real Madrid,Real Valladolid,H,2.17954,0.378528,3,0,1.8010119999999998
27011,La_Liga,2024,2024-08-29 19:30:00,Real Madrid,Las Palmas,A,3.28322,0.809213,1,1,2.4740070000000003
27021,La_Liga,2024,2024-09-01 19:30:00,Real Madrid,Real Betis,H,2.37168,0.831429,2,0,1.540251
27031,La_Liga,2024,2024-09-14 19:00:00,Real Madrid,Real Sociedad,A,2.2759,1.41828,2,0,0.85762
27041,La_Liga,2024,2024-09-21 19:00:00,Real Madrid,Espanyol,H,4.89487,0.318831,4,1,4.576039
27051,La_Liga,2024,2024-09-24 19:00:00,Real Madrid,Alaves,H,1.79791,0.853455,3,2,0.9444549999999999
27053,La_Liga,2024,2024-09-29 19:00:00,Real Madrid,Atletico Madrid,A,0.660987,1.05477,1,1,-0.393783
27063,La_Liga,2024,2024-10-05 19:00:00,Real Madrid,Villarreal,H,0.459582,1.4618,2,0,-1.002218
27075,La_Liga,2024,2024-10-19 19:00:00,Real Madrid,Celta Vigo,A,1.19816,1.79112,2,1,-0.5929600000000002
27085,La_Liga,2024,2024-10-26 19:00:00,Real Madrid,Barcelona,H,1.40359,2.51566,0,4,-1.1120700000000001
27109,La_Liga,2024,2024-11-09 13:00:00,Real Madrid,Osasuna,H,3.27315,0.0678926,4,0,3.2052574
27116,La_Liga,2024,2024-11-24 17:30:00,Real Madrid,Leganes,A,2.73014,0.108948,3,0,2.621192
27127,La_Liga,2024,2024-12-01 15:15:00,Real Madrid,Getafe,H,3.23626,0.34657,2,0,2.8896900000000003
27162,La_Liga,2024,2024-12-04 20:00:00,Real Madrid,Athletic Club,A,1.97732,2.08134,1,2,-0.10402
27137,La_Liga,2024,2024-12-07 20:00:00,Real Madrid,Girona,A,1.16034,0.351337,3,0,0.8090029999999999
27144,La_Liga,2024,2024-12-14 20:00:00,Real Madrid,Rayo Vallecano,A,1.15429,1.60769,3,3,-0.4534
27157,La_Liga,2024,2024-12-22 15:15:00,Real Madrid,Sevilla,H,2.90098,1.41183,4,2,1.4891500000000002
27099,La_Liga,2024,2025-01-03 20:00:00,Real Madrid,Valencia,A,2.69157,1.35313,2,1,1.33844
27180,La_Liga,2024,2025-01-19 15:15:00,Real Madrid,Las Palmas,H,6.40549,1.06201,4,1,5.3434800000000005
27190,La_Liga,2024,2025-01-25 20:00:00,Real Madrid,Real Valladolid,A,2.45677,0.234653,3,0,2.222117
27201,La_Liga,2024,2025-02-01 20:00:00,Real Madrid,Espanyol,A,1.52796,0.52719,0,1,1.00077
27205,La_Liga,2024,2025-02-08 20:00:00,Real Madrid,Atletico Madrid,H,2.55575,1.62463,1,1,0.9311200000000002
27220,La_Liga,2024,2025-02-15 15:15:00,Real Madrid,Osasuna,A,2.73344,1.64382,1,1,1.0896199999999998
27228,La_Liga,2024,2025-02-23 15:15:00,Real Madrid,Girona,H,2.36313,0.325619,2,0,2.037511
27233,La_Liga,2024,2025-03-01 17:30:00,Real Madrid,Real Betis,A,1.05072,2.23957,1,2,-1.18885
27251,La_Liga,2024,2025-03-09 15:15:00,Real Madrid,Rayo Vallecano,H,1.59439,1.21003,2,1,0.38436000000000003
27259,La_Liga,2024,2025-03-15 17:30:00,Real Madrid,Villarreal,A,1.10001,2.00539,2,1,-0.9053799999999999
27268,La_Liga,2024,2025-03-29 20:00:00,Real Madrid,Leganes,H,3.59257,2.38359,3,2,1.20898
27273,La_Liga,2024,2025-04-05 14:15:00,Real Madrid,Valencia,H,3.36121,1.08997,1,2,2.2712399999999997
27287,La_Liga,2024,2025-04-13 14:15:00,Real Madrid,Alaves,A,1.26541,0.607781,1,0,0.6576289999999999
27294,La_Liga,2024,2025-04-20 19:00:00,Real Madrid,Athletic Club,H,2.40667,0.132511,1,0,2.274159
27308,La_Liga,2024,2025-04-23 19:30:00,Real Madrid,Getafe,A,1.74803,2.53565,1,0,-0.78762
27317,La_Liga,2024,2025-05-04 12:00:00,Real Madrid,Celta Vigo,H,3.07408,2.13071,3,2,0.9433699999999998
27324,La_Liga,2024,2025-05-11 14:15:00,Real Madrid,Barcelona,A,2.5616,4.10632,3,4,-1.5447200000000003
27339,La_Liga,2024,2025-05-14 19:30:00,Real Madrid,Mallorca,H,3.46174,0.475193,2,1,2.986547
27348,La_Liga,2024,2025-05-18 17:00:00,Real Madrid,Sevilla,A,1.95992,0.484891,2,0,1.4750290000000001
27355,La_Liga,2024,2025-05-24 14:15:00,Real Madrid,Real Sociedad,H,2.61915,1.18496,2,0,1.4341899999999999
29167,La_Liga,2025,2025-08-19 19:00:00,Real Madrid,Osasuna,H,1.4294,0.201044,1,0,1.228356
29175,La_Liga,2025,2025-08-24 19:30:00,Real Madrid,Real Oviedo,A,1.82072,0.33749,3,0,1.4832299999999998
29184,La_Liga,2025,2025-08-30 19:30:00,Real Madrid,Mallorca,H,1.84116,0.549872,2,1,1.2912879999999998
29195,La_Liga,2025,2025-09-13 14:15:00,Real Madrid,Real Sociedad,A,2.54171,3.14772,2,1,-0.6060099999999999
29206,La_Liga,2025,2025-09-20 14:15:00,Real Madrid,Espanyol,H,2.06136,0.969443,2,0,1.091917
29210,La_Liga,2025,2025-09-23 19:30:00,Real Madrid,Levante,A,4.06315,1.70121,4,1,2.36194
29219,La_Liga,2025,2025-09-27 14:15:00,Real Madrid,Atletico Madrid,A,1.02797,2.79075,2,5,-1.76278
29231,La_Liga,2025,2025-10-04 19:00:00,Real Madrid,Villarreal,H,4.32336,0.956644,3,1,3.3667160000000003
29242,La_Liga,2025,2025-10-19 19:00:00,Real Madrid,Getafe,A,2.14595,0.530119,1,0,1.615831
29254,La_Liga,2025,2025-10-26 15:15:00,Real Madrid,Barcelona,H,3.41322,1.12434,2,1,2.28888
29263,La_Liga,2025,2025-11-01 20:00:00,Real Madrid,Valencia,H,2.89965,0.292177,4,0,2.6074729999999997
29272,La_Liga,2025,2025-11-09 15:15:00,Real Madrid,Rayo Vallecano,A,0.841463,1.60641,0,0,-0.7649469999999999
29280,La_Liga,2025,2025-11-23 20:00:00,Real Madrid,Elche,A,3.88258,1.59518,2,2,2.2874
29290,La_Liga,2025,2025-11-30 20:00:00,Real Madrid,Girona,A,2.21359,1.05171,1,1,1.16188
29338,La_Liga,2025,2025-12-03 18:00:00,Real Madrid,Athletic Club,A,2.36743,0.917315,3,0,1.4501150000000003
29303,La_Liga,2025,2025-12-07 20:00:00,Real Madrid,Celta Vigo,H,2.41681,1.60908,0,2,0.8077299999999998
29308,La_Liga,2025,2025-12-14 20:00:00,Real Madrid,Alaves,A,1.90656,1.313,2,1,0.5935600000000001
29322,La_Liga,2025,2025-12-20 20:00:00,Real Madrid,Sevilla,H,4.00139,1.51418,2,0,2.4872099999999997
29334,La_Liga,2025,2026-01-04 15:15:00,Real Madrid,Real Betis,H,3.0073,0.974623,5,1,2.0326769999999996
29351,La_Liga,2025,2026-01-17 13:00:00,Real Madrid,Levante,H,2.54865,0.787501,2,0,1.7611489999999999
29367,La_Liga,2025,2026-01-24 20:00:00,Real Madrid,Villarreal,A,1.62206,0.952831,2,0,0.6692290000000001
29377,La_Liga,2025,2026-02-01 13:00:00,Real Madrid,Rayo Vallecano,H,2.30208,1.06935,2,1,1.23273
29387,La_Liga,2025,2026-02-08 20:00:00,Real Madrid,Valencia,A,1.04576,0.571838,2,0,0.47392200000000007
29391,La_Liga,2025,2026-02-14 20:00:00,Real Madrid,Real Sociedad,H,3.05918,1.66018,4,1,1.399
29405,La_Liga,2025,2026-02-21 17:30:00,Real Madrid,Osasuna,A,2.02307,2.31248,1,2,-0.2894099999999997
29416,La_Liga,2025,2026-03-02 20:00:00,Real Madrid,Getafe,H,2.02274,0.476324,0,1,1.5464160000000002
29420,La_Liga,2025,2026-03-06 20:00:00,Real Madrid,Celta Vigo,A,0.637644,0.910298,2,1,-0.27265400000000006
29434,La_Liga,2025,2026-03-14 20:00:00,Real Madrid,Elche,H,1.72531,1.3711,4,1,0.3542099999999999
29446,La_Liga,2025,2026-03-22 20:00:00,Real Madrid,Atletico Madrid,H,2.96605,1.40234,3,2,1.5637100000000002
29452,La_Liga,2025,2026-04-04 14:15:00,Real Madrid,Mallorca,A,1.51454,1.03875,1,2,0.47578999999999994
29462,La_Liga,2025,2026-04-10 19:00:00,Real Madrid,Girona,H,1.98086,0.46667,1,1,1.5141900000000001
29483,La_Liga,2025,2026-04-21 19:30:00,Real Madrid,Alaves,H,1.504,1.62967,2,1,-0.12566999999999995
29474,La_Liga,2025,2026-04-24 19:00:00,Real Madrid,Real Betis,A,1.09576,1.01953,1,1,0.07623000000000002
29494,La_Liga,2025,2026-05-03 19:00:00,Real Madrid,Espanyol,A,1.5023,1.09007,2,0,0.4122299999999999
29500,La_Liga,2025,2026-05-10 19:00:00,Real Madrid,Barcelona,A,0.562101,1.72002,0,2,-1.1579190000000001
29517,La_Liga,2025,2026-05-14 19:30:00,Real Madrid,Real Oviedo,H,1.74088,1.18679,2,0,0.55409
29524,La_Liga,2025,2026-05-17 17:00:00,Real Madrid,Sevilla,A,1.47378,0.683481,1,0,0.7902990000000001
29532,La_Liga,2025,2026-05-23 19:00:00,Real Madrid,Athletic Club,H,1.95397,1.4543,4,2,0.49967000000000006
29159,La_Liga,2025,2025-08-15 19:30:00,Real Oviedo,Villarreal,A,0.85578,2.60739,0,2,-1.7516100000000001
29175,La_Liga,2025,2025-08-24 19:30:00,Real Oviedo,Real Madrid,H,0.33749,1.82072,0,3,-1.4832299999999998
29182,La_Liga,2025,2025-08-30 17:00:00,Real Oviedo,Real Sociedad,H,0.45706,0.92221,1,0,-0.46514999999999995
29190,La_Liga,2025,2025-09-13 12:00:00,Real Oviedo,Getafe,A,0.369812,0.954087,0,2,-0.5842750000000001
29201,La_Liga,2025,2025-09-21 16:30:00,Real Oviedo,Elche,A,1.10565,1.57497,0,1,-0.46931999999999996
29213,La_Liga,2025,2025-09-25 19:30:00,Real Oviedo,Barcelona,H,1.45014,2.07001,1,3,-0.6198699999999999
29218,La_Liga,2025,2025-09-29 19:00:00,Real Oviedo,Valencia,A,0.997143,1.72261,2,1,-0.725467
29236,La_Liga,2025,2025-10-04 12:00:00,Real Oviedo,Levante,H,1.08551,1.62121,0,2,-0.5357000000000001
29246,La_Liga,2025,2025-10-17 19:00:00,Real Oviedo,Espanyol,H,1.21155,4.46256,0,2,-3.25101
29249,La_Liga,2025,2025-10-25 12:00:00,Real Oviedo,Girona,A,2.22406,2.24132,3,3,-0.01725999999999983
29266,La_Liga,2025,2025-11-03 20:00:00,Real Oviedo,Osasuna,H,0.717473,0.626317,0,0,0.09115600000000001
29268,La_Liga,2025,2025-11-09 13:00:00,Real Oviedo,Athletic Club,A,0.182696,2.65219,0,1,-2.469494
29283,La_Liga,2025,2025-11-23 13:00:00,Real Oviedo,Rayo Vallecano,H,0.499406,0.922998,0,0,-0.42359199999999997
29288,La_Liga,2025,2025-11-29 20:00:00,Real Oviedo,Atletico Madrid,A,0.921985,2.40693,0,2,-1.484945
29306,La_Liga,2025,2025-12-05 20:00:00,Real Oviedo,Mallorca,H,1.60009,0.617185,0,0,0.982905
29317,La_Liga,2025,2025-12-14 13:00:00,Real Oviedo,Sevilla,A,0.416975,2.31899,0,4,-1.902015
29326,La_Liga,2025,2025-12-20 13:00:00,Real Oviedo,Celta Vigo,H,0.517531,0.600009,0,0,-0.08247800000000005
29328,La_Liga,2025,2026-01-04 17:30:00,Real Oviedo,Alaves,A,3.21906,1.56756,1,1,1.6514999999999997
29343,La_Liga,2025,2026-01-10 13:00:00,Real Oviedo,Real Betis,H,1.01026,2.70809,1,1,-1.69783
29357,La_Liga,2025,2026-01-17 17:30:00,Real Oviedo,Osasuna,A,1.36173,2.03551,2,3,-0.6737799999999998
29361,La_Liga,2025,2026-01-25 15:15:00,Real Oviedo,Barcelona,A,0.486404,2.59917,0,3,-2.112766
29375,La_Liga,2025,2026-01-31 13:00:00,Real Oviedo,Girona,H,1.26601,0.664225,1,0,0.6017850000000001
29393,La_Liga,2025,2026-02-15 13:00:00,Real Oviedo,Athletic Club,H,0.861013,1.20566,1,2,-0.3446469999999999
29407,La_Liga,2025,2026-02-21 13:00:00,Real Oviedo,Real Sociedad,A,1.75088,2.77486,3,3,-1.02398
29414,La_Liga,2025,2026-02-28 20:00:00,Real Oviedo,Atletico Madrid,H,1.50089,0.853142,0,1,0.6477480000000001
29385,La_Liga,2025,2026-03-04 18:00:00,Real Oviedo,Rayo Vallecano,A,1.01052,2.55086,0,3,-1.54034
29421,La_Liga,2025,2026-03-09 20:00:00,Real Oviedo,Espanyol,A,0.886689,1.55092,1,1,-0.6642310000000001
29432,La_Liga,2025,2026-03-14 17:30:00,Real Oviedo,Valencia,H,1.8648,0.486871,1,0,1.377929
29443,La_Liga,2025,2026-03-21 17:30:00,Real Oviedo,Levante,A,1.33569,2.92669,2,4,-1.5909999999999997
29453,La_Liga,2025,2026-04-05 16:30:00,Real Oviedo,Sevilla,H,0.785105,0.840736,1,0,-0.055630999999999986
29467,La_Liga,2025,2026-04-12 16:30:00,Real Oviedo,Celta Vigo,A,2.12846,1.15878,3,0,0.9696800000000001
29482,La_Liga,2025,2026-04-23 19:30:00,Real Oviedo,Villarreal,H,2.52849,3.25021,1,1,-0.7217199999999999
29471,La_Liga,2025,2026-04-26 14:15:00,Real Oviedo,Elche,H,0.772271,0.621829,1,2,0.15044200000000008
29492,La_Liga,2025,2026-05-03 16:30:00,Real Oviedo,Real Betis,A,1.14971,1.86882,0,3,-0.7191099999999999
29506,La_Liga,2025,2026-05-10 16:30:00,Real Oviedo,Getafe,H,0.570226,1.40609,0,0,-0.835864
29517,La_Liga,2025,2026-05-14 19:30:00,Real Oviedo,Real Madrid,A,1.18679,1.74088,0,2,-0.55409
29522,La_Liga,2025,2026-05-17 17:00:00,Real Oviedo,Alaves,H,0.631265,1.28286,0,1,-0.6515949999999999
29537,La_Liga,2025,2026-05-23 19:00:00,Real Oviedo,Mallorca,A,0.243154,3.50774,0,3,-3.264586
26988,La_Liga,2024,2024-08-18 17:00:00,Real Sociedad,Rayo Vallecano,H,1.56608,1.60148,1,2,-0.0354000000000001
26997,La_Liga,2024,2024-08-24 19:30:00,Real Sociedad,Espanyol,A,0.796104,1.79566,1,0,-0.999556
27008,La_Liga,2024,2024-08-28 19:30:00,Real Sociedad,Alaves,H,0.951647,2.62561,1,2,-1.673963
27020,La_Liga,2024,2024-09-01 17:15:00,Real Sociedad,Getafe,A,0.0209183,0.547095,0,0,-0.5261766999999999
27031,La_Liga,2024,2024-09-14 19:00:00,Real Sociedad,Real Madrid,H,1.41828,2.2759,0,2,-0.85762
27045,La_Liga,2024,2024-09-17 19:00:00,Real Sociedad,Mallorca,A,0.499139,1.56932,0,1,-1.070181
27039,La_Liga,2024,2024-09-21 12:00:00,Real Sociedad,Real Valladolid,A,1.3906,0.952589,0,0,0.43801100000000004
27055,La_Liga,2024,2024-09-28 16:30:00,Real Sociedad,Valencia,H,3.6853,0.805963,3,0,2.8793369999999996
27067,La_Liga,2024,2024-10-06 19:00:00,Real Sociedad,Atletico Madrid,H,1.08517,0.561748,1,1,0.5234219999999999
27076,La_Liga,2024,2024-10-19 16:30:00,Real Sociedad,Girona,A,1.86082,0.446152,1,0,1.4146679999999998
27088,La_Liga,2024,2024-10-27 20:00:00,Real Sociedad,Osasuna,H,1.6767,1.06487,0,2,0.6118300000000001
27100,La_Liga,2024,2024-11-03 17:30:00,Real Sociedad,Sevilla,A,1.21835,0.629505,2,0,0.5888450000000001
27108,La_Liga,2024,2024-11-10 20:00:00,Real Sociedad,Barcelona,H,1.88518,0.514102,1,0,1.3710780000000002
27112,La_Liga,2024,2024-11-24 20:00:00,Real Sociedad,Athletic Club,A,0.799084,1.65075,0,1,-0.8516659999999999
27130,La_Liga,2024,2024-12-01 20:00:00,Real Sociedad,Real Betis,H,0.818081,0.366137,2,0,0.45194399999999996
27133,La_Liga,2024,2024-12-08 13:00:00,Real Sociedad,Leganes,A,1.74462,0.463722,3,0,1.280898
27151,La_Liga,2024,2024-12-15 17:30:00,Real Sociedad,Las Palmas,H,1.24562,0.840973,0,0,0.404647
27154,La_Liga,2024,2024-12-21 15:15:00,Real Sociedad,Celta Vigo,A,0.314488,1.22165,0,2,-0.9071619999999999
27164,La_Liga,2024,2025-01-13 20:00:00,Real Sociedad,Villarreal,H,0.805968,1.22527,1,0,-0.41930200000000006
27179,La_Liga,2024,2025-01-19 20:00:00,Real Sociedad,Valencia,A,0.758224,1.77248,0,1,-1.014256
27188,La_Liga,2024,2025-01-26 15:15:00,Real Sociedad,Getafe,H,1.26074,2.01027,0,3,-0.7495299999999998
27195,La_Liga,2024,2025-02-02 17:30:00,Real Sociedad,Osasuna,A,2.35115,1.11088,1,2,1.24027
27202,La_Liga,2024,2025-02-09 17:30:00,Real Sociedad,Espanyol,H,1.67839,0.872507,2,1,0.805883
27218,La_Liga,2024,2025-02-16 20:00:00,Real Sociedad,Real Betis,A,0.20529,2.49445,0,3,-2.28916
27230,La_Liga,2024,2025-02-23 20:00:00,Real Sociedad,Leganes,H,1.0679,0.256673,3,0,0.8112270000000001
27232,La_Liga,2024,2025-03-02 15:15:00,Real Sociedad,Barcelona,A,0.0,3.63697,0,4,-3.63697
27247,La_Liga,2024,2025-03-09 20:00:00,Real Sociedad,Sevilla,H,0.803868,1.01162,0,1,-0.20775199999999994
27254,La_Liga,2024,2025-03-16 17:30:00,Real Sociedad,Rayo Vallecano,A,0.905535,0.536859,2,2,0.368676
27265,La_Liga,2024,2025-03-29 13:00:00,Real Sociedad,Real Valladolid,H,1.32811,1.29525,2,1,0.03285999999999989
27274,La_Liga,2024,2025-04-06 12:00:00,Real Sociedad,Las Palmas,A,2.81501,1.75387,3,1,1.06114
27290,La_Liga,2024,2025-04-12 12:00:00,Real Sociedad,Mallorca,H,0.616782,0.801126,0,2,-0.18434399999999995
27298,La_Liga,2024,2025-04-20 14:15:00,Real Sociedad,Villarreal,A,2.29777,2.14498,2,2,0.15278999999999998
27310,La_Liga,2024,2025-04-23 19:30:00,Real Sociedad,Alaves,A,0.472083,0.815479,0,1,-0.343396
27315,La_Liga,2024,2025-05-04 19:00:00,Real Sociedad,Athletic Club,H,0.893155,0.232928,0,0,0.660227
27323,La_Liga,2024,2025-05-10 19:00:00,Real Sociedad,Atletico Madrid,A,0.298675,1.71528,0,4,-1.416605
27337,La_Liga,2024,2025-05-13 18:00:00,Real Sociedad,Celta Vigo,H,3.31324,1.29945,0,1,2.01379
27347,La_Liga,2024,2025-05-18 17:00:00,Real Sociedad,Girona,H,1.87253,1.64512,3,2,0.2274100000000001
27355,La_Liga,2024,2025-05-24 14:15:00,Real Sociedad,Real Madrid,A,1.18496,2.61915,0,2,-1.4341899999999999
29162,La_Liga,2025,2025-08-16 19:30:00,Real Sociedad,Valencia,A,1.04897,1.58599,1,1,-0.53702
29174,La_Liga,2025,2025-08-24 17:30:00,Real Sociedad,Espanyol,H,1.43366,1.87234,2,2,-0.43867999999999996
29182,La_Liga,2025,2025-08-30 17:00:00,Real Sociedad,Real Oviedo,A,0.92221,0.45706,0,1,0.46514999999999995
29195,La_Liga,2025,2025-09-13 14:15:00,Real Sociedad,Real Madrid,H,3.14772,2.54171,1,2,0.6060099999999999
29200,La_Liga,2025,2025-09-19 19:00:00,Real Sociedad,Real Betis,A,0.606673,2.53579,1,3,-1.929117
29215,La_Liga,2025,2025-09-24 19:30:00,Real Sociedad,Mallorca,H,2.82857,0.641137,1,0,2.187433
29220,La_Liga,2025,2025-09-28 16:30:00,Real Sociedad,Barcelona,A,0.957079,3.00954,1,2,-2.052461
29237,La_Liga,2025,2025-10-05 16:30:00,Real Sociedad,Rayo Vallecano,H,0.768998,0.684504,0,1,0.08449399999999996
29241,La_Liga,2025,2025-10-19 14:15:00,Real Sociedad,Celta Vigo,A,2.13562,0.717367,1,1,1.418253
29250,La_Liga,2025,2025-10-24 19:00:00,Real Sociedad,Sevilla,H,1.64382,0.247146,2,1,1.396674
29264,La_Liga,2025,2025-11-01 17:30:00,Real Sociedad,Athletic Club,H,1.8412,1.13112,3,2,0.71008
29270,La_Liga,2025,2025-11-07 20:00:00,Real Sociedad,Elche,A,1.47221,0.808307,1,1,0.663903
29282,La_Liga,2025,2025-11-22 17:30:00,Real Sociedad,Osasuna,A,1.76546,1.27964,3,1,0.4858199999999999
29293,La_Liga,2025,2025-11-30 13:00:00,Real Sociedad,Villarreal,H,1.3715,1.63038,2,3,-0.25888
29298,La_Liga,2025,2025-12-06 15:15:00,Real Sociedad,Alaves,A,1.09935,1.88765,0,1,-0.7883
29316,La_Liga,2025,2025-12-12 20:00:00,Real Sociedad,Girona,H,1.02349,1.16894,1,2,-0.14545000000000008
29321,La_Liga,2025,2025-12-20 15:15:00,Real Sociedad,Levante,A,1.62986,1.22005,1,1,0.40981
29332,La_Liga,2025,2026-01-04 20:00:00,Real Sociedad,Atletico Madrid,H,1.70649,1.37325,1,1,0.33324
29339,La_Liga,2025,2026-01-09 20:00:00,Real Sociedad,Getafe,A,1.25801,0.240168,2,1,1.0178420000000001
29350,La_Liga,2025,2026-01-18 20:00:00,Real Sociedad,Barcelona,H,1.55875,3.92031,2,1,-2.36156
29362,La_Liga,2025,2026-01-25 17:30:00,Real Sociedad,Celta Vigo,H,2.15496,1.63115,3,1,0.5238099999999999
29376,La_Liga,2025,2026-02-01 20:00:00,Real Sociedad,Athletic Club,A,1.58578,0.893754,1,1,0.6920259999999999
29383,La_Liga,2025,2026-02-07 20:00:00,Real Sociedad,Elche,H,1.7719,1.08664,3,1,0.68526
29391,La_Liga,2025,2026-02-14 20:00:00,Real Sociedad,Real Madrid,A,1.66018,3.05918,1,4,-1.399
29407,La_Liga,2025,2026-02-21 13:00:00,Real Sociedad,Real Oviedo,H,2.77486,1.75088,3,3,1.02398
29411,La_Liga,2025,2026-02-28 17:30:00,Real Sociedad,Mallorca,A,0.929702,0.754182,1,0,0.17552
29419,La_Liga,2025,2026-03-07 17:30:00,Real Sociedad,Atletico Madrid,A,0.313932,3.57972,2,3,-3.265788
29437,La_Liga,2025,2026-03-15 20:00:00,Real Sociedad,Osasuna,H,2.91429,0.615126,3,1,2.2991639999999998
29438,La_Liga,2025,2026-03-20 20:00:00,Real Sociedad,Villarreal,A,0.894953,3.35586,1,3,-2.4609069999999997
29457,La_Liga,2025,2026-04-04 12:00:00,Real Sociedad,Levante,H,2.96404,0.320219,2,0,2.643821
29464,La_Liga,2025,2026-04-11 12:00:00,Real Sociedad,Alaves,H,1.295,1.206,3,3,0.08899999999999997
29487,La_Liga,2025,2026-04-22 18:00:00,Real Sociedad,Getafe,H,1.90157,0.215233,0,1,1.686337
29475,La_Liga,2025,2026-04-26 12:00:00,Real Sociedad,Rayo Vallecano,A,2.39684,3.18496,3,3,-0.7881199999999997
29490,La_Liga,2025,2026-05-04 19:00:00,Real Sociedad,Sevilla,A,0.166837,1.32018,0,1,-1.153343
29504,La_Liga,2025,2026-05-09 19:00:00,Real Sociedad,Real Betis,H,2.66557,1.78903,2,2,0.8765400000000003
29512,La_Liga,2025,2026-05-14 18:00:00,Real Sociedad,Girona,A,0.553216,2.68586,1,1,-2.132644
29521,La_Liga,2025,2026-05-17 17:00:00,Real Sociedad,Valencia,H,1.30267,1.99329,3,4,-0.69062
29531,La_Liga,2025,2026-05-23 19:00:00,Real Sociedad,Espanyol,A,1.23238,2.14307,1,1,-0.9106899999999998
26990,La_Liga,2024,2024-08-19 17:00:00,Real Valladolid,Espanyol,H,1.17753,0.515586,1,0,0.661944
26998,La_Liga,2024,2024-08-25 15:00:00,Real Valladolid,Real Madrid,A,0.378528,2.17954,0,3,-1.8010119999999998
27005,La_Liga,2024,2024-08-28 17:00:00,Real Valladolid,Leganes,H,0.773785,0.184577,0,0,0.589208
27012,La_Liga,2024,2024-08-31 15:00:00,Real Valladolid,Barcelona,A,0.422493,4.94022,0,7,-4.517727
27025,La_Liga,2024,2024-09-15 12:00:00,Real Valladolid,Celta Vigo,A,0.382657,1.99273,1,3,-1.6100729999999999
27039,La_Liga,2024,2024-09-21 12:00:00,Real Valladolid,Real Sociedad,H,0.952589,1.3906,0,0,-0.43801100000000004
27046,La_Liga,2024,2024-09-24 17:00:00,Real Valladolid,Sevilla,A,0.411515,1.67099,1,2,-1.259475
27057,La_Liga,2024,2024-09-27 19:00:00,Real Valladolid,Mallorca,H,1.31551,2.49026,1,2,-1.1747500000000002
27070,La_Liga,2024,2024-10-05 16:30:00,Real Valladolid,Rayo Vallecano,H,1.65842,1.64746,1,2,0.01096000000000008
27078,La_Liga,2024,2024-10-18 19:00:00,Real Valladolid,Alaves,A,2.33646,0.433035,3,2,1.9034250000000001
27089,La_Liga,2024,2024-10-26 12:00:00,Real Valladolid,Villarreal,H,0.97802,2.68435,1,2,-1.70633
27096,La_Liga,2024,2024-11-02 13:00:00,Real Valladolid,Osasuna,A,0.204092,3.21695,0,1,-3.012858
27106,La_Liga,2024,2024-11-10 17:30:00,Real Valladolid,Athletic Club,H,0.887674,1.487,1,1,-0.5993260000000001
27113,La_Liga,2024,2024-11-22 20:00:00,Real Valladolid,Getafe,A,0.729169,0.658487,0,2,0.07068199999999991
27126,La_Liga,2024,2024-11-30 20:00:00,Real Valladolid,Atletico Madrid,H,0.437294,3.40487,0,5,-2.9675759999999998
27138,La_Liga,2024,2024-12-07 13:00:00,Real Valladolid,Las Palmas,A,1.30835,1.27625,1,2,0.032099999999999795
27147,La_Liga,2024,2024-12-13 20:00:00,Real Valladolid,Valencia,H,0.531831,0.657242,1,0,-0.12541099999999994
27156,La_Liga,2024,2024-12-20 20:00:00,Real Valladolid,Girona,A,0.0119855,2.16439,0,3,-2.1524045
27168,La_Liga,2024,2025-01-11 15:15:00,Real Valladolid,Real Betis,H,1.62446,1.03813,1,0,0.58633
27172,La_Liga,2024,2025-01-17 20:00:00,Real Valladolid,Espanyol,A,1.72021,1.28839,1,2,0.4318200000000001
27190,La_Liga,2024,2025-01-25 20:00:00,Real Valladolid,Real Madrid,H,0.234653,2.45677,0,3,-2.222117
27196,La_Liga,2024,2025-02-01 15:15:00,Real Valladolid,Villarreal,A,0.747261,3.89354,1,5,-3.146279
27211,La_Liga,2024,2025-02-07 20:00:00,Real Valladolid,Rayo Vallecano,A,0.610157,2.87261,0,1,-2.262453
27215,La_Liga,2024,2025-02-16 15:15:00,Real Valladolid,Sevilla,H,0.532481,1.4827,0,4,-0.9502189999999999
27222,La_Liga,2024,2025-02-23 13:00:00,Real Valladolid,Athletic Club,A,0.598765,5.3162,1,7,-4.717435
27239,La_Liga,2024,2025-02-28 20:00:00,Real Valladolid,Las Palmas,H,2.17386,0.163235,1,1,2.010625
27248,La_Liga,2024,2025-03-08 17:30:00,Real Valladolid,Valencia,A,0.645621,2.37105,1,2,-1.7254289999999999
27257,La_Liga,2024,2025-03-15 13:00:00,Real Valladolid,Celta Vigo,H,0.839415,1.81654,0,1,-0.977125
27265,La_Liga,2024,2025-03-29 13:00:00,Real Valladolid,Real Sociedad,A,1.29525,1.32811,1,2,-0.03285999999999989
27279,La_Liga,2024,2025-04-06 16:30:00,Real Valladolid,Getafe,H,0.300994,2.80288,0,4,-2.501886
27284,La_Liga,2024,2025-04-14 19:00:00,Real Valladolid,Atletico Madrid,A,1.38016,4.06291,2,4,-2.6827499999999995
27297,La_Liga,2024,2025-04-20 12:00:00,Real Valladolid,Osasuna,H,1.45455,2.36202,2,3,-0.9074699999999998
27306,La_Liga,2024,2025-04-24 19:30:00,Real Valladolid,Real Betis,A,0.839722,2.26702,1,5,-1.427298
27316,La_Liga,2024,2025-05-03 19:00:00,Real Valladolid,Barcelona,H,0.745612,2.21168,1,2,-1.466068
27328,La_Liga,2024,2025-05-10 16:30:00,Real Valladolid,Mallorca,A,2.76393,1.75638,1,2,1.0075500000000002
27338,La_Liga,2024,2025-05-13 17:00:00,Real Valladolid,Girona,H,1.30694,1.56752,0,1,-0.26058000000000003
27349,La_Liga,2024,2025-05-18 17:00:00,Real Valladolid,Alaves,H,0.890453,1.22692,0,1,-0.33646699999999996
27357,La_Liga,2024,2025-05-24 16:30:00,Real Valladolid,Leganes,A,0.479375,1.74736,0,3,-1.267985
26985,La_Liga,2024,2024-08-16 19:30:00,Sevilla,Las Palmas,A,2.09987,1.3187,2,2,0.7811700000000001
26993,La_Liga,2024,2024-08-23 19:30:00,Sevilla,Villarreal,H,1.23826,1.39825,1,2,-0.15999000000000008
27003,La_Liga,2024,2024-08-27 17:00:00,Sevilla,Mallorca,A,0.60976,0.940858,0,0,-0.331098
27019,La_Liga,2024,2024-09-01 17:00:00,Sevilla,Girona,H,0.812687,2.36355,0,2,-1.550863
27029,La_Liga,2024,2024-09-14 16:30:00,Sevilla,Getafe,H,1.64801,0.971555,1,0,0.676455
27035,La_Liga,2024,2024-09-20 19:00:00,Sevilla,Alaves,A,0.623937,1.40641,1,2,-0.782473
27046,La_Liga,2024,2024-09-24 17:00:00,Sevilla,Real Valladolid,H,1.67099,0.411515,2,1,1.259475
27052,La_Liga,2024,2024-09-29 14:15:00,Sevilla,Athletic Club,A,1.24147,1.82961,1,1,-0.5881399999999999
27068,La_Liga,2024,2024-10-06 16:30:00,Sevilla,Real Betis,H,1.8284,0.436615,1,0,1.391785
27074,La_Liga,2024,2024-10-20 19:00:00,Sevilla,Barcelona,A,0.599652,4.08528,1,5,-3.485628
27091,La_Liga,2024,2024-10-25 19:00:00,Sevilla,Espanyol,A,0.813306,1.0292,2,0,-0.21589399999999992
27100,La_Liga,2024,2024-11-03 17:30:00,Sevilla,Real Sociedad,H,0.629505,1.21835,0,2,-0.5888450000000001
27105,La_Liga,2024,2024-11-09 21:00:00,Sevilla,Leganes,A,0.539924,1.09319,0,1,-0.5532660000000001
27119,La_Liga,2024,2024-11-24 15:15:00,Sevilla,Rayo Vallecano,H,1.57063,0.862262,1,0,0.708368
27129,La_Liga,2024,2024-12-02 20:00:00,Sevilla,Osasuna,H,1.09081,1.04839,1,1,0.042420000000000124
27135,La_Liga,2024,2024-12-08 20:00:00,Sevilla,Atletico Madrid,A,0.635773,2.32183,3,4,-1.686057
27145,La_Liga,2024,2024-12-14 17:30:00,Sevilla,Celta Vigo,H,0.487466,0.928845,1,0,-0.441379
27157,La_Liga,2024,2024-12-22 15:15:00,Sevilla,Real Madrid,A,1.41183,2.90098,2,4,-1.4891500000000002
27165,La_Liga,2024,2025-01-11 20:00:00,Sevilla,Valencia,H,0.734356,1.08107,1,1,-0.34671399999999997
27173,La_Liga,2024,2025-01-18 13:00:00,Sevilla,Girona,A,3.09224,1.14329,2,1,1.94895
27191,La_Liga,2024,2025-01-25 17:30:00,Sevilla,Espanyol,H,1.15013,1.27943,1,1,-0.12929999999999997
27193,La_Liga,2024,2025-02-01 13:00:00,Sevilla,Getafe,A,0.871043,0.922731,0,0,-0.051687999999999956
27206,La_Liga,2024,2025-02-09 20:00:00,Sevilla,Barcelona,H,0.921429,1.93199,1,4,-1.010561
27215,La_Liga,2024,2025-02-16 15:15:00,Sevilla,Real Valladolid,A,1.4827,0.532481,4,0,0.9502189999999999
27229,La_Liga,2024,2025-02-24 20:00:00,Sevilla,Mallorca,H,1.5822,1.64957,1,1,-0.06736999999999993
27235,La_Liga,2024,2025-03-01 15:15:00,Sevilla,Rayo Vallecano,A,0.807803,2.59009,1,1,-1.782287
27247,La_Liga,2024,2025-03-09 20:00:00,Sevilla,Real Sociedad,A,1.01162,0.803868,1,0,0.20775199999999994
27255,La_Liga,2024,2025-03-16 15:15:00,Sevilla,Athletic Club,H,0.459323,1.64488,0,1,-1.185557
27271,La_Liga,2024,2025-03-30 20:00:00,Sevilla,Real Betis,A,0.867589,0.894203,1,2,-0.026613999999999916
27277,La_Liga,2024,2025-04-06 14:15:00,Sevilla,Atletico Madrid,H,0.818692,1.23653,1,2,-0.41783799999999993
27291,La_Liga,2024,2025-04-11 19:00:00,Sevilla,Valencia,A,0.910522,1.42634,0,1,-0.5158179999999999
27299,La_Liga,2024,2025-04-20 16:30:00,Sevilla,Alaves,H,1.89613,1.30312,1,1,0.59301
27309,La_Liga,2024,2025-04-24 17:00:00,Sevilla,Osasuna,A,0.934425,0.373711,0,1,0.5607139999999999
27320,La_Liga,2024,2025-05-04 14:15:00,Sevilla,Leganes,H,2.33742,0.804853,2,2,1.5325669999999998
27326,La_Liga,2024,2025-05-10 14:15:00,Sevilla,Celta Vigo,A,2.61391,0.959531,2,3,1.654379
27340,La_Liga,2024,2025-05-13 19:30:00,Sevilla,Las Palmas,H,0.93125,0.399067,1,0,0.5321830000000001
27348,La_Liga,2024,2025-05-18 17:00:00,Sevilla,Real Madrid,H,0.484891,1.95992,0,2,-1.4750290000000001
27361,La_Liga,2024,2025-05-25 14:15:00,Sevilla,Villarreal,A,1.64829,1.28805,2,4,0.3602400000000001
29164,La_Liga,2025,2025-08-17 17:30:00,Sevilla,Athletic Club,A,0.901645,2.67586,2,3,-1.774215
29177,La_Liga,2025,2025-08-25 19:30:00,Sevilla,Getafe,H,0.833075,1.32944,1,2,-0.49636499999999995
29183,La_Liga,2025,2025-08-30 17:30:00,Sevilla,Girona,A,1.62032,2.00908,2,0,-0.38876
29189,La_Liga,2025,2025-09-12 19:00:00,Sevilla,Elche,H,0.346397,0.781151,2,2,-0.43475400000000003
29208,La_Liga,2025,2025-09-20 16:30:00,Sevilla,Alaves,A,0.891992,0.910257,2,1,-0.018264999999999976
29211,La_Liga,2025,2025-09-23 19:30:00,Sevilla,Villarreal,H,0.83617,2.40523,1,2,-1.56906
29223,La_Liga,2025,2025-09-28 12:00:00,Sevilla,Rayo Vallecano,A,0.579597,1.89093,1,0,-1.3113329999999999
29233,La_Liga,2025,2025-10-05 14:15:00,Sevilla,Barcelona,H,2.89414,2.4823,4,1,0.4118400000000002
29247,La_Liga,2025,2025-10-18 12:00:00,Sevilla,Mallorca,H,1.25884,1.95555,1,3,-0.6967099999999999
29250,La_Liga,2025,2025-10-24 19:00:00,Sevilla,Real Sociedad,A,0.247146,1.64382,1,2,-1.396674
29259,La_Liga,2025,2025-11-01 15:15:00,Sevilla,Atletico Madrid,A,0.376887,2.98632,0,3,-2.609433
29277,La_Liga,2025,2025-11-08 15:15:00,Sevilla,Osasuna,H,1.22271,0.967352,1,0,0.255358
29281,La_Liga,2025,2025-11-24 20:00:00,Sevilla,Espanyol,A,1.80002,1.16625,1,2,0.63377
29296,La_Liga,2025,2025-11-30 15:15:00,Sevilla,Real Betis,H,0.735196,1.17861,0,2,-0.443414
29307,La_Liga,2025,2025-12-07 15:15:00,Sevilla,Valencia,A,0.635478,1.23901,1,1,-0.603532
29317,La_Liga,2025,2025-12-14 13:00:00,Sevilla,Real Oviedo,H,2.31899,0.416975,4,0,1.902015
29322,La_Liga,2025,2025-12-20 20:00:00,Sevilla,Real Madrid,A,1.51418,4.00139,0,2,-2.4872099999999997
29337,La_Liga,2025,2026-01-04 13:00:00,Sevilla,Levante,H,1.66562,1.65102,0,3,0.014600000000000168
29344,La_Liga,2025,2026-01-12 20:00:00,Sevilla,Celta Vigo,H,0.262521,2.07629,0,1,-1.8137690000000002
29354,La_Liga,2025,2026-01-19 20:00:00,Sevilla,Elche,A,2.4961,1.48075,2,2,1.0153500000000002
29358,La_Liga,2025,2026-01-24 17:30:00,Sevilla,Athletic Club,H,1.43055,1.91259,2,1,-0.48204
29369,La_Liga,2025,2026-02-02 20:00:00,Sevilla,Mallorca,A,1.24318,3.04346,1,4,-1.80028
29386,La_Liga,2025,2026-02-08 15:15:00,Sevilla,Girona,H,0.958247,2.60199,1,1,-1.6437429999999997
29392,La_Liga,2025,2026-02-14 17:30:00,Sevilla,Alaves,H,0.354256,1.38983,1,1,-1.035574
29404,La_Liga,2025,2026-02-22 13:00:00,Sevilla,Getafe,A,0.283172,0.250539,1,0,0.03263299999999997
29409,La_Liga,2025,2026-03-01 17:30:00,Sevilla,Real Betis,A,0.656164,1.48441,2,2,-0.828246
29427,La_Liga,2025,2026-03-08 17:30:00,Sevilla,Rayo Vallecano,H,1.14573,0.211673,1,1,0.9340569999999999
29430,La_Liga,2025,2026-03-15 15:15:00,Sevilla,Barcelona,A,1.04304,3.8639,2,5,-2.82086
29444,La_Liga,2025,2026-03-21 20:00:00,Sevilla,Valencia,H,0.505411,1.7133,0,2,-1.207889
29453,La_Liga,2025,2026-04-05 16:30:00,Sevilla,Real Oviedo,A,0.840736,0.785105,0,1,0.055630999999999986
29463,La_Liga,2025,2026-04-11 19:00:00,Sevilla,Atletico Madrid,H,1.6578,0.855474,2,1,0.802326
29480,La_Liga,2025,2026-04-23 17:00:00,Sevilla,Levante,A,0.444478,1.2081,0,2,-0.763622
29476,La_Liga,2025,2026-04-26 16:30:00,Sevilla,Osasuna,A,0.553816,2.14254,1,2,-1.588724
29490,La_Liga,2025,2026-05-04 19:00:00,Sevilla,Real Sociedad,H,1.32018,0.166837,1,0,1.153343
29505,La_Liga,2025,2026-05-09 14:15:00,Sevilla,Espanyol,H,1.41747,0.402373,2,1,1.015097
29516,La_Liga,2025,2026-05-13 17:00:00,Sevilla,Villarreal,A,0.917489,0.952333,3,2,-0.034843999999999986
29524,La_Liga,2025,2026-05-17 17:00:00,Sevilla,Real Madrid,H,0.683481,1.47378,0,1,-0.7902990000000001
29530,La_Liga,2025,2026-05-23 19:00:00,Sevilla,Celta Vigo,A,0.755735,1.61801,0,1,-0.8622749999999999
26987,La_Liga,2024,2024-08-17 19:30:00,Valencia,Barcelona,H,1.55206,3.48824,1,2,-1.9361799999999998
26992,La_Liga,2024,2024-08-23 17:00:00,Valencia,Celta Vigo,A,1.1544,1.30571,1,3,-0.15130999999999983
27006,La_Liga,2024,2024-08-28 17:00:00,Valencia,Athletic Club,A,0.0996371,1.51595,0,1,-1.4163128999999999
27015,La_Liga,2024,2024-08-31 19:30:00,Valencia,Villarreal,H,1.14322,0.885369,1,1,0.25785099999999994
27023,La_Liga,2024,2024-09-15 19:00:00,Valencia,Atletico Madrid,A,0.18311,3.22965,0,3,-3.04654
27038,La_Liga,2024,2024-09-21 16:30:00,Valencia,Girona,H,0.350785,0.387698,2,0,-0.036912999999999974
27050,La_Liga,2024,2024-09-24 17:00:00,Valencia,Osasuna,H,1.17527,0.377552,0,0,0.797718
27055,La_Liga,2024,2024-09-28 16:30:00,Valencia,Real Sociedad,A,0.805963,3.6853,0,3,-2.8793369999999996
27065,La_Liga,2024,2024-10-04 19:00:00,Valencia,Leganes,A,0.703751,0.913168,0,0,-0.20941699999999996
27081,La_Liga,2024,2024-10-21 19:00:00,Valencia,Las Palmas,H,1.94417,1.56861,2,3,0.3755599999999999
27082,La_Liga,2024,2024-10-27 15:15:00,Valencia,Getafe,A,0.63831,2.97825,1,1,-2.33994
27118,La_Liga,2024,2024-11-23 13:00:00,Valencia,Real Betis,H,1.67338,1.05242,4,2,0.6209600000000002
27123,La_Liga,2024,2024-11-29 20:00:00,Valencia,Mallorca,A,1.33443,0.721435,1,2,0.612995
27140,La_Liga,2024,2024-12-07 17:30:00,Valencia,Rayo Vallecano,H,1.0002,1.02294,0,1,-0.022739999999999982
27147,La_Liga,2024,2024-12-13 20:00:00,Valencia,Real Valladolid,A,0.657242,0.531831,0,1,0.12541099999999994
27102,La_Liga,2024,2024-12-18 20:30:00,Valencia,Espanyol,A,1.78128,1.87851,1,1,-0.09722999999999993
27161,La_Liga,2024,2024-12-22 13:00:00,Valencia,Alaves,H,1.34762,1.54294,2,2,-0.19531999999999994
27099,La_Liga,2024,2025-01-03 20:00:00,Valencia,Real Madrid,H,1.35313,2.69157,1,2,-1.33844
27165,La_Liga,2024,2025-01-11 20:00:00,Valencia,Sevilla,A,1.08107,0.734356,1,1,0.34671399999999997
27179,La_Liga,2024,2025-01-19 20:00:00,Valencia,Real Sociedad,H,1.77248,0.758224,1,0,1.014256
27184,La_Liga,2024,2025-01-26 20:00:00,Valencia,Barcelona,A,1.30328,4.35875,1,7,-3.0554699999999997
27199,La_Liga,2024,2025-02-02 15:15:00,Valencia,Celta Vigo,H,1.93065,0.51501,2,1,1.41564
27208,La_Liga,2024,2025-02-09 15:15:00,Valencia,Leganes,H,2.03187,0.417562,2,0,1.614308
27216,La_Liga,2024,2025-02-15 20:00:00,Valencia,Villarreal,A,0.740954,1.04228,1,1,-0.3013260000000001
27225,La_Liga,2024,2025-02-22 17:30:00,Valencia,Atletico Madrid,H,1.35435,2.31785,0,3,-0.9635
27234,La_Liga,2024,2025-03-02 20:00:00,Valencia,Osasuna,A,1.54983,1.26777,3,3,0.28206
27248,La_Liga,2024,2025-03-08 17:30:00,Valencia,Real Valladolid,H,2.37105,0.645621,2,1,1.7254289999999999
27253,La_Liga,2024,2025-03-15 20:00:00,Valencia,Girona,A,1.21975,1.17978,1,1,0.03996999999999984
27267,La_Liga,2024,2025-03-30 17:30:00,Valencia,Mallorca,H,0.731544,0.657805,1,0,0.073739
27273,La_Liga,2024,2025-04-05 14:15:00,Valencia,Real Madrid,A,1.08997,3.36121,2,1,-2.2712399999999997
27291,La_Liga,2024,2025-04-11 19:00:00,Valencia,Sevilla,H,1.42634,0.910522,1,0,0.5158179999999999
27293,La_Liga,2024,2025-04-19 12:00:00,Valencia,Rayo Vallecano,A,2.06284,0.722317,1,1,1.3405230000000001
27302,La_Liga,2024,2025-04-22 19:00:00,Valencia,Espanyol,H,1.07897,0.344156,1,1,0.734814
27313,La_Liga,2024,2025-05-03 16:30:00,Valencia,Las Palmas,A,1.6731,1.80995,3,2,-0.13684999999999992
27330,La_Liga,2024,2025-05-10 12:00:00,Valencia,Getafe,H,2.97396,0.590071,3,0,2.383889
27333,La_Liga,2024,2025-05-14 17:00:00,Valencia,Alaves,A,0.584778,2.06262,0,1,-1.4778419999999999
27345,La_Liga,2024,2025-05-18 17:00:00,Valencia,Athletic Club,H,0.388682,1.16214,0,1,-0.773458
27354,La_Liga,2024,2025-05-23 19:00:00,Valencia,Real Betis,A,0.647724,1.15286,1,1,-0.505136
29162,La_Liga,2025,2025-08-16 19:30:00,Valencia,Real Sociedad,H,1.58599,1.04897,1,1,0.53702
29172,La_Liga,2025,2025-08-24 15:00:00,Valencia,Osasuna,A,0.589594,0.946758,0,1,-0.35716400000000004
29180,La_Liga,2025,2025-08-29 19:30:00,Valencia,Getafe,H,1.54336,0.757418,3,0,0.785942
29194,La_Liga,2025,2025-09-14 19:00:00,Valencia,Barcelona,A,0.12495,3.46022,0,6,-3.33527
29203,La_Liga,2025,2025-09-20 19:00:00,Valencia,Athletic Club,H,2.01007,0.499198,2,0,1.5108719999999998
29209,La_Liga,2025,2025-09-23 17:00:00,Valencia,Espanyol,A,1.00785,3.31313,2,2,-2.30528
29218,La_Liga,2025,2025-09-29 19:00:00,Valencia,Real Oviedo,H,1.72261,0.997143,1,2,0.725467
29230,La_Liga,2025,2025-10-04 14:15:00,Valencia,Girona,A,2.22808,1.16415,1,2,1.0639299999999998
29238,La_Liga,2025,2025-10-20 19:00:00,Valencia,Alaves,A,0.318076,1.05624,0,0,-0.738164
29251,La_Liga,2025,2025-10-25 19:00:00,Valencia,Villarreal,H,0.641435,2.62387,0,2,-1.9824350000000002
29263,La_Liga,2025,2025-11-01 20:00:00,Valencia,Real Madrid,A,0.292177,2.89965,0,4,-2.6074729999999997
29275,La_Liga,2025,2025-11-09 17:30:00,Valencia,Real Betis,H,1.95148,1.58932,1,1,0.36216000000000004
29286,La_Liga,2025,2025-11-21 20:00:00,Valencia,Levante,H,1.65038,0.67426,1,0,0.97612
29292,La_Liga,2025,2025-12-01 20:00:00,Valencia,Rayo Vallecano,A,0.897663,2.13298,1,1,-1.2353169999999998
29307,La_Liga,2025,2025-12-07 15:15:00,Valencia,Sevilla,H,1.23901,0.635478,1,1,0.603532
29309,La_Liga,2025,2025-12-13 13:00:00,Valencia,Atletico Madrid,A,1.26068,2.07076,1,2,-0.8100799999999999
29327,La_Liga,2025,2025-12-19 20:00:00,Valencia,Mallorca,H,2.16012,0.199412,1,1,1.9607080000000001
29329,La_Liga,2025,2026-01-03 13:00:00,Valencia,Celta Vigo,A,1.79296,2.59029,1,4,-0.7973299999999999
29345,La_Liga,2025,2026-01-10 20:00:00,Valencia,Elche,H,2.04147,0.244413,1,1,1.797057
29356,La_Liga,2025,2026-01-18 13:00:00,Valencia,Getafe,A,0.746856,0.584591,1,0,0.162265
29364,La_Liga,2025,2026-01-24 15:15:00,Valencia,Espanyol,H,2.76956,1.75941,3,2,1.0101499999999999
29368,La_Liga,2025,2026-02-01 15:15:00,Valencia,Real Betis,A,1.88674,2.16883,1,2,-0.28208999999999973
29387,La_Liga,2025,2026-02-08 20:00:00,Valencia,Real Madrid,H,0.571838,1.04576,0,2,-0.47392200000000007
29390,La_Liga,2025,2026-02-15 17:30:00,Valencia,Levante,A,0.743814,1.45737,2,0,-0.7135560000000001
29406,La_Liga,2025,2026-02-22 20:00:00,Valencia,Villarreal,A,1.91256,2.38144,1,2,-0.46887999999999996
29417,La_Liga,2025,2026-03-01 15:15:00,Valencia,Osasuna,H,1.31076,0.259132,1,0,1.051628
29422,La_Liga,2025,2026-03-08 20:00:00,Valencia,Alaves,H,2.51657,1.60795,3,2,0.9086200000000002
29432,La_Liga,2025,2026-03-14 17:30:00,Valencia,Real Oviedo,A,0.486871,1.8648,0,1,-1.377929
29444,La_Liga,2025,2026-03-21 20:00:00,Valencia,Sevilla,A,1.7133,0.505411,2,0,1.207889
29454,La_Liga,2025,2026-04-05 14:15:00,Valencia,Celta Vigo,H,0.720964,1.457,2,3,-0.736036
29465,La_Liga,2025,2026-04-11 14:15:00,Valencia,Elche,A,2.76889,1.03489,0,1,1.7339999999999998
29481,La_Liga,2025,2026-04-21 18:00:00,Valencia,Mallorca,A,1.39393,2.24468,1,1,-0.8507499999999999
29472,La_Liga,2025,2026-04-25 16:30:00,Valencia,Girona,H,2.31263,1.38799,2,1,0.9246399999999999
29495,La_Liga,2025,2026-05-02 14:15:00,Valencia,Atletico Madrid,H,0.778471,1.80568,0,2,-1.027209
29498,La_Liga,2025,2026-05-10 14:15:00,Valencia,Athletic Club,A,1.49759,0.935199,1,0,0.562391
29515,La_Liga,2025,2026-05-14 17:00:00,Valencia,Rayo Vallecano,H,0.938336,1.53041,1,1,-0.5920740000000001
29521,La_Liga,2025,2026-05-17 17:00:00,Valencia,Real Sociedad,A,1.99329,1.30267,4,3,0.69062
29534,La_Liga,2025,2026-05-23 19:00:00,Valencia,Barcelona,H,1.83367,1.29336,3,1,0.5403099999999998
26991,La_Liga,2024,2024-08-19 19:30:00,Villarreal,Atletico Madrid,H,0.68684,1.13868,2,2,-0.4518399999999999
26993,La_Liga,2024,2024-08-23 19:30:00,Villarreal,Sevilla,A,1.39825,1.23826,2,1,0.15999000000000008
27002,La_Liga,2024,2024-08-26 19:30:00,Villarreal,Celta Vigo,H,4.3817,3.79183,4,3,0.5898700000000003
27015,La_Liga,2024,2024-08-31 19:30:00,Villarreal,Valencia,A,0.885369,1.14322,1,1,-0.25785099999999994
27026,La_Liga,2024,2024-09-14 12:00:00,Villarreal,Mallorca,A,2.41884,0.345425,2,1,2.073415
27037,La_Liga,2024,2024-09-22 16:30:00,Villarreal,Barcelona,H,2.39605,4.1937,1,5,-1.79765
27042,La_Liga,2024,2024-09-26 17:00:00,Villarreal,Espanyol,A,1.96233,0.355072,2,1,1.6072579999999999
27058,La_Liga,2024,2024-09-30 19:00:00,Villarreal,Las Palmas,H,4.07869,0.802357,3,1,3.276333
27063,La_Liga,2024,2024-10-05 19:00:00,Villarreal,Real Madrid,A,1.4618,0.459582,0,2,1.002218
27080,La_Liga,2024,2024-10-20 16:30:00,Villarreal,Getafe,H,1.14683,2.02638,1,1,-0.87955
27089,La_Liga,2024,2024-10-26 12:00:00,Villarreal,Real Valladolid,A,2.68435,0.97802,2,1,1.70633
27111,La_Liga,2024,2024-11-09 15:15:00,Villarreal,Alaves,H,1.44293,0.608571,3,0,0.8343590000000001
27114,La_Liga,2024,2024-11-24 13:00:00,Villarreal,Osasuna,A,2.68193,1.3273,2,2,1.35463
27128,La_Liga,2024,2024-12-01 13:00:00,Villarreal,Girona,H,1.96842,0.516301,2,2,1.4521190000000002
27134,La_Liga,2024,2024-12-08 15:15:00,Villarreal,Athletic Club,A,0.796459,1.31484,0,2,-0.518381
27148,La_Liga,2024,2024-12-15 17:30:00,Villarreal,Real Betis,H,1.60957,1.6735,1,2,-0.06393000000000004
27098,La_Liga,2024,2024-12-18 20:30:00,Villarreal,Rayo Vallecano,H,2.52908,1.85712,1,1,0.6719599999999999
27158,La_Liga,2024,2024-12-22 17:30:00,Villarreal,Leganes,A,4.01011,1.47457,5,2,2.53554
27164,La_Liga,2024,2025-01-13 20:00:00,Villarreal,Real Sociedad,A,1.22527,0.805968,0,1,0.41930200000000006
27178,La_Liga,2024,2025-01-20 20:00:00,Villarreal,Mallorca,H,2.35437,0.390989,4,0,1.9633809999999998
27183,La_Liga,2024,2025-01-25 15:15:00,Villarreal,Atletico Madrid,A,1.78456,1.72274,1,1,0.061819999999999986
27196,La_Liga,2024,2025-02-01 15:15:00,Villarreal,Real Valladolid,H,3.89354,0.747261,5,1,3.146279
27203,La_Liga,2024,2025-02-08 17:30:00,Villarreal,Las Palmas,A,1.26021,1.90619,2,1,-0.64598
27216,La_Liga,2024,2025-02-15 20:00:00,Villarreal,Valencia,H,1.04228,0.740954,1,1,0.3013260000000001
27224,La_Liga,2024,2025-02-22 15:15:00,Villarreal,Rayo Vallecano,A,0.79404,0.514336,1,0,0.27970399999999995
27249,La_Liga,2024,2025-03-08 15:15:00,Villarreal,Alaves,A,2.63287,1.21479,0,1,1.41808
27259,La_Liga,2024,2025-03-15 17:30:00,Villarreal,Real Madrid,H,2.00539,1.10001,1,2,0.9053799999999999
27264,La_Liga,2024,2025-03-30 13:00:00,Villarreal,Getafe,A,1.38471,0.940085,2,1,0.44462500000000016
27276,La_Liga,2024,2025-04-06 19:00:00,Villarreal,Athletic Club,H,1.59491,0.998653,0,0,0.596257
27285,La_Liga,2024,2025-04-13 16:30:00,Villarreal,Real Betis,A,1.32607,2.04046,2,1,-0.7143899999999999
27298,La_Liga,2024,2025-04-20 14:15:00,Villarreal,Real Sociedad,H,2.14498,2.29777,2,2,-0.15278999999999998
27307,La_Liga,2024,2025-04-23 17:00:00,Villarreal,Celta Vigo,A,0.5946,3.19678,0,3,-2.6021799999999997
27241,La_Liga,2024,2025-04-27 14:15:00,Villarreal,Espanyol,H,1.35413,1.53522,1,0,-0.18108999999999997
27319,La_Liga,2024,2025-05-03 14:15:00,Villarreal,Osasuna,H,2.30041,1.41412,4,2,0.8862899999999998
27327,La_Liga,2024,2025-05-10 16:30:00,Villarreal,Girona,A,2.28245,0.280235,1,0,2.0022149999999996
27341,La_Liga,2024,2025-05-14 17:00:00,Villarreal,Leganes,H,2.28885,1.19032,3,0,1.09853
27343,La_Liga,2024,2025-05-18 17:00:00,Villarreal,Barcelona,A,1.96183,1.569,3,2,0.39283
27361,La_Liga,2024,2025-05-25 14:15:00,Villarreal,Sevilla,H,1.28805,1.64829,4,2,-0.3602400000000001
29159,La_Liga,2025,2025-08-15 19:30:00,Villarreal,Real Oviedo,H,2.60739,0.85578,2,0,1.7516100000000001
29173,La_Liga,2025,2025-08-24 17:30:00,Villarreal,Girona,H,2.97707,0.140267,5,0,2.8368029999999997
29185,La_Liga,2025,2025-08-31 15:00:00,Villarreal,Celta Vigo,A,0.96978,0.876041,1,1,0.09373900000000002
29193,La_Liga,2025,2025-09-13 19:00:00,Villarreal,Atletico Madrid,A,0.668177,1.5106,0,2,-0.8424229999999999
29207,La_Liga,2025,2025-09-20 16:30:00,Villarreal,Osasuna,H,3.56395,1.95599,2,1,1.6079600000000003
29211,La_Liga,2025,2025-09-23 19:30:00,Villarreal,Sevilla,A,2.40523,0.83617,2,1,1.56906
29225,La_Liga,2025,2025-09-27 19:00:00,Villarreal,Athletic Club,H,1.86396,1.56287,1,0,0.3010900000000001
29231,La_Liga,2025,2025-10-04 19:00:00,Villarreal,Real Madrid,A,0.956644,4.32336,1,3,-3.3667160000000003
29245,La_Liga,2025,2025-10-18 16:30:00,Villarreal,Real Betis,H,0.980598,0.895532,2,2,0.08506599999999997
29251,La_Liga,2025,2025-10-25 19:00:00,Villarreal,Valencia,A,2.62387,0.641435,2,0,1.9824350000000002
29267,La_Liga,2025,2025-11-01 13:00:00,Villarreal,Rayo Vallecano,H,2.7136,1.08632,4,0,1.62728
29271,La_Liga,2025,2025-11-08 20:00:00,Villarreal,Espanyol,A,1.47118,0.476157,2,0,0.995023
29287,La_Liga,2025,2025-11-22 20:00:00,Villarreal,Mallorca,H,2.6371,1.38464,2,1,1.2524600000000001
29293,La_Liga,2025,2025-11-30 13:00:00,Villarreal,Real Sociedad,A,1.63038,1.3715,3,2,0.25888
29304,La_Liga,2025,2025-12-06 13:00:00,Villarreal,Getafe,H,0.816941,0.282254,2,0,0.534687
29325,La_Liga,2025,2025-12-21 15:15:00,Villarreal,Barcelona,H,2.16466,3.27381,0,2,-1.10915
29330,La_Liga,2025,2026-01-03 17:30:00,Villarreal,Elche,A,2.635,1.52119,3,1,1.1138099999999997
29341,La_Liga,2025,2026-01-10 15:15:00,Villarreal,Alaves,H,1.38322,0.844572,3,1,0.5386479999999999
29352,La_Liga,2025,2026-01-17 20:00:00,Villarreal,Real Betis,A,1.17907,1.34951,0,2,-0.17043999999999992
29367,La_Liga,2025,2026-01-24 20:00:00,Villarreal,Real Madrid,H,0.952831,1.62206,0,2,-0.6692290000000001
29370,La_Liga,2025,2026-01-31 15:15:00,Villarreal,Osasuna,A,0.911128,2.13467,2,2,-1.2235419999999997
29384,La_Liga,2025,2026-02-09 20:00:00,Villarreal,Espanyol,H,1.53925,0.744747,4,1,0.794503
29389,La_Liga,2025,2026-02-14 15:15:00,Villarreal,Getafe,A,0.969388,1.61761,1,2,-0.648222
29311,La_Liga,2025,2026-02-18 19:00:00,Villarreal,Levante,A,2.40024,0.774339,1,0,1.6259010000000003
29406,La_Liga,2025,2026-02-22 20:00:00,Villarreal,Valencia,H,2.38144,1.91256,2,1,0.46887999999999996
29408,La_Liga,2025,2026-02-28 15:15:00,Villarreal,Barcelona,A,1.36182,3.54743,1,4,-2.1856099999999996
29424,La_Liga,2025,2026-03-08 13:00:00,Villarreal,Elche,H,2.30632,1.62051,2,1,0.68581
29428,La_Liga,2025,2026-03-13 20:00:00,Villarreal,Alaves,A,0.873846,0.287232,1,1,0.586614
29438,La_Liga,2025,2026-03-20 20:00:00,Villarreal,Real Sociedad,H,3.35586,0.894953,3,1,2.4609069999999997
29451,La_Liga,2025,2026-04-06 19:00:00,Villarreal,Girona,A,0.443518,0.653493,0,1,-0.20997499999999997
29458,La_Liga,2025,2026-04-12 19:00:00,Villarreal,Athletic Club,A,1.55144,1.31935,2,1,0.2320899999999999
29482,La_Liga,2025,2026-04-23 19:30:00,Villarreal,Real Oviedo,A,3.25021,2.52849,1,1,0.7217199999999999
29470,La_Liga,2025,2026-04-26 19:00:00,Villarreal,Celta Vigo,H,2.409,2.05297,2,1,0.3560299999999996
29489,La_Liga,2025,2026-05-02 12:00:00,Villarreal,Levante,H,2.47953,0.801231,5,1,1.678299
29502,La_Liga,2025,2026-05-10 12:00:00,Villarreal,Mallorca,A,0.9943,1.54058,1,1,-0.5462800000000001
29516,La_Liga,2025,2026-05-13 17:00:00,Villarreal,Sevilla,H,0.952333,0.917489,2,3,0.034843999999999986
29526,La_Liga,2025,2026-05-17 17:00:00,Villarreal,Rayo Vallecano,A,0.654975,1.92496,0,2,-1.2699850000000001
29533,La_Liga,2025,2026-05-24 19:00:00,Villarreal,Atletico Madrid,H,2.80441,1.58431,5,1,1.2200999999999997
28055,Ligue_1,2024,2024-08-18 15:00:00,Angers,Lens,H,0.297792,1.04077,0,1,-0.7429779999999999
28059,Ligue_1,2024,2024-08-24 17:00:00,Angers,Lille,A,0.737042,1.25796,0,2,-0.520918
28073,Ligue_1,2024,2024-09-01 15:00:00,Angers,Nice,H,1.33204,2.53408,1,4,-1.20204
28083,Ligue_1,2024,2024-09-15 15:00:00,Angers,Strasbourg,A,0.855084,2.47918,1,1,-1.624096
28088,Ligue_1,2024,2024-09-22 15:00:00,Angers,Nantes,H,0.82486,1.28588,1,1,-0.4610199999999999
28101,Ligue_1,2024,2024-09-29 15:00:00,Angers,Reims,H,1.08284,4.18122,1,3,-3.0983799999999997
28109,Ligue_1,2024,2024-10-04 18:45:00,Angers,Marseille,A,1.19435,0.896807,1,1,0.297543
28114,Ligue_1,2024,2024-10-20 15:00:00,Angers,Toulouse,A,1.47299,2.43778,1,1,-0.96479
28121,Ligue_1,2024,2024-10-26 15:00:00,Angers,Saint-Etienne,H,3.26778,1.33,4,2,1.93778
28129,Ligue_1,2024,2024-11-01 18:00:00,Angers,Monaco,A,0.50003,1.47525,1,0,-0.97522
28142,Ligue_1,2024,2024-11-09 20:00:00,Angers,Paris Saint Germain,H,1.21483,4.38095,2,4,-3.1661200000000003
28154,Ligue_1,2024,2024-11-24 16:00:00,Angers,Auxerre,A,1.14148,0.683126,0,1,0.45835400000000004
28158,Ligue_1,2024,2024-12-01 16:00:00,Angers,Le Havre,A,2.10367,0.322626,1,0,1.781044
28168,Ligue_1,2024,2024-12-07 20:00:00,Angers,Lyon,H,0.505438,2.02701,0,3,-1.5215720000000001
28174,Ligue_1,2024,2024-12-15 16:00:00,Angers,Rennes,A,0.391796,0.62717,0,2,-0.23537400000000003
28187,Ligue_1,2024,2025-01-05 14:00:00,Angers,Brest,H,1.90119,0.608874,2,0,1.292316
28197,Ligue_1,2024,2025-01-12 16:15:00,Angers,Montpellier,A,3.46863,1.44663,3,1,2.0220000000000002
28208,Ligue_1,2024,2025-01-19 16:15:00,Angers,Auxerre,H,1.21759,0.462137,2,0,0.7554529999999999
28215,Ligue_1,2024,2025-01-26 16:15:00,Angers,Lens,A,0.0813578,2.01118,0,1,-1.9298222
28224,Ligue_1,2024,2025-02-02 16:15:00,Angers,Le Havre,H,1.77333,2.19254,1,1,-0.4192100000000001
28235,Ligue_1,2024,2025-02-09 19:45:00,Angers,Marseille,H,0.367397,2.87581,0,2,-2.508413
28243,Ligue_1,2024,2025-02-16 16:15:00,Angers,Reims,A,2.43148,2.06733,1,0,0.36415
28251,Ligue_1,2024,2025-02-22 18:00:00,Angers,Saint-Etienne,A,3.1805,1.70031,3,3,1.48019
28263,Ligue_1,2024,2025-03-02 16:15:00,Angers,Toulouse,H,0.363765,4.43647,0,4,-4.072705
28269,Ligue_1,2024,2025-03-09 14:00:00,Angers,Brest,A,0.48923,4.53611,0,2,-4.04688
28281,Ligue_1,2024,2025-03-15 18:00:00,Angers,Monaco,H,0.497795,2.03553,0,2,-1.537735
28282,Ligue_1,2024,2025-03-30 16:15:00,Angers,Rennes,H,1.04854,1.63382,0,3,-0.58528
28297,Ligue_1,2024,2025-04-05 15:00:00,Angers,Paris Saint Germain,A,0.280438,1.64379,0,1,-1.3633520000000001
28306,Ligue_1,2024,2025-04-13 15:15:00,Angers,Montpellier,H,1.771,0.452518,2,0,1.318482
28310,Ligue_1,2024,2025-04-20 15:15:00,Angers,Nice,A,0.278639,2.72567,1,2,-2.447031
28323,Ligue_1,2024,2025-04-27 13:00:00,Angers,Lille,H,0.916985,2.22596,0,2,-1.3089750000000002
28335,Ligue_1,2024,2025-05-04 13:00:00,Angers,Nantes,A,0.727966,0.14126,1,0,0.586706
28338,Ligue_1,2024,2025-05-10 19:00:00,Angers,Strasbourg,H,1.33058,0.710143,2,1,0.6204370000000001
28348,Ligue_1,2024,2025-05-17 19:00:00,Angers,Lyon,A,0.556633,3.75818,0,2,-3.2015469999999997
29544,Ligue_1,2025,2025-08-17 15:15:00,Angers,Paris FC,H,0.82142,0.71125,1,0,0.11016999999999999
29547,Ligue_1,2025,2025-08-22 18:45:00,Angers,Paris Saint Germain,A,0.176876,2.0878,0,1,-1.910924
29560,Ligue_1,2025,2025-08-31 13:00:00,Angers,Rennes,H,1.58619,1.73758,1,1,-0.1513899999999999
29569,Ligue_1,2025,2025-09-14 15:15:00,Angers,Metz,A,1.98184,1.76271,1,1,0.21913000000000005
29578,Ligue_1,2025,2025-09-19 18:45:00,Angers,Lyon,A,0.677354,2.20483,0,1,-1.5274759999999998
29583,Ligue_1,2025,2025-09-28 15:15:00,Angers,Brest,H,0.501827,1.34192,0,2,-0.840093
29600,Ligue_1,2025,2025-10-05 15:15:00,Angers,Strasbourg,A,0.294622,4.2783,0,5,-3.983678
29601,Ligue_1,2025,2025-10-18 17:00:00,Angers,Monaco,H,1.58102,1.65166,1,1,-0.07063999999999981
29610,Ligue_1,2025,2025-10-26 15:15:00,Angers,Lorient,H,1.30397,2.00206,2,0,-0.6980900000000001
29620,Ligue_1,2025,2025-10-29 19:05:00,Angers,Marseille,A,0.996929,1.58833,2,2,-0.5914010000000001
29631,Ligue_1,2025,2025-11-02 16:15:00,Angers,Lille,A,0.277522,2.2089,0,1,-1.9313779999999998
29637,Ligue_1,2025,2025-11-09 16:15:00,Angers,Auxerre,H,1.15143,0.589602,2,0,0.561828
29654,Ligue_1,2025,2025-11-23 16:15:00,Angers,Toulouse,A,0.324057,1.85382,1,0,-1.529763
29655,Ligue_1,2025,2025-11-30 16:15:00,Angers,Lens,H,1.10642,1.96335,1,2,-0.85693
29670,Ligue_1,2025,2025-12-07 14:00:00,Angers,Nice,A,1.33715,1.38209,1,0,-0.04493999999999998
29673,Ligue_1,2025,2025-12-12 19:45:00,Angers,Nantes,H,3.04663,0.26526,4,1,2.78137
29683,Ligue_1,2025,2026-01-04 16:15:00,Angers,Le Havre,A,0.730978,1.54881,1,2,-0.817832
29691,Ligue_1,2025,2026-01-17 20:05:00,Angers,Marseille,H,1.03735,3.91118,2,5,-2.87383
29707,Ligue_1,2025,2026-01-25 16:15:00,Angers,Paris FC,A,0.342734,0.759097,0,0,-0.41636300000000004
29709,Ligue_1,2025,2026-02-01 16:15:00,Angers,Metz,H,1.34676,0.397871,1,0,0.948889
29718,Ligue_1,2025,2026-02-08 16:15:00,Angers,Toulouse,H,1.17089,0.691991,1,0,0.47889899999999996
29729,Ligue_1,2025,2026-02-15 16:15:00,Angers,Lorient,A,0.406012,1.4393,0,2,-1.033288
29736,Ligue_1,2025,2026-02-22 16:15:00,Angers,Lille,H,0.24039,2.74265,0,1,-2.5022599999999997
29750,Ligue_1,2025,2026-02-28 18:00:00,Angers,Monaco,A,0.609359,1.67082,0,2,-1.061461
29759,Ligue_1,2025,2026-03-07 16:00:00,Angers,Nantes,A,0.853223,0.611683,1,0,0.24153999999999998
29763,Ligue_1,2025,2026-03-14 18:00:00,Angers,Nice,H,0.889177,1.60128,0,2,-0.712103
29773,Ligue_1,2025,2026-03-20 19:45:00,Angers,Lens,A,1.15185,4.33933,1,5,-3.1874800000000003
29781,Ligue_1,2025,2026-04-05 13:00:00,Angers,Lyon,H,0.353538,0.522379,0,0,-0.16884100000000002
29797,Ligue_1,2025,2026-04-11 19:05:00,Angers,Rennes,A,1.19461,1.09968,1,2,0.09492999999999996
29799,Ligue_1,2025,2026-04-18 17:00:00,Angers,Le Havre,H,0.961095,1.54566,1,1,-0.584565
29808,Ligue_1,2025,2026-04-25 17:00:00,Angers,Paris Saint Germain,H,0.977437,3.00296,0,3,-2.0255229999999997
29817,Ligue_1,2025,2026-05-03 15:15:00,Angers,Auxerre,A,2.16783,2.5499,1,3,-0.38207000000000013
29826,Ligue_1,2025,2026-05-10 19:00:00,Angers,Strasbourg,H,0.793655,1.81952,1,1,-1.025865
29835,Ligue_1,2025,2026-05-17 19:00:00,Angers,Brest,A,1.06418,2.38724,1,1,-1.32306
28052,Ligue_1,2024,2024-08-18 13:00:00,Auxerre,Nice,H,3.03248,0.58056,2,1,2.4519200000000003
28064,Ligue_1,2024,2024-08-25 15:00:00,Auxerre,Nantes,A,0.876338,1.52541,0,2,-0.649072
28071,Ligue_1,2024,2024-09-01 15:00:00,Auxerre,Le Havre,A,0.743523,2.83661,1,3,-2.0930869999999997
28077,Ligue_1,2024,2024-09-14 17:00:00,Auxerre,Monaco,H,0.419427,3.37672,0,3,-2.957293
28089,Ligue_1,2024,2024-09-22 15:00:00,Auxerre,Montpellier,A,1.42586,1.78396,2,3,-0.3581000000000001
28095,Ligue_1,2024,2024-09-27 17:00:00,Auxerre,Brest,H,2.9504,0.726126,3,0,2.2242740000000003
28107,Ligue_1,2024,2024-10-05 15:00:00,Auxerre,Saint-Etienne,A,0.71964,2.45106,1,3,-1.73142
28113,Ligue_1,2024,2024-10-20 15:00:00,Auxerre,Reims,H,2.86385,1.22872,2,1,1.6351299999999998
28126,Ligue_1,2024,2024-10-27 14:00:00,Auxerre,Lyon,A,1.0609,2.21183,2,2,-1.15093
28131,Ligue_1,2024,2024-11-03 16:00:00,Auxerre,Rennes,H,2.39897,0.701873,4,0,1.6970969999999999
28146,Ligue_1,2024,2024-11-08 19:45:00,Auxerre,Marseille,A,2.09466,2.02831,3,1,0.06635000000000035
28154,Ligue_1,2024,2024-11-24 16:00:00,Auxerre,Angers,H,0.683126,1.14148,1,0,-0.45835400000000004
28164,Ligue_1,2024,2024-12-01 16:00:00,Auxerre,Toulouse,A,0.129647,2.78623,0,2,-2.6565830000000004
28166,Ligue_1,2024,2024-12-06 20:00:00,Auxerre,Paris Saint Germain,H,0.34154,3.04535,0,0,-2.70381
28177,Ligue_1,2024,2024-12-14 18:00:00,Auxerre,Lens,H,0.51026,1.73768,2,2,-1.22742
28190,Ligue_1,2024,2025-01-05 14:00:00,Auxerre,Strasbourg,A,1.7605,2.89722,1,3,-1.13672
28194,Ligue_1,2024,2025-01-10 20:00:00,Auxerre,Lille,H,0.601359,1.51829,0,0,-0.9169309999999999
28208,Ligue_1,2024,2025-01-19 16:15:00,Auxerre,Angers,A,0.462137,1.21759,0,2,-0.7554529999999999
28214,Ligue_1,2024,2025-01-24 19:45:00,Auxerre,Saint-Etienne,H,0.582829,1.1913,1,1,-0.608471
28227,Ligue_1,2024,2025-02-01 18:00:00,Auxerre,Monaco,A,1.6376,2.07751,2,4,-0.43991000000000025
28228,Ligue_1,2024,2025-02-09 16:15:00,Auxerre,Toulouse,H,0.716768,1.16269,2,2,-0.44592200000000004
28241,Ligue_1,2024,2025-02-14 19:45:00,Auxerre,Brest,A,1.48646,1.97492,2,2,-0.4884600000000001
28252,Ligue_1,2024,2025-02-22 20:05:00,Auxerre,Marseille,H,1.96607,1.22185,3,0,0.7442199999999999
28261,Ligue_1,2024,2025-03-02 16:15:00,Auxerre,Strasbourg,H,2.09273,1.52559,0,1,0.56714
28265,Ligue_1,2024,2025-03-09 16:15:00,Auxerre,Reims,A,1.87605,1.83707,2,0,0.038980000000000015
28274,Ligue_1,2024,2025-03-14 19:45:00,Auxerre,Nice,A,0.606081,2.29143,1,1,-1.685349
28283,Ligue_1,2024,2025-03-30 16:15:00,Auxerre,Montpellier,H,2.11681,0.457017,1,0,1.659793
28299,Ligue_1,2024,2025-04-06 15:15:00,Auxerre,Rennes,A,1.10602,1.06426,1,0,0.04176000000000002
28302,Ligue_1,2024,2025-04-13 18:45:00,Auxerre,Lyon,H,1.00397,3.11801,1,3,-2.11404
28312,Ligue_1,2024,2025-04-20 13:00:00,Auxerre,Lille,A,0.280948,2.97047,1,3,-2.689522
28322,Ligue_1,2024,2025-04-27 15:15:00,Auxerre,Lens,A,2.38411,2.31455,4,0,0.06956000000000007
28329,Ligue_1,2024,2025-05-04 15:15:00,Auxerre,Le Havre,H,0.32277,1.30285,1,2,-0.9800800000000001
28337,Ligue_1,2024,2025-05-10 19:00:00,Auxerre,Nantes,H,0.624481,0.823377,1,1,-0.19889600000000007
28351,Ligue_1,2024,2025-05-17 19:00:00,Auxerre,Paris Saint Germain,A,0.9013,3.71972,1,3,-2.81842
29543,Ligue_1,2025,2025-08-17 15:15:00,Auxerre,Lorient,H,1.4925,1.84516,1,0,-0.35266
29549,Ligue_1,2025,2025-08-23 17:00:00,Auxerre,Nice,A,2.24407,2.66284,1,3,-0.4187700000000003
29558,Ligue_1,2025,2025-08-30 17:00:00,Auxerre,Nantes,A,1.10996,0.418091,0,1,0.6918690000000001
29565,Ligue_1,2025,2025-09-13 19:05:00,Auxerre,Monaco,H,0.904229,1.62646,1,2,-0.7222310000000001
29574,Ligue_1,2025,2025-09-21 15:15:00,Auxerre,Toulouse,H,0.883373,1.50957,1,0,-0.6261970000000001
29588,Ligue_1,2025,2025-09-27 19:05:00,Auxerre,Paris Saint Germain,A,0.73132,2.11672,0,2,-1.3854
29592,Ligue_1,2025,2025-10-04 19:05:00,Auxerre,Lens,H,1.27422,0.471027,1,2,0.8031929999999999
29609,Ligue_1,2025,2025-10-19 15:15:00,Auxerre,Rennes,A,1.66634,1.93587,2,2,-0.26953000000000005
29611,Ligue_1,2025,2025-10-26 15:15:00,Auxerre,Le Havre,H,0.563862,1.52215,0,1,-0.9582879999999999
29627,Ligue_1,2025,2025-10-29 19:05:00,Auxerre,Strasbourg,A,0.68695,4.10806,0,3,-3.42111
29628,Ligue_1,2025,2025-11-01 20:05:00,Auxerre,Marseille,H,1.09464,0.698037,0,1,0.39660300000000004
29637,Ligue_1,2025,2025-11-09 16:15:00,Auxerre,Angers,A,0.589602,1.15143,0,2,-0.561828
29646,Ligue_1,2025,2025-11-23 14:00:00,Auxerre,Lyon,H,1.512,1.27606,0,0,0.23594000000000004
29662,Ligue_1,2025,2025-11-29 18:00:00,Auxerre,Paris FC,A,1.15143,1.80891,1,1,-0.6574800000000001
29664,Ligue_1,2025,2025-12-07 16:15:00,Auxerre,Metz,H,2.22374,0.346523,3,1,1.877217
29674,Ligue_1,2025,2025-12-14 16:15:00,Auxerre,Lille,H,2.50862,0.733512,3,4,1.775108
29682,Ligue_1,2025,2026-01-04 16:15:00,Auxerre,Brest,A,0.835513,1.54399,0,2,-0.708477
29692,Ligue_1,2025,2026-01-17 16:00:00,Auxerre,Lens,A,0.393025,2.61821,0,1,-2.2251849999999997
29700,Ligue_1,2025,2026-01-23 19:00:00,Auxerre,Paris Saint Germain,H,0.352997,2.19544,0,1,-1.842443
29717,Ligue_1,2025,2026-02-01 16:15:00,Auxerre,Toulouse,A,0.871363,0.804565,0,0,0.06679800000000002
29719,Ligue_1,2025,2026-02-08 16:15:00,Auxerre,Paris FC,H,1.27393,0.758207,0,0,0.515723
29732,Ligue_1,2025,2026-02-15 16:15:00,Auxerre,Metz,A,1.05829,0.753602,3,1,0.30468799999999996
29737,Ligue_1,2025,2026-02-22 14:00:00,Auxerre,Rennes,H,0.700042,1.10597,0,3,-0.40592799999999984
29747,Ligue_1,2025,2026-03-01 16:15:00,Auxerre,Lorient,A,1.96667,1.02766,2,2,0.9390099999999999
29754,Ligue_1,2025,2026-03-07 18:00:00,Auxerre,Strasbourg,H,1.03226,1.27324,0,0,-0.24097999999999997
29766,Ligue_1,2025,2026-03-13 19:45:00,Auxerre,Marseille,A,0.293047,1.12898,0,1,-0.835933
29772,Ligue_1,2025,2026-03-21 18:00:00,Auxerre,Brest,H,2.0573,0.882319,3,0,1.1749810000000003
29783,Ligue_1,2025,2026-04-05 15:15:00,Auxerre,Le Havre,A,2.40825,0.711193,1,1,1.6970569999999998
29790,Ligue_1,2025,2026-04-11 17:00:00,Auxerre,Nantes,H,0.797017,1.44705,0,0,-0.650033
29804,Ligue_1,2025,2026-04-19 13:00:00,Auxerre,Monaco,A,0.745123,1.94243,2,2,-1.1973070000000001
29812,Ligue_1,2025,2026-04-25 13:00:00,Auxerre,Lyon,A,0.883316,2.16328,2,3,-1.2799639999999999
29817,Ligue_1,2025,2026-05-03 15:15:00,Auxerre,Angers,H,2.5499,2.16783,3,1,0.38207000000000013
29827,Ligue_1,2025,2026-05-10 19:00:00,Auxerre,Nice,H,0.866185,2.07007,2,1,-1.2038849999999999
29836,Ligue_1,2025,2026-05-17 19:00:00,Auxerre,Lille,A,0.615778,1.22445,2,0,-0.608672
28049,Ligue_1,2024,2024-08-17 15:00:00,Brest,Marseille,H,1.51475,2.96496,1,5,-1.45021
28061,Ligue_1,2024,2024-08-25 13:00:00,Brest,Lens,A,0.695576,4.01926,0,2,-3.323684
28067,Ligue_1,2024,2024-08-31 15:00:00,Brest,Saint-Etienne,H,3.60698,0.256612,4,0,3.350368
28079,Ligue_1,2024,2024-09-14 19:00:00,Brest,Paris Saint Germain,A,1.00928,2.91245,1,3,-1.9031700000000003
28087,Ligue_1,2024,2024-09-22 15:00:00,Brest,Toulouse,H,0.709045,2.3505,2,0,-1.6414549999999997
28095,Ligue_1,2024,2024-09-27 17:00:00,Brest,Auxerre,A,0.726126,2.9504,0,3,-2.2242740000000003
28108,Ligue_1,2024,2024-10-06 15:00:00,Brest,Le Havre,H,0.890433,2.11913,2,0,-1.2286970000000002
28118,Ligue_1,2024,2024-10-19 15:00:00,Brest,Rennes,H,1.42573,1.14445,1,1,0.28128
28122,Ligue_1,2024,2024-10-26 17:00:00,Brest,Reims,A,1.64092,1.44911,2,1,0.19181000000000004
28134,Ligue_1,2024,2024-11-02 18:00:00,Brest,Nice,H,1.02021,1.92085,0,1,-0.9006399999999999
28144,Ligue_1,2024,2024-11-10 16:00:00,Brest,Montpellier,A,1.88669,3.03758,1,3,-1.1508900000000002
28153,Ligue_1,2024,2024-11-22 18:00:00,Brest,Monaco,A,1.38684,2.55781,2,3,-1.1709699999999998
28159,Ligue_1,2024,2024-11-30 18:00:00,Brest,Strasbourg,H,2.90417,0.930345,3,1,1.9738250000000002
28169,Ligue_1,2024,2024-12-06 18:00:00,Brest,Lille,A,0.740372,3.01042,1,3,-2.270048
28180,Ligue_1,2024,2024-12-15 16:00:00,Brest,Nantes,H,2.20104,1.39913,4,1,0.8019099999999999
28187,Ligue_1,2024,2025-01-05 14:00:00,Brest,Angers,A,0.608874,1.90119,0,2,-1.292316
28198,Ligue_1,2024,2025-01-11 16:00:00,Brest,Lyon,H,1.28964,1.40093,2,1,-0.11129000000000011
28209,Ligue_1,2024,2025-01-18 18:00:00,Brest,Rennes,A,1.87321,1.92675,2,1,-0.05353999999999992
28213,Ligue_1,2024,2025-01-26 14:00:00,Brest,Le Havre,A,2.38282,0.696232,1,0,1.6865880000000002
28220,Ligue_1,2024,2025-02-01 16:00:00,Brest,Paris Saint Germain,H,0.63646,3.94899,2,5,-3.3125299999999998
28229,Ligue_1,2024,2025-02-07 16:00:00,Brest,Nantes,A,2.49765,1.45114,2,0,1.04651
28241,Ligue_1,2024,2025-02-14 19:45:00,Brest,Auxerre,H,1.97492,1.48646,2,2,0.4884600000000001
28249,Ligue_1,2024,2025-02-23 16:15:00,Brest,Strasbourg,A,0.498988,0.785346,0,0,-0.286358
28257,Ligue_1,2024,2025-03-02 14:00:00,Brest,Lyon,A,1.89282,1.54474,1,2,0.34807999999999995
28269,Ligue_1,2024,2025-03-09 14:00:00,Brest,Angers,H,4.53611,0.48923,2,0,4.04688
28276,Ligue_1,2024,2025-03-16 16:15:00,Brest,Reims,H,0.33799,0.985266,0,0,-0.647276
28286,Ligue_1,2024,2025-03-30 14:00:00,Brest,Toulouse,A,1.99117,2.44172,4,2,-0.45055
28293,Ligue_1,2024,2025-04-05 17:00:00,Brest,Monaco,H,0.90697,1.75483,2,1,-0.8478599999999998
28305,Ligue_1,2024,2025-04-13 13:00:00,Brest,Saint-Etienne,A,2.01379,1.02329,3,3,0.9905000000000002
28311,Ligue_1,2024,2025-04-20 15:15:00,Brest,Lens,H,1.05399,2.98551,1,3,-1.9315200000000001
28325,Ligue_1,2024,2025-04-27 18:45:00,Brest,Marseille,A,2.00913,1.12568,1,4,0.8834499999999998
28333,Ligue_1,2024,2025-05-04 15:15:00,Brest,Montpellier,H,1.34191,0.413817,1,0,0.928093
28343,Ligue_1,2024,2025-05-10 19:00:00,Brest,Lille,H,1.88589,1.84479,2,0,0.041100000000000136
28350,Ligue_1,2024,2025-05-17 19:00:00,Brest,Nice,A,0.68904,5.0223,0,6,-4.33326
29542,Ligue_1,2025,2025-08-17 13:00:00,Brest,Lille,H,1.49573,1.84218,3,3,-0.3464499999999999
29554,Ligue_1,2025,2025-08-24 15:15:00,Brest,Toulouse,A,0.750148,1.32432,0,2,-0.5741719999999999
29556,Ligue_1,2025,2025-08-29 18:45:00,Brest,Lens,A,0.963409,4.42054,1,3,-3.457131
29566,Ligue_1,2025,2025-09-14 15:15:00,Brest,Paris FC,H,2.60519,1.85008,1,2,0.75511
29575,Ligue_1,2025,2025-09-20 17:00:00,Brest,Nice,H,2.07376,2.26393,4,1,-0.19017000000000017
29583,Ligue_1,2025,2025-09-28 15:15:00,Brest,Angers,A,1.34192,0.501827,2,0,0.840093
29593,Ligue_1,2025,2025-10-04 17:00:00,Brest,Nantes,H,1.44552,0.489862,0,0,0.9556579999999999
29603,Ligue_1,2025,2025-10-19 15:15:00,Brest,Lorient,A,1.56803,1.5878,3,3,-0.019770000000000065
29613,Ligue_1,2025,2025-10-25 15:00:00,Brest,Paris Saint Germain,H,1.89257,2.92453,0,3,-1.0319599999999998
29619,Ligue_1,2025,2025-10-29 17:00:00,Brest,Le Havre,A,0.370311,0.556063,0,1,-0.18575199999999997
29629,Ligue_1,2025,2025-11-02 19:45:00,Brest,Lyon,H,1.63942,0.143862,0,0,1.4955580000000002
29641,Ligue_1,2025,2025-11-08 16:00:00,Brest,Marseille,A,0.69584,3.09058,0,3,-2.39474
29647,Ligue_1,2025,2025-11-23 16:15:00,Brest,Metz,H,3.36815,1.02855,3,2,2.3396
29663,Ligue_1,2025,2025-11-30 14:00:00,Brest,Strasbourg,A,1.00638,1.14608,2,1,-0.13969999999999994
29665,Ligue_1,2025,2025-12-05 18:00:00,Brest,Monaco,H,1.13774,0.485017,1,0,0.6527229999999999
29681,Ligue_1,2025,2025-12-13 16:00:00,Brest,Rennes,A,0.872611,1.58903,1,3,-0.7164189999999999
29682,Ligue_1,2025,2026-01-04 16:15:00,Brest,Auxerre,H,1.54399,0.835513,2,0,0.708477
29693,Ligue_1,2025,2026-01-18 19:45:00,Brest,Lyon,A,1.16318,2.62893,1,2,-1.4657499999999999
29701,Ligue_1,2025,2026-01-25 16:15:00,Brest,Toulouse,H,0.988274,0.684258,0,2,0.30401599999999995
29714,Ligue_1,2025,2026-02-01 16:15:00,Brest,Nice,A,1.83505,1.2009,2,2,0.63415
29720,Ligue_1,2025,2026-02-08 14:00:00,Brest,Lorient,H,2.05135,0.720569,2,0,1.3307809999999998
29728,Ligue_1,2025,2026-02-14 18:00:00,Brest,Lille,A,0.841964,1.77426,1,1,-0.9322959999999999
29738,Ligue_1,2025,2026-02-20 19:45:00,Brest,Marseille,H,1.33408,1.3575,2,0,-0.023419999999999996
29749,Ligue_1,2025,2026-03-01 16:15:00,Brest,Metz,A,0.963216,1.58374,1,0,-0.620524
29755,Ligue_1,2025,2026-03-08 16:15:00,Brest,Le Havre,H,1.26459,1.10286,2,0,0.16173000000000015
29768,Ligue_1,2025,2026-03-14 20:05:00,Brest,Monaco,A,1.56097,2.81345,0,2,-1.25248
29772,Ligue_1,2025,2026-03-21 18:00:00,Brest,Auxerre,A,0.882319,2.0573,0,3,-1.1749810000000003
29782,Ligue_1,2025,2026-04-04 17:00:00,Brest,Rennes,H,1.89452,2.7958,3,4,-0.9012799999999999
29805,Ligue_1,2025,2026-04-19 15:15:00,Brest,Nantes,A,0.631132,0.970265,1,1,-0.339133
29809,Ligue_1,2025,2026-04-24 18:45:00,Brest,Lens,H,0.309794,3.24582,3,3,-2.936026
29823,Ligue_1,2025,2026-05-03 15:15:00,Brest,Paris FC,A,0.733091,2.86094,0,4,-2.127849
29832,Ligue_1,2025,2026-05-10 19:00:00,Brest,Paris Saint Germain,A,0.123268,1.608,0,1,-1.4847320000000002
29791,Ligue_1,2025,2026-05-13 17:00:00,Brest,Strasbourg,H,2.64653,1.69163,1,2,0.9548999999999999
29835,Ligue_1,2025,2026-05-17 19:00:00,Brest,Angers,H,2.38724,1.06418,1,1,1.32306
28048,Ligue_1,2024,2024-08-16 18:45:00,Le Havre,Paris Saint Germain,H,0.197023,2.9098,1,4,-2.712777
28060,Ligue_1,2024,2024-08-24 19:00:00,Le Havre,Saint-Etienne,A,2.23362,1.48827,2,0,0.7453500000000002
28071,Ligue_1,2024,2024-09-01 15:00:00,Le Havre,Auxerre,H,2.83661,0.743523,3,1,2.0930869999999997
28082,Ligue_1,2024,2024-09-15 15:00:00,Le Havre,Toulouse,A,0.15045,1.8674,0,2,-1.71695
28092,Ligue_1,2024,2024-09-22 13:00:00,Le Havre,Monaco,A,0.580512,1.84023,1,3,-1.259718
28098,Ligue_1,2024,2024-09-28 17:00:00,Le Havre,Lille,H,0.488988,3.5706,0,3,-3.0816120000000002
28108,Ligue_1,2024,2024-10-06 15:00:00,Le Havre,Brest,A,2.11913,0.890433,0,2,1.2286970000000002
28115,Ligue_1,2024,2024-10-20 13:00:00,Le Havre,Lyon,H,0.360268,2.76676,0,4,-2.406492
28123,Ligue_1,2024,2024-10-25 18:45:00,Le Havre,Rennes,A,0.272294,1.84154,0,1,-1.569246
28133,Ligue_1,2024,2024-11-03 16:00:00,Le Havre,Montpellier,H,1.7998,0.722691,1,0,1.077109
28143,Ligue_1,2024,2024-11-10 16:00:00,Le Havre,Reims,H,1.51035,2.69952,0,3,-1.18917
28152,Ligue_1,2024,2024-11-24 16:00:00,Le Havre,Nantes,A,0.977121,0.846924,2,0,0.130197
28158,Ligue_1,2024,2024-12-01 16:00:00,Le Havre,Angers,H,0.322626,2.10367,0,1,-1.781044
28165,Ligue_1,2024,2024-12-07 18:00:00,Le Havre,Nice,A,1.42884,2.27599,1,2,-0.8471500000000001
28175,Ligue_1,2024,2024-12-15 16:00:00,Le Havre,Strasbourg,H,1.58328,1.39172,0,3,0.19155999999999995
28189,Ligue_1,2024,2025-01-05 19:45:00,Le Havre,Marseille,A,0.885341,3.17491,1,5,-2.289569
28196,Ligue_1,2024,2025-01-12 14:00:00,Le Havre,Lens,H,1.84216,3.10793,1,2,-1.26577
28207,Ligue_1,2024,2025-01-19 16:15:00,Le Havre,Reims,A,1.29453,1.49091,1,1,-0.19638
28213,Ligue_1,2024,2025-01-26 14:00:00,Le Havre,Brest,H,0.696232,2.38282,0,1,-1.6865880000000002
28224,Ligue_1,2024,2025-02-02 16:15:00,Le Havre,Angers,A,2.19254,1.77333,1,1,0.4192100000000001
28231,Ligue_1,2024,2025-02-08 16:00:00,Le Havre,Lille,A,1.65349,1.76979,2,1,-0.11630000000000007
28244,Ligue_1,2024,2025-02-16 16:15:00,Le Havre,Nice,H,0.555829,1.22276,1,3,-0.666931
28247,Ligue_1,2024,2025-02-23 16:15:00,Le Havre,Toulouse,H,1.04249,2.60783,1,4,-1.56534
28260,Ligue_1,2024,2025-03-01 18:00:00,Le Havre,Lens,A,1.73131,2.02687,4,3,-0.29556000000000027
28264,Ligue_1,2024,2025-03-09 16:15:00,Le Havre,Saint-Etienne,H,2.15479,1.3916,1,1,0.7631900000000003
28277,Ligue_1,2024,2025-03-16 14:00:00,Le Havre,Lyon,A,1.56105,3.58655,2,4,-2.0255
28284,Ligue_1,2024,2025-03-30 16:15:00,Le Havre,Nantes,H,4.01379,1.06585,3,2,2.94794
28294,Ligue_1,2024,2025-04-06 15:15:00,Le Havre,Montpellier,A,1.72977,0.956146,2,0,0.773624
28301,Ligue_1,2024,2025-04-13 15:15:00,Le Havre,Rennes,H,0.718016,3.72188,1,5,-3.003864
28313,Ligue_1,2024,2025-04-19 15:00:00,Le Havre,Paris Saint Germain,A,0.709291,3.19233,1,2,-2.483039
28318,Ligue_1,2024,2025-04-26 17:00:00,Le Havre,Monaco,H,0.807798,3.28954,1,1,-2.481742
28329,Ligue_1,2024,2025-05-04 15:15:00,Le Havre,Auxerre,A,1.30285,0.32277,2,1,0.9800800000000001
28339,Ligue_1,2024,2025-05-10 19:00:00,Le Havre,Marseille,H,1.10297,2.16132,1,3,-1.05835
28345,Ligue_1,2024,2025-05-17 19:00:00,Le Havre,Strasbourg,A,2.49529,1.74414,3,2,0.7511499999999998
29540,Ligue_1,2025,2025-08-16 17:00:00,Le Havre,Monaco,A,0.427494,1.88048,1,3,-1.4529859999999999
29553,Ligue_1,2025,2025-08-24 15:15:00,Le Havre,Lens,H,2.0398,1.29098,1,2,0.74882
29561,Ligue_1,2025,2025-08-31 15:15:00,Le Havre,Nice,H,1.75553,0.715595,3,1,1.039935
29573,Ligue_1,2025,2025-09-14 15:15:00,Le Havre,Strasbourg,A,0.524832,1.43354,0,1,-0.9087080000000001
29576,Ligue_1,2025,2025-09-21 15:15:00,Le Havre,Lorient,H,2.23396,1.26993,1,1,0.9640300000000002
29586,Ligue_1,2025,2025-09-28 15:15:00,Le Havre,Metz,A,0.395921,0.39939,0,0,-0.003469
29594,Ligue_1,2025,2025-10-05 15:15:00,Le Havre,Rennes,H,1.98097,1.21285,2,2,0.7681199999999999
29604,Ligue_1,2025,2025-10-18 19:05:00,Le Havre,Marseille,A,0.352985,4.20445,2,6,-3.8514649999999997
29611,Ligue_1,2025,2025-10-26 15:15:00,Le Havre,Auxerre,A,1.52215,0.563862,1,0,0.9582879999999999
29619,Ligue_1,2025,2025-10-29 17:00:00,Le Havre,Brest,H,0.556063,0.370311,1,0,0.18575199999999997
29636,Ligue_1,2025,2025-11-02 16:15:00,Le Havre,Toulouse,A,1.07299,1.07851,0,0,-0.005519999999999969
29638,Ligue_1,2025,2025-11-08 18:00:00,Le Havre,Nantes,H,0.984753,0.353936,1,1,0.630817
29652,Ligue_1,2025,2025-11-22 20:05:00,Le Havre,Paris Saint Germain,A,1.28573,4.11577,0,3,-2.8300400000000003
29656,Ligue_1,2025,2025-11-30 16:15:00,Le Havre,Lille,H,0.867678,1.35017,0,1,-0.48249200000000014
29666,Ligue_1,2025,2025-12-07 16:15:00,Le Havre,Paris FC,H,1.93371,1.2524,0,0,0.6813100000000001
29679,Ligue_1,2025,2025-12-14 14:00:00,Le Havre,Lyon,A,1.44459,2.9604,0,1,-1.5158099999999999
29683,Ligue_1,2025,2026-01-04 16:15:00,Le Havre,Angers,H,1.54881,0.730978,2,1,0.817832
29697,Ligue_1,2025,2026-01-18 16:15:00,Le Havre,Rennes,A,0.538741,2.54723,1,1,-2.008489
29702,Ligue_1,2025,2026-01-24 18:00:00,Le Havre,Monaco,H,0.171551,0.562454,0,0,-0.390903
29710,Ligue_1,2025,2026-01-30 19:45:00,Le Havre,Lens,A,0.407119,1.60367,0,1,-1.196551
29721,Ligue_1,2025,2026-02-08 16:15:00,Le Havre,Strasbourg,H,0.856821,0.51294,2,1,0.3438810000000001
29727,Ligue_1,2025,2026-02-15 14:00:00,Le Havre,Toulouse,H,0.977711,3.12342,2,1,-2.145709
29740,Ligue_1,2025,2026-02-22 16:15:00,Le Havre,Nantes,A,0.753349,1.70753,0,2,-0.954181
29745,Ligue_1,2025,2026-02-28 20:05:00,Le Havre,Paris Saint Germain,H,0.682797,4.03627,0,1,-3.353473
29755,Ligue_1,2025,2026-03-08 16:15:00,Le Havre,Brest,A,1.10286,1.26459,0,2,-0.16173000000000015
29764,Ligue_1,2025,2026-03-15 16:15:00,Le Havre,Lyon,H,0.640079,1.13833,0,0,-0.4982510000000001
29778,Ligue_1,2025,2026-03-22 16:15:00,Le Havre,Paris FC,A,1.74386,2.42628,2,3,-0.6824200000000002
29783,Ligue_1,2025,2026-04-05 15:15:00,Le Havre,Auxerre,H,0.711193,2.40825,1,1,-1.6970569999999998
29795,Ligue_1,2025,2026-04-12 15:15:00,Le Havre,Nice,A,2.12622,2.14773,1,1,-0.02151000000000014
29799,Ligue_1,2025,2026-04-18 17:00:00,Le Havre,Angers,A,1.54566,0.961095,1,1,0.584565
29810,Ligue_1,2025,2026-04-26 15:15:00,Le Havre,Metz,H,2.64995,1.88709,4,4,0.7628600000000001
29818,Ligue_1,2025,2026-05-03 13:00:00,Le Havre,Lille,A,0.334256,1.9163,1,1,-1.5820439999999998
29828,Ligue_1,2025,2026-05-10 19:00:00,Le Havre,Marseille,H,1.23305,1.03467,0,1,0.19838
29837,Ligue_1,2025,2026-05-17 19:00:00,Le Havre,Lorient,A,1.28765,1.26937,2,0,0.018279999999999852
28055,Ligue_1,2024,2024-08-18 15:00:00,Lens,Angers,A,1.04077,0.297792,1,0,0.7429779999999999
28061,Ligue_1,2024,2024-08-25 13:00:00,Lens,Brest,H,4.01926,0.695576,2,0,3.323684
28070,Ligue_1,2024,2024-09-01 13:00:00,Lens,Monaco,A,1.91297,0.905621,1,1,1.007349
28078,Ligue_1,2024,2024-09-15 18:45:00,Lens,Lyon,H,0.623644,0.529029,0,0,0.094615
28091,Ligue_1,2024,2024-09-21 17:00:00,Lens,Rennes,A,0.853348,1.34636,1,1,-0.493012
28096,Ligue_1,2024,2024-09-28 15:00:00,Lens,Nice,H,2.06424,0.9614,0,0,1.1028399999999998
28110,Ligue_1,2024,2024-10-06 15:00:00,Lens,Strasbourg,A,1.43012,1.31135,2,2,0.11877000000000004
28117,Ligue_1,2024,2024-10-19 17:00:00,Lens,Saint-Etienne,A,1.35593,0.782727,2,0,0.5732030000000001
28120,Ligue_1,2024,2024-10-26 19:00:00,Lens,Lille,H,0.865293,1.47637,0,2,-0.611077
28130,Ligue_1,2024,2024-11-02 16:00:00,Lens,Paris Saint Germain,A,0.803421,2.76932,0,1,-1.9658989999999998
28139,Ligue_1,2024,2024-11-09 18:00:00,Lens,Nantes,H,3.74705,1.49891,3,2,2.2481400000000002
28148,Ligue_1,2024,2024-11-23 16:00:00,Lens,Marseille,H,2.1723,1.37895,1,3,0.79335
28156,Ligue_1,2024,2024-11-29 19:45:00,Lens,Reims,A,1.40788,0.589301,2,0,0.8185790000000001
28170,Ligue_1,2024,2024-12-08 14:00:00,Lens,Montpellier,H,1.10272,1.51819,2,0,-0.41547
28177,Ligue_1,2024,2024-12-14 18:00:00,Lens,Auxerre,A,1.73768,0.51026,2,2,1.22742
28185,Ligue_1,2024,2025-01-05 14:00:00,Lens,Toulouse,H,1.32887,2.19226,0,1,-0.8633900000000001
28196,Ligue_1,2024,2025-01-12 14:00:00,Lens,Le Havre,A,3.10793,1.84216,2,1,1.26577
28202,Ligue_1,2024,2025-01-18 16:00:00,Lens,Paris Saint Germain,H,1.34901,1.57299,1,2,-0.22398000000000007
28215,Ligue_1,2024,2025-01-26 16:15:00,Lens,Angers,H,2.01118,0.0813578,1,0,1.9298222
28221,Ligue_1,2024,2025-01-31 19:45:00,Lens,Montpellier,A,3.21001,1.11121,2,0,2.0987999999999998
28236,Ligue_1,2024,2025-02-08 16:00:00,Lens,Nice,A,1.02488,3.37347,0,2,-2.34859
28240,Ligue_1,2024,2025-02-16 16:15:00,Lens,Strasbourg,H,0.265561,1.97845,0,2,-1.712889
28250,Ligue_1,2024,2025-02-23 14:00:00,Lens,Nantes,A,2.06191,4.25273,1,3,-2.1908199999999995
28260,Ligue_1,2024,2025-03-01 18:00:00,Lens,Le Havre,H,2.02687,1.73131,3,4,0.29556000000000027
28272,Ligue_1,2024,2025-03-08 20:05:00,Lens,Marseille,A,1.23993,1.18945,1,0,0.05048000000000008
28278,Ligue_1,2024,2025-03-15 20:05:00,Lens,Rennes,H,0.643819,0.653605,1,0,-0.009785999999999961
28289,Ligue_1,2024,2025-03-30 19:45:00,Lens,Lille,A,0.596446,1.95492,0,1,-1.358474
28296,Ligue_1,2024,2025-04-06 13:00:00,Lens,Saint-Etienne,H,2.50421,1.69228,1,0,0.81193
28307,Ligue_1,2024,2025-04-11 18:45:00,Lens,Reims,H,2.71917,1.44859,0,2,1.27058
28311,Ligue_1,2024,2025-04-20 15:15:00,Lens,Brest,A,2.98551,1.05399,3,1,1.9315200000000001
28322,Ligue_1,2024,2025-04-27 15:15:00,Lens,Auxerre,H,2.31455,2.38411,0,4,-0.06956000000000007
28330,Ligue_1,2024,2025-05-04 15:15:00,Lens,Lyon,A,0.952824,1.1801,2,1,-0.22727599999999992
28342,Ligue_1,2024,2025-05-10 19:00:00,Lens,Toulouse,A,0.766404,1.12406,1,1,-0.3576560000000001
28349,Ligue_1,2024,2025-05-17 19:00:00,Lens,Monaco,H,2.49045,0.481188,4,0,2.009262
29539,Ligue_1,2025,2025-08-16 15:00:00,Lens,Lyon,H,1.87447,1.615,0,1,0.2594700000000001
29553,Ligue_1,2025,2025-08-24 15:15:00,Lens,Le Havre,A,1.29098,2.0398,2,1,-0.74882
29556,Ligue_1,2025,2025-08-29 18:45:00,Lens,Brest,H,4.42054,0.963409,3,1,3.457131
29571,Ligue_1,2025,2025-09-14 15:15:00,Lens,Paris Saint Germain,A,1.2242,1.05815,0,2,0.16605000000000003
29577,Ligue_1,2025,2025-09-20 19:05:00,Lens,Lille,H,3.8174,1.89889,3,0,1.9185100000000002
29589,Ligue_1,2025,2025-09-28 18:45:00,Lens,Rennes,A,1.51932,1.57438,0,0,-0.05505999999999989
29592,Ligue_1,2025,2025-10-04 19:05:00,Lens,Auxerre,A,0.471027,1.27422,2,1,-0.8031929999999999
29602,Ligue_1,2025,2025-10-19 13:00:00,Lens,Paris FC,H,1.98018,0.583966,2,1,1.396214
29612,Ligue_1,2025,2025-10-25 19:05:00,Lens,Marseille,H,1.87596,0.765479,2,1,1.110481
29625,Ligue_1,2025,2025-10-29 17:00:00,Lens,Metz,A,1.23771,3.11925,0,2,-1.88154
29630,Ligue_1,2025,2025-11-02 16:15:00,Lens,Lorient,H,3.21467,1.98367,3,0,1.2309999999999999
29643,Ligue_1,2025,2025-11-08 20:05:00,Lens,Monaco,A,3.23933,2.4076,4,1,0.8317299999999999
29648,Ligue_1,2025,2025-11-22 16:00:00,Lens,Strasbourg,H,2.2242,0.400272,1,0,1.8239280000000002
29655,Ligue_1,2025,2025-11-30 16:15:00,Lens,Angers,A,1.96335,1.10642,2,1,0.85693
29669,Ligue_1,2025,2025-12-06 16:00:00,Lens,Nantes,A,3.26397,1.1817,2,1,2.0822700000000003
29675,Ligue_1,2025,2025-12-14 16:15:00,Lens,Nice,H,1.91622,0.733412,2,0,1.182808
29690,Ligue_1,2025,2026-01-02 19:45:00,Lens,Toulouse,A,2.67769,0.46972,3,0,2.20797
29692,Ligue_1,2025,2026-01-17 16:00:00,Lens,Auxerre,H,2.61821,0.393025,1,0,2.2251849999999997
29704,Ligue_1,2025,2026-01-24 20:05:00,Lens,Marseille,A,1.00288,1.07239,1,3,-0.06950999999999996
29710,Ligue_1,2025,2026-01-30 19:45:00,Lens,Le Havre,H,1.60367,0.407119,1,0,1.196551
29722,Ligue_1,2025,2026-02-08 14:00:00,Lens,Rennes,H,1.01131,1.33597,3,1,-0.32466000000000017
29734,Ligue_1,2025,2026-02-14 20:05:00,Lens,Paris FC,A,3.50163,0.399344,5,0,3.102286
29739,Ligue_1,2025,2026-02-21 16:00:00,Lens,Monaco,H,1.82827,2.34004,2,3,-0.5117700000000001
29753,Ligue_1,2025,2026-02-27 19:45:00,Lens,Strasbourg,A,2.03807,0.874721,1,1,1.1633489999999997
29756,Ligue_1,2025,2026-03-08 14:00:00,Lens,Metz,H,2.22106,0.250806,3,0,1.9702540000000002
29765,Ligue_1,2025,2026-03-14 16:00:00,Lens,Lorient,A,1.01216,2.37345,1,2,-1.3612900000000001
29773,Ligue_1,2025,2026-03-20 19:45:00,Lens,Angers,H,4.33933,1.15185,5,1,3.1874800000000003
29784,Ligue_1,2025,2026-04-04 19:05:00,Lens,Lille,A,0.412713,3.82171,0,3,-3.408997
29800,Ligue_1,2025,2026-04-17 18:45:00,Lens,Toulouse,H,3.98387,0.578481,3,2,3.405389
29809,Ligue_1,2025,2026-04-24 18:45:00,Lens,Brest,A,3.24582,0.309794,3,3,2.936026
29822,Ligue_1,2025,2026-05-03 13:00:00,Lens,Nice,A,1.55241,1.33864,1,1,0.21377000000000002
29829,Ligue_1,2025,2026-05-08 18:45:00,Lens,Nantes,H,0.719134,1.06721,1,0,-0.34807599999999994
29792,Ligue_1,2025,2026-05-13 19:00:00,Lens,Paris Saint Germain,H,3.03896,0.943876,0,2,2.095084
29838,Ligue_1,2025,2026-05-17 19:00:00,Lens,Lyon,A,2.01573,1.12358,4,0,0.89215
28050,Ligue_1,2024,2024-08-17 17:00:00,Lille,Reims,A,2.31711,0.0758907,2,0,2.2412193
28059,Ligue_1,2024,2024-08-24 17:00:00,Lille,Angers,H,1.25796,0.737042,2,0,0.520918
28074,Ligue_1,2024,2024-09-01 18:45:00,Lille,Paris Saint Germain,H,1.57562,3.24139,1,3,-1.66577
28075,Ligue_1,2024,2024-09-13 18:30:00,Lille,Saint-Etienne,A,2.73176,1.1774,0,1,1.55436
28090,Ligue_1,2024,2024-09-21 15:00:00,Lille,Strasbourg,H,2.30213,3.02005,3,3,-0.7179199999999999
28098,Ligue_1,2024,2024-09-28 17:00:00,Lille,Le Havre,A,3.5706,0.488988,3,0,3.0816120000000002
28106,Ligue_1,2024,2024-10-05 17:00:00,Lille,Toulouse,H,1.37754,1.43654,2,1,-0.05899999999999994
28111,Ligue_1,2024,2024-10-18 18:45:00,Lille,Monaco,A,0.163769,1.1914,0,0,-1.027631
28120,Ligue_1,2024,2024-10-26 19:00:00,Lille,Lens,A,1.47637,0.865293,2,0,0.611077
28136,Ligue_1,2024,2024-11-01 20:00:00,Lille,Lyon,H,1.67241,1.58011,1,1,0.09230000000000005
28141,Ligue_1,2024,2024-11-10 14:00:00,Lille,Nice,A,2.19562,1.92983,2,2,0.26578999999999997
28151,Ligue_1,2024,2024-11-24 14:00:00,Lille,Rennes,H,0.641516,0.178059,1,0,0.463457
28160,Ligue_1,2024,2024-12-01 14:00:00,Lille,Montpellier,A,2.06485,1.28241,2,2,0.7824399999999998
28169,Ligue_1,2024,2024-12-06 18:00:00,Lille,Brest,H,3.01042,0.740372,3,1,2.270048
28181,Ligue_1,2024,2024-12-14 16:00:00,Lille,Marseille,A,1.24013,1.21515,1,1,0.024980000000000002
28188,Ligue_1,2024,2025-01-04 18:00:00,Lille,Nantes,H,1.13415,1.07277,1,1,0.06137999999999999
28194,Ligue_1,2024,2025-01-10 20:00:00,Lille,Auxerre,A,1.51829,0.601359,0,0,0.9169309999999999
28203,Ligue_1,2024,2025-01-17 20:05:00,Lille,Nice,H,1.29219,2.90437,2,1,-1.6121800000000002
28210,Ligue_1,2024,2025-01-25 18:00:00,Lille,Strasbourg,A,1.95469,1.19703,1,2,0.75766
28222,Ligue_1,2024,2025-02-01 20:05:00,Lille,Saint-Etienne,H,2.74822,2.10343,4,1,0.64479
28231,Ligue_1,2024,2025-02-08 16:00:00,Lille,Le Havre,H,1.76979,1.65349,1,2,0.11630000000000007
28242,Ligue_1,2024,2025-02-16 19:45:00,Lille,Rennes,A,3.01977,0.417057,2,0,2.6027129999999996
28248,Ligue_1,2024,2025-02-22 16:00:00,Lille,Monaco,H,1.04956,2.78007,2,1,-1.7305099999999998
28255,Ligue_1,2024,2025-03-01 20:05:00,Lille,Paris Saint Germain,A,0.872733,3.59846,1,4,-2.725727
28270,Ligue_1,2024,2025-03-08 18:00:00,Lille,Montpellier,H,1.7771,0.305936,1,0,1.471164
28280,Ligue_1,2024,2025-03-15 16:00:00,Lille,Nantes,A,2.45036,2.00991,0,1,0.4404499999999998
28289,Ligue_1,2024,2025-03-30 19:45:00,Lille,Lens,H,1.95492,0.596446,1,0,1.358474
28295,Ligue_1,2024,2025-04-05 19:05:00,Lille,Lyon,A,0.656931,1.75398,1,2,-1.0970490000000002
28300,Ligue_1,2024,2025-04-12 17:00:00,Lille,Toulouse,A,0.599675,0.982005,2,1,-0.38233000000000006
28312,Ligue_1,2024,2025-04-20 13:00:00,Lille,Auxerre,H,2.97047,0.280948,3,1,2.689522
28323,Ligue_1,2024,2025-04-27 13:00:00,Lille,Angers,A,2.22596,0.916985,2,0,1.3089750000000002
28331,Ligue_1,2024,2025-05-04 18:45:00,Lille,Marseille,H,0.682721,1.42571,1,1,-0.742989
28343,Ligue_1,2024,2025-05-10 19:00:00,Lille,Brest,A,1.84479,1.88589,0,2,-0.041100000000000136
28353,Ligue_1,2024,2025-05-17 19:00:00,Lille,Reims,H,2.31624,0.0983246,2,1,2.2179154
29542,Ligue_1,2025,2025-08-17 13:00:00,Lille,Brest,A,1.84218,1.49573,3,3,0.3464499999999999
29555,Ligue_1,2025,2025-08-24 18:45:00,Lille,Monaco,H,2.41091,1.52213,1,0,0.8887799999999999
29557,Ligue_1,2025,2025-08-30 15:00:00,Lille,Lorient,A,3.70255,1.1603,7,1,2.54225
29567,Ligue_1,2025,2025-09-14 13:00:00,Lille,Toulouse,H,2.42116,1.15678,2,1,1.26438
29577,Ligue_1,2025,2025-09-20 19:05:00,Lille,Lens,A,1.89889,3.8174,0,3,-1.9185100000000002
29584,Ligue_1,2025,2025-09-28 15:15:00,Lille,Lyon,H,1.65271,0.642572,0,1,1.010138
29595,Ligue_1,2025,2025-10-05 18:45:00,Lille,Paris Saint Germain,H,0.647492,1.71207,1,1,-1.064578
29605,Ligue_1,2025,2025-10-19 18:45:00,Lille,Nantes,A,2.7603,0.772603,2,0,1.9876969999999998
29617,Ligue_1,2025,2025-10-26 13:00:00,Lille,Metz,H,3.85054,1.01476,6,1,2.8357799999999997
29623,Ligue_1,2025,2025-10-29 17:00:00,Lille,Nice,A,0.661109,1.74459,0,2,-1.0834810000000001
29631,Ligue_1,2025,2025-11-02 16:15:00,Lille,Angers,H,2.2089,0.277522,1,0,1.9313779999999998
29645,Ligue_1,2025,2025-11-09 16:15:00,Lille,Strasbourg,A,0.480004,0.768163,0,2,-0.28815900000000005
29649,Ligue_1,2025,2025-11-23 19:45:00,Lille,Paris FC,H,4.14474,1.50332,4,2,2.6414199999999997
29656,Ligue_1,2025,2025-11-30 16:15:00,Lille,Le Havre,A,1.35017,0.867678,1,0,0.48249200000000014
29667,Ligue_1,2025,2025-12-05 20:00:00,Lille,Marseille,H,0.572302,0.902813,1,0,-0.330511
29674,Ligue_1,2025,2025-12-14 16:15:00,Lille,Auxerre,A,0.733512,2.50862,4,3,-1.775108
29684,Ligue_1,2025,2026-01-03 20:05:00,Lille,Rennes,H,1.06111,1.49739,0,2,-0.43628
29696,Ligue_1,2025,2026-01-16 20:00:00,Lille,Paris Saint Germain,A,0.67995,1.29284,0,3,-0.6128899999999999
29703,Ligue_1,2025,2026-01-25 19:45:00,Lille,Strasbourg,H,1.74087,3.56512,1,4,-1.82425
29712,Ligue_1,2025,2026-02-01 14:00:00,Lille,Lyon,A,0.390671,0.616999,0,1,-0.22632799999999997
29723,Ligue_1,2025,2026-02-08 14:00:00,Lille,Metz,A,1.53538,0.581838,0,0,0.953542
29728,Ligue_1,2025,2026-02-14 18:00:00,Lille,Brest,H,1.77426,0.841964,1,1,0.9322959999999999
29736,Ligue_1,2025,2026-02-22 16:15:00,Lille,Angers,A,2.74265,0.24039,1,0,2.5022599999999997
29746,Ligue_1,2025,2026-03-01 16:15:00,Lille,Nantes,H,0.495693,0.171014,1,0,0.324679
29757,Ligue_1,2025,2026-03-08 16:15:00,Lille,Lorient,H,0.850092,0.929269,1,1,-0.07917700000000005
29770,Ligue_1,2025,2026-03-15 19:45:00,Lille,Rennes,A,1.3508,1.5463,2,1,-0.1955
29775,Ligue_1,2025,2026-03-22 16:15:00,Lille,Marseille,A,1.61107,1.02929,2,1,0.58178
29784,Ligue_1,2025,2026-04-04 19:05:00,Lille,Lens,H,3.82171,0.412713,3,0,3.408997
29798,Ligue_1,2025,2026-04-12 15:15:00,Lille,Toulouse,A,2.08775,1.46514,4,0,0.6226100000000001
29801,Ligue_1,2025,2026-04-18 19:05:00,Lille,Nice,H,0.413432,0.171356,0,0,0.242076
29814,Ligue_1,2025,2026-04-26 15:15:00,Lille,Paris FC,A,1.75999,1.12423,1,0,0.6357599999999999
29818,Ligue_1,2025,2026-05-03 13:00:00,Lille,Le Havre,H,1.9163,0.334256,1,1,1.5820439999999998
29831,Ligue_1,2025,2026-05-10 19:00:00,Lille,Monaco,A,0.400405,0.308864,1,0,0.09154099999999998
29836,Ligue_1,2025,2026-05-17 19:00:00,Lille,Auxerre,H,1.22445,0.615778,0,2,0.608672
29543,Ligue_1,2025,2025-08-17 15:15:00,Lorient,Auxerre,A,1.84516,1.4925,0,1,0.35266
29551,Ligue_1,2025,2025-08-24 13:00:00,Lorient,Rennes,H,3.4466,0.0728372,4,0,3.3737628
29557,Ligue_1,2025,2025-08-30 15:00:00,Lorient,Lille,H,1.1603,3.70255,1,7,-2.54225
29568,Ligue_1,2025,2025-09-12 18:45:00,Lorient,Marseille,A,0.187377,2.83367,0,4,-2.646293
29576,Ligue_1,2025,2025-09-21 15:15:00,Lorient,Le Havre,A,1.26993,2.23396,1,1,-0.9640300000000002
29585,Ligue_1,2025,2025-09-27 15:00:00,Lorient,Monaco,H,2.09364,0.894035,3,1,1.199605
29599,Ligue_1,2025,2025-10-03 18:45:00,Lorient,Paris FC,A,0.855852,1.83687,0,2,-0.9810180000000001
29603,Ligue_1,2025,2025-10-19 15:15:00,Lorient,Brest,H,1.5878,1.56803,3,3,0.019770000000000065
29610,Ligue_1,2025,2025-10-26 15:15:00,Lorient,Angers,A,2.00206,1.30397,0,2,0.6980900000000001
29621,Ligue_1,2025,2025-10-29 17:00:00,Lorient,Paris Saint Germain,H,0.192946,1.28813,1,1,-1.095184
29630,Ligue_1,2025,2025-11-02 16:15:00,Lorient,Lens,A,1.98367,3.21467,0,3,-1.2309999999999999
29639,Ligue_1,2025,2025-11-09 14:00:00,Lorient,Toulouse,H,1.26999,1.15206,1,1,0.11792999999999987
29650,Ligue_1,2025,2025-11-23 16:15:00,Lorient,Nantes,A,0.352154,0.915515,1,1,-0.563361
29657,Ligue_1,2025,2025-11-30 16:15:00,Lorient,Nice,H,3.49255,1.3285,3,1,2.16405
29668,Ligue_1,2025,2025-12-07 19:45:00,Lorient,Lyon,H,2.48644,0.475087,1,0,2.011353
29680,Ligue_1,2025,2025-12-14 16:15:00,Lorient,Strasbourg,A,0.415871,0.911848,0,0,-0.495977
29685,Ligue_1,2025,2026-01-04 16:15:00,Lorient,Metz,H,1.55407,0.364932,1,1,1.189138
29694,Ligue_1,2025,2026-01-16 18:00:00,Lorient,Monaco,A,1.17141,1.31321,3,1,-0.14179999999999993
29708,Ligue_1,2025,2026-01-24 16:00:00,Lorient,Rennes,A,1.10359,1.88241,2,0,-0.7788199999999998
29711,Ligue_1,2025,2026-01-31 18:00:00,Lorient,Nantes,H,0.777027,1.20179,2,1,-0.4247629999999999
29720,Ligue_1,2025,2026-02-08 14:00:00,Lorient,Brest,A,0.720569,2.05135,0,2,-1.3307809999999998
29729,Ligue_1,2025,2026-02-15 16:15:00,Lorient,Angers,H,1.4393,0.406012,2,0,1.033288
29741,Ligue_1,2025,2026-02-22 16:15:00,Lorient,Nice,A,1.97697,2.74646,3,3,-0.76949
29747,Ligue_1,2025,2026-03-01 16:15:00,Lorient,Auxerre,H,1.02766,1.96667,2,2,-0.9390099999999999
29757,Ligue_1,2025,2026-03-08 16:15:00,Lorient,Lille,A,0.929269,0.850092,1,1,0.07917700000000005
29765,Ligue_1,2025,2026-03-14 16:00:00,Lorient,Lens,H,2.37345,1.01216,2,1,1.3612900000000001
29780,Ligue_1,2025,2026-03-21 16:00:00,Lorient,Toulouse,A,0.477676,1.48458,0,1,-1.006904
29785,Ligue_1,2025,2026-04-05 15:15:00,Lorient,Paris FC,H,1.16554,1.39879,1,1,-0.23324999999999996
29793,Ligue_1,2025,2026-04-12 18:45:00,Lorient,Lyon,A,1.57488,1.84879,0,2,-0.2739099999999999
29802,Ligue_1,2025,2026-04-18 15:00:00,Lorient,Marseille,H,1.28628,2.13073,2,0,-0.8444499999999997
29811,Ligue_1,2025,2026-04-26 13:00:00,Lorient,Strasbourg,H,2.57081,1.98869,2,3,0.5821199999999997
29824,Ligue_1,2025,2026-05-03 13:00:00,Lorient,Paris Saint Germain,A,1.27737,2.98414,2,2,-1.7067700000000001
29830,Ligue_1,2025,2026-05-10 19:00:00,Lorient,Metz,A,1.76754,0.730271,4,0,1.0372689999999998
29837,Ligue_1,2025,2026-05-17 19:00:00,Lorient,Le Havre,H,1.26937,1.28765,0,2,-0.018279999999999852
28056,Ligue_1,2024,2024-08-18 18:45:00,Lyon,Rennes,A,2.20066,2.57411,0,3,-0.37345000000000006
28058,Ligue_1,2024,2024-08-24 15:00:00,Lyon,Monaco,H,0.0144803,2.60916,0,2,-2.5946797000000004
28066,Ligue_1,2024,2024-08-30 18:45:00,Lyon,Strasbourg,H,3.22754,2.44695,4,3,0.7805899999999997
28078,Ligue_1,2024,2024-09-15 18:45:00,Lyon,Lens,A,0.529029,0.623644,0,0,-0.094615
28084,Ligue_1,2024,2024-09-22 18:45:00,Lyon,Marseille,H,3.89273,0.675578,2,3,3.2171519999999996
28099,Ligue_1,2024,2024-09-29 13:00:00,Lyon,Toulouse,A,0.730803,0.716626,2,1,0.014176999999999995
28102,Ligue_1,2024,2024-10-06 13:00:00,Lyon,Nantes,H,2.43324,0.765938,2,0,1.667302
28115,Ligue_1,2024,2024-10-20 13:00:00,Lyon,Le Havre,A,2.76676,0.360268,4,0,2.406492
28126,Ligue_1,2024,2024-10-27 14:00:00,Lyon,Auxerre,H,2.21183,1.0609,2,2,1.15093
28136,Ligue_1,2024,2024-11-01 20:00:00,Lyon,Lille,A,1.58011,1.67241,1,1,-0.09230000000000005
28145,Ligue_1,2024,2024-11-10 19:45:00,Lyon,Saint-Etienne,H,2.28647,0.703111,1,0,1.583359
28155,Ligue_1,2024,2024-11-23 20:00:00,Lyon,Reims,A,1.92683,1.17295,1,1,0.7538800000000001
28163,Ligue_1,2024,2024-12-01 16:00:00,Lyon,Nice,H,2.88467,2.03621,4,1,0.8484599999999998
28168,Ligue_1,2024,2024-12-07 20:00:00,Lyon,Angers,A,2.02701,0.505438,3,0,1.5215720000000001
28182,Ligue_1,2024,2024-12-15 19:45:00,Lyon,Paris Saint Germain,A,1.23945,2.59615,1,3,-1.3567000000000002
28184,Ligue_1,2024,2025-01-04 20:00:00,Lyon,Montpellier,H,1.07725,1.55585,1,0,-0.4785999999999999
28198,Ligue_1,2024,2025-01-11 16:00:00,Lyon,Brest,A,1.40093,1.28964,1,2,0.11129000000000011
28204,Ligue_1,2024,2025-01-18 20:05:00,Lyon,Toulouse,H,0.619056,1.36611,0,0,-0.7470539999999999
28218,Ligue_1,2024,2025-01-26 16:15:00,Lyon,Nantes,A,1.61762,1.62983,1,1,-0.012209999999999832
28219,Ligue_1,2024,2025-02-02 19:45:00,Lyon,Marseille,A,1.83806,3.61972,2,3,-1.78166
28234,Ligue_1,2024,2025-02-09 14:00:00,Lyon,Reims,H,3.24979,0.307882,4,0,2.9419079999999997
28239,Ligue_1,2024,2025-02-16 14:00:00,Lyon,Montpellier,A,1.59077,1.33893,4,1,0.25184000000000006
28254,Ligue_1,2024,2025-02-23 19:45:00,Lyon,Paris Saint Germain,H,1.76184,2.74583,2,3,-0.9839900000000001
28257,Ligue_1,2024,2025-03-02 14:00:00,Lyon,Brest,H,1.54474,1.89282,2,1,-0.34807999999999995
28268,Ligue_1,2024,2025-03-09 19:45:00,Lyon,Nice,A,0.78019,1.50591,2,0,-0.72572
28277,Ligue_1,2024,2025-03-16 14:00:00,Lyon,Le Havre,H,3.58655,1.56105,4,2,2.0255
28285,Ligue_1,2024,2025-03-28 19:45:00,Lyon,Strasbourg,A,2.87161,1.77552,2,4,1.09609
28295,Ligue_1,2024,2025-04-05 19:05:00,Lyon,Lille,H,1.75398,0.656931,2,1,1.0970490000000002
28302,Ligue_1,2024,2025-04-13 18:45:00,Lyon,Auxerre,A,3.11801,1.00397,3,1,2.11404
28309,Ligue_1,2024,2025-04-20 18:45:00,Lyon,Saint-Etienne,A,0.632299,1.74645,1,2,-1.1141510000000001
28326,Ligue_1,2024,2025-04-26 19:05:00,Lyon,Rennes,H,2.25879,0.781584,4,1,1.4772059999999998
28330,Ligue_1,2024,2025-05-04 15:15:00,Lyon,Lens,H,1.1801,0.952824,1,2,0.22727599999999992
28344,Ligue_1,2024,2025-05-10 19:00:00,Lyon,Monaco,A,0.390411,1.48659,0,2,-1.096179
28348,Ligue_1,2024,2025-05-17 19:00:00,Lyon,Angers,H,3.75818,0.556633,2,0,3.2015469999999997
29539,Ligue_1,2025,2025-08-16 15:00:00,Lyon,Lens,A,1.615,1.87447,1,0,-0.2594700000000001
29550,Ligue_1,2025,2025-08-23 19:05:00,Lyon,Metz,H,2.35479,0.504863,3,0,1.849927
29564,Ligue_1,2025,2025-08-31 18:45:00,Lyon,Marseille,H,3.15727,0.896862,1,0,2.260408
29572,Ligue_1,2025,2025-09-14 18:45:00,Lyon,Rennes,A,1.7381,2.20918,1,3,-0.47107999999999994
29578,Ligue_1,2025,2025-09-19 18:45:00,Lyon,Angers,H,2.20483,0.677354,1,0,1.5274759999999998
29584,Ligue_1,2025,2025-09-28 15:15:00,Lyon,Lille,A,0.642572,1.65271,1,0,-1.010138
29596,Ligue_1,2025,2025-10-05 13:00:00,Lyon,Toulouse,H,1.42206,1.36525,1,2,0.05681000000000003
29606,Ligue_1,2025,2025-10-18 15:00:00,Lyon,Nice,A,2.89867,1.16366,2,3,1.7350100000000002
29616,Ligue_1,2025,2025-10-26 18:45:00,Lyon,Strasbourg,H,1.14566,0.798152,2,1,0.34750799999999993
29622,Ligue_1,2025,2025-10-29 19:05:00,Lyon,Paris FC,A,1.21871,0.581508,3,3,0.6372019999999999
29629,Ligue_1,2025,2025-11-02 19:45:00,Lyon,Brest,A,0.143862,1.63942,0,0,-1.4955580000000002
29640,Ligue_1,2025,2025-11-09 19:45:00,Lyon,Paris Saint Germain,H,0.712588,1.69872,2,3,-0.986132
29646,Ligue_1,2025,2025-11-23 14:00:00,Lyon,Auxerre,A,1.27606,1.512,0,0,-0.23594000000000004
29658,Ligue_1,2025,2025-11-30 19:45:00,Lyon,Nantes,H,2.1878,0.384922,3,0,1.8028780000000002
29668,Ligue_1,2025,2025-12-07 19:45:00,Lyon,Lorient,A,0.475087,2.48644,0,1,-2.011353
29679,Ligue_1,2025,2025-12-14 14:00:00,Lyon,Le Havre,H,2.9604,1.44459,1,0,1.5158099999999999
29687,Ligue_1,2025,2026-01-03 16:00:00,Lyon,Monaco,A,1.95535,0.799996,3,1,1.155354
29693,Ligue_1,2025,2026-01-18 19:45:00,Lyon,Brest,H,2.62893,1.16318,2,1,1.4657499999999999
29705,Ligue_1,2025,2026-01-25 16:15:00,Lyon,Metz,A,3.34121,1.18331,5,2,2.1578999999999997
29712,Ligue_1,2025,2026-02-01 14:00:00,Lyon,Lille,H,0.616999,0.390671,1,0,0.22632799999999997
29724,Ligue_1,2025,2026-02-08 14:00:00,Lyon,Nantes,A,0.990033,0.795659,1,0,0.19437400000000005
29730,Ligue_1,2025,2026-02-15 19:45:00,Lyon,Nice,H,1.9974,1.30477,2,0,0.6926300000000001
29743,Ligue_1,2025,2026-02-22 19:45:00,Lyon,Strasbourg,A,0.427324,2.22901,1,3,-1.8016860000000001
29748,Ligue_1,2025,2026-03-01 19:45:00,Lyon,Marseille,A,1.78524,1.78764,2,3,-0.0023999999999999577
29758,Ligue_1,2025,2026-03-08 19:45:00,Lyon,Paris FC,H,1.92522,2.32579,1,1,-0.4005700000000001
29764,Ligue_1,2025,2026-03-15 16:15:00,Lyon,Le Havre,A,1.13833,0.640079,0,0,0.4982510000000001
29774,Ligue_1,2025,2026-03-22 14:00:00,Lyon,Monaco,H,1.10723,3.4997,1,2,-2.39247
29781,Ligue_1,2025,2026-04-05 13:00:00,Lyon,Angers,A,0.522379,0.353538,0,0,0.16884100000000002
29793,Ligue_1,2025,2026-04-12 18:45:00,Lyon,Lorient,H,1.84879,1.57488,2,0,0.2739099999999999
29806,Ligue_1,2025,2026-04-19 18:45:00,Lyon,Paris Saint Germain,A,1.20364,3.20455,2,1,-2.0009099999999997
29812,Ligue_1,2025,2026-04-25 13:00:00,Lyon,Auxerre,H,2.16328,0.883316,3,2,1.2799639999999999
29819,Ligue_1,2025,2026-05-03 18:45:00,Lyon,Rennes,H,2.6657,1.06495,4,2,1.6007500000000001
29834,Ligue_1,2025,2026-05-10 19:00:00,Lyon,Toulouse,A,1.56954,1.87108,1,2,-0.30154000000000014
29838,Ligue_1,2025,2026-05-17 19:00:00,Lyon,Lens,H,1.12358,2.01573,0,4,-0.89215
28049,Ligue_1,2024,2024-08-17 15:00:00,Marseille,Brest,A,2.96496,1.51475,5,1,1.45021
28065,Ligue_1,2024,2024-08-25 18:45:00,Marseille,Reims,H,2.94016,1.01201,2,2,1.92815
28069,Ligue_1,2024,2024-08-31 19:00:00,Marseille,Toulouse,A,1.29819,0.485368,3,1,0.8128219999999999
28076,Ligue_1,2024,2024-09-14 15:00:00,Marseille,Nice,H,1.02694,1.72041,2,0,-0.69347
28084,Ligue_1,2024,2024-09-22 18:45:00,Marseille,Lyon,A,0.675578,3.89273,3,2,-3.2171519999999996
28093,Ligue_1,2024,2024-09-29 18:45:00,Marseille,Strasbourg,A,0.782395,1.67455,0,1,-0.892155
28109,Ligue_1,2024,2024-10-04 18:45:00,Marseille,Angers,H,0.896807,1.19435,1,1,-0.297543
28112,Ligue_1,2024,2024-10-20 18:45:00,Marseille,Montpellier,A,3.88109,1.75684,5,0,2.12425
28127,Ligue_1,2024,2024-10-27 19:45:00,Marseille,Paris Saint Germain,H,0.277951,4.04221,0,3,-3.764259
28135,Ligue_1,2024,2024-11-03 19:45:00,Marseille,Nantes,A,0.876221,1.25901,2,1,-0.38278899999999993
28146,Ligue_1,2024,2024-11-08 19:45:00,Marseille,Auxerre,H,2.02831,2.09466,1,3,-0.06635000000000035
28148,Ligue_1,2024,2024-11-23 16:00:00,Marseille,Lens,A,1.37895,2.1723,3,1,-0.79335
28162,Ligue_1,2024,2024-12-01 19:45:00,Marseille,Monaco,H,1.65632,0.958578,2,1,0.697742
28167,Ligue_1,2024,2024-12-08 19:45:00,Marseille,Saint-Etienne,A,2.9851,0.166752,2,0,2.8183480000000003
28181,Ligue_1,2024,2024-12-14 16:00:00,Marseille,Lille,H,1.21515,1.24013,1,1,-0.024980000000000002
28189,Ligue_1,2024,2025-01-05 19:45:00,Marseille,Le Havre,H,3.17491,0.885341,5,1,2.289569
28200,Ligue_1,2024,2025-01-11 20:00:00,Marseille,Rennes,A,2.49254,1.76569,2,1,0.72685
28201,Ligue_1,2024,2025-01-19 19:45:00,Marseille,Strasbourg,H,3.29082,0.854933,1,1,2.435887
28217,Ligue_1,2024,2025-01-26 19:45:00,Marseille,Nice,A,1.11157,2.10992,0,2,-0.9983499999999998
28219,Ligue_1,2024,2025-02-02 19:45:00,Marseille,Lyon,H,3.61972,1.83806,3,2,1.78166
28235,Ligue_1,2024,2025-02-09 19:45:00,Marseille,Angers,A,2.87581,0.367397,2,0,2.508413
28238,Ligue_1,2024,2025-02-15 16:00:00,Marseille,Saint-Etienne,H,5.94236,1.0312,5,1,4.91116
28252,Ligue_1,2024,2025-02-22 20:05:00,Marseille,Auxerre,A,1.22185,1.96607,0,3,-0.7442199999999999
28256,Ligue_1,2024,2025-03-02 19:45:00,Marseille,Nantes,H,2.61727,0.838148,2,0,1.779122
28272,Ligue_1,2024,2025-03-08 20:05:00,Marseille,Lens,H,1.18945,1.23993,0,1,-0.05048000000000008
28273,Ligue_1,2024,2025-03-16 19:45:00,Marseille,Paris Saint Germain,A,0.734284,2.60859,1,3,-1.8743059999999998
28288,Ligue_1,2024,2025-03-29 16:00:00,Marseille,Reims,A,1.07885,1.05547,1,3,0.02338000000000018
28291,Ligue_1,2024,2025-04-06 18:45:00,Marseille,Toulouse,H,1.13222,1.30619,3,2,-0.17396999999999996
28308,Ligue_1,2024,2025-04-12 15:00:00,Marseille,Monaco,A,0.877673,2.91516,0,3,-2.037487
28314,Ligue_1,2024,2025-04-19 19:05:00,Marseille,Montpellier,H,3.82233,0.304052,5,1,3.518278
28325,Ligue_1,2024,2025-04-27 18:45:00,Marseille,Brest,H,1.12568,2.00913,4,1,-0.8834499999999998
28331,Ligue_1,2024,2025-05-04 18:45:00,Marseille,Lille,A,1.42571,0.682721,1,1,0.742989
28339,Ligue_1,2024,2025-05-10 19:00:00,Marseille,Le Havre,A,2.16132,1.10297,3,1,1.05835
28346,Ligue_1,2024,2025-05-17 19:00:00,Marseille,Rennes,H,4.06558,1.40321,4,2,2.6623699999999997
29538,Ligue_1,2025,2025-08-15 18:45:00,Marseille,Rennes,A,2.07298,1.31418,0,1,0.7587999999999999
29548,Ligue_1,2025,2025-08-23 15:00:00,Marseille,Paris FC,H,3.337,1.05457,5,2,2.28243
29564,Ligue_1,2025,2025-08-31 18:45:00,Marseille,Lyon,A,0.896862,3.15727,0,1,-2.260408
29568,Ligue_1,2025,2025-09-12 18:45:00,Marseille,Lorient,H,2.83367,0.187377,4,0,2.646293
29579,Ligue_1,2025,2025-09-22 18:45:00,Marseille,Paris Saint Germain,H,1.77744,0.919565,1,0,0.8578749999999999
29590,Ligue_1,2025,2025-09-26 18:45:00,Marseille,Strasbourg,A,2.00258,1.0976,2,1,0.9049800000000001
29597,Ligue_1,2025,2025-10-04 15:00:00,Marseille,Metz,A,2.67719,0.1529,3,0,2.52429
29604,Ligue_1,2025,2025-10-18 19:05:00,Marseille,Le Havre,H,4.20445,0.352985,6,2,3.8514649999999997
29612,Ligue_1,2025,2025-10-25 19:05:00,Marseille,Lens,A,0.765479,1.87596,1,2,-1.110481
29620,Ligue_1,2025,2025-10-29 19:05:00,Marseille,Angers,H,1.58833,0.996929,2,2,0.5914010000000001
29628,Ligue_1,2025,2025-11-01 20:05:00,Marseille,Auxerre,A,0.698037,1.09464,1,0,-0.39660300000000004
29641,Ligue_1,2025,2025-11-08 16:00:00,Marseille,Brest,H,3.09058,0.69584,3,0,2.39474
29651,Ligue_1,2025,2025-11-21 19:45:00,Marseille,Nice,A,3.09163,1.36131,5,1,1.7303199999999999
29659,Ligue_1,2025,2025-11-29 20:05:00,Marseille,Toulouse,H,1.62768,1.09387,2,2,0.5338100000000001
29667,Ligue_1,2025,2025-12-05 20:00:00,Marseille,Lille,A,0.902813,0.572302,0,1,0.330511
29678,Ligue_1,2025,2025-12-14 19:45:00,Marseille,Monaco,H,2.02467,1.94962,1,0,0.07505000000000006
29686,Ligue_1,2025,2026-01-04 14:00:00,Marseille,Nantes,H,1.14141,3.16795,0,2,-2.02654
29691,Ligue_1,2025,2026-01-17 20:05:00,Marseille,Angers,A,3.91118,1.03735,5,2,2.87383
29704,Ligue_1,2025,2026-01-24 20:05:00,Marseille,Lens,H,1.07239,1.00288,3,1,0.06950999999999996
29715,Ligue_1,2025,2026-01-31 16:00:00,Marseille,Paris FC,A,2.71118,1.82048,2,2,0.8907
29726,Ligue_1,2025,2026-02-08 19:45:00,Marseille,Paris Saint Germain,A,0.90611,4.63077,0,5,-3.72466
29731,Ligue_1,2025,2026-02-14 16:00:00,Marseille,Strasbourg,H,1.61535,2.39153,2,2,-0.7761799999999999
29738,Ligue_1,2025,2026-02-20 19:45:00,Marseille,Brest,A,1.3575,1.33408,0,2,0.023419999999999996
29748,Ligue_1,2025,2026-03-01 19:45:00,Marseille,Lyon,H,1.78764,1.78524,3,2,0.0023999999999999577
29762,Ligue_1,2025,2026-03-07 20:05:00,Marseille,Toulouse,A,1.3226,1.28713,1,0,0.03546999999999989
29766,Ligue_1,2025,2026-03-13 19:45:00,Marseille,Auxerre,H,1.12898,0.293047,1,0,0.835933
29775,Ligue_1,2025,2026-03-22 16:15:00,Marseille,Lille,H,1.02929,1.61107,1,2,-0.58178
29787,Ligue_1,2025,2026-04-05 18:45:00,Marseille,Monaco,A,3.10791,1.67743,1,2,1.43048
29794,Ligue_1,2025,2026-04-10 19:05:00,Marseille,Metz,H,3.31638,0.535052,3,1,2.7813280000000002
29802,Ligue_1,2025,2026-04-18 15:00:00,Marseille,Lorient,A,2.13073,1.28628,0,2,0.8444499999999997
29813,Ligue_1,2025,2026-04-26 18:45:00,Marseille,Nice,H,2.82843,1.41493,1,1,1.4135
29821,Ligue_1,2025,2026-05-03 13:00:00,Marseille,Nantes,A,1.55164,3.07178,0,3,-1.52014
29828,Ligue_1,2025,2026-05-10 19:00:00,Marseille,Le Havre,A,1.03467,1.23305,1,0,-0.19838
29839,Ligue_1,2025,2026-05-17 19:00:00,Marseille,Rennes,H,3.90151,2.20696,3,1,1.69455
29545,Ligue_1,2025,2025-08-17 15:15:00,Metz,Strasbourg,H,0.184483,0.731013,0,1,-0.54653
29550,Ligue_1,2025,2025-08-23 19:05:00,Metz,Lyon,A,0.504863,2.35479,0,3,-1.849927
29562,Ligue_1,2025,2025-08-31 15:15:00,Metz,Paris FC,A,1.6248,3.39898,2,3,-1.7741799999999999
29569,Ligue_1,2025,2025-09-14 15:15:00,Metz,Angers,H,1.76271,1.98184,1,1,-0.21913000000000005
29580,Ligue_1,2025,2025-09-21 15:15:00,Metz,Monaco,A,1.91296,3.497,2,5,-1.58404
29586,Ligue_1,2025,2025-09-28 15:15:00,Metz,Le Havre,H,0.39939,0.395921,0,0,0.003469
29597,Ligue_1,2025,2025-10-04 15:00:00,Metz,Marseille,H,0.1529,2.67719,0,3,-2.52429
29607,Ligue_1,2025,2025-10-19 15:15:00,Metz,Toulouse,A,0.119104,2.73037,0,4,-2.611266
29617,Ligue_1,2025,2025-10-26 13:00:00,Metz,Lille,A,1.01476,3.85054,1,6,-2.8357799999999997
29625,Ligue_1,2025,2025-10-29 17:00:00,Metz,Lens,H,3.11925,1.23771,2,0,1.88154
29633,Ligue_1,2025,2025-11-02 16:15:00,Metz,Nantes,A,1.36245,1.07598,2,0,0.28647
29642,Ligue_1,2025,2025-11-09 16:15:00,Metz,Nice,H,1.32977,0.784993,2,1,0.5447769999999998
29647,Ligue_1,2025,2025-11-23 16:15:00,Metz,Brest,A,1.02855,3.36815,2,3,-2.3396
29660,Ligue_1,2025,2025-11-28 19:45:00,Metz,Rennes,H,1.31354,0.980088,0,1,0.33345199999999997
29664,Ligue_1,2025,2025-12-07 16:15:00,Metz,Auxerre,A,0.346523,2.22374,1,3,-1.877217
29677,Ligue_1,2025,2025-12-13 18:00:00,Metz,Paris Saint Germain,H,0.363683,1.94768,2,3,-1.583997
29685,Ligue_1,2025,2026-01-04 16:15:00,Metz,Lorient,A,0.364932,1.55407,1,1,-1.189138
29698,Ligue_1,2025,2026-01-18 14:00:00,Metz,Strasbourg,A,0.984265,1.019,1,2,-0.03473499999999996
29705,Ligue_1,2025,2026-01-25 16:15:00,Metz,Lyon,H,1.18331,3.34121,2,5,-2.1578999999999997
29709,Ligue_1,2025,2026-02-01 16:15:00,Metz,Angers,A,0.397871,1.34676,0,1,-0.948889
29723,Ligue_1,2025,2026-02-08 14:00:00,Metz,Lille,H,0.581838,1.53538,0,0,-0.953542
29732,Ligue_1,2025,2026-02-15 16:15:00,Metz,Auxerre,H,0.753602,1.05829,1,3,-0.30468799999999996
29742,Ligue_1,2025,2026-02-21 20:05:00,Metz,Paris Saint Germain,A,0.0591146,2.41445,0,3,-2.3553354
29749,Ligue_1,2025,2026-03-01 16:15:00,Metz,Brest,H,1.58374,0.963216,0,1,0.620524
29756,Ligue_1,2025,2026-03-08 14:00:00,Metz,Lens,A,0.250806,2.22106,0,3,-1.9702540000000002
29767,Ligue_1,2025,2026-03-15 16:15:00,Metz,Toulouse,H,1.62616,1.74262,3,4,-0.11646000000000001
29779,Ligue_1,2025,2026-03-22 16:15:00,Metz,Rennes,A,0.314914,1.70552,0,0,-1.390606
29786,Ligue_1,2025,2026-04-05 15:15:00,Metz,Nantes,H,2.3189,0.389282,0,0,1.929618
29794,Ligue_1,2025,2026-04-10 19:05:00,Metz,Marseille,A,0.535052,3.31638,1,3,-2.7813280000000002
29803,Ligue_1,2025,2026-04-19 15:15:00,Metz,Paris FC,H,1.48448,1.97282,1,3,-0.48834
29810,Ligue_1,2025,2026-04-26 15:15:00,Metz,Le Havre,A,1.88709,2.64995,4,4,-0.7628600000000001
29820,Ligue_1,2025,2026-05-03 13:00:00,Metz,Monaco,H,1.1478,1.58879,1,2,-0.44099
29830,Ligue_1,2025,2026-05-10 19:00:00,Metz,Lorient,H,0.730271,1.76754,0,4,-1.0372689999999998
29841,Ligue_1,2025,2026-05-17 19:00:00,Metz,Nice,A,0.836784,1.216,0,0,-0.379216
28051,Ligue_1,2024,2024-08-17 19:00:00,Monaco,Saint-Etienne,H,2.78444,0.484117,1,0,2.300323
28058,Ligue_1,2024,2024-08-24 15:00:00,Monaco,Lyon,A,2.60916,0.0144803,2,0,2.5946797000000004
28070,Ligue_1,2024,2024-09-01 13:00:00,Monaco,Lens,H,0.905621,1.91297,1,1,-1.007349
28077,Ligue_1,2024,2024-09-14 17:00:00,Monaco,Auxerre,A,3.37672,0.419427,3,0,2.957293
28092,Ligue_1,2024,2024-09-22 13:00:00,Monaco,Le Havre,H,1.84023,0.580512,3,1,1.259718
28100,Ligue_1,2024,2024-09-28 19:00:00,Monaco,Montpellier,H,3.45707,0.768868,2,1,2.688202
28103,Ligue_1,2024,2024-10-05 19:00:00,Monaco,Rennes,A,0.498715,0.640297,2,1,-0.14158199999999999
28111,Ligue_1,2024,2024-10-18 18:45:00,Monaco,Lille,H,1.1914,0.163769,0,0,1.027631
28128,Ligue_1,2024,2024-10-27 16:00:00,Monaco,Nice,A,0.796703,1.79435,1,2,-0.9976469999999998
28129,Ligue_1,2024,2024-11-01 18:00:00,Monaco,Angers,H,1.47525,0.50003,0,1,0.97522
28140,Ligue_1,2024,2024-11-09 16:00:00,Monaco,Strasbourg,A,3.42574,0.771173,3,1,2.6545669999999997
28153,Ligue_1,2024,2024-11-22 18:00:00,Monaco,Brest,H,2.55781,1.38684,3,2,1.1709699999999998
28162,Ligue_1,2024,2024-12-01 19:45:00,Monaco,Marseille,A,0.958578,1.65632,1,2,-0.697742
28173,Ligue_1,2024,2024-12-07 16:00:00,Monaco,Toulouse,H,2.8043,0.232536,2,0,2.571764
28176,Ligue_1,2024,2024-12-14 20:00:00,Monaco,Reims,A,1.3291,1.52074,0,0,-0.19164000000000003
28183,Ligue_1,2024,2024-12-18 20:00:00,Monaco,Paris Saint Germain,H,3.10193,2.40654,2,4,0.6953899999999997
28193,Ligue_1,2024,2025-01-10 18:00:00,Monaco,Nantes,A,3.48791,1.41184,2,2,2.0760699999999996
28206,Ligue_1,2024,2025-01-17 18:00:00,Monaco,Montpellier,A,1.74957,2.60645,1,2,-0.8568800000000001
28211,Ligue_1,2024,2025-01-25 16:00:00,Monaco,Rennes,H,3.47384,1.85205,3,2,1.62179
28227,Ligue_1,2024,2025-02-01 18:00:00,Monaco,Auxerre,H,2.07751,1.6376,4,2,0.43991000000000025
28233,Ligue_1,2024,2025-02-07 20:05:00,Monaco,Paris Saint Germain,A,0.924683,3.13964,1,4,-2.214957
28245,Ligue_1,2024,2025-02-15 18:00:00,Monaco,Nantes,H,5.14782,1.36606,7,1,3.7817600000000002
28248,Ligue_1,2024,2025-02-22 16:00:00,Monaco,Lille,A,2.78007,1.04956,1,2,1.7305099999999998
28262,Ligue_1,2024,2025-02-28 19:45:00,Monaco,Reims,H,4.01066,0.722972,3,0,3.2876879999999997
28267,Ligue_1,2024,2025-03-07 19:45:00,Monaco,Toulouse,A,2.8576,1.25392,1,1,1.6036800000000002
28281,Ligue_1,2024,2025-03-15 18:00:00,Monaco,Angers,A,2.03553,0.497795,2,0,1.537735
28290,Ligue_1,2024,2025-03-29 20:05:00,Monaco,Nice,H,2.52612,0.60151,2,1,1.9246100000000002
28293,Ligue_1,2024,2025-04-05 17:00:00,Monaco,Brest,A,1.75483,0.90697,1,2,0.8478599999999998
28308,Ligue_1,2024,2025-04-12 15:00:00,Monaco,Marseille,H,2.91516,0.877673,3,0,2.037487
28316,Ligue_1,2024,2025-04-19 17:00:00,Monaco,Strasbourg,H,0.969947,0.340219,0,0,0.6297280000000001
28318,Ligue_1,2024,2025-04-26 17:00:00,Monaco,Le Havre,A,3.28954,0.807798,1,1,2.481742
28334,Ligue_1,2024,2025-05-03 19:05:00,Monaco,Saint-Etienne,A,1.84407,1.16957,3,1,0.6745000000000001
28344,Ligue_1,2024,2025-05-10 19:00:00,Monaco,Lyon,H,1.48659,0.390411,2,0,1.096179
28349,Ligue_1,2024,2025-05-17 19:00:00,Monaco,Lens,A,0.481188,2.49045,0,4,-2.009262
29540,Ligue_1,2025,2025-08-16 17:00:00,Monaco,Le Havre,H,1.88048,0.427494,3,1,1.4529859999999999
29555,Ligue_1,2025,2025-08-24 18:45:00,Monaco,Lille,A,1.52213,2.41091,0,1,-0.8887799999999999
29563,Ligue_1,2025,2025-08-31 15:15:00,Monaco,Strasbourg,H,2.35547,1.7732,3,2,0.5822699999999998
29565,Ligue_1,2025,2025-09-13 19:05:00,Monaco,Auxerre,A,1.62646,0.904229,2,1,0.7222310000000001
29580,Ligue_1,2025,2025-09-21 15:15:00,Monaco,Metz,H,3.497,1.91296,5,2,1.58404
29585,Ligue_1,2025,2025-09-27 15:00:00,Monaco,Lorient,A,0.894035,2.09364,1,3,-1.199605
29598,Ligue_1,2025,2025-10-05 15:15:00,Monaco,Nice,H,2.4556,1.13121,2,2,1.32439
29601,Ligue_1,2025,2025-10-18 17:00:00,Monaco,Angers,A,1.65166,1.58102,1,1,0.07063999999999981
29615,Ligue_1,2025,2025-10-25 17:00:00,Monaco,Toulouse,H,3.37276,0.584122,1,0,2.7886379999999997
29624,Ligue_1,2025,2025-10-29 19:05:00,Monaco,Nantes,A,4.10211,2.1261,5,3,1.9760099999999996
29632,Ligue_1,2025,2025-11-01 18:00:00,Monaco,Paris FC,H,0.820947,1.18048,0,1,-0.359533
29643,Ligue_1,2025,2025-11-08 20:05:00,Monaco,Lens,H,2.4076,3.23933,1,4,-0.8317299999999999
29653,Ligue_1,2025,2025-11-22 18:00:00,Monaco,Rennes,A,1.60818,3.067,1,4,-1.4588200000000002
29661,Ligue_1,2025,2025-11-29 16:00:00,Monaco,Paris Saint Germain,H,0.637875,1.47676,1,0,-0.8388850000000001
29665,Ligue_1,2025,2025-12-05 18:00:00,Monaco,Brest,A,0.485017,1.13774,0,1,-0.6527229999999999
29678,Ligue_1,2025,2025-12-14 19:45:00,Monaco,Marseille,A,1.94962,2.02467,0,1,-0.07505000000000006
29687,Ligue_1,2025,2026-01-03 16:00:00,Monaco,Lyon,H,0.799996,1.95535,1,3,-1.155354
29694,Ligue_1,2025,2026-01-16 18:00:00,Monaco,Lorient,H,1.31321,1.17141,1,3,0.14179999999999993
29702,Ligue_1,2025,2026-01-24 18:00:00,Monaco,Le Havre,A,0.562454,0.171551,0,0,0.390903
29713,Ligue_1,2025,2026-01-31 20:05:00,Monaco,Rennes,H,2.28518,0.427968,4,0,1.857212
29725,Ligue_1,2025,2026-02-08 14:00:00,Monaco,Nice,A,0.827302,0.455943,0,0,0.371359
29733,Ligue_1,2025,2026-02-13 20:05:00,Monaco,Nantes,H,2.20188,1.00661,3,1,1.19527
29739,Ligue_1,2025,2026-02-21 16:00:00,Monaco,Lens,A,2.34004,1.82827,3,2,0.5117700000000001
29750,Ligue_1,2025,2026-02-28 18:00:00,Monaco,Angers,H,1.67082,0.609359,2,0,1.061461
29761,Ligue_1,2025,2026-03-06 19:45:00,Monaco,Paris Saint Germain,A,1.75294,1.22179,3,1,0.53115
29768,Ligue_1,2025,2026-03-14 20:05:00,Monaco,Brest,H,2.81345,1.56097,2,0,1.25248
29774,Ligue_1,2025,2026-03-22 14:00:00,Monaco,Lyon,A,3.4997,1.10723,2,1,2.39247
29787,Ligue_1,2025,2026-04-05 18:45:00,Monaco,Marseille,H,1.67743,3.10791,2,1,-1.43048
29796,Ligue_1,2025,2026-04-10 17:00:00,Monaco,Paris FC,A,1.7647,2.95341,1,4,-1.18871
29804,Ligue_1,2025,2026-04-19 13:00:00,Monaco,Auxerre,H,1.94243,0.745123,2,2,1.1973070000000001
29816,Ligue_1,2025,2026-04-25 19:05:00,Monaco,Toulouse,A,1.34617,2.15303,2,2,-0.8068600000000001
29820,Ligue_1,2025,2026-05-03 13:00:00,Monaco,Metz,A,1.58879,1.1478,2,1,0.44099
29831,Ligue_1,2025,2026-05-10 19:00:00,Monaco,Lille,H,0.308864,0.400405,0,1,-0.09154099999999998
29843,Ligue_1,2025,2026-05-17 19:00:00,Monaco,Strasbourg,A,1.44729,2.11536,4,5,-0.6680699999999999
28053,Ligue_1,2024,2024-08-18 15:00:00,Montpellier,Strasbourg,H,1.44704,1.10476,1,1,0.34228000000000014
28057,Ligue_1,2024,2024-08-23 18:45:00,Montpellier,Paris Saint Germain,A,0.772997,4.93703,0,6,-4.164033
28068,Ligue_1,2024,2024-08-31 17:00:00,Montpellier,Nantes,H,0.745975,1.69437,1,3,-0.9483949999999999
28080,Ligue_1,2024,2024-09-15 13:00:00,Montpellier,Rennes,A,0.310262,1.26867,0,3,-0.9584079999999999
28089,Ligue_1,2024,2024-09-22 15:00:00,Montpellier,Auxerre,H,1.78396,1.42586,3,2,0.3581000000000001
28100,Ligue_1,2024,2024-09-28 19:00:00,Montpellier,Monaco,A,0.768868,3.45707,1,2,-2.688202
28105,Ligue_1,2024,2024-10-06 15:00:00,Montpellier,Reims,A,0.874094,3.71514,2,4,-2.841046
28112,Ligue_1,2024,2024-10-20 18:45:00,Montpellier,Marseille,H,1.75684,3.88109,0,5,-2.12425
28124,Ligue_1,2024,2024-10-27 16:00:00,Montpellier,Toulouse,H,0.241419,2.88708,0,3,-2.645661
28133,Ligue_1,2024,2024-11-03 16:00:00,Montpellier,Le Havre,A,0.722691,1.7998,0,1,-1.077109
28144,Ligue_1,2024,2024-11-10 16:00:00,Montpellier,Brest,H,3.03758,1.88669,3,1,1.1508900000000002
28150,Ligue_1,2024,2024-11-23 18:00:00,Montpellier,Saint-Etienne,A,0.862794,1.27297,0,1,-0.410176
28160,Ligue_1,2024,2024-12-01 14:00:00,Montpellier,Lille,H,1.28241,2.06485,2,2,-0.7824399999999998
28170,Ligue_1,2024,2024-12-08 14:00:00,Montpellier,Lens,A,1.51819,1.10272,0,2,0.41547
28179,Ligue_1,2024,2024-12-15 14:00:00,Montpellier,Nice,H,2.45121,1.55192,2,2,0.8992900000000001
28184,Ligue_1,2024,2025-01-04 20:00:00,Montpellier,Lyon,A,1.55585,1.07725,0,1,0.4785999999999999
28197,Ligue_1,2024,2025-01-12 16:15:00,Montpellier,Angers,H,1.44663,3.46863,1,3,-2.0220000000000002
28206,Ligue_1,2024,2025-01-17 18:00:00,Montpellier,Monaco,H,2.60645,1.74957,2,1,0.8568800000000001
28212,Ligue_1,2024,2025-01-26 16:15:00,Montpellier,Toulouse,A,0.939857,1.34257,2,1,-0.402713
28221,Ligue_1,2024,2025-01-31 19:45:00,Montpellier,Lens,H,1.11121,3.21001,0,2,-2.0987999999999998
28230,Ligue_1,2024,2025-02-09 16:15:00,Montpellier,Strasbourg,A,1.9822,3.17215,0,2,-1.1899499999999998
28239,Ligue_1,2024,2025-02-16 14:00:00,Montpellier,Lyon,H,1.33893,1.59077,1,4,-0.25184000000000006
28253,Ligue_1,2024,2025-02-23 16:15:00,Montpellier,Nice,A,0.916772,2.14122,0,2,-1.2244480000000002
28258,Ligue_1,2024,2025-03-02 16:15:00,Montpellier,Rennes,H,1.60296,2.49604,0,4,-0.8930799999999999
28270,Ligue_1,2024,2025-03-08 18:00:00,Montpellier,Lille,A,0.305936,1.7771,0,1,-1.471164
28275,Ligue_1,2024,2025-03-16 16:15:00,Montpellier,Saint-Etienne,H,1.33869,1.13788,0,2,0.20080999999999993
28283,Ligue_1,2024,2025-03-30 16:15:00,Montpellier,Auxerre,A,0.457017,2.11681,0,1,-1.659793
28294,Ligue_1,2024,2025-04-06 15:15:00,Montpellier,Le Havre,H,0.956146,1.72977,0,2,-0.773624
28306,Ligue_1,2024,2025-04-13 15:15:00,Montpellier,Angers,A,0.452518,1.771,0,2,-1.318482
28314,Ligue_1,2024,2025-04-19 19:05:00,Montpellier,Marseille,A,0.304052,3.82233,1,5,-3.518278
28321,Ligue_1,2024,2025-04-27 15:15:00,Montpellier,Reims,H,0.949696,1.03714,0,0,-0.08744399999999997
28333,Ligue_1,2024,2025-05-04 15:15:00,Montpellier,Brest,A,0.413817,1.34191,0,1,-0.928093
28341,Ligue_1,2024,2025-05-10 19:00:00,Montpellier,Paris Saint Germain,H,0.594471,1.78222,1,4,-1.187749
28347,Ligue_1,2024,2025-05-17 19:00:00,Montpellier,Nantes,A,0.602786,3.00657,0,3,-2.403784
28054,Ligue_1,2024,2024-08-18 15:00:00,Nantes,Toulouse,A,0.513845,1.50937,0,0,-0.9955250000000001
28064,Ligue_1,2024,2024-08-25 15:00:00,Nantes,Auxerre,H,1.52541,0.876338,2,0,0.649072
28068,Ligue_1,2024,2024-08-31 17:00:00,Nantes,Montpellier,A,1.69437,0.745975,3,1,0.9483949999999999
28081,Ligue_1,2024,2024-09-15 15:00:00,Nantes,Reims,H,1.43325,0.549218,1,2,0.8840319999999999
28088,Ligue_1,2024,2024-09-22 15:00:00,Nantes,Angers,A,1.28588,0.82486,1,1,0.4610199999999999
28097,Ligue_1,2024,2024-09-29 15:00:00,Nantes,Saint-Etienne,H,2.61562,1.0242,2,2,1.5914199999999998
28102,Ligue_1,2024,2024-10-06 13:00:00,Nantes,Lyon,A,0.765938,2.43324,0,2,-1.667302
28116,Ligue_1,2024,2024-10-20 15:00:00,Nantes,Nice,H,0.832336,0.776883,1,1,0.055452999999999975
28125,Ligue_1,2024,2024-10-27 16:00:00,Nantes,Strasbourg,A,0.761926,1.99679,1,3,-1.234864
28135,Ligue_1,2024,2024-11-03 19:45:00,Nantes,Marseille,H,1.25901,0.876221,1,2,0.38278899999999993
28139,Ligue_1,2024,2024-11-09 18:00:00,Nantes,Lens,A,1.49891,3.74705,2,3,-2.2481400000000002
28152,Ligue_1,2024,2024-11-24 16:00:00,Nantes,Le Havre,H,0.846924,0.977121,0,2,-0.130197
28161,Ligue_1,2024,2024-11-30 20:00:00,Nantes,Paris Saint Germain,A,0.742742,3.85838,1,1,-3.1156379999999997
28172,Ligue_1,2024,2024-12-08 16:00:00,Nantes,Rennes,H,1.70972,0.285927,1,0,1.4237929999999999
28180,Ligue_1,2024,2024-12-15 16:00:00,Nantes,Brest,A,1.39913,2.20104,1,4,-0.8019099999999999
28188,Ligue_1,2024,2025-01-04 18:00:00,Nantes,Lille,A,1.07277,1.13415,1,1,-0.06137999999999999
28193,Ligue_1,2024,2025-01-10 18:00:00,Nantes,Monaco,H,1.41184,3.48791,2,2,-2.0760699999999996
28205,Ligue_1,2024,2025-01-19 14:00:00,Nantes,Saint-Etienne,A,1.36031,0.836137,1,1,0.5241729999999999
28218,Ligue_1,2024,2025-01-26 16:15:00,Nantes,Lyon,H,1.62983,1.61762,1,1,0.012209999999999832
28223,Ligue_1,2024,2025-02-02 16:15:00,Nantes,Reims,A,1.41652,0.960868,2,1,0.45565199999999995
28229,Ligue_1,2024,2025-02-07 16:00:00,Nantes,Brest,H,1.45114,2.49765,0,2,-1.04651
28245,Ligue_1,2024,2025-02-15 18:00:00,Nantes,Monaco,A,1.36606,5.14782,1,7,-3.7817600000000002
28250,Ligue_1,2024,2025-02-23 14:00:00,Nantes,Lens,H,4.25273,2.06191,3,1,2.1908199999999995
28256,Ligue_1,2024,2025-03-02 19:45:00,Nantes,Marseille,A,0.838148,2.61727,0,2,-1.779122
28266,Ligue_1,2024,2025-03-09 16:15:00,Nantes,Strasbourg,H,0.66134,1.17018,0,1,-0.50884
28280,Ligue_1,2024,2025-03-15 16:00:00,Nantes,Lille,H,2.00991,2.45036,1,0,-0.4404499999999998
28284,Ligue_1,2024,2025-03-30 16:15:00,Nantes,Le Havre,A,1.06585,4.01379,2,3,-2.94794
28292,Ligue_1,2024,2025-04-04 18:45:00,Nantes,Nice,A,0.945149,2.17922,2,1,-1.234071
28317,Ligue_1,2024,2025-04-18 18:45:00,Nantes,Rennes,A,0.702331,2.52992,1,2,-1.8275890000000001
28303,Ligue_1,2024,2025-04-22 18:45:00,Nantes,Paris Saint Germain,H,0.520926,2.30552,1,1,-1.784594
28320,Ligue_1,2024,2025-04-27 15:15:00,Nantes,Toulouse,H,1.33764,0.410988,0,0,0.9266519999999999
28335,Ligue_1,2024,2025-05-04 13:00:00,Nantes,Angers,H,0.14126,0.727966,0,1,-0.586706
28337,Ligue_1,2024,2025-05-10 19:00:00,Nantes,Auxerre,A,0.823377,0.624481,1,1,0.19889600000000007
28347,Ligue_1,2024,2025-05-17 19:00:00,Nantes,Montpellier,H,3.00657,0.602786,3,0,2.403784
29546,Ligue_1,2025,2025-08-17 18:45:00,Nantes,Paris Saint Germain,H,0.124428,1.35682,0,1,-1.232392
29552,Ligue_1,2025,2025-08-24 15:15:00,Nantes,Strasbourg,A,0.425423,1.81743,0,1,-1.392007
29558,Ligue_1,2025,2025-08-30 17:00:00,Nantes,Auxerre,H,0.418091,1.10996,1,0,-0.6918690000000001
29570,Ligue_1,2025,2025-09-13 15:00:00,Nantes,Nice,A,0.775945,2.34645,0,1,-1.5705049999999998
29581,Ligue_1,2025,2025-09-20 15:00:00,Nantes,Rennes,H,2.65629,1.44041,2,2,1.2158799999999998
29591,Ligue_1,2025,2025-09-27 17:00:00,Nantes,Toulouse,A,1.8303,1.98573,2,2,-0.15542999999999996
29593,Ligue_1,2025,2025-10-04 17:00:00,Nantes,Brest,A,0.489862,1.44552,0,0,-0.9556579999999999
29605,Ligue_1,2025,2025-10-19 18:45:00,Nantes,Lille,H,0.772603,2.7603,0,2,-1.9876969999999998
29614,Ligue_1,2025,2025-10-24 18:45:00,Nantes,Paris FC,A,0.916827,0.951277,2,1,-0.03445000000000009
29624,Ligue_1,2025,2025-10-29 19:05:00,Nantes,Monaco,H,2.1261,4.10211,3,5,-1.9760099999999996
29633,Ligue_1,2025,2025-11-02 16:15:00,Nantes,Metz,H,1.07598,1.36245,0,2,-0.28647
29638,Ligue_1,2025,2025-11-08 18:00:00,Nantes,Le Havre,A,0.353936,0.984753,1,1,-0.630817
29650,Ligue_1,2025,2025-11-23 16:15:00,Nantes,Lorient,H,0.915515,0.352154,1,1,0.563361
29658,Ligue_1,2025,2025-11-30 19:45:00,Nantes,Lyon,A,0.384922,2.1878,0,3,-1.8028780000000002
29669,Ligue_1,2025,2025-12-06 16:00:00,Nantes,Lens,H,1.1817,3.26397,1,2,-2.0822700000000003
29673,Ligue_1,2025,2025-12-12 19:45:00,Nantes,Angers,A,0.26526,3.04663,1,4,-2.78137
29686,Ligue_1,2025,2026-01-04 14:00:00,Nantes,Marseille,A,3.16795,1.14141,2,0,2.02654
29695,Ligue_1,2025,2026-01-18 16:15:00,Nantes,Paris FC,H,0.411699,0.738941,1,2,-0.327242
29706,Ligue_1,2025,2026-01-25 14:00:00,Nantes,Nice,H,1.98581,1.6112,1,4,0.3746100000000001
29711,Ligue_1,2025,2026-01-31 18:00:00,Nantes,Lorient,A,1.20179,0.777027,1,2,0.4247629999999999
29724,Ligue_1,2025,2026-02-08 14:00:00,Nantes,Lyon,H,0.795659,0.990033,0,1,-0.19437400000000005
29733,Ligue_1,2025,2026-02-13 20:05:00,Nantes,Monaco,A,1.00661,2.20188,1,3,-1.19527
29740,Ligue_1,2025,2026-02-22 16:15:00,Nantes,Le Havre,H,1.70753,0.753349,2,0,0.954181
29746,Ligue_1,2025,2026-03-01 16:15:00,Nantes,Lille,A,0.171014,0.495693,0,1,-0.324679
29759,Ligue_1,2025,2026-03-07 16:00:00,Nantes,Angers,H,0.611683,0.853223,0,1,-0.24153999999999998
29776,Ligue_1,2025,2026-03-22 19:45:00,Nantes,Strasbourg,H,1.91469,2.83907,2,3,-0.92438
29786,Ligue_1,2025,2026-04-05 15:15:00,Nantes,Metz,A,0.389282,2.3189,0,0,-1.929618
29790,Ligue_1,2025,2026-04-11 17:00:00,Nantes,Auxerre,A,1.44705,0.797017,0,0,0.650033
29805,Ligue_1,2025,2026-04-19 15:15:00,Nantes,Brest,H,0.970265,0.631132,1,1,0.339133
29769,Ligue_1,2025,2026-04-22 18:00:00,Nantes,Paris Saint Germain,A,0.672206,2.26452,0,3,-1.592314
29815,Ligue_1,2025,2026-04-26 15:15:00,Nantes,Rennes,A,2.51691,1.55601,1,2,0.9609000000000003
29821,Ligue_1,2025,2026-05-03 13:00:00,Nantes,Marseille,H,3.07178,1.55164,3,0,1.52014
29829,Ligue_1,2025,2026-05-08 18:45:00,Nantes,Lens,A,1.06721,0.719134,0,1,0.34807599999999994
28052,Ligue_1,2024,2024-08-18 13:00:00,Nice,Auxerre,A,0.58056,3.03248,1,2,-2.4519200000000003
28062,Ligue_1,2024,2024-08-25 15:00:00,Nice,Toulouse,H,1.23725,0.946618,1,1,0.290632
28073,Ligue_1,2024,2024-09-01 15:00:00,Nice,Angers,A,2.53408,1.33204,4,1,1.20204
28076,Ligue_1,2024,2024-09-14 15:00:00,Nice,Marseille,A,1.72041,1.02694,0,2,0.69347
28085,Ligue_1,2024,2024-09-20 18:45:00,Nice,Saint-Etienne,H,4.50007,0.335532,8,0,4.164538
28096,Ligue_1,2024,2024-09-28 15:00:00,Nice,Lens,A,0.9614,2.06424,0,0,-1.1028399999999998
28104,Ligue_1,2024,2024-10-06 18:45:00,Nice,Paris Saint Germain,H,0.326466,0.822322,1,1,-0.495856
28116,Ligue_1,2024,2024-10-20 15:00:00,Nice,Nantes,A,0.776883,0.832336,1,1,-0.055452999999999975
28128,Ligue_1,2024,2024-10-27 16:00:00,Nice,Monaco,H,1.79435,0.796703,2,1,0.9976469999999998
28134,Ligue_1,2024,2024-11-02 18:00:00,Nice,Brest,A,1.92085,1.02021,1,0,0.9006399999999999
28141,Ligue_1,2024,2024-11-10 14:00:00,Nice,Lille,H,1.92983,2.19562,2,2,-0.26578999999999997
28149,Ligue_1,2024,2024-11-24 19:45:00,Nice,Strasbourg,H,2.03827,0.524154,2,1,1.5141159999999998
28163,Ligue_1,2024,2024-12-01 16:00:00,Nice,Lyon,A,2.03621,2.88467,1,4,-0.8484599999999998
28165,Ligue_1,2024,2024-12-07 18:00:00,Nice,Le Havre,H,2.27599,1.42884,2,1,0.8471500000000001
28179,Ligue_1,2024,2024-12-15 14:00:00,Nice,Montpellier,A,1.55192,2.45121,2,2,-0.8992900000000001
28191,Ligue_1,2024,2025-01-03 20:00:00,Nice,Rennes,H,1.51944,1.50451,3,2,0.014929999999999888
28195,Ligue_1,2024,2025-01-11 18:00:00,Nice,Reims,A,3.22004,0.950928,4,2,2.269112
28203,Ligue_1,2024,2025-01-17 20:05:00,Nice,Lille,A,2.90437,1.29219,1,2,1.6121800000000002
28217,Ligue_1,2024,2025-01-26 19:45:00,Nice,Marseille,H,2.10992,1.11157,2,0,0.9983499999999998
28225,Ligue_1,2024,2025-02-02 14:00:00,Nice,Toulouse,A,1.51342,0.854551,1,1,0.658869
28236,Ligue_1,2024,2025-02-08 16:00:00,Nice,Lens,H,3.37347,1.02488,2,0,2.34859
28244,Ligue_1,2024,2025-02-16 16:15:00,Nice,Le Havre,A,1.22276,0.555829,3,1,0.666931
28253,Ligue_1,2024,2025-02-23 16:15:00,Nice,Montpellier,H,2.14122,0.916772,2,0,1.2244480000000002
28259,Ligue_1,2024,2025-03-01 16:00:00,Nice,Saint-Etienne,A,2.41374,1.01895,3,1,1.3947900000000002
28268,Ligue_1,2024,2025-03-09 19:45:00,Nice,Lyon,H,1.50591,0.78019,0,2,0.72572
28274,Ligue_1,2024,2025-03-14 19:45:00,Nice,Auxerre,H,2.29143,0.606081,1,1,1.685349
28290,Ligue_1,2024,2025-03-29 20:05:00,Nice,Monaco,A,0.60151,2.52612,1,2,-1.9246100000000002
28292,Ligue_1,2024,2025-04-04 18:45:00,Nice,Nantes,H,2.17922,0.945149,1,2,1.234071
28304,Ligue_1,2024,2025-04-12 19:05:00,Nice,Strasbourg,A,1.83829,0.789035,2,2,1.049255
28310,Ligue_1,2024,2025-04-20 15:15:00,Nice,Angers,H,2.72567,0.278639,2,1,2.447031
28324,Ligue_1,2024,2025-04-25 18:45:00,Nice,Paris Saint Germain,A,1.63001,4.50698,3,1,-2.8769700000000005
28332,Ligue_1,2024,2025-05-02 18:45:00,Nice,Reims,H,1.2118,0.876237,1,0,0.33556299999999994
28340,Ligue_1,2024,2025-05-10 19:00:00,Nice,Rennes,A,1.23457,2.06744,0,2,-0.83287
28350,Ligue_1,2024,2025-05-17 19:00:00,Nice,Brest,H,5.0223,0.68904,6,0,4.33326
29541,Ligue_1,2025,2025-08-16 19:05:00,Nice,Toulouse,H,0.95554,0.56945,0,1,0.38608999999999993
29549,Ligue_1,2025,2025-08-23 17:00:00,Nice,Auxerre,H,2.66284,2.24407,3,1,0.4187700000000003
29561,Ligue_1,2025,2025-08-31 15:15:00,Nice,Le Havre,A,0.715595,1.75553,1,3,-1.039935
29570,Ligue_1,2025,2025-09-13 15:00:00,Nice,Nantes,H,2.34645,0.775945,1,0,1.5705049999999998
29575,Ligue_1,2025,2025-09-20 17:00:00,Nice,Brest,A,2.26393,2.07376,1,4,0.19017000000000017
29587,Ligue_1,2025,2025-09-28 13:00:00,Nice,Paris FC,H,1.36997,1.49444,1,1,-0.12447000000000008
29598,Ligue_1,2025,2025-10-05 15:15:00,Nice,Monaco,A,1.13121,2.4556,2,2,-1.32439
29606,Ligue_1,2025,2025-10-18 15:00:00,Nice,Lyon,H,1.16366,2.89867,3,2,-1.7350100000000002
29618,Ligue_1,2025,2025-10-26 15:15:00,Nice,Rennes,A,0.88734,1.54435,2,1,-0.6570099999999999
29623,Ligue_1,2025,2025-10-29 17:00:00,Nice,Lille,H,1.74459,0.661109,2,0,1.0834810000000001
29634,Ligue_1,2025,2025-11-01 16:00:00,Nice,Paris Saint Germain,A,0.3867,1.88647,0,1,-1.49977
29642,Ligue_1,2025,2025-11-09 16:15:00,Nice,Metz,A,0.784993,1.32977,1,2,-0.5447769999999998
29651,Ligue_1,2025,2025-11-21 19:45:00,Nice,Marseille,H,1.36131,3.09163,1,5,-1.7303199999999999
29657,Ligue_1,2025,2025-11-30 16:15:00,Nice,Lorient,A,1.3285,3.49255,1,3,-2.16405
29670,Ligue_1,2025,2025-12-07 14:00:00,Nice,Angers,H,1.38209,1.33715,0,1,0.04493999999999998
29675,Ligue_1,2025,2025-12-14 16:15:00,Nice,Lens,A,0.733412,1.91622,0,2,-1.182808
29688,Ligue_1,2025,2026-01-03 18:00:00,Nice,Strasbourg,H,2.39473,1.38731,1,1,1.00742
29699,Ligue_1,2025,2026-01-17 18:00:00,Nice,Toulouse,A,1.41914,1.77349,1,5,-0.35434999999999994
29706,Ligue_1,2025,2026-01-25 14:00:00,Nice,Nantes,A,1.6112,1.98581,4,1,-0.3746100000000001
29714,Ligue_1,2025,2026-02-01 16:15:00,Nice,Brest,H,1.2009,1.83505,2,2,-0.63415
29725,Ligue_1,2025,2026-02-08 14:00:00,Nice,Monaco,H,0.455943,0.827302,0,0,-0.371359
29730,Ligue_1,2025,2026-02-15 19:45:00,Nice,Lyon,A,1.30477,1.9974,0,2,-0.6926300000000001
29741,Ligue_1,2025,2026-02-22 16:15:00,Nice,Lorient,H,2.74646,1.97697,3,3,0.76949
29751,Ligue_1,2025,2026-03-01 14:00:00,Nice,Paris FC,A,1.26295,1.3017,0,1,-0.03875000000000006
29760,Ligue_1,2025,2026-03-08 16:15:00,Nice,Rennes,H,2.68488,1.87138,0,4,0.8135000000000001
29763,Ligue_1,2025,2026-03-14 18:00:00,Nice,Angers,A,1.60128,0.889177,2,0,0.712103
29777,Ligue_1,2025,2026-03-21 20:05:00,Nice,Paris Saint Germain,H,0.17662,4.04442,0,4,-3.8678
29789,Ligue_1,2025,2026-04-04 15:00:00,Nice,Strasbourg,A,0.354354,2.70892,1,3,-2.354566
29795,Ligue_1,2025,2026-04-12 15:15:00,Nice,Le Havre,H,2.14773,2.12622,1,1,0.02151000000000014
29801,Ligue_1,2025,2026-04-18 19:05:00,Nice,Lille,A,0.171356,0.413432,0,0,-0.242076
29813,Ligue_1,2025,2026-04-26 18:45:00,Nice,Marseille,A,1.41493,2.82843,1,1,-1.4135
29822,Ligue_1,2025,2026-05-03 13:00:00,Nice,Lens,H,1.33864,1.55241,1,1,-0.21377000000000002
29827,Ligue_1,2025,2026-05-10 19:00:00,Nice,Auxerre,A,2.07007,0.866185,1,2,1.2038849999999999
29841,Ligue_1,2025,2026-05-17 19:00:00,Nice,Metz,H,1.216,0.836784,0,0,0.379216
29544,Ligue_1,2025,2025-08-17 15:15:00,Paris FC,Angers,A,0.71125,0.82142,0,1,-0.11016999999999999
29548,Ligue_1,2025,2025-08-23 15:00:00,Paris FC,Marseille,A,1.05457,3.337,2,5,-2.28243
29562,Ligue_1,2025,2025-08-31 15:15:00,Paris FC,Metz,H,3.39898,1.6248,3,2,1.7741799999999999
29566,Ligue_1,2025,2025-09-14 15:15:00,Paris FC,Brest,A,1.85008,2.60519,2,1,-0.75511
29582,Ligue_1,2025,2025-09-21 13:00:00,Paris FC,Strasbourg,H,1.9014,2.46459,2,3,-0.5631899999999999
29587,Ligue_1,2025,2025-09-28 13:00:00,Paris FC,Nice,A,1.49444,1.36997,1,1,0.12447000000000008
29599,Ligue_1,2025,2025-10-03 18:45:00,Paris FC,Lorient,H,1.83687,0.855852,2,0,0.9810180000000001
29602,Ligue_1,2025,2025-10-19 13:00:00,Paris FC,Lens,A,0.583966,1.98018,1,2,-1.396214
29614,Ligue_1,2025,2025-10-24 18:45:00,Paris FC,Nantes,H,0.951277,0.916827,1,2,0.03445000000000009
29622,Ligue_1,2025,2025-10-29 19:05:00,Paris FC,Lyon,H,0.581508,1.21871,3,3,-0.6372019999999999
29632,Ligue_1,2025,2025-11-01 18:00:00,Paris FC,Monaco,A,1.18048,0.820947,1,0,0.359533
29644,Ligue_1,2025,2025-11-07 19:45:00,Paris FC,Rennes,H,2.2285,1.36728,0,1,0.8612199999999999
29649,Ligue_1,2025,2025-11-23 19:45:00,Paris FC,Lille,A,1.50332,4.14474,2,4,-2.6414199999999997
29662,Ligue_1,2025,2025-11-29 18:00:00,Paris FC,Auxerre,H,1.80891,1.15143,1,1,0.6574800000000001
29666,Ligue_1,2025,2025-12-07 16:15:00,Paris FC,Le Havre,A,1.2524,1.93371,0,0,-0.6813100000000001
29676,Ligue_1,2025,2025-12-13 20:05:00,Paris FC,Toulouse,H,0.366399,2.03766,0,3,-1.6712609999999999
29689,Ligue_1,2025,2026-01-04 19:45:00,Paris FC,Paris Saint Germain,A,0.938334,1.58716,1,2,-0.6488259999999999
29695,Ligue_1,2025,2026-01-18 16:15:00,Paris FC,Nantes,A,0.738941,0.411699,2,1,0.327242
29707,Ligue_1,2025,2026-01-25 16:15:00,Paris FC,Angers,H,0.759097,0.342734,0,0,0.41636300000000004
29715,Ligue_1,2025,2026-01-31 16:00:00,Paris FC,Marseille,H,1.82048,2.71118,2,2,-0.8907
29719,Ligue_1,2025,2026-02-08 16:15:00,Paris FC,Auxerre,A,0.758207,1.27393,0,0,-0.515723
29734,Ligue_1,2025,2026-02-14 20:05:00,Paris FC,Lens,H,0.399344,3.50163,0,5,-3.102286
29744,Ligue_1,2025,2026-02-21 18:00:00,Paris FC,Toulouse,A,0.687806,2.67763,1,1,-1.989824
29751,Ligue_1,2025,2026-03-01 14:00:00,Paris FC,Nice,H,1.3017,1.26295,1,0,0.03875000000000006
29758,Ligue_1,2025,2026-03-08 19:45:00,Paris FC,Lyon,A,2.32579,1.92522,1,1,0.4005700000000001
29771,Ligue_1,2025,2026-03-15 14:00:00,Paris FC,Strasbourg,A,0.616395,1.20221,0,0,-0.585815
29778,Ligue_1,2025,2026-03-22 16:15:00,Paris FC,Le Havre,H,2.42628,1.74386,3,2,0.6824200000000002
29785,Ligue_1,2025,2026-04-05 15:15:00,Paris FC,Lorient,A,1.39879,1.16554,1,1,0.23324999999999996
29796,Ligue_1,2025,2026-04-10 17:00:00,Paris FC,Monaco,H,2.95341,1.7647,4,1,1.18871
29803,Ligue_1,2025,2026-04-19 15:15:00,Paris FC,Metz,A,1.97282,1.48448,3,1,0.48834
29814,Ligue_1,2025,2026-04-26 15:15:00,Paris FC,Lille,H,1.12423,1.75999,0,1,-0.6357599999999999
29823,Ligue_1,2025,2026-05-03 15:15:00,Paris FC,Brest,H,2.86094,0.733091,4,0,2.127849
29833,Ligue_1,2025,2026-05-10 19:00:00,Paris FC,Rennes,A,1.59351,1.53143,1,2,0.06207999999999991
29842,Ligue_1,2025,2026-05-17 19:00:00,Paris FC,Paris Saint Germain,H,2.32862,0.863934,2,1,1.464686
28048,Ligue_1,2024,2024-08-16 18:45:00,Paris Saint Germain,Le Havre,A,2.9098,0.197023,4,1,2.712777
28057,Ligue_1,2024,2024-08-23 18:45:00,Paris Saint Germain,Montpellier,H,4.93703,0.772997,6,0,4.164033
28074,Ligue_1,2024,2024-09-01 18:45:00,Paris Saint Germain,Lille,A,3.24139,1.57562,3,1,1.66577
28079,Ligue_1,2024,2024-09-14 19:00:00,Paris Saint Germain,Brest,H,2.91245,1.00928,3,1,1.9031700000000003
28086,Ligue_1,2024,2024-09-21 19:00:00,Paris Saint Germain,Reims,A,1.90277,0.760314,1,1,1.1424560000000001
28094,Ligue_1,2024,2024-09-27 19:00:00,Paris Saint Germain,Rennes,H,3.22405,2.02646,3,1,1.19759
28104,Ligue_1,2024,2024-10-06 18:45:00,Paris Saint Germain,Nice,A,0.822322,0.326466,1,1,0.495856
28119,Ligue_1,2024,2024-10-19 19:00:00,Paris Saint Germain,Strasbourg,H,4.66981,2.22038,4,2,2.44943
28127,Ligue_1,2024,2024-10-27 19:45:00,Paris Saint Germain,Marseille,A,4.04221,0.277951,3,0,3.764259
28130,Ligue_1,2024,2024-11-02 16:00:00,Paris Saint Germain,Lens,H,2.76932,0.803421,1,0,1.9658989999999998
28142,Ligue_1,2024,2024-11-09 20:00:00,Paris Saint Germain,Angers,A,4.38095,1.21483,4,2,3.1661200000000003
28147,Ligue_1,2024,2024-11-22 20:00:00,Paris Saint Germain,Toulouse,H,1.63216,1.84157,3,0,-0.20940999999999987
28161,Ligue_1,2024,2024-11-30 20:00:00,Paris Saint Germain,Nantes,H,3.85838,0.742742,1,1,3.1156379999999997
28166,Ligue_1,2024,2024-12-06 20:00:00,Paris Saint Germain,Auxerre,A,3.04535,0.34154,0,0,2.70381
28182,Ligue_1,2024,2024-12-15 19:45:00,Paris Saint Germain,Lyon,H,2.59615,1.23945,3,1,1.3567000000000002
28183,Ligue_1,2024,2024-12-18 20:00:00,Paris Saint Germain,Monaco,A,2.40654,3.10193,4,2,-0.6953899999999997
28199,Ligue_1,2024,2025-01-12 19:45:00,Paris Saint Germain,Saint-Etienne,H,5.07062,0.410024,2,1,4.660596
28202,Ligue_1,2024,2025-01-18 16:00:00,Paris Saint Germain,Lens,A,1.57299,1.34901,2,1,0.22398000000000007
28216,Ligue_1,2024,2025-01-25 20:05:00,Paris Saint Germain,Reims,H,1.79628,0.613384,1,1,1.182896
28220,Ligue_1,2024,2025-02-01 16:00:00,Paris Saint Germain,Brest,A,3.94899,0.63646,5,2,3.3125299999999998
28233,Ligue_1,2024,2025-02-07 20:05:00,Paris Saint Germain,Monaco,H,3.13964,0.924683,4,1,2.214957
28237,Ligue_1,2024,2025-02-15 20:05:00,Paris Saint Germain,Toulouse,A,2.93281,1.19618,1,0,1.73663
28254,Ligue_1,2024,2025-02-23 19:45:00,Paris Saint Germain,Lyon,A,2.74583,1.76184,3,2,0.9839900000000001
28255,Ligue_1,2024,2025-03-01 20:05:00,Paris Saint Germain,Lille,H,3.59846,0.872733,4,1,2.725727
28271,Ligue_1,2024,2025-03-08 16:00:00,Paris Saint Germain,Rennes,A,3.39834,2.10922,4,1,1.28912
28273,Ligue_1,2024,2025-03-16 19:45:00,Paris Saint Germain,Marseille,H,2.60859,0.734284,3,1,1.8743059999999998
28287,Ligue_1,2024,2025-03-29 18:00:00,Paris Saint Germain,Saint-Etienne,A,3.96021,1.27635,6,1,2.68386
28297,Ligue_1,2024,2025-04-05 15:00:00,Paris Saint Germain,Angers,H,1.64379,0.280438,1,0,1.3633520000000001
28313,Ligue_1,2024,2025-04-19 15:00:00,Paris Saint Germain,Le Havre,H,3.19233,0.709291,2,1,2.483039
28303,Ligue_1,2024,2025-04-22 18:45:00,Paris Saint Germain,Nantes,A,2.30552,0.520926,1,1,1.784594
28324,Ligue_1,2024,2025-04-25 18:45:00,Paris Saint Germain,Nice,H,4.50698,1.63001,1,3,2.8769700000000005
28328,Ligue_1,2024,2025-05-03 15:00:00,Paris Saint Germain,Strasbourg,A,2.35931,1.42064,1,2,0.9386699999999999
28341,Ligue_1,2024,2025-05-10 19:00:00,Paris Saint Germain,Montpellier,A,1.78222,0.594471,4,1,1.187749
28351,Ligue_1,2024,2025-05-17 19:00:00,Paris Saint Germain,Auxerre,H,3.71972,0.9013,3,1,2.81842
29546,Ligue_1,2025,2025-08-17 18:45:00,Paris Saint Germain,Nantes,A,1.35682,0.124428,1,0,1.232392
29547,Ligue_1,2025,2025-08-22 18:45:00,Paris Saint Germain,Angers,H,2.0878,0.176876,1,0,1.910924
29559,Ligue_1,2025,2025-08-30 19:05:00,Paris Saint Germain,Toulouse,A,2.49609,2.33006,6,3,0.16603000000000012
29571,Ligue_1,2025,2025-09-14 15:15:00,Paris Saint Germain,Lens,H,1.05815,1.2242,2,0,-0.16605000000000003
29579,Ligue_1,2025,2025-09-22 18:45:00,Paris Saint Germain,Marseille,A,0.919565,1.77744,0,1,-0.8578749999999999
29588,Ligue_1,2025,2025-09-27 19:05:00,Paris Saint Germain,Auxerre,H,2.11672,0.73132,2,0,1.3854
29595,Ligue_1,2025,2025-10-05 18:45:00,Paris Saint Germain,Lille,A,1.71207,0.647492,1,1,1.064578
29608,Ligue_1,2025,2025-10-17 18:45:00,Paris Saint Germain,Strasbourg,H,2.85659,1.92082,3,3,0.9357700000000002
29613,Ligue_1,2025,2025-10-25 15:00:00,Paris Saint Germain,Brest,A,2.92453,1.89257,3,0,1.0319599999999998
29621,Ligue_1,2025,2025-10-29 17:00:00,Paris Saint Germain,Lorient,A,1.28813,0.192946,1,1,1.095184
29634,Ligue_1,2025,2025-11-01 16:00:00,Paris Saint Germain,Nice,H,1.88647,0.3867,1,0,1.49977
29640,Ligue_1,2025,2025-11-09 19:45:00,Paris Saint Germain,Lyon,A,1.69872,0.712588,3,2,0.986132
29652,Ligue_1,2025,2025-11-22 20:05:00,Paris Saint Germain,Le Havre,H,4.11577,1.28573,3,0,2.8300400000000003
29661,Ligue_1,2025,2025-11-29 16:00:00,Paris Saint Germain,Monaco,A,1.47676,0.637875,0,1,0.8388850000000001
29671,Ligue_1,2025,2025-12-06 20:05:00,Paris Saint Germain,Rennes,H,2.32641,0.153549,5,0,2.172861
29677,Ligue_1,2025,2025-12-13 18:00:00,Paris Saint Germain,Metz,A,1.94768,0.363683,3,2,1.583997
29689,Ligue_1,2025,2026-01-04 19:45:00,Paris Saint Germain,Paris FC,H,1.58716,0.938334,2,1,0.6488259999999999
29696,Ligue_1,2025,2026-01-16 20:00:00,Paris Saint Germain,Lille,H,1.29284,0.67995,3,0,0.6128899999999999
29700,Ligue_1,2025,2026-01-23 19:00:00,Paris Saint Germain,Auxerre,A,2.19544,0.352997,1,0,1.842443
29716,Ligue_1,2025,2026-02-01 19:45:00,Paris Saint Germain,Strasbourg,A,1.16489,1.97116,2,1,-0.80627
29726,Ligue_1,2025,2026-02-08 19:45:00,Paris Saint Germain,Marseille,H,4.63077,0.90611,5,0,3.72466
29735,Ligue_1,2025,2026-02-13 18:00:00,Paris Saint Germain,Rennes,A,4.17604,1.80204,1,3,2.3740000000000006
29742,Ligue_1,2025,2026-02-21 20:05:00,Paris Saint Germain,Metz,H,2.41445,0.0591146,3,0,2.3553354
29745,Ligue_1,2025,2026-02-28 20:05:00,Paris Saint Germain,Le Havre,A,4.03627,0.682797,1,0,3.353473
29761,Ligue_1,2025,2026-03-06 19:45:00,Paris Saint Germain,Monaco,H,1.22179,1.75294,1,3,-0.53115
29777,Ligue_1,2025,2026-03-21 20:05:00,Paris Saint Germain,Nice,A,4.04442,0.17662,4,0,3.8678
29788,Ligue_1,2025,2026-04-03 18:45:00,Paris Saint Germain,Toulouse,H,1.7337,0.102597,3,1,1.631103
29806,Ligue_1,2025,2026-04-19 18:45:00,Paris Saint Germain,Lyon,H,3.20455,1.20364,1,2,2.0009099999999997
29769,Ligue_1,2025,2026-04-22 18:00:00,Paris Saint Germain,Nantes,H,2.26452,0.672206,3,0,1.592314
29808,Ligue_1,2025,2026-04-25 17:00:00,Paris Saint Germain,Angers,A,3.00296,0.977437,3,0,2.0255229999999997
29824,Ligue_1,2025,2026-05-03 13:00:00,Paris Saint Germain,Lorient,H,2.98414,1.27737,2,2,1.7067700000000001
29832,Ligue_1,2025,2026-05-10 19:00:00,Paris Saint Germain,Brest,H,1.608,0.123268,1,0,1.4847320000000002
29792,Ligue_1,2025,2026-05-13 19:00:00,Paris Saint Germain,Lens,A,0.943876,3.03896,2,0,-2.095084
29842,Ligue_1,2025,2026-05-17 19:00:00,Paris Saint Germain,Paris FC,A,0.863934,2.32862,1,2,-1.464686
28050,Ligue_1,2024,2024-08-17 17:00:00,Reims,Lille,H,0.0758907,2.31711,0,2,-2.2412193
28065,Ligue_1,2024,2024-08-25 18:45:00,Reims,Marseille,A,1.01201,2.94016,2,2,-1.92815
28072,Ligue_1,2024,2024-09-01 15:00:00,Reims,Rennes,H,2.00948,1.02619,2,1,0.98329
28081,Ligue_1,2024,2024-09-15 15:00:00,Reims,Nantes,A,0.549218,1.43325,2,1,-0.8840319999999999
28086,Ligue_1,2024,2024-09-21 19:00:00,Reims,Paris Saint Germain,H,0.760314,1.90277,1,1,-1.1424560000000001
28101,Ligue_1,2024,2024-09-29 15:00:00,Reims,Angers,A,4.18122,1.08284,3,1,3.0983799999999997
28105,Ligue_1,2024,2024-10-06 15:00:00,Reims,Montpellier,H,3.71514,0.874094,4,2,2.841046
28113,Ligue_1,2024,2024-10-20 15:00:00,Reims,Auxerre,A,1.22872,2.86385,1,2,-1.6351299999999998
28122,Ligue_1,2024,2024-10-26 17:00:00,Reims,Brest,H,1.44911,1.64092,1,2,-0.19181000000000004
28132,Ligue_1,2024,2024-11-03 14:00:00,Reims,Toulouse,A,0.818661,0.910081,0,1,-0.09142000000000006
28143,Ligue_1,2024,2024-11-10 16:00:00,Reims,Le Havre,A,2.69952,1.51035,3,0,1.18917
28155,Ligue_1,2024,2024-11-23 20:00:00,Reims,Lyon,H,1.17295,1.92683,1,1,-0.7538800000000001
28156,Ligue_1,2024,2024-11-29 19:45:00,Reims,Lens,H,0.589301,1.40788,0,2,-0.8185790000000001
28171,Ligue_1,2024,2024-12-08 16:00:00,Reims,Strasbourg,A,1.28455,1.0949,0,0,0.1896500000000001
28176,Ligue_1,2024,2024-12-14 20:00:00,Reims,Monaco,H,1.52074,1.3291,0,0,0.19164000000000003
28186,Ligue_1,2024,2025-01-04 16:00:00,Reims,Saint-Etienne,A,1.27612,3.18639,1,3,-1.91027
28195,Ligue_1,2024,2025-01-11 18:00:00,Reims,Nice,H,0.950928,3.22004,2,4,-2.269112
28207,Ligue_1,2024,2025-01-19 16:15:00,Reims,Le Havre,H,1.49091,1.29453,1,1,0.19638
28216,Ligue_1,2024,2025-01-25 20:05:00,Reims,Paris Saint Germain,A,0.613384,1.79628,1,1,-1.182896
28223,Ligue_1,2024,2025-02-02 16:15:00,Reims,Nantes,H,0.960868,1.41652,1,2,-0.45565199999999995
28234,Ligue_1,2024,2025-02-09 14:00:00,Reims,Lyon,A,0.307882,3.24979,0,4,-2.9419079999999997
28243,Ligue_1,2024,2025-02-16 16:15:00,Reims,Angers,H,2.06733,2.43148,0,1,-0.36415
28246,Ligue_1,2024,2025-02-21 19:45:00,Reims,Rennes,A,0.160269,3.0636,0,1,-2.903331
28262,Ligue_1,2024,2025-02-28 19:45:00,Reims,Monaco,A,0.722972,4.01066,0,3,-3.2876879999999997
28265,Ligue_1,2024,2025-03-09 16:15:00,Reims,Auxerre,H,1.83707,1.87605,0,2,-0.038980000000000015
28276,Ligue_1,2024,2025-03-16 16:15:00,Reims,Brest,A,0.985266,0.33799,0,0,0.647276
28288,Ligue_1,2024,2025-03-29 16:00:00,Reims,Marseille,H,1.05547,1.07885,3,1,-0.02338000000000018
28298,Ligue_1,2024,2025-04-06 15:15:00,Reims,Strasbourg,H,0.891063,2.80314,0,1,-1.912077
28307,Ligue_1,2024,2025-04-11 18:45:00,Reims,Lens,A,1.44859,2.71917,2,0,-1.27058
28315,Ligue_1,2024,2025-04-20 15:15:00,Reims,Toulouse,H,0.659517,1.32734,1,0,-0.6678229999999999
28321,Ligue_1,2024,2025-04-27 15:15:00,Reims,Montpellier,A,1.03714,0.949696,0,0,0.08744399999999997
28332,Ligue_1,2024,2025-05-02 18:45:00,Reims,Nice,A,0.876237,1.2118,0,1,-0.33556299999999994
28336,Ligue_1,2024,2025-05-10 19:00:00,Reims,Saint-Etienne,H,1.12267,0.71062,0,2,0.41205
28353,Ligue_1,2024,2025-05-17 19:00:00,Reims,Lille,A,0.0983246,2.31624,1,2,-2.2179154
28056,Ligue_1,2024,2024-08-18 18:45:00,Rennes,Lyon,H,2.57411,2.20066,3,0,0.37345000000000006
28063,Ligue_1,2024,2024-08-25 15:00:00,Rennes,Strasbourg,A,1.40309,1.58875,1,3,-0.18566000000000016
28072,Ligue_1,2024,2024-09-01 15:00:00,Rennes,Reims,A,1.02619,2.00948,1,2,-0.98329
28080,Ligue_1,2024,2024-09-15 13:00:00,Rennes,Montpellier,H,1.26867,0.310262,3,0,0.9584079999999999
28091,Ligue_1,2024,2024-09-21 17:00:00,Rennes,Lens,H,1.34636,0.853348,1,1,0.493012
28094,Ligue_1,2024,2024-09-27 19:00:00,Rennes,Paris Saint Germain,A,2.02646,3.22405,1,3,-1.19759
28103,Ligue_1,2024,2024-10-05 19:00:00,Rennes,Monaco,H,0.640297,0.498715,1,2,0.14158199999999999
28118,Ligue_1,2024,2024-10-19 15:00:00,Rennes,Brest,A,1.14445,1.42573,1,1,-0.28128
28123,Ligue_1,2024,2024-10-25 18:45:00,Rennes,Le Havre,H,1.84154,0.272294,1,0,1.569246
28131,Ligue_1,2024,2024-11-03 16:00:00,Rennes,Auxerre,A,0.701873,2.39897,0,4,-1.6970969999999999
28138,Ligue_1,2024,2024-11-10 16:00:00,Rennes,Toulouse,H,0.31279,1.31564,0,2,-1.00285
28151,Ligue_1,2024,2024-11-24 14:00:00,Rennes,Lille,A,0.178059,0.641516,0,1,-0.463457
28157,Ligue_1,2024,2024-11-30 16:00:00,Rennes,Saint-Etienne,H,3.01812,0.168428,5,0,2.849692
28172,Ligue_1,2024,2024-12-08 16:00:00,Rennes,Nantes,A,0.285927,1.70972,0,1,-1.4237929999999999
28174,Ligue_1,2024,2024-12-15 16:00:00,Rennes,Angers,H,0.62717,0.391796,2,0,0.23537400000000003
28191,Ligue_1,2024,2025-01-03 20:00:00,Rennes,Nice,A,1.50451,1.51944,2,3,-0.014929999999999888
28200,Ligue_1,2024,2025-01-11 20:00:00,Rennes,Marseille,H,1.76569,2.49254,1,2,-0.72685
28209,Ligue_1,2024,2025-01-18 18:00:00,Rennes,Brest,H,1.92675,1.87321,1,2,0.05353999999999992
28211,Ligue_1,2024,2025-01-25 16:00:00,Rennes,Monaco,A,1.85205,3.47384,2,3,-1.62179
28226,Ligue_1,2024,2025-02-02 16:15:00,Rennes,Strasbourg,H,0.763344,0.994427,1,0,-0.23108299999999993
28232,Ligue_1,2024,2025-02-08 20:05:00,Rennes,Saint-Etienne,A,4.06991,0.462142,2,0,3.607768
28242,Ligue_1,2024,2025-02-16 19:45:00,Rennes,Lille,H,0.417057,3.01977,0,2,-2.6027129999999996
28246,Ligue_1,2024,2025-02-21 19:45:00,Rennes,Reims,H,3.0636,0.160269,1,0,2.903331
28258,Ligue_1,2024,2025-03-02 16:15:00,Rennes,Montpellier,A,2.49604,1.60296,4,0,0.8930799999999999
28271,Ligue_1,2024,2025-03-08 16:00:00,Rennes,Paris Saint Germain,H,2.10922,3.39834,1,4,-1.28912
28278,Ligue_1,2024,2025-03-15 20:05:00,Rennes,Lens,A,0.653605,0.643819,0,1,0.009785999999999961
28282,Ligue_1,2024,2025-03-30 16:15:00,Rennes,Angers,A,1.63382,1.04854,3,0,0.58528
28299,Ligue_1,2024,2025-04-06 15:15:00,Rennes,Auxerre,H,1.06426,1.10602,0,1,-0.04176000000000002
28301,Ligue_1,2024,2025-04-13 15:15:00,Rennes,Le Havre,A,3.72188,0.718016,5,1,3.003864
28317,Ligue_1,2024,2025-04-18 18:45:00,Rennes,Nantes,H,2.52992,0.702331,2,1,1.8275890000000001
28326,Ligue_1,2024,2025-04-26 19:05:00,Rennes,Lyon,A,0.781584,2.25879,1,4,-1.4772059999999998
28327,Ligue_1,2024,2025-05-03 17:00:00,Rennes,Toulouse,A,1.57739,1.01393,1,2,0.5634600000000001
28340,Ligue_1,2024,2025-05-10 19:00:00,Rennes,Nice,H,2.06744,1.23457,2,0,0.83287
28346,Ligue_1,2024,2025-05-17 19:00:00,Rennes,Marseille,A,1.40321,4.06558,2,4,-2.6623699999999997
29538,Ligue_1,2025,2025-08-15 18:45:00,Rennes,Marseille,H,1.31418,2.07298,1,0,-0.7587999999999999
29551,Ligue_1,2025,2025-08-24 13:00:00,Rennes,Lorient,A,0.0728372,3.4466,0,4,-3.3737628
29560,Ligue_1,2025,2025-08-31 13:00:00,Rennes,Angers,A,1.73758,1.58619,1,1,0.1513899999999999
29572,Ligue_1,2025,2025-09-14 18:45:00,Rennes,Lyon,H,2.20918,1.7381,3,1,0.47107999999999994
29581,Ligue_1,2025,2025-09-20 15:00:00,Rennes,Nantes,A,1.44041,2.65629,2,2,-1.2158799999999998
29589,Ligue_1,2025,2025-09-28 18:45:00,Rennes,Lens,H,1.57438,1.51932,0,0,0.05505999999999989
29594,Ligue_1,2025,2025-10-05 15:15:00,Rennes,Le Havre,A,1.21285,1.98097,2,2,-0.7681199999999999
29609,Ligue_1,2025,2025-10-19 15:15:00,Rennes,Auxerre,H,1.93587,1.66634,2,2,0.26953000000000005
29618,Ligue_1,2025,2025-10-26 15:15:00,Rennes,Nice,H,1.54435,0.88734,1,2,0.6570099999999999
29626,Ligue_1,2025,2025-10-29 19:05:00,Rennes,Toulouse,A,1.26096,1.62131,2,2,-0.36034999999999995
29635,Ligue_1,2025,2025-11-02 14:00:00,Rennes,Strasbourg,H,3.06877,2.08816,4,1,0.9806100000000004
29644,Ligue_1,2025,2025-11-07 19:45:00,Rennes,Paris FC,A,1.36728,2.2285,1,0,-0.8612199999999999
29653,Ligue_1,2025,2025-11-22 18:00:00,Rennes,Monaco,H,3.067,1.60818,4,1,1.4588200000000002
29660,Ligue_1,2025,2025-11-28 19:45:00,Rennes,Metz,A,0.980088,1.31354,1,0,-0.33345199999999997
29671,Ligue_1,2025,2025-12-06 20:05:00,Rennes,Paris Saint Germain,A,0.153549,2.32641,0,5,-2.172861
29681,Ligue_1,2025,2025-12-13 16:00:00,Rennes,Brest,H,1.58903,0.872611,3,1,0.7164189999999999
29684,Ligue_1,2025,2026-01-03 20:05:00,Rennes,Lille,A,1.49739,1.06111,2,0,0.43628
29697,Ligue_1,2025,2026-01-18 16:15:00,Rennes,Le Havre,H,2.54723,0.538741,1,1,2.008489
29708,Ligue_1,2025,2026-01-24 16:00:00,Rennes,Lorient,H,1.88241,1.10359,0,2,0.7788199999999998
29713,Ligue_1,2025,2026-01-31 20:05:00,Rennes,Monaco,A,0.427968,2.28518,0,4,-1.857212
29722,Ligue_1,2025,2026-02-08 14:00:00,Rennes,Lens,A,1.33597,1.01131,1,3,0.32466000000000017
29735,Ligue_1,2025,2026-02-13 18:00:00,Rennes,Paris Saint Germain,H,1.80204,4.17604,3,1,-2.3740000000000006
29737,Ligue_1,2025,2026-02-22 14:00:00,Rennes,Auxerre,A,1.10597,0.700042,3,0,0.40592799999999984
29752,Ligue_1,2025,2026-02-28 16:00:00,Rennes,Toulouse,H,0.709138,0.668386,1,0,0.04075200000000001
29760,Ligue_1,2025,2026-03-08 16:15:00,Rennes,Nice,A,1.87138,2.68488,4,0,-0.8135000000000001
29770,Ligue_1,2025,2026-03-15 19:45:00,Rennes,Lille,H,1.5463,1.3508,1,2,0.1955
29779,Ligue_1,2025,2026-03-22 16:15:00,Rennes,Metz,H,1.70552,0.314914,0,0,1.390606
29782,Ligue_1,2025,2026-04-04 17:00:00,Rennes,Brest,A,2.7958,1.89452,4,3,0.9012799999999999
29797,Ligue_1,2025,2026-04-11 19:05:00,Rennes,Angers,H,1.09968,1.19461,2,1,-0.09492999999999996
29807,Ligue_1,2025,2026-04-19 15:15:00,Rennes,Strasbourg,A,3.25297,0.944239,3,0,2.308731
29815,Ligue_1,2025,2026-04-26 15:15:00,Rennes,Nantes,H,1.55601,2.51691,2,1,-0.9609000000000003
29819,Ligue_1,2025,2026-05-03 18:45:00,Rennes,Lyon,A,1.06495,2.6657,2,4,-1.6007500000000001
29833,Ligue_1,2025,2026-05-10 19:00:00,Rennes,Paris FC,H,1.53143,1.59351,2,1,-0.06207999999999991
29839,Ligue_1,2025,2026-05-17 19:00:00,Rennes,Marseille,A,2.20696,3.90151,1,3,-1.69455
28051,Ligue_1,2024,2024-08-17 19:00:00,Saint-Etienne,Monaco,A,0.484117,2.78444,0,1,-2.300323
28060,Ligue_1,2024,2024-08-24 19:00:00,Saint-Etienne,Le Havre,H,1.48827,2.23362,0,2,-0.7453500000000002
28067,Ligue_1,2024,2024-08-31 15:00:00,Saint-Etienne,Brest,A,0.256612,3.60698,0,4,-3.350368
28075,Ligue_1,2024,2024-09-13 18:30:00,Saint-Etienne,Lille,H,1.1774,2.73176,1,0,-1.55436
28085,Ligue_1,2024,2024-09-20 18:45:00,Saint-Etienne,Nice,A,0.335532,4.50007,0,8,-4.164538
28097,Ligue_1,2024,2024-09-29 15:00:00,Saint-Etienne,Nantes,A,1.0242,2.61562,2,2,-1.5914199999999998
28107,Ligue_1,2024,2024-10-05 15:00:00,Saint-Etienne,Auxerre,H,2.45106,0.71964,3,1,1.73142
28117,Ligue_1,2024,2024-10-19 17:00:00,Saint-Etienne,Lens,H,0.782727,1.35593,0,2,-0.5732030000000001
28121,Ligue_1,2024,2024-10-26 15:00:00,Saint-Etienne,Angers,A,1.33,3.26778,2,4,-1.93778
28137,Ligue_1,2024,2024-11-02 20:00:00,Saint-Etienne,Strasbourg,H,2.82745,0.451174,2,0,2.376276
28145,Ligue_1,2024,2024-11-10 19:45:00,Saint-Etienne,Lyon,A,0.703111,2.28647,0,1,-1.583359
28150,Ligue_1,2024,2024-11-23 18:00:00,Saint-Etienne,Montpellier,H,1.27297,0.862794,1,0,0.410176
28157,Ligue_1,2024,2024-11-30 16:00:00,Saint-Etienne,Rennes,A,0.168428,3.01812,0,5,-2.849692
28167,Ligue_1,2024,2024-12-08 19:45:00,Saint-Etienne,Marseille,H,0.166752,2.9851,0,2,-2.8183480000000003
28178,Ligue_1,2024,2024-12-13 19:45:00,Saint-Etienne,Toulouse,A,0.388289,1.73249,1,2,-1.344201
28186,Ligue_1,2024,2025-01-04 16:00:00,Saint-Etienne,Reims,H,3.18639,1.27612,3,1,1.91027
28199,Ligue_1,2024,2025-01-12 19:45:00,Saint-Etienne,Paris Saint Germain,A,0.410024,5.07062,1,2,-4.660596
28205,Ligue_1,2024,2025-01-19 14:00:00,Saint-Etienne,Nantes,H,0.836137,1.36031,1,1,-0.5241729999999999
28214,Ligue_1,2024,2025-01-24 19:45:00,Saint-Etienne,Auxerre,A,1.1913,0.582829,1,1,0.608471
28222,Ligue_1,2024,2025-02-01 20:05:00,Saint-Etienne,Lille,A,2.10343,2.74822,1,4,-0.64479
28232,Ligue_1,2024,2025-02-08 20:05:00,Saint-Etienne,Rennes,H,0.462142,4.06991,0,2,-3.607768
28238,Ligue_1,2024,2025-02-15 16:00:00,Saint-Etienne,Marseille,A,1.0312,5.94236,1,5,-4.91116
28251,Ligue_1,2024,2025-02-22 18:00:00,Saint-Etienne,Angers,H,1.70031,3.1805,3,3,-1.48019
28259,Ligue_1,2024,2025-03-01 16:00:00,Saint-Etienne,Nice,H,1.01895,2.41374,1,3,-1.3947900000000002
28264,Ligue_1,2024,2025-03-09 16:15:00,Saint-Etienne,Le Havre,A,1.3916,2.15479,1,1,-0.7631900000000003
28275,Ligue_1,2024,2025-03-16 16:15:00,Saint-Etienne,Montpellier,A,1.13788,1.33869,2,0,-0.20080999999999993
28287,Ligue_1,2024,2025-03-29 18:00:00,Saint-Etienne,Paris Saint Germain,H,1.27635,3.96021,1,6,-2.68386
28296,Ligue_1,2024,2025-04-06 13:00:00,Saint-Etienne,Lens,A,1.69228,2.50421,0,1,-0.81193
28305,Ligue_1,2024,2025-04-13 13:00:00,Saint-Etienne,Brest,H,1.02329,2.01379,3,3,-0.9905000000000002
28309,Ligue_1,2024,2025-04-20 18:45:00,Saint-Etienne,Lyon,H,1.74645,0.632299,2,1,1.1141510000000001
28319,Ligue_1,2024,2025-04-26 15:00:00,Saint-Etienne,Strasbourg,A,2.2201,2.8346,1,3,-0.6145
28334,Ligue_1,2024,2025-05-03 19:05:00,Saint-Etienne,Monaco,H,1.16957,1.84407,1,3,-0.6745000000000001
28336,Ligue_1,2024,2025-05-10 19:00:00,Saint-Etienne,Reims,A,0.71062,1.12267,2,0,-0.41205
28352,Ligue_1,2024,2025-05-17 19:00:00,Saint-Etienne,Toulouse,H,1.32698,3.82215,2,3,-2.49517
28053,Ligue_1,2024,2024-08-18 15:00:00,Strasbourg,Montpellier,A,1.10476,1.44704,1,1,-0.34228000000000014
28063,Ligue_1,2024,2024-08-25 15:00:00,Strasbourg,Rennes,H,1.58875,1.40309,3,1,0.18566000000000016
28066,Ligue_1,2024,2024-08-30 18:45:00,Strasbourg,Lyon,A,2.44695,3.22754,3,4,-0.7805899999999997
28083,Ligue_1,2024,2024-09-15 15:00:00,Strasbourg,Angers,H,2.47918,0.855084,1,1,1.624096
28090,Ligue_1,2024,2024-09-21 15:00:00,Strasbourg,Lille,A,3.02005,2.30213,3,3,0.7179199999999999
28093,Ligue_1,2024,2024-09-29 18:45:00,Strasbourg,Marseille,H,1.67455,0.782395,1,0,0.892155
28110,Ligue_1,2024,2024-10-06 15:00:00,Strasbourg,Lens,H,1.31135,1.43012,2,2,-0.11877000000000004
28119,Ligue_1,2024,2024-10-19 19:00:00,Strasbourg,Paris Saint Germain,A,2.22038,4.66981,2,4,-2.44943
28125,Ligue_1,2024,2024-10-27 16:00:00,Strasbourg,Nantes,H,1.99679,0.761926,3,1,1.234864
28137,Ligue_1,2024,2024-11-02 20:00:00,Strasbourg,Saint-Etienne,A,0.451174,2.82745,0,2,-2.376276
28140,Ligue_1,2024,2024-11-09 16:00:00,Strasbourg,Monaco,H,0.771173,3.42574,1,3,-2.6545669999999997
28149,Ligue_1,2024,2024-11-24 19:45:00,Strasbourg,Nice,A,0.524154,2.03827,1,2,-1.5141159999999998
28159,Ligue_1,2024,2024-11-30 18:00:00,Strasbourg,Brest,A,0.930345,2.90417,1,3,-1.9738250000000002
28171,Ligue_1,2024,2024-12-08 16:00:00,Strasbourg,Reims,H,1.0949,1.28455,0,0,-0.1896500000000001
28175,Ligue_1,2024,2024-12-15 16:00:00,Strasbourg,Le Havre,A,1.39172,1.58328,3,0,-0.19155999999999995
28190,Ligue_1,2024,2025-01-05 14:00:00,Strasbourg,Auxerre,H,2.89722,1.7605,3,1,1.13672
28192,Ligue_1,2024,2025-01-12 16:15:00,Strasbourg,Toulouse,A,1.82783,1.19281,2,1,0.6350200000000001
28201,Ligue_1,2024,2025-01-19 19:45:00,Strasbourg,Marseille,A,0.854933,3.29082,1,1,-2.435887
28210,Ligue_1,2024,2025-01-25 18:00:00,Strasbourg,Lille,H,1.19703,1.95469,2,1,-0.75766
28226,Ligue_1,2024,2025-02-02 16:15:00,Strasbourg,Rennes,A,0.994427,0.763344,0,1,0.23108299999999993
28230,Ligue_1,2024,2025-02-09 16:15:00,Strasbourg,Montpellier,H,3.17215,1.9822,2,0,1.1899499999999998
28240,Ligue_1,2024,2025-02-16 16:15:00,Strasbourg,Lens,A,1.97845,0.265561,2,0,1.712889
28249,Ligue_1,2024,2025-02-23 16:15:00,Strasbourg,Brest,H,0.785346,0.498988,0,0,0.286358
28261,Ligue_1,2024,2025-03-02 16:15:00,Strasbourg,Auxerre,A,1.52559,2.09273,1,0,-0.56714
28266,Ligue_1,2024,2025-03-09 16:15:00,Strasbourg,Nantes,A,1.17018,0.66134,1,0,0.50884
28279,Ligue_1,2024,2025-03-16 16:15:00,Strasbourg,Toulouse,H,1.98742,1.39687,2,1,0.5905499999999999
28285,Ligue_1,2024,2025-03-28 19:45:00,Strasbourg,Lyon,H,1.77552,2.87161,4,2,-1.09609
28298,Ligue_1,2024,2025-04-06 15:15:00,Strasbourg,Reims,A,2.80314,0.891063,1,0,1.912077
28304,Ligue_1,2024,2025-04-12 19:05:00,Strasbourg,Nice,H,0.789035,1.83829,2,2,-1.049255
28316,Ligue_1,2024,2025-04-19 17:00:00,Strasbourg,Monaco,A,0.340219,0.969947,0,0,-0.6297280000000001
28319,Ligue_1,2024,2025-04-26 15:00:00,Strasbourg,Saint-Etienne,H,2.8346,2.2201,3,1,0.6145
28328,Ligue_1,2024,2025-05-03 15:00:00,Strasbourg,Paris Saint Germain,H,1.42064,2.35931,2,1,-0.9386699999999999
28338,Ligue_1,2024,2025-05-10 19:00:00,Strasbourg,Angers,A,0.710143,1.33058,1,2,-0.6204370000000001
28345,Ligue_1,2024,2025-05-17 19:00:00,Strasbourg,Le Havre,H,1.74414,2.49529,2,3,-0.7511499999999998
29545,Ligue_1,2025,2025-08-17 15:15:00,Strasbourg,Metz,A,0.731013,0.184483,1,0,0.54653
29552,Ligue_1,2025,2025-08-24 15:15:00,Strasbourg,Nantes,H,1.81743,0.425423,1,0,1.392007
29563,Ligue_1,2025,2025-08-31 15:15:00,Strasbourg,Monaco,A,1.7732,2.35547,2,3,-0.5822699999999998
29573,Ligue_1,2025,2025-09-14 15:15:00,Strasbourg,Le Havre,H,1.43354,0.524832,1,0,0.9087080000000001
29582,Ligue_1,2025,2025-09-21 13:00:00,Strasbourg,Paris FC,A,2.46459,1.9014,3,2,0.5631899999999999
29590,Ligue_1,2025,2025-09-26 18:45:00,Strasbourg,Marseille,H,1.0976,2.00258,1,2,-0.9049800000000001
29600,Ligue_1,2025,2025-10-05 15:15:00,Strasbourg,Angers,H,4.2783,0.294622,5,0,3.983678
29608,Ligue_1,2025,2025-10-17 18:45:00,Strasbourg,Paris Saint Germain,A,1.92082,2.85659,3,3,-0.9357700000000002
29616,Ligue_1,2025,2025-10-26 18:45:00,Strasbourg,Lyon,A,0.798152,1.14566,1,2,-0.34750799999999993
29627,Ligue_1,2025,2025-10-29 19:05:00,Strasbourg,Auxerre,H,4.10806,0.68695,3,0,3.42111
29635,Ligue_1,2025,2025-11-02 14:00:00,Strasbourg,Rennes,A,2.08816,3.06877,1,4,-0.9806100000000004
29645,Ligue_1,2025,2025-11-09 16:15:00,Strasbourg,Lille,H,0.768163,0.480004,2,0,0.28815900000000005
29648,Ligue_1,2025,2025-11-22 16:00:00,Strasbourg,Lens,A,0.400272,2.2242,0,1,-1.8239280000000002
29663,Ligue_1,2025,2025-11-30 14:00:00,Strasbourg,Brest,H,1.14608,1.00638,1,2,0.13969999999999994
29672,Ligue_1,2025,2025-12-06 18:00:00,Strasbourg,Toulouse,A,0.0918532,0.64097,0,1,-0.5491168000000001
29680,Ligue_1,2025,2025-12-14 16:15:00,Strasbourg,Lorient,H,0.911848,0.415871,0,0,0.495977
29688,Ligue_1,2025,2026-01-03 18:00:00,Strasbourg,Nice,A,1.38731,2.39473,1,1,-1.00742
29698,Ligue_1,2025,2026-01-18 14:00:00,Strasbourg,Metz,H,1.019,0.984265,2,1,0.03473499999999996
29703,Ligue_1,2025,2026-01-25 19:45:00,Strasbourg,Lille,A,3.56512,1.74087,4,1,1.82425
29716,Ligue_1,2025,2026-02-01 19:45:00,Strasbourg,Paris Saint Germain,H,1.97116,1.16489,1,2,0.80627
29721,Ligue_1,2025,2026-02-08 16:15:00,Strasbourg,Le Havre,A,0.51294,0.856821,1,2,-0.3438810000000001
29731,Ligue_1,2025,2026-02-14 16:00:00,Strasbourg,Marseille,A,2.39153,1.61535,2,2,0.7761799999999999
29743,Ligue_1,2025,2026-02-22 19:45:00,Strasbourg,Lyon,H,2.22901,0.427324,3,1,1.8016860000000001
29753,Ligue_1,2025,2026-02-27 19:45:00,Strasbourg,Lens,H,0.874721,2.03807,1,1,-1.1633489999999997
29754,Ligue_1,2025,2026-03-07 18:00:00,Strasbourg,Auxerre,A,1.27324,1.03226,0,0,0.24097999999999997
29771,Ligue_1,2025,2026-03-15 14:00:00,Strasbourg,Paris FC,H,1.20221,0.616395,0,0,0.585815
29776,Ligue_1,2025,2026-03-22 19:45:00,Strasbourg,Nantes,A,2.83907,1.91469,3,2,0.92438
29789,Ligue_1,2025,2026-04-04 15:00:00,Strasbourg,Nice,H,2.70892,0.354354,3,1,2.354566
29807,Ligue_1,2025,2026-04-19 15:15:00,Strasbourg,Rennes,H,0.944239,3.25297,0,3,-2.308731
29811,Ligue_1,2025,2026-04-26 13:00:00,Strasbourg,Lorient,A,1.98869,2.57081,3,2,-0.5821199999999997
29825,Ligue_1,2025,2026-05-03 15:15:00,Strasbourg,Toulouse,H,0.405296,1.67665,1,2,-1.271354
29826,Ligue_1,2025,2026-05-10 19:00:00,Strasbourg,Angers,A,1.81952,0.793655,1,1,1.025865
29791,Ligue_1,2025,2026-05-13 17:00:00,Strasbourg,Brest,A,1.69163,2.64653,2,1,-0.9548999999999999
29843,Ligue_1,2025,2026-05-17 19:00:00,Strasbourg,Monaco,H,2.11536,1.44729,5,4,0.6680699999999999
28054,Ligue_1,2024,2024-08-18 15:00:00,Toulouse,Nantes,H,1.50937,0.513845,0,0,0.9955250000000001
28062,Ligue_1,2024,2024-08-25 15:00:00,Toulouse,Nice,A,0.946618,1.23725,1,1,-0.290632
28069,Ligue_1,2024,2024-08-31 19:00:00,Toulouse,Marseille,H,0.485368,1.29819,1,3,-0.8128219999999999
28082,Ligue_1,2024,2024-09-15 15:00:00,Toulouse,Le Havre,H,1.8674,0.15045,2,0,1.71695
28087,Ligue_1,2024,2024-09-22 15:00:00,Toulouse,Brest,A,2.3505,0.709045,0,2,1.6414549999999997
28099,Ligue_1,2024,2024-09-29 13:00:00,Toulouse,Lyon,H,0.716626,0.730803,1,2,-0.014176999999999995
28106,Ligue_1,2024,2024-10-05 17:00:00,Toulouse,Lille,A,1.43654,1.37754,1,2,0.05899999999999994
28114,Ligue_1,2024,2024-10-20 15:00:00,Toulouse,Angers,H,2.43778,1.47299,1,1,0.96479
28124,Ligue_1,2024,2024-10-27 16:00:00,Toulouse,Montpellier,A,2.88708,0.241419,3,0,2.645661
28132,Ligue_1,2024,2024-11-03 14:00:00,Toulouse,Reims,H,0.910081,0.818661,1,0,0.09142000000000006
28138,Ligue_1,2024,2024-11-10 16:00:00,Toulouse,Rennes,A,1.31564,0.31279,2,0,1.00285
28147,Ligue_1,2024,2024-11-22 20:00:00,Toulouse,Paris Saint Germain,A,1.84157,1.63216,0,3,0.20940999999999987
28164,Ligue_1,2024,2024-12-01 16:00:00,Toulouse,Auxerre,H,2.78623,0.129647,2,0,2.6565830000000004
28173,Ligue_1,2024,2024-12-07 16:00:00,Toulouse,Monaco,A,0.232536,2.8043,0,2,-2.571764
28178,Ligue_1,2024,2024-12-13 19:45:00,Toulouse,Saint-Etienne,H,1.73249,0.388289,2,1,1.344201
28185,Ligue_1,2024,2025-01-05 14:00:00,Toulouse,Lens,A,2.19226,1.32887,1,0,0.8633900000000001
28192,Ligue_1,2024,2025-01-12 16:15:00,Toulouse,Strasbourg,H,1.19281,1.82783,1,2,-0.6350200000000001
28204,Ligue_1,2024,2025-01-18 20:05:00,Toulouse,Lyon,A,1.36611,0.619056,0,0,0.7470539999999999
28212,Ligue_1,2024,2025-01-26 16:15:00,Toulouse,Montpellier,H,1.34257,0.939857,1,2,0.402713
28225,Ligue_1,2024,2025-02-02 14:00:00,Toulouse,Nice,H,0.854551,1.51342,1,1,-0.658869
28228,Ligue_1,2024,2025-02-09 16:15:00,Toulouse,Auxerre,A,1.16269,0.716768,2,2,0.44592200000000004
28237,Ligue_1,2024,2025-02-15 20:05:00,Toulouse,Paris Saint Germain,H,1.19618,2.93281,0,1,-1.73663
28247,Ligue_1,2024,2025-02-23 16:15:00,Toulouse,Le Havre,A,2.60783,1.04249,4,1,1.56534
28263,Ligue_1,2024,2025-03-02 16:15:00,Toulouse,Angers,A,4.43647,0.363765,4,0,4.072705
28267,Ligue_1,2024,2025-03-07 19:45:00,Toulouse,Monaco,H,1.25392,2.8576,1,1,-1.6036800000000002
28279,Ligue_1,2024,2025-03-16 16:15:00,Toulouse,Strasbourg,A,1.39687,1.98742,1,2,-0.5905499999999999
28286,Ligue_1,2024,2025-03-30 14:00:00,Toulouse,Brest,H,2.44172,1.99117,2,4,0.45055
28291,Ligue_1,2024,2025-04-06 18:45:00,Toulouse,Marseille,A,1.30619,1.13222,2,3,0.17396999999999996
28300,Ligue_1,2024,2025-04-12 17:00:00,Toulouse,Lille,H,0.982005,0.599675,1,2,0.38233000000000006
28315,Ligue_1,2024,2025-04-20 15:15:00,Toulouse,Reims,A,1.32734,0.659517,0,1,0.6678229999999999
28320,Ligue_1,2024,2025-04-27 15:15:00,Toulouse,Nantes,A,0.410988,1.33764,0,0,-0.9266519999999999
28327,Ligue_1,2024,2025-05-03 17:00:00,Toulouse,Rennes,H,1.01393,1.57739,2,1,-0.5634600000000001
28342,Ligue_1,2024,2025-05-10 19:00:00,Toulouse,Lens,H,1.12406,0.766404,1,1,0.3576560000000001
28352,Ligue_1,2024,2025-05-17 19:00:00,Toulouse,Saint-Etienne,A,3.82215,1.32698,3,2,2.49517
29541,Ligue_1,2025,2025-08-16 19:05:00,Toulouse,Nice,A,0.56945,0.95554,1,0,-0.38608999999999993
29554,Ligue_1,2025,2025-08-24 15:15:00,Toulouse,Brest,H,1.32432,0.750148,2,0,0.5741719999999999
29559,Ligue_1,2025,2025-08-30 19:05:00,Toulouse,Paris Saint Germain,H,2.33006,2.49609,3,6,-0.16603000000000012
29567,Ligue_1,2025,2025-09-14 13:00:00,Toulouse,Lille,A,1.15678,2.42116,1,2,-1.26438
29574,Ligue_1,2025,2025-09-21 15:15:00,Toulouse,Auxerre,A,1.50957,0.883373,0,1,0.6261970000000001
29591,Ligue_1,2025,2025-09-27 17:00:00,Toulouse,Nantes,H,1.98573,1.8303,2,2,0.15542999999999996
29596,Ligue_1,2025,2025-10-05 13:00:00,Toulouse,Lyon,A,1.36525,1.42206,2,1,-0.05681000000000003
29607,Ligue_1,2025,2025-10-19 15:15:00,Toulouse,Metz,H,2.73037,0.119104,4,0,2.611266
29615,Ligue_1,2025,2025-10-25 17:00:00,Toulouse,Monaco,A,0.584122,3.37276,0,1,-2.7886379999999997
29626,Ligue_1,2025,2025-10-29 19:05:00,Toulouse,Rennes,H,1.62131,1.26096,2,2,0.36034999999999995
29636,Ligue_1,2025,2025-11-02 16:15:00,Toulouse,Le Havre,H,1.07851,1.07299,0,0,0.005519999999999969
29639,Ligue_1,2025,2025-11-09 14:00:00,Toulouse,Lorient,A,1.15206,1.26999,1,1,-0.11792999999999987
29654,Ligue_1,2025,2025-11-23 16:15:00,Toulouse,Angers,H,1.85382,0.324057,0,1,1.529763
29659,Ligue_1,2025,2025-11-29 20:05:00,Toulouse,Marseille,A,1.09387,1.62768,2,2,-0.5338100000000001
29672,Ligue_1,2025,2025-12-06 18:00:00,Toulouse,Strasbourg,H,0.64097,0.0918532,1,0,0.5491168000000001
29676,Ligue_1,2025,2025-12-13 20:05:00,Toulouse,Paris FC,A,2.03766,0.366399,3,0,1.6712609999999999
29690,Ligue_1,2025,2026-01-02 19:45:00,Toulouse,Lens,H,0.46972,2.67769,0,3,-2.20797
29699,Ligue_1,2025,2026-01-17 18:00:00,Toulouse,Nice,H,1.77349,1.41914,5,1,0.35434999999999994
29701,Ligue_1,2025,2026-01-25 16:15:00,Toulouse,Brest,A,0.684258,0.988274,2,0,-0.30401599999999995
29717,Ligue_1,2025,2026-02-01 16:15:00,Toulouse,Auxerre,H,0.804565,0.871363,0,0,-0.06679800000000002
29718,Ligue_1,2025,2026-02-08 16:15:00,Toulouse,Angers,A,0.691991,1.17089,0,1,-0.47889899999999996
29727,Ligue_1,2025,2026-02-15 14:00:00,Toulouse,Le Havre,A,3.12342,0.977711,1,2,2.145709
29744,Ligue_1,2025,2026-02-21 18:00:00,Toulouse,Paris FC,H,2.67763,0.687806,1,1,1.989824
29752,Ligue_1,2025,2026-02-28 16:00:00,Toulouse,Rennes,A,0.668386,0.709138,0,1,-0.04075200000000001
29762,Ligue_1,2025,2026-03-07 20:05:00,Toulouse,Marseille,H,1.28713,1.3226,0,1,-0.03546999999999989
29767,Ligue_1,2025,2026-03-15 16:15:00,Toulouse,Metz,A,1.74262,1.62616,4,3,0.11646000000000001
29780,Ligue_1,2025,2026-03-21 16:00:00,Toulouse,Lorient,H,1.48458,0.477676,1,0,1.006904
29788,Ligue_1,2025,2026-04-03 18:45:00,Toulouse,Paris Saint Germain,A,0.102597,1.7337,1,3,-1.631103
29798,Ligue_1,2025,2026-04-12 15:15:00,Toulouse,Lille,H,1.46514,2.08775,0,4,-0.6226100000000001
29800,Ligue_1,2025,2026-04-17 18:45:00,Toulouse,Lens,A,0.578481,3.98387,2,3,-3.405389
29816,Ligue_1,2025,2026-04-25 19:05:00,Toulouse,Monaco,H,2.15303,1.34617,2,2,0.8068600000000001
29825,Ligue_1,2025,2026-05-03 15:15:00,Toulouse,Strasbourg,A,1.67665,0.405296,2,1,1.271354
29834,Ligue_1,2025,2026-05-10 19:00:00,Toulouse,Lyon,H,1.87108,1.56954,2,1,0.30154000000000014
27365,Serie_A,2024,2024-08-17 18:45:00,AC Milan,Torino,H,2.1004,0.876602,2,2,1.223798
27372,Serie_A,2024,2024-08-24 16:30:00,AC Milan,Parma Calcio 1913,A,2.09812,2.46266,1,2,-0.36453999999999986
27387,Serie_A,2024,2024-08-31 18:45:00,AC Milan,Lazio,A,1.34242,2.32967,2,2,-0.9872500000000002
27398,Serie_A,2024,2024-09-14 18:45:00,AC Milan,Venezia,H,2.18898,0.263269,4,0,1.925711
27406,Serie_A,2024,2024-09-22 18:45:00,AC Milan,Inter,A,2.75751,0.941382,2,1,1.816128
27417,Serie_A,2024,2024-09-27 18:45:00,AC Milan,Lecce,H,2.43265,0.462274,3,0,1.9703760000000001
27426,Serie_A,2024,2024-10-06 18:45:00,AC Milan,Fiorentina,A,2.83446,1.94286,1,2,0.8916
27440,Serie_A,2024,2024-10-19 16:00:00,AC Milan,Udinese,H,1.20398,0.522785,1,0,0.681195
27459,Serie_A,2024,2024-10-29 19:45:00,AC Milan,Napoli,H,0.568256,0.956912,0,2,-0.388656
27465,Serie_A,2024,2024-11-02 19:45:00,AC Milan,Monza,A,2.91043,1.23293,1,0,1.6774999999999998
27478,Serie_A,2024,2024-11-09 17:00:00,AC Milan,Cagliari,A,2.77604,1.90363,3,3,0.8724100000000001
27490,Serie_A,2024,2024-11-23 17:00:00,AC Milan,Juventus,H,0.306342,0.811307,0,0,-0.504965
27498,Serie_A,2024,2024-11-30 17:00:00,AC Milan,Empoli,H,2.02293,0.400556,3,0,1.6223740000000002
27502,Serie_A,2024,2024-12-06 19:45:00,AC Milan,Atalanta,A,0.899516,2.62823,1,2,-1.7287139999999999
27520,Serie_A,2024,2024-12-15 19:45:00,AC Milan,Genoa,H,1.28243,0.204497,0,0,1.077933
27522,Serie_A,2024,2024-12-20 19:45:00,AC Milan,Verona,A,1.37505,0.649472,1,0,0.7255780000000001
27538,Serie_A,2024,2024-12-29 19:45:00,AC Milan,Roma,H,2.26348,1.61126,1,1,0.65222
27560,Serie_A,2024,2025-01-11 19:45:00,AC Milan,Cagliari,H,2.43026,0.308787,1,1,2.121473
27543,Serie_A,2024,2025-01-14 17:30:00,AC Milan,Como,A,1.44061,1.63578,2,1,-0.19517000000000007
27568,Serie_A,2024,2025-01-18 17:00:00,AC Milan,Juventus,A,1.17816,1.56881,0,2,-0.39064999999999994
27576,Serie_A,2024,2025-01-26 11:30:00,AC Milan,Parma Calcio 1913,H,2.7112,1.85515,3,2,0.8560499999999998
27588,Serie_A,2024,2025-02-02 17:00:00,AC Milan,Inter,H,1.04439,1.98309,1,1,-0.9387000000000001
27594,Serie_A,2024,2025-02-08 17:00:00,AC Milan,Empoli,A,1.90573,0.668788,2,0,1.236942
27608,Serie_A,2024,2025-02-15 19:45:00,AC Milan,Verona,H,1.8755,0.372202,1,0,1.503298
27618,Serie_A,2024,2025-02-22 17:00:00,AC Milan,Torino,A,2.18445,0.556583,1,2,1.627867
27442,Serie_A,2024,2025-02-27 19:45:00,AC Milan,Bologna,A,1.55538,2.31992,1,2,-0.7645400000000002
27627,Serie_A,2024,2025-03-02 19:45:00,AC Milan,Lazio,H,1.28991,2.53115,1,2,-1.24124
27639,Serie_A,2024,2025-03-08 17:00:00,AC Milan,Lecce,A,3.27991,1.1897,3,2,2.09021
27647,Serie_A,2024,2025-03-15 17:00:00,AC Milan,Como,H,1.72803,1.35523,2,1,0.3728
27654,Serie_A,2024,2025-03-30 19:45:00,AC Milan,Napoli,A,2.25619,0.945094,1,2,1.311096
27669,Serie_A,2024,2025-04-05 18:45:00,AC Milan,Fiorentina,H,2.17819,3.04937,2,2,-0.8711800000000003
27681,Serie_A,2024,2025-04-11 18:45:00,AC Milan,Udinese,A,2.49634,0.644579,4,0,1.851761
27686,Serie_A,2024,2025-04-20 18:45:00,AC Milan,Atalanta,H,0.495327,2.07826,0,1,-1.5829330000000001
27701,Serie_A,2024,2025-04-27 10:30:00,AC Milan,Venezia,A,1.466,1.00629,2,0,0.45971000000000006
27705,Serie_A,2024,2025-05-05 18:45:00,AC Milan,Genoa,A,1.29954,0.54789,2,1,0.7516499999999999
27717,Serie_A,2024,2025-05-09 18:45:00,AC Milan,Bologna,H,1.55343,0.361364,3,1,1.192066
27730,Serie_A,2024,2025-05-18 18:45:00,AC Milan,Roma,A,1.78592,1.57656,1,3,0.20936
27738,Serie_A,2024,2025-05-24 18:45:00,AC Milan,Monza,H,1.99268,0.516606,2,0,1.476074
29846,Serie_A,2025,2025-08-23 18:45:00,AC Milan,Cremonese,H,2.08498,0.363576,1,2,1.7214039999999997
29855,Serie_A,2025,2025-08-29 18:45:00,AC Milan,Lecce,A,2.13175,0.481693,2,0,1.6500569999999999
29871,Serie_A,2025,2025-09-14 18:45:00,AC Milan,Bologna,H,1.15538,0.198634,1,0,0.9567460000000001
29875,Serie_A,2025,2025-09-20 18:45:00,AC Milan,Udinese,A,1.70251,0.298364,3,0,1.404146
29889,Serie_A,2025,2025-09-28 18:45:00,AC Milan,Napoli,H,0.952575,2.23894,2,1,-1.286365
29898,Serie_A,2025,2025-10-05 18:45:00,AC Milan,Juventus,A,1.55707,0.570595,0,0,0.986475
29911,Serie_A,2025,2025-10-19 18:45:00,AC Milan,Fiorentina,H,2.01853,0.965997,2,1,1.0525330000000002
29919,Serie_A,2025,2025-10-24 18:45:00,AC Milan,Pisa,H,1.97232,1.22514,2,2,0.7471800000000002
29924,Serie_A,2025,2025-10-28 18:45:00,AC Milan,Atalanta,A,0.626418,1.28167,1,1,-0.6552520000000001
29937,Serie_A,2025,2025-11-02 19:45:00,AC Milan,Roma,H,3.76419,1.95443,1,0,1.8097600000000003
29951,Serie_A,2025,2025-11-08 19:45:00,AC Milan,Parma Calcio 1913,A,2.05467,1.45012,2,2,0.6045500000000001
29958,Serie_A,2025,2025-11-23 19:45:00,AC Milan,Inter,A,0.856085,1.74448,1,0,-0.888395
29970,Serie_A,2025,2025-11-29 19:45:00,AC Milan,Lazio,H,1.48113,0.899621,1,0,0.581509
29981,Serie_A,2025,2025-12-08 19:45:00,AC Milan,Torino,A,2.10495,1.01008,3,2,1.09487
29989,Serie_A,2025,2025-12-14 11:30:00,AC Milan,Sassuolo,H,1.83346,1.02843,2,2,0.8050300000000001
30007,Serie_A,2025,2025-12-28 11:30:00,AC Milan,Verona,H,2.87827,0.32776,3,0,2.55051
30015,Serie_A,2025,2026-01-02 19:45:00,AC Milan,Cagliari,A,0.893304,0.308283,1,0,0.585021
30028,Serie_A,2025,2026-01-08 19:45:00,AC Milan,Genoa,H,2.11615,1.43745,1,1,0.6787000000000003
30036,Serie_A,2025,2026-01-11 14:00:00,AC Milan,Fiorentina,A,2.05263,2.38025,1,1,-0.32762
29995,Serie_A,2025,2026-01-15 19:45:00,AC Milan,Como,A,1.3926,1.86946,3,1,-0.47685999999999984
30046,Serie_A,2025,2026-01-18 19:45:00,AC Milan,Lecce,H,3.17447,0.1816,1,0,2.99287
30061,Serie_A,2025,2026-01-25 19:45:00,AC Milan,Roma,A,0.583212,2.13573,1,1,-1.552518
30064,Serie_A,2025,2026-02-03 19:45:00,AC Milan,Bologna,A,3.35769,0.440526,3,0,2.9171639999999996
30091,Serie_A,2025,2026-02-13 19:45:00,AC Milan,Pisa,A,2.15769,0.937275,2,1,1.220415
30083,Serie_A,2025,2026-02-18 19:45:00,AC Milan,Como,H,1.17019,1.64526,1,1,-0.4750699999999999
30101,Serie_A,2025,2026-02-22 17:00:00,AC Milan,Parma Calcio 1913,H,1.63438,0.760094,0,1,0.8742859999999999
30104,Serie_A,2025,2026-03-01 11:30:00,AC Milan,Cremonese,A,3.87512,1.08387,2,0,2.79125
30122,Serie_A,2025,2026-03-08 19:45:00,AC Milan,Inter,H,0.852014,1.44398,1,0,-0.591966
30127,Serie_A,2025,2026-03-15 19:45:00,AC Milan,Lazio,A,1.16179,0.538397,0,1,0.6233930000000001
30141,Serie_A,2025,2026-03-21 17:00:00,AC Milan,Torino,H,1.44337,2.37211,3,2,-0.9287400000000001
30149,Serie_A,2025,2026-04-06 18:45:00,AC Milan,Napoli,A,0.810602,0.872402,0,1,-0.061799999999999966
30160,Serie_A,2025,2026-04-11 16:00:00,AC Milan,Udinese,H,1.62737,1.566,0,3,0.061369999999999925
30172,Serie_A,2025,2026-04-19 13:00:00,AC Milan,Verona,A,0.830747,0.709696,1,0,0.12105100000000002
30179,Serie_A,2025,2026-04-26 18:45:00,AC Milan,Juventus,H,0.616342,0.449727,0,0,0.16661499999999996
30192,Serie_A,2025,2026-05-03 13:00:00,AC Milan,Sassuolo,A,0.288558,2.23502,0,2,-1.946462
30200,Serie_A,2025,2026-05-10 18:45:00,AC Milan,Atalanta,H,2.28396,1.60752,2,3,0.6764399999999999
30207,Serie_A,2025,2026-05-17 10:30:00,AC Milan,Genoa,A,1.55422,1.66881,2,1,-0.11458999999999997
30219,Serie_A,2025,2026-05-24 18:45:00,AC Milan,Cagliari,H,1.75953,3.43624,1,2,-1.6767100000000001
27370,Serie_A,2024,2024-08-19 16:30:00,Atalanta,Lecce,A,2.45909,1.88414,4,0,0.5749500000000003
27377,Serie_A,2024,2024-08-25 16:30:00,Atalanta,Torino,A,3.08667,2.49919,1,2,0.5874799999999998
27383,Serie_A,2024,2024-08-30 18:45:00,Atalanta,Inter,A,1.17772,2.28876,0,4,-1.1110399999999998
27393,Serie_A,2024,2024-09-15 13:00:00,Atalanta,Fiorentina,H,2.4507,1.96392,3,2,0.48677999999999977
27402,Serie_A,2024,2024-09-24 18:45:00,Atalanta,Como,H,1.31694,0.579703,2,3,0.737237
27412,Serie_A,2024,2024-09-28 18:45:00,Atalanta,Bologna,A,2.47751,0.176428,1,1,2.301082
27422,Serie_A,2024,2024-10-05 16:00:00,Atalanta,Genoa,H,4.0137,0.543171,5,1,3.470529
27433,Serie_A,2024,2024-10-20 13:00:00,Atalanta,Venezia,A,1.83371,0.881872,2,0,0.951838
27443,Serie_A,2024,2024-10-26 18:45:00,Atalanta,Verona,H,3.84122,0.22446,6,1,3.6167599999999998
27452,Serie_A,2024,2024-10-30 19:45:00,Atalanta,Monza,H,1.65221,0.0805941,2,0,1.5716158999999998
27464,Serie_A,2024,2024-11-03 11:30:00,Atalanta,Napoli,A,1.50982,0.611112,3,0,0.898708
27481,Serie_A,2024,2024-11-10 11:30:00,Atalanta,Udinese,H,1.60488,0.90914,2,1,0.6957400000000001
27491,Serie_A,2024,2024-11-23 19:45:00,Atalanta,Parma Calcio 1913,A,3.54363,0.622186,3,1,2.9214439999999997
27493,Serie_A,2024,2024-12-02 19:45:00,Atalanta,Roma,A,1.76696,0.667881,2,0,1.0990790000000001
27502,Serie_A,2024,2024-12-06 19:45:00,Atalanta,AC Milan,H,2.62823,0.899516,2,1,1.7287139999999999
27517,Serie_A,2024,2024-12-14 14:00:00,Atalanta,Cagliari,A,2.37449,1.90937,1,0,0.4651200000000002
27525,Serie_A,2024,2024-12-22 17:00:00,Atalanta,Empoli,H,2.08379,1.21827,3,2,0.8655200000000001
27535,Serie_A,2024,2024-12-28 19:45:00,Atalanta,Lazio,A,2.98315,0.564499,1,1,2.418651
27561,Serie_A,2024,2025-01-11 14:00:00,Atalanta,Udinese,A,0.233045,2.05217,0,0,-1.8191249999999999
27542,Serie_A,2024,2025-01-14 19:45:00,Atalanta,Juventus,H,1.5823,2.27956,1,1,-0.69726
27562,Serie_A,2024,2025-01-18 19:45:00,Atalanta,Napoli,H,0.709505,1.2536,2,3,-0.544095
27581,Serie_A,2024,2025-01-25 14:00:00,Atalanta,Como,A,1.04831,0.704371,2,1,0.3439390000000001
27584,Serie_A,2024,2025-02-01 17:00:00,Atalanta,Torino,H,3.35128,0.629596,1,1,2.7216839999999998
27595,Serie_A,2024,2025-02-08 17:00:00,Atalanta,Verona,A,2.14751,1.78844,5,0,0.35907
27603,Serie_A,2024,2025-02-15 14:00:00,Atalanta,Cagliari,H,0.473748,0.123294,0,0,0.350454
27612,Serie_A,2024,2025-02-23 17:00:00,Atalanta,Empoli,A,2.50618,0.775943,5,0,1.730237
27622,Serie_A,2024,2025-03-01 14:00:00,Atalanta,Venezia,H,3.34552,0.359199,0,0,2.9863210000000002
27637,Serie_A,2024,2025-03-09 19:45:00,Atalanta,Juventus,A,3.93513,0.940693,4,0,2.994437
27643,Serie_A,2024,2025-03-16 19:45:00,Atalanta,Inter,H,0.682065,2.28143,0,2,-1.5993649999999997
27661,Serie_A,2024,2025-03-30 14:00:00,Atalanta,Fiorentina,A,0.918743,1.92673,0,1,-1.007987
27664,Serie_A,2024,2025-04-06 16:00:00,Atalanta,Lazio,H,1.04022,0.523108,0,1,0.5171119999999999
27674,Serie_A,2024,2025-04-13 10:30:00,Atalanta,Bologna,H,1.15847,0.546815,2,0,0.6116550000000001
27686,Serie_A,2024,2025-04-20 18:45:00,Atalanta,AC Milan,A,2.07826,0.495327,1,0,1.5829330000000001
27693,Serie_A,2024,2025-04-27 18:45:00,Atalanta,Lecce,H,2.45836,1.45404,1,1,1.0043199999999999
27708,Serie_A,2024,2025-05-04 13:00:00,Atalanta,Monza,A,3.05078,0.827428,4,0,2.223352
27712,Serie_A,2024,2025-05-12 18:45:00,Atalanta,Roma,H,2.87542,0.572288,2,1,2.303132
27724,Serie_A,2024,2025-05-18 13:00:00,Atalanta,Genoa,A,1.56926,1.44057,3,2,0.1286900000000002
27733,Serie_A,2024,2025-05-25 18:45:00,Atalanta,Parma Calcio 1913,H,1.90265,2.82535,2,3,-0.9226999999999999
29850,Serie_A,2025,2025-08-24 18:45:00,Atalanta,Pisa,H,2.04697,1.02901,1,1,1.01796
29857,Serie_A,2025,2025-08-30 16:30:00,Atalanta,Parma Calcio 1913,A,1.19727,0.751112,1,1,0.44615800000000005
29869,Serie_A,2025,2025-09-14 13:00:00,Atalanta,Lecce,H,2.62415,0.532382,4,1,2.091768
29874,Serie_A,2025,2025-09-21 13:00:00,Atalanta,Torino,A,1.67723,1.31336,3,0,0.3638699999999999
29887,Serie_A,2025,2025-09-27 16:00:00,Atalanta,Juventus,A,0.885278,1.84242,1,1,-0.9571419999999999
29894,Serie_A,2025,2025-10-04 18:45:00,Atalanta,Como,H,1.74169,0.959121,1,1,0.782569
29904,Serie_A,2025,2025-10-19 16:00:00,Atalanta,Lazio,H,2.38095,0.220276,0,0,2.1606739999999998
29916,Serie_A,2025,2025-10-25 18:45:00,Atalanta,Cremonese,A,1.62371,0.967146,1,1,0.656564
29924,Serie_A,2025,2025-10-28 18:45:00,Atalanta,AC Milan,H,1.28167,0.626418,1,1,0.6552520000000001
29942,Serie_A,2025,2025-11-01 14:00:00,Atalanta,Udinese,A,0.270197,0.707338,0,1,-0.437141
29944,Serie_A,2025,2025-11-09 11:30:00,Atalanta,Sassuolo,H,0.707859,2.20132,0,3,-1.493461
29960,Serie_A,2025,2025-11-22 19:45:00,Atalanta,Napoli,A,0.825775,2.02765,1,3,-1.2018749999999998
29964,Serie_A,2025,2025-11-30 17:00:00,Atalanta,Fiorentina,H,2.29028,2.01961,2,0,0.27066999999999997
29983,Serie_A,2025,2025-12-06 19:45:00,Atalanta,Verona,A,1.76527,1.60244,1,3,0.1628299999999998
29984,Serie_A,2025,2025-12-13 19:45:00,Atalanta,Cagliari,H,3.08558,0.568619,2,1,2.5169610000000002
29997,Serie_A,2025,2025-12-21 19:45:00,Atalanta,Genoa,A,1.76564,0.967673,1,0,0.7979670000000001
30013,Serie_A,2025,2025-12-28 19:45:00,Atalanta,Inter,H,1.16924,1.63271,0,1,-0.46347000000000005
30014,Serie_A,2025,2026-01-03 19:45:00,Atalanta,Roma,H,2.73637,1.01018,1,0,1.72619
30024,Serie_A,2025,2026-01-07 17:30:00,Atalanta,Bologna,A,1.33342,1.11527,2,0,0.21815000000000007
30034,Serie_A,2025,2026-01-10 19:45:00,Atalanta,Torino,H,2.55106,0.945872,2,0,1.605188
30049,Serie_A,2025,2026-01-16 19:45:00,Atalanta,Pisa,A,1.77359,1.63695,1,1,0.1366400000000001
30054,Serie_A,2025,2026-01-25 14:00:00,Atalanta,Parma Calcio 1913,H,5.01888,1.86533,4,0,3.15355
30066,Serie_A,2025,2026-02-01 14:00:00,Atalanta,Como,A,0.785014,5.96884,0,0,-5.183826
30077,Serie_A,2025,2026-02-09 17:30:00,Atalanta,Cremonese,H,3.12119,0.914806,2,1,2.206384
30088,Serie_A,2025,2026-02-14 17:00:00,Atalanta,Lazio,A,1.82116,1.54366,2,0,0.27749999999999986
30094,Serie_A,2025,2026-02-22 14:00:00,Atalanta,Napoli,H,0.962214,1.05903,2,1,-0.0968159999999999
30112,Serie_A,2025,2026-03-01 14:00:00,Atalanta,Sassuolo,A,3.74717,1.81132,1,2,1.93585
30115,Serie_A,2025,2026-03-07 17:00:00,Atalanta,Udinese,H,1.99854,0.860054,2,2,1.1384859999999999
30126,Serie_A,2025,2026-03-14 14:00:00,Atalanta,Inter,A,0.867146,2.0286,1,1,-1.161454
30134,Serie_A,2025,2026-03-22 14:00:00,Atalanta,Verona,H,1.74248,0.765772,1,0,0.976708
30148,Serie_A,2025,2026-04-06 13:00:00,Atalanta,Lecce,A,2.81595,0.364274,3,0,2.451676
30154,Serie_A,2025,2026-04-11 18:45:00,Atalanta,Juventus,H,1.8886,1.18681,0,1,0.7017900000000001
30169,Serie_A,2025,2026-04-18 18:45:00,Atalanta,Roma,A,0.660238,1.70941,1,1,-1.049172
30175,Serie_A,2025,2026-04-27 16:30:00,Atalanta,Cagliari,A,1.7579,2.00771,2,3,-0.24980999999999987
30184,Serie_A,2025,2026-05-02 18:45:00,Atalanta,Genoa,H,1.66082,0.438786,0,0,1.2220339999999998
30200,Serie_A,2025,2026-05-10 18:45:00,Atalanta,AC Milan,A,1.60752,2.28396,3,2,-0.6764399999999999
30204,Serie_A,2025,2026-05-17 16:00:00,Atalanta,Bologna,H,0.871381,1.06559,0,1,-0.19420900000000008
30216,Serie_A,2025,2026-05-22 18:45:00,Atalanta,Fiorentina,A,1.58663,1.14732,1,1,0.4393100000000001
27367,Serie_A,2024,2024-08-18 16:30:00,Bologna,Udinese,H,3.3102,0.944621,1,1,2.365579
27378,Serie_A,2024,2024-08-25 18:45:00,Bologna,Napoli,A,0.544518,2.07052,0,3,-1.526002
27385,Serie_A,2024,2024-08-31 16:30:00,Bologna,Empoli,H,1.35876,1.11428,1,1,0.24448000000000003
27397,Serie_A,2024,2024-09-14 13:00:00,Bologna,Como,A,1.15087,1.45782,2,2,-0.30694999999999983
27409,Serie_A,2024,2024-09-22 13:00:00,Bologna,Monza,A,1.45302,0.707402,2,1,0.745618
27412,Serie_A,2024,2024-09-28 18:45:00,Bologna,Atalanta,H,0.176428,2.47751,1,1,-2.301082
27424,Serie_A,2024,2024-10-06 13:00:00,Bologna,Parma Calcio 1913,H,0.835615,1.08533,0,0,-0.2497149999999999
27434,Serie_A,2024,2024-10-19 13:00:00,Bologna,Genoa,A,1.15682,0.450285,2,2,0.7065349999999999
27453,Serie_A,2024,2024-10-29 17:30:00,Bologna,Cagliari,A,0.872307,1.18569,2,0,-0.31338299999999986
27467,Serie_A,2024,2024-11-02 14:00:00,Bologna,Lecce,H,2.06051,0.771878,1,0,1.2886319999999998
27476,Serie_A,2024,2024-11-10 14:00:00,Bologna,Roma,A,2.16772,1.06974,3,2,1.0979800000000002
27486,Serie_A,2024,2024-11-24 19:45:00,Bologna,Lazio,A,0.0932634,2.59912,0,3,-2.5058566
27494,Serie_A,2024,2024-11-30 19:45:00,Bologna,Venezia,H,4.16965,0.357302,3,0,3.812348
27503,Serie_A,2024,2024-12-07 17:00:00,Bologna,Juventus,A,0.784689,0.856802,2,2,-0.07211299999999998
27518,Serie_A,2024,2024-12-15 14:00:00,Bologna,Fiorentina,H,2.32266,1.14307,1,0,1.17959
27527,Serie_A,2024,2024-12-21 14:00:00,Bologna,Torino,A,1.79816,0.270606,2,0,1.5275539999999999
27532,Serie_A,2024,2024-12-30 19:45:00,Bologna,Verona,H,2.86482,0.798964,2,3,2.065856
27554,Serie_A,2024,2025-01-12 17:00:00,Bologna,Roma,H,2.28949,1.58872,2,2,0.7007699999999999
27546,Serie_A,2024,2025-01-15 19:45:00,Bologna,Inter,A,0.914393,1.79382,2,2,-0.879427
27571,Serie_A,2024,2025-01-18 14:00:00,Bologna,Monza,H,2.33675,0.410907,3,1,1.925843
27572,Serie_A,2024,2025-01-25 19:45:00,Bologna,Empoli,A,0.898773,0.83399,1,1,0.06478300000000004
27585,Serie_A,2024,2025-02-01 19:45:00,Bologna,Como,H,1.681,0.640061,2,0,1.040939
27597,Serie_A,2024,2025-02-09 17:00:00,Bologna,Lecce,A,0.8506,0.844895,0,0,0.005705000000000071
27602,Serie_A,2024,2025-02-14 19:45:00,Bologna,Torino,H,3.46262,1.64846,3,2,1.8141599999999998
27616,Serie_A,2024,2025-02-22 14:00:00,Bologna,Parma Calcio 1913,A,0.698426,1.4111,0,2,-0.712674
27442,Serie_A,2024,2025-02-27 19:45:00,Bologna,AC Milan,H,2.31992,1.55538,2,1,0.7645400000000002
27623,Serie_A,2024,2025-03-02 14:00:00,Bologna,Cagliari,H,2.25801,0.68032,2,1,1.57769
27635,Serie_A,2024,2025-03-09 11:30:00,Bologna,Verona,A,1.38177,1.28101,2,1,0.10075999999999996
27645,Serie_A,2024,2025-03-16 14:00:00,Bologna,Lazio,H,2.85431,0.600718,5,0,2.253592
27653,Serie_A,2024,2025-03-29 14:00:00,Bologna,Venezia,A,1.29589,0.683347,1,0,0.612543
27665,Serie_A,2024,2025-04-07 18:45:00,Bologna,Napoli,H,1.11047,0.99857,1,1,0.11190000000000011
27674,Serie_A,2024,2025-04-13 10:30:00,Bologna,Atalanta,A,0.546815,1.15847,0,2,-0.6116550000000001
27682,Serie_A,2024,2025-04-20 16:00:00,Bologna,Inter,H,1.0878,0.661137,1,0,0.4266630000000001
27700,Serie_A,2024,2025-04-28 16:30:00,Bologna,Udinese,A,1.17741,0.387188,0,0,0.7902220000000001
27702,Serie_A,2024,2025-05-04 18:45:00,Bologna,Juventus,H,0.390379,0.681163,1,1,-0.290784
27717,Serie_A,2024,2025-05-09 18:45:00,Bologna,AC Milan,A,0.361364,1.55343,1,3,-1.192066
27723,Serie_A,2024,2025-05-18 18:45:00,Bologna,Fiorentina,A,1.51953,1.43018,2,3,0.08935000000000004
27734,Serie_A,2024,2025-05-24 16:00:00,Bologna,Genoa,H,0.628377,1.17343,1,3,-0.545053
29847,Serie_A,2025,2025-08-23 18:45:00,Bologna,Roma,A,0.443508,1.47691,0,1,-1.033402
29856,Serie_A,2025,2025-08-30 16:30:00,Bologna,Como,H,1.51584,0.521585,1,0,0.9942550000000001
29871,Serie_A,2025,2025-09-14 18:45:00,Bologna,AC Milan,A,0.198634,1.15538,0,1,-0.9567460000000001
29877,Serie_A,2025,2025-09-20 13:00:00,Bologna,Genoa,H,1.78786,0.794732,2,1,0.993128
29888,Serie_A,2025,2025-09-28 16:00:00,Bologna,Lecce,A,1.5908,2.09017,2,2,-0.4993700000000001
29895,Serie_A,2025,2025-10-05 13:00:00,Bologna,Pisa,H,3.69928,0.0265067,4,0,3.6727733
29905,Serie_A,2025,2025-10-19 13:00:00,Bologna,Cagliari,A,1.15836,0.367775,2,0,0.7905850000000001
29917,Serie_A,2025,2025-10-26 16:00:00,Bologna,Fiorentina,A,0.883347,3.87905,2,2,-2.995703
29925,Serie_A,2025,2025-10-29 18:45:00,Bologna,Torino,H,0.3322,0.797473,0,0,-0.465273
29939,Serie_A,2025,2025-11-02 17:00:00,Bologna,Parma Calcio 1913,A,3.51745,0.622333,3,1,2.895117
29945,Serie_A,2025,2025-11-09 14:00:00,Bologna,Napoli,H,1.64488,0.19503,2,0,1.4498499999999999
29963,Serie_A,2025,2025-11-22 14:00:00,Bologna,Udinese,A,2.88287,1.88758,3,0,0.99529
29965,Serie_A,2025,2025-12-01 19:45:00,Bologna,Cremonese,H,2.11713,2.33533,1,3,-0.21819999999999995
29977,Serie_A,2025,2025-12-07 17:00:00,Bologna,Lazio,A,1.23115,1.24155,1,1,-0.010399999999999965
29985,Serie_A,2025,2025-12-14 19:45:00,Bologna,Juventus,H,0.97387,2.07145,0,1,-1.09758
30004,Serie_A,2025,2025-12-28 17:00:00,Bologna,Sassuolo,H,0.937045,1.52306,1,1,-0.5860150000000001
30019,Serie_A,2025,2026-01-04 19:45:00,Bologna,Inter,A,0.782906,4.26719,1,3,-3.484284
30024,Serie_A,2025,2026-01-07 17:30:00,Bologna,Atalanta,H,1.11527,1.33342,0,2,-0.21815000000000007
30035,Serie_A,2025,2026-01-10 14:00:00,Bologna,Como,A,1.54894,1.13923,1,1,0.40971
30003,Serie_A,2025,2026-01-15 17:30:00,Bologna,Verona,A,0.690747,1.6881,3,2,-0.9973529999999999
30052,Serie_A,2025,2026-01-18 14:00:00,Bologna,Fiorentina,H,1.34398,1.64563,1,2,-0.30165
30057,Serie_A,2025,2026-01-25 14:00:00,Bologna,Genoa,A,0.591952,0.706857,2,3,-0.11490499999999992
30064,Serie_A,2025,2026-02-03 19:45:00,Bologna,AC Milan,H,0.440526,3.35769,0,3,-2.9171639999999996
30078,Serie_A,2025,2026-02-08 11:30:00,Bologna,Parma Calcio 1913,H,1.64658,0.193041,0,1,1.453539
30092,Serie_A,2025,2026-02-15 17:00:00,Bologna,Torino,A,1.71228,0.394436,2,1,1.317844
30095,Serie_A,2025,2026-02-23 19:45:00,Bologna,Udinese,H,1.44714,0.530625,1,0,0.9165150000000001
30107,Serie_A,2025,2026-03-02 17:30:00,Bologna,Pisa,A,0.871649,0.743118,1,0,0.12853100000000006
30123,Serie_A,2025,2026-03-08 14:00:00,Bologna,Verona,H,0.903746,2.02855,1,2,-1.1248040000000001
30130,Serie_A,2025,2026-03-15 14:00:00,Bologna,Sassuolo,A,0.731025,0.427053,1,0,0.303972
30135,Serie_A,2025,2026-03-22 14:00:00,Bologna,Lazio,H,1.32921,2.14396,0,2,-0.8147499999999999
30144,Serie_A,2025,2026-04-05 13:00:00,Bologna,Cremonese,A,1.58974,1.39638,2,1,0.19335999999999998
30155,Serie_A,2025,2026-04-12 16:00:00,Bologna,Lecce,H,2.5824,0.53637,2,0,2.04603
30165,Serie_A,2025,2026-04-19 18:45:00,Bologna,Juventus,A,0.852415,1.57651,0,2,-0.724095
30174,Serie_A,2025,2026-04-25 16:00:00,Bologna,Roma,H,0.479083,1.65629,0,2,-1.1772070000000001
30185,Serie_A,2025,2026-05-03 10:30:00,Bologna,Cagliari,H,0.684487,0.871884,0,0,-0.18739700000000004
30201,Serie_A,2025,2026-05-11 18:45:00,Bologna,Napoli,A,1.12339,1.22739,3,2,-0.10399999999999987
30204,Serie_A,2025,2026-05-17 16:00:00,Bologna,Atalanta,A,1.06559,0.871381,1,0,0.19420900000000008
30214,Serie_A,2025,2026-05-23 16:00:00,Bologna,Inter,H,1.59682,1.18652,3,3,0.4102999999999999
27368,Serie_A,2024,2024-08-18 18:45:00,Cagliari,Roma,H,1.30634,1.29639,0,0,0.009950000000000125
27380,Serie_A,2024,2024-08-26 16:30:00,Cagliari,Como,H,1.03532,2.08973,1,1,-1.0544099999999998
27384,Serie_A,2024,2024-08-31 16:30:00,Cagliari,Lecce,A,2.09263,2.34113,0,1,-0.24849999999999994
27395,Serie_A,2024,2024-09-15 16:00:00,Cagliari,Napoli,H,0.881581,1.42805,0,4,-0.5464690000000001
27403,Serie_A,2024,2024-09-20 16:30:00,Cagliari,Empoli,H,1.68655,1.02688,0,2,0.65967
27419,Serie_A,2024,2024-09-30 18:45:00,Cagliari,Parma Calcio 1913,A,3.057,2.98598,3,2,0.07101999999999986
27429,Serie_A,2024,2024-10-06 10:30:00,Cagliari,Juventus,A,1.045,3.21709,1,1,-2.17209
27432,Serie_A,2024,2024-10-20 16:00:00,Cagliari,Torino,H,1.51181,1.23394,3,2,0.27787000000000006
27451,Serie_A,2024,2024-10-25 16:30:00,Cagliari,Udinese,A,0.160634,1.12881,0,2,-0.9681760000000001
27453,Serie_A,2024,2024-10-29 17:30:00,Cagliari,Bologna,H,1.18569,0.872307,0,2,0.31338299999999986
27471,Serie_A,2024,2024-11-04 19:45:00,Cagliari,Lazio,A,0.274214,3.39964,1,2,-3.125426
27478,Serie_A,2024,2024-11-09 17:00:00,Cagliari,AC Milan,H,1.90363,2.77604,3,3,-0.8724100000000001
27484,Serie_A,2024,2024-11-24 11:30:00,Cagliari,Genoa,A,2.81223,2.1978,2,2,0.61443
27495,Serie_A,2024,2024-11-29 19:45:00,Cagliari,Verona,H,2.64816,0.606166,1,0,2.041994
27504,Serie_A,2024,2024-12-08 11:30:00,Cagliari,Fiorentina,A,1.00073,0.412045,0,1,0.5886849999999999
27517,Serie_A,2024,2024-12-14 14:00:00,Cagliari,Atalanta,H,1.90937,2.37449,0,1,-0.4651200000000002
27526,Serie_A,2024,2024-12-22 14:00:00,Cagliari,Venezia,A,2.62545,1.55318,1,2,1.0722699999999998
27534,Serie_A,2024,2024-12-28 17:00:00,Cagliari,Inter,H,0.302293,3.1724,0,3,-2.870107
27548,Serie_A,2024,2025-01-05 11:30:00,Cagliari,Monza,A,0.781523,1.55837,2,1,-0.7768470000000001
27560,Serie_A,2024,2025-01-11 19:45:00,Cagliari,AC Milan,A,0.308787,2.43026,1,1,-2.121473
27563,Serie_A,2024,2025-01-19 14:00:00,Cagliari,Lecce,H,3.36227,0.388374,4,1,2.973896
27578,Serie_A,2024,2025-01-24 19:45:00,Cagliari,Torino,A,0.270772,2.23206,0,2,-1.9612880000000001
27586,Serie_A,2024,2025-02-03 19:45:00,Cagliari,Lazio,H,1.82889,1.9337,1,2,-0.10481000000000007
27593,Serie_A,2024,2025-02-09 17:00:00,Cagliari,Parma Calcio 1913,H,1.49632,1.15072,2,1,0.34560000000000013
27603,Serie_A,2024,2025-02-15 14:00:00,Cagliari,Atalanta,A,0.123294,0.473748,0,0,-0.350454
27621,Serie_A,2024,2025-02-23 19:45:00,Cagliari,Juventus,H,0.225637,2.20526,0,1,-1.979623
27623,Serie_A,2024,2025-03-02 14:00:00,Cagliari,Bologna,A,0.68032,2.25801,1,2,-1.57769
27632,Serie_A,2024,2025-03-07 19:45:00,Cagliari,Genoa,H,0.809829,1.43054,1,1,-0.6207109999999999
27648,Serie_A,2024,2025-03-16 15:00:00,Cagliari,Roma,A,1.10046,1.61105,0,1,-0.5105900000000001
27658,Serie_A,2024,2025-03-30 11:30:00,Cagliari,Monza,H,1.95839,0.962993,3,0,0.9953970000000001
27666,Serie_A,2024,2025-04-06 13:00:00,Cagliari,Empoli,A,0.162801,0.386589,0,0,-0.22378800000000001
27678,Serie_A,2024,2025-04-12 16:00:00,Cagliari,Inter,A,0.914283,1.71603,1,3,-0.801747
27683,Serie_A,2024,2025-04-23 16:30:00,Cagliari,Fiorentina,H,0.367407,0.701424,1,2,-0.33401700000000006
27696,Serie_A,2024,2025-04-28 18:45:00,Cagliari,Verona,A,1.87448,0.27029,2,0,1.60419
27703,Serie_A,2024,2025-05-03 13:00:00,Cagliari,Udinese,H,0.954534,1.92066,1,2,-0.966126
27713,Serie_A,2024,2025-05-10 13:00:00,Cagliari,Como,A,1.22492,1.93276,1,3,-0.70784
27722,Serie_A,2024,2025-05-18 18:45:00,Cagliari,Venezia,H,2.75115,0.773148,3,0,1.978002
27739,Serie_A,2024,2025-05-23 18:45:00,Cagliari,Napoli,A,0.0969696,2.16118,0,2,-2.0642104
29848,Serie_A,2025,2025-08-24 16:30:00,Cagliari,Fiorentina,H,1.51736,1.14261,1,1,0.37475000000000014
29859,Serie_A,2025,2025-08-30 18:45:00,Cagliari,Napoli,A,0.64413,1.73158,0,1,-1.08745
29864,Serie_A,2025,2025-09-13 13:00:00,Cagliari,Parma Calcio 1913,H,1.76945,1.95549,2,0,-0.18603999999999998
29882,Serie_A,2025,2025-09-19 18:45:00,Cagliari,Lecce,A,2.21034,1.13998,2,1,1.07036
29884,Serie_A,2025,2025-09-27 18:45:00,Cagliari,Inter,H,0.475174,3.95419,0,2,-3.479016
29902,Serie_A,2025,2025-10-05 10:30:00,Cagliari,Udinese,A,0.789093,2.98545,1,1,-2.196357
29905,Serie_A,2025,2025-10-19 13:00:00,Cagliari,Bologna,H,0.367775,1.15836,0,2,-0.7905850000000001
29915,Serie_A,2025,2025-10-26 13:00:00,Cagliari,Verona,A,0.837271,2.03687,2,2,-1.199599
29926,Serie_A,2025,2025-10-30 16:30:00,Cagliari,Sassuolo,H,0.845219,0.937652,1,2,-0.09243299999999999
29936,Serie_A,2025,2025-11-03 19:45:00,Cagliari,Lazio,A,1.48457,0.587684,0,2,0.896886
29946,Serie_A,2025,2025-11-08 14:00:00,Cagliari,Como,A,0.615264,1.0497,0,0,-0.43443600000000004
29955,Serie_A,2025,2025-11-22 14:00:00,Cagliari,Genoa,H,1.37329,1.61562,3,3,-0.24233000000000016
29968,Serie_A,2025,2025-11-29 17:00:00,Cagliari,Juventus,A,0.891103,1.5343,1,2,-0.643197
29974,Serie_A,2025,2025-12-07 14:00:00,Cagliari,Roma,H,1.40358,0.451691,1,0,0.951889
29984,Serie_A,2025,2025-12-13 19:45:00,Cagliari,Atalanta,A,0.568619,3.08558,1,2,-2.5169610000000002
29994,Serie_A,2025,2025-12-21 11:30:00,Cagliari,Pisa,H,1.20171,2.02532,2,2,-0.8236099999999997
30011,Serie_A,2025,2025-12-27 14:00:00,Cagliari,Torino,A,0.994774,2.4609,2,1,-1.466126
30015,Serie_A,2025,2026-01-02 19:45:00,Cagliari,AC Milan,H,0.308283,0.893304,0,1,-0.585021
30025,Serie_A,2025,2026-01-08 17:30:00,Cagliari,Cremonese,A,1.78257,2.2527,2,2,-0.47012999999999994
30037,Serie_A,2025,2026-01-12 17:30:00,Cagliari,Genoa,A,1.00677,1.26155,0,3,-0.25478
30053,Serie_A,2025,2026-01-17 19:45:00,Cagliari,Juventus,H,0.176118,0.872689,1,0,-0.696571
30056,Serie_A,2025,2026-01-24 17:00:00,Cagliari,Fiorentina,A,1.27897,2.09156,2,1,-0.8125899999999999
30065,Serie_A,2025,2026-01-31 19:45:00,Cagliari,Verona,H,1.98129,0.374813,4,0,1.606477
30076,Serie_A,2025,2026-02-09 19:45:00,Cagliari,Roma,A,0.613133,2.20426,0,2,-1.5911270000000002
30084,Serie_A,2025,2026-02-16 19:45:00,Cagliari,Lecce,H,1.46951,1.76359,0,2,-0.2940799999999999
30096,Serie_A,2025,2026-02-21 19:45:00,Cagliari,Lazio,H,0.771111,0.520733,0,0,0.250378
30106,Serie_A,2025,2026-02-27 19:45:00,Cagliari,Parma Calcio 1913,A,0.615799,1.31257,1,1,-0.696771
30116,Serie_A,2025,2026-03-07 14:00:00,Cagliari,Como,H,0.518042,0.763847,1,2,-0.24580500000000005
30129,Serie_A,2025,2026-03-15 14:00:00,Cagliari,Pisa,A,1.52334,2.94287,1,3,-1.4195300000000002
30136,Serie_A,2025,2026-03-20 17:30:00,Cagliari,Napoli,H,0.241246,2.27393,0,1,-2.032684
30151,Serie_A,2025,2026-04-04 13:00:00,Cagliari,Sassuolo,A,1.90118,0.48336,1,2,1.41782
30156,Serie_A,2025,2026-04-11 13:00:00,Cagliari,Cremonese,H,1.431,0.268819,1,0,1.1621810000000001
30164,Serie_A,2025,2026-04-17 18:45:00,Cagliari,Inter,A,0.482209,2.38524,0,3,-1.903031
30175,Serie_A,2025,2026-04-27 16:30:00,Cagliari,Atalanta,H,2.00771,1.7579,3,2,0.24980999999999987
30185,Serie_A,2025,2026-05-03 10:30:00,Cagliari,Bologna,A,0.871884,0.684487,0,0,0.18739700000000004
30195,Serie_A,2025,2026-05-09 13:00:00,Cagliari,Udinese,H,1.56516,2.30592,0,2,-0.7407599999999999
30205,Serie_A,2025,2026-05-17 18:45:00,Cagliari,Torino,H,1.75883,1.33301,2,1,0.42581999999999987
30219,Serie_A,2025,2026-05-24 18:45:00,Cagliari,AC Milan,A,3.43624,1.75953,2,1,1.6767100000000001
27371,Serie_A,2024,2024-08-19 18:45:00,Como,Juventus,A,0.171238,1.30582,0,3,-1.134582
27380,Serie_A,2024,2024-08-26 16:30:00,Como,Cagliari,A,2.08973,1.03532,1,1,1.0544099999999998
27391,Serie_A,2024,2024-09-01 18:45:00,Como,Udinese,A,1.65728,1.18455,0,1,0.4727300000000001
27397,Serie_A,2024,2024-09-14 13:00:00,Como,Bologna,H,1.45782,1.15087,2,2,0.30694999999999983
27402,Serie_A,2024,2024-09-24 18:45:00,Como,Atalanta,A,0.579703,1.31694,3,2,-0.737237
27414,Serie_A,2024,2024-09-29 13:00:00,Como,Verona,H,2.47493,1.5544,3,2,0.9205300000000001
27430,Serie_A,2024,2024-10-04 16:30:00,Como,Napoli,A,0.638474,1.91407,1,3,-1.275596
27436,Serie_A,2024,2024-10-19 13:00:00,Como,Parma Calcio 1913,H,1.28527,0.918205,1,1,0.36706499999999986
27450,Serie_A,2024,2024-10-25 18:30:00,Como,Torino,A,1.59554,1.56007,0,1,0.03546999999999989
27454,Serie_A,2024,2024-10-31 19:45:00,Como,Lazio,H,1.16312,2.96686,1,5,-1.8037400000000001
27462,Serie_A,2024,2024-11-04 17:30:00,Como,Empoli,A,0.41675,0.723897,0,1,-0.307147
27472,Serie_A,2024,2024-11-07 20:00:00,Como,Genoa,A,1.37361,1.03893,1,1,0.3346800000000001
27482,Serie_A,2024,2024-11-24 14:00:00,Como,Fiorentina,H,1.27005,0.947266,0,2,0.32278399999999985
27496,Serie_A,2024,2024-11-30 14:00:00,Como,Monza,H,1.38648,1.75565,1,1,-0.36917
27511,Serie_A,2024,2024-12-08 17:00:00,Como,Venezia,A,0.779392,0.303457,2,2,0.475935
27512,Serie_A,2024,2024-12-15 17:00:00,Como,Roma,H,1.1153,0.650738,2,0,0.4645619999999999
27531,Serie_A,2024,2024-12-23 19:45:00,Como,Inter,A,0.367536,1.89916,0,2,-1.5316239999999999
27533,Serie_A,2024,2024-12-30 17:30:00,Como,Lecce,H,2.25936,0.436266,2,0,1.823094
27559,Serie_A,2024,2025-01-10 19:45:00,Como,Lazio,A,1.9019,1.03936,1,1,0.8625399999999999
27543,Serie_A,2024,2025-01-14 17:30:00,Como,AC Milan,H,1.63578,1.44061,1,2,0.19517000000000007
27564,Serie_A,2024,2025-01-20 19:45:00,Como,Udinese,H,1.81904,0.847427,4,1,0.971613
27581,Serie_A,2024,2025-01-25 14:00:00,Como,Atalanta,H,0.704371,1.04831,1,2,-0.3439390000000001
27585,Serie_A,2024,2025-02-01 19:45:00,Como,Bologna,A,0.640061,1.681,0,2,-1.040939
27592,Serie_A,2024,2025-02-07 17:00:00,Como,Juventus,H,0.935692,1.32392,1,2,-0.388228
27611,Serie_A,2024,2025-02-16 11:30:00,Como,Fiorentina,A,0.875449,0.431215,2,0,0.444234
27620,Serie_A,2024,2025-02-23 11:30:00,Como,Napoli,H,0.466603,1.10277,2,1,-0.636167
27630,Serie_A,2024,2025-03-02 17:00:00,Como,Roma,A,1.29634,1.59518,1,2,-0.29884
27633,Serie_A,2024,2025-03-08 14:00:00,Como,Venezia,H,1.2727,1.80606,1,1,-0.5333600000000001
27647,Serie_A,2024,2025-03-15 17:00:00,Como,AC Milan,A,1.35523,1.72803,1,2,-0.3728
27652,Serie_A,2024,2025-03-29 14:00:00,Como,Empoli,H,1.93663,1.78514,1,1,0.15149000000000012
27663,Serie_A,2024,2025-04-05 13:00:00,Como,Monza,A,2.27029,1.05971,3,1,1.2105800000000002
27675,Serie_A,2024,2025-04-13 16:00:00,Como,Torino,H,1.23079,1.04165,1,0,0.18914000000000009
27688,Serie_A,2024,2025-04-19 13:00:00,Como,Lecce,A,1.65387,0.666737,3,0,0.9871329999999999
27694,Serie_A,2024,2025-04-27 10:30:00,Como,Genoa,H,1.80373,1.04585,1,0,0.7578800000000001
27709,Serie_A,2024,2025-05-03 13:00:00,Como,Parma Calcio 1913,A,1.32818,2.74525,1,0,-1.41707
27713,Serie_A,2024,2025-05-10 13:00:00,Como,Cagliari,H,1.93276,1.22492,3,1,0.70784
27725,Serie_A,2024,2025-05-18 18:45:00,Como,Verona,A,1.12443,1.55405,1,1,-0.4296199999999999
27735,Serie_A,2024,2025-05-23 18:45:00,Como,Inter,H,1.49032,2.27789,0,2,-0.7875700000000001
29849,Serie_A,2025,2025-08-24 16:30:00,Como,Lazio,H,1.28478,0.202984,2,0,1.081796
29856,Serie_A,2025,2025-08-30 16:30:00,Como,Bologna,A,0.521585,1.51584,0,1,-0.9942550000000001
29873,Serie_A,2025,2025-09-15 18:45:00,Como,Genoa,H,1.56467,2.54288,1,1,-0.9782099999999998
29879,Serie_A,2025,2025-09-21 16:00:00,Como,Fiorentina,A,2.09507,0.424904,2,1,1.6701660000000003
29885,Serie_A,2025,2025-09-27 13:00:00,Como,Cremonese,H,1.44033,0.564557,1,1,0.8757730000000001
29894,Serie_A,2025,2025-10-04 18:45:00,Como,Atalanta,A,0.959121,1.74169,1,1,-0.782569
29907,Serie_A,2025,2025-10-19 10:30:00,Como,Juventus,H,1.68785,0.964723,2,0,0.7231270000000001
29921,Serie_A,2025,2025-10-25 13:00:00,Como,Parma Calcio 1913,A,0.387121,1.56651,0,0,-1.179389
29927,Serie_A,2025,2025-10-29 16:30:00,Como,Verona,H,1.74279,1.69938,3,1,0.04341000000000017
29938,Serie_A,2025,2025-11-01 17:00:00,Como,Napoli,A,1.17012,0.762314,0,0,0.407806
29946,Serie_A,2025,2025-11-08 14:00:00,Como,Cagliari,H,1.0497,0.615264,0,0,0.43443600000000004
29962,Serie_A,2025,2025-11-24 17:30:00,Como,Torino,A,3.37909,1.42986,5,1,1.9492300000000002
29966,Serie_A,2025,2025-11-28 19:45:00,Como,Sassuolo,H,1.73426,1.12902,2,0,0.60524
29976,Serie_A,2025,2025-12-06 17:00:00,Como,Inter,A,0.943403,2.26559,0,4,-1.322187
29991,Serie_A,2025,2025-12-15 19:45:00,Como,Roma,A,0.635872,1.65562,0,1,-1.019748
30006,Serie_A,2025,2025-12-27 14:00:00,Como,Lecce,A,2.33352,1.15442,3,0,1.1791
30016,Serie_A,2025,2026-01-03 11:30:00,Como,Udinese,H,2.38351,0.245,1,0,2.1385099999999997
30031,Serie_A,2025,2026-01-06 14:00:00,Como,Pisa,A,2.10363,1.71183,3,0,0.3917999999999999
30035,Serie_A,2025,2026-01-10 14:00:00,Como,Bologna,H,1.13923,1.54894,1,1,-0.40971
29995,Serie_A,2025,2026-01-15 19:45:00,Como,AC Milan,H,1.86946,1.3926,1,3,0.47685999999999984
30045,Serie_A,2025,2026-01-19 19:45:00,Como,Lazio,A,2.28394,0.465283,3,0,1.818657
30055,Serie_A,2025,2026-01-24 14:00:00,Como,Torino,H,3.15343,0.327418,6,0,2.8260120000000004
30066,Serie_A,2025,2026-02-01 14:00:00,Como,Atalanta,H,5.96884,0.785014,0,0,5.183826
30085,Serie_A,2025,2026-02-14 14:00:00,Como,Fiorentina,H,0.902645,1.302,1,2,-0.399355
30083,Serie_A,2025,2026-02-18 19:45:00,Como,AC Milan,A,1.64526,1.17019,1,1,0.4750699999999999
30099,Serie_A,2025,2026-02-21 14:00:00,Como,Juventus,A,1.43181,1.01425,2,0,0.41755999999999993
30113,Serie_A,2025,2026-02-28 14:00:00,Como,Lecce,H,2.98622,0.424994,3,1,2.561226
30116,Serie_A,2025,2026-03-07 14:00:00,Como,Cagliari,A,0.763847,0.518042,2,1,0.24580500000000005
30124,Serie_A,2025,2026-03-15 17:00:00,Como,Roma,H,2.46908,0.899976,2,1,1.5691039999999998
30137,Serie_A,2025,2026-03-22 11:30:00,Como,Pisa,H,1.8215,0.309722,5,0,1.5117779999999998
30152,Serie_A,2025,2026-04-06 10:30:00,Como,Udinese,A,0.786392,1.06665,0,0,-0.2802580000000001
30157,Serie_A,2025,2026-04-12 18:45:00,Como,Inter,H,3.2878,0.507465,3,4,2.780335
30170,Serie_A,2025,2026-04-17 16:30:00,Como,Sassuolo,A,0.588985,1.3509,1,2,-0.761915
30177,Serie_A,2025,2026-04-26 13:00:00,Como,Genoa,A,1.19004,0.667154,2,0,0.522886
30186,Serie_A,2025,2026-05-02 16:00:00,Como,Napoli,H,1.79719,0.847288,0,0,0.949902
30194,Serie_A,2025,2026-05-10 10:30:00,Como,Verona,A,1.06072,1.29052,1,0,-0.22979999999999978
30206,Serie_A,2025,2026-05-17 10:30:00,Como,Parma Calcio 1913,H,2.72094,0.483046,1,0,2.2378940000000003
30215,Serie_A,2025,2026-05-24 18:45:00,Como,Cremonese,A,2.6911,0.977192,4,1,1.713908
29846,Serie_A,2025,2025-08-23 18:45:00,Cremonese,AC Milan,A,0.363576,2.08498,2,1,-1.7214039999999997
29854,Serie_A,2025,2025-08-29 16:30:00,Cremonese,Sassuolo,H,3.52949,1.32978,3,2,2.19971
29872,Serie_A,2025,2025-09-15 16:30:00,Cremonese,Verona,A,0.166346,1.8883,0,0,-1.7219540000000002
29878,Serie_A,2025,2025-09-21 13:00:00,Cremonese,Parma Calcio 1913,H,0.172561,0.902031,0,0,-0.7294700000000001
29885,Serie_A,2025,2025-09-27 13:00:00,Cremonese,Como,A,0.564557,1.44033,1,1,-0.8757730000000001
29897,Serie_A,2025,2025-10-04 16:00:00,Cremonese,Inter,A,0.619599,4.65231,1,4,-4.032711
29908,Serie_A,2025,2025-10-20 18:45:00,Cremonese,Udinese,H,1.22876,0.962572,1,1,0.2661880000000001
29916,Serie_A,2025,2025-10-25 18:45:00,Cremonese,Atalanta,H,0.967146,1.62371,1,1,-0.656564
29928,Serie_A,2025,2025-10-29 18:45:00,Cremonese,Genoa,A,1.57974,1.3491,2,0,0.23063999999999996
29934,Serie_A,2025,2025-11-01 19:45:00,Cremonese,Juventus,H,0.611392,2.61402,1,2,-2.002628
29952,Serie_A,2025,2025-11-07 19:45:00,Cremonese,Pisa,A,1.23118,1.45109,0,1,-0.21991000000000005
29956,Serie_A,2025,2025-11-23 14:00:00,Cremonese,Roma,H,1.25617,1.73178,1,3,-0.4756100000000001
29965,Serie_A,2025,2025-12-01 19:45:00,Cremonese,Bologna,A,2.33533,2.11713,3,1,0.21819999999999995
29975,Serie_A,2025,2025-12-07 11:30:00,Cremonese,Lecce,H,2.08254,1.37526,2,0,0.7072799999999999
29992,Serie_A,2025,2025-12-13 14:00:00,Cremonese,Torino,A,0.700243,1.94598,0,1,-1.245737
30000,Serie_A,2025,2025-12-20 17:00:00,Cremonese,Lazio,A,0.70974,0.432769,0,0,0.276971
30005,Serie_A,2025,2025-12-28 14:00:00,Cremonese,Napoli,H,0.276244,2.85402,0,2,-2.5777759999999996
30017,Serie_A,2025,2026-01-04 14:00:00,Cremonese,Fiorentina,A,0.752862,2.20676,0,1,-1.4538980000000001
30025,Serie_A,2025,2026-01-08 17:30:00,Cremonese,Cagliari,H,2.2527,1.78257,2,2,0.47012999999999994
30039,Serie_A,2025,2026-01-12 19:45:00,Cremonese,Juventus,A,1.1134,3.2309,0,5,-2.1175
30044,Serie_A,2025,2026-01-19 17:30:00,Cremonese,Verona,H,0.452062,0.487484,0,0,-0.035421999999999954
30062,Serie_A,2025,2026-01-25 11:30:00,Cremonese,Sassuolo,A,0.845543,1.3787,0,1,-0.533157
30067,Serie_A,2025,2026-02-01 17:00:00,Cremonese,Inter,H,0.510166,2.18311,0,2,-1.6729440000000002
30077,Serie_A,2025,2026-02-09 17:30:00,Cremonese,Atalanta,A,0.914806,3.12119,1,2,-2.206384
30086,Serie_A,2025,2026-02-15 14:00:00,Cremonese,Genoa,H,1.34717,1.33514,0,0,0.012029999999999985
30102,Serie_A,2025,2026-02-22 19:45:00,Cremonese,Roma,A,0.280739,2.58194,0,3,-2.301201
30104,Serie_A,2025,2026-03-01 11:30:00,Cremonese,AC Milan,H,1.08387,3.87512,0,2,-2.79125
30121,Serie_A,2025,2026-03-08 11:30:00,Cremonese,Lecce,A,0.791422,1.76705,1,2,-0.975628
30125,Serie_A,2025,2026-03-16 19:45:00,Cremonese,Fiorentina,H,1.47372,1.14462,1,4,0.32909999999999995
30142,Serie_A,2025,2026-03-21 14:00:00,Cremonese,Parma Calcio 1913,A,0.781807,0.287758,2,0,0.494049
30144,Serie_A,2025,2026-04-05 13:00:00,Cremonese,Bologna,H,1.39638,1.58974,1,2,-0.19335999999999998
30156,Serie_A,2025,2026-04-11 13:00:00,Cremonese,Cagliari,A,0.268819,1.431,0,1,-1.1621810000000001
30173,Serie_A,2025,2026-04-19 10:30:00,Cremonese,Torino,H,0.88749,0.159021,0,0,0.728469
30180,Serie_A,2025,2026-04-24 18:45:00,Cremonese,Napoli,A,0.473643,3.24062,0,4,-2.766977
30187,Serie_A,2025,2026-05-04 16:30:00,Cremonese,Lazio,H,0.55053,0.987521,1,2,-0.436991
30196,Serie_A,2025,2026-05-10 13:00:00,Cremonese,Pisa,H,1.26744,0.0,3,0,1.26744
30213,Serie_A,2025,2026-05-17 18:45:00,Cremonese,Udinese,A,0.671214,0.270585,1,0,0.40062899999999996
30215,Serie_A,2025,2026-05-24 18:45:00,Cremonese,Como,H,0.977192,2.6911,1,4,-1.713908
27364,Serie_A,2024,2024-08-17 18:45:00,Empoli,Monza,H,0.578573,0.327848,0,0,0.25072500000000003
27379,Serie_A,2024,2024-08-25 18:45:00,Empoli,Roma,A,3.0773,2.04246,2,1,1.03484
27385,Serie_A,2024,2024-08-31 16:30:00,Empoli,Bologna,A,1.11428,1.35876,1,1,-0.24448000000000003
27392,Serie_A,2024,2024-09-14 16:00:00,Empoli,Juventus,H,0.601249,0.726024,0,0,-0.12477499999999997
27403,Serie_A,2024,2024-09-20 16:30:00,Empoli,Cagliari,A,1.02688,1.68655,2,0,-0.65967
27415,Serie_A,2024,2024-09-29 16:00:00,Empoli,Fiorentina,H,0.44778,1.25438,0,0,-0.8066
27423,Serie_A,2024,2024-10-06 13:00:00,Empoli,Lazio,A,0.912844,2.0459,1,2,-1.133056
27435,Serie_A,2024,2024-10-20 10:30:00,Empoli,Napoli,H,1.00465,1.31758,0,1,-0.31292999999999993
27449,Serie_A,2024,2024-10-27 11:30:00,Empoli,Parma Calcio 1913,A,0.14913,1.43623,1,1,-1.2871
27455,Serie_A,2024,2024-10-30 17:30:00,Empoli,Inter,H,0.319674,1.68832,0,3,-1.368646
27462,Serie_A,2024,2024-11-04 17:30:00,Empoli,Como,H,0.723897,0.41675,1,0,0.307147
27474,Serie_A,2024,2024-11-08 19:45:00,Empoli,Lecce,A,0.610497,1.41905,1,1,-0.808553
27483,Serie_A,2024,2024-11-25 17:00:00,Empoli,Udinese,H,0.166889,1.09285,1,1,-0.925961
27498,Serie_A,2024,2024-11-30 17:00:00,Empoli,AC Milan,A,0.400556,2.02293,0,3,-1.6223740000000002
27506,Serie_A,2024,2024-12-08 14:00:00,Empoli,Verona,A,1.2903,0.895085,4,1,0.395215
27513,Serie_A,2024,2024-12-13 19:45:00,Empoli,Torino,H,0.953691,1.36089,0,1,-0.407199
27525,Serie_A,2024,2024-12-22 17:00:00,Empoli,Atalanta,A,1.21827,2.08379,2,3,-0.8655200000000001
27536,Serie_A,2024,2024-12-28 14:00:00,Empoli,Genoa,H,1.42691,2.01725,1,2,-0.5903400000000003
27551,Serie_A,2024,2025-01-04 14:00:00,Empoli,Venezia,A,1.52251,0.455526,1,1,1.0669840000000002
27556,Serie_A,2024,2025-01-11 14:00:00,Empoli,Lecce,H,2.31529,1.57649,1,3,0.7388000000000001
27567,Serie_A,2024,2025-01-19 19:45:00,Empoli,Inter,A,0.412045,1.6401,1,3,-1.228055
27572,Serie_A,2024,2025-01-25 19:45:00,Empoli,Bologna,H,0.83399,0.898773,1,1,-0.06478300000000004
27582,Serie_A,2024,2025-02-02 11:30:00,Empoli,Juventus,A,0.94947,2.00759,1,4,-1.05812
27594,Serie_A,2024,2025-02-08 17:00:00,Empoli,AC Milan,H,0.668788,1.90573,0,2,-1.236942
27604,Serie_A,2024,2025-02-16 14:00:00,Empoli,Udinese,A,2.47474,2.90516,0,3,-0.4304199999999998
27612,Serie_A,2024,2025-02-23 17:00:00,Empoli,Atalanta,H,0.775943,2.50618,0,5,-1.730237
27625,Serie_A,2024,2025-03-02 14:00:00,Empoli,Genoa,A,1.00977,0.229571,1,1,0.7801990000000001
27634,Serie_A,2024,2025-03-09 17:00:00,Empoli,Roma,H,0.0771894,2.99912,0,1,-2.9219306
27649,Serie_A,2024,2025-03-15 19:45:00,Empoli,Torino,A,1.73375,0.701071,0,1,1.032679
27652,Serie_A,2024,2025-03-29 14:00:00,Empoli,Como,A,1.78514,1.93663,1,1,-0.15149000000000012
27666,Serie_A,2024,2025-04-06 13:00:00,Empoli,Cagliari,H,0.386589,0.162801,0,0,0.22378800000000001
27680,Serie_A,2024,2025-04-14 18:45:00,Empoli,Napoli,A,1.37277,2.13717,0,3,-0.7643999999999997
27684,Serie_A,2024,2025-04-20 13:00:00,Empoli,Venezia,H,1.14666,1.48453,2,2,-0.3378699999999999
27695,Serie_A,2024,2025-04-27 13:00:00,Empoli,Fiorentina,A,0.465943,0.655092,1,2,-0.189149
27704,Serie_A,2024,2025-05-04 10:30:00,Empoli,Lazio,H,0.18325,1.12653,0,1,-0.94328
27714,Serie_A,2024,2025-05-10 18:45:00,Empoli,Parma Calcio 1913,H,0.989813,0.404689,2,1,0.585124
27728,Serie_A,2024,2025-05-18 18:45:00,Empoli,Monza,A,1.95845,1.03178,3,1,0.9266700000000001
27736,Serie_A,2024,2025-05-25 18:45:00,Empoli,Verona,H,1.23351,0.833807,1,2,0.39970300000000014
27363,Serie_A,2024,2024-08-17 16:30:00,Fiorentina,Parma Calcio 1913,A,0.81313,1.83796,1,1,-1.0248300000000001
27376,Serie_A,2024,2024-08-25 16:30:00,Fiorentina,Venezia,H,0.660213,1.01295,0,0,-0.35273699999999997
27388,Serie_A,2024,2024-09-01 16:30:00,Fiorentina,Monza,H,2.41541,0.489982,2,2,1.9254280000000001
27393,Serie_A,2024,2024-09-15 13:00:00,Fiorentina,Atalanta,A,1.96392,2.4507,2,3,-0.48677999999999977
27404,Serie_A,2024,2024-09-22 10:30:00,Fiorentina,Lazio,H,2.85634,1.14467,2,1,1.7116699999999998
27415,Serie_A,2024,2024-09-29 16:00:00,Fiorentina,Empoli,A,1.25438,0.44778,0,0,0.8066
27426,Serie_A,2024,2024-10-06 18:45:00,Fiorentina,AC Milan,H,1.94286,2.83446,2,1,-0.8916
27439,Serie_A,2024,2024-10-20 13:00:00,Fiorentina,Lecce,A,2.21676,0.223823,6,0,1.992937
27445,Serie_A,2024,2024-10-27 19:45:00,Fiorentina,Roma,H,4.56893,0.657353,5,1,3.911577
27456,Serie_A,2024,2024-10-31 17:30:00,Fiorentina,Genoa,A,0.909048,0.848655,1,0,0.06039299999999992
27470,Serie_A,2024,2024-11-03 14:00:00,Fiorentina,Torino,A,0.523302,0.590362,1,0,-0.06706000000000001
27479,Serie_A,2024,2024-11-10 14:00:00,Fiorentina,Verona,H,2.77034,0.53544,3,1,2.2349
27482,Serie_A,2024,2024-11-24 14:00:00,Fiorentina,Como,A,0.947266,1.27005,2,0,-0.32278399999999985
27504,Serie_A,2024,2024-12-08 11:30:00,Fiorentina,Cagliari,H,0.412045,1.00073,1,0,-0.5886849999999999
27518,Serie_A,2024,2024-12-15 14:00:00,Fiorentina,Bologna,A,1.14307,2.32266,0,1,-1.17959
27523,Serie_A,2024,2024-12-23 17:30:00,Fiorentina,Udinese,H,1.55716,0.858846,1,2,0.6983140000000001
27537,Serie_A,2024,2024-12-29 17:00:00,Fiorentina,Juventus,A,1.02946,1.74742,2,2,-0.7179599999999999
27544,Serie_A,2024,2025-01-04 17:00:00,Fiorentina,Napoli,H,0.877617,1.59728,0,3,-0.719663
27552,Serie_A,2024,2025-01-13 19:45:00,Fiorentina,Monza,A,1.60714,0.988429,1,2,0.618711
27565,Serie_A,2024,2025-01-19 11:30:00,Fiorentina,Torino,H,1.81758,0.540016,1,1,1.277564
27574,Serie_A,2024,2025-01-26 19:45:00,Fiorentina,Lazio,A,1.20023,2.01121,2,1,-0.8109800000000003
27587,Serie_A,2024,2025-02-02 14:00:00,Fiorentina,Genoa,H,0.695448,1.96523,2,1,-1.2697820000000002
27497,Serie_A,2024,2025-02-06 19:30:00,Fiorentina,Inter,H,1.05274,0.589261,3,0,0.463479
27596,Serie_A,2024,2025-02-10 19:45:00,Fiorentina,Inter,A,1.03291,1.87526,1,2,-0.8423499999999999
27611,Serie_A,2024,2025-02-16 11:30:00,Fiorentina,Como,H,0.431215,0.875449,0,2,-0.444234
27613,Serie_A,2024,2025-02-23 14:00:00,Fiorentina,Verona,A,1.15567,0.450798,0,1,0.7048719999999999
27624,Serie_A,2024,2025-02-28 19:45:00,Fiorentina,Lecce,H,1.43821,1.11638,1,0,0.32183000000000006
27640,Serie_A,2024,2025-03-09 14:00:00,Fiorentina,Napoli,A,1.05617,2.93764,1,2,-1.88147
27644,Serie_A,2024,2025-03-16 17:00:00,Fiorentina,Juventus,H,0.508254,0.597644,3,0,-0.08938999999999997
27661,Serie_A,2024,2025-03-30 14:00:00,Fiorentina,Atalanta,H,1.92673,0.918743,1,0,1.007987
27669,Serie_A,2024,2025-04-05 18:45:00,Fiorentina,AC Milan,A,3.04937,2.17819,2,2,0.8711800000000003
27676,Serie_A,2024,2025-04-13 13:00:00,Fiorentina,Parma Calcio 1913,H,0.670714,0.616318,0,0,0.054396
27683,Serie_A,2024,2025-04-23 16:30:00,Fiorentina,Cagliari,A,0.701424,0.367407,2,1,0.33401700000000006
27695,Serie_A,2024,2025-04-27 13:00:00,Fiorentina,Empoli,H,0.655092,0.465943,2,1,0.189149
27710,Serie_A,2024,2025-05-04 16:00:00,Fiorentina,Roma,A,0.760529,1.00134,0,1,-0.2408109999999999
27721,Serie_A,2024,2025-05-12 16:30:00,Fiorentina,Venezia,A,0.994541,2.25991,1,2,-1.2653690000000002
27723,Serie_A,2024,2025-05-18 18:45:00,Fiorentina,Bologna,H,1.43018,1.51953,3,2,-0.08935000000000004
27741,Serie_A,2024,2025-05-25 18:45:00,Fiorentina,Udinese,A,3.06465,1.61711,3,2,1.4475399999999998
29848,Serie_A,2025,2025-08-24 16:30:00,Fiorentina,Cagliari,A,1.14261,1.51736,1,1,-0.37475000000000014
29861,Serie_A,2025,2025-08-31 16:30:00,Fiorentina,Torino,A,1.18859,1.05012,0,0,0.1384700000000001
29866,Serie_A,2025,2025-09-13 18:45:00,Fiorentina,Napoli,H,1.39098,3.55376,1,3,-2.1627799999999997
29879,Serie_A,2025,2025-09-21 16:00:00,Fiorentina,Como,H,0.424904,2.09507,1,2,-1.6701660000000003
29891,Serie_A,2025,2025-09-28 13:00:00,Fiorentina,Pisa,A,0.840093,0.580471,0,0,0.259622
29896,Serie_A,2025,2025-10-05 13:00:00,Fiorentina,Roma,H,1.11719,1.22512,1,2,-0.10793000000000008
29911,Serie_A,2025,2025-10-19 18:45:00,Fiorentina,AC Milan,A,0.965997,2.01853,1,2,-1.0525330000000002
29917,Serie_A,2025,2025-10-26 16:00:00,Fiorentina,Bologna,H,3.87905,0.883347,2,2,2.995703
29929,Serie_A,2025,2025-10-29 18:45:00,Fiorentina,Inter,A,0.741937,2.87253,0,3,-2.1305929999999997
29935,Serie_A,2025,2025-11-02 14:00:00,Fiorentina,Lecce,H,1.38997,1.3239,0,1,0.06606999999999985
29947,Serie_A,2025,2025-11-09 14:00:00,Fiorentina,Genoa,A,1.33019,1.58884,2,2,-0.25865000000000005
29957,Serie_A,2025,2025-11-22 17:00:00,Fiorentina,Juventus,H,0.659308,1.65053,1,1,-0.991222
29964,Serie_A,2025,2025-11-30 17:00:00,Fiorentina,Atalanta,A,2.01961,2.29028,0,2,-0.27066999999999997
29980,Serie_A,2025,2025-12-06 14:00:00,Fiorentina,Sassuolo,A,1.20662,1.64053,1,3,-0.43391
29986,Serie_A,2025,2025-12-14 14:00:00,Fiorentina,Verona,H,2.41776,1.53867,1,2,0.8790899999999999
29996,Serie_A,2025,2025-12-21 17:00:00,Fiorentina,Udinese,H,3.24808,0.794951,5,1,2.4531289999999997
30008,Serie_A,2025,2025-12-27 11:30:00,Fiorentina,Parma Calcio 1913,A,1.2463,1.26451,0,1,-0.01821000000000006
30017,Serie_A,2025,2026-01-04 14:00:00,Fiorentina,Cremonese,H,2.20676,0.752862,1,0,1.4538980000000001
30026,Serie_A,2025,2026-01-07 19:45:00,Fiorentina,Lazio,A,1.51944,2.70815,2,2,-1.18871
30036,Serie_A,2025,2026-01-11 14:00:00,Fiorentina,AC Milan,H,2.38025,2.05263,1,1,0.32762
30052,Serie_A,2025,2026-01-18 14:00:00,Fiorentina,Bologna,A,1.64563,1.34398,2,1,0.30165
30056,Serie_A,2025,2026-01-24 17:00:00,Fiorentina,Cagliari,H,2.09156,1.27897,1,2,0.8125899999999999
30069,Serie_A,2025,2026-01-31 17:00:00,Fiorentina,Napoli,A,1.81202,2.39619,1,2,-0.5841699999999999
30079,Serie_A,2025,2026-02-07 19:45:00,Fiorentina,Torino,H,1.27203,1.0134,2,2,0.2586299999999999
30085,Serie_A,2025,2026-02-14 14:00:00,Fiorentina,Como,A,1.302,0.902645,2,1,0.399355
30097,Serie_A,2025,2026-02-23 17:30:00,Fiorentina,Pisa,H,1.77825,0.43212,1,0,1.34613
30110,Serie_A,2025,2026-03-02 19:45:00,Fiorentina,Udinese,A,0.585387,2.0239,0,3,-1.438513
30117,Serie_A,2025,2026-03-08 14:00:00,Fiorentina,Parma Calcio 1913,H,0.758473,0.253114,0,0,0.5053589999999999
30125,Serie_A,2025,2026-03-16 19:45:00,Fiorentina,Cremonese,A,1.14462,1.47372,4,1,-0.32909999999999995
30138,Serie_A,2025,2026-03-22 19:45:00,Fiorentina,Inter,H,1.81429,1.40088,1,1,0.41341000000000006
30153,Serie_A,2025,2026-04-04 16:00:00,Fiorentina,Verona,A,0.308725,0.922577,1,0,-0.613852
30158,Serie_A,2025,2026-04-13 18:45:00,Fiorentina,Lazio,H,0.421966,1.29355,1,0,-0.8715839999999999
30166,Serie_A,2025,2026-04-20 18:45:00,Fiorentina,Lecce,A,1.26455,1.80861,1,1,-0.54406
30176,Serie_A,2025,2026-04-26 10:30:00,Fiorentina,Sassuolo,H,2.19011,0.597621,0,0,1.5924889999999998
30191,Serie_A,2025,2026-05-04 18:45:00,Fiorentina,Roma,A,0.132194,2.84317,0,4,-2.710976
30197,Serie_A,2025,2026-05-10 13:00:00,Fiorentina,Genoa,H,0.675179,0.52874,0,0,0.14643899999999999
30209,Serie_A,2025,2026-05-17 10:30:00,Fiorentina,Juventus,A,0.513716,1.96289,2,0,-1.4491740000000002
30216,Serie_A,2025,2026-05-22 18:45:00,Fiorentina,Atalanta,H,1.14732,1.58663,1,1,-0.4393100000000001
27362,Serie_A,2024,2024-08-17 16:30:00,Genoa,Inter,H,2.31286,2.00656,2,2,0.30630000000000024
27374,Serie_A,2024,2024-08-24 18:45:00,Genoa,Monza,A,0.660299,0.401371,1,0,0.258928
27389,Serie_A,2024,2024-09-01 16:30:00,Genoa,Verona,H,1.34735,2.09653,0,2,-0.74918
27394,Serie_A,2024,2024-09-15 10:30:00,Genoa,Roma,H,1.59603,2.65805,1,1,-1.0620199999999997
27411,Serie_A,2024,2024-09-21 13:00:00,Genoa,Venezia,A,0.388857,2.33503,0,2,-1.9461730000000002
27416,Serie_A,2024,2024-09-28 16:00:00,Genoa,Juventus,H,0.385259,2.91803,0,3,-2.532771
27422,Serie_A,2024,2024-10-05 16:00:00,Genoa,Atalanta,A,0.543171,4.0137,1,5,-3.470529
27434,Serie_A,2024,2024-10-19 13:00:00,Genoa,Bologna,H,0.450285,1.15682,2,2,-0.7065349999999999
27447,Serie_A,2024,2024-10-27 14:00:00,Genoa,Lazio,A,0.261739,2.9799,0,3,-2.7181610000000003
27456,Serie_A,2024,2024-10-31 17:30:00,Genoa,Fiorentina,H,0.848655,0.909048,0,1,-0.06039299999999992
27469,Serie_A,2024,2024-11-04 17:30:00,Genoa,Parma Calcio 1913,A,1.15243,0.883705,1,0,0.2687250000000001
27472,Serie_A,2024,2024-11-07 20:00:00,Genoa,Como,H,1.03893,1.37361,1,1,-0.3346800000000001
27484,Serie_A,2024,2024-11-24 11:30:00,Genoa,Cagliari,H,2.1978,2.81223,2,2,-0.61443
27501,Serie_A,2024,2024-12-01 11:30:00,Genoa,Udinese,A,1.7171,0.156386,2,0,1.5607140000000002
27505,Serie_A,2024,2024-12-07 14:00:00,Genoa,Torino,H,0.327249,0.70601,0,0,-0.378761
27520,Serie_A,2024,2024-12-15 19:45:00,Genoa,AC Milan,A,0.204497,1.28243,0,0,-1.077933
27524,Serie_A,2024,2024-12-21 17:00:00,Genoa,Napoli,H,0.707336,1.42377,1,2,-0.716434
27536,Serie_A,2024,2024-12-28 14:00:00,Genoa,Empoli,A,2.01725,1.42691,2,1,0.5903400000000003
27547,Serie_A,2024,2025-01-05 14:00:00,Genoa,Lecce,A,1.06752,0.545634,0,0,0.5218860000000001
27558,Serie_A,2024,2025-01-12 11:30:00,Genoa,Parma Calcio 1913,H,1.51628,0.513393,1,0,1.002887
27570,Serie_A,2024,2025-01-17 19:45:00,Genoa,Roma,A,0.494153,1.79725,1,3,-1.303097
27573,Serie_A,2024,2025-01-27 19:45:00,Genoa,Monza,H,3.31745,0.311849,2,0,3.005601
27587,Serie_A,2024,2025-02-02 14:00:00,Genoa,Fiorentina,A,1.96523,0.695448,1,2,1.2697820000000002
27599,Serie_A,2024,2025-02-08 17:00:00,Genoa,Torino,A,0.308682,0.647236,1,1,-0.338554
27605,Serie_A,2024,2025-02-17 19:45:00,Genoa,Venezia,H,1.60036,0.341183,2,0,1.259177
27614,Serie_A,2024,2025-02-22 19:45:00,Genoa,Inter,A,1.51356,1.3989,0,1,0.11465999999999998
27625,Serie_A,2024,2025-03-02 14:00:00,Genoa,Empoli,H,0.229571,1.00977,1,1,-0.7801990000000001
27632,Serie_A,2024,2025-03-07 19:45:00,Genoa,Cagliari,A,1.43054,0.809829,1,1,0.6207109999999999
27646,Serie_A,2024,2025-03-14 19:45:00,Genoa,Lecce,H,1.06034,1.20452,2,1,-0.14417999999999997
27659,Serie_A,2024,2025-03-29 17:00:00,Genoa,Juventus,A,0.263169,1.50908,0,1,-1.245911
27667,Serie_A,2024,2025-04-04 18:45:00,Genoa,Udinese,H,1.65486,1.11114,1,0,0.54372
27677,Serie_A,2024,2025-04-13 13:00:00,Genoa,Verona,A,0.111761,1.00077,0,0,-0.8890089999999999
27685,Serie_A,2024,2025-04-23 16:30:00,Genoa,Lazio,H,0.470637,1.33679,0,2,-0.866153
27694,Serie_A,2024,2025-04-27 10:30:00,Genoa,Como,A,1.04585,1.80373,0,1,-0.7578800000000001
27705,Serie_A,2024,2025-05-05 18:45:00,Genoa,AC Milan,H,0.54789,1.29954,1,2,-0.7516499999999999
27718,Serie_A,2024,2025-05-11 18:45:00,Genoa,Napoli,A,0.648382,2.35243,2,2,-1.704048
27724,Serie_A,2024,2025-05-18 13:00:00,Genoa,Atalanta,H,1.44057,1.56926,2,3,-0.1286900000000002
27734,Serie_A,2024,2025-05-24 16:00:00,Genoa,Bologna,A,1.17343,0.628377,3,1,0.545053
29844,Serie_A,2025,2025-08-23 16:30:00,Genoa,Lecce,H,0.56563,0.55094,0,0,0.01468999999999998
29860,Serie_A,2025,2025-08-31 16:30:00,Genoa,Juventus,H,0.593013,1.55128,0,1,-0.958267
29873,Serie_A,2025,2025-09-15 18:45:00,Genoa,Como,A,2.54288,1.56467,1,1,0.9782099999999998
29877,Serie_A,2025,2025-09-20 13:00:00,Genoa,Bologna,A,0.794732,1.78786,1,2,-0.993128
29886,Serie_A,2025,2025-09-29 18:45:00,Genoa,Lazio,H,1.47659,3.54059,0,3,-2.064
29900,Serie_A,2025,2025-10-05 16:00:00,Genoa,Napoli,A,0.691583,1.87915,1,2,-1.187567
29909,Serie_A,2025,2025-10-19 13:00:00,Genoa,Parma Calcio 1913,H,2.21692,0.0544873,0,0,2.1624327
29923,Serie_A,2025,2025-10-26 10:30:00,Genoa,Torino,A,1.9796,1.8196,1,2,0.15999999999999992
29928,Serie_A,2025,2025-10-29 18:45:00,Genoa,Cremonese,H,1.3491,1.57974,0,2,-0.23063999999999996
29940,Serie_A,2025,2025-11-03 17:30:00,Genoa,Sassuolo,A,1.83271,1.31641,2,1,0.5163
29947,Serie_A,2025,2025-11-09 14:00:00,Genoa,Fiorentina,H,1.58884,1.33019,2,2,0.25865000000000005
29955,Serie_A,2025,2025-11-22 14:00:00,Genoa,Cagliari,A,1.61562,1.37329,3,3,0.24233000000000016
29967,Serie_A,2025,2025-11-29 14:00:00,Genoa,Verona,H,1.64897,2.60658,2,1,-0.9576100000000001
29982,Serie_A,2025,2025-12-08 17:00:00,Genoa,Udinese,A,1.5362,1.49196,2,1,0.04424000000000006
29987,Serie_A,2025,2025-12-14 17:00:00,Genoa,Inter,H,0.895295,2.04412,1,2,-1.148825
29997,Serie_A,2025,2025-12-21 19:45:00,Genoa,Atalanta,H,0.967673,1.76564,0,1,-0.7979670000000001
30010,Serie_A,2025,2025-12-29 19:45:00,Genoa,Roma,A,0.510864,1.86118,1,3,-1.350316
30018,Serie_A,2025,2026-01-03 14:00:00,Genoa,Pisa,H,0.569456,1.5538,1,1,-0.9843440000000001
30028,Serie_A,2025,2026-01-08 19:45:00,Genoa,AC Milan,A,1.43745,2.11615,1,1,-0.6787000000000003
30037,Serie_A,2025,2026-01-12 17:30:00,Genoa,Cagliari,H,1.26155,1.00677,3,0,0.25478
30048,Serie_A,2025,2026-01-18 11:30:00,Genoa,Parma Calcio 1913,A,1.07465,0.463872,0,0,0.610778
30057,Serie_A,2025,2026-01-25 14:00:00,Genoa,Bologna,H,0.706857,0.591952,3,2,0.11490499999999992
30068,Serie_A,2025,2026-01-30 19:45:00,Genoa,Lazio,A,1.83307,2.06649,2,3,-0.23341999999999996
30080,Serie_A,2025,2026-02-07 17:00:00,Genoa,Napoli,H,1.32462,1.89784,2,3,-0.5732200000000001
30086,Serie_A,2025,2026-02-15 14:00:00,Genoa,Cremonese,A,1.33514,1.34717,0,0,-0.012029999999999985
30098,Serie_A,2025,2026-02-22 11:30:00,Genoa,Torino,H,2.06306,0.530703,3,0,1.5323570000000002
30105,Serie_A,2025,2026-02-28 19:45:00,Genoa,Inter,A,0.170827,2.19229,0,2,-2.021463
30118,Serie_A,2025,2026-03-08 17:00:00,Genoa,Roma,H,2.55911,0.282645,2,1,2.276465
30133,Serie_A,2025,2026-03-15 11:30:00,Genoa,Verona,A,0.534091,0.370821,2,0,0.16326999999999997
30139,Serie_A,2025,2026-03-20 19:45:00,Genoa,Udinese,H,1.30328,0.86584,0,2,0.43743999999999994
30146,Serie_A,2025,2026-04-06 16:00:00,Genoa,Juventus,A,1.48807,2.60276,0,2,-1.11469
30159,Serie_A,2025,2026-04-12 10:30:00,Genoa,Sassuolo,H,1.39271,1.39642,2,1,-0.003710000000000102
30168,Serie_A,2025,2026-04-19 16:00:00,Genoa,Pisa,A,2.18534,1.00691,2,1,1.17843
30177,Serie_A,2025,2026-04-26 13:00:00,Genoa,Como,H,0.667154,1.19004,0,2,-0.522886
30184,Serie_A,2025,2026-05-02 18:45:00,Genoa,Atalanta,A,0.438786,1.66082,0,0,-1.2220339999999998
30197,Serie_A,2025,2026-05-10 13:00:00,Genoa,Fiorentina,A,0.52874,0.675179,0,0,-0.14643899999999999
30207,Serie_A,2025,2026-05-17 10:30:00,Genoa,AC Milan,H,1.66881,1.55422,1,2,0.11458999999999997
30218,Serie_A,2025,2026-05-24 18:45:00,Genoa,Lecce,A,0.782331,2.21387,0,1,-1.431539
27362,Serie_A,2024,2024-08-17 16:30:00,Inter,Genoa,A,2.00656,2.31286,2,2,-0.30630000000000024
27375,Serie_A,2024,2024-08-24 18:45:00,Inter,Lecce,H,2.48059,0.335346,2,0,2.145244
27383,Serie_A,2024,2024-08-30 18:45:00,Inter,Atalanta,H,2.28876,1.17772,4,0,1.1110399999999998
27399,Serie_A,2024,2024-09-15 18:45:00,Inter,Monza,A,1.8081,0.217777,1,1,1.5903230000000002
27406,Serie_A,2024,2024-09-22 18:45:00,Inter,AC Milan,H,0.941382,2.75751,1,2,-1.816128
27413,Serie_A,2024,2024-09-28 13:00:00,Inter,Udinese,A,2.30465,0.984798,3,2,1.319852
27428,Serie_A,2024,2024-10-05 18:45:00,Inter,Torino,H,3.44641,1.29026,3,2,2.1561500000000002
27441,Serie_A,2024,2024-10-20 18:45:00,Inter,Roma,A,0.796917,0.78742,1,0,0.009496999999999978
27444,Serie_A,2024,2024-10-27 17:00:00,Inter,Juventus,H,2.82542,2.36179,4,4,0.46362999999999976
27455,Serie_A,2024,2024-10-30 17:30:00,Inter,Empoli,A,1.68832,0.319674,3,0,1.368646
27463,Serie_A,2024,2024-11-03 19:45:00,Inter,Venezia,H,3.34539,1.14021,1,0,2.2051800000000004
27473,Serie_A,2024,2024-11-10 19:45:00,Inter,Napoli,H,1.47373,1.00611,1,1,0.4676199999999999
27485,Serie_A,2024,2024-11-23 14:00:00,Inter,Verona,A,2.79774,0.554633,5,0,2.243107
27507,Serie_A,2024,2024-12-06 17:30:00,Inter,Parma Calcio 1913,H,3.0797,0.274097,3,1,2.805603
27515,Serie_A,2024,2024-12-16 19:45:00,Inter,Lazio,A,2.33306,0.634641,6,0,1.6984190000000001
27531,Serie_A,2024,2024-12-23 19:45:00,Inter,Como,H,1.89916,0.367536,2,0,1.5316239999999999
27534,Serie_A,2024,2024-12-28 17:00:00,Inter,Cagliari,A,3.1724,0.302293,3,0,2.870107
27557,Serie_A,2024,2025-01-12 14:00:00,Inter,Venezia,A,2.35271,0.668042,1,0,1.684668
27546,Serie_A,2024,2025-01-15 19:45:00,Inter,Bologna,H,1.79382,0.914393,2,2,0.879427
27567,Serie_A,2024,2025-01-19 19:45:00,Inter,Empoli,H,1.6401,0.412045,3,1,1.228055
27575,Serie_A,2024,2025-01-26 17:00:00,Inter,Lecce,A,2.58246,0.719003,4,0,1.8634570000000004
27588,Serie_A,2024,2025-02-02 17:00:00,Inter,AC Milan,A,1.98309,1.04439,1,1,0.9387000000000001
27497,Serie_A,2024,2025-02-06 19:30:00,Inter,Fiorentina,A,0.589261,1.05274,0,3,-0.463479
27596,Serie_A,2024,2025-02-10 19:45:00,Inter,Fiorentina,H,1.87526,1.03291,2,1,0.8423499999999999
27610,Serie_A,2024,2025-02-16 19:45:00,Inter,Juventus,A,2.08504,1.3662,0,1,0.7188399999999997
27614,Serie_A,2024,2025-02-22 19:45:00,Inter,Genoa,H,1.3989,1.51356,1,0,-0.11465999999999998
27629,Serie_A,2024,2025-03-01 17:00:00,Inter,Napoli,A,0.452597,1.72874,1,1,-1.2761429999999998
27636,Serie_A,2024,2025-03-08 19:45:00,Inter,Monza,H,3.0629,0.779109,3,2,2.283791
27643,Serie_A,2024,2025-03-16 19:45:00,Inter,Atalanta,A,2.28143,0.682065,2,0,1.5993649999999997
27655,Serie_A,2024,2025-03-30 17:00:00,Inter,Udinese,H,2.33787,1.3398,2,1,0.99807
27670,Serie_A,2024,2025-04-05 16:00:00,Inter,Parma Calcio 1913,A,2.17944,1.66115,2,2,0.5182900000000001
27678,Serie_A,2024,2025-04-12 16:00:00,Inter,Cagliari,H,1.71603,0.914283,3,1,0.801747
27682,Serie_A,2024,2025-04-20 16:00:00,Inter,Bologna,A,0.661137,1.0878,0,1,-0.4266630000000001
27697,Serie_A,2024,2025-04-27 13:00:00,Inter,Roma,H,1.10299,2.79826,0,1,-1.69527
27706,Serie_A,2024,2025-05-03 18:45:00,Inter,Verona,H,1.59903,0.303341,1,0,1.2956889999999999
27719,Serie_A,2024,2025-05-11 16:00:00,Inter,Torino,A,2.48918,1.76692,2,0,0.7222600000000001
27726,Serie_A,2024,2025-05-18 18:45:00,Inter,Lazio,H,1.59363,2.33497,2,2,-0.7413400000000001
27735,Serie_A,2024,2025-05-23 18:45:00,Inter,Como,A,2.27789,1.49032,2,0,0.7875700000000001
29853,Serie_A,2025,2025-08-25 18:45:00,Inter,Torino,H,2.60956,0.816232,5,0,1.7933280000000003
29862,Serie_A,2025,2025-08-31 18:45:00,Inter,Udinese,H,1.67172,1.20014,1,2,0.4715800000000001
29865,Serie_A,2025,2025-09-13 16:00:00,Inter,Juventus,A,1.01628,0.768943,3,4,0.24733700000000003
29880,Serie_A,2025,2025-09-21 18:45:00,Inter,Sassuolo,H,3.12186,0.850824,2,1,2.2710359999999996
29884,Serie_A,2025,2025-09-27 18:45:00,Inter,Cagliari,A,3.95419,0.475174,2,0,3.479016
29897,Serie_A,2025,2025-10-04 16:00:00,Inter,Cremonese,H,4.65231,0.619599,4,1,4.032711
29913,Serie_A,2025,2025-10-18 18:45:00,Inter,Roma,A,0.96386,2.1538,1,0,-1.18994
29920,Serie_A,2025,2025-10-25 16:00:00,Inter,Napoli,A,2.07077,1.18626,1,3,0.8845099999999999
29929,Serie_A,2025,2025-10-29 18:45:00,Inter,Fiorentina,H,2.87253,0.741937,3,0,2.1305929999999997
29943,Serie_A,2025,2025-11-02 11:30:00,Inter,Verona,A,1.15025,0.372642,2,1,0.7776080000000001
29948,Serie_A,2025,2025-11-09 19:45:00,Inter,Lazio,H,1.73965,0.54928,2,0,1.19037
29958,Serie_A,2025,2025-11-23 19:45:00,Inter,AC Milan,H,1.74448,0.856085,0,1,0.888395
29972,Serie_A,2025,2025-11-30 14:00:00,Inter,Pisa,A,2.04777,1.80715,2,0,0.24061999999999983
29976,Serie_A,2025,2025-12-06 17:00:00,Inter,Como,H,2.26559,0.943403,4,0,1.322187
29987,Serie_A,2025,2025-12-14 17:00:00,Inter,Genoa,A,2.04412,0.895295,2,1,1.148825
30013,Serie_A,2025,2025-12-28 19:45:00,Inter,Atalanta,A,1.63271,1.16924,1,0,0.46347000000000005
30019,Serie_A,2025,2026-01-04 19:45:00,Inter,Bologna,H,4.26719,0.782906,3,1,3.484284
30030,Serie_A,2025,2026-01-07 19:45:00,Inter,Parma Calcio 1913,A,3.08782,0.261054,2,0,2.8267659999999997
30038,Serie_A,2025,2026-01-11 19:45:00,Inter,Napoli,H,1.6567,1.38417,2,2,0.27253000000000016
29998,Serie_A,2025,2026-01-14 19:45:00,Inter,Lecce,H,1.91676,0.468829,1,0,1.447931
30051,Serie_A,2025,2026-01-17 14:00:00,Inter,Udinese,A,2.17475,0.130821,1,0,2.043929
30058,Serie_A,2025,2026-01-23 19:45:00,Inter,Pisa,H,6.24369,0.453549,6,2,5.790141
30067,Serie_A,2025,2026-02-01 17:00:00,Inter,Cremonese,A,2.18311,0.510166,2,0,1.6729440000000002
30075,Serie_A,2025,2026-02-08 17:00:00,Inter,Sassuolo,A,2.75112,0.721597,5,0,2.0295229999999997
30087,Serie_A,2025,2026-02-14 19:45:00,Inter,Juventus,H,2.4811,1.29499,3,2,1.18611
30100,Serie_A,2025,2026-02-21 17:00:00,Inter,Lecce,A,2.6436,0.127863,2,0,2.515737
30105,Serie_A,2025,2026-02-28 19:45:00,Inter,Genoa,H,2.19229,0.170827,2,0,2.021463
30122,Serie_A,2025,2026-03-08 19:45:00,Inter,AC Milan,A,1.44398,0.852014,0,1,0.591966
30126,Serie_A,2025,2026-03-14 14:00:00,Inter,Atalanta,H,2.0286,0.867146,1,1,1.161454
30138,Serie_A,2025,2026-03-22 19:45:00,Inter,Fiorentina,A,1.40088,1.81429,1,1,-0.41341000000000006
30145,Serie_A,2025,2026-04-05 18:45:00,Inter,Roma,H,2.25441,0.939981,5,2,1.314429
30157,Serie_A,2025,2026-04-12 18:45:00,Inter,Como,A,0.507465,3.2878,4,3,-2.780335
30164,Serie_A,2025,2026-04-17 18:45:00,Inter,Cagliari,H,2.38524,0.482209,3,0,1.903031
30182,Serie_A,2025,2026-04-26 16:00:00,Inter,Torino,A,1.64792,2.42774,2,2,-0.77982
30188,Serie_A,2025,2026-05-03 18:45:00,Inter,Parma Calcio 1913,H,2.01571,0.452228,2,0,1.5634819999999998
30198,Serie_A,2025,2026-05-09 16:00:00,Inter,Lazio,A,2.18245,0.502107,3,0,1.6803429999999997
30208,Serie_A,2025,2026-05-17 13:00:00,Inter,Verona,H,2.84143,0.911763,1,1,1.9296669999999998
30214,Serie_A,2025,2026-05-23 16:00:00,Inter,Bologna,A,1.18652,1.59682,3,3,-0.4102999999999999
27371,Serie_A,2024,2024-08-19 18:45:00,Juventus,Como,H,1.30582,0.171238,3,0,1.134582
27381,Serie_A,2024,2024-08-26 18:45:00,Juventus,Verona,A,1.36151,0.878611,3,0,0.48289899999999997
27390,Serie_A,2024,2024-09-01 18:45:00,Juventus,Roma,H,0.415282,0.382591,0,0,0.03269099999999997
27392,Serie_A,2024,2024-09-14 16:00:00,Juventus,Empoli,A,0.726024,0.601249,0,0,0.12477499999999997
27407,Serie_A,2024,2024-09-21 16:00:00,Juventus,Napoli,H,0.419301,0.233773,0,0,0.18552799999999997
27416,Serie_A,2024,2024-09-28 16:00:00,Juventus,Genoa,A,2.91803,0.385259,3,0,2.532771
27429,Serie_A,2024,2024-10-06 10:30:00,Juventus,Cagliari,H,3.21709,1.045,1,1,2.17209
27438,Serie_A,2024,2024-10-19 18:45:00,Juventus,Lazio,H,1.49305,0.0648311,1,0,1.4282189
27444,Serie_A,2024,2024-10-27 17:00:00,Juventus,Inter,A,2.36179,2.82542,4,4,-0.46362999999999976
27457,Serie_A,2024,2024-10-30 19:45:00,Juventus,Parma Calcio 1913,H,2.77649,1.45546,2,2,1.32103
27466,Serie_A,2024,2024-11-02 17:00:00,Juventus,Udinese,A,1.55533,0.573076,2,0,0.9822540000000001
27480,Serie_A,2024,2024-11-09 19:45:00,Juventus,Torino,H,1.57325,0.273931,2,0,1.2993190000000001
27490,Serie_A,2024,2024-11-23 17:00:00,Juventus,AC Milan,A,0.811307,0.306342,0,0,0.504965
27492,Serie_A,2024,2024-12-01 19:45:00,Juventus,Lecce,A,1.03998,1.10419,1,1,-0.0642100000000001
27503,Serie_A,2024,2024-12-07 17:00:00,Juventus,Bologna,H,0.856802,0.784689,2,2,0.07211299999999998
27514,Serie_A,2024,2024-12-14 19:45:00,Juventus,Venezia,H,2.18951,0.586788,2,2,1.602722
27528,Serie_A,2024,2024-12-22 19:45:00,Juventus,Monza,A,2.58556,0.983171,2,1,1.602389
27537,Serie_A,2024,2024-12-29 17:00:00,Juventus,Fiorentina,H,1.74742,1.02946,2,2,0.7179599999999999
27555,Serie_A,2024,2025-01-11 17:00:00,Juventus,Torino,A,0.94701,0.411274,1,1,0.535736
27542,Serie_A,2024,2025-01-14 19:45:00,Juventus,Atalanta,A,2.27956,1.5823,1,1,0.69726
27568,Serie_A,2024,2025-01-18 17:00:00,Juventus,AC Milan,H,1.56881,1.17816,2,0,0.39064999999999994
27577,Serie_A,2024,2025-01-25 17:00:00,Juventus,Napoli,A,1.02538,2.33562,1,2,-1.31024
27582,Serie_A,2024,2025-02-02 11:30:00,Juventus,Empoli,H,2.00759,0.94947,4,1,1.05812
27592,Serie_A,2024,2025-02-07 17:00:00,Juventus,Como,A,1.32392,0.935692,2,1,0.388228
27610,Serie_A,2024,2025-02-16 19:45:00,Juventus,Inter,H,1.3662,2.08504,1,0,-0.7188399999999997
27621,Serie_A,2024,2025-02-23 19:45:00,Juventus,Cagliari,A,2.20526,0.225637,1,0,1.979623
27626,Serie_A,2024,2025-03-03 19:45:00,Juventus,Verona,H,1.97535,0.269838,2,0,1.705512
27637,Serie_A,2024,2025-03-09 19:45:00,Juventus,Atalanta,H,0.940693,3.93513,0,4,-2.994437
27644,Serie_A,2024,2025-03-16 17:00:00,Juventus,Fiorentina,A,0.597644,0.508254,0,3,0.08938999999999997
27659,Serie_A,2024,2025-03-29 17:00:00,Juventus,Genoa,H,1.50908,0.263169,1,0,1.245911
27662,Serie_A,2024,2025-04-06 18:45:00,Juventus,Roma,A,0.994645,1.37162,1,1,-0.37697500000000006
27673,Serie_A,2024,2025-04-12 18:45:00,Juventus,Lecce,H,1.95569,0.940466,2,1,1.015224
27689,Serie_A,2024,2025-04-23 16:30:00,Juventus,Parma Calcio 1913,A,0.777191,0.784847,0,1,-0.007655999999999996
27692,Serie_A,2024,2025-04-27 16:00:00,Juventus,Monza,H,1.14678,0.621764,2,0,0.5250159999999999
27702,Serie_A,2024,2025-05-04 18:45:00,Juventus,Bologna,A,0.681163,0.390379,1,1,0.290784
27716,Serie_A,2024,2025-05-10 16:00:00,Juventus,Lazio,A,1.17931,1.51119,1,1,-0.33187999999999995
27731,Serie_A,2024,2025-05-18 18:45:00,Juventus,Udinese,H,2.61362,0.358909,2,0,2.254711
27732,Serie_A,2024,2025-05-25 18:45:00,Juventus,Venezia,A,1.66948,1.01327,3,2,0.6562100000000002
29851,Serie_A,2025,2025-08-24 18:45:00,Juventus,Parma Calcio 1913,H,2.74202,0.815567,2,0,1.926453
29860,Serie_A,2025,2025-08-31 16:30:00,Juventus,Genoa,A,1.55128,0.593013,1,0,0.958267
29865,Serie_A,2025,2025-09-13 16:00:00,Juventus,Inter,H,0.768943,1.01628,4,3,-0.24733700000000003
29876,Serie_A,2025,2025-09-20 16:00:00,Juventus,Verona,A,0.470357,1.65885,1,1,-1.1884929999999998
29887,Serie_A,2025,2025-09-27 16:00:00,Juventus,Atalanta,H,1.84242,0.885278,1,1,0.9571419999999999
29898,Serie_A,2025,2025-10-05 18:45:00,Juventus,AC Milan,H,0.570595,1.55707,0,0,-0.986475
29907,Serie_A,2025,2025-10-19 10:30:00,Juventus,Como,A,0.964723,1.68785,0,2,-0.7231270000000001
29918,Serie_A,2025,2025-10-26 18:45:00,Juventus,Lazio,A,1.24614,0.905304,0,1,0.34083600000000003
29930,Serie_A,2025,2025-10-29 16:30:00,Juventus,Udinese,H,3.30641,0.604108,3,1,2.702302
29934,Serie_A,2025,2025-11-01 19:45:00,Juventus,Cremonese,A,2.61402,0.611392,2,1,2.002628
29949,Serie_A,2025,2025-11-08 17:00:00,Juventus,Torino,H,1.93707,0.405589,0,0,1.531481
29957,Serie_A,2025,2025-11-22 17:00:00,Juventus,Fiorentina,A,1.65053,0.659308,1,1,0.991222
29968,Serie_A,2025,2025-11-29 17:00:00,Juventus,Cagliari,H,1.5343,0.891103,2,1,0.643197
29978,Serie_A,2025,2025-12-07 19:45:00,Juventus,Napoli,A,0.24335,2.1655,1,2,-1.9221500000000002
29985,Serie_A,2025,2025-12-14 19:45:00,Juventus,Bologna,A,2.07145,0.97387,1,0,1.09758
29999,Serie_A,2025,2025-12-20 19:45:00,Juventus,Roma,H,3.09592,1.28421,2,1,1.81171
30009,Serie_A,2025,2025-12-27 19:45:00,Juventus,Pisa,A,1.2875,0.64162,2,0,0.6458800000000001
30020,Serie_A,2025,2026-01-03 17:00:00,Juventus,Lecce,H,3.59395,0.176301,1,1,3.417649
30032,Serie_A,2025,2026-01-06 19:45:00,Juventus,Sassuolo,A,2.90778,0.203716,3,0,2.704064
30039,Serie_A,2025,2026-01-12 19:45:00,Juventus,Cremonese,H,3.2309,1.1134,5,0,2.1175
30053,Serie_A,2025,2026-01-17 19:45:00,Juventus,Cagliari,A,0.872689,0.176118,0,1,0.696571
30059,Serie_A,2025,2026-01-25 17:00:00,Juventus,Napoli,H,1.54679,0.421726,3,0,1.125064
30070,Serie_A,2025,2026-02-01 19:45:00,Juventus,Parma Calcio 1913,A,3.51941,0.598397,4,1,2.9210130000000003
30081,Serie_A,2025,2026-02-08 19:45:00,Juventus,Lazio,H,2.85607,0.808824,2,2,2.047246
30087,Serie_A,2025,2026-02-14 19:45:00,Juventus,Inter,A,1.29499,2.4811,2,3,-1.18611
30099,Serie_A,2025,2026-02-21 14:00:00,Juventus,Como,H,1.01425,1.43181,0,2,-0.41755999999999993
30108,Serie_A,2025,2026-03-01 19:45:00,Juventus,Roma,A,1.8583,2.33059,3,3,-0.4722899999999999
30119,Serie_A,2025,2026-03-07 19:45:00,Juventus,Pisa,H,3.16811,0.319971,4,0,2.8481389999999998
30132,Serie_A,2025,2026-03-14 19:45:00,Juventus,Udinese,A,3.18734,0.741965,1,0,2.445375
30140,Serie_A,2025,2026-03-21 19:45:00,Juventus,Sassuolo,H,2.25457,0.845538,1,1,1.4090320000000003
30146,Serie_A,2025,2026-04-06 16:00:00,Juventus,Genoa,H,2.60276,1.48807,2,0,1.11469
30154,Serie_A,2025,2026-04-11 18:45:00,Juventus,Atalanta,A,1.18681,1.8886,1,0,-0.7017900000000001
30165,Serie_A,2025,2026-04-19 18:45:00,Juventus,Bologna,H,1.57651,0.852415,2,0,0.724095
30179,Serie_A,2025,2026-04-26 18:45:00,Juventus,AC Milan,A,0.449727,0.616342,0,0,-0.16661499999999996
30189,Serie_A,2025,2026-05-03 16:00:00,Juventus,Verona,H,2.68622,0.197193,1,1,2.489027
30199,Serie_A,2025,2026-05-09 18:45:00,Juventus,Lecce,A,1.95698,0.607959,1,0,1.349021
30209,Serie_A,2025,2026-05-17 10:30:00,Juventus,Fiorentina,H,1.96289,0.513716,0,2,1.4491740000000002
30222,Serie_A,2025,2026-05-24 18:45:00,Juventus,Torino,A,2.53427,0.950066,2,2,1.5842039999999997
27369,Serie_A,2024,2024-08-18 18:45:00,Lazio,Venezia,H,2.33223,0.789649,3,1,1.542581
27373,Serie_A,2024,2024-08-24 16:30:00,Lazio,Udinese,A,1.68277,1.11581,1,2,0.5669600000000001
27387,Serie_A,2024,2024-08-31 18:45:00,Lazio,AC Milan,H,2.32967,1.34242,2,2,0.9872500000000002
27396,Serie_A,2024,2024-09-16 18:45:00,Lazio,Verona,H,1.79243,0.533276,2,1,1.259154
27404,Serie_A,2024,2024-09-22 10:30:00,Lazio,Fiorentina,A,1.14467,2.85634,1,2,-1.7116699999999998
27421,Serie_A,2024,2024-09-29 10:30:00,Lazio,Torino,A,2.24735,0.494815,3,2,1.752535
27423,Serie_A,2024,2024-10-06 13:00:00,Lazio,Empoli,H,2.0459,0.912844,2,1,1.133056
27438,Serie_A,2024,2024-10-19 18:45:00,Lazio,Juventus,A,0.0648311,1.49305,0,1,-1.4282189
27447,Serie_A,2024,2024-10-27 14:00:00,Lazio,Genoa,H,2.9799,0.261739,3,0,2.7181610000000003
27454,Serie_A,2024,2024-10-31 19:45:00,Lazio,Como,A,2.96686,1.16312,5,1,1.8037400000000001
27471,Serie_A,2024,2024-11-04 19:45:00,Lazio,Cagliari,H,3.39964,0.274214,2,1,3.125426
27475,Serie_A,2024,2024-11-10 17:00:00,Lazio,Monza,A,1.17083,0.747377,1,0,0.4234530000000001
27486,Serie_A,2024,2024-11-24 19:45:00,Lazio,Bologna,H,2.59912,0.0932634,3,0,2.5058566
27499,Serie_A,2024,2024-12-01 14:00:00,Lazio,Parma Calcio 1913,A,2.4176,1.27449,1,3,1.1431100000000003
27509,Serie_A,2024,2024-12-08 19:45:00,Lazio,Napoli,A,0.243674,1.14465,1,0,-0.900976
27515,Serie_A,2024,2024-12-16 19:45:00,Lazio,Inter,H,0.634641,2.33306,0,6,-1.6984190000000001
27530,Serie_A,2024,2024-12-21 19:45:00,Lazio,Lecce,A,1.95023,1.09129,2,1,0.8589399999999998
27535,Serie_A,2024,2024-12-28 19:45:00,Lazio,Atalanta,H,0.564499,2.98315,1,1,-2.418651
27549,Serie_A,2024,2025-01-05 19:45:00,Lazio,Roma,A,1.31957,1.23422,0,2,0.08534999999999981
27559,Serie_A,2024,2025-01-10 19:45:00,Lazio,Como,H,1.03936,1.9019,1,1,-0.8625399999999999
27566,Serie_A,2024,2025-01-19 17:00:00,Lazio,Verona,A,1.99415,1.48598,3,0,0.50817
27574,Serie_A,2024,2025-01-26 19:45:00,Lazio,Fiorentina,H,2.01121,1.20023,1,2,0.8109800000000003
27586,Serie_A,2024,2025-02-03 19:45:00,Lazio,Cagliari,A,1.9337,1.82889,2,1,0.10481000000000007
27601,Serie_A,2024,2025-02-09 17:00:00,Lazio,Monza,H,4.42993,0.87219,5,1,3.55774
27609,Serie_A,2024,2025-02-15 17:00:00,Lazio,Napoli,H,0.883377,0.558588,2,2,0.324789
27619,Serie_A,2024,2025-02-22 14:00:00,Lazio,Venezia,A,0.790887,0.995737,0,0,-0.20484999999999998
27627,Serie_A,2024,2025-03-02 19:45:00,Lazio,AC Milan,A,2.53115,1.28991,2,1,1.24124
27638,Serie_A,2024,2025-03-10 19:45:00,Lazio,Udinese,H,1.01458,1.23859,1,1,-0.22401000000000004
27645,Serie_A,2024,2025-03-16 14:00:00,Lazio,Bologna,A,0.600718,2.85431,0,5,-2.253592
27656,Serie_A,2024,2025-03-31 19:45:00,Lazio,Torino,H,1.93778,0.632735,1,1,1.305045
27664,Serie_A,2024,2025-04-06 16:00:00,Lazio,Atalanta,A,0.523108,1.04022,1,0,-0.5171119999999999
27679,Serie_A,2024,2025-04-13 18:45:00,Lazio,Roma,H,1.92122,0.221733,1,1,1.699487
27685,Serie_A,2024,2025-04-23 16:30:00,Lazio,Genoa,A,1.33679,0.470637,2,0,0.866153
27698,Serie_A,2024,2025-04-28 18:45:00,Lazio,Parma Calcio 1913,H,1.7767,1.09001,2,2,0.68669
27704,Serie_A,2024,2025-05-04 10:30:00,Lazio,Empoli,A,1.12653,0.18325,1,0,0.94328
27716,Serie_A,2024,2025-05-10 16:00:00,Lazio,Juventus,H,1.51119,1.17931,1,1,0.33187999999999995
27726,Serie_A,2024,2025-05-18 18:45:00,Lazio,Inter,A,2.33497,1.59363,2,2,0.7413400000000001
27737,Serie_A,2024,2025-05-25 18:45:00,Lazio,Lecce,H,1.73521,0.708667,0,1,1.0265429999999998
29849,Serie_A,2025,2025-08-24 16:30:00,Lazio,Como,A,0.202984,1.28478,0,2,-1.081796
29863,Serie_A,2025,2025-08-31 18:45:00,Lazio,Verona,H,3.96645,0.600485,4,0,3.365965
29870,Serie_A,2025,2025-09-14 16:00:00,Lazio,Sassuolo,A,0.858246,1.2156,0,1,-0.35735400000000006
29881,Serie_A,2025,2025-09-21 10:30:00,Lazio,Roma,H,0.666967,1.22639,0,1,-0.5594230000000001
29886,Serie_A,2025,2025-09-29 18:45:00,Lazio,Genoa,A,3.54059,1.47659,3,0,2.064
29899,Serie_A,2025,2025-10-04 13:00:00,Lazio,Torino,H,1.45075,2.18108,3,3,-0.7303300000000001
29904,Serie_A,2025,2025-10-19 16:00:00,Lazio,Atalanta,A,0.220276,2.38095,0,0,-2.1606739999999998
29918,Serie_A,2025,2025-10-26 18:45:00,Lazio,Juventus,H,0.905304,1.24614,1,0,-0.34083600000000003
29932,Serie_A,2025,2025-10-30 18:45:00,Lazio,Pisa,A,0.657914,0.780185,0,0,-0.12227100000000002
29936,Serie_A,2025,2025-11-03 19:45:00,Lazio,Cagliari,H,0.587684,1.48457,2,0,-0.896886
29948,Serie_A,2025,2025-11-09 19:45:00,Lazio,Inter,A,0.54928,1.73965,0,2,-1.19037
29959,Serie_A,2025,2025-11-23 17:00:00,Lazio,Lecce,H,1.49492,0.544669,2,0,0.9502510000000001
29970,Serie_A,2025,2025-11-29 19:45:00,Lazio,AC Milan,A,0.899621,1.48113,0,1,-0.581509
29977,Serie_A,2025,2025-12-07 17:00:00,Lazio,Bologna,H,1.24155,1.23115,1,1,0.010399999999999965
29990,Serie_A,2025,2025-12-13 17:00:00,Lazio,Parma Calcio 1913,A,1.76573,1.08166,1,0,0.68407
30000,Serie_A,2025,2025-12-20 17:00:00,Lazio,Cremonese,H,0.432769,0.70974,0,0,-0.276971
30012,Serie_A,2025,2025-12-27 17:00:00,Lazio,Udinese,A,0.848022,0.806561,1,1,0.04146100000000008
30021,Serie_A,2025,2026-01-04 11:30:00,Lazio,Napoli,H,0.405788,2.42503,0,2,-2.019242
30026,Serie_A,2025,2026-01-07 19:45:00,Lazio,Fiorentina,H,2.70815,1.51944,2,2,1.18871
30043,Serie_A,2025,2026-01-11 17:00:00,Lazio,Verona,A,0.64447,0.584887,1,0,0.05958299999999994
30045,Serie_A,2025,2026-01-19 19:45:00,Lazio,Como,H,0.465283,2.28394,0,3,-1.818657
30060,Serie_A,2025,2026-01-24 19:45:00,Lazio,Lecce,A,0.716991,0.601024,0,0,0.11596700000000004
30068,Serie_A,2025,2026-01-30 19:45:00,Lazio,Genoa,H,2.06649,1.83307,3,2,0.23341999999999996
30081,Serie_A,2025,2026-02-08 19:45:00,Lazio,Juventus,A,0.808824,2.85607,2,2,-2.047246
30088,Serie_A,2025,2026-02-14 17:00:00,Lazio,Atalanta,H,1.54366,1.82116,0,2,-0.27749999999999986
30096,Serie_A,2025,2026-02-21 19:45:00,Lazio,Cagliari,A,0.520733,0.771111,0,0,-0.250378
30111,Serie_A,2025,2026-03-01 17:00:00,Lazio,Torino,A,1.05867,1.06085,0,2,-0.0021800000000000708
30120,Serie_A,2025,2026-03-09 19:45:00,Lazio,Sassuolo,H,2.4868,0.453204,2,1,2.033596
30127,Serie_A,2025,2026-03-15 19:45:00,Lazio,AC Milan,H,0.538397,1.16179,1,0,-0.6233930000000001
30135,Serie_A,2025,2026-03-22 14:00:00,Lazio,Bologna,A,2.14396,1.32921,2,0,0.8147499999999999
30147,Serie_A,2025,2026-04-04 18:45:00,Lazio,Parma Calcio 1913,H,0.269086,0.360563,1,1,-0.09147700000000003
30158,Serie_A,2025,2026-04-13 18:45:00,Lazio,Fiorentina,A,1.29355,0.421966,0,1,0.8715839999999999
30167,Serie_A,2025,2026-04-18 16:00:00,Lazio,Napoli,A,3.16463,0.516972,2,0,2.647658
30178,Serie_A,2025,2026-04-27 18:45:00,Lazio,Udinese,H,1.77483,2.30714,3,3,-0.5323100000000001
30187,Serie_A,2025,2026-05-04 16:30:00,Lazio,Cremonese,A,0.987521,0.55053,2,1,0.436991
30198,Serie_A,2025,2026-05-09 16:00:00,Lazio,Inter,H,0.502107,2.18245,0,3,-1.6803429999999997
30211,Serie_A,2025,2026-05-17 10:30:00,Lazio,Roma,A,0.766648,1.31805,0,2,-0.551402
30217,Serie_A,2025,2026-05-23 18:45:00,Lazio,Pisa,H,1.02094,1.16758,2,1,-0.1466400000000001
27370,Serie_A,2024,2024-08-19 16:30:00,Lecce,Atalanta,H,1.88414,2.45909,0,4,-0.5749500000000003
27375,Serie_A,2024,2024-08-24 18:45:00,Lecce,Inter,A,0.335346,2.48059,0,2,-2.145244
27384,Serie_A,2024,2024-08-31 16:30:00,Lecce,Cagliari,H,2.34113,2.09263,1,0,0.24849999999999994
27401,Serie_A,2024,2024-09-15 13:00:00,Lecce,Torino,A,1.6617,0.447368,0,0,1.214332
27408,Serie_A,2024,2024-09-21 18:45:00,Lecce,Parma Calcio 1913,H,1.25857,2.054,2,2,-0.7954299999999999
27417,Serie_A,2024,2024-09-27 18:45:00,Lecce,AC Milan,A,0.462274,2.43265,0,3,-1.9703760000000001
27431,Serie_A,2024,2024-10-05 13:00:00,Lecce,Udinese,A,0.645952,1.56312,0,1,-0.9171680000000001
27439,Serie_A,2024,2024-10-20 13:00:00,Lecce,Fiorentina,H,0.223823,2.21676,0,6,-1.992937
27448,Serie_A,2024,2024-10-26 13:00:00,Lecce,Napoli,A,0.57038,2.53236,0,1,-1.96198
27458,Serie_A,2024,2024-10-29 17:30:00,Lecce,Verona,H,1.35273,0.211464,1,0,1.141266
27467,Serie_A,2024,2024-11-02 14:00:00,Lecce,Bologna,A,0.771878,2.06051,0,1,-1.2886319999999998
27474,Serie_A,2024,2024-11-08 19:45:00,Lecce,Empoli,H,1.41905,0.610497,1,1,0.808553
27489,Serie_A,2024,2024-11-25 19:45:00,Lecce,Venezia,A,0.624722,2.88235,1,0,-2.2576280000000004
27492,Serie_A,2024,2024-12-01 19:45:00,Lecce,Juventus,H,1.10419,1.03998,1,1,0.0642100000000001
27510,Serie_A,2024,2024-12-07 19:45:00,Lecce,Roma,A,0.826928,2.38077,1,4,-1.553842
27516,Serie_A,2024,2024-12-15 11:30:00,Lecce,Monza,H,1.57794,0.790408,2,1,0.7875319999999999
27530,Serie_A,2024,2024-12-21 19:45:00,Lecce,Lazio,H,1.09129,1.95023,1,2,-0.8589399999999998
27533,Serie_A,2024,2024-12-30 17:30:00,Lecce,Como,A,0.436266,2.25936,0,2,-1.823094
27547,Serie_A,2024,2025-01-05 14:00:00,Lecce,Genoa,H,0.545634,1.06752,0,0,-0.5218860000000001
27556,Serie_A,2024,2025-01-11 14:00:00,Lecce,Empoli,A,1.57649,2.31529,3,1,-0.7388000000000001
27563,Serie_A,2024,2025-01-19 14:00:00,Lecce,Cagliari,A,0.388374,3.36227,1,4,-2.973896
27575,Serie_A,2024,2025-01-26 17:00:00,Lecce,Inter,H,0.719003,2.58246,0,4,-1.8634570000000004
27590,Serie_A,2024,2025-01-31 19:45:00,Lecce,Parma Calcio 1913,A,0.756887,2.00006,3,1,-1.243173
27597,Serie_A,2024,2025-02-09 17:00:00,Lecce,Bologna,H,0.844895,0.8506,0,0,-0.005705000000000071
27607,Serie_A,2024,2025-02-16 14:00:00,Lecce,Monza,A,1.10949,0.278072,0,0,0.8314180000000001
27615,Serie_A,2024,2025-02-21 19:45:00,Lecce,Udinese,H,0.484479,1.52436,0,1,-1.0398809999999998
27624,Serie_A,2024,2025-02-28 19:45:00,Lecce,Fiorentina,A,1.11638,1.43821,0,1,-0.32183000000000006
27639,Serie_A,2024,2025-03-08 17:00:00,Lecce,AC Milan,H,1.1897,3.27991,2,3,-2.09021
27646,Serie_A,2024,2025-03-14 19:45:00,Lecce,Genoa,A,1.20452,1.06034,1,2,0.14417999999999997
27657,Serie_A,2024,2025-03-29 19:45:00,Lecce,Roma,H,0.694403,1.90759,0,1,-1.213187
27668,Serie_A,2024,2025-04-06 10:30:00,Lecce,Venezia,H,1.50136,0.898847,1,1,0.6025130000000001
27673,Serie_A,2024,2025-04-12 18:45:00,Lecce,Juventus,A,0.940466,1.95569,1,2,-1.015224
27688,Serie_A,2024,2025-04-19 13:00:00,Lecce,Como,H,0.666737,1.65387,0,3,-0.9871329999999999
27693,Serie_A,2024,2025-04-27 18:45:00,Lecce,Atalanta,A,1.45404,2.45836,1,1,-1.0043199999999999
27707,Serie_A,2024,2025-05-03 16:00:00,Lecce,Napoli,H,0.276702,0.845058,0,1,-0.568356
27715,Serie_A,2024,2025-05-11 13:00:00,Lecce,Verona,A,1.24972,0.480962,1,1,0.7687579999999999
27727,Serie_A,2024,2025-05-18 18:45:00,Lecce,Torino,H,0.970765,0.476384,1,0,0.494381
27737,Serie_A,2024,2025-05-25 18:45:00,Lecce,Lazio,A,0.708667,1.73521,1,0,-1.0265429999999998
29844,Serie_A,2025,2025-08-23 16:30:00,Lecce,Genoa,A,0.55094,0.56563,0,0,-0.01468999999999998
29855,Serie_A,2025,2025-08-29 18:45:00,Lecce,AC Milan,H,0.481693,2.13175,0,2,-1.6500569999999999
29869,Serie_A,2025,2025-09-14 13:00:00,Lecce,Atalanta,A,0.532382,2.62415,1,4,-2.091768
29882,Serie_A,2025,2025-09-19 18:45:00,Lecce,Cagliari,H,1.13998,2.21034,1,2,-1.07036
29888,Serie_A,2025,2025-09-28 16:00:00,Lecce,Bologna,H,2.09017,1.5908,2,2,0.4993700000000001
29901,Serie_A,2025,2025-10-04 13:00:00,Lecce,Parma Calcio 1913,A,0.622459,1.08896,1,0,-0.46650099999999994
29910,Serie_A,2025,2025-10-18 13:00:00,Lecce,Sassuolo,H,0.66998,0.77146,0,0,-0.10148000000000001
29914,Serie_A,2025,2025-10-25 13:00:00,Lecce,Udinese,A,0.373551,1.51576,2,3,-1.142209
29931,Serie_A,2025,2025-10-28 16:30:00,Lecce,Napoli,H,1.02929,0.92446,0,1,0.10483000000000009
29935,Serie_A,2025,2025-11-02 14:00:00,Lecce,Fiorentina,A,1.3239,1.38997,1,0,-0.06606999999999985
29950,Serie_A,2025,2025-11-08 14:00:00,Lecce,Verona,H,0.555045,0.691863,0,0,-0.136818
29959,Serie_A,2025,2025-11-23 17:00:00,Lecce,Lazio,A,0.544669,1.49492,0,2,-0.9502510000000001
29969,Serie_A,2025,2025-11-30 11:30:00,Lecce,Torino,H,0.948606,2.0632,2,1,-1.1145940000000003
29975,Serie_A,2025,2025-12-07 11:30:00,Lecce,Cremonese,A,1.37526,2.08254,0,2,-0.7072799999999999
29988,Serie_A,2025,2025-12-12 19:45:00,Lecce,Pisa,H,2.79987,0.303651,1,0,2.496219
30006,Serie_A,2025,2025-12-27 14:00:00,Lecce,Como,H,1.15442,2.33352,0,3,-1.1791
30020,Serie_A,2025,2026-01-03 17:00:00,Lecce,Juventus,A,0.176301,3.59395,1,1,-3.417649
30027,Serie_A,2025,2026-01-06 17:00:00,Lecce,Roma,H,0.604725,1.89163,0,2,-1.286905
30040,Serie_A,2025,2026-01-11 11:30:00,Lecce,Parma Calcio 1913,H,0.842154,1.46392,1,2,-0.6217660000000002
29998,Serie_A,2025,2026-01-14 19:45:00,Lecce,Inter,A,0.468829,1.91676,0,1,-1.447931
30046,Serie_A,2025,2026-01-18 19:45:00,Lecce,AC Milan,A,0.1816,3.17447,0,1,-2.99287
30060,Serie_A,2025,2026-01-24 19:45:00,Lecce,Lazio,H,0.601024,0.716991,0,0,-0.11596700000000004
30072,Serie_A,2025,2026-02-01 11:30:00,Lecce,Torino,A,0.468464,2.48263,0,1,-2.014166
30082,Serie_A,2025,2026-02-08 14:00:00,Lecce,Udinese,H,2.18624,0.895031,2,1,1.2912090000000003
30084,Serie_A,2025,2026-02-16 19:45:00,Lecce,Cagliari,A,1.76359,1.46951,2,0,0.2940799999999999
30100,Serie_A,2025,2026-02-21 17:00:00,Lecce,Inter,H,0.127863,2.6436,0,2,-2.515737
30113,Serie_A,2025,2026-02-28 14:00:00,Lecce,Como,A,0.424994,2.98622,1,3,-2.561226
30121,Serie_A,2025,2026-03-08 11:30:00,Lecce,Cremonese,H,1.76705,0.791422,2,1,0.975628
30128,Serie_A,2025,2026-03-14 17:00:00,Lecce,Napoli,A,1.22692,1.13114,1,2,0.09577999999999998
30143,Serie_A,2025,2026-03-22 17:00:00,Lecce,Roma,A,0.807003,1.09359,0,1,-0.28658700000000004
30148,Serie_A,2025,2026-04-06 13:00:00,Lecce,Atalanta,H,0.364274,2.81595,0,3,-2.451676
30155,Serie_A,2025,2026-04-12 16:00:00,Lecce,Bologna,A,0.53637,2.5824,0,2,-2.04603
30166,Serie_A,2025,2026-04-20 18:45:00,Lecce,Fiorentina,H,1.80861,1.26455,1,1,0.54406
30183,Serie_A,2025,2026-04-25 18:45:00,Lecce,Verona,A,1.20604,0.249294,0,0,0.956746
30190,Serie_A,2025,2026-05-01 18:45:00,Lecce,Pisa,A,1.35936,2.06716,2,1,-0.7078
30199,Serie_A,2025,2026-05-09 18:45:00,Lecce,Juventus,H,0.607959,1.95698,0,1,-1.349021
30212,Serie_A,2025,2026-05-17 18:45:00,Lecce,Sassuolo,A,1.29547,3.04719,3,2,-1.7517200000000002
30218,Serie_A,2025,2026-05-24 18:45:00,Lecce,Genoa,H,2.21387,0.782331,1,0,1.431539
27364,Serie_A,2024,2024-08-17 18:45:00,Monza,Empoli,A,0.327848,0.578573,0,0,-0.25072500000000003
27374,Serie_A,2024,2024-08-24 18:45:00,Monza,Genoa,H,0.401371,0.660299,0,1,-0.258928
27388,Serie_A,2024,2024-09-01 16:30:00,Monza,Fiorentina,A,0.489982,2.41541,2,2,-1.9254280000000001
27399,Serie_A,2024,2024-09-15 18:45:00,Monza,Inter,H,0.217777,1.8081,1,1,-1.5903230000000002
27409,Serie_A,2024,2024-09-22 13:00:00,Monza,Bologna,H,0.707402,1.45302,1,2,-0.745618
27418,Serie_A,2024,2024-09-29 18:45:00,Monza,Napoli,A,0.298287,1.35886,0,2,-1.060573
27425,Serie_A,2024,2024-10-06 16:00:00,Monza,Roma,H,1.11968,1.47893,1,1,-0.35925000000000007
27437,Serie_A,2024,2024-10-21 18:45:00,Monza,Verona,A,1.56377,0.81446,3,0,0.7493100000000001
27446,Serie_A,2024,2024-10-27 14:00:00,Monza,Venezia,H,0.903007,0.459902,2,2,0.443105
27452,Serie_A,2024,2024-10-30 19:45:00,Monza,Atalanta,A,0.0805941,1.65221,0,2,-1.5716158999999998
27465,Serie_A,2024,2024-11-02 19:45:00,Monza,AC Milan,H,1.23293,2.91043,0,1,-1.6774999999999998
27475,Serie_A,2024,2024-11-10 17:00:00,Monza,Lazio,H,0.747377,1.17083,0,1,-0.4234530000000001
27488,Serie_A,2024,2024-11-24 14:00:00,Monza,Torino,A,0.916564,1.45433,1,1,-0.5377659999999999
27496,Serie_A,2024,2024-11-30 14:00:00,Monza,Como,A,1.75565,1.38648,1,1,0.36917
27508,Serie_A,2024,2024-12-09 19:45:00,Monza,Udinese,H,1.92222,1.40496,1,2,0.51726
27516,Serie_A,2024,2024-12-15 11:30:00,Monza,Lecce,A,0.790408,1.57794,1,2,-0.7875319999999999
27528,Serie_A,2024,2024-12-22 19:45:00,Monza,Juventus,H,0.983171,2.58556,1,2,-1.602389
27540,Serie_A,2024,2024-12-28 14:00:00,Monza,Parma Calcio 1913,A,2.2247,1.22224,1,2,1.00246
27548,Serie_A,2024,2025-01-05 11:30:00,Monza,Cagliari,H,1.55837,0.781523,1,2,0.7768470000000001
27552,Serie_A,2024,2025-01-13 19:45:00,Monza,Fiorentina,H,0.988429,1.60714,2,1,-0.618711
27571,Serie_A,2024,2025-01-18 14:00:00,Monza,Bologna,A,0.410907,2.33675,1,3,-1.925843
27573,Serie_A,2024,2025-01-27 19:45:00,Monza,Genoa,A,0.311849,3.31745,0,2,-3.005601
27589,Serie_A,2024,2025-02-01 14:00:00,Monza,Verona,H,0.279515,0.854806,0,1,-0.575291
27601,Serie_A,2024,2025-02-09 17:00:00,Monza,Lazio,A,0.87219,4.42993,1,5,-3.55774
27607,Serie_A,2024,2025-02-16 14:00:00,Monza,Lecce,H,0.278072,1.10949,0,0,-0.8314180000000001
27617,Serie_A,2024,2025-02-24 19:45:00,Monza,Roma,A,0.332233,2.16209,0,4,-1.829857
27628,Serie_A,2024,2025-03-02 11:30:00,Monza,Torino,H,0.582104,1.43219,0,2,-0.8500860000000001
27636,Serie_A,2024,2025-03-08 19:45:00,Monza,Inter,A,0.779109,3.0629,2,3,-2.283791
27642,Serie_A,2024,2025-03-15 14:00:00,Monza,Parma Calcio 1913,H,0.9314,0.616308,1,1,0.31509200000000004
27658,Serie_A,2024,2025-03-30 11:30:00,Monza,Cagliari,A,0.962993,1.95839,0,3,-0.9953970000000001
27663,Serie_A,2024,2025-04-05 13:00:00,Monza,Como,H,1.05971,2.27029,1,3,-1.2105800000000002
27672,Serie_A,2024,2025-04-12 13:00:00,Monza,Venezia,A,0.590462,1.62268,0,1,-1.0322179999999999
27687,Serie_A,2024,2025-04-19 16:00:00,Monza,Napoli,H,0.874819,1.66648,0,1,-0.791661
27692,Serie_A,2024,2025-04-27 16:00:00,Monza,Juventus,A,0.621764,1.14678,0,2,-0.5250159999999999
27708,Serie_A,2024,2025-05-04 13:00:00,Monza,Atalanta,H,0.827428,3.05078,0,4,-2.223352
27720,Serie_A,2024,2025-05-11 10:30:00,Monza,Udinese,A,1.63169,1.45767,2,1,0.17402000000000006
27728,Serie_A,2024,2025-05-18 18:45:00,Monza,Empoli,H,1.03178,1.95845,1,3,-0.9266700000000001
27738,Serie_A,2024,2025-05-24 18:45:00,Monza,AC Milan,A,0.516606,1.99268,0,2,-1.476074
27366,Serie_A,2024,2024-08-18 16:30:00,Napoli,Verona,A,0.975176,1.80536,0,3,-0.830184
27378,Serie_A,2024,2024-08-25 18:45:00,Napoli,Bologna,H,2.07052,0.544518,3,0,1.526002
27386,Serie_A,2024,2024-08-31 18:45:00,Napoli,Parma Calcio 1913,H,2.33511,1.90229,2,1,0.43281999999999976
27395,Serie_A,2024,2024-09-15 16:00:00,Napoli,Cagliari,A,1.42805,0.881581,4,0,0.5464690000000001
27407,Serie_A,2024,2024-09-21 16:00:00,Napoli,Juventus,A,0.233773,0.419301,0,0,-0.18552799999999997
27418,Serie_A,2024,2024-09-29 18:45:00,Napoli,Monza,H,1.35886,0.298287,2,0,1.060573
27430,Serie_A,2024,2024-10-04 16:30:00,Napoli,Como,H,1.91407,0.638474,3,1,1.275596
27435,Serie_A,2024,2024-10-20 10:30:00,Napoli,Empoli,A,1.31758,1.00465,1,0,0.31292999999999993
27448,Serie_A,2024,2024-10-26 13:00:00,Napoli,Lecce,H,2.53236,0.57038,1,0,1.96198
27459,Serie_A,2024,2024-10-29 19:45:00,Napoli,AC Milan,A,0.956912,0.568256,2,0,0.388656
27464,Serie_A,2024,2024-11-03 11:30:00,Napoli,Atalanta,H,0.611112,1.50982,0,3,-0.898708
27473,Serie_A,2024,2024-11-10 19:45:00,Napoli,Inter,A,1.00611,1.47373,1,1,-0.4676199999999999
27487,Serie_A,2024,2024-11-24 17:00:00,Napoli,Roma,H,2.02389,0.592582,1,0,1.431308
27500,Serie_A,2024,2024-12-01 14:00:00,Napoli,Torino,A,1.64196,0.442989,1,0,1.198971
27509,Serie_A,2024,2024-12-08 19:45:00,Napoli,Lazio,H,1.14465,0.243674,0,1,0.900976
27521,Serie_A,2024,2024-12-14 17:00:00,Napoli,Udinese,A,1.96425,1.48544,3,1,0.47880999999999996
27524,Serie_A,2024,2024-12-21 17:00:00,Napoli,Genoa,A,1.42377,0.707336,2,1,0.716434
27539,Serie_A,2024,2024-12-29 14:00:00,Napoli,Venezia,H,2.55505,0.462133,1,0,2.092917
27544,Serie_A,2024,2025-01-04 17:00:00,Napoli,Fiorentina,A,1.59728,0.877617,3,0,0.719663
27553,Serie_A,2024,2025-01-12 19:45:00,Napoli,Verona,H,1.59033,0.23211,2,0,1.35822
27562,Serie_A,2024,2025-01-18 19:45:00,Napoli,Atalanta,A,1.2536,0.709505,3,2,0.544095
27577,Serie_A,2024,2025-01-25 17:00:00,Napoli,Juventus,H,2.33562,1.02538,2,1,1.31024
27591,Serie_A,2024,2025-02-02 19:45:00,Napoli,Roma,A,0.384749,0.364702,1,1,0.02004699999999998
27598,Serie_A,2024,2025-02-09 19:45:00,Napoli,Udinese,H,2.07882,1.28733,1,1,0.7914899999999998
27609,Serie_A,2024,2025-02-15 17:00:00,Napoli,Lazio,A,0.558588,0.883377,2,2,-0.324789
27620,Serie_A,2024,2025-02-23 11:30:00,Napoli,Como,A,1.10277,0.466603,1,2,0.636167
27629,Serie_A,2024,2025-03-01 17:00:00,Napoli,Inter,H,1.72874,0.452597,1,1,1.2761429999999998
27640,Serie_A,2024,2025-03-09 14:00:00,Napoli,Fiorentina,H,2.93764,1.05617,2,1,1.88147
27651,Serie_A,2024,2025-03-16 11:30:00,Napoli,Venezia,A,1.2665,1.04696,0,0,0.21954000000000007
27654,Serie_A,2024,2025-03-30 19:45:00,Napoli,AC Milan,H,0.945094,2.25619,2,1,-1.311096
27665,Serie_A,2024,2025-04-07 18:45:00,Napoli,Bologna,A,0.99857,1.11047,1,1,-0.11190000000000011
27680,Serie_A,2024,2025-04-14 18:45:00,Napoli,Empoli,H,2.13717,1.37277,3,0,0.7643999999999997
27687,Serie_A,2024,2025-04-19 16:00:00,Napoli,Monza,A,1.66648,0.874819,1,0,0.791661
27699,Serie_A,2024,2025-04-27 18:45:00,Napoli,Torino,H,1.23274,0.660531,2,0,0.572209
27707,Serie_A,2024,2025-05-03 16:00:00,Napoli,Lecce,A,0.845058,0.276702,1,0,0.568356
27718,Serie_A,2024,2025-05-11 18:45:00,Napoli,Genoa,H,2.35243,0.648382,2,2,1.704048
27729,Serie_A,2024,2025-05-18 18:45:00,Napoli,Parma Calcio 1913,A,0.379711,0.296751,0,0,0.08296000000000003
27739,Serie_A,2024,2025-05-23 18:45:00,Napoli,Cagliari,H,2.16118,0.0969696,2,0,2.0642104
29845,Serie_A,2025,2025-08-23 16:30:00,Napoli,Sassuolo,A,1.55456,0.298477,2,0,1.2560829999999998
29859,Serie_A,2025,2025-08-30 18:45:00,Napoli,Cagliari,H,1.73158,0.64413,1,0,1.08745
29866,Serie_A,2025,2025-09-13 18:45:00,Napoli,Fiorentina,A,3.55376,1.39098,3,1,2.1627799999999997
29883,Serie_A,2025,2025-09-22 18:45:00,Napoli,Pisa,H,1.18611,2.51985,3,2,-1.33374
29889,Serie_A,2025,2025-09-28 18:45:00,Napoli,AC Milan,A,2.23894,0.952575,1,2,1.286365
29900,Serie_A,2025,2025-10-05 16:00:00,Napoli,Genoa,H,1.87915,0.691583,2,1,1.187567
29906,Serie_A,2025,2025-10-18 16:00:00,Napoli,Torino,A,1.71911,1.90815,0,1,-0.1890400000000001
29920,Serie_A,2025,2025-10-25 16:00:00,Napoli,Inter,H,1.18626,2.07077,3,1,-0.8845099999999999
29931,Serie_A,2025,2025-10-28 16:30:00,Napoli,Lecce,A,0.92446,1.02929,1,0,-0.10483000000000009
29938,Serie_A,2025,2025-11-01 17:00:00,Napoli,Como,H,0.762314,1.17012,0,0,-0.407806
29945,Serie_A,2025,2025-11-09 14:00:00,Napoli,Bologna,A,0.19503,1.64488,0,2,-1.4498499999999999
29960,Serie_A,2025,2025-11-22 19:45:00,Napoli,Atalanta,H,2.02765,0.825775,3,1,1.2018749999999998
29973,Serie_A,2025,2025-11-30 19:45:00,Napoli,Roma,A,1.33114,0.611755,1,0,0.7193849999999999
29978,Serie_A,2025,2025-12-07 19:45:00,Napoli,Juventus,H,2.1655,0.24335,2,1,1.9221500000000002
29993,Serie_A,2025,2025-12-14 14:00:00,Napoli,Udinese,A,0.931427,1.84146,0,1,-0.9100330000000001
30005,Serie_A,2025,2025-12-28 14:00:00,Napoli,Cremonese,A,2.85402,0.276244,2,0,2.5777759999999996
30021,Serie_A,2025,2026-01-04 11:30:00,Napoli,Lazio,A,2.42503,0.405788,2,0,2.019242
30029,Serie_A,2025,2026-01-07 17:30:00,Napoli,Verona,H,1.57287,1.29178,2,2,0.28109000000000006
30038,Serie_A,2025,2026-01-11 19:45:00,Napoli,Inter,A,1.38417,1.6567,2,2,-0.27253000000000016
30001,Serie_A,2025,2026-01-14 17:30:00,Napoli,Parma Calcio 1913,H,1.29671,0.230185,0,0,1.066525
30047,Serie_A,2025,2026-01-17 17:00:00,Napoli,Sassuolo,H,0.605235,1.12352,1,0,-0.5182850000000001
30059,Serie_A,2025,2026-01-25 17:00:00,Napoli,Juventus,A,0.421726,1.54679,0,3,-1.125064
30069,Serie_A,2025,2026-01-31 17:00:00,Napoli,Fiorentina,H,2.39619,1.81202,2,1,0.5841699999999999
30080,Serie_A,2025,2026-02-07 17:00:00,Napoli,Genoa,A,1.89784,1.32462,3,2,0.5732200000000001
30089,Serie_A,2025,2026-02-15 19:45:00,Napoli,Roma,H,0.5247,1.95442,2,2,-1.42972
30094,Serie_A,2025,2026-02-22 14:00:00,Napoli,Atalanta,A,1.05903,0.962214,1,2,0.0968159999999999
30109,Serie_A,2025,2026-02-28 17:00:00,Napoli,Verona,A,1.21355,0.277835,2,1,0.9357149999999999
30114,Serie_A,2025,2026-03-06 19:45:00,Napoli,Torino,H,2.32007,0.693368,2,1,1.6267019999999999
30128,Serie_A,2025,2026-03-14 17:00:00,Napoli,Lecce,H,1.13114,1.22692,2,1,-0.09577999999999998
30136,Serie_A,2025,2026-03-20 17:30:00,Napoli,Cagliari,A,2.27393,0.241246,1,0,2.032684
30149,Serie_A,2025,2026-04-06 18:45:00,Napoli,AC Milan,H,0.872402,0.810602,1,0,0.061799999999999966
30161,Serie_A,2025,2026-04-12 13:00:00,Napoli,Parma Calcio 1913,A,1.31482,0.154689,1,1,1.160131
30167,Serie_A,2025,2026-04-18 16:00:00,Napoli,Lazio,H,0.516972,3.16463,0,2,-2.647658
30180,Serie_A,2025,2026-04-24 18:45:00,Napoli,Cremonese,H,3.24062,0.473643,4,0,2.766977
30186,Serie_A,2025,2026-05-02 16:00:00,Napoli,Como,A,0.847288,1.79719,0,0,-0.949902
30201,Serie_A,2025,2026-05-11 18:45:00,Napoli,Bologna,H,1.22739,1.12339,2,3,0.10399999999999987
30210,Serie_A,2025,2026-05-17 10:30:00,Napoli,Pisa,A,1.42016,0.721322,3,0,0.6988380000000001
30220,Serie_A,2025,2026-05-24 16:00:00,Napoli,Udinese,H,1.55853,0.517372,1,0,1.0411579999999998
27363,Serie_A,2024,2024-08-17 16:30:00,Parma Calcio 1913,Fiorentina,H,1.83796,0.81313,1,1,1.0248300000000001
27372,Serie_A,2024,2024-08-24 16:30:00,Parma Calcio 1913,AC Milan,H,2.46266,2.09812,2,1,0.36453999999999986
27386,Serie_A,2024,2024-08-31 18:45:00,Parma Calcio 1913,Napoli,A,1.90229,2.33511,1,2,-0.43281999999999976
27400,Serie_A,2024,2024-09-16 16:30:00,Parma Calcio 1913,Udinese,H,0.87968,3.08828,2,3,-2.2086
27408,Serie_A,2024,2024-09-21 18:45:00,Parma Calcio 1913,Lecce,A,2.054,1.25857,2,2,0.7954299999999999
27419,Serie_A,2024,2024-09-30 18:45:00,Parma Calcio 1913,Cagliari,H,2.98598,3.057,2,3,-0.07101999999999986
27424,Serie_A,2024,2024-10-06 13:00:00,Parma Calcio 1913,Bologna,A,1.08533,0.835615,0,0,0.2497149999999999
27436,Serie_A,2024,2024-10-19 13:00:00,Parma Calcio 1913,Como,A,0.918205,1.28527,1,1,-0.36706499999999986
27449,Serie_A,2024,2024-10-27 11:30:00,Parma Calcio 1913,Empoli,H,1.43623,0.14913,1,1,1.2871
27457,Serie_A,2024,2024-10-30 19:45:00,Parma Calcio 1913,Juventus,A,1.45546,2.77649,2,2,-1.32103
27469,Serie_A,2024,2024-11-04 17:30:00,Parma Calcio 1913,Genoa,H,0.883705,1.15243,0,1,-0.2687250000000001
27477,Serie_A,2024,2024-11-09 14:00:00,Parma Calcio 1913,Venezia,A,0.945022,1.29642,2,1,-0.3513979999999999
27491,Serie_A,2024,2024-11-23 19:45:00,Parma Calcio 1913,Atalanta,H,0.622186,3.54363,1,3,-2.9214439999999997
27499,Serie_A,2024,2024-12-01 14:00:00,Parma Calcio 1913,Lazio,H,1.27449,2.4176,3,1,-1.1431100000000003
27507,Serie_A,2024,2024-12-06 17:30:00,Parma Calcio 1913,Inter,A,0.274097,3.0797,1,3,-2.805603
27519,Serie_A,2024,2024-12-15 14:00:00,Parma Calcio 1913,Verona,H,2.30533,3.70407,2,3,-1.39874
27529,Serie_A,2024,2024-12-22 11:30:00,Parma Calcio 1913,Roma,A,0.615694,5.55856,0,5,-4.942866
27540,Serie_A,2024,2024-12-28 14:00:00,Parma Calcio 1913,Monza,H,1.22224,2.2247,2,1,-1.00246
27550,Serie_A,2024,2025-01-05 17:00:00,Parma Calcio 1913,Torino,A,0.321586,1.0858,0,0,-0.7642140000000002
27558,Serie_A,2024,2025-01-12 11:30:00,Parma Calcio 1913,Genoa,A,0.513393,1.51628,0,1,-1.002887
27569,Serie_A,2024,2025-01-19 14:00:00,Parma Calcio 1913,Venezia,H,1.59615,1.1784,1,1,0.41775000000000007
27576,Serie_A,2024,2025-01-26 11:30:00,Parma Calcio 1913,AC Milan,A,1.85515,2.7112,2,3,-0.8560499999999998
27590,Serie_A,2024,2025-01-31 19:45:00,Parma Calcio 1913,Lecce,H,2.00006,0.756887,1,3,1.243173
27593,Serie_A,2024,2025-02-09 17:00:00,Parma Calcio 1913,Cagliari,A,1.15072,1.49632,1,2,-0.34560000000000013
27606,Serie_A,2024,2025-02-16 17:00:00,Parma Calcio 1913,Roma,H,0.293477,1.41178,0,1,-1.118303
27616,Serie_A,2024,2025-02-22 14:00:00,Parma Calcio 1913,Bologna,H,1.4111,0.698426,2,0,0.712674
27631,Serie_A,2024,2025-03-01 19:45:00,Parma Calcio 1913,Udinese,A,0.617812,2.0589,0,1,-1.441088
27641,Serie_A,2024,2025-03-08 14:00:00,Parma Calcio 1913,Torino,H,1.48743,0.72136,2,2,0.76607
27642,Serie_A,2024,2025-03-15 14:00:00,Parma Calcio 1913,Monza,A,0.616308,0.9314,1,1,-0.31509200000000004
27660,Serie_A,2024,2025-03-31 17:30:00,Parma Calcio 1913,Verona,A,0.501452,0.765236,0,0,-0.263784
27670,Serie_A,2024,2025-04-05 16:00:00,Parma Calcio 1913,Inter,H,1.66115,2.17944,2,2,-0.5182900000000001
27676,Serie_A,2024,2025-04-13 13:00:00,Parma Calcio 1913,Fiorentina,A,0.616318,0.670714,0,0,-0.054396
27689,Serie_A,2024,2025-04-23 16:30:00,Parma Calcio 1913,Juventus,H,0.784847,0.777191,1,0,0.007655999999999996
27698,Serie_A,2024,2025-04-28 18:45:00,Parma Calcio 1913,Lazio,A,1.09001,1.7767,2,2,-0.68669
27709,Serie_A,2024,2025-05-03 13:00:00,Parma Calcio 1913,Como,H,2.74525,1.32818,0,1,1.41707
27714,Serie_A,2024,2025-05-10 18:45:00,Parma Calcio 1913,Empoli,A,0.404689,0.989813,1,2,-0.585124
27729,Serie_A,2024,2025-05-18 18:45:00,Parma Calcio 1913,Napoli,H,0.296751,0.379711,0,0,-0.08296000000000003
27733,Serie_A,2024,2025-05-25 18:45:00,Parma Calcio 1913,Atalanta,A,2.82535,1.90265,3,2,0.9226999999999999
29851,Serie_A,2025,2025-08-24 18:45:00,Parma Calcio 1913,Juventus,A,0.815567,2.74202,0,2,-1.926453
29857,Serie_A,2025,2025-08-30 16:30:00,Parma Calcio 1913,Atalanta,H,0.751112,1.19727,1,1,-0.44615800000000005
29864,Serie_A,2025,2025-09-13 13:00:00,Parma Calcio 1913,Cagliari,A,1.95549,1.76945,0,2,0.18603999999999998
29878,Serie_A,2025,2025-09-21 13:00:00,Parma Calcio 1913,Cremonese,A,0.902031,0.172561,0,0,0.7294700000000001
29890,Serie_A,2025,2025-09-29 16:30:00,Parma Calcio 1913,Torino,H,1.44462,0.660829,2,1,0.783791
29901,Serie_A,2025,2025-10-04 13:00:00,Parma Calcio 1913,Lecce,H,1.08896,0.622459,0,1,0.46650099999999994
29909,Serie_A,2025,2025-10-19 13:00:00,Parma Calcio 1913,Genoa,A,0.0544873,2.21692,0,0,-2.1624327
29921,Serie_A,2025,2025-10-25 13:00:00,Parma Calcio 1913,Como,H,1.56651,0.387121,0,0,1.179389
29933,Serie_A,2025,2025-10-29 16:30:00,Parma Calcio 1913,Roma,A,1.17796,1.15685,1,2,0.021109999999999962
29939,Serie_A,2025,2025-11-02 17:00:00,Parma Calcio 1913,Bologna,H,0.622333,3.51745,1,3,-2.895117
29951,Serie_A,2025,2025-11-08 19:45:00,Parma Calcio 1913,AC Milan,H,1.45012,2.05467,2,2,-0.6045500000000001
29954,Serie_A,2025,2025-11-23 11:30:00,Parma Calcio 1913,Verona,A,1.51628,0.943021,2,1,0.5732590000000001
29971,Serie_A,2025,2025-11-29 14:00:00,Parma Calcio 1913,Udinese,H,1.03649,1.87351,0,2,-0.8370200000000001
29979,Serie_A,2025,2025-12-08 14:00:00,Parma Calcio 1913,Pisa,A,1.49837,1.56873,1,0,-0.07035999999999998
29990,Serie_A,2025,2025-12-13 17:00:00,Parma Calcio 1913,Lazio,H,1.08166,1.76573,0,1,-0.68407
30008,Serie_A,2025,2025-12-27 11:30:00,Parma Calcio 1913,Fiorentina,H,1.26451,1.2463,1,0,0.01821000000000006
30022,Serie_A,2025,2026-01-03 14:00:00,Parma Calcio 1913,Sassuolo,A,1.18268,1.0095,1,1,0.1731799999999999
30030,Serie_A,2025,2026-01-07 19:45:00,Parma Calcio 1913,Inter,H,0.261054,3.08782,0,2,-2.8267659999999997
30040,Serie_A,2025,2026-01-11 11:30:00,Parma Calcio 1913,Lecce,A,1.46392,0.842154,2,1,0.6217660000000002
30001,Serie_A,2025,2026-01-14 17:30:00,Parma Calcio 1913,Napoli,A,0.230185,1.29671,0,0,-1.066525
30048,Serie_A,2025,2026-01-18 11:30:00,Parma Calcio 1913,Genoa,H,0.463872,1.07465,0,0,-0.610778
30054,Serie_A,2025,2026-01-25 14:00:00,Parma Calcio 1913,Atalanta,A,1.86533,5.01888,0,4,-3.15355
30070,Serie_A,2025,2026-02-01 19:45:00,Parma Calcio 1913,Juventus,H,0.598397,3.51941,1,4,-2.9210130000000003
30078,Serie_A,2025,2026-02-08 11:30:00,Parma Calcio 1913,Bologna,A,0.193041,1.64658,1,0,-1.453539
30090,Serie_A,2025,2026-02-15 14:00:00,Parma Calcio 1913,Verona,H,2.16714,0.856137,2,1,1.311003
30101,Serie_A,2025,2026-02-22 17:00:00,Parma Calcio 1913,AC Milan,A,0.760094,1.63438,1,0,-0.8742859999999999
30106,Serie_A,2025,2026-02-27 19:45:00,Parma Calcio 1913,Cagliari,H,1.31257,0.615799,1,1,0.696771
30117,Serie_A,2025,2026-03-08 14:00:00,Parma Calcio 1913,Fiorentina,A,0.253114,0.758473,0,0,-0.5053589999999999
30131,Serie_A,2025,2026-03-13 19:45:00,Parma Calcio 1913,Torino,A,0.579861,2.44316,1,4,-1.8632990000000003
30142,Serie_A,2025,2026-03-21 14:00:00,Parma Calcio 1913,Cremonese,H,0.287758,0.781807,0,2,-0.494049
30147,Serie_A,2025,2026-04-04 18:45:00,Parma Calcio 1913,Lazio,A,0.360563,0.269086,1,1,0.09147700000000003
30161,Serie_A,2025,2026-04-12 13:00:00,Parma Calcio 1913,Napoli,H,0.154689,1.31482,1,1,-1.160131
30171,Serie_A,2025,2026-04-18 13:00:00,Parma Calcio 1913,Udinese,A,1.39599,1.35108,1,0,0.044910000000000005
30181,Serie_A,2025,2026-04-25 13:00:00,Parma Calcio 1913,Pisa,H,1.31072,1.56392,1,0,-0.25319999999999987
30188,Serie_A,2025,2026-05-03 18:45:00,Parma Calcio 1913,Inter,A,0.452228,2.01571,0,2,-1.5634819999999998
30202,Serie_A,2025,2026-05-10 16:00:00,Parma Calcio 1913,Roma,H,0.636151,3.02085,2,3,-2.384699
30206,Serie_A,2025,2026-05-17 10:30:00,Parma Calcio 1913,Como,A,0.483046,2.72094,0,1,-2.2378940000000003
30221,Serie_A,2025,2026-05-24 13:00:00,Parma Calcio 1913,Sassuolo,H,1.51292,1.06783,1,0,0.44509
29850,Serie_A,2025,2025-08-24 18:45:00,Pisa,Atalanta,A,1.02901,2.04697,1,1,-1.01796
29858,Serie_A,2025,2025-08-30 18:45:00,Pisa,Roma,H,0.6627,0.953921,0,1,-0.29122100000000006
29868,Serie_A,2025,2025-09-14 13:00:00,Pisa,Udinese,H,1.27587,1.72902,0,1,-0.45314999999999994
29883,Serie_A,2025,2025-09-22 18:45:00,Pisa,Napoli,A,2.51985,1.18611,2,3,1.33374
29891,Serie_A,2025,2025-09-28 13:00:00,Pisa,Fiorentina,H,0.580471,0.840093,0,0,-0.259622
29895,Serie_A,2025,2025-10-05 13:00:00,Pisa,Bologna,A,0.0265067,3.69928,0,4,-3.6727733
29912,Serie_A,2025,2025-10-18 13:00:00,Pisa,Verona,H,0.572009,1.65491,0,0,-1.0829010000000001
29919,Serie_A,2025,2025-10-24 18:45:00,Pisa,AC Milan,A,1.22514,1.97232,2,2,-0.7471800000000002
29932,Serie_A,2025,2025-10-30 18:45:00,Pisa,Lazio,H,0.780185,0.657914,0,0,0.12227100000000002
29941,Serie_A,2025,2025-11-02 14:00:00,Pisa,Torino,A,1.90329,1.22388,2,2,0.6794099999999998
29952,Serie_A,2025,2025-11-07 19:45:00,Pisa,Cremonese,H,1.45109,1.23118,1,0,0.21991000000000005
29961,Serie_A,2025,2025-11-24 19:45:00,Pisa,Sassuolo,A,1.38602,2.21345,2,2,-0.8274299999999999
29972,Serie_A,2025,2025-11-30 14:00:00,Pisa,Inter,H,1.80715,2.04777,0,2,-0.24061999999999983
29979,Serie_A,2025,2025-12-08 14:00:00,Pisa,Parma Calcio 1913,H,1.56873,1.49837,0,1,0.07035999999999998
29988,Serie_A,2025,2025-12-12 19:45:00,Pisa,Lecce,A,0.303651,2.79987,0,1,-2.496219
29994,Serie_A,2025,2025-12-21 11:30:00,Pisa,Cagliari,A,2.02532,1.20171,2,2,0.8236099999999997
30009,Serie_A,2025,2025-12-27 19:45:00,Pisa,Juventus,H,0.64162,1.2875,0,2,-0.6458800000000001
30018,Serie_A,2025,2026-01-03 14:00:00,Pisa,Genoa,A,1.5538,0.569456,1,1,0.9843440000000001
30031,Serie_A,2025,2026-01-06 14:00:00,Pisa,Como,H,1.71183,2.10363,0,3,-0.3917999999999999
30042,Serie_A,2025,2026-01-10 14:00:00,Pisa,Udinese,A,1.42671,2.18018,2,2,-0.7534700000000001
30049,Serie_A,2025,2026-01-16 19:45:00,Pisa,Atalanta,H,1.63695,1.77359,1,1,-0.1366400000000001
30058,Serie_A,2025,2026-01-23 19:45:00,Pisa,Inter,A,0.453549,6.24369,2,6,-5.790141
30071,Serie_A,2025,2026-01-31 14:00:00,Pisa,Sassuolo,H,0.773575,2.20331,1,3,-1.429735
30074,Serie_A,2025,2026-02-06 19:45:00,Pisa,Verona,A,1.26143,0.0783843,0,0,1.1830457
30091,Serie_A,2025,2026-02-13 19:45:00,Pisa,AC Milan,H,0.937275,2.15769,1,2,-1.220415
30097,Serie_A,2025,2026-02-23 17:30:00,Pisa,Fiorentina,A,0.43212,1.77825,0,1,-1.34613
30107,Serie_A,2025,2026-03-02 17:30:00,Pisa,Bologna,H,0.743118,0.871649,0,1,-0.12853100000000006
30119,Serie_A,2025,2026-03-07 19:45:00,Pisa,Juventus,A,0.319971,3.16811,0,4,-2.8481389999999998
30129,Serie_A,2025,2026-03-15 14:00:00,Pisa,Cagliari,H,2.94287,1.52334,3,1,1.4195300000000002
30137,Serie_A,2025,2026-03-22 11:30:00,Pisa,Como,A,0.309722,1.8215,0,5,-1.5117779999999998
30150,Serie_A,2025,2026-04-05 16:00:00,Pisa,Torino,H,0.309366,1.72611,0,1,-1.416744
30162,Serie_A,2025,2026-04-10 18:45:00,Pisa,Roma,A,1.06318,1.45084,0,3,-0.3876599999999999
30168,Serie_A,2025,2026-04-19 16:00:00,Pisa,Genoa,H,1.00691,2.18534,1,2,-1.17843
30181,Serie_A,2025,2026-04-25 13:00:00,Pisa,Parma Calcio 1913,A,1.56392,1.31072,0,1,0.25319999999999987
30190,Serie_A,2025,2026-05-01 18:45:00,Pisa,Lecce,H,2.06716,1.35936,1,2,0.7078
30196,Serie_A,2025,2026-05-10 13:00:00,Pisa,Cremonese,A,0.0,1.26744,0,3,-1.26744
30210,Serie_A,2025,2026-05-17 10:30:00,Pisa,Napoli,H,0.721322,1.42016,0,3,-0.6988380000000001
30217,Serie_A,2025,2026-05-23 18:45:00,Pisa,Lazio,A,1.16758,1.02094,1,2,0.1466400000000001
27368,Serie_A,2024,2024-08-18 18:45:00,Roma,Cagliari,A,1.29639,1.30634,0,0,-0.009950000000000125
27379,Serie_A,2024,2024-08-25 18:45:00,Roma,Empoli,H,2.04246,3.0773,1,2,-1.03484
27390,Serie_A,2024,2024-09-01 18:45:00,Roma,Juventus,A,0.382591,0.415282,0,0,-0.03269099999999997
27394,Serie_A,2024,2024-09-15 10:30:00,Roma,Genoa,A,2.65805,1.59603,1,1,1.0620199999999997
27410,Serie_A,2024,2024-09-22 16:00:00,Roma,Udinese,H,2.5658,0.525078,3,0,2.0407219999999997
27420,Serie_A,2024,2024-09-29 13:00:00,Roma,Venezia,H,1.99001,2.02845,2,1,-0.03843999999999981
27425,Serie_A,2024,2024-10-06 16:00:00,Roma,Monza,A,1.47893,1.11968,1,1,0.35925000000000007
27441,Serie_A,2024,2024-10-20 18:45:00,Roma,Inter,H,0.78742,0.796917,0,1,-0.009496999999999978
27445,Serie_A,2024,2024-10-27 19:45:00,Roma,Fiorentina,A,0.657353,4.56893,1,5,-3.911577
27460,Serie_A,2024,2024-10-31 19:45:00,Roma,Torino,H,0.436341,0.189286,1,0,0.24705499999999997
27468,Serie_A,2024,2024-11-03 17:00:00,Roma,Verona,A,2.38413,1.51701,2,3,0.8671199999999999
27476,Serie_A,2024,2024-11-10 14:00:00,Roma,Bologna,H,1.06974,2.16772,2,3,-1.0979800000000002
27487,Serie_A,2024,2024-11-24 17:00:00,Roma,Napoli,A,0.592582,2.02389,0,1,-1.431308
27493,Serie_A,2024,2024-12-02 19:45:00,Roma,Atalanta,H,0.667881,1.76696,0,2,-1.0990790000000001
27510,Serie_A,2024,2024-12-07 19:45:00,Roma,Lecce,H,2.38077,0.826928,4,1,1.553842
27512,Serie_A,2024,2024-12-15 17:00:00,Roma,Como,A,0.650738,1.1153,0,2,-0.4645619999999999
27529,Serie_A,2024,2024-12-22 11:30:00,Roma,Parma Calcio 1913,H,5.55856,0.615694,5,0,4.942866
27538,Serie_A,2024,2024-12-29 19:45:00,Roma,AC Milan,A,1.61126,2.26348,1,1,-0.65222
27549,Serie_A,2024,2025-01-05 19:45:00,Roma,Lazio,H,1.23422,1.31957,2,0,-0.08534999999999981
27554,Serie_A,2024,2025-01-12 17:00:00,Roma,Bologna,A,1.58872,2.28949,2,2,-0.7007699999999999
27570,Serie_A,2024,2025-01-17 19:45:00,Roma,Genoa,H,1.79725,0.494153,3,1,1.303097
27579,Serie_A,2024,2025-01-26 14:00:00,Roma,Udinese,A,2.6168,0.805147,2,1,1.8116530000000002
27591,Serie_A,2024,2025-02-02 19:45:00,Roma,Napoli,H,0.364702,0.384749,1,1,-0.02004699999999998
27600,Serie_A,2024,2025-02-09 17:00:00,Roma,Venezia,A,2.14236,0.905188,1,0,1.2371720000000002
27606,Serie_A,2024,2025-02-16 17:00:00,Roma,Parma Calcio 1913,A,1.41178,0.293477,1,0,1.118303
27617,Serie_A,2024,2025-02-24 19:45:00,Roma,Monza,H,2.16209,0.332233,4,0,1.829857
27630,Serie_A,2024,2025-03-02 17:00:00,Roma,Como,H,1.59518,1.29634,2,1,0.29884
27634,Serie_A,2024,2025-03-09 17:00:00,Roma,Empoli,A,2.99912,0.0771894,1,0,2.9219306
27648,Serie_A,2024,2025-03-16 15:00:00,Roma,Cagliari,H,1.61105,1.10046,1,0,0.5105900000000001
27657,Serie_A,2024,2025-03-29 19:45:00,Roma,Lecce,A,1.90759,0.694403,1,0,1.213187
27662,Serie_A,2024,2025-04-06 18:45:00,Roma,Juventus,H,1.37162,0.994645,1,1,0.37697500000000006
27679,Serie_A,2024,2025-04-13 18:45:00,Roma,Lazio,A,0.221733,1.92122,1,1,-1.699487
27690,Serie_A,2024,2025-04-19 18:45:00,Roma,Verona,H,1.24696,0.330349,1,0,0.9166110000000001
27697,Serie_A,2024,2025-04-27 13:00:00,Roma,Inter,A,2.79826,1.10299,1,0,1.69527
27710,Serie_A,2024,2025-05-04 16:00:00,Roma,Fiorentina,H,1.00134,0.760529,1,0,0.2408109999999999
27712,Serie_A,2024,2025-05-12 18:45:00,Roma,Atalanta,A,0.572288,2.87542,1,2,-2.303132
27730,Serie_A,2024,2025-05-18 18:45:00,Roma,AC Milan,H,1.57656,1.78592,3,1,-0.20936
27740,Serie_A,2024,2025-05-25 18:45:00,Roma,Torino,A,2.64436,0.381059,2,0,2.263301
29847,Serie_A,2025,2025-08-23 18:45:00,Roma,Bologna,H,1.47691,0.443508,1,0,1.033402
29858,Serie_A,2025,2025-08-30 18:45:00,Roma,Pisa,A,0.953921,0.6627,1,0,0.29122100000000006
29867,Serie_A,2025,2025-09-14 10:30:00,Roma,Torino,H,1.02943,0.805089,0,1,0.224341
29881,Serie_A,2025,2025-09-21 10:30:00,Roma,Lazio,A,1.22639,0.666967,1,0,0.5594230000000001
29892,Serie_A,2025,2025-09-28 13:00:00,Roma,Verona,H,1.30542,1.35351,2,0,-0.048089999999999966
29896,Serie_A,2025,2025-10-05 13:00:00,Roma,Fiorentina,A,1.22512,1.11719,2,1,0.10793000000000008
29913,Serie_A,2025,2025-10-18 18:45:00,Roma,Inter,H,2.1538,0.96386,0,1,1.18994
29922,Serie_A,2025,2025-10-26 13:00:00,Roma,Sassuolo,A,2.25968,0.949353,1,0,1.310327
29933,Serie_A,2025,2025-10-29 16:30:00,Roma,Parma Calcio 1913,H,1.15685,1.17796,2,1,-0.021109999999999962
29937,Serie_A,2025,2025-11-02 19:45:00,Roma,AC Milan,A,1.95443,3.76419,0,1,-1.8097600000000003
29953,Serie_A,2025,2025-11-09 17:00:00,Roma,Udinese,H,1.75728,0.928685,2,0,0.828595
29956,Serie_A,2025,2025-11-23 14:00:00,Roma,Cremonese,A,1.73178,1.25617,3,1,0.4756100000000001
29973,Serie_A,2025,2025-11-30 19:45:00,Roma,Napoli,H,0.611755,1.33114,0,1,-0.7193849999999999
29974,Serie_A,2025,2025-12-07 14:00:00,Roma,Cagliari,A,0.451691,1.40358,0,1,-0.951889
29991,Serie_A,2025,2025-12-15 19:45:00,Roma,Como,H,1.65562,0.635872,1,0,1.019748
29999,Serie_A,2025,2025-12-20 19:45:00,Roma,Juventus,A,1.28421,3.09592,1,2,-1.81171
30010,Serie_A,2025,2025-12-29 19:45:00,Roma,Genoa,H,1.86118,0.510864,3,1,1.350316
30014,Serie_A,2025,2026-01-03 19:45:00,Roma,Atalanta,A,1.01018,2.73637,0,1,-1.72619
30027,Serie_A,2025,2026-01-06 17:00:00,Roma,Lecce,A,1.89163,0.604725,2,0,1.286905
30041,Serie_A,2025,2026-01-10 17:00:00,Roma,Sassuolo,H,2.95843,0.858537,2,0,2.099893
30050,Serie_A,2025,2026-01-18 17:00:00,Roma,Torino,A,2.02736,0.394429,2,0,1.632931
30061,Serie_A,2025,2026-01-25 19:45:00,Roma,AC Milan,H,2.13573,0.583212,1,1,1.552518
30073,Serie_A,2025,2026-02-02 19:45:00,Roma,Udinese,A,0.668752,0.642594,0,1,0.026158000000000015
30076,Serie_A,2025,2026-02-09 19:45:00,Roma,Cagliari,H,2.20426,0.613133,2,0,1.5911270000000002
30089,Serie_A,2025,2026-02-15 19:45:00,Roma,Napoli,A,1.95442,0.5247,2,2,1.42972
30102,Serie_A,2025,2026-02-22 19:45:00,Roma,Cremonese,H,2.58194,0.280739,3,0,2.301201
30108,Serie_A,2025,2026-03-01 19:45:00,Roma,Juventus,H,2.33059,1.8583,3,3,0.4722899999999999
30118,Serie_A,2025,2026-03-08 17:00:00,Roma,Genoa,A,0.282645,2.55911,1,2,-2.276465
30124,Serie_A,2025,2026-03-15 17:00:00,Roma,Como,A,0.899976,2.46908,1,2,-1.5691039999999998
30143,Serie_A,2025,2026-03-22 17:00:00,Roma,Lecce,H,1.09359,0.807003,1,0,0.28658700000000004
30145,Serie_A,2025,2026-04-05 18:45:00,Roma,Inter,A,0.939981,2.25441,2,5,-1.314429
30162,Serie_A,2025,2026-04-10 18:45:00,Roma,Pisa,H,1.45084,1.06318,3,0,0.3876599999999999
30169,Serie_A,2025,2026-04-18 18:45:00,Roma,Atalanta,H,1.70941,0.660238,1,1,1.049172
30174,Serie_A,2025,2026-04-25 16:00:00,Roma,Bologna,A,1.65629,0.479083,2,0,1.1772070000000001
30191,Serie_A,2025,2026-05-04 18:45:00,Roma,Fiorentina,H,2.84317,0.132194,4,0,2.710976
30202,Serie_A,2025,2026-05-10 16:00:00,Roma,Parma Calcio 1913,A,3.02085,0.636151,3,2,2.384699
30211,Serie_A,2025,2026-05-17 10:30:00,Roma,Lazio,H,1.31805,0.766648,2,0,0.551402
30223,Serie_A,2025,2026-05-24 18:45:00,Roma,Verona,A,3.55506,0.597669,2,0,2.9573910000000003
29845,Serie_A,2025,2025-08-23 16:30:00,Sassuolo,Napoli,H,0.298477,1.55456,0,2,-1.2560829999999998
29854,Serie_A,2025,2025-08-29 16:30:00,Sassuolo,Cremonese,A,1.32978,3.52949,2,3,-2.19971
29870,Serie_A,2025,2025-09-14 16:00:00,Sassuolo,Lazio,H,1.2156,0.858246,1,0,0.35735400000000006
29880,Serie_A,2025,2025-09-21 18:45:00,Sassuolo,Inter,A,0.850824,3.12186,1,2,-2.2710359999999996
29893,Serie_A,2025,2025-09-28 10:30:00,Sassuolo,Udinese,H,2.31332,1.19344,3,1,1.11988
29903,Serie_A,2025,2025-10-03 18:45:00,Sassuolo,Verona,A,1.5058,0.810981,1,0,0.6948190000000001
29910,Serie_A,2025,2025-10-18 13:00:00,Sassuolo,Lecce,A,0.77146,0.66998,0,0,0.10148000000000001
29922,Serie_A,2025,2025-10-26 13:00:00,Sassuolo,Roma,H,0.949353,2.25968,0,1,-1.310327
29926,Serie_A,2025,2025-10-30 16:30:00,Sassuolo,Cagliari,A,0.937652,0.845219,2,1,0.09243299999999999
29940,Serie_A,2025,2025-11-03 17:30:00,Sassuolo,Genoa,H,1.31641,1.83271,1,2,-0.5163
29944,Serie_A,2025,2025-11-09 11:30:00,Sassuolo,Atalanta,A,2.20132,0.707859,3,0,1.493461
29961,Serie_A,2025,2025-11-24 19:45:00,Sassuolo,Pisa,H,2.21345,1.38602,2,2,0.8274299999999999
29966,Serie_A,2025,2025-11-28 19:45:00,Sassuolo,Como,A,1.12902,1.73426,0,2,-0.60524
29980,Serie_A,2025,2025-12-06 14:00:00,Sassuolo,Fiorentina,H,1.64053,1.20662,3,1,0.43391
29989,Serie_A,2025,2025-12-14 11:30:00,Sassuolo,AC Milan,A,1.02843,1.83346,2,2,-0.8050300000000001
30002,Serie_A,2025,2025-12-21 14:00:00,Sassuolo,Torino,H,0.580849,2.00002,0,1,-1.4191710000000002
30004,Serie_A,2025,2025-12-28 17:00:00,Sassuolo,Bologna,A,1.52306,0.937045,1,1,0.5860150000000001
30022,Serie_A,2025,2026-01-03 14:00:00,Sassuolo,Parma Calcio 1913,H,1.0095,1.18268,1,1,-0.1731799999999999
30032,Serie_A,2025,2026-01-06 19:45:00,Sassuolo,Juventus,H,0.203716,2.90778,0,3,-2.704064
30041,Serie_A,2025,2026-01-10 17:00:00,Sassuolo,Roma,A,0.858537,2.95843,0,2,-2.099893
30047,Serie_A,2025,2026-01-17 17:00:00,Sassuolo,Napoli,A,1.12352,0.605235,0,1,0.5182850000000001
30062,Serie_A,2025,2026-01-25 11:30:00,Sassuolo,Cremonese,H,1.3787,0.845543,1,0,0.533157
30071,Serie_A,2025,2026-01-31 14:00:00,Sassuolo,Pisa,A,2.20331,0.773575,3,1,1.429735
30075,Serie_A,2025,2026-02-08 17:00:00,Sassuolo,Inter,H,0.721597,2.75112,0,5,-2.0295229999999997
30093,Serie_A,2025,2026-02-15 11:30:00,Sassuolo,Udinese,A,1.24711,0.491201,2,1,0.7559089999999999
30103,Serie_A,2025,2026-02-20 19:45:00,Sassuolo,Verona,H,1.58706,0.615652,3,0,0.9714079999999999
30112,Serie_A,2025,2026-03-01 14:00:00,Sassuolo,Atalanta,H,1.81132,3.74717,2,1,-1.93585
30120,Serie_A,2025,2026-03-09 19:45:00,Sassuolo,Lazio,A,0.453204,2.4868,1,2,-2.033596
30130,Serie_A,2025,2026-03-15 14:00:00,Sassuolo,Bologna,H,0.427053,0.731025,0,1,-0.303972
30140,Serie_A,2025,2026-03-21 19:45:00,Sassuolo,Juventus,A,0.845538,2.25457,1,1,-1.4090320000000003
30151,Serie_A,2025,2026-04-04 13:00:00,Sassuolo,Cagliari,H,0.48336,1.90118,2,1,-1.41782
30159,Serie_A,2025,2026-04-12 10:30:00,Sassuolo,Genoa,A,1.39642,1.39271,1,2,0.003710000000000102
30170,Serie_A,2025,2026-04-17 16:30:00,Sassuolo,Como,H,1.3509,0.588985,2,1,0.761915
30176,Serie_A,2025,2026-04-26 10:30:00,Sassuolo,Fiorentina,A,0.597621,2.19011,0,0,-1.5924889999999998
30192,Serie_A,2025,2026-05-03 13:00:00,Sassuolo,AC Milan,H,2.23502,0.288558,2,0,1.946462
30203,Serie_A,2025,2026-05-08 18:45:00,Sassuolo,Torino,A,2.17042,3.06714,1,2,-0.8967200000000002
30212,Serie_A,2025,2026-05-17 18:45:00,Sassuolo,Lecce,H,3.04719,1.29547,2,3,1.7517200000000002
30221,Serie_A,2025,2026-05-24 13:00:00,Sassuolo,Parma Calcio 1913,A,1.06783,1.51292,0,1,-0.44509
27365,Serie_A,2024,2024-08-17 18:45:00,Torino,AC Milan,A,0.876602,2.1004,2,2,-1.223798
27377,Serie_A,2024,2024-08-25 16:30:00,Torino,Atalanta,H,2.49919,3.08667,2,1,-0.5874799999999998
27382,Serie_A,2024,2024-08-30 16:30:00,Torino,Venezia,A,1.80895,0.635612,1,0,1.1733380000000002
27401,Serie_A,2024,2024-09-15 13:00:00,Torino,Lecce,H,0.447368,1.6617,0,0,-1.214332
27405,Serie_A,2024,2024-09-20 18:45:00,Torino,Verona,A,1.96682,0.777792,3,2,1.189028
27421,Serie_A,2024,2024-09-29 10:30:00,Torino,Lazio,H,0.494815,2.24735,2,3,-1.752535
27428,Serie_A,2024,2024-10-05 18:45:00,Torino,Inter,A,1.29026,3.44641,2,3,-2.1561500000000002
27432,Serie_A,2024,2024-10-20 16:00:00,Torino,Cagliari,A,1.23394,1.51181,2,3,-0.27787000000000006
27450,Serie_A,2024,2024-10-25 18:30:00,Torino,Como,H,1.56007,1.59554,1,0,-0.03546999999999989
27460,Serie_A,2024,2024-10-31 19:45:00,Torino,Roma,A,0.189286,0.436341,0,1,-0.24705499999999997
27470,Serie_A,2024,2024-11-03 14:00:00,Torino,Fiorentina,H,0.590362,0.523302,0,1,0.06706000000000001
27480,Serie_A,2024,2024-11-09 19:45:00,Torino,Juventus,A,0.273931,1.57325,0,2,-1.2993190000000001
27488,Serie_A,2024,2024-11-24 14:00:00,Torino,Monza,H,1.45433,0.916564,1,1,0.5377659999999999
27500,Serie_A,2024,2024-12-01 14:00:00,Torino,Napoli,H,0.442989,1.64196,0,1,-1.198971
27505,Serie_A,2024,2024-12-07 14:00:00,Torino,Genoa,A,0.70601,0.327249,0,0,0.378761
27513,Serie_A,2024,2024-12-13 19:45:00,Torino,Empoli,A,1.36089,0.953691,1,0,0.407199
27527,Serie_A,2024,2024-12-21 14:00:00,Torino,Bologna,H,0.270606,1.79816,0,2,-1.5275539999999999
27541,Serie_A,2024,2024-12-29 11:30:00,Torino,Udinese,A,0.603591,1.23954,2,2,-0.6359490000000001
27550,Serie_A,2024,2025-01-05 17:00:00,Torino,Parma Calcio 1913,H,1.0858,0.321586,0,0,0.7642140000000002
27555,Serie_A,2024,2025-01-11 17:00:00,Torino,Juventus,H,0.411274,0.94701,1,1,-0.535736
27565,Serie_A,2024,2025-01-19 11:30:00,Torino,Fiorentina,A,0.540016,1.81758,1,1,-1.277564
27578,Serie_A,2024,2025-01-24 19:45:00,Torino,Cagliari,H,2.23206,0.270772,2,0,1.9612880000000001
27584,Serie_A,2024,2025-02-01 17:00:00,Torino,Atalanta,A,0.629596,3.35128,1,1,-2.7216839999999998
27599,Serie_A,2024,2025-02-08 17:00:00,Torino,Genoa,H,0.647236,0.308682,1,1,0.338554
27602,Serie_A,2024,2025-02-14 19:45:00,Torino,Bologna,A,1.64846,3.46262,2,3,-1.8141599999999998
27618,Serie_A,2024,2025-02-22 17:00:00,Torino,AC Milan,H,0.556583,2.18445,2,1,-1.627867
27628,Serie_A,2024,2025-03-02 11:30:00,Torino,Monza,A,1.43219,0.582104,2,0,0.8500860000000001
27641,Serie_A,2024,2025-03-08 14:00:00,Torino,Parma Calcio 1913,A,0.72136,1.48743,2,2,-0.76607
27649,Serie_A,2024,2025-03-15 19:45:00,Torino,Empoli,H,0.701071,1.73375,1,0,-1.032679
27656,Serie_A,2024,2025-03-31 19:45:00,Torino,Lazio,A,0.632735,1.93778,1,1,-1.305045
27671,Serie_A,2024,2025-04-06 13:00:00,Torino,Verona,H,0.963942,1.32441,1,1,-0.3604680000000001
27675,Serie_A,2024,2025-04-13 16:00:00,Torino,Como,A,1.04165,1.23079,0,1,-0.18914000000000009
27691,Serie_A,2024,2025-04-23 16:30:00,Torino,Udinese,H,0.949162,0.949917,2,0,-0.0007550000000000612
27699,Serie_A,2024,2025-04-27 18:45:00,Torino,Napoli,A,0.660531,1.23274,0,2,-0.572209
27711,Serie_A,2024,2025-05-02 18:45:00,Torino,Venezia,H,1.74541,1.07484,1,1,0.6705699999999999
27719,Serie_A,2024,2025-05-11 16:00:00,Torino,Inter,H,1.76692,2.48918,0,2,-0.7222600000000001
27727,Serie_A,2024,2025-05-18 18:45:00,Torino,Lecce,A,0.476384,0.970765,0,1,-0.494381
27740,Serie_A,2024,2025-05-25 18:45:00,Torino,Roma,H,0.381059,2.64436,0,2,-2.263301
29853,Serie_A,2025,2025-08-25 18:45:00,Torino,Inter,A,0.816232,2.60956,0,5,-1.7933280000000003
29861,Serie_A,2025,2025-08-31 16:30:00,Torino,Fiorentina,H,1.05012,1.18859,0,0,-0.1384700000000001
29867,Serie_A,2025,2025-09-14 10:30:00,Torino,Roma,A,0.805089,1.02943,1,0,-0.224341
29874,Serie_A,2025,2025-09-21 13:00:00,Torino,Atalanta,H,1.31336,1.67723,0,3,-0.3638699999999999
29890,Serie_A,2025,2025-09-29 16:30:00,Torino,Parma Calcio 1913,A,0.660829,1.44462,1,2,-0.783791
29899,Serie_A,2025,2025-10-04 13:00:00,Torino,Lazio,A,2.18108,1.45075,3,3,0.7303300000000001
29906,Serie_A,2025,2025-10-18 16:00:00,Torino,Napoli,H,1.90815,1.71911,1,0,0.1890400000000001
29923,Serie_A,2025,2025-10-26 10:30:00,Torino,Genoa,H,1.8196,1.9796,2,1,-0.15999999999999992
29925,Serie_A,2025,2025-10-29 18:45:00,Torino,Bologna,A,0.797473,0.3322,0,0,0.465273
29941,Serie_A,2025,2025-11-02 14:00:00,Torino,Pisa,H,1.22388,1.90329,2,2,-0.6794099999999998
29949,Serie_A,2025,2025-11-08 17:00:00,Torino,Juventus,A,0.405589,1.93707,0,0,-1.531481
29962,Serie_A,2025,2025-11-24 17:30:00,Torino,Como,H,1.42986,3.37909,1,5,-1.9492300000000002
29969,Serie_A,2025,2025-11-30 11:30:00,Torino,Lecce,A,2.0632,0.948606,1,2,1.1145940000000003
29981,Serie_A,2025,2025-12-08 19:45:00,Torino,AC Milan,H,1.01008,2.10495,2,3,-1.09487
29992,Serie_A,2025,2025-12-13 14:00:00,Torino,Cremonese,H,1.94598,0.700243,1,0,1.245737
30002,Serie_A,2025,2025-12-21 14:00:00,Torino,Sassuolo,A,2.00002,0.580849,1,0,1.4191710000000002
30011,Serie_A,2025,2025-12-27 14:00:00,Torino,Cagliari,H,2.4609,0.994774,1,2,1.466126
30023,Serie_A,2025,2026-01-04 17:00:00,Torino,Verona,A,1.70287,0.260564,3,0,1.442306
30033,Serie_A,2025,2026-01-07 19:45:00,Torino,Udinese,H,1.67388,2.31786,1,2,-0.64398
30034,Serie_A,2025,2026-01-10 19:45:00,Torino,Atalanta,A,0.945872,2.55106,0,2,-1.605188
30050,Serie_A,2025,2026-01-18 17:00:00,Torino,Roma,H,0.394429,2.02736,0,2,-1.632931
30055,Serie_A,2025,2026-01-24 14:00:00,Torino,Como,A,0.327418,3.15343,0,6,-2.8260120000000004
30072,Serie_A,2025,2026-02-01 11:30:00,Torino,Lecce,H,2.48263,0.468464,1,0,2.014166
30079,Serie_A,2025,2026-02-07 19:45:00,Torino,Fiorentina,A,1.0134,1.27203,2,2,-0.2586299999999999
30092,Serie_A,2025,2026-02-15 17:00:00,Torino,Bologna,H,0.394436,1.71228,1,2,-1.317844
30098,Serie_A,2025,2026-02-22 11:30:00,Torino,Genoa,A,0.530703,2.06306,0,3,-1.5323570000000002
30111,Serie_A,2025,2026-03-01 17:00:00,Torino,Lazio,H,1.06085,1.05867,2,0,0.0021800000000000708
30114,Serie_A,2025,2026-03-06 19:45:00,Torino,Napoli,A,0.693368,2.32007,1,2,-1.6267019999999999
30131,Serie_A,2025,2026-03-13 19:45:00,Torino,Parma Calcio 1913,H,2.44316,0.579861,4,1,1.8632990000000003
30141,Serie_A,2025,2026-03-21 17:00:00,Torino,AC Milan,A,2.37211,1.44337,2,3,0.9287400000000001
30150,Serie_A,2025,2026-04-05 16:00:00,Torino,Pisa,A,1.72611,0.309366,1,0,1.416744
30163,Serie_A,2025,2026-04-11 13:00:00,Torino,Verona,H,1.1485,1.67554,2,1,-0.52704
30173,Serie_A,2025,2026-04-19 10:30:00,Torino,Cremonese,A,0.159021,0.88749,0,0,-0.728469
30182,Serie_A,2025,2026-04-26 16:00:00,Torino,Inter,H,2.42774,1.64792,2,2,0.77982
30193,Serie_A,2025,2026-05-02 13:00:00,Torino,Udinese,A,0.812913,2.16904,0,2,-1.3561269999999999
30203,Serie_A,2025,2026-05-08 18:45:00,Torino,Sassuolo,H,3.06714,2.17042,2,1,0.8967200000000002
30205,Serie_A,2025,2026-05-17 18:45:00,Torino,Cagliari,A,1.33301,1.75883,1,2,-0.42581999999999987
30222,Serie_A,2025,2026-05-24 18:45:00,Torino,Juventus,H,0.950066,2.53427,2,2,-1.5842039999999997
27367,Serie_A,2024,2024-08-18 16:30:00,Udinese,Bologna,A,0.944621,3.3102,1,1,-2.365579
27373,Serie_A,2024,2024-08-24 16:30:00,Udinese,Lazio,H,1.11581,1.68277,2,1,-0.5669600000000001
27391,Serie_A,2024,2024-09-01 18:45:00,Udinese,Como,H,1.18455,1.65728,1,0,-0.4727300000000001
27400,Serie_A,2024,2024-09-16 16:30:00,Udinese,Parma Calcio 1913,A,3.08828,0.87968,3,2,2.2086
27410,Serie_A,2024,2024-09-22 16:00:00,Udinese,Roma,A,0.525078,2.5658,0,3,-2.0407219999999997
27413,Serie_A,2024,2024-09-28 13:00:00,Udinese,Inter,H,0.984798,2.30465,2,3,-1.319852
27431,Serie_A,2024,2024-10-05 13:00:00,Udinese,Lecce,H,1.56312,0.645952,1,0,0.9171680000000001
27440,Serie_A,2024,2024-10-19 16:00:00,Udinese,AC Milan,A,0.522785,1.20398,0,1,-0.681195
27451,Serie_A,2024,2024-10-25 16:30:00,Udinese,Cagliari,H,1.12881,0.160634,2,0,0.9681760000000001
27461,Serie_A,2024,2024-10-30 17:30:00,Udinese,Venezia,A,1.30701,2.55368,2,3,-1.24667
27466,Serie_A,2024,2024-11-02 17:00:00,Udinese,Juventus,H,0.573076,1.55533,0,2,-0.9822540000000001
27481,Serie_A,2024,2024-11-10 11:30:00,Udinese,Atalanta,A,0.90914,1.60488,1,2,-0.6957400000000001
27483,Serie_A,2024,2024-11-25 17:00:00,Udinese,Empoli,A,1.09285,0.166889,1,1,0.925961
27501,Serie_A,2024,2024-12-01 11:30:00,Udinese,Genoa,H,0.156386,1.7171,0,2,-1.5607140000000002
27508,Serie_A,2024,2024-12-09 19:45:00,Udinese,Monza,A,1.40496,1.92222,2,1,-0.51726
27521,Serie_A,2024,2024-12-14 17:00:00,Udinese,Napoli,H,1.48544,1.96425,1,3,-0.47880999999999996
27523,Serie_A,2024,2024-12-23 17:30:00,Udinese,Fiorentina,A,0.858846,1.55716,2,1,-0.6983140000000001
27541,Serie_A,2024,2024-12-29 11:30:00,Udinese,Torino,H,1.23954,0.603591,2,2,0.6359490000000001
27545,Serie_A,2024,2025-01-04 19:45:00,Udinese,Verona,A,0.655965,0.745287,0,0,-0.08932200000000001
27561,Serie_A,2024,2025-01-11 14:00:00,Udinese,Atalanta,H,2.05217,0.233045,0,0,1.8191249999999999
27564,Serie_A,2024,2025-01-20 19:45:00,Udinese,Como,A,0.847427,1.81904,1,4,-0.971613
27579,Serie_A,2024,2025-01-26 14:00:00,Udinese,Roma,H,0.805147,2.6168,1,2,-1.8116530000000002
27583,Serie_A,2024,2025-02-01 14:00:00,Udinese,Venezia,H,0.940092,1.36255,3,2,-0.4224579999999999
27598,Serie_A,2024,2025-02-09 19:45:00,Udinese,Napoli,A,1.28733,2.07882,1,1,-0.7914899999999998
27604,Serie_A,2024,2025-02-16 14:00:00,Udinese,Empoli,H,2.90516,2.47474,3,0,0.4304199999999998
27615,Serie_A,2024,2025-02-21 19:45:00,Udinese,Lecce,A,1.52436,0.484479,1,0,1.0398809999999998
27631,Serie_A,2024,2025-03-01 19:45:00,Udinese,Parma Calcio 1913,H,2.0589,0.617812,1,0,1.441088
27638,Serie_A,2024,2025-03-10 19:45:00,Udinese,Lazio,A,1.23859,1.01458,1,1,0.22401000000000004
27650,Serie_A,2024,2025-03-15 14:00:00,Udinese,Verona,H,0.318009,0.542985,0,1,-0.22497600000000006
27655,Serie_A,2024,2025-03-30 17:00:00,Udinese,Inter,A,1.3398,2.33787,1,2,-0.99807
27667,Serie_A,2024,2025-04-04 18:45:00,Udinese,Genoa,A,1.11114,1.65486,0,1,-0.54372
27681,Serie_A,2024,2025-04-11 18:45:00,Udinese,AC Milan,H,0.644579,2.49634,0,4,-1.851761
27691,Serie_A,2024,2025-04-23 16:30:00,Udinese,Torino,A,0.949917,0.949162,0,2,0.0007550000000000612
27700,Serie_A,2024,2025-04-28 16:30:00,Udinese,Bologna,H,0.387188,1.17741,0,0,-0.7902220000000001
27703,Serie_A,2024,2025-05-03 13:00:00,Udinese,Cagliari,A,1.92066,0.954534,2,1,0.966126
27720,Serie_A,2024,2025-05-11 10:30:00,Udinese,Monza,H,1.45767,1.63169,1,2,-0.17402000000000006
27731,Serie_A,2024,2025-05-18 18:45:00,Udinese,Juventus,A,0.358909,2.61362,0,2,-2.254711
27741,Serie_A,2024,2025-05-25 18:45:00,Udinese,Fiorentina,H,1.61711,3.06465,2,3,-1.4475399999999998
29852,Serie_A,2025,2025-08-25 16:30:00,Udinese,Verona,H,1.05058,0.799203,1,1,0.2513770000000001
29862,Serie_A,2025,2025-08-31 18:45:00,Udinese,Inter,A,1.20014,1.67172,2,1,-0.4715800000000001
29868,Serie_A,2025,2025-09-14 13:00:00,Udinese,Pisa,A,1.72902,1.27587,1,0,0.45314999999999994
29875,Serie_A,2025,2025-09-20 18:45:00,Udinese,AC Milan,H,0.298364,1.70251,0,3,-1.404146
29893,Serie_A,2025,2025-09-28 10:30:00,Udinese,Sassuolo,A,1.19344,2.31332,1,3,-1.11988
29902,Serie_A,2025,2025-10-05 10:30:00,Udinese,Cagliari,H,2.98545,0.789093,1,1,2.196357
29908,Serie_A,2025,2025-10-20 18:45:00,Udinese,Cremonese,A,0.962572,1.22876,1,1,-0.2661880000000001
29914,Serie_A,2025,2025-10-25 13:00:00,Udinese,Lecce,H,1.51576,0.373551,3,2,1.142209
29930,Serie_A,2025,2025-10-29 16:30:00,Udinese,Juventus,A,0.604108,3.30641,1,3,-2.702302
29942,Serie_A,2025,2025-11-01 14:00:00,Udinese,Atalanta,H,0.707338,0.270197,1,0,0.437141
29953,Serie_A,2025,2025-11-09 17:00:00,Udinese,Roma,A,0.928685,1.75728,0,2,-0.828595
29963,Serie_A,2025,2025-11-22 14:00:00,Udinese,Bologna,H,1.88758,2.88287,0,3,-0.99529
29971,Serie_A,2025,2025-11-29 14:00:00,Udinese,Parma Calcio 1913,A,1.87351,1.03649,2,0,0.8370200000000001
29982,Serie_A,2025,2025-12-08 17:00:00,Udinese,Genoa,H,1.49196,1.5362,1,2,-0.04424000000000006
29993,Serie_A,2025,2025-12-14 14:00:00,Udinese,Napoli,H,1.84146,0.931427,1,0,0.9100330000000001
29996,Serie_A,2025,2025-12-21 17:00:00,Udinese,Fiorentina,A,0.794951,3.24808,1,5,-2.4531289999999997
30012,Serie_A,2025,2025-12-27 17:00:00,Udinese,Lazio,H,0.806561,0.848022,1,1,-0.04146100000000008
30016,Serie_A,2025,2026-01-03 11:30:00,Udinese,Como,A,0.245,2.38351,0,1,-2.1385099999999997
30033,Serie_A,2025,2026-01-07 19:45:00,Udinese,Torino,A,2.31786,1.67388,2,1,0.64398
30042,Serie_A,2025,2026-01-10 14:00:00,Udinese,Pisa,H,2.18018,1.42671,2,2,0.7534700000000001
30051,Serie_A,2025,2026-01-17 14:00:00,Udinese,Inter,H,0.130821,2.17475,0,1,-2.043929
30063,Serie_A,2025,2026-01-26 19:45:00,Udinese,Verona,A,1.93652,0.573784,3,1,1.362736
30073,Serie_A,2025,2026-02-02 19:45:00,Udinese,Roma,H,0.642594,0.668752,1,0,-0.026158000000000015
30082,Serie_A,2025,2026-02-08 14:00:00,Udinese,Lecce,A,0.895031,2.18624,1,2,-1.2912090000000003
30093,Serie_A,2025,2026-02-15 11:30:00,Udinese,Sassuolo,H,0.491201,1.24711,1,2,-0.7559089999999999
30095,Serie_A,2025,2026-02-23 19:45:00,Udinese,Bologna,A,0.530625,1.44714,0,1,-0.9165150000000001
30110,Serie_A,2025,2026-03-02 19:45:00,Udinese,Fiorentina,H,2.0239,0.585387,3,0,1.438513
30115,Serie_A,2025,2026-03-07 17:00:00,Udinese,Atalanta,A,0.860054,1.99854,2,2,-1.1384859999999999
30132,Serie_A,2025,2026-03-14 19:45:00,Udinese,Juventus,H,0.741965,3.18734,0,1,-2.445375
30139,Serie_A,2025,2026-03-20 19:45:00,Udinese,Genoa,A,0.86584,1.30328,2,0,-0.43743999999999994
30152,Serie_A,2025,2026-04-06 10:30:00,Udinese,Como,H,1.06665,0.786392,0,0,0.2802580000000001
30160,Serie_A,2025,2026-04-11 16:00:00,Udinese,AC Milan,A,1.566,1.62737,3,0,-0.061369999999999925
30171,Serie_A,2025,2026-04-18 13:00:00,Udinese,Parma Calcio 1913,H,1.35108,1.39599,0,1,-0.044910000000000005
30178,Serie_A,2025,2026-04-27 18:45:00,Udinese,Lazio,A,2.30714,1.77483,3,3,0.5323100000000001
30193,Serie_A,2025,2026-05-02 13:00:00,Udinese,Torino,H,2.16904,0.812913,2,0,1.3561269999999999
30195,Serie_A,2025,2026-05-09 13:00:00,Udinese,Cagliari,A,2.30592,1.56516,2,0,0.7407599999999999
30213,Serie_A,2025,2026-05-17 18:45:00,Udinese,Cremonese,H,0.270585,0.671214,0,1,-0.40062899999999996
30220,Serie_A,2025,2026-05-24 16:00:00,Udinese,Napoli,A,0.517372,1.55853,0,1,-1.0411579999999998
27369,Serie_A,2024,2024-08-18 18:45:00,Venezia,Lazio,A,0.789649,2.33223,1,3,-1.542581
27376,Serie_A,2024,2024-08-25 16:30:00,Venezia,Fiorentina,A,1.01295,0.660213,0,0,0.35273699999999997
27382,Serie_A,2024,2024-08-30 16:30:00,Venezia,Torino,H,0.635612,1.80895,0,1,-1.1733380000000002
27398,Serie_A,2024,2024-09-14 18:45:00,Venezia,AC Milan,A,0.263269,2.18898,0,4,-1.925711
27411,Serie_A,2024,2024-09-21 13:00:00,Venezia,Genoa,H,2.33503,0.388857,2,0,1.9461730000000002
27420,Serie_A,2024,2024-09-29 13:00:00,Venezia,Roma,A,2.02845,1.99001,1,2,0.03843999999999981
27427,Serie_A,2024,2024-10-04 18:45:00,Venezia,Verona,A,1.43755,2.10738,1,2,-0.6698299999999999
27433,Serie_A,2024,2024-10-20 13:00:00,Venezia,Atalanta,H,0.881872,1.83371,0,2,-0.951838
27446,Serie_A,2024,2024-10-27 14:00:00,Venezia,Monza,A,0.459902,0.903007,2,2,-0.443105
27461,Serie_A,2024,2024-10-30 17:30:00,Venezia,Udinese,H,2.55368,1.30701,3,2,1.24667
27463,Serie_A,2024,2024-11-03 19:45:00,Venezia,Inter,A,1.14021,3.34539,0,1,-2.2051800000000004
27477,Serie_A,2024,2024-11-09 14:00:00,Venezia,Parma Calcio 1913,H,1.29642,0.945022,1,2,0.3513979999999999
27489,Serie_A,2024,2024-11-25 19:45:00,Venezia,Lecce,H,2.88235,0.624722,0,1,2.2576280000000004
27494,Serie_A,2024,2024-11-30 19:45:00,Venezia,Bologna,A,0.357302,4.16965,0,3,-3.812348
27511,Serie_A,2024,2024-12-08 17:00:00,Venezia,Como,H,0.303457,0.779392,2,2,-0.475935
27514,Serie_A,2024,2024-12-14 19:45:00,Venezia,Juventus,A,0.586788,2.18951,2,2,-1.602722
27526,Serie_A,2024,2024-12-22 14:00:00,Venezia,Cagliari,H,1.55318,2.62545,2,1,-1.0722699999999998
27539,Serie_A,2024,2024-12-29 14:00:00,Venezia,Napoli,A,0.462133,2.55505,0,1,-2.092917
27551,Serie_A,2024,2025-01-04 14:00:00,Venezia,Empoli,H,0.455526,1.52251,1,1,-1.0669840000000002
27557,Serie_A,2024,2025-01-12 14:00:00,Venezia,Inter,H,0.668042,2.35271,0,1,-1.684668
27569,Serie_A,2024,2025-01-19 14:00:00,Venezia,Parma Calcio 1913,A,1.1784,1.59615,1,1,-0.41775000000000007
27580,Serie_A,2024,2025-01-27 17:30:00,Venezia,Verona,H,0.709709,2.17206,1,1,-1.462351
27583,Serie_A,2024,2025-02-01 14:00:00,Venezia,Udinese,A,1.36255,0.940092,2,3,0.4224579999999999
27600,Serie_A,2024,2025-02-09 17:00:00,Venezia,Roma,H,0.905188,2.14236,0,1,-1.2371720000000002
27605,Serie_A,2024,2025-02-17 19:45:00,Venezia,Genoa,A,0.341183,1.60036,0,2,-1.259177
27619,Serie_A,2024,2025-02-22 14:00:00,Venezia,Lazio,H,0.995737,0.790887,0,0,0.20484999999999998
27622,Serie_A,2024,2025-03-01 14:00:00,Venezia,Atalanta,A,0.359199,3.34552,0,0,-2.9863210000000002
27633,Serie_A,2024,2025-03-08 14:00:00,Venezia,Como,A,1.80606,1.2727,1,1,0.5333600000000001
27651,Serie_A,2024,2025-03-16 11:30:00,Venezia,Napoli,H,1.04696,1.2665,0,0,-0.21954000000000007
27653,Serie_A,2024,2025-03-29 14:00:00,Venezia,Bologna,H,0.683347,1.29589,0,1,-0.612543
27668,Serie_A,2024,2025-04-06 10:30:00,Venezia,Lecce,A,0.898847,1.50136,1,1,-0.6025130000000001
27672,Serie_A,2024,2025-04-12 13:00:00,Venezia,Monza,H,1.62268,0.590462,1,0,1.0322179999999999
27684,Serie_A,2024,2025-04-20 13:00:00,Venezia,Empoli,A,1.48453,1.14666,2,2,0.3378699999999999
27701,Serie_A,2024,2025-04-27 10:30:00,Venezia,AC Milan,H,1.00629,1.466,0,2,-0.45971000000000006
27711,Serie_A,2024,2025-05-02 18:45:00,Venezia,Torino,A,1.07484,1.74541,1,1,-0.6705699999999999
27721,Serie_A,2024,2025-05-12 16:30:00,Venezia,Fiorentina,H,2.25991,0.994541,2,1,1.2653690000000002
27722,Serie_A,2024,2025-05-18 18:45:00,Venezia,Cagliari,A,0.773148,2.75115,0,3,-1.978002
27732,Serie_A,2024,2025-05-25 18:45:00,Venezia,Juventus,H,1.01327,1.66948,2,3,-0.6562100000000002
27366,Serie_A,2024,2024-08-18 16:30:00,Verona,Napoli,H,1.80536,0.975176,3,0,0.830184
27381,Serie_A,2024,2024-08-26 18:45:00,Verona,Juventus,H,0.878611,1.36151,0,3,-0.48289899999999997
27389,Serie_A,2024,2024-09-01 16:30:00,Verona,Genoa,A,2.09653,1.34735,2,0,0.74918
27396,Serie_A,2024,2024-09-16 18:45:00,Verona,Lazio,A,0.533276,1.79243,1,2,-1.259154
27405,Serie_A,2024,2024-09-20 18:45:00,Verona,Torino,H,0.777792,1.96682,2,3,-1.189028
27414,Serie_A,2024,2024-09-29 13:00:00,Verona,Como,A,1.5544,2.47493,2,3,-0.9205300000000001
27427,Serie_A,2024,2024-10-04 18:45:00,Verona,Venezia,H,2.10738,1.43755,2,1,0.6698299999999999
27437,Serie_A,2024,2024-10-21 18:45:00,Verona,Monza,H,0.81446,1.56377,0,3,-0.7493100000000001
27443,Serie_A,2024,2024-10-26 18:45:00,Verona,Atalanta,A,0.22446,3.84122,1,6,-3.6167599999999998
27458,Serie_A,2024,2024-10-29 17:30:00,Verona,Lecce,A,0.211464,1.35273,0,1,-1.141266
27468,Serie_A,2024,2024-11-03 17:00:00,Verona,Roma,H,1.51701,2.38413,3,2,-0.8671199999999999
27479,Serie_A,2024,2024-11-10 14:00:00,Verona,Fiorentina,A,0.53544,2.77034,1,3,-2.2349
27485,Serie_A,2024,2024-11-23 14:00:00,Verona,Inter,H,0.554633,2.79774,0,5,-2.243107
27495,Serie_A,2024,2024-11-29 19:45:00,Verona,Cagliari,A,0.606166,2.64816,0,1,-2.041994
27506,Serie_A,2024,2024-12-08 14:00:00,Verona,Empoli,H,0.895085,1.2903,1,4,-0.395215
27519,Serie_A,2024,2024-12-15 14:00:00,Verona,Parma Calcio 1913,A,3.70407,2.30533,3,2,1.39874
27522,Serie_A,2024,2024-12-20 19:45:00,Verona,AC Milan,H,0.649472,1.37505,0,1,-0.7255780000000001
27532,Serie_A,2024,2024-12-30 19:45:00,Verona,Bologna,A,0.798964,2.86482,3,2,-2.065856
27545,Serie_A,2024,2025-01-04 19:45:00,Verona,Udinese,H,0.745287,0.655965,0,0,0.08932200000000001
27553,Serie_A,2024,2025-01-12 19:45:00,Verona,Napoli,A,0.23211,1.59033,0,2,-1.35822
27566,Serie_A,2024,2025-01-19 17:00:00,Verona,Lazio,H,1.48598,1.99415,0,3,-0.50817
27580,Serie_A,2024,2025-01-27 17:30:00,Verona,Venezia,A,2.17206,0.709709,1,1,1.462351
27589,Serie_A,2024,2025-02-01 14:00:00,Verona,Monza,A,0.854806,0.279515,1,0,0.575291
27595,Serie_A,2024,2025-02-08 17:00:00,Verona,Atalanta,H,1.78844,2.14751,0,5,-0.35907
27608,Serie_A,2024,2025-02-15 19:45:00,Verona,AC Milan,A,0.372202,1.8755,0,1,-1.503298
27613,Serie_A,2024,2025-02-23 14:00:00,Verona,Fiorentina,H,0.450798,1.15567,1,0,-0.7048719999999999
27626,Serie_A,2024,2025-03-03 19:45:00,Verona,Juventus,A,0.269838,1.97535,0,2,-1.705512
27635,Serie_A,2024,2025-03-09 11:30:00,Verona,Bologna,H,1.28101,1.38177,1,2,-0.10075999999999996
27650,Serie_A,2024,2025-03-15 14:00:00,Verona,Udinese,A,0.542985,0.318009,1,0,0.22497600000000006
27660,Serie_A,2024,2025-03-31 17:30:00,Verona,Parma Calcio 1913,H,0.765236,0.501452,0,0,0.263784
27671,Serie_A,2024,2025-04-06 13:00:00,Verona,Torino,A,1.32441,0.963942,1,1,0.3604680000000001
27677,Serie_A,2024,2025-04-13 13:00:00,Verona,Genoa,H,1.00077,0.111761,0,0,0.8890089999999999
27690,Serie_A,2024,2025-04-19 18:45:00,Verona,Roma,A,0.330349,1.24696,0,1,-0.9166110000000001
27696,Serie_A,2024,2025-04-28 18:45:00,Verona,Cagliari,H,0.27029,1.87448,0,2,-1.60419
27706,Serie_A,2024,2025-05-03 18:45:00,Verona,Inter,A,0.303341,1.59903,0,1,-1.2956889999999999
27715,Serie_A,2024,2025-05-11 13:00:00,Verona,Lecce,H,0.480962,1.24972,1,1,-0.7687579999999999
27725,Serie_A,2024,2025-05-18 18:45:00,Verona,Como,H,1.55405,1.12443,1,1,0.4296199999999999
27736,Serie_A,2024,2025-05-25 18:45:00,Verona,Empoli,A,0.833807,1.23351,2,1,-0.39970300000000014
29852,Serie_A,2025,2025-08-25 16:30:00,Verona,Udinese,A,0.799203,1.05058,1,1,-0.2513770000000001
29863,Serie_A,2025,2025-08-31 18:45:00,Verona,Lazio,A,0.600485,3.96645,0,4,-3.365965
29872,Serie_A,2025,2025-09-15 16:30:00,Verona,Cremonese,H,1.8883,0.166346,0,0,1.7219540000000002
29876,Serie_A,2025,2025-09-20 16:00:00,Verona,Juventus,H,1.65885,0.470357,1,1,1.1884929999999998
29892,Serie_A,2025,2025-09-28 13:00:00,Verona,Roma,A,1.35351,1.30542,0,2,0.048089999999999966
29903,Serie_A,2025,2025-10-03 18:45:00,Verona,Sassuolo,H,0.810981,1.5058,0,1,-0.6948190000000001
29912,Serie_A,2025,2025-10-18 13:00:00,Verona,Pisa,A,1.65491,0.572009,0,0,1.0829010000000001
29915,Serie_A,2025,2025-10-26 13:00:00,Verona,Cagliari,H,2.03687,0.837271,2,2,1.199599
29927,Serie_A,2025,2025-10-29 16:30:00,Verona,Como,A,1.69938,1.74279,1,3,-0.04341000000000017
29943,Serie_A,2025,2025-11-02 11:30:00,Verona,Inter,H,0.372642,1.15025,1,2,-0.7776080000000001
29950,Serie_A,2025,2025-11-08 14:00:00,Verona,Lecce,A,0.691863,0.555045,0,0,0.136818
29954,Serie_A,2025,2025-11-23 11:30:00,Verona,Parma Calcio 1913,H,0.943021,1.51628,1,2,-0.5732590000000001
29967,Serie_A,2025,2025-11-29 14:00:00,Verona,Genoa,A,2.60658,1.64897,1,2,0.9576100000000001
29983,Serie_A,2025,2025-12-06 19:45:00,Verona,Atalanta,H,1.60244,1.76527,3,1,-0.1628299999999998
29986,Serie_A,2025,2025-12-14 14:00:00,Verona,Fiorentina,A,1.53867,2.41776,2,1,-0.8790899999999999
30007,Serie_A,2025,2025-12-28 11:30:00,Verona,AC Milan,A,0.32776,2.87827,0,3,-2.55051
30023,Serie_A,2025,2026-01-04 17:00:00,Verona,Torino,H,0.260564,1.70287,0,3,-1.442306
30029,Serie_A,2025,2026-01-07 17:30:00,Verona,Napoli,A,1.29178,1.57287,2,2,-0.28109000000000006
30043,Serie_A,2025,2026-01-11 17:00:00,Verona,Lazio,H,0.584887,0.64447,0,1,-0.05958299999999994
30003,Serie_A,2025,2026-01-15 17:30:00,Verona,Bologna,H,1.6881,0.690747,2,3,0.9973529999999999
30044,Serie_A,2025,2026-01-19 17:30:00,Verona,Cremonese,A,0.487484,0.452062,0,0,0.035421999999999954
30063,Serie_A,2025,2026-01-26 19:45:00,Verona,Udinese,H,0.573784,1.93652,1,3,-1.362736
30065,Serie_A,2025,2026-01-31 19:45:00,Verona,Cagliari,A,0.374813,1.98129,0,4,-1.606477
30074,Serie_A,2025,2026-02-06 19:45:00,Verona,Pisa,H,0.0783843,1.26143,0,0,-1.1830457
30090,Serie_A,2025,2026-02-15 14:00:00,Verona,Parma Calcio 1913,A,0.856137,2.16714,1,2,-1.311003
30103,Serie_A,2025,2026-02-20 19:45:00,Verona,Sassuolo,A,0.615652,1.58706,0,3,-0.9714079999999999
30109,Serie_A,2025,2026-02-28 17:00:00,Verona,Napoli,H,0.277835,1.21355,1,2,-0.9357149999999999
30123,Serie_A,2025,2026-03-08 14:00:00,Verona,Bologna,A,2.02855,0.903746,2,1,1.1248040000000001
30133,Serie_A,2025,2026-03-15 11:30:00,Verona,Genoa,H,0.370821,0.534091,0,2,-0.16326999999999997
30134,Serie_A,2025,2026-03-22 14:00:00,Verona,Atalanta,A,0.765772,1.74248,0,1,-0.976708
30153,Serie_A,2025,2026-04-04 16:00:00,Verona,Fiorentina,H,0.922577,0.308725,0,1,0.613852
30163,Serie_A,2025,2026-04-11 13:00:00,Verona,Torino,A,1.67554,1.1485,1,2,0.52704
30172,Serie_A,2025,2026-04-19 13:00:00,Verona,AC Milan,H,0.709696,0.830747,0,1,-0.12105100000000002
30183,Serie_A,2025,2026-04-25 18:45:00,Verona,Lecce,H,0.249294,1.20604,0,0,-0.956746
30189,Serie_A,2025,2026-05-03 16:00:00,Verona,Juventus,A,0.197193,2.68622,1,1,-2.489027
30194,Serie_A,2025,2026-05-10 10:30:00,Verona,Como,H,1.29052,1.06072,0,1,0.22979999999999978
30208,Serie_A,2025,2026-05-17 13:00:00,Verona,Inter,A,0.911763,2.84143,1,1,-1.9296669999999998
30223,Serie_A,2025,2026-05-24 18:45:00,Verona,Roma,H,0.597669,3.55506,0,2,-2.9573910000000003
