understat_match_id,league,season_start,date,home_team,away_team,home_goals,away_goals,home_xg,away_xg
26982,La_Liga,2024,2024-08-15 17:00:00,Athletic Club,Getafe,1,1,0.290195,0.537517
26983,La_Liga,2024,2024-08-15 19:30:00,Real Betis,Girona,1,1,1.80582,1.54726
26984,La_Liga,2024,2024-08-16 17:00:00,Celta Vigo,Alaves,2,1,0.793797,1.9391
28048,Ligue_1,2024,2024-08-16 18:45:00,Le Havre,Paris Saint Germain,1,4,0.197023,2.9098
26602,EPL,2024,2024-08-16 19:00:00,Manchester United,Fulham,1,0,2.04268,0.418711
26985,La_Liga,2024,2024-08-16 19:30:00,Las Palmas,Sevilla,2,2,1.3187,2.09987
26603,EPL,2024,2024-08-17 11:30:00,Ipswich,Liverpool,0,2,0.342601,3.92906
26604,EPL,2024,2024-08-17 14:00:00,Arsenal,Wolverhampton Wanderers,2,0,1.6283,0.575835
26605,EPL,2024,2024-08-17 14:00:00,Everton,Brighton,0,3,0.405325,1.79083
26606,EPL,2024,2024-08-17 14:00:00,Newcastle United,Southampton,1,0,0.433489,1.95483
26607,EPL,2024,2024-08-17 14:00:00,Nottingham Forest,Bournemouth,1,1,1.24405,1.90915
28049,Ligue_1,2024,2024-08-17 15:00:00,Brest,Marseille,1,5,1.51475,2.96496
26608,EPL,2024,2024-08-17 16:30:00,West Ham,Aston Villa,1,2,2.8047,2.6703
27362,Serie_A,2024,2024-08-17 16:30:00,Genoa,Inter,2,2,2.31286,2.00656
27363,Serie_A,2024,2024-08-17 16:30:00,Parma Calcio 1913,Fiorentina,1,1,1.83796,0.81313
26986,La_Liga,2024,2024-08-17 17:00:00,Osasuna,Leganes,1,1,1.7631,1.33949
28050,Ligue_1,2024,2024-08-17 17:00:00,Reims,Lille,0,2,0.0758907,2.31711
27365,Serie_A,2024,2024-08-17 18:45:00,AC Milan,Torino,2,2,2.1004,0.876602
27364,Serie_A,2024,2024-08-17 18:45:00,Empoli,Monza,0,0,0.578573,0.327848
28051,Ligue_1,2024,2024-08-17 19:00:00,Monaco,Saint-Etienne,1,0,2.78444,0.484117
26987,La_Liga,2024,2024-08-17 19:30:00,Valencia,Barcelona,1,2,1.55206,3.48824
26609,EPL,2024,2024-08-18 13:00:00,Brentford,Crystal Palace,2,1,1.38064,1.14757
28052,Ligue_1,2024,2024-08-18 13:00:00,Auxerre,Nice,2,1,3.03248,0.58056
28055,Ligue_1,2024,2024-08-18 15:00:00,Angers,Lens,0,1,0.297792,1.04077
28053,Ligue_1,2024,2024-08-18 15:00:00,Montpellier,Strasbourg,1,1,1.44704,1.10476
28054,Ligue_1,2024,2024-08-18 15:00:00,Toulouse,Nantes,0,0,1.50937,0.513845
26610,EPL,2024,2024-08-18 15:30:00,Chelsea,Manchester City,0,2,1.06123,1.18038
27367,Serie_A,2024,2024-08-18 16:30:00,Bologna,Udinese,1,1,3.3102,0.944621
27366,Serie_A,2024,2024-08-18 16:30:00,Verona,Napoli,3,0,1.80536,0.975176
26988,La_Liga,2024,2024-08-18 17:00:00,Real Sociedad,Rayo Vallecano,1,2,1.56608,1.60148
28056,Ligue_1,2024,2024-08-18 18:45:00,Rennes,Lyon,3,0,2.57411,2.20066
27368,Serie_A,2024,2024-08-18 18:45:00,Cagliari,Roma,0,0,1.30634,1.29639
27369,Serie_A,2024,2024-08-18 18:45:00,Lazio,Venezia,3,1,2.33223,0.789649
26989,La_Liga,2024,2024-08-18 19:30:00,Mallorca,Real Madrid,1,1,1.30561,0.608052
27370,Serie_A,2024,2024-08-19 16:30:00,Lecce,Atalanta,0,4,1.88414,2.45909
26990,La_Liga,2024,2024-08-19 17:00:00,Real Valladolid,Espanyol,1,0,1.17753,0.515586
27371,Serie_A,2024,2024-08-19 18:45:00,Juventus,Como,3,0,1.30582,0.171238
26611,EPL,2024,2024-08-19 19:00:00,Leicester,Tottenham,1,1,1.02614,1.40775
26991,La_Liga,2024,2024-08-19 19:30:00,Villarreal,Atletico Madrid,2,2,0.68684,1.13868
26992,La_Liga,2024,2024-08-23 17:00:00,Celta Vigo,Valencia,3,1,1.30571,1.1544
27742,Bundesliga,2024,2024-08-23 18:30:00,Borussia M.Gladbach,Bayer Leverkusen,2,3,1.51665,3.23588
28057,Ligue_1,2024,2024-08-23 18:45:00,Paris Saint Germain,Montpellier,6,0,4.93703,0.772997
26993,La_Liga,2024,2024-08-23 19:30:00,Sevilla,Villarreal,1,2,1.23826,1.39825
26612,EPL,2024,2024-08-24 11:30:00,Brighton,Manchester United,2,1,2.14153,1.28556
27746,Bundesliga,2024,2024-08-24 13:30:00,Augsburg,Werder Bremen,2,2,1.31571,1.54312
27745,Bundesliga,2024,2024-08-24 13:30:00,Freiburg,VfB Stuttgart,3,1,3.0149,0.374185
27744,Bundesliga,2024,2024-08-24 13:30:00,Hoffenheim,Holstein Kiel,3,2,3.73706,1.97238
27747,Bundesliga,2024,2024-08-24 13:30:00,Mainz 05,Union Berlin,1,1,1.77023,0.731569
27743,Bundesliga,2024,2024-08-24 13:30:00,RasenBallsport Leipzig,Bochum,1,0,0.937134,1.31541
26613,EPL,2024,2024-08-24 14:00:00,Crystal Palace,West Ham,0,2,1.3761,1.53421
26614,EPL,2024,2024-08-24 14:00:00,Fulham,Leicester,2,1,1.96218,0.857005
26615,EPL,2024,2024-08-24 14:00:00,Manchester City,Ipswich,4,1,3.07818,0.479999
26616,EPL,2024,2024-08-24 14:00:00,Southampton,Nottingham Forest,0,1,0.214952,2.86475
26617,EPL,2024,2024-08-24 14:00:00,Tottenham,Everton,4,0,2.61143,0.648869
26994,La_Liga,2024,2024-08-24 15:00:00,Osasuna,Mallorca,1,0,0.887678,0.427602
28058,Ligue_1,2024,2024-08-24 15:00:00,Lyon,Monaco,0,2,0.0144803,2.60916
27748,Bundesliga,2024,2024-08-24 16:30:00,Borussia Dortmund,Eintracht Frankfurt,2,0,1.9263,1.15188
26618,EPL,2024,2024-08-24 16:30:00,Aston Villa,Arsenal,0,2,1.31664,1.41399
27372,Serie_A,2024,2024-08-24 16:30:00,Parma Calcio 1913,AC Milan,2,1,2.46266,2.09812
27373,Serie_A,2024,2024-08-24 16:30:00,Udinese,Lazio,2,1,1.11581,1.68277
26995,La_Liga,2024,2024-08-24 17:00:00,Barcelona,Athletic Club,2,1,2.41577,1.09985
28059,Ligue_1,2024,2024-08-24 17:00:00,Lille,Angers,2,0,1.25796,0.737042
27375,Serie_A,2024,2024-08-24 18:45:00,Inter,Lecce,2,0,2.48059,0.335346
27374,Serie_A,2024,2024-08-24 18:45:00,Monza,Genoa,0,1,0.401371,0.660299
28060,Ligue_1,2024,2024-08-24 19:00:00,Saint-Etienne,Le Havre,0,2,1.48827,2.23362
26997,La_Liga,2024,2024-08-24 19:30:00,Espanyol,Real Sociedad,0,1,1.79566,0.796104
26996,La_Liga,2024,2024-08-24 19:30:00,Getafe,Rayo Vallecano,0,0,0.512723,0.161076
26620,EPL,2024,2024-08-25 13:00:00,Bournemouth,Newcastle United,1,1,2.53513,1.89287
26619,EPL,2024,2024-08-25 13:00:00,Wolverhampton Wanderers,Chelsea,2,6,2.4181,2.02935
28061,Ligue_1,2024,2024-08-25 13:00:00,Lens,Brest,2,0,4.01926,0.695576
27749,Bundesliga,2024,2024-08-25 13:30:00,Wolfsburg,Bayern Munich,2,3,2.08125,2.17538
26998,La_Liga,2024,2024-08-25 15:00:00,Real Madrid,Real Valladolid,3,0,2.17954,0.378528
28064,Ligue_1,2024,2024-08-25 15:00:00,Nantes,Auxerre,2,0,1.52541,0.876338
28062,Ligue_1,2024,2024-08-25 15:00:00,Nice,Toulouse,1,1,1.23725,0.946618
28063,Ligue_1,2024,2024-08-25 15:00:00,Strasbourg,Rennes,3,1,1.58875,1.40309
27750,Bundesliga,2024,2024-08-25 15:30:00,St. Pauli,FC Heidenheim,0,2,1.1609,1.16833
26621,EPL,2024,2024-08-25 15:30:00,Liverpool,Brentford,2,0,2.71877,0.457239
27376,Serie_A,2024,2024-08-25 16:30:00,Fiorentina,Venezia,0,0,0.660213,1.01295
27377,Serie_A,2024,2024-08-25 16:30:00,Torino,Atalanta,2,1,2.49919,3.08667
26999,La_Liga,2024,2024-08-25 17:00:00,Leganes,Las Palmas,2,1,1.58998,1.23438
27000,La_Liga,2024,2024-08-25 17:15:00,Alaves,Real Betis,0,0,0.172545,1.36012
28065,Ligue_1,2024,2024-08-25 18:45:00,Marseille,Reims,2,2,2.94016,1.01201
27378,Serie_A,2024,2024-08-25 18:45:00,Napoli,Bologna,3,0,2.07052,0.544518
27379,Serie_A,2024,2024-08-25 18:45:00,Roma,Empoli,1,2,2.04246,3.0773
27001,La_Liga,2024,2024-08-25 19:30:00,Atletico Madrid,Girona,3,0,1.42393,0.596524
27380,Serie_A,2024,2024-08-26 16:30:00,Cagliari,Como,1,1,1.03532,2.08973
27381,Serie_A,2024,2024-08-26 18:45:00,Verona,Juventus,0,3,0.878611,1.36151
27002,La_Liga,2024,2024-08-26 19:30:00,Villarreal,Celta Vigo,4,3,4.3817,3.79183
27003,La_Liga,2024,2024-08-27 17:00:00,Mallorca,Sevilla,0,0,0.940858,0.60976
27004,La_Liga,2024,2024-08-27 19:30:00,Rayo Vallecano,Barcelona,1,2,0.392473,1.51872
27006,La_Liga,2024,2024-08-28 17:00:00,Athletic Club,Valencia,1,0,1.51595,0.0996371
27005,La_Liga,2024,2024-08-28 17:00:00,Real Valladolid,Leganes,0,0,0.773785,0.184577
27009,La_Liga,2024,2024-08-28 19:30:00,Atletico Madrid,Espanyol,0,0,3.88587,0.855829
27008,La_Liga,2024,2024-08-28 19:30:00,Real Sociedad,Alaves,1,2,0.951647,2.62561
27010,La_Liga,2024,2024-08-29 17:00:00,Girona,Osasuna,4,0,2.6015,0.0199618
27011,La_Liga,2024,2024-08-29 19:30:00,Las Palmas,Real Madrid,1,1,0.809213,3.28322
27382,Serie_A,2024,2024-08-30 16:30:00,Venezia,Torino,0,1,0.635612,1.80895
27751,Bundesliga,2024,2024-08-30 18:30:00,Union Berlin,St. Pauli,1,0,1.0488,0.644857
28066,Ligue_1,2024,2024-08-30 18:45:00,Lyon,Strasbourg,4,3,3.22754,2.44695
27383,Serie_A,2024,2024-08-30 18:45:00,Inter,Atalanta,4,0,2.28876,1.17772
26622,EPL,2024,2024-08-31 11:30:00,Arsenal,Brighton,1,1,2.41798,1.81748
27752,Bundesliga,2024,2024-08-31 13:30:00,Bochum,Borussia M.Gladbach,0,2,0.918629,2.66887
27756,Bundesliga,2024,2024-08-31 13:30:00,Eintracht Frankfurt,Hoffenheim,3,1,2.68507,0.832386
27754,Bundesliga,2024,2024-08-31 13:30:00,Holstein Kiel,Wolfsburg,0,2,0.89489,1.4619
27755,Bundesliga,2024,2024-08-31 13:30:00,VfB Stuttgart,Mainz 05,3,3,4.2134,1.95179
27753,Bundesliga,2024,2024-08-31 13:30:00,Werder Bremen,Borussia Dortmund,0,0,0.278533,0.918302
26623,EPL,2024,2024-08-31 14:00:00,Brentford,Southampton,3,1,3.86281,1.64713
26624,EPL,2024,2024-08-31 14:00:00,Everton,Bournemouth,2,3,2.55629,2.95688
26625,EPL,2024,2024-08-31 14:00:00,Ipswich,Fulham,1,1,0.707048,1.18883
26626,EPL,2024,2024-08-31 14:00:00,Leicester,Aston Villa,1,2,0.774741,2.16385
26627,EPL,2024,2024-08-31 14:00:00,Nottingham Forest,Wolverhampton Wanderers,1,1,1.41069,0.937632
27012,La_Liga,2024,2024-08-31 15:00:00,Barcelona,Real Valladolid,7,0,4.94022,0.422493
28067,Ligue_1,2024,2024-08-31 15:00:00,Brest,Saint-Etienne,4,0,3.60698,0.256612
27757,Bundesliga,2024,2024-08-31 16:30:00,Bayer Leverkusen,RasenBallsport Leipzig,2,3,3.42266,1.50532
26628,EPL,2024,2024-08-31 16:30:00,West Ham,Manchester City,1,3,0.947201,3.19297
27385,Serie_A,2024,2024-08-31 16:30:00,Bologna,Empoli,1,1,1.35876,1.11428
27384,Serie_A,2024,2024-08-31 16:30:00,Lecce,Cagliari,1,0,2.34113,2.09263
27013,La_Liga,2024,2024-08-31 17:00:00,Athletic Club,Atletico Madrid,0,1,0.252231,1.58613
28068,Ligue_1,2024,2024-08-31 17:00:00,Montpellier,Nantes,1,3,0.745975,1.69437
27014,La_Liga,2024,2024-08-31 17:15:00,Espanyol,Rayo Vallecano,2,1,1.84679,1.0088
27387,Serie_A,2024,2024-08-31 18:45:00,Lazio,AC Milan,2,2,2.32967,1.34242
27386,Serie_A,2024,2024-08-31 18:45:00,Napoli,Parma Calcio 1913,2,1,2.33511,1.90229
28069,Ligue_1,2024,2024-08-31 19:00:00,Toulouse,Marseille,1,3,0.485368,1.29819
27016,La_Liga,2024,2024-08-31 19:30:00,Leganes,Mallorca,0,1,0.52078,1.48758
27015,La_Liga,2024,2024-08-31 19:30:00,Valencia,Villarreal,1,1,1.14322,0.885369
26630,EPL,2024,2024-09-01 12:30:00,Chelsea,Crystal Palace,1,1,2.97743,0.459708
26629,EPL,2024,2024-09-01 12:30:00,Newcastle United,Tottenham,2,1,1.58694,1.63304
28070,Ligue_1,2024,2024-09-01 13:00:00,Monaco,Lens,1,1,0.905621,1.91297
27758,Bundesliga,2024,2024-09-01 13:30:00,FC Heidenheim,Augsburg,4,0,3.09376,0.641534
26631,EPL,2024,2024-09-01 15:00:00,Manchester United,Liverpool,0,3,1.50087,2.10397
27017,La_Liga,2024,2024-09-01 15:00:00,Alaves,Las Palmas,2,0,2.01026,0.547308
27018,La_Liga,2024,2024-09-01 15:00:00,Osasuna,Celta Vigo,3,2,0.779621,1.72329
28073,Ligue_1,2024,2024-09-01 15:00:00,Angers,Nice,1,4,1.33204,2.53408
28071,Ligue_1,2024,2024-09-01 15:00:00,Le Havre,Auxerre,3,1,2.83661,0.743523
28072,Ligue_1,2024,2024-09-01 15:00:00,Reims,Rennes,2,1,2.00948,1.02619
27759,Bundesliga,2024,2024-09-01 15:30:00,Bayern Munich,Freiburg,2,0,1.62797,0.970892
27388,Serie_A,2024,2024-09-01 16:30:00,Fiorentina,Monza,2,2,2.41541,0.489982
27389,Serie_A,2024,2024-09-01 16:30:00,Genoa,Verona,0,2,1.34735,2.09653
27019,La_Liga,2024,2024-09-01 17:00:00,Sevilla,Girona,0,2,0.812687,2.36355
27020,La_Liga,2024,2024-09-01 17:15:00,Getafe,Real Sociedad,0,0,0.547095,0.0209183
28074,Ligue_1,2024,2024-09-01 18:45:00,Lille,Paris Saint Germain,1,3,1.57562,3.24139
27390,Serie_A,2024,2024-09-01 18:45:00,Juventus,Roma,0,0,0.415282,0.382591
27391,Serie_A,2024,2024-09-01 18:45:00,Udinese,Como,1,0,1.18455,1.65728
27021,La_Liga,2024,2024-09-01 19:30:00,Real Madrid,Real Betis,2,0,2.37168,0.831429
27760,Bundesliga,2024,2024-09-13 18:30:00,Borussia Dortmund,FC Heidenheim,4,2,2.84066,1.61406
28075,Ligue_1,2024,2024-09-13 18:30:00,Saint-Etienne,Lille,1,0,1.1774,2.73176
27024,La_Liga,2024,2024-09-13 19:00:00,Real Betis,Leganes,2,0,1.72201,0.107021
26632,EPL,2024,2024-09-14 11:30:00,Southampton,Manchester United,0,3,1.35593,3.02693
27026,La_Liga,2024,2024-09-14 12:00:00,Mallorca,Villarreal,1,2,0.345425,2.41884
27397,Serie_A,2024,2024-09-14 13:00:00,Como,Bologna,2,2,1.45782,1.15087
27765,Bundesliga,2024,2024-09-14 13:30:00,Borussia M.Gladbach,VfB Stuttgart,1,3,2.05136,2.7214
27762,Bundesliga,2024,2024-09-14 13:30:00,Freiburg,Bochum,2,1,3.95617,1.10732
27761,Bundesliga,2024,2024-09-14 13:30:00,Hoffenheim,Bayer Leverkusen,1,4,1.06356,3.41829
27763,Bundesliga,2024,2024-09-14 13:30:00,RasenBallsport Leipzig,Union Berlin,0,0,1.29462,0.859112
27764,Bundesliga,2024,2024-09-14 13:30:00,Wolfsburg,Eintracht Frankfurt,1,2,1.23249,2.86858
26633,EPL,2024,2024-09-14 14:00:00,Brighton,Ipswich,0,0,1.75696,0.721323
26636,EPL,2024,2024-09-14 14:00:00,Crystal Palace,Leicester,2,2,2.88716,1.65187
26634,EPL,2024,2024-09-14 14:00:00,Fulham,West Ham,1,1,2.88601,0.682719
26635,EPL,2024,2024-09-14 14:00:00,Liverpool,Nottingham Forest,0,1,1.17044,0.589532
26637,EPL,2024,2024-09-14 14:00:00,Manchester City,Brentford,2,1,1.55279,1.05094
27022,La_Liga,2024,2024-09-14 14:15:00,Espanyol,Alaves,3,2,1.95102,2.3693
28076,Ligue_1,2024,2024-09-14 15:00:00,Marseille,Nice,2,0,1.02694,1.72041
27392,Serie_A,2024,2024-09-14 16:00:00,Empoli,Juventus,0,0,0.601249,0.726024
27766,Bundesliga,2024,2024-09-14 16:30:00,Holstein Kiel,Bayern Munich,1,6,0.299776,4.13442
26638,EPL,2024,2024-09-14 16:30:00,Aston Villa,Everton,3,2,3.15876,0.852158
27029,La_Liga,2024,2024-09-14 16:30:00,Sevilla,Getafe,1,0,1.64801,0.971555
28077,Ligue_1,2024,2024-09-14 17:00:00,Auxerre,Monaco,0,3,0.419427,3.37672
27398,Serie_A,2024,2024-09-14 18:45:00,AC Milan,Venezia,4,0,2.18898,0.263269
26639,EPL,2024,2024-09-14 19:00:00,Bournemouth,Chelsea,0,1,1.53731,0.932726
27031,La_Liga,2024,2024-09-14 19:00:00,Real Sociedad,Real Madrid,0,2,1.41828,2.2759
28079,Ligue_1,2024,2024-09-14 19:00:00,Paris Saint Germain,Brest,3,1,2.91245,1.00928
27394,Serie_A,2024,2024-09-15 10:30:00,Genoa,Roma,1,1,1.59603,2.65805
27025,La_Liga,2024,2024-09-15 12:00:00,Celta Vigo,Real Valladolid,3,1,1.99273,0.382657
26640,EPL,2024,2024-09-15 13:00:00,Tottenham,Arsenal,0,1,0.792595,1.1209
28080,Ligue_1,2024,2024-09-15 13:00:00,Rennes,Montpellier,3,0,1.26867,0.310262
27393,Serie_A,2024,2024-09-15 13:00:00,Atalanta,Fiorentina,3,2,2.4507,1.96392
27401,Serie_A,2024,2024-09-15 13:00:00,Torino,Lecce,0,0,0.447368,1.6617
27767,Bundesliga,2024,2024-09-15 13:30:00,Augsburg,St. Pauli,3,1,2.61475,0.49314
27028,La_Liga,2024,2024-09-15 14:15:00,Girona,Barcelona,1,4,1.09568,2.5936
28081,Ligue_1,2024,2024-09-15 15:00:00,Nantes,Reims,1,2,1.43325,0.549218
28083,Ligue_1,2024,2024-09-15 15:00:00,Strasbourg,Angers,1,1,2.47918,0.855084
28082,Ligue_1,2024,2024-09-15 15:00:00,Toulouse,Le Havre,2,0,1.8674,0.15045
27768,Bundesliga,2024,2024-09-15 15:30:00,Mainz 05,Werder Bremen,1,2,1.67115,1.8089
26641,EPL,2024,2024-09-15 15:30:00,Wolverhampton Wanderers,Newcastle United,1,2,1.46969,1.48343
27395,Serie_A,2024,2024-09-15 16:00:00,Cagliari,Napoli,0,4,0.881581,1.42805
27027,La_Liga,2024,2024-09-15 16:30:00,Las Palmas,Athletic Club,2,3,1.5194,1.80432
28078,Ligue_1,2024,2024-09-15 18:45:00,Lens,Lyon,0,0,0.623644,0.529029
27399,Serie_A,2024,2024-09-15 18:45:00,Monza,Inter,1,1,0.217777,1.8081
27023,La_Liga,2024,2024-09-15 19:00:00,Atletico Madrid,Valencia,3,0,3.22965,0.18311
27400,Serie_A,2024,2024-09-16 16:30:00,Parma Calcio 1913,Udinese,2,3,0.87968,3.08828
27396,Serie_A,2024,2024-09-16 18:45:00,Lazio,Verona,2,1,1.79243,0.533276
27030,La_Liga,2024,2024-09-16 19:00:00,Rayo Vallecano,Osasuna,3,1,1.48433,0.530311
27045,La_Liga,2024,2024-09-17 19:00:00,Mallorca,Real Sociedad,1,0,1.56932,0.499139
27007,La_Liga,2024,2024-09-18 17:00:00,Real Betis,Getafe,2,1,3.06176,0.864309
27047,La_Liga,2024,2024-09-19 17:00:00,Leganes,Athletic Club,0,2,0.666594,1.32325
27403,Serie_A,2024,2024-09-20 16:30:00,Cagliari,Empoli,0,2,1.68655,1.02688
27769,Bundesliga,2024,2024-09-20 18:30:00,Augsburg,Mainz 05,2,3,2.79562,1.25788
28085,Ligue_1,2024,2024-09-20 18:45:00,Nice,Saint-Etienne,8,0,4.50007,0.335532
27405,Serie_A,2024,2024-09-20 18:45:00,Verona,Torino,2,3,0.777792,1.96682
27035,La_Liga,2024,2024-09-20 19:00:00,Alaves,Sevilla,2,1,1.40641,0.623937
26642,EPL,2024,2024-09-21 11:30:00,West Ham,Chelsea,0,3,0.758267,2.39727
27039,La_Liga,2024,2024-09-21 12:00:00,Real Valladolid,Real Sociedad,0,0,0.952589,1.3906
27411,Serie_A,2024,2024-09-21 13:00:00,Venezia,Genoa,2,0,2.33503,0.388857
27771,Bundesliga,2024,2024-09-21 13:30:00,Bochum,Holstein Kiel,2,2,1.32383,2.26878
27772,Bundesliga,2024,2024-09-21 13:30:00,FC Heidenheim,Freiburg,0,3,0.379656,1.23884
27770,Bundesliga,2024,2024-09-21 13:30:00,Union Berlin,Hoffenheim,2,1,1.21587,0.378776
27773,Bundesliga,2024,2024-09-21 13:30:00,Werder Bremen,Bayern Munich,0,5,0.0,3.34451
26647,EPL,2024,2024-09-21 14:00:00,Aston Villa,Wolverhampton Wanderers,3,1,2.37351,0.520117
26646,EPL,2024,2024-09-21 14:00:00,Fulham,Newcastle United,3,1,3.21141,1.09768
26644,EPL,2024,2024-09-21 14:00:00,Leicester,Everton,1,1,1.33793,1.82377
26645,EPL,2024,2024-09-21 14:00:00,Liverpool,Bournemouth,3,0,2.43731,1.46979
26643,EPL,2024,2024-09-21 14:00:00,Southampton,Ipswich,1,1,2.89813,1.645
26648,EPL,2024,2024-09-21 14:00:00,Tottenham,Brentford,3,1,3.89481,0.893565
27040,La_Liga,2024,2024-09-21 14:15:00,Osasuna,Las Palmas,2,1,1.97167,1.28282
28090,Ligue_1,2024,2024-09-21 15:00:00,Lille,Strasbourg,3,3,2.30213,3.02005
27407,Serie_A,2024,2024-09-21 16:00:00,Juventus,Napoli,0,0,0.419301,0.233773
27774,Bundesliga,2024,2024-09-21 16:30:00,Eintracht Frankfurt,Borussia M.Gladbach,2,0,2.93252,1.19669
26649,EPL,2024,2024-09-21 16:30:00,Crystal Palace,Manchester United,0,0,1.66928,2.35056
27038,La_Liga,2024,2024-09-21 16:30:00,Valencia,Girona,2,0,0.350785,0.387698
28091,Ligue_1,2024,2024-09-21 17:00:00,Rennes,Lens,1,1,1.34636,0.853348
27408,Serie_A,2024,2024-09-21 18:45:00,Lecce,Parma Calcio 1913,2,2,1.25857,2.054
27041,La_Liga,2024,2024-09-21 19:00:00,Real Madrid,Espanyol,4,1,4.89487,0.318831
28086,Ligue_1,2024,2024-09-21 19:00:00,Reims,Paris Saint Germain,1,1,0.760314,1.90277
27404,Serie_A,2024,2024-09-22 10:30:00,Fiorentina,Lazio,2,1,2.85634,1.14467
27034,La_Liga,2024,2024-09-22 12:00:00,Getafe,Leganes,1,1,1.24276,0.783211
26650,EPL,2024,2024-09-22 13:00:00,Brighton,Nottingham Forest,2,2,1.56836,1.36923
28092,Ligue_1,2024,2024-09-22 13:00:00,Monaco,Le Havre,3,1,1.84023,0.580512
27409,Serie_A,2024,2024-09-22 13:00:00,Monza,Bologna,1,2,0.707402,1.45302
27775,Bundesliga,2024,2024-09-22 13:30:00,Bayer Leverkusen,Wolfsburg,4,3,1.71874,0.836406
27032,La_Liga,2024,2024-09-22 14:15:00,Athletic Club,Celta Vigo,3,1,0.864304,1.21547
28088,Ligue_1,2024,2024-09-22 15:00:00,Angers,Nantes,1,1,0.82486,1.28588
28087,Ligue_1,2024,2024-09-22 15:00:00,Brest,Toulouse,2,0,0.709045,2.3505
28089,Ligue_1,2024,2024-09-22 15:00:00,Montpellier,Auxerre,3,2,1.78396,1.42586
27776,Bundesliga,2024,2024-09-22 15:30:00,VfB Stuttgart,Borussia Dortmund,5,1,3.56218,0.60692
26651,EPL,2024,2024-09-22 15:30:00,Manchester City,Arsenal,2,2,2.75588,1.28411
27410,Serie_A,2024,2024-09-22 16:00:00,Roma,Udinese,3,0,2.5658,0.525078
27037,La_Liga,2024,2024-09-22 16:30:00,Villarreal,Barcelona,1,5,2.39605,4.1937
27777,Bundesliga,2024,2024-09-22 17:30:00,St. Pauli,RasenBallsport Leipzig,0,0,1.67285,0.841324
28084,Ligue_1,2024,2024-09-22 18:45:00,Lyon,Marseille,2,3,3.89273,0.675578
27406,Serie_A,2024,2024-09-22 18:45:00,Inter,AC Milan,1,2,0.941382,2.75751
27036,La_Liga,2024,2024-09-22 19:00:00,Rayo Vallecano,Atletico Madrid,1,1,1.68952,0.554066
27033,La_Liga,2024,2024-09-23 19:00:00,Real Betis,Mallorca,1,2,1.37084,1.4369
27046,La_Liga,2024,2024-09-24 17:00:00,Sevilla,Real Valladolid,2,1,1.67099,0.411515
27050,La_Liga,2024,2024-09-24 17:00:00,Valencia,Osasuna,0,0,1.17527,0.377552
27402,Serie_A,2024,2024-09-24 18:45:00,Atalanta,Como,2,3,1.31694,0.579703
27051,La_Liga,2024,2024-09-24 19:00:00,Real Madrid,Alaves,3,2,1.79791,0.853455
27044,La_Liga,2024,2024-09-25 17:00:00,Girona,Rayo Vallecano,0,0,2.1579,0.377734
27043,La_Liga,2024,2024-09-25 19:00:00,Barcelona,Getafe,1,0,2.20799,0.929851
27042,La_Liga,2024,2024-09-26 17:00:00,Espanyol,Villarreal,1,2,0.355072,1.96233
27049,La_Liga,2024,2024-09-26 17:00:00,Las Palmas,Real Betis,1,1,1.10799,2.66646
27048,La_Liga,2024,2024-09-26 19:00:00,Celta Vigo,Atletico Madrid,0,1,1.76126,0.778357
28095,Ligue_1,2024,2024-09-27 17:00:00,Auxerre,Brest,3,0,2.9504,0.726126
27778,Bundesliga,2024,2024-09-27 18:30:00,Borussia Dortmund,Bochum,4,2,4.1712,1.02915
27417,Serie_A,2024,2024-09-27 18:45:00,AC Milan,Lecce,3,0,2.43265,0.462274
27057,La_Liga,2024,2024-09-27 19:00:00,Real Valladolid,Mallorca,1,2,1.31551,2.49026
28094,Ligue_1,2024,2024-09-27 19:00:00,Paris Saint Germain,Rennes,3,1,3.22405,2.02646
26652,EPL,2024,2024-09-28 11:30:00,Newcastle United,Manchester City,1,1,1.34344,1.26516
27059,La_Liga,2024,2024-09-28 12:00:00,Getafe,Alaves,2,0,2.55847,0.415348
27413,Serie_A,2024,2024-09-28 13:00:00,Udinese,Inter,2,3,0.984798,2.30465
27782,Bundesliga,2024,2024-09-28 13:30:00,Borussia M.Gladbach,Union Berlin,1,0,1.38305,0.731164
27779,Bundesliga,2024,2024-09-28 13:30:00,Freiburg,St. Pauli,0,3,1.10172,1.40925
27781,Bundesliga,2024,2024-09-28 13:30:00,Mainz 05,FC Heidenheim,0,2,0.371434,1.09304
27783,Bundesliga,2024,2024-09-28 13:30:00,RasenBallsport Leipzig,Augsburg,4,0,2.81593,1.07415
27780,Bundesliga,2024,2024-09-28 13:30:00,Wolfsburg,VfB Stuttgart,2,2,1.0386,2.58036
26655,EPL,2024,2024-09-28 14:00:00,Arsenal,Leicester,4,2,6.05305,0.337909
26656,EPL,2024,2024-09-28 14:00:00,Brentford,West Ham,1,1,0.370222,0.878617
26657,EPL,2024,2024-09-28 14:00:00,Chelsea,Brighton,4,2,3.65839,1.20712
26654,EPL,2024,2024-09-28 14:00:00,Everton,Crystal Palace,2,1,1.10959,1.12358
26653,EPL,2024,2024-09-28 14:00:00,Nottingham Forest,Fulham,0,1,0.614351,1.43592
27060,La_Liga,2024,2024-09-28 14:15:00,Rayo Vallecano,Leganes,1,1,1.15229,0.852356
28096,Ligue_1,2024,2024-09-28 15:00:00,Lens,Nice,0,0,2.06424,0.9614
27416,Serie_A,2024,2024-09-28 16:00:00,Genoa,Juventus,0,3,0.385259,2.91803
27784,Bundesliga,2024,2024-09-28 16:30:00,Bayern Munich,Bayer Leverkusen,1,1,1.19457,0.0870163
26658,EPL,2024,2024-09-28 16:30:00,Wolverhampton Wanderers,Liverpool,1,2,0.748925,2.11724
27055,La_Liga,2024,2024-09-28 16:30:00,Real Sociedad,Valencia,3,0,3.6853,0.805963
28098,Ligue_1,2024,2024-09-28 17:00:00,Le Havre,Lille,0,3,0.488988,3.5706
27412,Serie_A,2024,2024-09-28 18:45:00,Bologna,Atalanta,1,1,0.176428,2.47751
27056,La_Liga,2024,2024-09-28 19:00:00,Osasuna,Barcelona,4,2,2.50067,0.751814
28100,Ligue_1,2024,2024-09-28 19:00:00,Monaco,Montpellier,2,1,3.45707,0.768868
27421,Serie_A,2024,2024-09-29 10:30:00,Torino,Lazio,2,3,0.494815,2.24735
27054,La_Liga,2024,2024-09-29 12:00:00,Celta Vigo,Girona,1,1,0.52399,1.41269
26659,EPL,2024,2024-09-29 13:00:00,Ipswich,Aston Villa,2,2,1.84608,1.14494
28099,Ligue_1,2024,2024-09-29 13:00:00,Toulouse,Lyon,1,2,0.716626,0.730803
27414,Serie_A,2024,2024-09-29 13:00:00,Como,Verona,3,2,2.47493,1.5544
27420,Serie_A,2024,2024-09-29 13:00:00,Roma,Venezia,2,1,1.99001,2.02845
27785,Bundesliga,2024,2024-09-29 13:30:00,Holstein Kiel,Eintracht Frankfurt,2,4,1.02971,2.43436
27052,La_Liga,2024,2024-09-29 14:15:00,Athletic Club,Sevilla,1,1,1.82961,1.24147
28101,Ligue_1,2024,2024-09-29 15:00:00,Angers,Reims,1,3,1.08284,4.18122
28097,Ligue_1,2024,2024-09-29 15:00:00,Nantes,Saint-Etienne,2,2,2.61562,1.0242
27786,Bundesliga,2024,2024-09-29 15:30:00,Hoffenheim,Werder Bremen,3,4,1.78654,4.06917
26660,EPL,2024,2024-09-29 15:30:00,Manchester United,Tottenham,0,3,0.600721,5.4072
27415,Serie_A,2024,2024-09-29 16:00:00,Empoli,Fiorentina,0,0,0.44778,1.25438
27061,La_Liga,2024,2024-09-29 16:30:00,Real Betis,Espanyol,1,0,1.97922,0.569387
28093,Ligue_1,2024,2024-09-29 18:45:00,Strasbourg,Marseille,1,0,1.67455,0.782395
27418,Serie_A,2024,2024-09-29 18:45:00,Napoli,Monza,2,0,1.35886,0.298287
27053,La_Liga,2024,2024-09-29 19:00:00,Atletico Madrid,Real Madrid,1,1,1.05477,0.660987
27419,Serie_A,2024,2024-09-30 18:45:00,Parma Calcio 1913,Cagliari,2,3,2.98598,3.057
26661,EPL,2024,2024-09-30 19:00:00,Bournemouth,Southampton,3,1,1.44215,0.696068
27058,La_Liga,2024,2024-09-30 19:00:00,Villarreal,Las Palmas,3,1,4.07869,0.802357
27430,Serie_A,2024,2024-10-04 16:30:00,Napoli,Como,3,1,1.91407,0.638474
27790,Bundesliga,2024,2024-10-04 18:30:00,Augsburg,Borussia M.Gladbach,2,1,1.75524,0.807021
28109,Ligue_1,2024,2024-10-04 18:45:00,Marseille,Angers,1,1,0.896807,1.19435
27427,Serie_A,2024,2024-10-04 18:45:00,Verona,Venezia,2,1,2.10738,1.43755
27065,La_Liga,2024,2024-10-04 19:00:00,Leganes,Valencia,0,0,0.913168,0.703751
26662,EPL,2024,2024-10-05 11:30:00,Crystal Palace,Liverpool,0,1,0.609481,2.07332
27071,La_Liga,2024,2024-10-05 12:00:00,Espanyol,Mallorca,2,1,0.948554,1.79839
27431,Serie_A,2024,2024-10-05 13:00:00,Udinese,Lecce,1,0,1.56312,0.645952
27794,Bundesliga,2024,2024-10-05 13:30:00,Bayer Leverkusen,Holstein Kiel,2,2,2.5839,1.98438
27792,Bundesliga,2024,2024-10-05 13:30:00,Bochum,Wolfsburg,1,3,2.28586,2.37344
27791,Bundesliga,2024,2024-10-05 13:30:00,Union Berlin,Borussia Dortmund,2,1,1.52691,0.748758
27789,Bundesliga,2024,2024-10-05 13:30:00,Werder Bremen,Freiburg,0,1,0.879674,1.58065
26666,EPL,2024,2024-10-05 14:00:00,Arsenal,Southampton,3,1,3.25165,1.27313
26667,EPL,2024,2024-10-05 14:00:00,Brentford,Wolverhampton Wanderers,5,3,4.13513,0.696254
26663,EPL,2024,2024-10-05 14:00:00,Leicester,Bournemouth,1,0,0.912063,1.94963
26664,EPL,2024,2024-10-05 14:00:00,Manchester City,Fulham,3,2,1.36684,2.75846
26665,EPL,2024,2024-10-05 14:00:00,West Ham,Ipswich,4,1,4.39402,1.18463
27062,La_Liga,2024,2024-10-05 14:15:00,Getafe,Osasuna,1,1,1.34832,0.247706
28107,Ligue_1,2024,2024-10-05 15:00:00,Saint-Etienne,Auxerre,3,1,2.45106,0.71964
27422,Serie_A,2024,2024-10-05 16:00:00,Atalanta,Genoa,5,1,4.0137,0.543171
27793,Bundesliga,2024,2024-10-05 16:30:00,St. Pauli,Mainz 05,0,3,0.805413,1.29606
26669,EPL,2024,2024-10-05 16:30:00,Everton,Newcastle United,0,0,0.692214,1.79048
27069,La_Liga,2024,2024-10-05 16:30:00,Las Palmas,Celta Vigo,0,1,0.964894,0.814163
27070,La_Liga,2024,2024-10-05 16:30:00,Real Valladolid,Rayo Vallecano,1,2,1.65842,1.64746
28106,Ligue_1,2024,2024-10-05 17:00:00,Lille,Toulouse,2,1,1.37754,1.43654
27428,Serie_A,2024,2024-10-05 18:45:00,Inter,Torino,3,2,3.44641,1.29026
27063,La_Liga,2024,2024-10-05 19:00:00,Real Madrid,Villarreal,2,0,0.459582,1.4618
28103,Ligue_1,2024,2024-10-05 19:00:00,Rennes,Monaco,1,2,0.640297,0.498715
27429,Serie_A,2024,2024-10-06 10:30:00,Juventus,Cagliari,1,1,3.21709,1.045
27066,La_Liga,2024,2024-10-06 12:00:00,Girona,Athletic Club,2,1,2.17393,3.15974
26670,EPL,2024,2024-10-06 13:00:00,Aston Villa,Manchester United,0,0,0.532809,0.448537
26668,EPL,2024,2024-10-06 13:00:00,Chelsea,Nottingham Forest,1,1,2.27752,1.66654
28102,Ligue_1,2024,2024-10-06 13:00:00,Lyon,Nantes,2,0,2.43324,0.765938
27424,Serie_A,2024,2024-10-06 13:00:00,Bologna,Parma Calcio 1913,0,0,0.835615,1.08533
27423,Serie_A,2024,2024-10-06 13:00:00,Lazio,Empoli,2,1,2.0459,0.912844
27788,Bundesliga,2024,2024-10-06 13:30:00,FC Heidenheim,RasenBallsport Leipzig,0,1,1.08159,1.81585
27064,La_Liga,2024,2024-10-06 14:15:00,Alaves,Barcelona,0,3,0.794829,2.49367
28108,Ligue_1,2024,2024-10-06 15:00:00,Brest,Le Havre,2,0,0.890433,2.11913
28105,Ligue_1,2024,2024-10-06 15:00:00,Reims,Montpellier,4,2,3.71514,0.874094
28110,Ligue_1,2024,2024-10-06 15:00:00,Strasbourg,Lens,2,2,1.31135,1.43012
27787,Bundesliga,2024,2024-10-06 15:30:00,Eintracht Frankfurt,Bayern Munich,3,3,1.49515,2.83119
26671,EPL,2024,2024-10-06 15:30:00,Brighton,Tottenham,3,2,1.97217,1.09279
27425,Serie_A,2024,2024-10-06 16:00:00,Monza,Roma,1,1,1.11968,1.47893
27068,La_Liga,2024,2024-10-06 16:30:00,Sevilla,Real Betis,1,0,1.8284,0.436615
27795,Bundesliga,2024,2024-10-06 17:30:00,VfB Stuttgart,Hoffenheim,1,1,1.72567,0.893468
28104,Ligue_1,2024,2024-10-06 18:45:00,Nice,Paris Saint Germain,1,1,0.326466,0.822322
27426,Serie_A,2024,2024-10-06 18:45:00,Fiorentina,AC Milan,2,1,1.94286,2.83446
27067,La_Liga,2024,2024-10-06 19:00:00,Real Sociedad,Atletico Madrid,1,1,1.08517,0.561748
27798,Bundesliga,2024,2024-10-18 18:30:00,Borussia Dortmund,St. Pauli,2,1,3.97161,1.07012
28111,Ligue_1,2024,2024-10-18 18:45:00,Monaco,Lille,0,0,1.1914,0.163769
27078,La_Liga,2024,2024-10-18 19:00:00,Alaves,Real Valladolid,2,3,0.433035,2.33646
26672,EPL,2024,2024-10-19 11:30:00,Tottenham,West Ham,4,1,1.44052,0.858803
27072,La_Liga,2024,2024-10-19 12:00:00,Athletic Club,Espanyol,4,1,1.46517,0.500795
27436,Serie_A,2024,2024-10-19 13:00:00,Como,Parma Calcio 1913,1,1,1.28527,0.918205
27434,Serie_A,2024,2024-10-19 13:00:00,Genoa,Bologna,2,2,0.450285,1.15682
27796,Bundesliga,2024,2024-10-19 13:30:00,Bayer Leverkusen,Eintracht Frankfurt,2,1,4.07146,1.55158
27803,Bundesliga,2024,2024-10-19 13:30:00,Borussia M.Gladbach,FC Heidenheim,3,2,4.14976,1.89766
27800,Bundesliga,2024,2024-10-19 13:30:00,Freiburg,Augsburg,3,1,1.07588,0.868723
27799,Bundesliga,2024,2024-10-19 13:30:00,Hoffenheim,Bochum,3,1,2.46268,2.3454
27802,Bundesliga,2024,2024-10-19 13:30:00,Mainz 05,RasenBallsport Leipzig,0,2,0.611288,2.16084
26673,EPL,2024,2024-10-19 14:00:00,Fulham,Aston Villa,1,3,2.63074,1.43595
26674,EPL,2024,2024-10-19 14:00:00,Ipswich,Everton,0,2,1.174,1.60804
26675,EPL,2024,2024-10-19 14:00:00,Manchester United,Brentford,2,1,1.76555,0.892843
26676,EPL,2024,2024-10-19 14:00:00,Newcastle United,Brighton,0,1,1.93657,1.6779
26678,EPL,2024,2024-10-19 14:00:00,Southampton,Leicester,2,3,2.42776,2.83826
27079,La_Liga,2024,2024-10-19 14:15:00,Osasuna,Real Betis,1,2,2.21025,2.79181
28118,Ligue_1,2024,2024-10-19 15:00:00,Brest,Rennes,1,1,1.42573,1.14445
27440,Serie_A,2024,2024-10-19 16:00:00,AC Milan,Udinese,1,0,1.20398,0.522785
27797,Bundesliga,2024,2024-10-19 16:30:00,Bayern Munich,VfB Stuttgart,4,0,3.61889,0.286656
26680,EPL,2024,2024-10-19 16:30:00,Bournemouth,Arsenal,2,0,2.18419,0.740758
27076,La_Liga,2024,2024-10-19 16:30:00,Girona,Real Sociedad,0,1,0.446152,1.86082
28117,Ligue_1,2024,2024-10-19 17:00:00,Saint-Etienne,Lens,0,2,0.782727,1.35593
27438,Serie_A,2024,2024-10-19 18:45:00,Juventus,Lazio,1,0,1.49305,0.0648311
27075,La_Liga,2024,2024-10-19 19:00:00,Celta Vigo,Real Madrid,1,2,1.79112,1.19816
28119,Ligue_1,2024,2024-10-19 19:00:00,Paris Saint Germain,Strasbourg,4,2,4.66981,2.22038
27435,Serie_A,2024,2024-10-20 10:30:00,Empoli,Napoli,0,1,1.00465,1.31758
27077,La_Liga,2024,2024-10-20 12:00:00,Mallorca,Rayo Vallecano,1,0,2.72076,0.464955
26681,EPL,2024,2024-10-20 13:00:00,Wolverhampton Wanderers,Manchester City,1,2,0.761217,1.36569
28115,Ligue_1,2024,2024-10-20 13:00:00,Le Havre,Lyon,0,4,0.360268,2.76676
27439,Serie_A,2024,2024-10-20 13:00:00,Lecce,Fiorentina,0,6,0.223823,2.21676
27433,Serie_A,2024,2024-10-20 13:00:00,Venezia,Atalanta,0,2,0.881872,1.83371
27804,Bundesliga,2024,2024-10-20 13:30:00,Holstein Kiel,Union Berlin,0,2,0.901058,1.2809
27073,La_Liga,2024,2024-10-20 14:15:00,Atletico Madrid,Leganes,3,1,5.21397,0.271901
28113,Ligue_1,2024,2024-10-20 15:00:00,Auxerre,Reims,2,1,2.86385,1.22872
28116,Ligue_1,2024,2024-10-20 15:00:00,Nantes,Nice,1,1,0.832336,0.776883
28114,Ligue_1,2024,2024-10-20 15:00:00,Toulouse,Angers,1,1,2.43778,1.47299
27801,Bundesliga,2024,2024-10-20 15:30:00,Wolfsburg,Werder Bremen,2,4,2.17351,2.14788
26679,EPL,2024,2024-10-20 15:30:00,Liverpool,Chelsea,2,1,2.22517,1.33904
27432,Serie_A,2024,2024-10-20 16:00:00,Cagliari,Torino,3,2,1.51181,1.23394
27080,La_Liga,2024,2024-10-20 16:30:00,Villarreal,Getafe,1,1,1.14683,2.02638
28112,Ligue_1,2024,2024-10-20 18:45:00,Montpellier,Marseille,0,5,1.75684,3.88109
27441,Serie_A,2024,2024-10-20 18:45:00,Roma,Inter,0,1,0.78742,0.796917
27074,La_Liga,2024,2024-10-20 19:00:00,Barcelona,Sevilla,5,1,4.08528,0.599652
27437,Serie_A,2024,2024-10-21 18:45:00,Verona,Monza,0,3,0.81446,1.56377
26677,EPL,2024,2024-10-21 19:00:00,Nottingham Forest,Crystal Palace,1,0,1.88573,0.835001
27081,La_Liga,2024,2024-10-21 19:00:00,Valencia,Las Palmas,2,3,1.94417,1.56861
27451,Serie_A,2024,2024-10-25 16:30:00,Udinese,Cagliari,2,0,1.12881,0.160634
27810,Bundesliga,2024,2024-10-25 18:30:00,Mainz 05,Borussia M.Gladbach,1,1,1.45557,0.934033
27450,Serie_A,2024,2024-10-25 18:30:00,Torino,Como,1,0,1.56007,1.59554
28123,Ligue_1,2024,2024-10-25 18:45:00,Rennes,Le Havre,1,0,1.84154,0.272294
26682,EPL,2024,2024-10-25 19:00:00,Leicester,Nottingham Forest,1,3,0.832415,2.54488
27091,La_Liga,2024,2024-10-25 19:00:00,Espanyol,Sevilla,0,2,1.0292,0.813306
27089,La_Liga,2024,2024-10-26 12:00:00,Real Valladolid,Villarreal,1,2,0.97802,2.68435
27448,Serie_A,2024,2024-10-26 13:00:00,Napoli,Lecce,1,0,2.53236,0.57038
27809,Bundesliga,2024,2024-10-26 13:30:00,Augsburg,Borussia Dortmund,2,1,0.560509,0.776944
27806,Bundesliga,2024,2024-10-26 13:30:00,RasenBallsport Leipzig,Freiburg,3,1,2.69047,1.75887
27813,Bundesliga,2024,2024-10-26 13:30:00,St. Pauli,Wolfsburg,0,0,0.730167,0.940969
27805,Bundesliga,2024,2024-10-26 13:30:00,VfB Stuttgart,Holstein Kiel,2,1,1.90999,0.680092
26684,EPL,2024,2024-10-26 14:00:00,Aston Villa,Bournemouth,1,1,1.974,0.328651
26685,EPL,2024,2024-10-26 14:00:00,Brentford,Ipswich,4,3,4.09663,1.65698
26686,EPL,2024,2024-10-26 14:00:00,Brighton,Wolverhampton Wanderers,2,2,1.51347,1.11074
26683,EPL,2024,2024-10-26 14:00:00,Manchester City,Southampton,1,0,3.16286,0.369989
27090,La_Liga,2024,2024-10-26 14:15:00,Rayo Vallecano,Alaves,1,0,2.89009,0.871439
28121,Ligue_1,2024,2024-10-26 15:00:00,Angers,Saint-Etienne,4,2,3.26778,1.33
27808,Bundesliga,2024,2024-10-26 16:30:00,Werder Bremen,Bayer Leverkusen,2,2,1.78808,1.30852
26687,EPL,2024,2024-10-26 16:30:00,Everton,Fulham,1,1,0.884845,1.49531
27087,La_Liga,2024,2024-10-26 16:30:00,Las Palmas,Girona,1,0,1.24451,1.04715
28122,Ligue_1,2024,2024-10-26 17:00:00,Reims,Brest,1,2,1.44911,1.64092
27443,Serie_A,2024,2024-10-26 18:45:00,Atalanta,Verona,6,1,3.84122,0.22446
27085,La_Liga,2024,2024-10-26 19:00:00,Real Madrid,Barcelona,0,4,1.40359,2.51566
28120,Ligue_1,2024,2024-10-26 19:00:00,Lens,Lille,0,2,0.865293,1.47637
27449,Serie_A,2024,2024-10-27 11:30:00,Parma Calcio 1913,Empoli,1,1,1.43623,0.14913
27086,La_Liga,2024,2024-10-27 13:00:00,Leganes,Celta Vigo,3,0,1.54881,0.767239
26688,EPL,2024,2024-10-27 14:00:00,Chelsea,Newcastle United,2,1,1.61794,1.74225
26689,EPL,2024,2024-10-27 14:00:00,Crystal Palace,Tottenham,1,0,0.978611,1.0192
26690,EPL,2024,2024-10-27 14:00:00,West Ham,Manchester United,2,1,2.99312,2.62598
28126,Ligue_1,2024,2024-10-27 14:00:00,Lyon,Auxerre,2,2,2.21183,1.0609
27447,Serie_A,2024,2024-10-27 14:00:00,Lazio,Genoa,3,0,2.9799,0.261739
27446,Serie_A,2024,2024-10-27 14:00:00,Monza,Venezia,2,2,0.903007,0.459902
27812,Bundesliga,2024,2024-10-27 14:30:00,Bochum,Bayern Munich,0,5,0.205046,3.1499
27082,La_Liga,2024,2024-10-27 15:15:00,Getafe,Valencia,1,1,2.97825,0.63831
28124,Ligue_1,2024,2024-10-27 16:00:00,Montpellier,Toulouse,0,3,0.241419,2.88708
28128,Ligue_1,2024,2024-10-27 16:00:00,Nice,Monaco,2,1,1.79435,0.796703
28125,Ligue_1,2024,2024-10-27 16:00:00,Strasbourg,Nantes,3,1,1.99679,0.761926
27811,Bundesliga,2024,2024-10-27 16:30:00,Union Berlin,Eintracht Frankfurt,1,1,1.86305,1.54058
26691,EPL,2024,2024-10-27 16:30:00,Arsenal,Liverpool,2,2,1.0883,1.35346
27444,Serie_A,2024,2024-10-27 17:00:00,Inter,Juventus,4,4,2.82542,2.36179
27084,La_Liga,2024,2024-10-27 17:30:00,Real Betis,Atletico Madrid,1,0,2.20384,0.555217
27807,Bundesliga,2024,2024-10-27 18:30:00,FC Heidenheim,Hoffenheim,0,0,1.57817,0.692793
28127,Ligue_1,2024,2024-10-27 19:45:00,Marseille,Paris Saint Germain,0,3,0.277951,4.04221
27445,Serie_A,2024,2024-10-27 19:45:00,Fiorentina,Roma,5,1,4.56893,0.657353
27088,La_Liga,2024,2024-10-27 20:00:00,Real Sociedad,Osasuna,0,2,1.6767,1.06487
27083,La_Liga,2024,2024-10-28 20:00:00,Mallorca,Athletic Club,0,0,0.542356,0.755466
27453,Serie_A,2024,2024-10-29 17:30:00,Cagliari,Bologna,0,2,1.18569,0.872307
27458,Serie_A,2024,2024-10-29 17:30:00,Lecce,Verona,1,0,1.35273,0.211464
27459,Serie_A,2024,2024-10-29 19:45:00,AC Milan,Napoli,0,2,0.568256,0.956912
27455,Serie_A,2024,2024-10-30 17:30:00,Empoli,Inter,0,3,0.319674,1.68832
27461,Serie_A,2024,2024-10-30 17:30:00,Venezia,Udinese,3,2,2.55368,1.30701
27452,Serie_A,2024,2024-10-30 19:45:00,Atalanta,Monza,2,0,1.65221,0.0805941
27457,Serie_A,2024,2024-10-30 19:45:00,Juventus,Parma Calcio 1913,2,2,2.77649,1.45546
27456,Serie_A,2024,2024-10-31 17:30:00,Genoa,Fiorentina,0,1,0.848655,0.909048
27454,Serie_A,2024,2024-10-31 19:45:00,Como,Lazio,1,5,1.16312,2.96686
27460,Serie_A,2024,2024-10-31 19:45:00,Roma,Torino,1,0,0.436341,0.189286
28129,Ligue_1,2024,2024-11-01 18:00:00,Monaco,Angers,0,1,1.47525,0.50003
27814,Bundesliga,2024,2024-11-01 19:30:00,Bayer Leverkusen,VfB Stuttgart,0,0,2.78287,0.223778
27097,La_Liga,2024,2024-11-01 20:00:00,Alaves,Mallorca,1,0,1.43582,0.708287
28136,Ligue_1,2024,2024-11-01 20:00:00,Lille,Lyon,1,1,1.67241,1.58011
26694,EPL,2024,2024-11-02 12:30:00,Newcastle United,Arsenal,1,0,0.859715,0.911305
27096,La_Liga,2024,2024-11-02 13:00:00,Osasuna,Real Valladolid,1,0,3.21695,0.204092
27467,Serie_A,2024,2024-11-02 14:00:00,Bologna,Lecce,1,0,2.06051,0.771878
27815,Bundesliga,2024,2024-11-02 14:30:00,Bayern Munich,Union Berlin,3,0,2.76181,0.4664
27817,Bundesliga,2024,2024-11-02 14:30:00,Eintracht Frankfurt,Bochum,7,2,3.83028,2.08714
27818,Bundesliga,2024,2024-11-02 14:30:00,Hoffenheim,St. Pauli,0,2,0.746379,1.1155
27822,Bundesliga,2024,2024-11-02 14:30:00,Holstein Kiel,FC Heidenheim,1,0,2.13316,1.27585
27820,Bundesliga,2024,2024-11-02 14:30:00,Wolfsburg,Augsburg,1,1,1.11324,0.499473
26692,EPL,2024,2024-11-02 15:00:00,Bournemouth,Manchester City,2,1,2.4493,2.3527
26695,EPL,2024,2024-11-02 15:00:00,Ipswich,Leicester,1,1,1.33617,2.33858
26696,EPL,2024,2024-11-02 15:00:00,Liverpool,Brighton,2,1,1.81037,1.01568
26698,EPL,2024,2024-11-02 15:00:00,Nottingham Forest,West Ham,3,0,2.35011,0.132317
26699,EPL,2024,2024-11-02 15:00:00,Southampton,Everton,1,0,0.540345,1.78581
27095,La_Liga,2024,2024-11-02 15:15:00,Girona,Leganes,4,3,1.81274,0.320545
28130,Ligue_1,2024,2024-11-02 16:00:00,Paris Saint Germain,Lens,1,0,2.76932,0.803421
27466,Serie_A,2024,2024-11-02 17:00:00,Udinese,Juventus,0,2,0.573076,1.55533
27816,Bundesliga,2024,2024-11-02 17:30:00,Borussia Dortmund,RasenBallsport Leipzig,2,1,3.30102,0.23928
26701,EPL,2024,2024-11-02 17:30:00,Wolverhampton Wanderers,Crystal Palace,2,2,1.65018,2.64849
28134,Ligue_1,2024,2024-11-02 18:00:00,Brest,Nice,0,1,1.02021,1.92085
27465,Serie_A,2024,2024-11-02 19:45:00,Monza,AC Milan,0,1,1.23293,2.91043
28137,Ligue_1,2024,2024-11-02 20:00:00,Saint-Etienne,Strasbourg,2,0,2.82745,0.451174
27464,Serie_A,2024,2024-11-03 11:30:00,Napoli,Atalanta,0,3,0.611112,1.50982
27093,La_Liga,2024,2024-11-03 13:00:00,Atletico Madrid,Las Palmas,2,0,1.73469,0.0329044
26700,EPL,2024,2024-11-03 14:00:00,Tottenham,Aston Villa,4,1,2.09751,2.48749
28132,Ligue_1,2024,2024-11-03 14:00:00,Toulouse,Reims,1,0,0.910081,0.818661
27470,Serie_A,2024,2024-11-03 14:00:00,Torino,Fiorentina,0,1,0.590362,0.523302
27819,Bundesliga,2024,2024-11-03 14:30:00,Freiburg,Mainz 05,0,0,0.463898,0.903716
27101,La_Liga,2024,2024-11-03 15:15:00,Barcelona,Espanyol,3,1,1.94398,0.787359
28131,Ligue_1,2024,2024-11-03 16:00:00,Auxerre,Rennes,4,0,2.39897,0.701873
28133,Ligue_1,2024,2024-11-03 16:00:00,Le Havre,Montpellier,1,0,1.7998,0.722691
27821,Bundesliga,2024,2024-11-03 16:30:00,Borussia M.Gladbach,Werder Bremen,4,1,2.95668,1.30211
26697,EPL,2024,2024-11-03 16:30:00,Manchester United,Chelsea,1,1,2.1605,1.21071
27468,Serie_A,2024,2024-11-03 17:00:00,Verona,Roma,3,2,1.51701,2.38413
27100,La_Liga,2024,2024-11-03 17:30:00,Sevilla,Real Sociedad,0,2,0.629505,1.21835
28135,Ligue_1,2024,2024-11-03 19:45:00,Nantes,Marseille,1,2,1.25901,0.876221
27463,Serie_A,2024,2024-11-03 19:45:00,Inter,Venezia,1,0,3.34539,1.14021
27092,La_Liga,2024,2024-11-03 20:00:00,Athletic Club,Real Betis,1,1,4.2033,1.54499
27462,Serie_A,2024,2024-11-04 17:30:00,Empoli,Como,1,0,0.723897,0.41675
27469,Serie_A,2024,2024-11-04 17:30:00,Parma Calcio 1913,Genoa,0,1,0.883705,1.15243
27471,Serie_A,2024,2024-11-04 19:45:00,Lazio,Cagliari,2,1,3.39964,0.274214
26693,EPL,2024,2024-11-04 20:00:00,Fulham,Brentford,2,1,1.43017,0.739231
27094,La_Liga,2024,2024-11-04 20:00:00,Celta Vigo,Getafe,1,0,2.12477,0.424746
27472,Serie_A,2024,2024-11-07 20:00:00,Genoa,Como,1,1,1.03893,1.37361
27829,Bundesliga,2024,2024-11-08 19:30:00,Union Berlin,Freiburg,0,0,0.801684,2.66619
28146,Ligue_1,2024,2024-11-08 19:45:00,Marseille,Auxerre,1,3,2.02831,2.09466
27474,Serie_A,2024,2024-11-08 19:45:00,Lecce,Empoli,1,1,1.41905,0.610497
27110,La_Liga,2024,2024-11-08 20:00:00,Rayo Vallecano,Las Palmas,1,3,2.63982,1.25211
27109,La_Liga,2024,2024-11-09 13:00:00,Real Madrid,Osasuna,4,0,3.27315,0.0678926
27477,Serie_A,2024,2024-11-09 14:00:00,Venezia,Parma Calcio 1913,1,2,1.29642,0.945022
27830,Bundesliga,2024,2024-11-09 14:30:00,Bochum,Bayer Leverkusen,1,1,0.777554,1.40554
27828,Bundesliga,2024,2024-11-09 14:30:00,Mainz 05,Borussia Dortmund,3,1,3.18749,0.845107
27831,Bundesliga,2024,2024-11-09 14:30:00,St. Pauli,Bayern Munich,0,1,0.0751538,1.67296
27826,Bundesliga,2024,2024-11-09 14:30:00,Werder Bremen,Holstein Kiel,2,1,2.26129,0.884231
26702,EPL,2024,2024-11-09 15:00:00,Brentford,Bournemouth,3,2,1.56474,2.49234
26706,EPL,2024,2024-11-09 15:00:00,Crystal Palace,Fulham,0,2,1.96037,2.25331
26710,EPL,2024,2024-11-09 15:00:00,West Ham,Everton,0,0,1.1237,0.865983
26711,EPL,2024,2024-11-09 15:00:00,Wolverhampton Wanderers,Southampton,2,0,0.912781,0.792655
27111,La_Liga,2024,2024-11-09 15:15:00,Villarreal,Alaves,3,0,1.44293,0.608571
28140,Ligue_1,2024,2024-11-09 16:00:00,Strasbourg,Monaco,1,3,0.771173,3.42574
27478,Serie_A,2024,2024-11-09 17:00:00,Cagliari,AC Milan,3,3,1.90363,2.77604
27824,Bundesliga,2024,2024-11-09 17:30:00,RasenBallsport Leipzig,Borussia M.Gladbach,0,0,0.849803,1.31521
26703,EPL,2024,2024-11-09 17:30:00,Brighton,Manchester City,2,1,2.87116,2.60334
28139,Ligue_1,2024,2024-11-09 18:00:00,Lens,Nantes,3,2,3.74705,1.49891
27480,Serie_A,2024,2024-11-09 19:45:00,Juventus,Torino,2,0,1.57325,0.273931
26707,EPL,2024,2024-11-09 20:00:00,Liverpool,Aston Villa,2,0,2.68196,1.66337
28142,Ligue_1,2024,2024-11-09 20:00:00,Angers,Paris Saint Germain,2,4,1.21483,4.38095
27105,La_Liga,2024,2024-11-09 21:00:00,Leganes,Sevilla,1,0,1.09319,0.539924
27481,Serie_A,2024,2024-11-10 11:30:00,Atalanta,Udinese,2,1,1.60488,0.90914
27103,La_Liga,2024,2024-11-10 13:00:00,Real Betis,Celta Vigo,2,2,1.65065,0.941675
26708,EPL,2024,2024-11-10 14:00:00,Manchester United,Leicester,3,0,1.2369,0.417295
26704,EPL,2024,2024-11-10 14:00:00,Nottingham Forest,Newcastle United,1,3,1.17852,1.86904
26709,EPL,2024,2024-11-10 14:00:00,Tottenham,Ipswich,1,2,1.75088,2.18392
28141,Ligue_1,2024,2024-11-10 14:00:00,Nice,Lille,2,2,1.92983,2.19562
27479,Serie_A,2024,2024-11-10 14:00:00,Fiorentina,Verona,3,1,2.77034,0.53544
27476,Serie_A,2024,2024-11-10 14:00:00,Roma,Bologna,2,3,1.06974,2.16772
27827,Bundesliga,2024,2024-11-10 14:30:00,Augsburg,Hoffenheim,0,0,0.970329,0.415649
27107,La_Liga,2024,2024-11-10 15:15:00,Mallorca,Atletico Madrid,0,1,0.735147,0.93863
28143,Ligue_1,2024,2024-11-10 16:00:00,Le Havre,Reims,0,3,1.51035,2.69952
28144,Ligue_1,2024,2024-11-10 16:00:00,Montpellier,Brest,3,1,3.03758,1.88669
28138,Ligue_1,2024,2024-11-10 16:00:00,Rennes,Toulouse,0,2,0.31279,1.31564
27823,Bundesliga,2024,2024-11-10 16:30:00,VfB Stuttgart,Eintracht Frankfurt,2,3,2.81862,1.93894
26705,EPL,2024,2024-11-10 16:30:00,Chelsea,Arsenal,1,1,1.24067,1.9605
27475,Serie_A,2024,2024-11-10 17:00:00,Monza,Lazio,0,1,0.747377,1.17083
27104,La_Liga,2024,2024-11-10 17:30:00,Getafe,Girona,0,1,0.220796,0.521025
27106,La_Liga,2024,2024-11-10 17:30:00,Real Valladolid,Athletic Club,1,1,0.887674,1.487
27825,Bundesliga,2024,2024-11-10 18:30:00,FC Heidenheim,Wolfsburg,1,3,2.62448,1.55233
28145,Ligue_1,2024,2024-11-10 19:45:00,Lyon,Saint-Etienne,1,0,2.28647,0.703111
27473,Serie_A,2024,2024-11-10 19:45:00,Inter,Napoli,1,1,1.47373,1.00611
27108,La_Liga,2024,2024-11-10 20:00:00,Real Sociedad,Barcelona,1,0,1.88518,0.514102
28153,Ligue_1,2024,2024-11-22 18:00:00,Monaco,Brest,3,2,2.55781,1.38684
27834,Bundesliga,2024,2024-11-22 19:30:00,Bayern Munich,Augsburg,3,0,4.02659,0.149096
27113,La_Liga,2024,2024-11-22 20:00:00,Getafe,Real Valladolid,2,0,0.658487,0.729169
28147,Ligue_1,2024,2024-11-22 20:00:00,Paris Saint Germain,Toulouse,3,0,1.63216,1.84157
26719,EPL,2024,2024-11-23 12:30:00,Leicester,Chelsea,1,2,0.967987,2.81658
27118,La_Liga,2024,2024-11-23 13:00:00,Valencia,Real Betis,4,2,1.67338,1.05242
27485,Serie_A,2024,2024-11-23 14:00:00,Verona,Inter,0,5,0.554633,2.79774
27832,Bundesliga,2024,2024-11-23 14:30:00,Bayer Leverkusen,FC Heidenheim,5,2,2.02581,1.03141
27835,Bundesliga,2024,2024-11-23 14:30:00,Borussia Dortmund,Freiburg,4,0,1.49974,1.1957
27837,Bundesliga,2024,2024-11-23 14:30:00,Hoffenheim,RasenBallsport Leipzig,4,3,2.60143,1.72976
27833,Bundesliga,2024,2024-11-23 14:30:00,VfB Stuttgart,Bochum,2,0,2.05767,0.652259
27838,Bundesliga,2024,2024-11-23 14:30:00,Wolfsburg,Union Berlin,1,0,0.742754,0.63337
26714,EPL,2024,2024-11-23 15:00:00,Arsenal,Nottingham Forest,3,0,1.66016,0.403136
26716,EPL,2024,2024-11-23 15:00:00,Aston Villa,Crystal Palace,2,2,3.04455,1.61437
26712,EPL,2024,2024-11-23 15:00:00,Bournemouth,Brighton,1,2,1.91157,1.23059
26715,EPL,2024,2024-11-23 15:00:00,Everton,Brentford,0,0,1.5951,1.34314
26717,EPL,2024,2024-11-23 15:00:00,Fulham,Wolverhampton Wanderers,1,4,0.717158,1.33903
27120,La_Liga,2024,2024-11-23 15:15:00,Atletico Madrid,Alaves,2,1,2.05318,0.785902
28148,Ligue_1,2024,2024-11-23 16:00:00,Lens,Marseille,1,3,2.1723,1.37895
27490,Serie_A,2024,2024-11-23 17:00:00,AC Milan,Juventus,0,0,0.306342,0.811307
27836,Bundesliga,2024,2024-11-23 17:30:00,Eintracht Frankfurt,Werder Bremen,1,0,1.47057,0.632819
26720,EPL,2024,2024-11-23 17:30:00,Manchester City,Tottenham,0,4,2.15899,3.30449
27121,La_Liga,2024,2024-11-23 17:30:00,Girona,Espanyol,4,1,3.28521,0.488285
27115,La_Liga,2024,2024-11-23 17:30:00,Las Palmas,Mallorca,2,3,1.15972,1.45816
28150,Ligue_1,2024,2024-11-23 18:00:00,Saint-Etienne,Montpellier,1,0,1.27297,0.862794
27491,Serie_A,2024,2024-11-23 19:45:00,Parma Calcio 1913,Atalanta,1,3,0.622186,3.54363
27117,La_Liga,2024,2024-11-23 20:00:00,Celta Vigo,Barcelona,2,2,2.75981,1.93782
28155,Ligue_1,2024,2024-11-23 20:00:00,Reims,Lyon,1,1,1.17295,1.92683
27484,Serie_A,2024,2024-11-24 11:30:00,Genoa,Cagliari,2,2,2.1978,2.81223
27114,La_Liga,2024,2024-11-24 13:00:00,Osasuna,Villarreal,2,2,1.3273,2.68193
26721,EPL,2024,2024-11-24 14:00:00,Southampton,Liverpool,2,3,1.53985,3.18835
28151,Ligue_1,2024,2024-11-24 14:00:00,Lille,Rennes,1,0,0.641516,0.178059
27482,Serie_A,2024,2024-11-24 14:00:00,Como,Fiorentina,0,2,1.27005,0.947266
27488,Serie_A,2024,2024-11-24 14:00:00,Torino,Monza,1,1,1.45433,0.916564
27840,Bundesliga,2024,2024-11-24 14:30:00,Holstein Kiel,Mainz 05,0,3,0.346026,2.13631
27119,La_Liga,2024,2024-11-24 15:15:00,Sevilla,Rayo Vallecano,1,0,1.57063,0.862262
28154,Ligue_1,2024,2024-11-24 16:00:00,Auxerre,Angers,1,0,0.683126,1.14148
28152,Ligue_1,2024,2024-11-24 16:00:00,Nantes,Le Havre,0,2,0.846924,0.977121
27839,Bundesliga,2024,2024-11-24 16:30:00,Borussia M.Gladbach,St. Pauli,2,0,2.99128,1.15234
26718,EPL,2024,2024-11-24 16:30:00,Ipswich,Manchester United,1,1,1.98714,1.26912
27487,Serie_A,2024,2024-11-24 17:00:00,Napoli,Roma,1,0,2.02389,0.592582
27116,La_Liga,2024,2024-11-24 17:30:00,Leganes,Real Madrid,0,3,0.108948,2.73014
28149,Ligue_1,2024,2024-11-24 19:45:00,Nice,Strasbourg,2,1,2.03827,0.524154
27486,Serie_A,2024,2024-11-24 19:45:00,Lazio,Bologna,3,0,2.59912,0.0932634
27112,La_Liga,2024,2024-11-24 20:00:00,Athletic Club,Real Sociedad,1,0,1.65075,0.799084
27483,Serie_A,2024,2024-11-25 17:00:00,Empoli,Udinese,1,1,0.166889,1.09285
27489,Serie_A,2024,2024-11-25 19:45:00,Venezia,Lecce,0,1,2.88235,0.624722
26713,EPL,2024,2024-11-25 20:00:00,Newcastle United,West Ham,0,2,1.49781,0.942824
28156,Ligue_1,2024,2024-11-29 19:45:00,Reims,Lens,0,2,0.589301,1.40788
27495,Serie_A,2024,2024-11-29 19:45:00,Cagliari,Verona,1,0,2.64816,0.606166
26723,EPL,2024,2024-11-29 20:00:00,Brighton,Southampton,1,1,1.86986,0.934969
27123,La_Liga,2024,2024-11-29 20:00:00,Mallorca,Valencia,2,1,0.721435,1.33443
27122,La_Liga,2024,2024-11-30 13:00:00,Barcelona,Las Palmas,1,2,2.18354,0.599185
27496,Serie_A,2024,2024-11-30 14:00:00,Como,Monza,1,1,1.38648,1.75565
27846,Bundesliga,2024,2024-11-30 14:30:00,Augsburg,Bochum,1,0,2.15529,0.250706
27845,Bundesliga,2024,2024-11-30 14:30:00,Freiburg,Borussia M.Gladbach,3,1,2.15426,1.27811
27841,Bundesliga,2024,2024-11-30 14:30:00,RasenBallsport Leipzig,Wolfsburg,1,5,1.4486,2.69881
27849,Bundesliga,2024,2024-11-30 14:30:00,St. Pauli,Holstein Kiel,3,1,1.96179,1.1506
27848,Bundesliga,2024,2024-11-30 14:30:00,Union Berlin,Bayer Leverkusen,1,2,1.11328,0.906684
27844,Bundesliga,2024,2024-11-30 14:30:00,Werder Bremen,VfB Stuttgart,2,2,2.14949,1.6651
26722,EPL,2024,2024-11-30 15:00:00,Brentford,Leicester,4,1,2.21885,0.907555
26725,EPL,2024,2024-11-30 15:00:00,Crystal Palace,Newcastle United,1,1,2.29595,0.020989
26728,EPL,2024,2024-11-30 15:00:00,Nottingham Forest,Ipswich,1,0,1.76587,0.462771
26731,EPL,2024,2024-11-30 15:00:00,Wolverhampton Wanderers,Bournemouth,2,4,0.866034,3.07901
27124,La_Liga,2024,2024-11-30 15:15:00,Alaves,Leganes,1,1,1.28884,1.3688
28157,Ligue_1,2024,2024-11-30 16:00:00,Rennes,Saint-Etienne,5,0,3.01812,0.168428
27498,Serie_A,2024,2024-11-30 17:00:00,AC Milan,Empoli,3,0,2.02293,0.400556
27842,Bundesliga,2024,2024-11-30 17:30:00,Borussia Dortmund,Bayern Munich,1,1,0.55981,1.83117
26730,EPL,2024,2024-11-30 17:30:00,West Ham,Arsenal,2,5,1.23539,3.99935
27131,La_Liga,2024,2024-11-30 17:30:00,Espanyol,Celta Vigo,3,1,1.50136,1.55998
28159,Ligue_1,2024,2024-11-30 18:00:00,Brest,Strasbourg,3,1,2.90417,0.930345
27494,Serie_A,2024,2024-11-30 19:45:00,Bologna,Venezia,3,0,4.16965,0.357302
27126,La_Liga,2024,2024-11-30 20:00:00,Real Valladolid,Atletico Madrid,0,5,0.437294,3.40487
28161,Ligue_1,2024,2024-11-30 20:00:00,Paris Saint Germain,Nantes,1,1,3.85838,0.742742
27501,Serie_A,2024,2024-12-01 11:30:00,Udinese,Genoa,0,2,0.156386,1.7171
27128,La_Liga,2024,2024-12-01 13:00:00,Villarreal,Girona,2,2,1.96842,0.516301
26724,EPL,2024,2024-12-01 13:30:00,Chelsea,Aston Villa,3,0,1.94939,0.875443
26727,EPL,2024,2024-12-01 13:30:00,Manchester United,Everton,4,0,1.76161,0.766749
26729,EPL,2024,2024-12-01 13:30:00,Tottenham,Fulham,1,1,1.01086,1.57274
28160,Ligue_1,2024,2024-12-01 14:00:00,Montpellier,Lille,2,2,1.28241,2.06485
27499,Serie_A,2024,2024-12-01 14:00:00,Parma Calcio 1913,Lazio,3,1,1.27449,2.4176
27500,Serie_A,2024,2024-12-01 14:00:00,Torino,Napoli,0,1,0.442989,1.64196
27127,La_Liga,2024,2024-12-01 15:15:00,Real Madrid,Getafe,2,0,3.23626,0.34657
26726,EPL,2024,2024-12-01 16:00:00,Liverpool,Manchester City,2,0,3.70054,0.745015
28158,Ligue_1,2024,2024-12-01 16:00:00,Le Havre,Angers,0,1,0.322626,2.10367
28163,Ligue_1,2024,2024-12-01 16:00:00,Lyon,Nice,4,1,2.88467,2.03621
28164,Ligue_1,2024,2024-12-01 16:00:00,Toulouse,Auxerre,2,0,2.78623,0.129647
27843,Bundesliga,2024,2024-12-01 16:30:00,FC Heidenheim,Eintracht Frankfurt,0,4,0.861094,3.19019
27847,Bundesliga,2024,2024-12-01 16:30:00,Mainz 05,Hoffenheim,2,0,2.62793,0.814599
27125,La_Liga,2024,2024-12-01 17:30:00,Rayo Vallecano,Athletic Club,1,2,0.590024,0.556919
28162,Ligue_1,2024,2024-12-01 19:45:00,Marseille,Monaco,2,1,1.65632,0.958578
27492,Serie_A,2024,2024-12-01 19:45:00,Lecce,Juventus,1,1,1.10419,1.03998
27130,La_Liga,2024,2024-12-01 20:00:00,Real Sociedad,Real Betis,2,0,0.818081,0.366137
27493,Serie_A,2024,2024-12-02 19:45:00,Roma,Atalanta,0,2,0.667881,1.76696
27129,La_Liga,2024,2024-12-02 20:00:00,Sevilla,Osasuna,1,1,1.09081,1.04839
27167,La_Liga,2024,2024-12-03 18:00:00,Mallorca,Barcelona,1,5,0.921728,5.38074
26737,EPL,2024,2024-12-03 19:30:00,Ipswich,Crystal Palace,0,1,0.471708,1.65422
26738,EPL,2024,2024-12-03 20:15:00,Leicester,West Ham,3,1,2.78061,2.87716
26735,EPL,2024,2024-12-04 19:30:00,Everton,Wolverhampton Wanderers,4,0,1.49904,0.847724
26739,EPL,2024,2024-12-04 19:30:00,Manchester City,Nottingham Forest,3,0,3.20169,0.802155
26740,EPL,2024,2024-12-04 19:30:00,Newcastle United,Liverpool,3,3,1.52057,2.22766
26741,EPL,2024,2024-12-04 19:30:00,Southampton,Chelsea,1,5,1.91014,5.8331
27162,La_Liga,2024,2024-12-04 20:00:00,Athletic Club,Real Madrid,2,1,2.08134,1.97732
26733,EPL,2024,2024-12-04 20:15:00,Arsenal,Manchester United,2,0,2.96684,0.256083
26734,EPL,2024,2024-12-04 20:15:00,Aston Villa,Brentford,3,1,3.21673,1.13266
26736,EPL,2024,2024-12-05 19:30:00,Fulham,Brighton,3,1,0.666644,1.09939
26732,EPL,2024,2024-12-05 20:15:00,Bournemouth,Tottenham,1,0,3.27716,0.623934
27507,Serie_A,2024,2024-12-06 17:30:00,Inter,Parma Calcio 1913,3,1,3.0797,0.274097
28169,Ligue_1,2024,2024-12-06 18:00:00,Lille,Brest,3,1,3.01042,0.740372
27851,Bundesliga,2024,2024-12-06 19:30:00,VfB Stuttgart,Union Berlin,3,2,1.81349,1.86301
27502,Serie_A,2024,2024-12-06 19:45:00,Atalanta,AC Milan,2,1,2.62823,0.899516
27136,La_Liga,2024,2024-12-06 20:00:00,Celta Vigo,Mallorca,2,0,1.19949,1.09038
28166,Ligue_1,2024,2024-12-06 20:00:00,Auxerre,Paris Saint Germain,0,0,0.34154,3.04535
27138,La_Liga,2024,2024-12-07 13:00:00,Las Palmas,Real Valladolid,2,1,1.27625,1.30835
27505,Serie_A,2024,2024-12-07 14:00:00,Genoa,Torino,0,0,0.327249,0.70601
27850,Bundesliga,2024,2024-12-07 14:30:00,Bayer Leverkusen,St. Pauli,2,1,0.729523,2.18395
27857,Bundesliga,2024,2024-12-07 14:30:00,Bayern Munich,FC Heidenheim,4,2,3.08538,1.16879
27855,Bundesliga,2024,2024-12-07 14:30:00,Bochum,Werder Bremen,0,1,1.16256,1.20754
27858,Bundesliga,2024,2024-12-07 14:30:00,Eintracht Frankfurt,Augsburg,2,2,1.53465,1.17089
27856,Bundesliga,2024,2024-12-07 14:30:00,Holstein Kiel,RasenBallsport Leipzig,0,2,1.14963,1.72704
26742,EPL,2024,2024-12-07 15:00:00,Aston Villa,Southampton,1,0,2.51338,0.385832
26743,EPL,2024,2024-12-07 15:00:00,Brentford,Newcastle United,4,2,1.746,1.95645
26747,EPL,2024,2024-12-07 15:00:00,Crystal Palace,Manchester City,2,2,1.21476,1.5846
27139,La_Liga,2024,2024-12-07 15:15:00,Real Betis,Barcelona,2,2,2.76257,1.54117
28173,Ligue_1,2024,2024-12-07 16:00:00,Monaco,Toulouse,2,0,2.8043,0.232536
27503,Serie_A,2024,2024-12-07 17:00:00,Juventus,Bologna,2,2,0.856802,0.784689
27854,Bundesliga,2024,2024-12-07 17:30:00,Borussia M.Gladbach,Borussia Dortmund,1,1,1.10194,1.58856
26744,EPL,2024,2024-12-07 17:30:00,Manchester United,Nottingham Forest,2,3,1.4697,0.651217
27140,La_Liga,2024,2024-12-07 17:30:00,Valencia,Rayo Vallecano,0,1,1.0002,1.02294
28165,Ligue_1,2024,2024-12-07 18:00:00,Nice,Le Havre,2,1,2.27599,1.42884
27510,Serie_A,2024,2024-12-07 19:45:00,Roma,Lecce,4,1,2.38077,0.826928
27137,La_Liga,2024,2024-12-07 20:00:00,Girona,Real Madrid,0,3,0.351337,1.16034
28168,Ligue_1,2024,2024-12-07 20:00:00,Angers,Lyon,0,3,0.505438,2.02701
27504,Serie_A,2024,2024-12-08 11:30:00,Fiorentina,Cagliari,1,0,0.412045,1.00073
27133,La_Liga,2024,2024-12-08 13:00:00,Leganes,Real Sociedad,0,3,0.463722,1.74462
26749,EPL,2024,2024-12-08 14:00:00,Fulham,Arsenal,1,1,0.150988,2.4333
26750,EPL,2024,2024-12-08 14:00:00,Ipswich,Bournemouth,1,2,1.5668,3.49127
26751,EPL,2024,2024-12-08 14:00:00,Leicester,Brighton,2,2,1.42438,1.12184
28170,Ligue_1,2024,2024-12-08 14:00:00,Lens,Montpellier,2,0,1.10272,1.51819
27506,Serie_A,2024,2024-12-08 14:00:00,Verona,Empoli,1,4,0.895085,1.2903
27853,Bundesliga,2024,2024-12-08 14:30:00,Wolfsburg,Mainz 05,4,3,1.48692,3.02237
27134,La_Liga,2024,2024-12-08 15:15:00,Athletic Club,Villarreal,2,0,1.31484,0.796459
28172,Ligue_1,2024,2024-12-08 16:00:00,Nantes,Rennes,1,0,1.70972,0.285927
28171,Ligue_1,2024,2024-12-08 16:00:00,Strasbourg,Reims,0,0,1.0949,1.28455
27852,Bundesliga,2024,2024-12-08 16:30:00,Hoffenheim,Freiburg,1,1,1.49449,1.53138
26745,EPL,2024,2024-12-08 16:30:00,Tottenham,Chelsea,3,4,3.25488,2.57326
27511,Serie_A,2024,2024-12-08 17:00:00,Venezia,Como,2,2,0.303457,0.779392
27141,La_Liga,2024,2024-12-08 17:30:00,Osasuna,Alaves,2,2,2.31345,1.50067
28167,Ligue_1,2024,2024-12-08 19:45:00,Saint-Etienne,Marseille,0,2,0.166752,2.9851
27509,Serie_A,2024,2024-12-08 19:45:00,Napoli,Lazio,0,1,1.14465,0.243674
27135,La_Liga,2024,2024-12-08 20:00:00,Atletico Madrid,Sevilla,4,3,2.32183,0.635773
27508,Serie_A,2024,2024-12-09 19:45:00,Monza,Udinese,1,2,1.92222,1.40496
26746,EPL,2024,2024-12-09 20:00:00,West Ham,Wolverhampton Wanderers,2,1,1.19808,1.47567
27132,La_Liga,2024,2024-12-09 20:00:00,Getafe,Espanyol,1,0,0.530268,1.17303
27862,Bundesliga,2024,2024-12-13 19:30:00,Freiburg,Wolfsburg,3,2,2.96777,1.85123
28178,Ligue_1,2024,2024-12-13 19:45:00,Toulouse,Saint-Etienne,2,1,1.73249,0.388289
27513,Serie_A,2024,2024-12-13 19:45:00,Empoli,Torino,0,1,0.953691,1.36089
27147,La_Liga,2024,2024-12-13 20:00:00,Real Valladolid,Valencia,1,0,0.531831,0.657242
27150,La_Liga,2024,2024-12-14 13:00:00,Espanyol,Osasuna,0,0,0.298744,0.213917
27517,Serie_A,2024,2024-12-14 14:00:00,Cagliari,Atalanta,0,1,1.90937,2.37449
27863,Bundesliga,2024,2024-12-14 14:30:00,Augsburg,Bayer Leverkusen,0,2,0.43671,1.02095
27865,Bundesliga,2024,2024-12-14 14:30:00,Borussia M.Gladbach,Holstein Kiel,4,1,2.33425,0.323948
27864,Bundesliga,2024,2024-12-14 14:30:00,Mainz 05,Bayern Munich,2,1,1.64219,0.992002
27866,Bundesliga,2024,2024-12-14 14:30:00,Union Berlin,Bochum,1,1,3.0131,1.23723
26755,EPL,2024,2024-12-14 15:00:00,Arsenal,Everton,0,0,1.30865,0.132166
26752,EPL,2024,2024-12-14 15:00:00,Liverpool,Fulham,2,2,2.09698,1.2862
26760,EPL,2024,2024-12-14 15:00:00,Newcastle United,Leicester,4,0,3.95461,0.186759
26758,EPL,2024,2024-12-14 15:00:00,Wolverhampton Wanderers,Ipswich,1,2,1.23748,1.73349
27146,La_Liga,2024,2024-12-14 15:15:00,Mallorca,Girona,2,1,1.65091,0.939735
28181,Ligue_1,2024,2024-12-14 16:00:00,Marseille,Lille,1,1,1.21515,1.24013
27521,Serie_A,2024,2024-12-14 17:00:00,Udinese,Napoli,1,3,1.48544,1.96425
27867,Bundesliga,2024,2024-12-14 17:30:00,St. Pauli,Werder Bremen,0,2,0.515437,0.986101
26761,EPL,2024,2024-12-14 17:30:00,Nottingham Forest,Aston Villa,2,1,2.2861,0.389423
27145,La_Liga,2024,2024-12-14 17:30:00,Sevilla,Celta Vigo,1,0,0.487466,0.928845
28177,Ligue_1,2024,2024-12-14 18:00:00,Auxerre,Lens,2,2,0.51026,1.73768
27514,Serie_A,2024,2024-12-14 19:45:00,Juventus,Venezia,2,2,2.18951,0.586788
27144,La_Liga,2024,2024-12-14 20:00:00,Rayo Vallecano,Real Madrid,3,3,1.60769,1.15429
28176,Ligue_1,2024,2024-12-14 20:00:00,Reims,Monaco,0,0,1.52074,1.3291
27516,Serie_A,2024,2024-12-15 11:30:00,Lecce,Monza,2,1,1.57794,0.790408
27142,La_Liga,2024,2024-12-15 13:00:00,Atletico Madrid,Getafe,1,0,1.85376,0.238672
26756,EPL,2024,2024-12-15 14:00:00,Brighton,Crystal Palace,1,3,1.32323,3.00618
28179,Ligue_1,2024,2024-12-15 14:00:00,Montpellier,Nice,2,2,2.45121,1.55192
27518,Serie_A,2024,2024-12-15 14:00:00,Bologna,Fiorentina,1,0,2.32266,1.14307
27519,Serie_A,2024,2024-12-15 14:00:00,Parma Calcio 1913,Verona,2,3,2.30533,3.70407
27861,Bundesliga,2024,2024-12-15 14:30:00,FC Heidenheim,VfB Stuttgart,1,3,0.808275,3.46171
27149,La_Liga,2024,2024-12-15 15:15:00,Alaves,Athletic Club,1,1,0.803776,0.843706
28180,Ligue_1,2024,2024-12-15 16:00:00,Brest,Nantes,4,1,2.20104,1.39913
28175,Ligue_1,2024,2024-12-15 16:00:00,Le Havre,Strasbourg,0,3,1.58328,1.39172
28174,Ligue_1,2024,2024-12-15 16:00:00,Rennes,Angers,2,0,0.62717,0.391796
27860,Bundesliga,2024,2024-12-15 16:30:00,Borussia Dortmund,Hoffenheim,1,1,0.433347,1.31436
26753,EPL,2024,2024-12-15 16:30:00,Manchester City,Manchester United,1,2,0.638103,2.04662
27512,Serie_A,2024,2024-12-15 17:00:00,Como,Roma,2,0,1.1153,0.650738
27151,La_Liga,2024,2024-12-15 17:30:00,Real Sociedad,Las Palmas,0,0,1.24562,0.840973
27148,La_Liga,2024,2024-12-15 17:30:00,Villarreal,Real Betis,1,2,1.60957,1.6735
27859,Bundesliga,2024,2024-12-15 18:30:00,RasenBallsport Leipzig,Eintracht Frankfurt,2,1,2.4958,0.839379
26757,EPL,2024,2024-12-15 19:00:00,Chelsea,Brentford,2,1,2.59146,1.65861
26759,EPL,2024,2024-12-15 19:00:00,Southampton,Tottenham,0,5,1.27356,3.89322
28182,Ligue_1,2024,2024-12-15 19:45:00,Paris Saint Germain,Lyon,3,1,2.59615,1.23945
27520,Serie_A,2024,2024-12-15 19:45:00,AC Milan,Genoa,0,0,1.28243,0.204497
27143,La_Liga,2024,2024-12-15 20:00:00,Barcelona,Leganes,0,1,2.16597,0.77236
27515,Serie_A,2024,2024-12-16 19:45:00,Lazio,Inter,0,6,0.634641,2.33306
26754,EPL,2024,2024-12-16 20:00:00,Bournemouth,West Ham,1,1,2.04842,1.81827
28183,Ligue_1,2024,2024-12-18 20:00:00,Monaco,Paris Saint Germain,2,4,3.10193,2.40654
27102,La_Liga,2024,2024-12-18 20:30:00,Espanyol,Valencia,1,1,1.87851,1.78128
27098,La_Liga,2024,2024-12-18 20:30:00,Villarreal,Rayo Vallecano,1,1,2.52908,1.85712
27870,Bundesliga,2024,2024-12-20 19:30:00,Bayern Munich,RasenBallsport Leipzig,5,1,4.35715,0.552564
27522,Serie_A,2024,2024-12-20 19:45:00,Verona,AC Milan,0,1,0.649472,1.37505
27156,La_Liga,2024,2024-12-20 20:00:00,Girona,Real Valladolid,3,0,2.16439,0.0119855
26762,EPL,2024,2024-12-21 12:30:00,Aston Villa,Manchester City,2,1,2.05988,1.09627
27155,La_Liga,2024,2024-12-21 13:00:00,Getafe,Mallorca,0,1,0.735241,2.06274
27527,Serie_A,2024,2024-12-21 14:00:00,Torino,Bologna,0,2,0.270606,1.79816
27871,Bundesliga,2024,2024-12-21 14:30:00,Eintracht Frankfurt,Mainz 05,1,3,2.58915,0.753285
27872,Bundesliga,2024,2024-12-21 14:30:00,Hoffenheim,Borussia M.Gladbach,1,2,3.7229,0.490494
27876,Bundesliga,2024,2024-12-21 14:30:00,Holstein Kiel,Augsburg,5,1,2.48595,1.13064
27869,Bundesliga,2024,2024-12-21 14:30:00,VfB Stuttgart,St. Pauli,0,1,2.41593,2.57781
27873,Bundesliga,2024,2024-12-21 14:30:00,Werder Bremen,Union Berlin,4,1,2.73356,1.64107
26766,EPL,2024,2024-12-21 15:00:00,Brentford,Nottingham Forest,0,2,0.769004,0.964897
26771,EPL,2024,2024-12-21 15:00:00,Ipswich,Newcastle United,0,4,1.06427,3.23386
26767,EPL,2024,2024-12-21 15:00:00,West Ham,Brighton,1,1,1.22937,1.34379
27154,La_Liga,2024,2024-12-21 15:15:00,Celta Vigo,Real Sociedad,2,0,1.22165,0.314488
27524,Serie_A,2024,2024-12-21 17:00:00,Genoa,Napoli,1,2,0.707336,1.42377
27868,Bundesliga,2024,2024-12-21 17:30:00,Bayer Leverkusen,Freiburg,5,1,3.25968,1.34161
26765,EPL,2024,2024-12-21 17:30:00,Crystal Palace,Arsenal,1,5,1.6052,3.05434
27159,La_Liga,2024,2024-12-21 17:30:00,Osasuna,Athletic Club,1,2,0.417557,1.18093
27530,Serie_A,2024,2024-12-21 19:45:00,Lecce,Lazio,1,2,1.09129,1.95023
27160,La_Liga,2024,2024-12-21 20:00:00,Barcelona,Atletico Madrid,1,2,3.37424,0.710716
27529,Serie_A,2024,2024-12-22 11:30:00,Roma,Parma Calcio 1913,5,0,5.55856,0.615694
27161,La_Liga,2024,2024-12-22 13:00:00,Valencia,Alaves,2,2,1.34762,1.54294
26764,EPL,2024,2024-12-22 14:00:00,Everton,Chelsea,0,0,1.07081,1.51591
26763,EPL,2024,2024-12-22 14:00:00,Fulham,Southampton,0,0,1.25255,0.280031
26770,EPL,2024,2024-12-22 14:00:00,Leicester,Wolverhampton Wanderers,0,3,0.78868,1.13531
26769,EPL,2024,2024-12-22 14:00:00,Manchester United,Bournemouth,0,3,2.28533,1.82831
27526,Serie_A,2024,2024-12-22 14:00:00,Venezia,Cagliari,2,1,1.55318,2.62545
27875,Bundesliga,2024,2024-12-22 14:30:00,Bochum,FC Heidenheim,2,0,1.68369,0.512353
27157,La_Liga,2024,2024-12-22 15:15:00,Real Madrid,Sevilla,4,2,2.90098,1.41183
27874,Bundesliga,2024,2024-12-22 16:30:00,Wolfsburg,Borussia Dortmund,1,3,1.95337,2.4116
26768,EPL,2024,2024-12-22 16:30:00,Tottenham,Liverpool,3,6,1.20245,5.20214
27525,Serie_A,2024,2024-12-22 17:00:00,Atalanta,Empoli,3,2,2.08379,1.21827
27152,La_Liga,2024,2024-12-22 17:30:00,Las Palmas,Espanyol,1,0,0.956162,0.878983
27158,La_Liga,2024,2024-12-22 17:30:00,Leganes,Villarreal,2,5,1.47457,4.01011
27528,Serie_A,2024,2024-12-22 19:45:00,Monza,Juventus,1,2,0.983171,2.58556
27153,La_Liga,2024,2024-12-22 20:00:00,Real Betis,Rayo Vallecano,1,1,1.93031,0.878426
27523,Serie_A,2024,2024-12-23 17:30:00,Fiorentina,Udinese,1,2,1.55716,0.858846
27531,Serie_A,2024,2024-12-23 19:45:00,Inter,Como,2,0,1.89916,0.367536
26777,EPL,2024,2024-12-26 12:30:00,Manchester City,Everton,1,1,2.51965,0.653289
26772,EPL,2024,2024-12-26 15:00:00,Bournemouth,Crystal Palace,0,0,1.20189,0.500066
26775,EPL,2024,2024-12-26 15:00:00,Chelsea,Fulham,1,2,1.55626,1.77929
26778,EPL,2024,2024-12-26 15:00:00,Newcastle United,Aston Villa,3,0,2.82867,0.225522
26779,EPL,2024,2024-12-26 15:00:00,Nottingham Forest,Tottenham,1,0,1.30018,1.05758
26780,EPL,2024,2024-12-26 15:00:00,Southampton,West Ham,0,1,2.19833,1.90111
26781,EPL,2024,2024-12-26 17:30:00,Wolverhampton Wanderers,Manchester United,2,0,0.826489,0.358876
26776,EPL,2024,2024-12-26 20:00:00,Liverpool,Leicester,3,1,1.89935,0.22097
26774,EPL,2024,2024-12-27 19:30:00,Brighton,Brentford,0,0,1.33538,0.961233
26773,EPL,2024,2024-12-27 20:15:00,Arsenal,Ipswich,1,0,2.16462,0.0783327
27536,Serie_A,2024,2024-12-28 14:00:00,Empoli,Genoa,1,2,1.42691,2.01725
27540,Serie_A,2024,2024-12-28 14:00:00,Parma Calcio 1913,Monza,2,1,1.22224,2.2247
27534,Serie_A,2024,2024-12-28 17:00:00,Cagliari,Inter,0,3,0.302293,3.1724
27535,Serie_A,2024,2024-12-28 19:45:00,Lazio,Atalanta,1,1,0.564499,2.98315
27541,Serie_A,2024,2024-12-29 11:30:00,Udinese,Torino,2,2,1.23954,0.603591
27539,Serie_A,2024,2024-12-29 14:00:00,Napoli,Venezia,1,0,2.55505,0.462133
26788,EPL,2024,2024-12-29 14:30:00,Leicester,Manchester City,0,2,1.84208,1.58002
26784,EPL,2024,2024-12-29 15:00:00,Crystal Palace,Southampton,2,1,3.05417,1.21853
26785,EPL,2024,2024-12-29 15:00:00,Everton,Nottingham Forest,0,2,0.615191,2.02753
26786,EPL,2024,2024-12-29 15:00:00,Fulham,Bournemouth,2,2,0.961566,1.70692
26790,EPL,2024,2024-12-29 15:00:00,Tottenham,Wolverhampton Wanderers,2,2,2.28433,0.640697
27537,Serie_A,2024,2024-12-29 17:00:00,Juventus,Fiorentina,2,2,1.74742,1.02946
26791,EPL,2024,2024-12-29 17:15:00,West Ham,Liverpool,0,5,0.518279,3.29868
27538,Serie_A,2024,2024-12-29 19:45:00,AC Milan,Roma,1,1,2.26348,1.61126
27533,Serie_A,2024,2024-12-30 17:30:00,Como,Lecce,2,0,2.25936,0.436266
26782,EPL,2024,2024-12-30 19:45:00,Aston Villa,Brighton,2,2,1.87997,0.938042
26787,EPL,2024,2024-12-30 19:45:00,Ipswich,Chelsea,2,0,1.50093,1.60622
27532,Serie_A,2024,2024-12-30 19:45:00,Bologna,Verona,2,3,2.86482,0.798964
26789,EPL,2024,2024-12-30 20:00:00,Manchester United,Newcastle United,0,2,1.00073,2.2424
26783,EPL,2024,2025-01-01 17:30:00,Brentford,Arsenal,1,3,0.272604,1.99848
27099,La_Liga,2024,2025-01-03 20:00:00,Valencia,Real Madrid,1,2,1.35313,2.69157
28191,Ligue_1,2024,2025-01-03 20:00:00,Nice,Rennes,3,2,1.51944,1.50451
26800,EPL,2024,2025-01-04 12:30:00,Tottenham,Newcastle United,1,2,1.00333,2.42963
27551,Serie_A,2024,2025-01-04 14:00:00,Venezia,Empoli,1,1,0.455526,1.52251
26793,EPL,2024,2025-01-04 15:00:00,Aston Villa,Leicester,2,1,2.3456,0.81548
26792,EPL,2024,2025-01-04 15:00:00,Bournemouth,Everton,1,0,2.61852,0.561015
26795,EPL,2024,2025-01-04 15:00:00,Crystal Palace,Chelsea,1,1,1.2766,1.51541
26798,EPL,2024,2025-01-04 15:00:00,Manchester City,West Ham,4,1,1.97986,1.53286
26799,EPL,2024,2025-01-04 15:00:00,Southampton,Brentford,0,5,0.249614,5.54874
28186,Ligue_1,2024,2025-01-04 16:00:00,Saint-Etienne,Reims,3,1,3.18639,1.27612
27544,Serie_A,2024,2025-01-04 17:00:00,Fiorentina,Napoli,0,3,0.877617,1.59728
26794,EPL,2024,2025-01-04 17:30:00,Brighton,Arsenal,1,1,1.76513,1.81142
28188,Ligue_1,2024,2025-01-04 18:00:00,Lille,Nantes,1,1,1.13415,1.07277
27545,Serie_A,2024,2025-01-04 19:45:00,Verona,Udinese,0,0,0.745287,0.655965
28184,Ligue_1,2024,2025-01-04 20:00:00,Lyon,Montpellier,1,0,1.07725,1.55585
27548,Serie_A,2024,2025-01-05 11:30:00,Monza,Cagliari,1,2,1.55837,0.781523
26796,EPL,2024,2025-01-05 14:00:00,Fulham,Ipswich,2,2,2.65469,1.4434
28187,Ligue_1,2024,2025-01-05 14:00:00,Angers,Brest,2,0,1.90119,0.608874
28185,Ligue_1,2024,2025-01-05 14:00:00,Lens,Toulouse,0,1,1.32887,2.19226
28190,Ligue_1,2024,2025-01-05 14:00:00,Strasbourg,Auxerre,3,1,2.89722,1.7605
27547,Serie_A,2024,2025-01-05 14:00:00,Lecce,Genoa,0,0,0.545634,1.06752
26797,EPL,2024,2025-01-05 16:30:00,Liverpool,Manchester United,2,2,2.862,1.67469
27550,Serie_A,2024,2025-01-05 17:00:00,Torino,Parma Calcio 1913,0,0,1.0858,0.321586
28189,Ligue_1,2024,2025-01-05 19:45:00,Marseille,Le Havre,5,1,3.17491,0.885341
27549,Serie_A,2024,2025-01-05 19:45:00,Roma,Lazio,2,0,1.23422,1.31957
26801,EPL,2024,2025-01-06 20:00:00,Wolverhampton Wanderers,Nottingham Forest,0,3,1.90463,2.57227
28193,Ligue_1,2024,2025-01-10 18:00:00,Nantes,Monaco,2,2,1.41184,3.48791
27878,Bundesliga,2024,2025-01-10 19:30:00,Borussia Dortmund,Bayer Leverkusen,2,3,1.48663,1.8834
27559,Serie_A,2024,2025-01-10 19:45:00,Lazio,Como,1,1,1.03936,1.9019
27169,La_Liga,2024,2025-01-10 20:00:00,Rayo Vallecano,Celta Vigo,2,1,1.00439,3.25801
28194,Ligue_1,2024,2025-01-10 20:00:00,Auxerre,Lille,0,0,0.601359,1.51829
27166,La_Liga,2024,2025-01-11 13:00:00,Alaves,Girona,0,1,1.72201,0.625652
27556,Serie_A,2024,2025-01-11 14:00:00,Empoli,Lecce,1,3,2.31529,1.57649
27561,Serie_A,2024,2025-01-11 14:00:00,Udinese,Atalanta,0,0,2.05217,0.233045
27880,Bundesliga,2024,2025-01-11 14:30:00,FC Heidenheim,Union Berlin,2,0,1.75563,1.03435
27881,Bundesliga,2024,2025-01-11 14:30:00,Freiburg,Holstein Kiel,3,2,0.750017,1.66855
27879,Bundesliga,2024,2025-01-11 14:30:00,Hoffenheim,Wolfsburg,0,1,1.18042,1.49127
27883,Bundesliga,2024,2025-01-11 14:30:00,Mainz 05,Bochum,2,0,1.7238,0.697735
27885,Bundesliga,2024,2025-01-11 14:30:00,St. Pauli,Eintracht Frankfurt,0,1,2.5542,2.23689
27168,La_Liga,2024,2025-01-11 15:15:00,Real Valladolid,Real Betis,1,0,1.62446,1.03813
28198,Ligue_1,2024,2025-01-11 16:00:00,Brest,Lyon,2,1,1.28964,1.40093
27555,Serie_A,2024,2025-01-11 17:00:00,Torino,Juventus,1,1,0.411274,0.94701
27884,Bundesliga,2024,2025-01-11 17:30:00,Borussia M.Gladbach,Bayern Munich,0,1,0.326195,4.47736
27171,La_Liga,2024,2025-01-11 17:30:00,Espanyol,Leganes,1,1,1.05544,1.92496
28195,Ligue_1,2024,2025-01-11 18:00:00,Reims,Nice,2,4,0.950928,3.22004
27560,Serie_A,2024,2025-01-11 19:45:00,AC Milan,Cagliari,1,1,2.43026,0.308787
27165,La_Liga,2024,2025-01-11 20:00:00,Sevilla,Valencia,1,1,0.734356,1.08107
28200,Ligue_1,2024,2025-01-11 20:00:00,Rennes,Marseille,1,2,1.76569,2.49254
27558,Serie_A,2024,2025-01-12 11:30:00,Genoa,Parma Calcio 1913,1,0,1.51628,0.513393
27170,La_Liga,2024,2025-01-12 13:00:00,Las Palmas,Getafe,1,2,1.62636,1.39575
28196,Ligue_1,2024,2025-01-12 14:00:00,Le Havre,Lens,1,2,1.84216,3.10793
27557,Serie_A,2024,2025-01-12 14:00:00,Venezia,Inter,0,1,0.668042,2.35271
27877,Bundesliga,2024,2025-01-12 14:30:00,RasenBallsport Leipzig,Werder Bremen,4,2,2.65039,1.32687
27163,La_Liga,2024,2025-01-12 15:15:00,Atletico Madrid,Osasuna,1,0,2.28719,0.391974
28197,Ligue_1,2024,2025-01-12 16:15:00,Montpellier,Angers,1,3,1.44663,3.46863
28192,Ligue_1,2024,2025-01-12 16:15:00,Toulouse,Strasbourg,1,2,1.19281,1.82783
27882,Bundesliga,2024,2025-01-12 16:30:00,Augsburg,VfB Stuttgart,0,1,0.339144,2.61617
27554,Serie_A,2024,2025-01-12 17:00:00,Bologna,Roma,2,2,2.28949,1.58872
28199,Ligue_1,2024,2025-01-12 19:45:00,Paris Saint Germain,Saint-Etienne,2,1,5.07062,0.410024
27553,Serie_A,2024,2025-01-12 19:45:00,Napoli,Verona,2,0,1.59033,0.23211
27552,Serie_A,2024,2025-01-13 19:45:00,Monza,Fiorentina,2,1,0.988429,1.60714
27164,La_Liga,2024,2025-01-13 20:00:00,Real Sociedad,Villarreal,1,0,0.805968,1.22527
27894,Bundesliga,2024,2025-01-14 17:30:00,Holstein Kiel,Borussia Dortmund,4,2,1.95929,1.16391
27543,Serie_A,2024,2025-01-14 17:30:00,Como,AC Milan,1,2,1.63578,1.44061
27886,Bundesliga,2024,2025-01-14 19:30:00,Bayer Leverkusen,Mainz 05,1,0,1.99412,0.603471
27889,Bundesliga,2024,2025-01-14 19:30:00,Eintracht Frankfurt,Freiburg,4,1,2.82238,0.587762
27891,Bundesliga,2024,2025-01-14 19:30:00,Wolfsburg,Borussia M.Gladbach,5,1,3.72762,0.856948
26803,EPL,2024,2025-01-14 19:30:00,Brentford,Manchester City,2,2,2.39088,2.65315
26809,EPL,2024,2025-01-14 19:30:00,Chelsea,Bournemouth,2,2,2.53808,1.14845
26808,EPL,2024,2025-01-14 19:30:00,West Ham,Fulham,3,2,0.937322,2.83581
27542,Serie_A,2024,2025-01-14 19:45:00,Atalanta,Juventus,1,1,1.5823,2.27956
26807,EPL,2024,2025-01-14 20:00:00,Nottingham Forest,Liverpool,1,1,0.5292,2.72291
27893,Bundesliga,2024,2025-01-15 17:30:00,Bochum,St. Pauli,1,0,1.8213,1.15308
27888,Bundesliga,2024,2025-01-15 19:30:00,Bayern Munich,Hoffenheim,5,0,3.80458,0.222965
27892,Bundesliga,2024,2025-01-15 19:30:00,Union Berlin,Augsburg,0,2,0.549286,1.41902
27887,Bundesliga,2024,2025-01-15 19:30:00,VfB Stuttgart,RasenBallsport Leipzig,2,1,2.42754,0.710278
27890,Bundesliga,2024,2025-01-15 19:30:00,Werder Bremen,FC Heidenheim,3,3,1.87497,1.91878
26804,EPL,2024,2025-01-15 19:30:00,Everton,Aston Villa,0,1,1.23126,1.28522
26806,EPL,2024,2025-01-15 19:30:00,Leicester,Crystal Palace,0,2,2.09904,2.2647
26810,EPL,2024,2025-01-15 19:30:00,Newcastle United,Wolverhampton Wanderers,3,0,2.13327,1.47433
27546,Serie_A,2024,2025-01-15 19:45:00,Inter,Bologna,2,2,1.79382,0.914393
26802,EPL,2024,2025-01-15 20:00:00,Arsenal,Tottenham,2,1,2.25501,0.777071
26805,EPL,2024,2025-01-16 19:30:00,Ipswich,Brighton,0,2,0.268127,1.06343
26811,EPL,2024,2025-01-16 20:00:00,Manchester United,Southampton,3,1,3.10847,1.36705
28206,Ligue_1,2024,2025-01-17 18:00:00,Montpellier,Monaco,2,1,2.60645,1.74957
27898,Bundesliga,2024,2025-01-17 19:30:00,Eintracht Frankfurt,Borussia Dortmund,2,0,2.05106,0.57641
27570,Serie_A,2024,2025-01-17 19:45:00,Roma,Genoa,3,1,1.79725,0.494153
27172,La_Liga,2024,2025-01-17 20:00:00,Espanyol,Real Valladolid,2,1,1.28839,1.72021
28203,Ligue_1,2024,2025-01-17 20:05:00,Lille,Nice,2,1,1.29219,2.90437
26819,EPL,2024,2025-01-18 12:30:00,Newcastle United,Bournemouth,1,4,0.837801,2.70174
27173,La_Liga,2024,2025-01-18 13:00:00,Girona,Sevilla,1,2,1.14329,3.09224
27571,Serie_A,2024,2025-01-18 14:00:00,Bologna,Monza,3,1,2.33675,0.410907
27897,Bundesliga,2024,2025-01-18 14:30:00,Bayern Munich,Wolfsburg,3,2,3.23282,0.702414
27902,Bundesliga,2024,2025-01-18 14:30:00,Bochum,RasenBallsport Leipzig,3,3,2.75969,2.38567
27899,Bundesliga,2024,2025-01-18 14:30:00,FC Heidenheim,St. Pauli,0,2,0.923964,2.23242
27903,Bundesliga,2024,2025-01-18 14:30:00,Holstein Kiel,Hoffenheim,1,3,0.908525,0.905544
27896,Bundesliga,2024,2025-01-18 14:30:00,VfB Stuttgart,Freiburg,4,0,2.26605,0.187694
26813,EPL,2024,2025-01-18 15:00:00,Brentford,Liverpool,0,2,1.20021,4.16249
26817,EPL,2024,2025-01-18 15:00:00,Leicester,Fulham,0,2,0.676934,2.36823
26821,EPL,2024,2025-01-18 15:00:00,West Ham,Crystal Palace,0,2,0.221062,1.62561
27176,La_Liga,2024,2025-01-18 15:15:00,Leganes,Atletico Madrid,1,0,0.770342,3.0563
28202,Ligue_1,2024,2025-01-18 16:00:00,Lens,Paris Saint Germain,1,2,1.34901,1.57299
27568,Serie_A,2024,2025-01-18 17:00:00,Juventus,AC Milan,2,0,1.56881,1.17816
27895,Bundesliga,2024,2025-01-18 17:30:00,Bayer Leverkusen,Borussia M.Gladbach,3,1,2.08382,0.473935
26812,EPL,2024,2025-01-18 17:30:00,Arsenal,Aston Villa,2,2,1.64458,1.20602
27181,La_Liga,2024,2025-01-18 17:30:00,Real Betis,Alaves,1,3,0.501492,1.6539
28209,Ligue_1,2024,2025-01-18 18:00:00,Rennes,Brest,1,2,1.92675,1.87321
27562,Serie_A,2024,2025-01-18 19:45:00,Atalanta,Napoli,2,3,0.709505,1.2536
27177,La_Liga,2024,2025-01-18 20:00:00,Getafe,Barcelona,1,1,1.16921,3.50383
28204,Ligue_1,2024,2025-01-18 20:05:00,Lyon,Toulouse,0,0,0.619056,1.36611
27565,Serie_A,2024,2025-01-19 11:30:00,Fiorentina,Torino,1,1,1.81758,0.540016
27175,La_Liga,2024,2025-01-19 13:00:00,Celta Vigo,Athletic Club,1,2,0.40033,2.49675
26815,EPL,2024,2025-01-19 14:00:00,Everton,Tottenham,3,2,2.56089,1.35719
26818,EPL,2024,2025-01-19 14:00:00,Manchester United,Brighton,1,3,1.31823,2.17172
26820,EPL,2024,2025-01-19 14:00:00,Nottingham Forest,Southampton,3,2,2.36419,1.25922
28205,Ligue_1,2024,2025-01-19 14:00:00,Saint-Etienne,Nantes,1,1,0.836137,1.36031
27563,Serie_A,2024,2025-01-19 14:00:00,Cagliari,Lecce,4,1,3.36227,0.388374
27569,Serie_A,2024,2025-01-19 14:00:00,Parma Calcio 1913,Venezia,1,1,1.59615,1.1784
27901,Bundesliga,2024,2025-01-19 14:30:00,Union Berlin,Mainz 05,2,1,2.44953,1.40424
27180,La_Liga,2024,2025-01-19 15:15:00,Real Madrid,Las Palmas,4,1,6.40549,1.06201
28208,Ligue_1,2024,2025-01-19 16:15:00,Angers,Auxerre,2,0,1.21759,0.462137
28207,Ligue_1,2024,2025-01-19 16:15:00,Reims,Le Havre,1,1,1.49091,1.29453
27900,Bundesliga,2024,2025-01-19 16:30:00,Werder Bremen,Augsburg,0,2,1.15183,1.31644
26816,EPL,2024,2025-01-19 16:30:00,Ipswich,Manchester City,0,6,0.795637,3.20228
27566,Serie_A,2024,2025-01-19 17:00:00,Verona,Lazio,0,3,1.48598,1.99415
27174,La_Liga,2024,2025-01-19 17:30:00,Osasuna,Rayo Vallecano,1,1,0.660386,0.797534
28201,Ligue_1,2024,2025-01-19 19:45:00,Marseille,Strasbourg,1,1,3.29082,0.854933
27567,Serie_A,2024,2025-01-19 19:45:00,Inter,Empoli,3,1,1.6401,0.412045
27179,La_Liga,2024,2025-01-19 20:00:00,Valencia,Real Sociedad,1,0,1.77248,0.758224
27564,Serie_A,2024,2025-01-20 19:45:00,Como,Udinese,4,1,1.81904,0.847427
26814,EPL,2024,2025-01-20 20:00:00,Chelsea,Wolverhampton Wanderers,3,1,3.14882,1.06726
27178,La_Liga,2024,2025-01-20 20:00:00,Villarreal,Mallorca,4,0,2.35437,0.390989
27910,Bundesliga,2024,2025-01-24 19:30:00,Wolfsburg,Holstein Kiel,2,2,2.52045,0.265769
28214,Ligue_1,2024,2025-01-24 19:45:00,Auxerre,Saint-Etienne,1,1,0.582829,1.1913
27578,Serie_A,2024,2025-01-24 19:45:00,Torino,Cagliari,2,0,2.23206,0.270772
27185,La_Liga,2024,2025-01-24 20:00:00,Las Palmas,Osasuna,1,1,0.833212,2.53692
27187,La_Liga,2024,2025-01-25 13:00:00,Mallorca,Real Betis,0,1,0.789384,0.59491
27581,Serie_A,2024,2025-01-25 14:00:00,Como,Atalanta,1,2,0.704371,1.04831
27911,Bundesliga,2024,2025-01-25 14:30:00,Augsburg,FC Heidenheim,2,1,1.63821,0.94738
27905,Bundesliga,2024,2025-01-25 14:30:00,Borussia Dortmund,Werder Bremen,2,2,1.49423,1.11662
27912,Bundesliga,2024,2025-01-25 14:30:00,Freiburg,Bayern Munich,1,2,0.271308,0.787581
27909,Bundesliga,2024,2025-01-25 14:30:00,Mainz 05,VfB Stuttgart,2,0,2.22883,0.917385
27904,Bundesliga,2024,2025-01-25 14:30:00,RasenBallsport Leipzig,Bayer Leverkusen,2,2,0.708246,2.57674
26822,EPL,2024,2025-01-25 15:00:00,Bournemouth,Nottingham Forest,5,0,2.8254,0.996166
26824,EPL,2024,2025-01-25 15:00:00,Brighton,Everton,0,1,0.64378,0.870883
26827,EPL,2024,2025-01-25 15:00:00,Liverpool,Ipswich,4,1,2.16809,0.804707
26829,EPL,2024,2025-01-25 15:00:00,Southampton,Newcastle United,1,3,0.825621,3.08319
26831,EPL,2024,2025-01-25 15:00:00,Wolverhampton Wanderers,Arsenal,0,1,0.514724,0.887358
27183,La_Liga,2024,2025-01-25 15:15:00,Atletico Madrid,Villarreal,1,1,1.72274,1.78456
28211,Ligue_1,2024,2025-01-25 16:00:00,Monaco,Rennes,3,2,3.47384,1.85205
27577,Serie_A,2024,2025-01-25 17:00:00,Napoli,Juventus,2,1,2.33562,1.02538
27908,Bundesliga,2024,2025-01-25 17:30:00,Borussia M.Gladbach,Bochum,3,0,2.93153,0.759449
26828,EPL,2024,2025-01-25 17:30:00,Manchester City,Chelsea,3,1,2.23213,1.49843
27191,La_Liga,2024,2025-01-25 17:30:00,Sevilla,Espanyol,1,1,1.15013,1.27943
28210,Ligue_1,2024,2025-01-25 18:00:00,Strasbourg,Lille,2,1,1.19703,1.95469
27572,Serie_A,2024,2025-01-25 19:45:00,Empoli,Bologna,1,1,0.83399,0.898773
27190,La_Liga,2024,2025-01-25 20:00:00,Real Valladolid,Real Madrid,0,3,0.234653,2.45677
28216,Ligue_1,2024,2025-01-25 20:05:00,Paris Saint Germain,Reims,1,1,1.79628,0.613384
27576,Serie_A,2024,2025-01-26 11:30:00,AC Milan,Parma Calcio 1913,3,2,2.7112,1.85515
27189,La_Liga,2024,2025-01-26 13:00:00,Rayo Vallecano,Girona,2,1,3.01055,1.56182
26825,EPL,2024,2025-01-26 14:00:00,Crystal Palace,Brentford,1,2,1.23177,1.92037
26830,EPL,2024,2025-01-26 14:00:00,Tottenham,Leicester,1,2,1.27483,1.40469
28213,Ligue_1,2024,2025-01-26 14:00:00,Le Havre,Brest,0,1,0.696232,2.38282
27579,Serie_A,2024,2025-01-26 14:00:00,Udinese,Roma,1,2,0.805147,2.6168
27906,Bundesliga,2024,2025-01-26 14:30:00,Hoffenheim,Eintracht Frankfurt,2,2,2.32141,2.30325
27188,La_Liga,2024,2025-01-26 15:15:00,Real Sociedad,Getafe,0,3,1.26074,2.01027
28215,Ligue_1,2024,2025-01-26 16:15:00,Lens,Angers,1,0,2.01118,0.0813578
28218,Ligue_1,2024,2025-01-26 16:15:00,Nantes,Lyon,1,1,1.62983,1.61762
28212,Ligue_1,2024,2025-01-26 16:15:00,Toulouse,Montpellier,1,2,1.34257,0.939857
27907,Bundesliga,2024,2025-01-26 16:30:00,St. Pauli,Union Berlin,3,0,1.40358,0.986402
26823,EPL,2024,2025-01-26 16:30:00,Aston Villa,West Ham,1,1,0.907851,1.67886
27575,Serie_A,2024,2025-01-26 17:00:00,Lecce,Inter,0,4,0.719003,2.58246
27182,La_Liga,2024,2025-01-26 17:30:00,Athletic Club,Leganes,0,0,2.27277,1.57401
26826,EPL,2024,2025-01-26 19:00:00,Fulham,Manchester United,0,1,0.560571,0.201988
28217,Ligue_1,2024,2025-01-26 19:45:00,Nice,Marseille,2,0,2.10992,1.11157
27574,Serie_A,2024,2025-01-26 19:45:00,Lazio,Fiorentina,1,2,2.01121,1.20023
27184,La_Liga,2024,2025-01-26 20:00:00,Barcelona,Valencia,7,1,4.35875,1.30328
27580,Serie_A,2024,2025-01-27 17:30:00,Venezia,Verona,1,1,0.709709,2.17206
27573,Serie_A,2024,2025-01-27 19:45:00,Genoa,Monza,2,0,3.31745,0.311849
27186,La_Liga,2024,2025-01-27 20:00:00,Alaves,Celta Vigo,1,1,0.891741,0.155093
27921,Bundesliga,2024,2025-01-31 19:30:00,Werder Bremen,Mainz 05,1,0,2.58542,1.01597
28221,Ligue_1,2024,2025-01-31 19:45:00,Montpellier,Lens,0,2,1.11121,3.21001
27590,Serie_A,2024,2025-01-31 19:45:00,Parma Calcio 1913,Lecce,1,3,2.00006,0.756887
27197,La_Liga,2024,2025-01-31 20:00:00,Leganes,Rayo Vallecano,0,1,1.00009,2.39088
26840,EPL,2024,2025-02-01 12:30:00,Nottingham Forest,Brighton,7,0,4.0677,0.756296
27193,La_Liga,2024,2025-02-01 13:00:00,Getafe,Sevilla,0,0,0.922731,0.871043
27589,Serie_A,2024,2025-02-01 14:00:00,Monza,Verona,0,1,0.279515,0.854806
27583,Serie_A,2024,2025-02-01 14:00:00,Udinese,Venezia,3,2,0.940092,1.36255
27918,Bundesliga,2024,2025-02-01 14:30:00,Bayern Munich,Holstein Kiel,4,3,4.93236,2.05752
27914,Bundesliga,2024,2025-02-01 14:30:00,Bochum,Freiburg,0,1,0.843049,3.33243
27920,Bundesliga,2024,2025-02-01 14:30:00,FC Heidenheim,Borussia Dortmund,1,2,0.525888,2.68284
27915,Bundesliga,2024,2025-02-01 14:30:00,St. Pauli,Augsburg,1,1,0.849878,0.194891
27917,Bundesliga,2024,2025-02-01 14:30:00,VfB Stuttgart,Borussia M.Gladbach,1,2,0.950734,1.96971
26832,EPL,2024,2025-02-01 15:00:00,Bournemouth,Liverpool,0,2,1.65273,2.7219
26836,EPL,2024,2025-02-01 15:00:00,Everton,Leicester,4,0,3.11261,0.447136
26837,EPL,2024,2025-02-01 15:00:00,Ipswich,Southampton,1,2,1.94845,1.17566
26839,EPL,2024,2025-02-01 15:00:00,Newcastle United,Fulham,1,2,1.22716,1.60881
27196,La_Liga,2024,2025-02-01 15:15:00,Villarreal,Real Valladolid,5,1,3.89354,0.747261
28220,Ligue_1,2024,2025-02-01 16:00:00,Brest,Paris Saint Germain,2,5,0.63646,3.94899
27584,Serie_A,2024,2025-02-01 17:00:00,Atalanta,Torino,1,1,3.35128,0.629596
27913,Bundesliga,2024,2025-02-01 17:30:00,Union Berlin,RasenBallsport Leipzig,0,0,1.74847,0.237923
26841,EPL,2024,2025-02-01 17:30:00,Wolverhampton Wanderers,Aston Villa,2,0,2.00146,0.742809
27192,La_Liga,2024,2025-02-01 17:30:00,Atletico Madrid,Mallorca,2,0,1.59869,0.421783
28227,Ligue_1,2024,2025-02-01 18:00:00,Monaco,Auxerre,4,2,2.07751,1.6376
27585,Serie_A,2024,2025-02-01 19:45:00,Bologna,Como,2,0,1.681,0.640061
27201,La_Liga,2024,2025-02-01 20:00:00,Espanyol,Real Madrid,1,0,0.52719,1.52796
28222,Ligue_1,2024,2025-02-01 20:05:00,Lille,Saint-Etienne,4,1,2.74822,2.10343
27582,Serie_A,2024,2025-02-02 11:30:00,Juventus,Empoli,4,1,2.00759,0.94947
27200,La_Liga,2024,2025-02-02 13:00:00,Barcelona,Alaves,1,0,1.18526,0.126278
26834,EPL,2024,2025-02-02 14:00:00,Brentford,Tottenham,0,2,1.66475,0.945355
26838,EPL,2024,2025-02-02 14:00:00,Manchester United,Crystal Palace,0,2,1.50706,2.44633
28225,Ligue_1,2024,2025-02-02 14:00:00,Toulouse,Nice,1,1,0.854551,1.51342
27587,Serie_A,2024,2025-02-02 14:00:00,Fiorentina,Genoa,2,1,0.695448,1.96523
27919,Bundesliga,2024,2025-02-02 14:30:00,Eintracht Frankfurt,Wolfsburg,1,1,1.69604,1.46292
27199,La_Liga,2024,2025-02-02 15:15:00,Valencia,Celta Vigo,2,1,1.93065,0.51501
28224,Ligue_1,2024,2025-02-02 16:15:00,Angers,Le Havre,1,1,1.77333,2.19254
28223,Ligue_1,2024,2025-02-02 16:15:00,Reims,Nantes,1,2,0.960868,1.41652
28226,Ligue_1,2024,2025-02-02 16:15:00,Rennes,Strasbourg,1,0,0.763344,0.994427
27916,Bundesliga,2024,2025-02-02 16:30:00,Bayer Leverkusen,Hoffenheim,3,1,1.35418,1.94944
26833,EPL,2024,2025-02-02 16:30:00,Arsenal,Manchester City,5,1,1.53202,0.743191
27588,Serie_A,2024,2025-02-02 17:00:00,AC Milan,Inter,1,1,1.04439,1.98309
27195,La_Liga,2024,2025-02-02 17:30:00,Osasuna,Real Sociedad,2,1,1.11088,2.35115
28219,Ligue_1,2024,2025-02-02 19:45:00,Marseille,Lyon,3,2,3.61972,1.83806
27591,Serie_A,2024,2025-02-02 19:45:00,Roma,Napoli,1,1,0.364702,0.384749
27198,La_Liga,2024,2025-02-02 20:00:00,Real Betis,Athletic Club,2,2,1.31717,1.75905
27586,Serie_A,2024,2025-02-03 19:45:00,Cagliari,Lazio,1,2,1.82889,1.9337
26835,EPL,2024,2025-02-03 20:00:00,Chelsea,West Ham,2,1,1.39066,1.1868
27194,La_Liga,2024,2025-02-03 20:00:00,Girona,Las Palmas,2,1,2.19186,1.31791
27497,Serie_A,2024,2025-02-06 19:30:00,Fiorentina,Inter,3,0,1.05274,0.589261
28229,Ligue_1,2024,2025-02-07 16:00:00,Nantes,Brest,0,2,1.45114,2.49765
27592,Serie_A,2024,2025-02-07 17:00:00,Como,Juventus,1,2,0.935692,1.32392
27922,Bundesliga,2024,2025-02-07 19:30:00,Bayern Munich,Werder Bremen,3,0,4.47713,0.151051
27211,La_Liga,2024,2025-02-07 20:00:00,Rayo Vallecano,Real Valladolid,1,0,2.87261,0.610157
28233,Ligue_1,2024,2025-02-07 20:05:00,Paris Saint Germain,Monaco,4,1,3.13964,0.924683
27207,La_Liga,2024,2025-02-08 13:00:00,Celta Vigo,Real Betis,3,2,1.75134,1.51159
27924,Bundesliga,2024,2025-02-08 14:30:00,Borussia Dortmund,VfB Stuttgart,1,2,1.07063,0.452825
27926,Bundesliga,2024,2025-02-08 14:30:00,Freiburg,FC Heidenheim,1,0,1.33195,0.434356
27925,Bundesliga,2024,2025-02-08 14:30:00,Hoffenheim,Union Berlin,0,4,0.881646,3.86589
27928,Bundesliga,2024,2025-02-08 14:30:00,Mainz 05,Augsburg,0,0,1.99994,0.260742
27927,Bundesliga,2024,2025-02-08 14:30:00,Wolfsburg,Bayer Leverkusen,0,0,0.895017,1.66317
27209,La_Liga,2024,2025-02-08 15:15:00,Athletic Club,Girona,3,0,3.81937,0.0558089
28231,Ligue_1,2024,2025-02-08 16:00:00,Lille,Le Havre,1,2,1.76979,1.65349
28236,Ligue_1,2024,2025-02-08 16:00:00,Nice,Lens,2,0,3.37347,1.02488
27594,Serie_A,2024,2025-02-08 17:00:00,Empoli,AC Milan,0,2,0.668788,1.90573
27599,Serie_A,2024,2025-02-08 17:00:00,Torino,Genoa,1,1,0.647236,0.308682
27595,Serie_A,2024,2025-02-08 17:00:00,Verona,Atalanta,0,5,1.78844,2.14751
27929,Bundesliga,2024,2025-02-08 17:30:00,Borussia M.Gladbach,Eintracht Frankfurt,1,1,0.656491,2.5487
27203,La_Liga,2024,2025-02-08 17:30:00,Las Palmas,Villarreal,1,2,1.90619,1.26021
27205,La_Liga,2024,2025-02-08 20:00:00,Real Madrid,Atletico Madrid,1,1,2.55575,1.62463
28232,Ligue_1,2024,2025-02-08 20:05:00,Saint-Etienne,Rennes,0,2,0.462142,4.06991
27204,La_Liga,2024,2025-02-09 13:00:00,Alaves,Getafe,0,1,1.25855,0.825065
27930,Bundesliga,2024,2025-02-09 13:30:00,Holstein Kiel,Bochum,2,2,2.0,2.0
28234,Ligue_1,2024,2025-02-09 14:00:00,Lyon,Reims,4,0,3.24979,0.307882
27208,La_Liga,2024,2025-02-09 15:15:00,Valencia,Leganes,2,0,2.03187,0.417562
28228,Ligue_1,2024,2025-02-09 16:15:00,Auxerre,Toulouse,2,2,0.716768,1.16269
28230,Ligue_1,2024,2025-02-09 16:15:00,Strasbourg,Montpellier,2,0,3.17215,1.9822
27923,Bundesliga,2024,2025-02-09 16:30:00,RasenBallsport Leipzig,St. Pauli,2,0,1.89601,0.72321
27593,Serie_A,2024,2025-02-09 17:00:00,Cagliari,Parma Calcio 1913,2,1,1.49632,1.15072
27601,Serie_A,2024,2025-02-09 17:00:00,Lazio,Monza,5,1,4.42993,0.87219
27597,Serie_A,2024,2025-02-09 17:00:00,Lecce,Bologna,0,0,0.844895,0.8506
27600,Serie_A,2024,2025-02-09 17:00:00,Venezia,Roma,0,1,0.905188,2.14236
27202,La_Liga,2024,2025-02-09 17:30:00,Real Sociedad,Espanyol,2,1,1.67839,0.872507
28235,Ligue_1,2024,2025-02-09 19:45:00,Angers,Marseille,0,2,0.367397,2.87581
27598,Serie_A,2024,2025-02-09 19:45:00,Napoli,Udinese,1,1,2.07882,1.28733
27206,La_Liga,2024,2025-02-09 20:00:00,Sevilla,Barcelona,1,4,0.921429,1.93199
27596,Serie_A,2024,2025-02-10 19:45:00,Inter,Fiorentina,2,1,1.87526,1.03291
27210,La_Liga,2024,2025-02-10 20:00:00,Mallorca,Osasuna,1,1,1.17321,1.81967
26748,EPL,2024,2025-02-12 19:30:00,Everton,Liverpool,2,2,0.910523,0.929103
27936,Bundesliga,2024,2025-02-14 19:30:00,Augsburg,RasenBallsport Leipzig,0,0,1.05445,1.6452
28241,Ligue_1,2024,2025-02-14 19:45:00,Brest,Auxerre,2,2,1.97492,1.48646
27602,Serie_A,2024,2025-02-14 19:45:00,Bologna,Torino,3,2,3.46262,1.64846
26843,EPL,2024,2025-02-14 20:00:00,Brighton,Chelsea,3,0,2.06892,0.649788
27213,La_Liga,2024,2025-02-14 20:00:00,Girona,Getafe,1,2,1.287,0.95535
26846,EPL,2024,2025-02-15 12:30:00,Leicester,Arsenal,0,2,0.233209,1.75
27219,La_Liga,2024,2025-02-15 13:00:00,Leganes,Alaves,3,3,1.76328,1.4212
27603,Serie_A,2024,2025-02-15 14:00:00,Atalanta,Cagliari,0,0,0.473748,0.123294
27938,Bundesliga,2024,2025-02-15 14:30:00,Bochum,Borussia Dortmund,2,0,3.3688,2.70519
27939,Bundesliga,2024,2025-02-15 14:30:00,St. Pauli,Freiburg,0,1,0.19059,1.25072
27937,Bundesliga,2024,2025-02-15 14:30:00,Union Berlin,Borussia M.Gladbach,1,2,1.66824,2.22036
27932,Bundesliga,2024,2025-02-15 14:30:00,VfB Stuttgart,Wolfsburg,1,2,1.22466,1.75731
26842,EPL,2024,2025-02-15 15:00:00,Aston Villa,Ipswich,1,1,2.89841,0.332864
26845,EPL,2024,2025-02-15 15:00:00,Fulham,Nottingham Forest,2,1,2.20993,0.331301
26848,EPL,2024,2025-02-15 15:00:00,Manchester City,Newcastle United,4,0,2.12004,0.157211
26849,EPL,2024,2025-02-15 15:00:00,Southampton,Bournemouth,1,3,0.974418,2.08722
26851,EPL,2024,2025-02-15 15:00:00,West Ham,Brentford,0,1,0.673466,1.96499
27220,La_Liga,2024,2025-02-15 15:15:00,Osasuna,Real Madrid,1,1,1.64382,2.73344
28238,Ligue_1,2024,2025-02-15 16:00:00,Marseille,Saint-Etienne,5,1,5.94236,1.0312
27609,Serie_A,2024,2025-02-15 17:00:00,Lazio,Napoli,2,2,0.883377,0.558588
27931,Bundesliga,2024,2025-02-15 17:30:00,Bayer Leverkusen,Bayern Munich,0,0,2.55729,0.0720406
26844,EPL,2024,2025-02-15 17:30:00,Crystal Palace,Everton,1,2,2.30646,1.01565
27212,La_Liga,2024,2025-02-15 17:30:00,Atletico Madrid,Celta Vigo,1,1,0.689105,1.45388
28245,Ligue_1,2024,2025-02-15 18:00:00,Monaco,Nantes,7,1,5.14782,1.36606
27608,Serie_A,2024,2025-02-15 19:45:00,AC Milan,Verona,1,0,1.8755,0.372202
27216,La_Liga,2024,2025-02-15 20:00:00,Villarreal,Valencia,1,1,1.04228,0.740954
28237,Ligue_1,2024,2025-02-15 20:05:00,Toulouse,Paris Saint Germain,0,1,1.19618,2.93281
27611,Serie_A,2024,2025-02-16 11:30:00,Fiorentina,Como,0,2,0.431215,0.875449
27221,La_Liga,2024,2025-02-16 13:00:00,Espanyol,Athletic Club,1,1,1.19577,0.896815
26847,EPL,2024,2025-02-16 14:00:00,Liverpool,Wolverhampton Wanderers,2,1,1.86758,1.05329
28239,Ligue_1,2024,2025-02-16 14:00:00,Montpellier,Lyon,1,4,1.33893,1.59077
27607,Serie_A,2024,2025-02-16 14:00:00,Monza,Lecce,0,0,0.278072,1.10949
27604,Serie_A,2024,2025-02-16 14:00:00,Udinese,Empoli,3,0,2.90516,2.47474
27935,Bundesliga,2024,2025-02-16 14:30:00,Werder Bremen,Hoffenheim,1,3,0.85665,1.91874
27215,La_Liga,2024,2025-02-16 15:15:00,Real Valladolid,Sevilla,0,4,0.532481,1.4827
28244,Ligue_1,2024,2025-02-16 16:15:00,Le Havre,Nice,1,3,0.555829,1.22276
28240,Ligue_1,2024,2025-02-16 16:15:00,Lens,Strasbourg,0,2,0.265561,1.97845
28243,Ligue_1,2024,2025-02-16 16:15:00,Reims,Angers,0,1,2.06733,2.43148
27933,Bundesliga,2024,2025-02-16 16:30:00,Eintracht Frankfurt,Holstein Kiel,3,1,3.02527,1.26559
26850,EPL,2024,2025-02-16 16:30:00,Tottenham,Manchester United,1,0,1.97109,1.42652
27606,Serie_A,2024,2025-02-16 17:00:00,Parma Calcio 1913,Roma,0,1,0.293477,1.41178
27217,La_Liga,2024,2025-02-16 17:30:00,Mallorca,Las Palmas,3,1,2.33414,1.04401
27934,Bundesliga,2024,2025-02-16 18:30:00,FC Heidenheim,Mainz 05,0,2,0.545205,1.94932
28242,Ligue_1,2024,2025-02-16 19:45:00,Rennes,Lille,0,2,0.417057,3.01977
27610,Serie_A,2024,2025-02-16 19:45:00,Juventus,Inter,1,0,1.3662,2.08504
27218,La_Liga,2024,2025-02-16 20:00:00,Real Betis,Real Sociedad,3,0,2.49445,0.20529
27605,Serie_A,2024,2025-02-17 19:45:00,Genoa,Venezia,2,0,1.60036,0.341183
27214,La_Liga,2024,2025-02-17 20:00:00,Barcelona,Rayo Vallecano,1,0,2.82775,1.30941
26884,EPL,2024,2025-02-19 15:00:00,Aston Villa,Liverpool,2,2,1.02269,2.04279
27944,Bundesliga,2024,2025-02-21 19:30:00,Freiburg,Werder Bremen,5,0,2.66243,1.25462
28246,Ligue_1,2024,2025-02-21 19:45:00,Rennes,Reims,1,0,3.0636,0.160269
27615,Serie_A,2024,2025-02-21 19:45:00,Lecce,Udinese,0,1,0.484479,1.52436
26858,EPL,2024,2025-02-21 20:00:00,Leicester,Brentford,0,4,0.727901,2.03465
27223,La_Liga,2024,2025-02-21 20:00:00,Celta Vigo,Osasuna,1,0,2.31891,0.838476
26855,EPL,2024,2025-02-22 12:30:00,Everton,Manchester United,2,2,2.10444,0.645685
27231,La_Liga,2024,2025-02-22 13:00:00,Alaves,Espanyol,0,1,1.54627,0.495881
27616,Serie_A,2024,2025-02-22 14:00:00,Parma Calcio 1913,Bologna,2,0,1.4111,0.698426
27619,Serie_A,2024,2025-02-22 14:00:00,Venezia,Lazio,0,0,0.995737,0.790887
27947,Bundesliga,2024,2025-02-22 14:30:00,Borussia M.Gladbach,Augsburg,0,3,0.800003,1.73915
27948,Bundesliga,2024,2025-02-22 14:30:00,Holstein Kiel,Bayer Leverkusen,0,2,0.494995,2.55557
27946,Bundesliga,2024,2025-02-22 14:30:00,Mainz 05,St. Pauli,2,0,1.35603,0.90068
27945,Bundesliga,2024,2025-02-22 14:30:00,Wolfsburg,Bochum,1,1,2.16138,1.46609
26853,EPL,2024,2025-02-22 15:00:00,Arsenal,West Ham,0,1,1.37264,1.02684
26852,EPL,2024,2025-02-22 15:00:00,Bournemouth,Wolverhampton Wanderers,0,1,0.629691,2.10124
26856,EPL,2024,2025-02-22 15:00:00,Fulham,Crystal Palace,0,2,0.23426,1.46203
26857,EPL,2024,2025-02-22 15:00:00,Ipswich,Tottenham,1,4,1.15389,1.58741
26861,EPL,2024,2025-02-22 15:00:00,Southampton,Brighton,0,4,0.154147,5.12018
27224,La_Liga,2024,2025-02-22 15:15:00,Rayo Vallecano,Villarreal,0,1,0.514336,0.79404
28248,Ligue_1,2024,2025-02-22 16:00:00,Lille,Monaco,2,1,1.04956,2.78007
27618,Serie_A,2024,2025-02-22 17:00:00,Torino,AC Milan,2,1,0.556583,2.18445
27942,Bundesliga,2024,2025-02-22 17:30:00,Borussia Dortmund,Union Berlin,6,0,5.44112,0.365382
26854,EPL,2024,2025-02-22 17:30:00,Aston Villa,Chelsea,2,1,2.69413,2.17418
27225,La_Liga,2024,2025-02-22 17:30:00,Valencia,Atletico Madrid,0,3,1.35435,2.31785
28251,Ligue_1,2024,2025-02-22 18:00:00,Saint-Etienne,Angers,3,3,1.70031,3.1805
27614,Serie_A,2024,2025-02-22 19:45:00,Inter,Genoa,1,0,1.3989,1.51356
27226,La_Liga,2024,2025-02-22 20:00:00,Las Palmas,Barcelona,0,2,0.431009,1.66486
28252,Ligue_1,2024,2025-02-22 20:05:00,Auxerre,Marseille,3,0,1.96607,1.22185
27620,Serie_A,2024,2025-02-23 11:30:00,Como,Napoli,2,1,0.466603,1.10277
27222,La_Liga,2024,2025-02-23 13:00:00,Athletic Club,Real Valladolid,7,1,5.3162,0.598765
26860,EPL,2024,2025-02-23 14:00:00,Newcastle United,Nottingham Forest,4,3,3.45858,2.38603
28250,Ligue_1,2024,2025-02-23 14:00:00,Nantes,Lens,3,1,4.25273,2.06191
27613,Serie_A,2024,2025-02-23 14:00:00,Verona,Fiorentina,1,0,0.450798,1.15567
27941,Bundesliga,2024,2025-02-23 14:30:00,RasenBallsport Leipzig,FC Heidenheim,2,2,1.6451,0.834882
27228,La_Liga,2024,2025-02-23 15:15:00,Real Madrid,Girona,2,0,2.36313,0.325619
28247,Ligue_1,2024,2025-02-23 16:15:00,Le Havre,Toulouse,1,4,1.04249,2.60783
28253,Ligue_1,2024,2025-02-23 16:15:00,Nice,Montpellier,2,0,2.14122,0.916772
28249,Ligue_1,2024,2025-02-23 16:15:00,Strasbourg,Brest,0,0,0.785346,0.498988
27940,Bundesliga,2024,2025-02-23 16:30:00,Bayern Munich,Eintracht Frankfurt,4,0,4.48699,0.49278
26859,EPL,2024,2025-02-23 16:30:00,Manchester City,Liverpool,0,2,0.58248,0.807058
27612,Serie_A,2024,2025-02-23 17:00:00,Empoli,Atalanta,0,5,0.775943,2.50618
27227,La_Liga,2024,2025-02-23 17:30:00,Getafe,Real Betis,1,2,0.86267,2.34571
27943,Bundesliga,2024,2025-02-23 18:30:00,Hoffenheim,VfB Stuttgart,1,1,0.705815,3.67099
28254,Ligue_1,2024,2025-02-23 19:45:00,Lyon,Paris Saint Germain,2,3,1.76184,2.74583
27621,Serie_A,2024,2025-02-23 19:45:00,Cagliari,Juventus,0,1,0.225637,2.20526
27230,La_Liga,2024,2025-02-23 20:00:00,Real Sociedad,Leganes,3,0,1.0679,0.256673
27617,Serie_A,2024,2025-02-24 19:45:00,Roma,Monza,4,0,2.16209,0.332233
27229,La_Liga,2024,2025-02-24 20:00:00,Sevilla,Mallorca,1,1,1.5822,1.64957
26863,EPL,2024,2025-02-25 19:30:00,Brighton,Bournemouth,2,1,2.57927,1.70169
26868,EPL,2024,2025-02-25 19:30:00,Crystal Palace,Aston Villa,4,1,4.02522,0.667217
26867,EPL,2024,2025-02-25 19:30:00,Wolverhampton Wanderers,Fulham,1,2,0.928973,1.43473
26869,EPL,2024,2025-02-25 20:15:00,Chelsea,Southampton,4,0,2.98234,0.845039
26862,EPL,2024,2025-02-26 19:30:00,Brentford,Everton,1,1,1.34009,1.44955
26871,EPL,2024,2025-02-26 19:30:00,Manchester United,Ipswich,3,2,1.40202,1.04498
26864,EPL,2024,2025-02-26 19:30:00,Nottingham Forest,Arsenal,0,0,0.508611,1.31766
26865,EPL,2024,2025-02-26 19:30:00,Tottenham,Manchester City,0,1,1.28426,2.38641
26870,EPL,2024,2025-02-26 20:15:00,Liverpool,Newcastle United,2,0,1.40027,0.45882
27442,Serie_A,2024,2025-02-27 19:45:00,Bologna,AC Milan,2,1,2.31992,1.55538
26866,EPL,2024,2025-02-27 20:00:00,West Ham,Leicester,2,0,1.70437,0.289578
27949,Bundesliga,2024,2025-02-28 19:30:00,VfB Stuttgart,Bayern Munich,1,3,0.653703,2.29942
28262,Ligue_1,2024,2025-02-28 19:45:00,Monaco,Reims,3,0,4.01066,0.722972
27624,Serie_A,2024,2025-02-28 19:45:00,Fiorentina,Lecce,1,0,1.43821,1.11638
27239,La_Liga,2024,2025-02-28 20:00:00,Real Valladolid,Las Palmas,1,1,2.17386,0.163235
27237,La_Liga,2024,2025-03-01 13:00:00,Girona,Celta Vigo,2,2,0.89503,1.64758
27622,Serie_A,2024,2025-03-01 14:00:00,Atalanta,Venezia,0,0,3.34552,0.359199
27957,Bundesliga,2024,2025-03-01 14:30:00,Bochum,Hoffenheim,0,1,1.4452,0.525952
27952,Bundesliga,2024,2025-03-01 14:30:00,FC Heidenheim,Borussia M.Gladbach,0,3,1.87707,1.7158
27950,Bundesliga,2024,2025-03-01 14:30:00,RasenBallsport Leipzig,Mainz 05,1,2,1.78404,1.64735
27956,Bundesliga,2024,2025-03-01 14:30:00,St. Pauli,Borussia Dortmund,0,2,0.293506,2.23846
27953,Bundesliga,2024,2025-03-01 14:30:00,Werder Bremen,Wolfsburg,1,2,2.10317,1.11674
27235,La_Liga,2024,2025-03-01 15:15:00,Rayo Vallecano,Sevilla,1,1,2.59009,0.807803
28259,Ligue_1,2024,2025-03-01 16:00:00,Saint-Etienne,Nice,1,3,1.01895,2.41374
27629,Serie_A,2024,2025-03-01 17:00:00,Napoli,Inter,1,1,1.72874,0.452597
27951,Bundesliga,2024,2025-03-01 17:30:00,Eintracht Frankfurt,Bayer Leverkusen,1,4,1.00046,2.37018
27233,La_Liga,2024,2025-03-01 17:30:00,Real Betis,Real Madrid,2,1,2.23957,1.05072
28260,Ligue_1,2024,2025-03-01 18:00:00,Lens,Le Havre,3,4,2.02687,1.73131
27631,Serie_A,2024,2025-03-01 19:45:00,Udinese,Parma Calcio 1913,1,0,2.0589,0.617812
27236,La_Liga,2024,2025-03-01 20:00:00,Atletico Madrid,Athletic Club,1,0,2.01612,1.54329
28255,Ligue_1,2024,2025-03-01 20:05:00,Paris Saint Germain,Lille,4,1,3.59846,0.872733
27628,Serie_A,2024,2025-03-02 11:30:00,Monza,Torino,0,2,0.582104,1.43219
27238,La_Liga,2024,2025-03-02 13:00:00,Leganes,Getafe,1,0,0.554524,0.585024
28257,Ligue_1,2024,2025-03-02 14:00:00,Lyon,Brest,2,1,1.54474,1.89282
27623,Serie_A,2024,2025-03-02 14:00:00,Bologna,Cagliari,2,1,2.25801,0.68032
27625,Serie_A,2024,2025-03-02 14:00:00,Genoa,Empoli,1,1,0.229571,1.00977
27955,Bundesliga,2024,2025-03-02 14:30:00,Union Berlin,Holstein Kiel,0,1,0.886081,0.692509
27232,La_Liga,2024,2025-03-02 15:15:00,Barcelona,Real Sociedad,4,0,3.63697,0.0
28263,Ligue_1,2024,2025-03-02 16:15:00,Angers,Toulouse,0,4,0.363765,4.43647
28261,Ligue_1,2024,2025-03-02 16:15:00,Auxerre,Strasbourg,0,1,2.09273,1.52559
28258,Ligue_1,2024,2025-03-02 16:15:00,Montpellier,Rennes,0,4,1.60296,2.49604
27954,Bundesliga,2024,2025-03-02 16:30:00,Augsburg,Freiburg,0,0,2.222,0.799243
27630,Serie_A,2024,2025-03-02 17:00:00,Roma,Como,2,1,1.59518,1.29634
27240,La_Liga,2024,2025-03-02 17:30:00,Mallorca,Alaves,1,1,1.83195,1.63763
28256,Ligue_1,2024,2025-03-02 19:45:00,Marseille,Nantes,2,0,2.61727,0.838148
27627,Serie_A,2024,2025-03-02 19:45:00,AC Milan,Lazio,1,2,1.28991,2.53115
27234,La_Liga,2024,2025-03-02 20:00:00,Osasuna,Valencia,3,3,1.26777,1.54983
27626,Serie_A,2024,2025-03-03 19:45:00,Juventus,Verona,2,0,1.97535,0.269838
27965,Bundesliga,2024,2025-03-07 19:30:00,Borussia M.Gladbach,Mainz 05,1,3,1.25544,1.98889
28267,Ligue_1,2024,2025-03-07 19:45:00,Toulouse,Monaco,1,1,1.25392,2.8576
27632,Serie_A,2024,2025-03-07 19:45:00,Cagliari,Genoa,1,1,0.809829,1.43054
26878,EPL,2024,2025-03-08 12:30:00,Nottingham Forest,Manchester City,1,0,0.501476,0.721234
27246,La_Liga,2024,2025-03-08 13:00:00,Celta Vigo,Leganes,2,1,1.07104,0.99815
27633,Serie_A,2024,2025-03-08 14:00:00,Como,Venezia,1,1,1.2727,1.80606
27641,Serie_A,2024,2025-03-08 14:00:00,Parma Calcio 1913,Torino,2,2,1.48743,0.72136
27958,Bundesliga,2024,2025-03-08 14:30:00,Bayer Leverkusen,Werder Bremen,0,2,1.36325,1.67701
27959,Bundesliga,2024,2025-03-08 14:30:00,Bayern Munich,Bochum,2,3,2.72891,1.36274
27960,Bundesliga,2024,2025-03-08 14:30:00,Borussia Dortmund,Augsburg,0,1,1.11055,0.250168
27966,Bundesliga,2024,2025-03-08 14:30:00,Holstein Kiel,VfB Stuttgart,2,2,1.97246,1.0726
27964,Bundesliga,2024,2025-03-08 14:30:00,Wolfsburg,St. Pauli,1,1,1.96602,1.23696
26873,EPL,2024,2025-03-08 15:00:00,Brighton,Fulham,2,1,1.94417,0.708227
26875,EPL,2024,2025-03-08 15:00:00,Crystal Palace,Ipswich,1,0,3.13879,1.63282
26876,EPL,2024,2025-03-08 15:00:00,Liverpool,Southampton,3,1,4.98996,0.511566
27249,La_Liga,2024,2025-03-08 15:15:00,Alaves,Villarreal,1,0,1.21479,2.63287
28271,Ligue_1,2024,2025-03-08 16:00:00,Rennes,Paris Saint Germain,1,4,2.10922,3.39834
27639,Serie_A,2024,2025-03-08 17:00:00,Lecce,AC Milan,2,3,1.1897,3.27991
27963,Bundesliga,2024,2025-03-08 17:30:00,Freiburg,RasenBallsport Leipzig,0,0,0.510953,2.02806
26872,EPL,2024,2025-03-08 17:30:00,Brentford,Aston Villa,0,1,0.637743,1.29638
27248,La_Liga,2024,2025-03-08 17:30:00,Valencia,Real Valladolid,2,1,2.37105,0.645621
28270,Ligue_1,2024,2025-03-08 18:00:00,Lille,Montpellier,1,0,1.7771,0.305936
27636,Serie_A,2024,2025-03-08 19:45:00,Inter,Monza,3,2,3.0629,0.779109
26881,EPL,2024,2025-03-08 20:00:00,Wolverhampton Wanderers,Everton,1,1,0.812432,1.3672
28272,Ligue_1,2024,2025-03-08 20:05:00,Marseille,Lens,0,1,1.18945,1.23993
27635,Serie_A,2024,2025-03-09 11:30:00,Verona,Bologna,1,2,1.28101,1.38177
27250,La_Liga,2024,2025-03-09 13:00:00,Getafe,Atletico Madrid,2,1,1.39814,1.02142
26874,EPL,2024,2025-03-09 14:00:00,Chelsea,Leicester,1,0,1.76844,0.108487
26879,EPL,2024,2025-03-09 14:00:00,Tottenham,Bournemouth,2,2,1.35053,2.22536
28269,Ligue_1,2024,2025-03-09 14:00:00,Brest,Angers,2,0,4.53611,0.48923
27640,Serie_A,2024,2025-03-09 14:00:00,Napoli,Fiorentina,2,1,2.93764,1.05617
27961,Bundesliga,2024,2025-03-09 14:30:00,Eintracht Frankfurt,Union Berlin,1,2,2.00811,0.725817
27251,La_Liga,2024,2025-03-09 15:15:00,Real Madrid,Rayo Vallecano,2,1,1.59439,1.21003
28264,Ligue_1,2024,2025-03-09 16:15:00,Le Havre,Saint-Etienne,1,1,2.15479,1.3916
28266,Ligue_1,2024,2025-03-09 16:15:00,Nantes,Strasbourg,0,1,0.66134,1.17018
28265,Ligue_1,2024,2025-03-09 16:15:00,Reims,Auxerre,0,2,1.83707,1.87605
27962,Bundesliga,2024,2025-03-09 16:30:00,Hoffenheim,FC Heidenheim,1,1,1.78028,2.31324
26877,EPL,2024,2025-03-09 16:30:00,Manchester United,Arsenal,1,1,1.31107,1.82996
27634,Serie_A,2024,2025-03-09 17:00:00,Empoli,Roma,0,1,0.0771894,2.99912
27243,La_Liga,2024,2025-03-09 17:30:00,Athletic Club,Mallorca,1,1,0.938663,1.02509
27245,La_Liga,2024,2025-03-09 17:30:00,Real Betis,Las Palmas,1,0,2.31412,0.426529
28268,Ligue_1,2024,2025-03-09 19:45:00,Nice,Lyon,0,2,1.50591,0.78019
27637,Serie_A,2024,2025-03-09 19:45:00,Juventus,Atalanta,0,4,0.940693,3.93513
27247,La_Liga,2024,2025-03-09 20:00:00,Real Sociedad,Sevilla,0,1,0.803868,1.01162
27638,Serie_A,2024,2025-03-10 19:45:00,Lazio,Udinese,1,1,1.01458,1.23859
26880,EPL,2024,2025-03-10 20:00:00,West Ham,Newcastle United,0,1,0.823986,1.62976
27242,La_Liga,2024,2025-03-10 20:00:00,Espanyol,Girona,1,1,0.325296,1.58787
27975,Bundesliga,2024,2025-03-14 19:30:00,St. Pauli,Hoffenheim,1,0,1.43518,0.196271
28274,Ligue_1,2024,2025-03-14 19:45:00,Nice,Auxerre,1,1,2.29143,0.606081
27646,Serie_A,2024,2025-03-14 19:45:00,Genoa,Lecce,2,1,1.06034,1.20452
27260,La_Liga,2024,2025-03-14 20:00:00,Las Palmas,Alaves,2,2,1.94387,1.49888
27257,La_Liga,2024,2025-03-15 13:00:00,Real Valladolid,Celta Vigo,0,1,0.839415,1.81654
27642,Serie_A,2024,2025-03-15 14:00:00,Monza,Parma Calcio 1913,1,1,0.9314,0.616308
27650,Serie_A,2024,2025-03-15 14:00:00,Udinese,Verona,0,1,0.318009,0.542985
27971,Bundesliga,2024,2025-03-15 14:30:00,Augsburg,Wolfsburg,1,0,0.598968,0.763636
27972,Bundesliga,2024,2025-03-15 14:30:00,Mainz 05,Freiburg,2,2,1.33307,2.93264
27973,Bundesliga,2024,2025-03-15 14:30:00,Union Berlin,Bayern Munich,1,1,0.8044,1.83549
27970,Bundesliga,2024,2025-03-15 14:30:00,Werder Bremen,Borussia M.Gladbach,2,4,2.98283,2.32056
26885,EPL,2024,2025-03-15 15:00:00,Everton,West Ham,1,1,1.189,0.516029
26887,EPL,2024,2025-03-15 15:00:00,Ipswich,Nottingham Forest,2,4,0.520839,1.30722
26889,EPL,2024,2025-03-15 15:00:00,Manchester City,Brighton,2,2,2.02642,2.11119
26891,EPL,2024,2025-03-15 15:00:00,Southampton,Wolverhampton Wanderers,1,2,1.2821,0.540718
27261,La_Liga,2024,2025-03-15 15:15:00,Mallorca,Espanyol,2,1,2.57036,0.184342
28280,Ligue_1,2024,2025-03-15 16:00:00,Nantes,Lille,1,0,2.00991,2.45036
27647,Serie_A,2024,2025-03-15 17:00:00,AC Milan,Como,2,1,1.72803,1.35523
27968,Bundesliga,2024,2025-03-15 17:30:00,RasenBallsport Leipzig,Borussia Dortmund,2,0,2.55875,4.09542
26882,EPL,2024,2025-03-15 17:30:00,Bournemouth,Brentford,1,2,2.02714,1.60321
27259,La_Liga,2024,2025-03-15 17:30:00,Villarreal,Real Madrid,1,2,2.00539,1.10001
28281,Ligue_1,2024,2025-03-15 18:00:00,Angers,Monaco,0,2,0.497795,2.03553
27649,Serie_A,2024,2025-03-15 19:45:00,Torino,Empoli,1,0,0.701071,1.73375
27253,La_Liga,2024,2025-03-15 20:00:00,Girona,Valencia,1,1,1.17978,1.21975
28278,Ligue_1,2024,2025-03-15 20:05:00,Lens,Rennes,1,0,0.643819,0.653605
27651,Serie_A,2024,2025-03-16 11:30:00,Venezia,Napoli,0,0,1.04696,1.2665
27256,La_Liga,2024,2025-03-16 13:00:00,Leganes,Real Betis,2,3,1.57329,2.92809
26883,EPL,2024,2025-03-16 13:30:00,Arsenal,Chelsea,1,0,0.695725,0.286036
26886,EPL,2024,2025-03-16 13:30:00,Fulham,Tottenham,2,0,1.03966,1.40865
28277,Ligue_1,2024,2025-03-16 14:00:00,Lyon,Le Havre,4,2,3.58655,1.56105
27645,Serie_A,2024,2025-03-16 14:00:00,Bologna,Lazio,5,0,2.85431,0.600718
27648,Serie_A,2024,2025-03-16 15:00:00,Roma,Cagliari,1,0,1.61105,1.10046
27255,La_Liga,2024,2025-03-16 15:15:00,Sevilla,Athletic Club,0,1,0.459323,1.64488
27974,Bundesliga,2024,2025-03-16 15:30:00,Bochum,Eintracht Frankfurt,1,3,1.88062,3.29403
28276,Ligue_1,2024,2025-03-16 16:15:00,Brest,Reims,0,0,0.33799,0.985266
28275,Ligue_1,2024,2025-03-16 16:15:00,Montpellier,Saint-Etienne,0,2,1.33869,1.13788
28279,Ligue_1,2024,2025-03-16 16:15:00,Strasbourg,Toulouse,2,1,1.98742,1.39687
27969,Bundesliga,2024,2025-03-16 16:30:00,FC Heidenheim,Holstein Kiel,3,1,1.6572,1.14988
27644,Serie_A,2024,2025-03-16 17:00:00,Fiorentina,Juventus,3,0,0.508254,0.597644
27258,La_Liga,2024,2025-03-16 17:30:00,Osasuna,Getafe,1,2,2.08486,0.900928
27254,La_Liga,2024,2025-03-16 17:30:00,Rayo Vallecano,Real Sociedad,2,2,0.536859,0.905535
27967,Bundesliga,2024,2025-03-16 18:30:00,VfB Stuttgart,Bayer Leverkusen,3,4,2.85024,2.07439
26888,EPL,2024,2025-03-16 19:00:00,Leicester,Manchester United,0,3,1.30455,1.13892
28273,Ligue_1,2024,2025-03-16 19:45:00,Paris Saint Germain,Marseille,3,1,2.60859,0.734284
27643,Serie_A,2024,2025-03-16 19:45:00,Atalanta,Inter,0,2,0.682065,2.28143
27252,La_Liga,2024,2025-03-16 20:00:00,Atletico Madrid,Barcelona,2,4,1.09435,2.16215
27244,La_Liga,2024,2025-03-27 20:00:00,Barcelona,Osasuna,3,0,4.63707,0.53356
27976,Bundesliga,2024,2025-03-28 19:30:00,Bayer Leverkusen,Bochum,3,1,2.08076,0.702152
28285,Ligue_1,2024,2025-03-28 19:45:00,Strasbourg,Lyon,4,2,1.77552,2.87161
27265,La_Liga,2024,2025-03-29 13:00:00,Real Sociedad,Real Valladolid,2,1,1.32811,1.29525
27652,Serie_A,2024,2025-03-29 14:00:00,Como,Empoli,1,1,1.93663,1.78514
27653,Serie_A,2024,2025-03-29 14:00:00,Venezia,Bologna,0,1,0.683347,1.29589
27977,Bundesliga,2024,2025-03-29 14:30:00,Bayern Munich,St. Pauli,3,2,4.00213,0.841269
27980,Bundesliga,2024,2025-03-29 14:30:00,Borussia M.Gladbach,RasenBallsport Leipzig,1,0,1.79539,0.929047
27983,Bundesliga,2024,2025-03-29 14:30:00,Hoffenheim,Augsburg,1,1,1.94509,0.688621
27984,Bundesliga,2024,2025-03-29 14:30:00,Holstein Kiel,Werder Bremen,0,3,0.56476,1.48157
27981,Bundesliga,2024,2025-03-29 14:30:00,Wolfsburg,FC Heidenheim,0,1,1.23886,1.31407
27262,La_Liga,2024,2025-03-29 15:15:00,Espanyol,Atletico Madrid,1,1,0.985043,0.994468
28288,Ligue_1,2024,2025-03-29 16:00:00,Reims,Marseille,3,1,1.05547,1.07885
27659,Serie_A,2024,2025-03-29 17:00:00,Juventus,Genoa,1,0,1.50908,0.263169
27978,Bundesliga,2024,2025-03-29 17:30:00,Eintracht Frankfurt,VfB Stuttgart,1,0,3.69196,0.863163
27266,La_Liga,2024,2025-03-29 17:30:00,Alaves,Rayo Vallecano,0,2,1.60064,0.681703
28287,Ligue_1,2024,2025-03-29 18:00:00,Saint-Etienne,Paris Saint Germain,1,6,1.27635,3.96021
27657,Serie_A,2024,2025-03-29 19:45:00,Lecce,Roma,0,1,0.694403,1.90759
27268,La_Liga,2024,2025-03-29 20:00:00,Real Madrid,Leganes,3,2,3.59257,2.38359
28290,Ligue_1,2024,2025-03-29 20:05:00,Monaco,Nice,2,1,2.52612,0.60151
27658,Serie_A,2024,2025-03-30 11:30:00,Cagliari,Monza,3,0,1.95839,0.962993
27264,La_Liga,2024,2025-03-30 13:00:00,Getafe,Villarreal,1,2,0.940085,1.38471
28286,Ligue_1,2024,2025-03-30 14:00:00,Toulouse,Brest,2,4,2.44172,1.99117
27661,Serie_A,2024,2025-03-30 14:00:00,Fiorentina,Atalanta,1,0,1.92673,0.918743
27982,Bundesliga,2024,2025-03-30 14:30:00,Freiburg,Union Berlin,1,2,1.01023,1.38632
27270,La_Liga,2024,2025-03-30 15:15:00,Barcelona,Girona,4,1,2.75333,0.490847
28282,Ligue_1,2024,2025-03-30 16:15:00,Angers,Rennes,0,3,1.04854,1.63382
28283,Ligue_1,2024,2025-03-30 16:15:00,Auxerre,Montpellier,1,0,2.11681,0.457017
28284,Ligue_1,2024,2025-03-30 16:15:00,Le Havre,Nantes,3,2,4.01379,1.06585
27979,Bundesliga,2024,2025-03-30 16:30:00,Borussia Dortmund,Mainz 05,3,1,2.69722,0.654443
27655,Serie_A,2024,2025-03-30 17:00:00,Inter,Udinese,2,1,2.33787,1.3398
27269,La_Liga,2024,2025-03-30 17:30:00,Athletic Club,Osasuna,0,0,0.759463,0.564979
27267,La_Liga,2024,2025-03-30 17:30:00,Valencia,Mallorca,1,0,0.731544,0.657805
28289,Ligue_1,2024,2025-03-30 19:45:00,Lille,Lens,1,0,1.95492,0.596446
27654,Serie_A,2024,2025-03-30 19:45:00,Napoli,AC Milan,2,1,0.945094,2.25619
27271,La_Liga,2024,2025-03-30 20:00:00,Real Betis,Sevilla,2,1,0.894203,0.867589
27660,Serie_A,2024,2025-03-31 17:30:00,Verona,Parma Calcio 1913,0,0,0.765236,0.501452
27656,Serie_A,2024,2025-03-31 19:45:00,Lazio,Torino,1,1,1.93778,0.632735
27263,La_Liga,2024,2025-03-31 20:00:00,Celta Vigo,Las Palmas,1,1,1.07663,0.52734
26892,EPL,2024,2025-04-01 19:45:00,Arsenal,Fulham,2,1,2.30189,1.44206
26895,EPL,2024,2025-04-01 19:45:00,Wolverhampton Wanderers,West Ham,1,0,1.10359,1.73057
26894,EPL,2024,2025-04-01 20:00:00,Nottingham Forest,Manchester United,1,0,0.512063,1.86688
26896,EPL,2024,2025-04-02 19:45:00,Bournemouth,Ipswich,1,2,1.99637,1.41263
26893,EPL,2024,2025-04-02 19:45:00,Brighton,Aston Villa,0,3,0.558009,1.20715
26898,EPL,2024,2025-04-02 19:45:00,Manchester City,Leicester,2,0,2.07165,0.104741
26899,EPL,2024,2025-04-02 19:45:00,Newcastle United,Brentford,2,1,2.26584,1.53201
26900,EPL,2024,2025-04-02 19:45:00,Southampton,Crystal Palace,1,1,0.687304,0.93776
26901,EPL,2024,2025-04-02 20:00:00,Liverpool,Everton,1,0,1.29718,0.823136
26897,EPL,2024,2025-04-03 19:00:00,Chelsea,Tottenham,1,0,1.30443,1.40274
27989,Bundesliga,2024,2025-04-04 18:30:00,Augsburg,Bayern Munich,1,3,0.567653,1.91653
28292,Ligue_1,2024,2025-04-04 18:45:00,Nice,Nantes,1,2,2.17922,0.945149
27667,Serie_A,2024,2025-04-04 18:45:00,Genoa,Udinese,1,0,1.65486,1.11114
27281,La_Liga,2024,2025-04-04 19:00:00,Rayo Vallecano,Espanyol,0,4,0.501253,3.48741
26905,EPL,2024,2025-04-05 11:30:00,Everton,Arsenal,1,1,1.22875,1.4031
27280,La_Liga,2024,2025-04-05 12:00:00,Girona,Alaves,0,1,1.73306,0.805674
27663,Serie_A,2024,2025-04-05 13:00:00,Monza,Como,1,3,1.05971,2.27029
27992,Bundesliga,2024,2025-04-05 13:30:00,Bochum,VfB Stuttgart,0,4,0.815791,2.64663
27986,Bundesliga,2024,2025-04-05 13:30:00,FC Heidenheim,Bayer Leverkusen,0,1,1.30234,0.367393
27988,Bundesliga,2024,2025-04-05 13:30:00,Freiburg,Borussia Dortmund,1,4,2.02793,3.55487
27990,Bundesliga,2024,2025-04-05 13:30:00,Mainz 05,Holstein Kiel,1,1,1.65205,1.66267
27985,Bundesliga,2024,2025-04-05 13:30:00,RasenBallsport Leipzig,Hoffenheim,3,1,1.40121,1.18624
26904,EPL,2024,2025-04-05 14:00:00,Crystal Palace,Brighton,2,1,0.443965,1.27226
26907,EPL,2024,2025-04-05 14:00:00,Ipswich,Wolverhampton Wanderers,1,2,0.872356,2.8096
26911,EPL,2024,2025-04-05 14:00:00,West Ham,Bournemouth,2,2,0.907832,1.94869
27273,La_Liga,2024,2025-04-05 14:15:00,Real Madrid,Valencia,1,2,3.36121,1.08997
28297,Ligue_1,2024,2025-04-05 15:00:00,Paris Saint Germain,Angers,1,0,1.64379,0.280438
27670,Serie_A,2024,2025-04-05 16:00:00,Parma Calcio 1913,Inter,2,2,1.66115,2.17944
27987,Bundesliga,2024,2025-04-05 16:30:00,Werder Bremen,Eintracht Frankfurt,2,0,1.22711,0.515073
26902,EPL,2024,2025-04-05 16:30:00,Aston Villa,Nottingham Forest,2,1,2.63349,0.96769
27278,La_Liga,2024,2025-04-05 16:30:00,Mallorca,Celta Vigo,1,2,0.670008,1.12056
28293,Ligue_1,2024,2025-04-05 17:00:00,Brest,Monaco,2,1,0.90697,1.75483
27669,Serie_A,2024,2025-04-05 18:45:00,AC Milan,Fiorentina,2,2,2.17819,3.04937
27272,La_Liga,2024,2025-04-05 19:00:00,Barcelona,Real Betis,1,1,1.46844,0.249939
28295,Ligue_1,2024,2025-04-05 19:05:00,Lyon,Lille,2,1,1.75398,0.656931
27668,Serie_A,2024,2025-04-06 10:30:00,Lecce,Venezia,1,1,1.50136,0.898847
27274,La_Liga,2024,2025-04-06 12:00:00,Las Palmas,Real Sociedad,1,3,1.75387,2.81501
26903,EPL,2024,2025-04-06 13:00:00,Brentford,Chelsea,0,0,1.36123,1.47829
26906,EPL,2024,2025-04-06 13:00:00,Fulham,Liverpool,3,2,1.72764,1.40638
26910,EPL,2024,2025-04-06 13:00:00,Tottenham,Southampton,3,1,2.648,0.780439
28296,Ligue_1,2024,2025-04-06 13:00:00,Lens,Saint-Etienne,1,0,2.50421,1.69228
27666,Serie_A,2024,2025-04-06 13:00:00,Empoli,Cagliari,0,0,0.386589,0.162801
27671,Serie_A,2024,2025-04-06 13:00:00,Torino,Verona,1,1,0.963942,1.32441
27993,Bundesliga,2024,2025-04-06 13:30:00,St. Pauli,Borussia M.Gladbach,1,1,2.19443,0.646648
27277,La_Liga,2024,2025-04-06 14:15:00,Sevilla,Atletico Madrid,1,2,0.818692,1.23653
28294,Ligue_1,2024,2025-04-06 15:15:00,Montpellier,Le Havre,0,2,0.956146,1.72977
28298,Ligue_1,2024,2025-04-06 15:15:00,Reims,Strasbourg,0,1,0.891063,2.80314
28299,Ligue_1,2024,2025-04-06 15:15:00,Rennes,Auxerre,0,1,1.06426,1.10602
27991,Bundesliga,2024,2025-04-06 15:30:00,Union Berlin,Wolfsburg,1,0,1.55071,1.79618
26909,EPL,2024,2025-04-06 15:30:00,Manchester United,Manchester City,0,0,1.23317,0.687894
27664,Serie_A,2024,2025-04-06 16:00:00,Atalanta,Lazio,0,1,1.04022,0.523108
27279,La_Liga,2024,2025-04-06 16:30:00,Real Valladolid,Getafe,0,4,0.300994,2.80288
28291,Ligue_1,2024,2025-04-06 18:45:00,Marseille,Toulouse,3,2,1.13222,1.30619
27662,Serie_A,2024,2025-04-06 18:45:00,Roma,Juventus,1,1,1.37162,0.994645
27276,La_Liga,2024,2025-04-06 19:00:00,Villarreal,Athletic Club,0,0,1.59491,0.998653
27665,Serie_A,2024,2025-04-07 18:45:00,Bologna,Napoli,1,1,1.11047,0.99857
26908,EPL,2024,2025-04-07 19:00:00,Leicester,Newcastle United,0,3,0.354575,3.44111
27275,La_Liga,2024,2025-04-07 19:00:00,Leganes,Osasuna,1,1,2.22334,2.07408
27999,Bundesliga,2024,2025-04-11 18:30:00,Wolfsburg,RasenBallsport Leipzig,2,3,1.84361,1.60065
28307,Ligue_1,2024,2025-04-11 18:45:00,Lens,Reims,0,2,2.71917,1.44859
27681,Serie_A,2024,2025-04-11 18:45:00,Udinese,AC Milan,0,4,0.644579,2.49634
27291,La_Liga,2024,2025-04-11 19:00:00,Valencia,Sevilla,1,0,1.42634,0.910522
26917,EPL,2024,2025-04-12 11:30:00,Manchester City,Crystal Palace,5,2,4.59724,1.33808
27290,La_Liga,2024,2025-04-12 12:00:00,Real Sociedad,Mallorca,0,2,0.616782,0.801126
27672,Serie_A,2024,2025-04-12 13:00:00,Venezia,Monza,1,0,1.62268,0.590462
27994,Bundesliga,2024,2025-04-12 13:30:00,Bayer Leverkusen,Union Berlin,0,0,0.495489,0.513825
28001,Bundesliga,2024,2025-04-12 13:30:00,Bochum,Augsburg,1,2,1.86097,1.02536
28000,Bundesliga,2024,2025-04-12 13:30:00,Borussia M.Gladbach,Freiburg,1,2,0.524784,2.31704
27998,Bundesliga,2024,2025-04-12 13:30:00,Hoffenheim,Mainz 05,2,0,1.42393,0.969601
28002,Bundesliga,2024,2025-04-12 13:30:00,Holstein Kiel,St. Pauli,1,2,0.692664,1.06614
26914,EPL,2024,2025-04-12 14:00:00,Brighton,Leicester,2,2,3.6978,1.98444
26920,EPL,2024,2025-04-12 14:00:00,Nottingham Forest,Everton,0,1,0.423949,1.26036
26921,EPL,2024,2025-04-12 14:00:00,Southampton,Aston Villa,0,3,0.412256,2.99927
27286,La_Liga,2024,2025-04-12 14:15:00,Getafe,Las Palmas,1,3,1.61783,1.54225
28308,Ligue_1,2024,2025-04-12 15:00:00,Monaco,Marseille,3,0,2.91516,0.877673
27678,Serie_A,2024,2025-04-12 16:00:00,Inter,Cagliari,3,1,1.71603,0.914283
27996,Bundesliga,2024,2025-04-12 16:30:00,Bayern Munich,Borussia Dortmund,2,2,2.94706,1.71681
26913,EPL,2024,2025-04-12 16:30:00,Arsenal,Brentford,1,1,0.767369,0.588583
27282,La_Liga,2024,2025-04-12 16:30:00,Celta Vigo,Espanyol,0,2,0.824366,0.780846
28300,Ligue_1,2024,2025-04-12 17:00:00,Toulouse,Lille,1,2,0.982005,0.599675
27673,Serie_A,2024,2025-04-12 18:45:00,Juventus,Lecce,2,1,1.95569,0.940466
27288,La_Liga,2024,2025-04-12 19:00:00,Leganes,Barcelona,0,1,0.5988,1.10105
28304,Ligue_1,2024,2025-04-12 19:05:00,Strasbourg,Nice,2,2,0.789035,1.83829
27674,Serie_A,2024,2025-04-13 10:30:00,Atalanta,Bologna,2,0,1.15847,0.546815
27289,La_Liga,2024,2025-04-13 12:00:00,Osasuna,Girona,2,1,1.68846,0.57428
26915,EPL,2024,2025-04-13 13:00:00,Chelsea,Ipswich,2,2,2.90758,1.60301
26916,EPL,2024,2025-04-13 13:00:00,Liverpool,West Ham,2,1,1.42902,1.46598
26919,EPL,2024,2025-04-13 13:00:00,Wolverhampton Wanderers,Tottenham,4,2,2.22977,1.62887
28305,Ligue_1,2024,2025-04-13 13:00:00,Saint-Etienne,Brest,3,3,1.02329,2.01379
27676,Serie_A,2024,2025-04-13 13:00:00,Fiorentina,Parma Calcio 1913,0,0,0.670714,0.616318
27677,Serie_A,2024,2025-04-13 13:00:00,Verona,Genoa,0,0,1.00077,0.111761
27995,Bundesliga,2024,2025-04-13 13:30:00,VfB Stuttgart,Werder Bremen,1,2,1.75437,1.65438
27287,La_Liga,2024,2025-04-13 14:15:00,Alaves,Real Madrid,0,1,0.607781,1.26541
28306,Ligue_1,2024,2025-04-13 15:15:00,Angers,Montpellier,2,0,1.771,0.452518
28301,Ligue_1,2024,2025-04-13 15:15:00,Le Havre,Rennes,1,5,0.718016,3.72188
27997,Bundesliga,2024,2025-04-13 15:30:00,Eintracht Frankfurt,FC Heidenheim,3,0,3.64515,1.28841
26918,EPL,2024,2025-04-13 15:30:00,Newcastle United,Manchester United,4,1,2.6383,0.786568
27675,Serie_A,2024,2025-04-13 16:00:00,Como,Torino,1,0,1.23079,1.04165
27285,La_Liga,2024,2025-04-13 16:30:00,Real Betis,Villarreal,1,2,2.04046,1.32607
28302,Ligue_1,2024,2025-04-13 18:45:00,Auxerre,Lyon,1,3,1.00397,3.11801
27679,Serie_A,2024,2025-04-13 18:45:00,Lazio,Roma,1,1,1.92122,0.221733
27283,La_Liga,2024,2025-04-13 19:00:00,Athletic Club,Rayo Vallecano,3,1,1.97654,1.81883
27680,Serie_A,2024,2025-04-14 18:45:00,Napoli,Empoli,3,0,2.13717,1.37277
26912,EPL,2024,2025-04-14 19:00:00,Bournemouth,Fulham,1,0,1.8577,1.07203
27284,La_Liga,2024,2025-04-14 19:00:00,Atletico Madrid,Real Valladolid,4,2,4.06291,1.38016
26890,EPL,2024,2025-04-16 18:30:00,Newcastle United,Crystal Palace,5,0,2.32947,2.37548
28317,Ligue_1,2024,2025-04-18 18:45:00,Rennes,Nantes,2,1,2.52992,0.702331
27301,La_Liga,2024,2025-04-18 19:00:00,Espanyol,Getafe,1,0,0.367268,0.736613
27293,La_Liga,2024,2025-04-19 12:00:00,Rayo Vallecano,Valencia,1,1,0.722317,2.06284
27688,Serie_A,2024,2025-04-19 13:00:00,Lecce,Como,0,3,0.666737,1.65387
28005,Bundesliga,2024,2025-04-19 13:30:00,FC Heidenheim,Bayern Munich,0,4,0.529774,3.54191
28007,Bundesliga,2024,2025-04-19 13:30:00,Freiburg,Hoffenheim,3,2,1.54968,1.94701
28009,Bundesliga,2024,2025-04-19 13:30:00,Mainz 05,Wolfsburg,2,2,2.68235,1.80796
28003,Bundesliga,2024,2025-04-19 13:30:00,RasenBallsport Leipzig,Holstein Kiel,1,1,2.16761,1.017
28006,Bundesliga,2024,2025-04-19 13:30:00,Werder Bremen,Bochum,1,0,2.70919,0.4947
26923,EPL,2024,2025-04-19 14:00:00,Brentford,Brighton,4,2,2.95516,1.24107
26924,EPL,2024,2025-04-19 14:00:00,Crystal Palace,Bournemouth,0,0,0.337818,0.664093
26925,EPL,2024,2025-04-19 14:00:00,Everton,Manchester City,0,2,0.81683,1.87989
26931,EPL,2024,2025-04-19 14:00:00,West Ham,Southampton,1,1,0.98423,0.922877
27292,La_Liga,2024,2025-04-19 14:15:00,Barcelona,Celta Vigo,4,3,2.56587,2.50499
28313,Ligue_1,2024,2025-04-19 15:00:00,Paris Saint Germain,Le Havre,2,1,3.19233,0.709291
27687,Serie_A,2024,2025-04-19 16:00:00,Monza,Napoli,0,1,0.874819,1.66648
28010,Bundesliga,2024,2025-04-19 16:30:00,Union Berlin,VfB Stuttgart,4,4,2.16124,1.19
26922,EPL,2024,2025-04-19 16:30:00,Aston Villa,Newcastle United,4,1,3.05371,1.27176
27300,La_Liga,2024,2025-04-19 16:30:00,Mallorca,Leganes,0,0,1.06921,0.951824
28316,Ligue_1,2024,2025-04-19 17:00:00,Monaco,Strasbourg,0,0,0.969947,0.340219
27690,Serie_A,2024,2025-04-19 18:45:00,Roma,Verona,1,0,1.24696,0.330349
27295,La_Liga,2024,2025-04-19 19:00:00,Las Palmas,Atletico Madrid,1,0,0.768437,0.757145
28314,Ligue_1,2024,2025-04-19 19:05:00,Marseille,Montpellier,5,1,3.82233,0.304052
27297,La_Liga,2024,2025-04-20 12:00:00,Real Valladolid,Osasuna,2,3,1.45455,2.36202
26926,EPL,2024,2025-04-20 13:00:00,Fulham,Chelsea,1,2,0.306122,0.75172
26927,EPL,2024,2025-04-20 13:00:00,Ipswich,Arsenal,0,4,0.192879,2.81362
26929,EPL,2024,2025-04-20 13:00:00,Manchester United,Wolverhampton Wanderers,0,1,1.13966,0.187814
28312,Ligue_1,2024,2025-04-20 13:00:00,Lille,Auxerre,3,1,2.97047,0.280948
27684,Serie_A,2024,2025-04-20 13:00:00,Empoli,Venezia,2,2,1.14666,1.48453
28008,Bundesliga,2024,2025-04-20 13:30:00,Augsburg,Eintracht Frankfurt,0,0,1.14215,1.39546
27298,La_Liga,2024,2025-04-20 14:15:00,Villarreal,Real Sociedad,2,2,2.14498,2.29777
28311,Ligue_1,2024,2025-04-20 15:15:00,Brest,Lens,1,3,1.05399,2.98551
28310,Ligue_1,2024,2025-04-20 15:15:00,Nice,Angers,2,1,2.72567,0.278639
28315,Ligue_1,2024,2025-04-20 15:15:00,Reims,Toulouse,1,0,0.659517,1.32734
28004,Bundesliga,2024,2025-04-20 15:30:00,Borussia Dortmund,Borussia M.Gladbach,3,2,1.18456,1.2185
26928,EPL,2024,2025-04-20 15:30:00,Leicester,Liverpool,0,1,0.232205,4.52706
27682,Serie_A,2024,2025-04-20 16:00:00,Bologna,Inter,1,0,1.0878,0.661137
27299,La_Liga,2024,2025-04-20 16:30:00,Sevilla,Alaves,1,1,1.89613,1.30312
28011,Bundesliga,2024,2025-04-20 17:30:00,St. Pauli,Bayer Leverkusen,1,1,2.3164,1.13491
28309,Ligue_1,2024,2025-04-20 18:45:00,Saint-Etienne,Lyon,2,1,1.74645,0.632299
27686,Serie_A,2024,2025-04-20 18:45:00,AC Milan,Atalanta,0,1,0.495327,2.07826
27294,La_Liga,2024,2025-04-20 19:00:00,Real Madrid,Athletic Club,1,0,2.40667,0.132511
26930,EPL,2024,2025-04-21 19:00:00,Tottenham,Nottingham Forest,1,2,2.4024,0.557682
27296,La_Liga,2024,2025-04-21 19:00:00,Girona,Real Betis,1,3,1.10326,2.28252
28303,Ligue_1,2024,2025-04-22 18:45:00,Nantes,Paris Saint Germain,1,1,0.520926,2.30552
26937,EPL,2024,2025-04-22 19:00:00,Manchester City,Aston Villa,2,1,1.36232,1.85906
27302,La_Liga,2024,2025-04-22 19:00:00,Valencia,Espanyol,1,1,1.07897,0.344156
27305,La_Liga,2024,2025-04-22 19:30:00,Barcelona,Mallorca,1,0,3.43457,0.326579
27683,Serie_A,2024,2025-04-23 16:30:00,Cagliari,Fiorentina,1,2,0.367407,0.701424
27685,Serie_A,2024,2025-04-23 16:30:00,Genoa,Lazio,0,2,0.470637,1.33679
27689,Serie_A,2024,2025-04-23 16:30:00,Parma Calcio 1913,Juventus,1,0,0.784847,0.777191
27691,Serie_A,2024,2025-04-23 16:30:00,Torino,Udinese,2,0,0.949162,0.949917
27303,La_Liga,2024,2025-04-23 17:00:00,Athletic Club,Las Palmas,1,0,2.63805,1.01774
27307,La_Liga,2024,2025-04-23 17:00:00,Celta Vigo,Villarreal,3,0,3.19678,0.5946
26933,EPL,2024,2025-04-23 19:00:00,Arsenal,Crystal Palace,2,2,1.92149,2.50515
27310,La_Liga,2024,2025-04-23 19:30:00,Alaves,Real Sociedad,1,0,0.815479,0.472083
27308,La_Liga,2024,2025-04-23 19:30:00,Getafe,Real Madrid,0,1,2.53565,1.74803
27311,La_Liga,2024,2025-04-24 17:00:00,Leganes,Girona,1,1,0.330809,0.764098
27309,La_Liga,2024,2025-04-24 17:00:00,Osasuna,Sevilla,1,0,0.373711,0.934425
27304,La_Liga,2024,2025-04-24 19:30:00,Atletico Madrid,Rayo Vallecano,3,0,3.34529,1.13186
27306,La_Liga,2024,2025-04-24 19:30:00,Real Betis,Real Valladolid,5,1,2.26702,0.839722
28013,Bundesliga,2024,2025-04-25 18:30:00,VfB Stuttgart,FC Heidenheim,0,1,1.91698,0.522621
28324,Ligue_1,2024,2025-04-25 18:45:00,Paris Saint Germain,Nice,1,3,4.50698,1.63001
26935,EPL,2024,2025-04-26 11:30:00,Chelsea,Everton,1,0,0.768313,0.916838
28012,Bundesliga,2024,2025-04-26 13:30:00,Bayer Leverkusen,Augsburg,2,0,1.03782,0.640893
28014,Bundesliga,2024,2025-04-26 13:30:00,Bayern Munich,Mainz 05,3,0,1.70143,0.923874
28016,Bundesliga,2024,2025-04-26 13:30:00,Hoffenheim,Borussia Dortmund,2,3,1.19025,2.41526
28020,Bundesliga,2024,2025-04-26 13:30:00,Holstein Kiel,Borussia M.Gladbach,4,3,3.0385,2.55098
28018,Bundesliga,2024,2025-04-26 13:30:00,Wolfsburg,Freiburg,0,1,0.288019,1.95821
26934,EPL,2024,2025-04-26 14:00:00,Brighton,West Ham,3,2,1.29433,1.24134
26938,EPL,2024,2025-04-26 14:00:00,Newcastle United,Ipswich,3,0,4.11539,0.127203
26940,EPL,2024,2025-04-26 14:00:00,Southampton,Fulham,1,2,0.935581,1.9956
26941,EPL,2024,2025-04-26 14:00:00,Wolverhampton Wanderers,Leicester,3,0,2.57666,1.04978
28319,Ligue_1,2024,2025-04-26 15:00:00,Strasbourg,Saint-Etienne,3,1,2.8346,2.2201
28015,Bundesliga,2024,2025-04-26 16:30:00,Eintracht Frankfurt,RasenBallsport Leipzig,4,0,2.23942,0.316263
28318,Ligue_1,2024,2025-04-26 17:00:00,Le Havre,Monaco,1,1,0.807798,3.28954
28326,Ligue_1,2024,2025-04-26 19:05:00,Lyon,Rennes,4,1,2.25879,0.781584
27694,Serie_A,2024,2025-04-27 10:30:00,Como,Genoa,1,0,1.80373,1.04585
27701,Serie_A,2024,2025-04-27 10:30:00,Venezia,AC Milan,0,2,1.00629,1.466
26932,EPL,2024,2025-04-27 13:00:00,Bournemouth,Manchester United,1,1,0.60995,1.91039
28323,Ligue_1,2024,2025-04-27 13:00:00,Angers,Lille,0,2,0.916985,2.22596
27695,Serie_A,2024,2025-04-27 13:00:00,Fiorentina,Empoli,2,1,0.655092,0.465943
27697,Serie_A,2024,2025-04-27 13:00:00,Inter,Roma,0,1,1.10299,2.79826
28019,Bundesliga,2024,2025-04-27 13:30:00,Bochum,Union Berlin,1,1,1.5178,0.498974
27241,La_Liga,2024,2025-04-27 14:15:00,Villarreal,Espanyol,1,0,1.35413,1.53522
28322,Ligue_1,2024,2025-04-27 15:15:00,Lens,Auxerre,0,4,2.31455,2.38411
28321,Ligue_1,2024,2025-04-27 15:15:00,Montpellier,Reims,0,0,0.949696,1.03714
28320,Ligue_1,2024,2025-04-27 15:15:00,Nantes,Toulouse,0,0,1.33764,0.410988
28017,Bundesliga,2024,2025-04-27 15:30:00,Werder Bremen,St. Pauli,0,0,1.55064,0.830832
26936,EPL,2024,2025-04-27 15:30:00,Liverpool,Tottenham,5,1,2.51104,0.512812
27692,Serie_A,2024,2025-04-27 16:00:00,Juventus,Monza,2,0,1.14678,0.621764
28325,Ligue_1,2024,2025-04-27 18:45:00,Marseille,Brest,4,1,1.12568,2.00913
27693,Serie_A,2024,2025-04-27 18:45:00,Atalanta,Lecce,1,1,2.45836,1.45404
27699,Serie_A,2024,2025-04-27 18:45:00,Napoli,Torino,2,0,1.23274,0.660531
27700,Serie_A,2024,2025-04-28 16:30:00,Udinese,Bologna,0,0,0.387188,1.17741
27698,Serie_A,2024,2025-04-28 18:45:00,Lazio,Parma Calcio 1913,2,2,1.7767,1.09001
27696,Serie_A,2024,2025-04-28 18:45:00,Verona,Cagliari,0,2,0.27029,1.87448
26939,EPL,2024,2025-05-01 18:30:00,Nottingham Forest,Brentford,0,2,0.670607,1.52054
28023,Bundesliga,2024,2025-05-02 18:30:00,FC Heidenheim,Bochum,0,0,0.463987,1.81311
28332,Ligue_1,2024,2025-05-02 18:45:00,Nice,Reims,1,0,1.2118,0.876237
27711,Serie_A,2024,2025-05-02 18:45:00,Torino,Venezia,1,1,1.74541,1.07484
26942,EPL,2024,2025-05-02 19:00:00,Manchester City,Wolverhampton Wanderers,1,0,0.859463,0.622455
27318,La_Liga,2024,2025-05-02 19:00:00,Rayo Vallecano,Getafe,1,0,1.2162,0.8041
26946,EPL,2024,2025-05-03 11:30:00,Aston Villa,Fulham,1,0,1.29013,0.702787
27314,La_Liga,2024,2025-05-03 12:00:00,Alaves,Atletico Madrid,0,0,0.908148,0.391409
27703,Serie_A,2024,2025-05-03 13:00:00,Cagliari,Udinese,1,2,0.954534,1.92066
27709,Serie_A,2024,2025-05-03 13:00:00,Parma Calcio 1913,Como,0,1,2.74525,1.32818
28027,Bundesliga,2024,2025-05-03 13:30:00,Borussia M.Gladbach,Hoffenheim,4,4,1.91833,1.91093
28021,Bundesliga,2024,2025-05-03 13:30:00,RasenBallsport Leipzig,Bayern Munich,3,3,1.74905,1.97214
28029,Bundesliga,2024,2025-05-03 13:30:00,St. Pauli,VfB Stuttgart,0,1,0.213208,3.56335
28028,Bundesliga,2024,2025-05-03 13:30:00,Union Berlin,Werder Bremen,2,2,1.35336,1.35783
26950,EPL,2024,2025-05-03 14:00:00,Everton,Ipswich,2,2,0.808481,1.14351
26951,EPL,2024,2025-05-03 14:00:00,Leicester,Southampton,2,0,1.60739,0.550774
27319,La_Liga,2024,2025-05-03 14:15:00,Villarreal,Osasuna,4,2,2.30041,1.41412
28328,Ligue_1,2024,2025-05-03 15:00:00,Strasbourg,Paris Saint Germain,2,1,1.42064,2.35931
27707,Serie_A,2024,2025-05-03 16:00:00,Lecce,Napoli,0,1,0.276702,0.845058
28022,Bundesliga,2024,2025-05-03 16:30:00,Borussia Dortmund,Wolfsburg,4,0,2.54996,1.3634
26945,EPL,2024,2025-05-03 16:30:00,Arsenal,Bournemouth,1,2,2.05484,1.41783
27313,La_Liga,2024,2025-05-03 16:30:00,Las Palmas,Valencia,2,3,1.80995,1.6731
28327,Ligue_1,2024,2025-05-03 17:00:00,Toulouse,Rennes,2,1,1.01393,1.57739
27706,Serie_A,2024,2025-05-03 18:45:00,Inter,Verona,1,0,1.59903,0.303341
27316,La_Liga,2024,2025-05-03 19:00:00,Real Valladolid,Barcelona,1,2,0.745612,2.21168
28334,Ligue_1,2024,2025-05-03 19:05:00,Saint-Etienne,Monaco,1,3,1.16957,1.84407
27704,Serie_A,2024,2025-05-04 10:30:00,Empoli,Lazio,0,1,0.18325,1.12653
27317,La_Liga,2024,2025-05-04 12:00:00,Real Madrid,Celta Vigo,3,2,3.07408,2.13071
26947,EPL,2024,2025-05-04 13:00:00,Brentford,Manchester United,4,3,3.58737,1.13404
26944,EPL,2024,2025-05-04 13:00:00,Brighton,Newcastle United,1,1,0.687863,1.63777
26943,EPL,2024,2025-05-04 13:00:00,West Ham,Tottenham,1,1,1.15166,0.847022
28335,Ligue_1,2024,2025-05-04 13:00:00,Nantes,Angers,0,1,0.14126,0.727966
27708,Serie_A,2024,2025-05-04 13:00:00,Monza,Atalanta,0,4,0.827428,3.05078
28025,Bundesliga,2024,2025-05-04 13:30:00,Augsburg,Holstein Kiel,1,3,3.93001,2.10407
27320,La_Liga,2024,2025-05-04 14:15:00,Sevilla,Leganes,2,2,2.33742,0.804853
28329,Ligue_1,2024,2025-05-04 15:15:00,Auxerre,Le Havre,1,2,0.32277,1.30285
28333,Ligue_1,2024,2025-05-04 15:15:00,Brest,Montpellier,1,0,1.34191,0.413817
28330,Ligue_1,2024,2025-05-04 15:15:00,Lyon,Lens,1,2,1.1801,0.952824
28024,Bundesliga,2024,2025-05-04 15:30:00,Freiburg,Bayer Leverkusen,2,2,0.904468,0.227838
26948,EPL,2024,2025-05-04 15:30:00,Chelsea,Liverpool,3,1,3.51944,1.4267
27710,Serie_A,2024,2025-05-04 16:00:00,Roma,Fiorentina,1,0,1.00134,0.760529
27321,La_Liga,2024,2025-05-04 16:30:00,Espanyol,Real Betis,1,2,0.873167,1.05631
28026,Bundesliga,2024,2025-05-04 17:30:00,Mainz 05,Eintracht Frankfurt,1,1,1.64254,1.3876
28331,Ligue_1,2024,2025-05-04 18:45:00,Lille,Marseille,1,1,0.682721,1.42571
27702,Serie_A,2024,2025-05-04 18:45:00,Bologna,Juventus,1,1,0.390379,0.681163
27315,La_Liga,2024,2025-05-04 19:00:00,Real Sociedad,Athletic Club,0,0,0.893155,0.232928
27705,Serie_A,2024,2025-05-05 18:45:00,Genoa,AC Milan,1,2,0.54789,1.29954
26949,EPL,2024,2025-05-05 19:00:00,Crystal Palace,Nottingham Forest,1,1,2.34037,0.63684
27312,La_Liga,2024,2025-05-05 19:00:00,Girona,Mallorca,1,0,1.77813,0.488126
28035,Bundesliga,2024,2025-05-09 18:30:00,Wolfsburg,Hoffenheim,2,2,1.36763,1.10881
27717,Serie_A,2024,2025-05-09 18:45:00,AC Milan,Bologna,3,1,1.55343,0.361364
27329,La_Liga,2024,2025-05-09 19:00:00,Las Palmas,Rayo Vallecano,0,1,0.721442,1.00781
27330,La_Liga,2024,2025-05-10 12:00:00,Valencia,Getafe,3,0,2.97396,0.590071
27713,Serie_A,2024,2025-05-10 13:00:00,Como,Cagliari,3,1,1.93276,1.22492
28037,Bundesliga,2024,2025-05-10 13:30:00,Bochum,Mainz 05,1,4,0.734972,2.48765
28038,Bundesliga,2024,2025-05-10 13:30:00,Holstein Kiel,Freiburg,1,2,0.974297,2.01558
28036,Bundesliga,2024,2025-05-10 13:30:00,Union Berlin,FC Heidenheim,0,3,0.528885,1.86184
28034,Bundesliga,2024,2025-05-10 13:30:00,Werder Bremen,RasenBallsport Leipzig,0,0,3.20616,1.39403
26953,EPL,2024,2025-05-10 14:00:00,Fulham,Everton,1,3,1.20869,1.32604
26954,EPL,2024,2025-05-10 14:00:00,Ipswich,Brentford,0,1,0.717433,1.32077
26959,EPL,2024,2025-05-10 14:00:00,Southampton,Manchester City,0,0,0.136995,1.58463
26961,EPL,2024,2025-05-10 14:00:00,Wolverhampton Wanderers,Brighton,0,2,0.73395,1.41254
27326,La_Liga,2024,2025-05-10 14:15:00,Celta Vigo,Sevilla,3,2,0.959531,2.61391
27716,Serie_A,2024,2025-05-10 16:00:00,Lazio,Juventus,1,1,1.51119,1.17931
28032,Bundesliga,2024,2025-05-10 16:30:00,Bayern Munich,Borussia M.Gladbach,2,0,2.78307,1.35544
26955,EPL,2024,2025-05-10 16:30:00,Bournemouth,Aston Villa,0,1,1.02272,1.12376
27327,La_Liga,2024,2025-05-10 16:30:00,Girona,Villarreal,0,1,0.280235,2.28245
27328,La_Liga,2024,2025-05-10 16:30:00,Mallorca,Real Valladolid,2,1,1.75638,2.76393
27714,Serie_A,2024,2025-05-10 18:45:00,Empoli,Parma Calcio 1913,2,1,0.989813,0.404689
27323,La_Liga,2024,2025-05-10 19:00:00,Atletico Madrid,Real Sociedad,4,0,1.71528,0.298675
28338,Ligue_1,2024,2025-05-10 19:00:00,Angers,Strasbourg,2,1,1.33058,0.710143
28337,Ligue_1,2024,2025-05-10 19:00:00,Auxerre,Nantes,1,1,0.624481,0.823377
28343,Ligue_1,2024,2025-05-10 19:00:00,Brest,Lille,2,0,1.88589,1.84479
28339,Ligue_1,2024,2025-05-10 19:00:00,Le Havre,Marseille,1,3,1.10297,2.16132
28344,Ligue_1,2024,2025-05-10 19:00:00,Monaco,Lyon,2,0,1.48659,0.390411
28341,Ligue_1,2024,2025-05-10 19:00:00,Montpellier,Paris Saint Germain,1,4,0.594471,1.78222
28336,Ligue_1,2024,2025-05-10 19:00:00,Reims,Saint-Etienne,0,2,1.12267,0.71062
28340,Ligue_1,2024,2025-05-10 19:00:00,Rennes,Nice,2,0,2.06744,1.23457
28342,Ligue_1,2024,2025-05-10 19:00:00,Toulouse,Lens,1,1,1.12406,0.766404
27720,Serie_A,2024,2025-05-11 10:30:00,Udinese,Monza,1,2,1.45767,1.63169
26957,EPL,2024,2025-05-11 11:00:00,Newcastle United,Chelsea,2,0,1.6703,0.646426
27322,La_Liga,2024,2025-05-11 12:00:00,Leganes,Espanyol,3,2,2.05779,1.57739
27715,Serie_A,2024,2025-05-11 13:00:00,Verona,Lecce,1,1,0.480962,1.24972
26956,EPL,2024,2025-05-11 13:15:00,Manchester United,West Ham,0,2,2.31287,2.15985
26958,EPL,2024,2025-05-11 13:15:00,Nottingham Forest,Leicester,2,2,1.76909,1.22949
26960,EPL,2024,2025-05-11 13:15:00,Tottenham,Crystal Palace,0,2,0.806792,3.98546
28030,Bundesliga,2024,2025-05-11 13:30:00,Bayer Leverkusen,Borussia Dortmund,2,4,1.90473,1.39477
27324,La_Liga,2024,2025-05-11 14:15:00,Barcelona,Real Madrid,4,3,4.10632,2.5616
28033,Bundesliga,2024,2025-05-11 15:30:00,Eintracht Frankfurt,St. Pauli,2,2,1.82027,0.666882
26952,EPL,2024,2025-05-11 15:30:00,Liverpool,Arsenal,2,2,2.74682,2.18795
27719,Serie_A,2024,2025-05-11 16:00:00,Torino,Inter,0,2,1.76692,2.48918
27331,La_Liga,2024,2025-05-11 16:30:00,Athletic Club,Alaves,1,0,1.35049,0.642793
28031,Bundesliga,2024,2025-05-11 17:30:00,VfB Stuttgart,Augsburg,4,0,4.97233,0.381838
27718,Serie_A,2024,2025-05-11 18:45:00,Napoli,Genoa,2,2,2.35243,0.648382
27325,La_Liga,2024,2025-05-11 19:00:00,Real Betis,Osasuna,1,1,0.359348,2.2272
27721,Serie_A,2024,2025-05-12 16:30:00,Venezia,Fiorentina,2,1,2.25991,0.994541
27712,Serie_A,2024,2025-05-12 18:45:00,Atalanta,Roma,2,1,2.87542,0.572288
27338,La_Liga,2024,2025-05-13 17:00:00,Real Valladolid,Girona,0,1,1.30694,1.56752
27337,La_Liga,2024,2025-05-13 18:00:00,Real Sociedad,Celta Vigo,0,1,3.31324,1.29945
27340,La_Liga,2024,2025-05-13 19:30:00,Sevilla,Las Palmas,1,0,0.93125,0.399067
27333,La_Liga,2024,2025-05-14 17:00:00,Alaves,Valencia,1,0,2.06262,0.584778
27341,La_Liga,2024,2025-05-14 17:00:00,Villarreal,Leganes,3,0,2.28885,1.19032
27339,La_Liga,2024,2025-05-14 19:30:00,Real Madrid,Mallorca,2,1,3.46174,0.475193
27335,La_Liga,2024,2025-05-15 17:00:00,Osasuna,Atletico Madrid,2,0,1.07473,1.34093
27336,La_Liga,2024,2025-05-15 17:00:00,Rayo Vallecano,Real Betis,2,2,1.30199,1.17134
27332,La_Liga,2024,2025-05-15 19:30:00,Espanyol,Barcelona,0,2,1.51531,0.735877
27334,La_Liga,2024,2025-05-15 19:30:00,Getafe,Athletic Club,0,2,0.73382,1.33336
26963,EPL,2024,2025-05-16 18:30:00,Aston Villa,Tottenham,2,0,1.69061,0.523016
26966,EPL,2024,2025-05-16 19:15:00,Chelsea,Manchester United,1,0,1.29571,0.337632
28044,Bundesliga,2024,2025-05-17 13:30:00,Augsburg,Union Berlin,1,2,1.57932,1.14135
28040,Bundesliga,2024,2025-05-17 13:30:00,Borussia Dortmund,Holstein Kiel,3,0,2.56073,0.574499
28046,Bundesliga,2024,2025-05-17 13:30:00,Borussia M.Gladbach,Wolfsburg,0,1,0.744546,1.5757
28042,Bundesliga,2024,2025-05-17 13:30:00,FC Heidenheim,Werder Bremen,1,4,1.75706,2.20606
28043,Bundesliga,2024,2025-05-17 13:30:00,Freiburg,Eintracht Frankfurt,1,3,1.14001,2.61814
28041,Bundesliga,2024,2025-05-17 13:30:00,Hoffenheim,Bayern Munich,0,4,0.661398,2.21427
28045,Bundesliga,2024,2025-05-17 13:30:00,Mainz 05,Bayer Leverkusen,2,2,2.89903,1.33572
28039,Bundesliga,2024,2025-05-17 13:30:00,RasenBallsport Leipzig,VfB Stuttgart,2,3,1.42373,3.34624
28047,Bundesliga,2024,2025-05-17 13:30:00,St. Pauli,Bochum,0,2,0.802748,1.34252
28349,Ligue_1,2024,2025-05-17 19:00:00,Lens,Monaco,4,0,2.49045,0.481188
28353,Ligue_1,2024,2025-05-17 19:00:00,Lille,Reims,2,1,2.31624,0.0983246
28348,Ligue_1,2024,2025-05-17 19:00:00,Lyon,Angers,2,0,3.75818,0.556633
28346,Ligue_1,2024,2025-05-17 19:00:00,Marseille,Rennes,4,2,4.06558,1.40321
28347,Ligue_1,2024,2025-05-17 19:00:00,Nantes,Montpellier,3,0,3.00657,0.602786
28350,Ligue_1,2024,2025-05-17 19:00:00,Nice,Brest,6,0,5.0223,0.68904
28351,Ligue_1,2024,2025-05-17 19:00:00,Paris Saint Germain,Auxerre,3,1,3.71972,0.9013
28352,Ligue_1,2024,2025-05-17 19:00:00,Saint-Etienne,Toulouse,2,3,1.32698,3.82215
28345,Ligue_1,2024,2025-05-17 19:00:00,Strasbourg,Le Havre,2,3,1.74414,2.49529
26968,EPL,2024,2025-05-18 11:00:00,Everton,Southampton,2,0,2.67793,1.05025
27724,Serie_A,2024,2025-05-18 13:00:00,Genoa,Atalanta,2,3,1.44057,1.56926
26971,EPL,2024,2025-05-18 13:15:00,West Ham,Nottingham Forest,1,2,0.850457,2.14756
26964,EPL,2024,2025-05-18 14:00:00,Brentford,Fulham,2,3,2.43045,1.61741
26969,EPL,2024,2025-05-18 14:00:00,Leicester,Ipswich,2,0,0.788544,1.36957
26962,EPL,2024,2025-05-18 15:30:00,Arsenal,Newcastle United,1,0,1.15958,2.24634
27342,La_Liga,2024,2025-05-18 17:00:00,Atletico Madrid,Real Betis,4,1,4.94276,0.821908
27343,La_Liga,2024,2025-05-18 17:00:00,Barcelona,Villarreal,2,3,1.569,1.96183
27344,La_Liga,2024,2025-05-18 17:00:00,Celta Vigo,Rayo Vallecano,1,2,2.4242,0.906857
27350,La_Liga,2024,2025-05-18 17:00:00,Las Palmas,Leganes,0,1,0.513718,1.06274
27346,La_Liga,2024,2025-05-18 17:00:00,Mallorca,Getafe,1,2,0.809089,1.55977
27351,La_Liga,2024,2025-05-18 17:00:00,Osasuna,Espanyol,2,0,1.92502,0.572332
27347,La_Liga,2024,2025-05-18 17:00:00,Real Sociedad,Girona,3,2,1.87253,1.64512
27349,La_Liga,2024,2025-05-18 17:00:00,Real Valladolid,Alaves,0,1,0.890453,1.22692
27348,La_Liga,2024,2025-05-18 17:00:00,Sevilla,Real Madrid,0,2,0.484891,1.95992
27345,La_Liga,2024,2025-05-18 17:00:00,Valencia,Athletic Club,0,1,0.388682,1.16214
27722,Serie_A,2024,2025-05-18 18:45:00,Cagliari,Venezia,3,0,2.75115,0.773148
27723,Serie_A,2024,2025-05-18 18:45:00,Fiorentina,Bologna,3,2,1.43018,1.51953
27726,Serie_A,2024,2025-05-18 18:45:00,Inter,Lazio,2,2,1.59363,2.33497
27731,Serie_A,2024,2025-05-18 18:45:00,Juventus,Udinese,2,0,2.61362,0.358909
27727,Serie_A,2024,2025-05-18 18:45:00,Lecce,Torino,1,0,0.970765,0.476384
27728,Serie_A,2024,2025-05-18 18:45:00,Monza,Empoli,1,3,1.03178,1.95845
27729,Serie_A,2024,2025-05-18 18:45:00,Parma Calcio 1913,Napoli,0,0,0.296751,0.379711
27730,Serie_A,2024,2025-05-18 18:45:00,Roma,AC Milan,3,1,1.57656,1.78592
27725,Serie_A,2024,2025-05-18 18:45:00,Verona,Como,1,1,1.55405,1.12443
26965,EPL,2024,2025-05-19 19:00:00,Brighton,Liverpool,3,2,2.17789,3.065
26967,EPL,2024,2025-05-20 19:00:00,Crystal Palace,Wolverhampton Wanderers,4,2,1.68451,1.42886
26970,EPL,2024,2025-05-20 19:00:00,Manchester City,Bournemouth,3,1,1.59779,0.962014
27735,Serie_A,2024,2025-05-23 18:45:00,Como,Inter,0,2,1.49032,2.27789
27739,Serie_A,2024,2025-05-23 18:45:00,Napoli,Cagliari,2,0,2.16118,0.0969696
27354,La_Liga,2024,2025-05-23 19:00:00,Real Betis,Valencia,1,1,1.15286,0.647724
27355,La_Liga,2024,2025-05-24 14:15:00,Real Madrid,Real Sociedad,2,0,2.61915,1.18496
27734,Serie_A,2024,2025-05-24 16:00:00,Bologna,Genoa,1,3,0.628377,1.17343
27352,La_Liga,2024,2025-05-24 16:30:00,Espanyol,Las Palmas,2,0,1.72167,0.735505
27357,La_Liga,2024,2025-05-24 16:30:00,Leganes,Real Valladolid,3,0,1.74736,0.479375
27738,Serie_A,2024,2025-05-24 18:45:00,AC Milan,Monza,2,0,1.99268,0.516606
27356,La_Liga,2024,2025-05-24 19:00:00,Alaves,Osasuna,1,1,1.57466,1.88098
27359,La_Liga,2024,2025-05-24 19:00:00,Getafe,Celta Vigo,1,2,0.35897,1.30818
27360,La_Liga,2024,2025-05-24 19:00:00,Rayo Vallecano,Mallorca,0,0,2.11982,0.747939
27358,La_Liga,2024,2025-05-25 12:00:00,Girona,Atletico Madrid,0,4,0.0503369,3.10637
27361,La_Liga,2024,2025-05-25 14:15:00,Villarreal,Sevilla,4,2,1.28805,1.64829
26979,EPL,2024,2025-05-25 15:00:00,Bournemouth,Leicester,2,0,2.72449,0.156702
26981,EPL,2024,2025-05-25 15:00:00,Fulham,Manchester City,0,2,2.21797,2.45923
26980,EPL,2024,2025-05-25 15:00:00,Ipswich,West Ham,1,3,0.893095,0.967379
26975,EPL,2024,2025-05-25 15:00:00,Liverpool,Crystal Palace,1,1,1.92122,1.4144
26974,EPL,2024,2025-05-25 15:00:00,Manchester United,Aston Villa,2,0,2.96259,0.335222
26973,EPL,2024,2025-05-25 15:00:00,Newcastle United,Everton,0,1,1.1591,1.07279
26972,EPL,2024,2025-05-25 15:00:00,Nottingham Forest,Chelsea,0,1,1.58014,1.30874
26977,EPL,2024,2025-05-25 15:00:00,Southampton,Arsenal,1,2,0.598144,2.40711
26976,EPL,2024,2025-05-25 15:00:00,Tottenham,Brighton,1,4,1.85265,3.11624
26978,EPL,2024,2025-05-25 15:00:00,Wolverhampton Wanderers,Brentford,1,1,1.10889,1.97196
27733,Serie_A,2024,2025-05-25 18:45:00,Atalanta,Parma Calcio 1913,2,3,1.90265,2.82535
27736,Serie_A,2024,2025-05-25 18:45:00,Empoli,Verona,1,2,1.23351,0.833807
27737,Serie_A,2024,2025-05-25 18:45:00,Lazio,Lecce,0,1,1.73521,0.708667
27740,Serie_A,2024,2025-05-25 18:45:00,Torino,Roma,0,2,0.381059,2.64436
27741,Serie_A,2024,2025-05-25 18:45:00,Udinese,Fiorentina,2,3,1.61711,3.06465
27732,Serie_A,2024,2025-05-25 18:45:00,Venezia,Juventus,2,3,1.01327,1.66948
27353,La_Liga,2024,2025-05-25 19:00:00,Athletic Club,Barcelona,0,3,0.750806,3.36402
29158,La_Liga,2025,2025-08-15 17:00:00,Girona,Rayo Vallecano,1,3,0.795304,3.25355
29538,Ligue_1,2025,2025-08-15 18:45:00,Rennes,Marseille,1,0,1.31418,2.07298
28778,EPL,2025,2025-08-15 19:00:00,Liverpool,Bournemouth,4,2,2.33007,1.57303
29159,La_Liga,2025,2025-08-15 19:30:00,Villarreal,Real Oviedo,2,0,2.60739,0.85578
28779,EPL,2025,2025-08-16 11:30:00,Aston Villa,Newcastle United,0,0,0.318601,1.40098
28780,EPL,2025,2025-08-16 14:00:00,Brighton,Fulham,1,1,1.44008,0.902883
28781,EPL,2025,2025-08-16 14:00:00,Sunderland,West Ham,3,0,0.724368,0.558948
28782,EPL,2025,2025-08-16 14:00:00,Tottenham,Burnley,3,0,1.97858,0.734138
29539,Ligue_1,2025,2025-08-16 15:00:00,Lens,Lyon,0,1,1.87447,1.615
28783,EPL,2025,2025-08-16 16:30:00,Wolverhampton Wanderers,Manchester City,0,4,0.519436,2.29903
29540,Ligue_1,2025,2025-08-16 17:00:00,Monaco,Le Havre,3,1,1.88048,0.427494
29160,La_Liga,2025,2025-08-16 17:30:00,Mallorca,Barcelona,0,3,0.529217,2.0243
29541,Ligue_1,2025,2025-08-16 19:05:00,Nice,Toulouse,0,1,0.95554,0.56945
29161,La_Liga,2025,2025-08-16 19:30:00,Alaves,Levante,2,1,1.72315,0.74203
29162,La_Liga,2025,2025-08-16 19:30:00,Valencia,Real Sociedad,1,1,1.58599,1.04897
28784,EPL,2025,2025-08-17 13:00:00,Chelsea,Crystal Palace,0,0,1.36793,1.03414
28785,EPL,2025,2025-08-17 13:00:00,Nottingham Forest,Brentford,3,1,1.7555,1.32516
29542,Ligue_1,2025,2025-08-17 13:00:00,Brest,Lille,3,3,1.49573,1.84218
29163,La_Liga,2025,2025-08-17 15:00:00,Celta Vigo,Getafe,0,2,0.744247,1.50131
29544,Ligue_1,2025,2025-08-17 15:15:00,Angers,Paris FC,1,0,0.82142,0.71125
29543,Ligue_1,2025,2025-08-17 15:15:00,Auxerre,Lorient,1,0,1.4925,1.84516
29545,Ligue_1,2025,2025-08-17 15:15:00,Metz,Strasbourg,0,1,0.184483,0.731013
28786,EPL,2025,2025-08-17 15:30:00,Manchester United,Arsenal,0,1,1.37653,1.3304
29164,La_Liga,2025,2025-08-17 17:30:00,Athletic Club,Sevilla,3,2,2.67586,0.901645
29546,Ligue_1,2025,2025-08-17 18:45:00,Nantes,Paris Saint Germain,0,1,0.124428,1.35682
29165,La_Liga,2025,2025-08-17 19:30:00,Espanyol,Atletico Madrid,2,1,1.41508,1.29319
28787,EPL,2025,2025-08-18 19:00:00,Leeds,Everton,1,0,2.3812,0.674338
29166,La_Liga,2025,2025-08-18 19:00:00,Elche,Real Betis,1,1,0.981494,1.59562
29167,La_Liga,2025,2025-08-19 19:00:00,Real Madrid,Osasuna,1,0,1.4294,0.201044
30224,Bundesliga,2025,2025-08-22 18:30:00,Bayern Munich,RasenBallsport Leipzig,6,0,3.29885,0.52226
29547,Ligue_1,2025,2025-08-22 18:45:00,Paris Saint Germain,Angers,1,0,2.0878,0.176876
28788,EPL,2025,2025-08-22 19:00:00,West Ham,Chelsea,1,5,0.978572,3.94997
29168,La_Liga,2025,2025-08-22 19:30:00,Real Betis,Alaves,1,0,2.13985,1.43838
28789,EPL,2025,2025-08-23 11:30:00,Manchester City,Tottenham,0,2,1.2475,1.28015
30226,Bundesliga,2025,2025-08-23 13:30:00,Bayer Leverkusen,Hoffenheim,1,2,1.05253,0.505193
30228,Bundesliga,2025,2025-08-23 13:30:00,Eintracht Frankfurt,Werder Bremen,4,1,3.10684,0.587822
30225,Bundesliga,2025,2025-08-23 13:30:00,FC Heidenheim,Wolfsburg,1,3,0.783156,2.57718
30229,Bundesliga,2025,2025-08-23 13:30:00,Freiburg,Augsburg,1,3,2.27247,1.30191
30227,Bundesliga,2025,2025-08-23 13:30:00,Union Berlin,VfB Stuttgart,2,1,0.529421,1.80147
28792,EPL,2025,2025-08-23 14:00:00,Bournemouth,Wolverhampton Wanderers,1,0,1.78462,0.373367
28790,EPL,2025,2025-08-23 14:00:00,Brentford,Aston Villa,1,0,1.12964,0.976852
28791,EPL,2025,2025-08-23 14:00:00,Burnley,Sunderland,2,0,1.00381,1.12127
29169,La_Liga,2025,2025-08-23 15:00:00,Mallorca,Celta Vigo,1,1,0.664974,0.917413
29548,Ligue_1,2025,2025-08-23 15:00:00,Marseille,Paris FC,5,2,3.337,1.05457
30230,Bundesliga,2025,2025-08-23 16:30:00,St. Pauli,Borussia Dortmund,3,3,1.46772,2.10289
28793,EPL,2025,2025-08-23 16:30:00,Arsenal,Leeds,5,0,2.73761,0.156761
29844,Serie_A,2025,2025-08-23 16:30:00,Genoa,Lecce,0,0,0.56563,0.55094
29845,Serie_A,2025,2025-08-23 16:30:00,Sassuolo,Napoli,0,2,0.298477,1.55456
29549,Ligue_1,2025,2025-08-23 17:00:00,Nice,Auxerre,3,1,2.66284,2.24407
29170,La_Liga,2025,2025-08-23 17:30:00,Atletico Madrid,Elche,1,1,1.68159,0.313268
29846,Serie_A,2025,2025-08-23 18:45:00,AC Milan,Cremonese,1,2,2.08498,0.363576
29847,Serie_A,2025,2025-08-23 18:45:00,Roma,Bologna,1,0,1.47691,0.443508
29550,Ligue_1,2025,2025-08-23 19:05:00,Lyon,Metz,3,0,2.35479,0.504863
29171,La_Liga,2025,2025-08-23 19:30:00,Levante,Barcelona,2,3,2.68812,2.48128
28794,EPL,2025,2025-08-24 13:00:00,Crystal Palace,Nottingham Forest,1,1,1.10188,1.32987
28795,EPL,2025,2025-08-24 13:00:00,Everton,Brighton,2,0,1.80116,2.08487
29551,Ligue_1,2025,2025-08-24 13:00:00,Lorient,Rennes,4,0,3.4466,0.0728372
30231,Bundesliga,2025,2025-08-24 13:30:00,Mainz 05,FC Cologne,0,1,1.31655,1.64676
29172,La_Liga,2025,2025-08-24 15:00:00,Osasuna,Valencia,1,0,0.946758,0.589594
29553,Ligue_1,2025,2025-08-24 15:15:00,Le Havre,Lens,1,2,2.0398,1.29098
29552,Ligue_1,2025,2025-08-24 15:15:00,Strasbourg,Nantes,1,0,1.81743,0.425423
29554,Ligue_1,2025,2025-08-24 15:15:00,Toulouse,Brest,2,0,1.32432,0.750148
30232,Bundesliga,2025,2025-08-24 15:30:00,Borussia M.Gladbach,Hamburger SV,0,0,1.01717,0.285593
28796,EPL,2025,2025-08-24 15:30:00,Fulham,Manchester United,1,1,1.65333,1.54603
29848,Serie_A,2025,2025-08-24 16:30:00,Cagliari,Fiorentina,1,1,1.51736,1.14261
29849,Serie_A,2025,2025-08-24 16:30:00,Como,Lazio,2,0,1.28478,0.202984
29174,La_Liga,2025,2025-08-24 17:30:00,Real Sociedad,Espanyol,2,2,1.43366,1.87234
29173,La_Liga,2025,2025-08-24 17:30:00,Villarreal,Girona,5,0,2.97707,0.140267
29555,Ligue_1,2025,2025-08-24 18:45:00,Lille,Monaco,1,0,2.41091,1.52213
29850,Serie_A,2025,2025-08-24 18:45:00,Atalanta,Pisa,1,1,2.04697,1.02901
29851,Serie_A,2025,2025-08-24 18:45:00,Juventus,Parma Calcio 1913,2,0,2.74202,0.815567
29175,La_Liga,2025,2025-08-24 19:30:00,Real Oviedo,Real Madrid,0,3,0.33749,1.82072
29852,Serie_A,2025,2025-08-25 16:30:00,Udinese,Verona,1,1,1.05058,0.799203
29176,La_Liga,2025,2025-08-25 17:30:00,Athletic Club,Rayo Vallecano,1,0,1.68759,0.493587
29853,Serie_A,2025,2025-08-25 18:45:00,Inter,Torino,5,0,2.60956,0.816232
28797,EPL,2025,2025-08-25 19:00:00,Newcastle United,Liverpool,2,3,1.96342,0.646559
29177,La_Liga,2025,2025-08-25 19:30:00,Sevilla,Getafe,1,2,0.833075,1.32944
29178,La_Liga,2025,2025-08-27 19:00:00,Celta Vigo,Real Betis,1,1,0.905201,0.714458
29854,Serie_A,2025,2025-08-29 16:30:00,Cremonese,Sassuolo,3,2,3.52949,1.32978
29179,La_Liga,2025,2025-08-29 17:30:00,Elche,Levante,2,0,1.44309,0.969663
30233,Bundesliga,2025,2025-08-29 18:30:00,Hamburger SV,St. Pauli,0,2,0.74111,1.85404
29556,Ligue_1,2025,2025-08-29 18:45:00,Lens,Brest,3,1,4.42054,0.963409
29855,Serie_A,2025,2025-08-29 18:45:00,Lecce,AC Milan,0,2,0.481693,2.13175
29180,La_Liga,2025,2025-08-29 19:30:00,Valencia,Getafe,3,0,1.54336,0.757418
28798,EPL,2025,2025-08-30 11:30:00,Chelsea,Fulham,2,0,2.4324,0.736228
30234,Bundesliga,2025,2025-08-30 13:30:00,Hoffenheim,Eintracht Frankfurt,1,3,1.28178,1.82087
30235,Bundesliga,2025,2025-08-30 13:30:00,RasenBallsport Leipzig,FC Heidenheim,2,0,3.29717,0.969982
30237,Bundesliga,2025,2025-08-30 13:30:00,VfB Stuttgart,Borussia M.Gladbach,1,0,0.925105,1.60717
30236,Bundesliga,2025,2025-08-30 13:30:00,Werder Bremen,Bayer Leverkusen,3,3,2.32676,2.03733
28802,EPL,2025,2025-08-30 14:00:00,Manchester United,Burnley,3,2,4.02237,1.32618
28801,EPL,2025,2025-08-30 14:00:00,Sunderland,Brentford,2,1,1.57127,1.44604
28799,EPL,2025,2025-08-30 14:00:00,Tottenham,Bournemouth,0,1,0.17067,2.1201
28800,EPL,2025,2025-08-30 14:00:00,Wolverhampton Wanderers,Everton,2,3,0.943257,2.03791
29181,La_Liga,2025,2025-08-30 15:00:00,Alaves,Atletico Madrid,1,1,0.855094,0.960547
29557,Ligue_1,2025,2025-08-30 15:00:00,Lorient,Lille,1,7,1.1603,3.70255
30238,Bundesliga,2025,2025-08-30 16:30:00,Augsburg,Bayern Munich,2,3,0.506028,3.37523
28803,EPL,2025,2025-08-30 16:30:00,Leeds,Newcastle United,0,0,0.6773,0.303635
29856,Serie_A,2025,2025-08-30 16:30:00,Bologna,Como,1,0,1.51584,0.521585
29857,Serie_A,2025,2025-08-30 16:30:00,Parma Calcio 1913,Atalanta,1,1,0.751112,1.19727
29182,La_Liga,2025,2025-08-30 17:00:00,Real Oviedo,Real Sociedad,1,0,0.45706,0.92221
29558,Ligue_1,2025,2025-08-30 17:00:00,Nantes,Auxerre,1,0,0.418091,1.10996
29183,La_Liga,2025,2025-08-30 17:30:00,Girona,Sevilla,0,2,2.00908,1.62032
29859,Serie_A,2025,2025-08-30 18:45:00,Napoli,Cagliari,1,0,1.73158,0.64413
29858,Serie_A,2025,2025-08-30 18:45:00,Pisa,Roma,0,1,0.6627,0.953921
29559,Ligue_1,2025,2025-08-30 19:05:00,Toulouse,Paris Saint Germain,3,6,2.33006,2.49609
29184,La_Liga,2025,2025-08-30 19:30:00,Real Madrid,Mallorca,2,1,1.84116,0.549872
28805,EPL,2025,2025-08-31 13:00:00,Brighton,Manchester City,2,1,2.20864,2.13418
28804,EPL,2025,2025-08-31 13:00:00,Nottingham Forest,West Ham,0,3,0.716018,2.236
29560,Ligue_1,2025,2025-08-31 13:00:00,Angers,Rennes,1,1,1.58619,1.73758
30239,Bundesliga,2025,2025-08-31 13:30:00,Wolfsburg,Mainz 05,1,1,0.616661,1.81482
29185,La_Liga,2025,2025-08-31 15:00:00,Celta Vigo,Villarreal,1,1,0.876041,0.96978
29561,Ligue_1,2025,2025-08-31 15:15:00,Le Havre,Nice,3,1,1.75553,0.715595
29563,Ligue_1,2025,2025-08-31 15:15:00,Monaco,Strasbourg,3,2,2.35547,1.7732
29562,Ligue_1,2025,2025-08-31 15:15:00,Paris FC,Metz,3,2,3.39898,1.6248
30240,Bundesliga,2025,2025-08-31 15:30:00,Borussia Dortmund,Union Berlin,3,0,1.82606,0.971167
28806,EPL,2025,2025-08-31 15:30:00,Liverpool,Arsenal,1,0,0.481404,0.485679
29860,Serie_A,2025,2025-08-31 16:30:00,Genoa,Juventus,0,1,0.593013,1.55128
29861,Serie_A,2025,2025-08-31 16:30:00,Torino,Fiorentina,0,0,1.05012,1.18859
29186,La_Liga,2025,2025-08-31 17:00:00,Real Betis,Athletic Club,1,2,0.716186,1.11141
30241,Bundesliga,2025,2025-08-31 17:30:00,FC Cologne,Freiburg,4,1,1.84068,0.933072
29187,La_Liga,2025,2025-08-31 17:30:00,Espanyol,Osasuna,1,0,1.36886,1.38167
28807,EPL,2025,2025-08-31 18:00:00,Aston Villa,Crystal Palace,0,3,1.20586,2.59713
29564,Ligue_1,2025,2025-08-31 18:45:00,Lyon,Marseille,1,0,3.15727,0.896862
29862,Serie_A,2025,2025-08-31 18:45:00,Inter,Udinese,1,2,1.67172,1.20014
29863,Serie_A,2025,2025-08-31 18:45:00,Lazio,Verona,4,0,3.96645,0.600485
29188,La_Liga,2025,2025-08-31 19:30:00,Rayo Vallecano,Barcelona,1,1,1.87124,2.35774
30242,Bundesliga,2025,2025-09-12 18:30:00,Bayer Leverkusen,Eintracht Frankfurt,3,1,2.31465,0.791863
29568,Ligue_1,2025,2025-09-12 18:45:00,Marseille,Lorient,4,0,2.83367,0.187377
29189,La_Liga,2025,2025-09-12 19:00:00,Sevilla,Elche,2,2,0.346397,0.781151
28808,EPL,2025,2025-09-13 11:30:00,Arsenal,Nottingham Forest,3,0,2.8817,0.293681
29190,La_Liga,2025,2025-09-13 12:00:00,Getafe,Real Oviedo,2,0,0.954087,0.369812
29864,Serie_A,2025,2025-09-13 13:00:00,Cagliari,Parma Calcio 1913,2,0,1.76945,1.95549
30244,Bundesliga,2025,2025-09-13 13:30:00,FC Heidenheim,Borussia Dortmund,0,2,0.299026,2.84999
30243,Bundesliga,2025,2025-09-13 13:30:00,Freiburg,VfB Stuttgart,3,1,1.6832,0.548804
30245,Bundesliga,2025,2025-09-13 13:30:00,Mainz 05,RasenBallsport Leipzig,0,1,0.770276,1.5009
30247,Bundesliga,2025,2025-09-13 13:30:00,Union Berlin,Hoffenheim,2,4,3.0814,3.34084
30246,Bundesliga,2025,2025-09-13 13:30:00,Wolfsburg,FC Cologne,3,3,1.79835,1.72631
28810,EPL,2025,2025-09-13 14:00:00,Bournemouth,Brighton,2,1,1.44187,0.624923
28811,EPL,2025,2025-09-13 14:00:00,Crystal Palace,Sunderland,0,0,1.75805,0.354129
28812,EPL,2025,2025-09-13 14:00:00,Everton,Aston Villa,0,0,1.8927,0.354327
28813,EPL,2025,2025-09-13 14:00:00,Fulham,Leeds,1,0,1.13979,0.830398
28809,EPL,2025,2025-09-13 14:00:00,Newcastle United,Wolverhampton Wanderers,1,0,1.19186,0.375942
29195,La_Liga,2025,2025-09-13 14:15:00,Real Sociedad,Real Madrid,1,2,3.14772,2.54171
29570,Ligue_1,2025,2025-09-13 15:00:00,Nice,Nantes,1,0,2.34645,0.775945
29865,Serie_A,2025,2025-09-13 16:00:00,Juventus,Inter,4,3,0.768943,1.01628
30248,Bundesliga,2025,2025-09-13 16:30:00,Bayern Munich,Hamburger SV,5,0,3.03718,0.559174
28814,EPL,2025,2025-09-13 16:30:00,West Ham,Tottenham,0,3,0.793248,1.51402
29196,La_Liga,2025,2025-09-13 16:30:00,Athletic Club,Alaves,0,1,0.866662,0.090756
29866,Serie_A,2025,2025-09-13 18:45:00,Fiorentina,Napoli,1,3,1.39098,3.55376
28815,EPL,2025,2025-09-13 19:00:00,Brentford,Chelsea,2,2,1.17533,0.755999
29193,La_Liga,2025,2025-09-13 19:00:00,Atletico Madrid,Villarreal,2,0,1.5106,0.668177
29565,Ligue_1,2025,2025-09-13 19:05:00,Auxerre,Monaco,1,2,0.904229,1.62646
29867,Serie_A,2025,2025-09-14 10:30:00,Roma,Torino,0,1,1.02943,0.805089
29192,La_Liga,2025,2025-09-14 12:00:00,Celta Vigo,Girona,1,1,1.80278,1.41213
28816,EPL,2025,2025-09-14 13:00:00,Burnley,Liverpool,0,1,0.168041,2.79492
29567,Ligue_1,2025,2025-09-14 13:00:00,Lille,Toulouse,2,1,2.42116,1.15678
29869,Serie_A,2025,2025-09-14 13:00:00,Atalanta,Lecce,4,1,2.62415,0.532382
29868,Serie_A,2025,2025-09-14 13:00:00,Pisa,Udinese,0,1,1.27587,1.72902
30249,Bundesliga,2025,2025-09-14 13:30:00,St. Pauli,Augsburg,2,1,1.95499,0.934223
29191,La_Liga,2025,2025-09-14 14:15:00,Levante,Real Betis,2,2,1.02425,2.19546
29566,Ligue_1,2025,2025-09-14 15:15:00,Brest,Paris FC,1,2,2.60519,1.85008
29569,Ligue_1,2025,2025-09-14 15:15:00,Metz,Angers,1,1,1.76271,1.98184
29571,Ligue_1,2025,2025-09-14 15:15:00,Paris Saint Germain,Lens,2,0,1.05815,1.2242
29573,Ligue_1,2025,2025-09-14 15:15:00,Strasbourg,Le Havre,1,0,1.43354,0.524832
30250,Bundesliga,2025,2025-09-14 15:30:00,Borussia M.Gladbach,Werder Bremen,0,4,1.58932,2.24671
28817,EPL,2025,2025-09-14 15:30:00,Manchester City,Manchester United,3,0,1.99725,1.51915
29870,Serie_A,2025,2025-09-14 16:00:00,Sassuolo,Lazio,1,0,1.2156,0.858246
29197,La_Liga,2025,2025-09-14 16:30:00,Osasuna,Rayo Vallecano,2,0,1.4012,0.979149
29572,Ligue_1,2025,2025-09-14 18:45:00,Rennes,Lyon,3,1,2.20918,1.7381
29871,Serie_A,2025,2025-09-14 18:45:00,AC Milan,Bologna,1,0,1.15538,0.198634
29194,La_Liga,2025,2025-09-14 19:00:00,Barcelona,Valencia,6,0,3.46022,0.12495
29872,Serie_A,2025,2025-09-15 16:30:00,Verona,Cremonese,0,0,1.8883,0.166346
29873,Serie_A,2025,2025-09-15 18:45:00,Como,Genoa,1,1,1.56467,2.54288
29198,La_Liga,2025,2025-09-15 19:00:00,Espanyol,Mallorca,3,2,2.67405,2.03185
30251,Bundesliga,2025,2025-09-19 18:30:00,VfB Stuttgart,St. Pauli,2,0,2.78829,1.05657
29578,Ligue_1,2025,2025-09-19 18:45:00,Lyon,Angers,1,0,2.20483,0.677354
29882,Serie_A,2025,2025-09-19 18:45:00,Lecce,Cagliari,1,2,1.13998,2.21034
29200,La_Liga,2025,2025-09-19 19:00:00,Real Betis,Real Sociedad,3,1,2.53579,0.606673
28818,EPL,2025,2025-09-20 11:30:00,Liverpool,Everton,2,1,1.06166,0.721371
29202,La_Liga,2025,2025-09-20 12:00:00,Girona,Levante,0,4,0.423855,4.50183
29877,Serie_A,2025,2025-09-20 13:00:00,Bologna,Genoa,2,1,1.78786,0.794732
30253,Bundesliga,2025,2025-09-20 13:30:00,Augsburg,Mainz 05,1,4,0.870451,2.57047
30254,Bundesliga,2025,2025-09-20 13:30:00,Hamburger SV,FC Heidenheim,2,1,3.32157,2.63607
30255,Bundesliga,2025,2025-09-20 13:30:00,Hoffenheim,Bayern Munich,1,4,1.03716,2.7142
30252,Bundesliga,2025,2025-09-20 13:30:00,Werder Bremen,Freiburg,0,3,1.27257,2.36315
28821,EPL,2025,2025-09-20 14:00:00,Brighton,Tottenham,2,2,1.40466,1.19181
28822,EPL,2025,2025-09-20 14:00:00,Burnley,Nottingham Forest,1,1,1.14159,0.830779
28819,EPL,2025,2025-09-20 14:00:00,West Ham,Crystal Palace,1,2,0.466365,2.33565
28820,EPL,2025,2025-09-20 14:00:00,Wolverhampton Wanderers,Leeds,1,3,1.5661,0.456988
29206,La_Liga,2025,2025-09-20 14:15:00,Real Madrid,Espanyol,2,0,2.06136,0.969443
29581,Ligue_1,2025,2025-09-20 15:00:00,Nantes,Rennes,2,2,2.65629,1.44041
29876,Serie_A,2025,2025-09-20 16:00:00,Verona,Juventus,1,1,1.65885,0.470357
30256,Bundesliga,2025,2025-09-20 16:30:00,RasenBallsport Leipzig,FC Cologne,3,1,3.79591,1.39264
28824,EPL,2025,2025-09-20 16:30:00,Manchester United,Chelsea,2,1,1.34458,0.469843
29208,La_Liga,2025,2025-09-20 16:30:00,Alaves,Sevilla,1,2,0.910257,0.891992
29207,La_Liga,2025,2025-09-20 16:30:00,Villarreal,Osasuna,2,1,3.56395,1.95599
29575,Ligue_1,2025,2025-09-20 17:00:00,Brest,Nice,4,1,2.07376,2.26393
29875,Serie_A,2025,2025-09-20 18:45:00,Udinese,AC Milan,0,3,0.298364,1.70251
28825,EPL,2025,2025-09-20 19:00:00,Fulham,Brentford,3,1,1.52431,0.826556
29203,La_Liga,2025,2025-09-20 19:00:00,Valencia,Athletic Club,2,0,2.01007,0.499198
29577,Ligue_1,2025,2025-09-20 19:05:00,Lens,Lille,3,0,3.8174,1.89889
29881,Serie_A,2025,2025-09-21 10:30:00,Lazio,Roma,0,1,0.666967,1.22639
29205,La_Liga,2025,2025-09-21 12:00:00,Rayo Vallecano,Celta Vigo,1,1,1.3145,1.28175
28823,EPL,2025,2025-09-21 13:00:00,Bournemouth,Newcastle United,0,0,0.55066,0.153629
28826,EPL,2025,2025-09-21 13:00:00,Sunderland,Aston Villa,1,1,0.938312,0.939354
29582,Ligue_1,2025,2025-09-21 13:00:00,Paris FC,Strasbourg,2,3,1.9014,2.46459
29878,Serie_A,2025,2025-09-21 13:00:00,Cremonese,Parma Calcio 1913,0,0,0.172561,0.902031
29874,Serie_A,2025,2025-09-21 13:00:00,Torino,Atalanta,0,3,1.31336,1.67723
30257,Bundesliga,2025,2025-09-21 13:30:00,Eintracht Frankfurt,Union Berlin,3,4,1.75582,2.23419
29204,La_Liga,2025,2025-09-21 14:15:00,Mallorca,Atletico Madrid,1,1,0.530939,2.08772
29574,Ligue_1,2025,2025-09-21 15:15:00,Auxerre,Toulouse,1,0,0.883373,1.50957
29576,Ligue_1,2025,2025-09-21 15:15:00,Le Havre,Lorient,1,1,2.23396,1.26993
29580,Ligue_1,2025,2025-09-21 15:15:00,Monaco,Metz,5,2,3.497,1.91296
30258,Bundesliga,2025,2025-09-21 15:30:00,Bayer Leverkusen,Borussia M.Gladbach,1,1,1.9461,1.29876
28827,EPL,2025,2025-09-21 15:30:00,Arsenal,Manchester City,1,1,0.718575,1.1227
29879,Serie_A,2025,2025-09-21 16:00:00,Fiorentina,Como,1,2,0.424904,2.09507
29201,La_Liga,2025,2025-09-21 16:30:00,Elche,Real Oviedo,1,0,1.57497,1.10565
30259,Bundesliga,2025,2025-09-21 17:30:00,Borussia Dortmund,Wolfsburg,1,0,1.24747,0.975457
29880,Serie_A,2025,2025-09-21 18:45:00,Inter,Sassuolo,2,1,3.12186,0.850824
29199,La_Liga,2025,2025-09-21 19:00:00,Barcelona,Getafe,3,0,2.96429,0.215949
29579,Ligue_1,2025,2025-09-22 18:45:00,Marseille,Paris Saint Germain,1,0,1.77744,0.919565
29883,Serie_A,2025,2025-09-22 18:45:00,Napoli,Pisa,3,2,1.18611,2.51985
29217,La_Liga,2025,2025-09-23 17:00:00,Athletic Club,Girona,1,1,2.02629,0.856618
29209,La_Liga,2025,2025-09-23 17:00:00,Espanyol,Valencia,2,2,3.31313,1.00785
29210,La_Liga,2025,2025-09-23 19:30:00,Levante,Real Madrid,1,4,1.70121,4.06315
29211,La_Liga,2025,2025-09-23 19:30:00,Sevilla,Villarreal,1,2,0.83617,2.40523
29212,La_Liga,2025,2025-09-24 17:00:00,Getafe,Alaves,1,1,0.576203,1.21176
29216,La_Liga,2025,2025-09-24 19:30:00,Atletico Madrid,Rayo Vallecano,3,2,4.95017,1.61988
29215,La_Liga,2025,2025-09-24 19:30:00,Real Sociedad,Mallorca,1,0,2.82857,0.641137
29214,La_Liga,2025,2025-09-25 17:30:00,Osasuna,Elche,1,1,1.17524,1.05089
29213,La_Liga,2025,2025-09-25 19:30:00,Real Oviedo,Barcelona,1,3,1.45014,2.07001
30260,Bundesliga,2025,2025-09-26 18:30:00,Bayern Munich,Werder Bremen,4,0,4.31859,0.298618
29590,Ligue_1,2025,2025-09-26 18:45:00,Strasbourg,Marseille,1,2,1.0976,2.00258
29227,La_Liga,2025,2025-09-26 19:00:00,Girona,Espanyol,0,0,1.07661,0.949116
28828,EPL,2025,2025-09-27 11:30:00,Brentford,Manchester United,3,1,2.78726,2.23609
29222,La_Liga,2025,2025-09-27 12:00:00,Getafe,Levante,1,1,0.830967,1.27833
29885,Serie_A,2025,2025-09-27 13:00:00,Como,Cremonese,1,1,1.44033,0.564557
30261,Bundesliga,2025,2025-09-27 13:30:00,FC Heidenheim,Augsburg,2,1,1.79097,0.619833
30262,Bundesliga,2025,2025-09-27 13:30:00,Mainz 05,Borussia Dortmund,0,2,0.525149,1.75519
30263,Bundesliga,2025,2025-09-27 13:30:00,St. Pauli,Bayer Leverkusen,1,2,0.813325,1.28912
30264,Bundesliga,2025,2025-09-27 13:30:00,Wolfsburg,RasenBallsport Leipzig,0,1,2.59654,2.61107
28829,EPL,2025,2025-09-27 14:00:00,Chelsea,Brighton,1,3,2.02653,2.4751
28830,EPL,2025,2025-09-27 14:00:00,Crystal Palace,Liverpool,2,1,3.53323,3.10176
28832,EPL,2025,2025-09-27 14:00:00,Leeds,Bournemouth,2,2,2.04728,1.06033
28833,EPL,2025,2025-09-27 14:00:00,Manchester City,Burnley,5,1,3.22133,0.509491
29219,La_Liga,2025,2025-09-27 14:15:00,Atletico Madrid,Real Madrid,5,2,2.79075,1.02797
29585,Ligue_1,2025,2025-09-27 15:00:00,Lorient,Monaco,3,1,2.09364,0.894035
29887,Serie_A,2025,2025-09-27 16:00:00,Juventus,Atalanta,1,1,1.84242,0.885278
30265,Bundesliga,2025,2025-09-27 16:30:00,Borussia M.Gladbach,Eintracht Frankfurt,4,6,2.12935,3.78879
28834,EPL,2025,2025-09-27 16:30:00,Nottingham Forest,Sunderland,0,1,1.4203,1.94154
29224,La_Liga,2025,2025-09-27 16:30:00,Mallorca,Alaves,1,0,1.04267,0.566415
29591,Ligue_1,2025,2025-09-27 17:00:00,Toulouse,Nantes,2,2,1.98573,1.8303
29884,Serie_A,2025,2025-09-27 18:45:00,Cagliari,Inter,0,2,0.475174,3.95419
28835,EPL,2025,2025-09-27 19:00:00,Tottenham,Wolverhampton Wanderers,1,1,0.818711,1.15951
29225,La_Liga,2025,2025-09-27 19:00:00,Villarreal,Athletic Club,1,0,1.86396,1.56287
29588,Ligue_1,2025,2025-09-27 19:05:00,Paris Saint Germain,Auxerre,2,0,2.11672,0.73132
29893,Serie_A,2025,2025-09-28 10:30:00,Sassuolo,Udinese,3,1,2.31332,1.19344
29223,La_Liga,2025,2025-09-28 12:00:00,Rayo Vallecano,Sevilla,0,1,1.89093,0.579597
28831,EPL,2025,2025-09-28 13:00:00,Aston Villa,Fulham,3,1,1.36575,0.952612
29587,Ligue_1,2025,2025-09-28 13:00:00,Nice,Paris FC,1,1,1.36997,1.49444
29891,Serie_A,2025,2025-09-28 13:00:00,Pisa,Fiorentina,0,0,0.580471,0.840093
29892,Serie_A,2025,2025-09-28 13:00:00,Roma,Verona,2,0,1.30542,1.35351
30266,Bundesliga,2025,2025-09-28 13:30:00,Freiburg,Hoffenheim,1,1,1.2587,2.24224
29226,La_Liga,2025,2025-09-28 14:15:00,Elche,Celta Vigo,2,1,4.03596,0.821768
29583,Ligue_1,2025,2025-09-28 15:15:00,Angers,Brest,0,2,0.501827,1.34192
29584,Ligue_1,2025,2025-09-28 15:15:00,Lille,Lyon,0,1,1.65271,0.642572
29586,Ligue_1,2025,2025-09-28 15:15:00,Metz,Le Havre,0,0,0.39939,0.395921
30267,Bundesliga,2025,2025-09-28 15:30:00,FC Cologne,VfB Stuttgart,1,2,1.07972,2.20939
28836,EPL,2025,2025-09-28 15:30:00,Newcastle United,Arsenal,1,2,0.739851,2.07048
29888,Serie_A,2025,2025-09-28 16:00:00,Lecce,Bologna,2,2,2.09017,1.5908
29220,La_Liga,2025,2025-09-28 16:30:00,Barcelona,Real Sociedad,2,1,3.00954,0.957079
30268,Bundesliga,2025,2025-09-28 17:30:00,Union Berlin,Hamburger SV,0,0,1.54274,1.11274
29589,Ligue_1,2025,2025-09-28 18:45:00,Rennes,Lens,0,0,1.57438,1.51932
29889,Serie_A,2025,2025-09-28 18:45:00,AC Milan,Napoli,2,1,0.952575,2.23894
29221,La_Liga,2025,2025-09-28 19:00:00,Real Betis,Osasuna,2,0,1.18955,0.578485
29890,Serie_A,2025,2025-09-29 16:30:00,Parma Calcio 1913,Torino,2,1,1.44462,0.660829
29886,Serie_A,2025,2025-09-29 18:45:00,Genoa,Lazio,0,3,1.47659,3.54059
28837,EPL,2025,2025-09-29 19:00:00,Everton,West Ham,1,1,0.909703,0.775766
29218,La_Liga,2025,2025-09-29 19:00:00,Valencia,Real Oviedo,1,2,1.72261,0.997143
30274,Bundesliga,2025,2025-10-03 18:30:00,Hoffenheim,FC Cologne,0,1,1.42371,1.30873
29599,Ligue_1,2025,2025-10-03 18:45:00,Paris FC,Lorient,2,0,1.83687,0.855852
29903,Serie_A,2025,2025-10-03 18:45:00,Verona,Sassuolo,0,1,0.810981,1.5058
28838,EPL,2025,2025-10-03 19:00:00,Bournemouth,Fulham,3,1,1.33458,0.84335
29235,La_Liga,2025,2025-10-03 19:00:00,Osasuna,Getafe,2,1,0.692026,0.856515
28844,EPL,2025,2025-10-04 11:30:00,Leeds,Tottenham,1,2,1.48051,0.688198
29236,La_Liga,2025,2025-10-04 12:00:00,Real Oviedo,Levante,0,2,1.08551,1.62121
29899,Serie_A,2025,2025-10-04 13:00:00,Lazio,Torino,3,3,1.45075,2.18108
29901,Serie_A,2025,2025-10-04 13:00:00,Parma Calcio 1913,Lecce,0,1,1.08896,0.622459
30276,Bundesliga,2025,2025-10-04 13:30:00,Augsburg,Wolfsburg,3,1,1.75326,1.22584
30269,Bundesliga,2025,2025-10-04 13:30:00,Bayer Leverkusen,Union Berlin,2,0,3.35673,1.19684
30271,Bundesliga,2025,2025-10-04 13:30:00,Borussia Dortmund,RasenBallsport Leipzig,1,1,0.668613,1.14077
30277,Bundesliga,2025,2025-10-04 13:30:00,Werder Bremen,St. Pauli,1,0,1.77957,0.912425
28839,EPL,2025,2025-10-04 14:00:00,Arsenal,West Ham,2,0,3.0585,0.864549
28845,EPL,2025,2025-10-04 14:00:00,Manchester United,Sunderland,2,0,1.9298,0.807119
29230,La_Liga,2025,2025-10-04 14:15:00,Girona,Valencia,2,1,1.16415,2.22808
29597,Ligue_1,2025,2025-10-04 15:00:00,Metz,Marseille,0,3,0.1529,2.67719
29897,Serie_A,2025,2025-10-04 16:00:00,Inter,Cremonese,4,1,4.65231,0.619599
30272,Bundesliga,2025,2025-10-04 16:30:00,Eintracht Frankfurt,Bayern Munich,0,3,0.560138,2.2301
28842,EPL,2025,2025-10-04 16:30:00,Chelsea,Liverpool,2,1,1.23721,2.05981
29229,La_Liga,2025,2025-10-04 16:30:00,Athletic Club,Mallorca,2,1,1.73351,0.213773
29593,Ligue_1,2025,2025-10-04 17:00:00,Brest,Nantes,0,0,1.44552,0.489862
29894,Serie_A,2025,2025-10-04 18:45:00,Atalanta,Como,1,1,1.74169,0.959121
29231,La_Liga,2025,2025-10-04 19:00:00,Real Madrid,Villarreal,3,1,4.32336,0.956644
29592,Ligue_1,2025,2025-10-04 19:05:00,Auxerre,Lens,1,2,1.27422,0.471027
29902,Serie_A,2025,2025-10-05 10:30:00,Udinese,Cagliari,1,1,2.98545,0.789093
29228,La_Liga,2025,2025-10-05 12:00:00,Alaves,Elche,3,1,2.85063,0.661537
28840,EPL,2025,2025-10-05 13:00:00,Aston Villa,Burnley,2,1,1.73572,0.502292
28843,EPL,2025,2025-10-05 13:00:00,Everton,Crystal Palace,2,1,2.13876,2.17789
28846,EPL,2025,2025-10-05 13:00:00,Newcastle United,Nottingham Forest,2,0,3.81662,0.337689
28847,EPL,2025,2025-10-05 13:00:00,Wolverhampton Wanderers,Brighton,1,1,0.369404,1.39158
29596,Ligue_1,2025,2025-10-05 13:00:00,Lyon,Toulouse,1,2,1.42206,1.36525
29895,Serie_A,2025,2025-10-05 13:00:00,Bologna,Pisa,4,0,3.69928,0.0265067
29896,Serie_A,2025,2025-10-05 13:00:00,Fiorentina,Roma,1,2,1.11719,1.22512
30275,Bundesliga,2025,2025-10-05 13:30:00,VfB Stuttgart,FC Heidenheim,1,0,1.10781,0.290942
29233,La_Liga,2025,2025-10-05 14:15:00,Sevilla,Barcelona,4,1,2.89414,2.4823
29594,Ligue_1,2025,2025-10-05 15:15:00,Le Havre,Rennes,2,2,1.98097,1.21285
29598,Ligue_1,2025,2025-10-05 15:15:00,Monaco,Nice,2,2,2.4556,1.13121
29600,Ligue_1,2025,2025-10-05 15:15:00,Strasbourg,Angers,5,0,4.2783,0.294622
30273,Bundesliga,2025,2025-10-05 15:30:00,Hamburger SV,Mainz 05,4,0,1.65883,0.591161
28841,EPL,2025,2025-10-05 15:30:00,Brentford,Manchester City,0,1,0.693758,1.09647
29900,Serie_A,2025,2025-10-05 16:00:00,Napoli,Genoa,2,1,1.87915,0.691583
29234,La_Liga,2025,2025-10-05 16:30:00,Espanyol,Real Betis,1,2,2.0699,1.43721
29237,La_Liga,2025,2025-10-05 16:30:00,Real Sociedad,Rayo Vallecano,0,1,0.768998,0.684504
30270,Bundesliga,2025,2025-10-05 17:30:00,Borussia M.Gladbach,Freiburg,0,0,0.471184,0.689073
29595,Ligue_1,2025,2025-10-05 18:45:00,Lille,Paris Saint Germain,1,1,0.647492,1.71207
29898,Serie_A,2025,2025-10-05 18:45:00,Juventus,AC Milan,0,0,0.570595,1.55707
29232,La_Liga,2025,2025-10-05 19:00:00,Celta Vigo,Atletico Madrid,1,1,2.27285,0.710823
30285,Bundesliga,2025,2025-10-17 18:30:00,Union Berlin,Borussia M.Gladbach,3,1,1.53032,0.628848
29608,Ligue_1,2025,2025-10-17 18:45:00,Paris Saint Germain,Strasbourg,3,3,2.85659,1.92082
29246,La_Liga,2025,2025-10-17 19:00:00,Real Oviedo,Espanyol,0,2,1.21155,4.46256
28854,EPL,2025,2025-10-18 11:30:00,Nottingham Forest,Chelsea,0,3,2.0555,2.5583
29247,La_Liga,2025,2025-10-18 12:00:00,Sevilla,Mallorca,1,3,1.25884,1.95555
29910,Serie_A,2025,2025-10-18 13:00:00,Lecce,Sassuolo,0,0,0.66998,0.77146
29912,Serie_A,2025,2025-10-18 13:00:00,Pisa,Verona,0,0,0.572009,1.65491
30279,Bundesliga,2025,2025-10-18 13:30:00,FC Cologne,Augsburg,1,1,0.523854,1.11917
30281,Bundesliga,2025,2025-10-18 13:30:00,FC Heidenheim,Werder Bremen,2,2,3.07635,1.85638
30282,Bundesliga,2025,2025-10-18 13:30:00,Mainz 05,Bayer Leverkusen,3,4,1.62978,4.43462
30283,Bundesliga,2025,2025-10-18 13:30:00,RasenBallsport Leipzig,Hamburger SV,2,1,1.15611,1.29355
30286,Bundesliga,2025,2025-10-18 13:30:00,Wolfsburg,VfB Stuttgart,0,3,0.392885,2.39474
28848,EPL,2025,2025-10-18 14:00:00,Brighton,Newcastle United,2,1,0.857104,1.28313
28849,EPL,2025,2025-10-18 14:00:00,Burnley,Leeds,2,0,0.509647,2.33152
28850,EPL,2025,2025-10-18 14:00:00,Crystal Palace,Bournemouth,3,3,4.56284,2.0471
28853,EPL,2025,2025-10-18 14:00:00,Manchester City,Everton,2,0,2.4799,0.794622
28855,EPL,2025,2025-10-18 14:00:00,Sunderland,Wolverhampton Wanderers,2,0,1.02481,0.676323
29240,La_Liga,2025,2025-10-18 14:15:00,Barcelona,Girona,2,1,2.41958,1.69375
29606,Ligue_1,2025,2025-10-18 15:00:00,Nice,Lyon,3,2,1.16366,2.89867
29906,Serie_A,2025,2025-10-18 16:00:00,Torino,Napoli,1,0,1.90815,1.71911
30278,Bundesliga,2025,2025-10-18 16:30:00,Bayern Munich,Borussia Dortmund,2,1,2.81994,1.41011
28851,EPL,2025,2025-10-18 16:30:00,Fulham,Arsenal,0,1,0.502332,2.07823
29245,La_Liga,2025,2025-10-18 16:30:00,Villarreal,Real Betis,2,2,0.980598,0.895532
29601,Ligue_1,2025,2025-10-18 17:00:00,Angers,Monaco,1,1,1.58102,1.65166
29913,Serie_A,2025,2025-10-18 18:45:00,Roma,Inter,0,1,2.1538,0.96386
29239,La_Liga,2025,2025-10-18 19:00:00,Atletico Madrid,Osasuna,1,0,2.24415,0.981492
29604,Ligue_1,2025,2025-10-18 19:05:00,Marseille,Le Havre,6,2,4.20445,0.352985
29907,Serie_A,2025,2025-10-19 10:30:00,Como,Juventus,2,0,1.68785,0.964723
29244,La_Liga,2025,2025-10-19 12:00:00,Elche,Athletic Club,0,0,0.823916,0.240214
28856,EPL,2025,2025-10-19 13:00:00,Tottenham,Aston Villa,1,2,1.51461,0.352231
29602,Ligue_1,2025,2025-10-19 13:00:00,Lens,Paris FC,2,1,1.98018,0.583966
29905,Serie_A,2025,2025-10-19 13:00:00,Cagliari,Bologna,0,2,0.367775,1.15836
29909,Serie_A,2025,2025-10-19 13:00:00,Genoa,Parma Calcio 1913,0,0,2.21692,0.0544873
30280,Bundesliga,2025,2025-10-19 13:30:00,Freiburg,Eintracht Frankfurt,2,2,1.12896,0.772638
29241,La_Liga,2025,2025-10-19 14:15:00,Celta Vigo,Real Sociedad,1,1,0.717367,2.13562
29603,Ligue_1,2025,2025-10-19 15:15:00,Lorient,Brest,3,3,1.5878,1.56803
29609,Ligue_1,2025,2025-10-19 15:15:00,Rennes,Auxerre,2,2,1.93587,1.66634
29607,Ligue_1,2025,2025-10-19 15:15:00,Toulouse,Metz,4,0,2.73037,0.119104
30284,Bundesliga,2025,2025-10-19 15:30:00,St. Pauli,Hoffenheim,0,3,0.871968,1.79103
28852,EPL,2025,2025-10-19 15:30:00,Liverpool,Manchester United,1,2,2.60972,2.53117
29904,Serie_A,2025,2025-10-19 16:00:00,Atalanta,Lazio,0,0,2.38095,0.220276
29243,La_Liga,2025,2025-10-19 16:30:00,Levante,Rayo Vallecano,0,3,0.940509,2.53118
29605,Ligue_1,2025,2025-10-19 18:45:00,Nantes,Lille,0,2,0.772603,2.7603
29911,Serie_A,2025,2025-10-19 18:45:00,AC Milan,Fiorentina,2,1,2.01853,0.965997
29242,La_Liga,2025,2025-10-19 19:00:00,Getafe,Real Madrid,0,1,0.530119,2.14595
29908,Serie_A,2025,2025-10-20 18:45:00,Cremonese,Udinese,1,1,1.22876,0.962572
28857,EPL,2025,2025-10-20 19:00:00,West Ham,Brentford,0,2,0.260251,3.46635
29238,La_Liga,2025,2025-10-20 19:00:00,Alaves,Valencia,0,0,1.05624,0.318076
30295,Bundesliga,2025,2025-10-24 18:30:00,Werder Bremen,Union Berlin,1,0,1.1444,0.487613
29614,Ligue_1,2025,2025-10-24 18:45:00,Paris FC,Nantes,1,2,0.951277,0.916827
29919,Serie_A,2025,2025-10-24 18:45:00,AC Milan,Pisa,2,2,1.97232,1.22514
28864,EPL,2025,2025-10-24 19:00:00,Leeds,West Ham,2,1,2.2214,0.498653
29250,La_Liga,2025,2025-10-24 19:00:00,Real Sociedad,Sevilla,2,1,1.64382,0.247146
29249,La_Liga,2025,2025-10-25 12:00:00,Girona,Real Oviedo,3,3,2.24132,2.22406
29921,Serie_A,2025,2025-10-25 13:00:00,Parma Calcio 1913,Como,0,0,1.56651,0.387121
29914,Serie_A,2025,2025-10-25 13:00:00,Udinese,Lecce,3,2,1.51576,0.373551
30287,Bundesliga,2025,2025-10-25 13:30:00,Augsburg,RasenBallsport Leipzig,0,6,0.639182,2.69438
30289,Bundesliga,2025,2025-10-25 13:30:00,Borussia M.Gladbach,Bayern Munich,0,3,0.757777,2.65026
30291,Bundesliga,2025,2025-10-25 13:30:00,Eintracht Frankfurt,St. Pauli,2,0,2.42632,0.519973
30292,Bundesliga,2025,2025-10-25 13:30:00,Hamburger SV,Wolfsburg,0,1,2.40547,0.695528
30293,Bundesliga,2025,2025-10-25 13:30:00,Hoffenheim,FC Heidenheim,3,1,2.4278,0.902315
28862,EPL,2025,2025-10-25 14:00:00,Chelsea,Sunderland,1,2,1.21332,1.5506
28866,EPL,2025,2025-10-25 14:00:00,Newcastle United,Fulham,2,1,2.76806,1.52001
29256,La_Liga,2025,2025-10-25 14:15:00,Espanyol,Elche,1,0,1.70342,1.11414
29613,Ligue_1,2025,2025-10-25 15:00:00,Brest,Paris Saint Germain,0,3,1.89257,2.92453
29920,Serie_A,2025,2025-10-25 16:00:00,Napoli,Inter,3,1,1.18626,2.07077
30290,Bundesliga,2025,2025-10-25 16:30:00,Borussia Dortmund,FC Cologne,1,0,2.09125,0.70563
28865,EPL,2025,2025-10-25 16:30:00,Manchester United,Brighton,4,2,1.96231,0.947154
29248,La_Liga,2025,2025-10-25 16:30:00,Athletic Club,Getafe,0,1,0.358524,1.00378
29615,Ligue_1,2025,2025-10-25 17:00:00,Monaco,Toulouse,1,0,3.37276,0.584122
29916,Serie_A,2025,2025-10-25 18:45:00,Cremonese,Atalanta,1,1,0.967146,1.62371
28861,EPL,2025,2025-10-25 19:00:00,Brentford,Liverpool,3,2,3.27126,2.11838
29251,La_Liga,2025,2025-10-25 19:00:00,Valencia,Villarreal,0,2,0.641435,2.62387
29612,Ligue_1,2025,2025-10-25 19:05:00,Lens,Marseille,2,1,1.87596,0.765479
29923,Serie_A,2025,2025-10-26 10:30:00,Torino,Genoa,2,1,1.8196,1.9796
28859,EPL,2025,2025-10-26 13:00:00,Arsenal,Crystal Palace,1,0,0.856175,0.350534
28860,EPL,2025,2025-10-26 13:00:00,Aston Villa,Manchester City,1,0,0.843906,1.36914
28858,EPL,2025,2025-10-26 13:00:00,Bournemouth,Nottingham Forest,2,0,0.656601,0.305493
28867,EPL,2025,2025-10-26 13:00:00,Wolverhampton Wanderers,Burnley,2,3,2.58132,1.54544
29257,La_Liga,2025,2025-10-26 13:00:00,Mallorca,Levante,1,1,1.86979,2.3579
29617,Ligue_1,2025,2025-10-26 13:00:00,Lille,Metz,6,1,3.85054,1.01476
29922,Serie_A,2025,2025-10-26 13:00:00,Sassuolo,Roma,0,1,0.949353,2.25968
29915,Serie_A,2025,2025-10-26 13:00:00,Verona,Cagliari,2,2,2.03687,0.837271
30288,Bundesliga,2025,2025-10-26 13:30:00,Bayer Leverkusen,Freiburg,2,0,2.46787,0.542897
29254,La_Liga,2025,2025-10-26 15:15:00,Real Madrid,Barcelona,2,1,3.41322,1.12434
29610,Ligue_1,2025,2025-10-26 15:15:00,Angers,Lorient,2,0,1.30397,2.00206
29611,Ligue_1,2025,2025-10-26 15:15:00,Auxerre,Le Havre,0,1,0.563862,1.52215
29618,Ligue_1,2025,2025-10-26 15:15:00,Rennes,Nice,1,2,1.54435,0.88734
30294,Bundesliga,2025,2025-10-26 15:30:00,VfB Stuttgart,Mainz 05,2,1,1.66805,1.40956
28863,EPL,2025,2025-10-26 15:30:00,Everton,Tottenham,0,3,1.4032,2.09327
29917,Serie_A,2025,2025-10-26 16:00:00,Fiorentina,Bologna,2,2,3.87905,0.883347
29255,La_Liga,2025,2025-10-26 17:30:00,Osasuna,Celta Vigo,2,3,2.318,1.54054
29616,Ligue_1,2025,2025-10-26 18:45:00,Lyon,Strasbourg,2,1,1.14566,0.798152
29918,Serie_A,2025,2025-10-26 18:45:00,Lazio,Juventus,1,0,0.905304,1.24614
29252,La_Liga,2025,2025-10-26 20:00:00,Rayo Vallecano,Alaves,1,0,1.54971,1.41466
29253,La_Liga,2025,2025-10-27 20:00:00,Real Betis,Atletico Madrid,0,2,1.33792,0.876554
29931,Serie_A,2025,2025-10-28 16:30:00,Lecce,Napoli,0,1,1.02929,0.92446
29924,Serie_A,2025,2025-10-28 18:45:00,Atalanta,AC Milan,1,1,1.28167,0.626418
29927,Serie_A,2025,2025-10-29 16:30:00,Como,Verona,3,1,1.74279,1.69938
29930,Serie_A,2025,2025-10-29 16:30:00,Juventus,Udinese,3,1,3.30641,0.604108
29933,Serie_A,2025,2025-10-29 16:30:00,Roma,Parma Calcio 1913,2,1,1.15685,1.17796
29619,Ligue_1,2025,2025-10-29 17:00:00,Le Havre,Brest,1,0,0.556063,0.370311
29621,Ligue_1,2025,2025-10-29 17:00:00,Lorient,Paris Saint Germain,1,1,0.192946,1.28813
29625,Ligue_1,2025,2025-10-29 17:00:00,Metz,Lens,2,0,3.11925,1.23771
29623,Ligue_1,2025,2025-10-29 17:00:00,Nice,Lille,2,0,1.74459,0.661109
29925,Serie_A,2025,2025-10-29 18:45:00,Bologna,Torino,0,0,0.3322,0.797473
29928,Serie_A,2025,2025-10-29 18:45:00,Genoa,Cremonese,0,2,1.3491,1.57974
29929,Serie_A,2025,2025-10-29 18:45:00,Inter,Fiorentina,3,0,2.87253,0.741937
29620,Ligue_1,2025,2025-10-29 19:05:00,Marseille,Angers,2,2,1.58833,0.996929
29624,Ligue_1,2025,2025-10-29 19:05:00,Nantes,Monaco,3,5,2.1261,4.10211
29622,Ligue_1,2025,2025-10-29 19:05:00,Paris FC,Lyon,3,3,0.581508,1.21871
29627,Ligue_1,2025,2025-10-29 19:05:00,Strasbourg,Auxerre,3,0,4.10806,0.68695
29626,Ligue_1,2025,2025-10-29 19:05:00,Toulouse,Rennes,2,2,1.62131,1.26096
29926,Serie_A,2025,2025-10-30 16:30:00,Cagliari,Sassuolo,1,2,0.845219,0.937652
29932,Serie_A,2025,2025-10-30 18:45:00,Pisa,Lazio,0,0,0.780185,0.657914
30296,Bundesliga,2025,2025-10-31 19:30:00,Augsburg,Borussia Dortmund,0,1,0.969501,0.588196
29262,La_Liga,2025,2025-10-31 20:00:00,Getafe,Girona,2,1,1.40213,1.54366
29267,La_Liga,2025,2025-11-01 13:00:00,Villarreal,Rayo Vallecano,4,0,2.7136,1.08632
29942,Serie_A,2025,2025-11-01 14:00:00,Udinese,Atalanta,1,0,0.707338,0.270197
30299,Bundesliga,2025,2025-11-01 14:30:00,FC Heidenheim,Eintracht Frankfurt,1,1,0.831882,1.22406
30300,Bundesliga,2025,2025-11-01 14:30:00,Mainz 05,Werder Bremen,1,1,1.90161,0.880505
30301,Bundesliga,2025,2025-11-01 14:30:00,RasenBallsport Leipzig,VfB Stuttgart,3,1,1.73471,1.0701
30302,Bundesliga,2025,2025-11-01 14:30:00,St. Pauli,Borussia M.Gladbach,0,4,0.804394,3.6262
30303,Bundesliga,2025,2025-11-01 14:30:00,Union Berlin,Freiburg,0,0,1.34842,1.16519
28868,EPL,2025,2025-11-01 15:00:00,Brighton,Leeds,3,0,2.64127,0.35919
28869,EPL,2025,2025-11-01 15:00:00,Burnley,Arsenal,0,2,0.679177,2.51649
28870,EPL,2025,2025-11-01 15:00:00,Crystal Palace,Brentford,2,0,0.734558,0.820498
28871,EPL,2025,2025-11-01 15:00:00,Fulham,Wolverhampton Wanderers,3,0,1.91207,0.209934
28874,EPL,2025,2025-11-01 15:00:00,Nottingham Forest,Manchester United,2,2,1.55066,0.91622
29259,La_Liga,2025,2025-11-01 15:15:00,Atletico Madrid,Sevilla,3,0,2.98632,0.376887
29634,Ligue_1,2025,2025-11-01 16:00:00,Paris Saint Germain,Nice,1,0,1.88647,0.3867
29938,Serie_A,2025,2025-11-01 17:00:00,Napoli,Como,0,0,0.762314,1.17012
30297,Bundesliga,2025,2025-11-01 17:30:00,Bayern Munich,Bayer Leverkusen,3,0,2.28295,0.382774
28876,EPL,2025,2025-11-01 17:30:00,Tottenham,Chelsea,0,1,0.146954,3.34251
29264,La_Liga,2025,2025-11-01 17:30:00,Real Sociedad,Athletic Club,3,2,1.8412,1.13112
29632,Ligue_1,2025,2025-11-01 18:00:00,Monaco,Paris FC,0,1,0.820947,1.18048
29934,Serie_A,2025,2025-11-01 19:45:00,Cremonese,Juventus,1,2,0.611392,2.61402
28872,EPL,2025,2025-11-01 20:00:00,Liverpool,Aston Villa,2,0,1.47021,0.43502
29263,La_Liga,2025,2025-11-01 20:00:00,Real Madrid,Valencia,4,0,2.89965,0.292177
29628,Ligue_1,2025,2025-11-01 20:05:00,Auxerre,Marseille,0,1,1.09464,0.698037
29943,Serie_A,2025,2025-11-02 11:30:00,Verona,Inter,1,2,0.372642,1.15025
29265,La_Liga,2025,2025-11-02 13:00:00,Levante,Celta Vigo,1,2,1.23651,1.92474
28877,EPL,2025,2025-11-02 14:00:00,West Ham,Newcastle United,3,1,1.41383,0.523615
29635,Ligue_1,2025,2025-11-02 14:00:00,Rennes,Strasbourg,4,1,3.06877,2.08816
29935,Serie_A,2025,2025-11-02 14:00:00,Fiorentina,Lecce,0,1,1.38997,1.3239
29941,Serie_A,2025,2025-11-02 14:00:00,Torino,Pisa,2,2,1.22388,1.90329
30298,Bundesliga,2025,2025-11-02 14:30:00,FC Cologne,Hamburger SV,4,1,3.87376,1.19296
29258,La_Liga,2025,2025-11-02 15:15:00,Alaves,Espanyol,2,1,2.18038,1.04283
29630,Ligue_1,2025,2025-11-02 16:15:00,Lens,Lorient,3,0,3.21467,1.98367
29631,Ligue_1,2025,2025-11-02 16:15:00,Lille,Angers,1,0,2.2089,0.277522
29633,Ligue_1,2025,2025-11-02 16:15:00,Nantes,Metz,0,2,1.07598,1.36245
29636,Ligue_1,2025,2025-11-02 16:15:00,Toulouse,Le Havre,0,0,1.07851,1.07299
30304,Bundesliga,2025,2025-11-02 16:30:00,Wolfsburg,Hoffenheim,2,3,1.40117,1.74291
28873,EPL,2025,2025-11-02 16:30:00,Manchester City,Bournemouth,3,1,2.48999,0.899846
29939,Serie_A,2025,2025-11-02 17:00:00,Parma Calcio 1913,Bologna,1,3,0.622333,3.51745
29260,La_Liga,2025,2025-11-02 17:30:00,Barcelona,Elche,3,1,2.8073,0.549079
29629,Ligue_1,2025,2025-11-02 19:45:00,Brest,Lyon,0,0,1.63942,0.143862
29937,Serie_A,2025,2025-11-02 19:45:00,AC Milan,Roma,1,0,3.76419,1.95443
29261,La_Liga,2025,2025-11-02 20:00:00,Real Betis,Mallorca,3,0,2.82134,0.749852
29940,Serie_A,2025,2025-11-03 17:30:00,Sassuolo,Genoa,1,2,1.31641,1.83271
29936,Serie_A,2025,2025-11-03 19:45:00,Lazio,Cagliari,2,0,0.587684,1.48457
28875,EPL,2025,2025-11-03 20:00:00,Sunderland,Everton,1,1,1.18068,1.00741
29266,La_Liga,2025,2025-11-03 20:00:00,Real Oviedo,Osasuna,0,0,0.717473,0.626317
30313,Bundesliga,2025,2025-11-07 19:30:00,Werder Bremen,Wolfsburg,2,1,1.69456,0.676326
29644,Ligue_1,2025,2025-11-07 19:45:00,Paris FC,Rennes,0,1,2.2285,1.36728
29952,Serie_A,2025,2025-11-07 19:45:00,Pisa,Cremonese,1,0,1.45109,1.23118
29270,La_Liga,2025,2025-11-07 20:00:00,Elche,Real Sociedad,1,1,0.808307,1.47221
28886,EPL,2025,2025-11-08 12:30:00,Tottenham,Manchester United,2,2,1.35532,0.820256
29273,La_Liga,2025,2025-11-08 13:00:00,Girona,Alaves,1,0,1.26365,2.00772
29946,Serie_A,2025,2025-11-08 14:00:00,Como,Cagliari,0,0,1.0497,0.615264
29950,Serie_A,2025,2025-11-08 14:00:00,Lecce,Verona,0,0,0.555045,0.691863
30305,Bundesliga,2025,2025-11-08 14:30:00,Bayer Leverkusen,FC Heidenheim,6,0,3.90142,0.063377
30309,Bundesliga,2025,2025-11-08 14:30:00,Hamburger SV,Borussia Dortmund,1,1,0.419878,1.42582
30310,Bundesliga,2025,2025-11-08 14:30:00,Hoffenheim,RasenBallsport Leipzig,3,1,1.92349,1.56187
30312,Bundesliga,2025,2025-11-08 14:30:00,Union Berlin,Bayern Munich,2,2,1.02778,1.34246
28882,EPL,2025,2025-11-08 15:00:00,Everton,Fulham,2,0,2.30607,0.424478
28887,EPL,2025,2025-11-08 15:00:00,West Ham,Burnley,3,2,2.96728,1.87478
29277,La_Liga,2025,2025-11-08 15:15:00,Sevilla,Osasuna,1,0,1.22271,0.967352
29641,Ligue_1,2025,2025-11-08 16:00:00,Marseille,Brest,3,0,3.09058,0.69584
29949,Serie_A,2025,2025-11-08 17:00:00,Juventus,Torino,0,0,1.93707,0.405589
30306,Bundesliga,2025,2025-11-08 17:30:00,Borussia M.Gladbach,FC Cologne,3,1,2.46206,2.15818
28885,EPL,2025,2025-11-08 17:30:00,Sunderland,Arsenal,2,2,1.20495,2.32943
29269,La_Liga,2025,2025-11-08 17:30:00,Atletico Madrid,Levante,3,1,3.03599,1.29112
29638,Ligue_1,2025,2025-11-08 18:00:00,Le Havre,Nantes,1,1,0.984753,0.353936
29951,Serie_A,2025,2025-11-08 19:45:00,Parma Calcio 1913,AC Milan,2,2,1.45012,2.05467
28880,EPL,2025,2025-11-08 20:00:00,Chelsea,Wolverhampton Wanderers,3,0,3.98342,0.111462
29271,La_Liga,2025,2025-11-08 20:00:00,Espanyol,Villarreal,0,2,0.476157,1.47118
29643,Ligue_1,2025,2025-11-08 20:05:00,Monaco,Lens,1,4,2.4076,3.23933
29944,Serie_A,2025,2025-11-09 11:30:00,Atalanta,Sassuolo,0,3,0.707859,2.20132
29268,La_Liga,2025,2025-11-09 13:00:00,Athletic Club,Real Oviedo,1,0,2.65219,0.182696
28878,EPL,2025,2025-11-09 14:00:00,Aston Villa,Bournemouth,4,0,1.88282,2.00992
28879,EPL,2025,2025-11-09 14:00:00,Brentford,Newcastle United,3,1,2.73729,0.432277
28881,EPL,2025,2025-11-09 14:00:00,Crystal Palace,Brighton,0,0,0.839547,0.637037
28884,EPL,2025,2025-11-09 14:00:00,Nottingham Forest,Leeds,3,1,2.49097,0.419461
29639,Ligue_1,2025,2025-11-09 14:00:00,Lorient,Toulouse,1,1,1.26999,1.15206
29945,Serie_A,2025,2025-11-09 14:00:00,Bologna,Napoli,2,0,1.64488,0.19503
29947,Serie_A,2025,2025-11-09 14:00:00,Genoa,Fiorentina,2,2,1.58884,1.33019
30308,Bundesliga,2025,2025-11-09 14:30:00,Freiburg,St. Pauli,2,1,1.66558,0.640748
29272,La_Liga,2025,2025-11-09 15:15:00,Rayo Vallecano,Real Madrid,0,0,1.60641,0.841463
29637,Ligue_1,2025,2025-11-09 16:15:00,Angers,Auxerre,2,0,1.15143,0.589602
29642,Ligue_1,2025,2025-11-09 16:15:00,Metz,Nice,2,1,1.32977,0.784993
29645,Ligue_1,2025,2025-11-09 16:15:00,Strasbourg,Lille,2,0,0.768163,0.480004
30311,Bundesliga,2025,2025-11-09 16:30:00,VfB Stuttgart,Augsburg,3,2,2.44526,1.90345
28883,EPL,2025,2025-11-09 16:30:00,Manchester City,Liverpool,3,0,1.59542,1.0281
29953,Serie_A,2025,2025-11-09 17:00:00,Roma,Udinese,2,0,1.75728,0.928685
29276,La_Liga,2025,2025-11-09 17:30:00,Mallorca,Getafe,1,0,1.30353,0.539674
29275,La_Liga,2025,2025-11-09 17:30:00,Valencia,Real Betis,1,1,1.95148,1.58932
30307,Bundesliga,2025,2025-11-09 18:30:00,Eintracht Frankfurt,Mainz 05,1,0,1.77854,0.121469
29640,Ligue_1,2025,2025-11-09 19:45:00,Lyon,Paris Saint Germain,2,3,0.712588,1.69872
29948,Serie_A,2025,2025-11-09 19:45:00,Inter,Lazio,2,0,1.73965,0.54928
29274,La_Liga,2025,2025-11-09 20:00:00,Celta Vigo,Barcelona,2,4,0.512253,3.42936
30319,Bundesliga,2025,2025-11-21 19:30:00,Mainz 05,Hoffenheim,1,1,2.88712,1.54404
29651,Ligue_1,2025,2025-11-21 19:45:00,Nice,Marseille,1,5,1.36131,3.09163
29286,La_Liga,2025,2025-11-21 20:00:00,Valencia,Levante,1,0,1.65038,0.67426
28891,EPL,2025,2025-11-22 12:30:00,Burnley,Chelsea,0,2,0.660943,1.72093
29278,La_Liga,2025,2025-11-22 13:00:00,Alaves,Celta Vigo,0,1,0.3056,1.32351
29955,Serie_A,2025,2025-11-22 14:00:00,Cagliari,Genoa,3,3,1.37329,1.61562
29963,Serie_A,2025,2025-11-22 14:00:00,Udinese,Bologna,0,3,1.88758,2.88287
30314,Bundesliga,2025,2025-11-22 14:30:00,Augsburg,Hamburger SV,1,0,1.61897,1.555
30315,Bundesliga,2025,2025-11-22 14:30:00,Bayern Munich,Freiburg,6,2,3.13858,0.516966
30316,Bundesliga,2025,2025-11-22 14:30:00,Borussia Dortmund,VfB Stuttgart,3,3,3.15124,1.80942
30318,Bundesliga,2025,2025-11-22 14:30:00,FC Heidenheim,Borussia M.Gladbach,0,3,0.363207,2.79666
30322,Bundesliga,2025,2025-11-22 14:30:00,Wolfsburg,Bayer Leverkusen,1,3,2.07979,1.58644
28888,EPL,2025,2025-11-22 15:00:00,Bournemouth,West Ham,2,2,3.48299,0.390782
28890,EPL,2025,2025-11-22 15:00:00,Brighton,Brentford,2,1,0.977488,2.19979
28892,EPL,2025,2025-11-22 15:00:00,Fulham,Sunderland,1,0,2.83729,0.222768
28894,EPL,2025,2025-11-22 15:00:00,Liverpool,Nottingham Forest,0,3,1.79273,1.19459
28897,EPL,2025,2025-11-22 15:00:00,Wolverhampton Wanderers,Crystal Palace,0,2,1.66409,1.44933
29284,La_Liga,2025,2025-11-22 15:15:00,Barcelona,Athletic Club,4,0,2.32922,1.04615
29648,Ligue_1,2025,2025-11-22 16:00:00,Lens,Strasbourg,1,0,2.2242,0.400272
29957,Serie_A,2025,2025-11-22 17:00:00,Fiorentina,Juventus,1,1,0.659308,1.65053
30317,Bundesliga,2025,2025-11-22 17:30:00,FC Cologne,Eintracht Frankfurt,3,4,1.38923,2.44506
28896,EPL,2025,2025-11-22 17:30:00,Newcastle United,Manchester City,2,1,2.40555,2.45648
29282,La_Liga,2025,2025-11-22 17:30:00,Osasuna,Real Sociedad,1,3,1.27964,1.76546
29653,Ligue_1,2025,2025-11-22 18:00:00,Rennes,Monaco,4,1,3.067,1.60818
29960,Serie_A,2025,2025-11-22 19:45:00,Napoli,Atalanta,3,1,2.02765,0.825775
29287,La_Liga,2025,2025-11-22 20:00:00,Villarreal,Mallorca,2,1,2.6371,1.38464
29652,Ligue_1,2025,2025-11-22 20:05:00,Paris Saint Germain,Le Havre,3,0,4.11577,1.28573
29954,Serie_A,2025,2025-11-23 11:30:00,Verona,Parma Calcio 1913,1,2,0.943021,1.51628
29283,La_Liga,2025,2025-11-23 13:00:00,Real Oviedo,Rayo Vallecano,0,0,0.499406,0.922998
28893,EPL,2025,2025-11-23 14:00:00,Leeds,Aston Villa,1,2,1.84668,1.35978
29646,Ligue_1,2025,2025-11-23 14:00:00,Auxerre,Lyon,0,0,1.512,1.27606
29956,Serie_A,2025,2025-11-23 14:00:00,Cremonese,Roma,1,3,1.25617,1.73178
30320,Bundesliga,2025,2025-11-23 14:30:00,RasenBallsport Leipzig,Werder Bremen,2,0,2.42834,0.774872
29279,La_Liga,2025,2025-11-23 15:15:00,Real Betis,Girona,1,1,1.5784,1.48903
29647,Ligue_1,2025,2025-11-23 16:15:00,Brest,Metz,3,2,3.36815,1.02855
29650,Ligue_1,2025,2025-11-23 16:15:00,Nantes,Lorient,1,1,0.915515,0.352154
29654,Ligue_1,2025,2025-11-23 16:15:00,Toulouse,Angers,0,1,1.85382,0.324057
30321,Bundesliga,2025,2025-11-23 16:30:00,St. Pauli,Union Berlin,0,1,0.568717,0.398431
28889,EPL,2025,2025-11-23 16:30:00,Arsenal,Tottenham,4,1,2.27827,0.0300672
29959,Serie_A,2025,2025-11-23 17:00:00,Lazio,Lecce,2,0,1.49492,0.544669
29285,La_Liga,2025,2025-11-23 17:30:00,Getafe,Atletico Madrid,0,1,0.578828,1.47677
29649,Ligue_1,2025,2025-11-23 19:45:00,Lille,Paris FC,4,2,4.14474,1.50332
29958,Serie_A,2025,2025-11-23 19:45:00,Inter,AC Milan,0,1,1.74448,0.856085
29280,La_Liga,2025,2025-11-23 20:00:00,Elche,Real Madrid,2,2,1.59518,3.88258
29962,Serie_A,2025,2025-11-24 17:30:00,Torino,Como,1,5,1.42986,3.37909
29961,Serie_A,2025,2025-11-24 19:45:00,Sassuolo,Pisa,2,2,2.21345,1.38602
28895,EPL,2025,2025-11-24 20:00:00,Manchester United,Everton,0,1,2.2737,0.155063
29281,La_Liga,2025,2025-11-24 20:00:00,Espanyol,Sevilla,2,1,1.16625,1.80002
30325,Bundesliga,2025,2025-11-28 19:30:00,Borussia M.Gladbach,RasenBallsport Leipzig,0,0,0.388883,1.09232
29660,Ligue_1,2025,2025-11-28 19:45:00,Metz,Rennes,0,1,1.31354,0.980088
29966,Serie_A,2025,2025-11-28 19:45:00,Como,Sassuolo,2,0,1.73426,1.12902
29297,La_Liga,2025,2025-11-28 20:00:00,Getafe,Elche,1,0,1.34046,0.448894
29291,La_Liga,2025,2025-11-29 13:00:00,Mallorca,Osasuna,2,2,1.10581,1.11108
29967,Serie_A,2025,2025-11-29 14:00:00,Genoa,Verona,2,1,1.64897,2.60658
29971,Serie_A,2025,2025-11-29 14:00:00,Parma Calcio 1913,Udinese,0,2,1.03649,1.87351
30324,Bundesliga,2025,2025-11-29 14:30:00,Bayern Munich,St. Pauli,3,1,2.53942,0.74073
30329,Bundesliga,2025,2025-11-29 14:30:00,Hoffenheim,Augsburg,3,0,1.79612,0.655496
30330,Bundesliga,2025,2025-11-29 14:30:00,Union Berlin,FC Heidenheim,1,2,0.942923,0.522102
30331,Bundesliga,2025,2025-11-29 14:30:00,Werder Bremen,FC Cologne,1,1,1.53668,1.1848
28899,EPL,2025,2025-11-29 15:00:00,Brentford,Burnley,3,1,3.72106,0.874025
28903,EPL,2025,2025-11-29 15:00:00,Manchester City,Leeds,3,2,2.85292,1.75142
28905,EPL,2025,2025-11-29 15:00:00,Sunderland,Bournemouth,3,2,1.16955,1.79274
29294,La_Liga,2025,2025-11-29 15:15:00,Barcelona,Alaves,3,1,2.51096,2.09256
29661,Ligue_1,2025,2025-11-29 16:00:00,Monaco,Paris Saint Germain,1,0,0.637875,1.47676
29968,Serie_A,2025,2025-11-29 17:00:00,Juventus,Cagliari,2,1,1.5343,0.891103
30323,Bundesliga,2025,2025-11-29 17:30:00,Bayer Leverkusen,Borussia Dortmund,1,2,1.08287,1.1562
28902,EPL,2025,2025-11-29 17:30:00,Everton,Newcastle United,1,4,1.01125,2.45882
29295,La_Liga,2025,2025-11-29 17:30:00,Levante,Athletic Club,0,2,1.20253,2.80864
29662,Ligue_1,2025,2025-11-29 18:00:00,Paris FC,Auxerre,1,1,1.80891,1.15143
29970,Serie_A,2025,2025-11-29 19:45:00,AC Milan,Lazio,1,0,1.48113,0.899621
28906,EPL,2025,2025-11-29 20:00:00,Tottenham,Fulham,1,2,1.04396,0.494736
29288,La_Liga,2025,2025-11-29 20:00:00,Atletico Madrid,Real Oviedo,2,0,2.40693,0.921985
29659,Ligue_1,2025,2025-11-29 20:05:00,Marseille,Toulouse,2,2,1.62768,1.09387
29969,Serie_A,2025,2025-11-30 11:30:00,Lecce,Torino,2,1,0.948606,2.0632
28901,EPL,2025,2025-11-30 12:00:00,Crystal Palace,Manchester United,1,2,2.13561,1.47768
29293,La_Liga,2025,2025-11-30 13:00:00,Real Sociedad,Villarreal,2,3,1.3715,1.63038
29663,Ligue_1,2025,2025-11-30 14:00:00,Strasbourg,Brest,1,2,1.14608,1.00638
29972,Serie_A,2025,2025-11-30 14:00:00,Pisa,Inter,0,2,1.80715,2.04777
28898,EPL,2025,2025-11-30 14:05:00,Aston Villa,Wolverhampton Wanderers,1,0,1.15486,0.692588
28904,EPL,2025,2025-11-30 14:05:00,Nottingham Forest,Brighton,0,2,0.960325,2.0572
28907,EPL,2025,2025-11-30 14:05:00,West Ham,Liverpool,0,2,0.364152,1.56793
30328,Bundesliga,2025,2025-11-30 14:30:00,Hamburger SV,VfB Stuttgart,2,1,1.21357,1.10868
29296,La_Liga,2025,2025-11-30 15:15:00,Sevilla,Real Betis,0,2,0.735196,1.17861
29655,Ligue_1,2025,2025-11-30 16:15:00,Angers,Lens,1,2,1.10642,1.96335
29656,Ligue_1,2025,2025-11-30 16:15:00,Le Havre,Lille,0,1,0.867678,1.35017
29657,Ligue_1,2025,2025-11-30 16:15:00,Lorient,Nice,3,1,3.49255,1.3285
30326,Bundesliga,2025,2025-11-30 16:30:00,Eintracht Frankfurt,Wolfsburg,1,1,1.66051,1.60645
28900,EPL,2025,2025-11-30 16:30:00,Chelsea,Arsenal,1,1,0.791914,1.22828
29964,Serie_A,2025,2025-11-30 17:00:00,Atalanta,Fiorentina,2,0,2.29028,2.01961
29289,La_Liga,2025,2025-11-30 17:30:00,Celta Vigo,Espanyol,0,1,0.635572,0.599243
30327,Bundesliga,2025,2025-11-30 18:30:00,Freiburg,Mainz 05,4,0,4.15677,0.0500621
29658,Ligue_1,2025,2025-11-30 19:45:00,Lyon,Nantes,3,0,2.1878,0.384922
29973,Serie_A,2025,2025-11-30 19:45:00,Roma,Napoli,0,1,0.611755,1.33114
29290,La_Liga,2025,2025-11-30 20:00:00,Girona,Real Madrid,1,1,1.05171,2.21359
29965,Serie_A,2025,2025-12-01 19:45:00,Bologna,Cremonese,1,3,2.11713,2.33533
29292,La_Liga,2025,2025-12-01 20:00:00,Rayo Vallecano,Valencia,1,1,2.13298,0.897663
28908,EPL,2025,2025-12-02 19:30:00,Bournemouth,Everton,0,1,0.635415,1.19573
28912,EPL,2025,2025-12-02 19:30:00,Fulham,Manchester City,4,5,0.972635,1.96225
29342,La_Liga,2025,2025-12-02 20:00:00,Barcelona,Atletico Madrid,3,1,3.46121,1.35018
28916,EPL,2025,2025-12-02 20:15:00,Newcastle United,Tottenham,2,2,1.88558,1.05205
29338,La_Liga,2025,2025-12-03 18:00:00,Athletic Club,Real Madrid,0,3,0.917315,2.36743
28909,EPL,2025,2025-12-03 19:30:00,Arsenal,Brentford,2,0,2.63126,0.588716
28910,EPL,2025,2025-12-03 19:30:00,Brighton,Aston Villa,3,4,1.96298,3.15745
28911,EPL,2025,2025-12-03 19:30:00,Burnley,Crystal Palace,0,1,1.16852,0.987797
28917,EPL,2025,2025-12-03 19:30:00,Wolverhampton Wanderers,Nottingham Forest,0,1,1.02461,1.12389
28913,EPL,2025,2025-12-03 20:15:00,Leeds,Chelsea,3,1,2.2047,0.964018
28914,EPL,2025,2025-12-03 20:15:00,Liverpool,Sunderland,1,1,1.37633,0.712662
28915,EPL,2025,2025-12-04 20:00:00,Manchester United,West Ham,1,1,2.27674,1.36584
29665,Ligue_1,2025,2025-12-05 18:00:00,Brest,Monaco,1,0,1.13774,0.485017
30339,Bundesliga,2025,2025-12-05 19:30:00,Mainz 05,Borussia M.Gladbach,0,1,1.09331,1.90297
29306,La_Liga,2025,2025-12-05 20:00:00,Real Oviedo,Mallorca,0,0,1.60009,0.617185
29667,Ligue_1,2025,2025-12-05 20:00:00,Lille,Marseille,1,0,0.572302,0.902813
28919,EPL,2025,2025-12-06 12:30:00,Aston Villa,Arsenal,2,1,2.71986,1.85965
29304,La_Liga,2025,2025-12-06 13:00:00,Villarreal,Getafe,2,0,0.816941,0.282254
29980,Serie_A,2025,2025-12-06 14:00:00,Sassuolo,Fiorentina,3,1,1.64053,1.20662
30334,Bundesliga,2025,2025-12-06 14:30:00,Augsburg,Bayer Leverkusen,2,0,2.14102,1.41889
30336,Bundesliga,2025,2025-12-06 14:30:00,FC Cologne,St. Pauli,1,1,1.90409,0.143945
30338,Bundesliga,2025,2025-12-06 14:30:00,FC Heidenheim,Freiburg,2,1,2.66592,0.800321
30332,Bundesliga,2025,2025-12-06 14:30:00,VfB Stuttgart,Bayern Munich,0,5,0.729313,4.07867
30333,Bundesliga,2025,2025-12-06 14:30:00,Wolfsburg,Union Berlin,3,1,0.929936,2.01932
28918,EPL,2025,2025-12-06 15:00:00,Bournemouth,Chelsea,0,0,1.41931,0.672602
28921,EPL,2025,2025-12-06 15:00:00,Everton,Nottingham Forest,3,0,1.25348,0.31234
28924,EPL,2025,2025-12-06 15:00:00,Manchester City,Sunderland,3,0,2.41605,0.626486
28925,EPL,2025,2025-12-06 15:00:00,Newcastle United,Burnley,2,1,1.80708,1.58375
28926,EPL,2025,2025-12-06 15:00:00,Tottenham,Brentford,2,0,2.42388,0.470563
29298,La_Liga,2025,2025-12-06 15:15:00,Alaves,Real Sociedad,1,0,1.88765,1.09935
29669,Ligue_1,2025,2025-12-06 16:00:00,Nantes,Lens,1,2,1.1817,3.26397
29976,Serie_A,2025,2025-12-06 17:00:00,Inter,Como,4,0,2.26559,0.943403
30340,Bundesliga,2025,2025-12-06 17:30:00,RasenBallsport Leipzig,Eintracht Frankfurt,6,0,3.64182,0.473289
28923,EPL,2025,2025-12-06 17:30:00,Leeds,Liverpool,3,3,1.79333,2.04805
29302,La_Liga,2025,2025-12-06 17:30:00,Real Betis,Barcelona,3,5,2.74214,3.30288
29672,Ligue_1,2025,2025-12-06 18:00:00,Toulouse,Strasbourg,1,0,0.64097,0.0918532
29983,Serie_A,2025,2025-12-06 19:45:00,Verona,Atalanta,3,1,1.60244,1.76527
29299,La_Liga,2025,2025-12-06 20:00:00,Athletic Club,Atletico Madrid,1,0,1.18636,0.771885
29671,Ligue_1,2025,2025-12-06 20:05:00,Paris Saint Germain,Rennes,5,0,2.32641,0.153549
29975,Serie_A,2025,2025-12-07 11:30:00,Cremonese,Lecce,2,0,2.08254,1.37526
29300,La_Liga,2025,2025-12-07 13:00:00,Elche,Girona,3,0,1.59513,0.781043
28920,EPL,2025,2025-12-07 14:00:00,Brighton,West Ham,1,1,2.10077,1.7064
29670,Ligue_1,2025,2025-12-07 14:00:00,Nice,Angers,0,1,1.38209,1.33715
29974,Serie_A,2025,2025-12-07 14:00:00,Cagliari,Roma,1,0,1.40358,0.451691
30337,Bundesliga,2025,2025-12-07 14:30:00,Hamburger SV,Werder Bremen,3,2,1.57713,1.17349
29307,La_Liga,2025,2025-12-07 15:15:00,Valencia,Sevilla,1,1,1.23901,0.635478
29664,Ligue_1,2025,2025-12-07 16:15:00,Auxerre,Metz,3,1,2.22374,0.346523
29666,Ligue_1,2025,2025-12-07 16:15:00,Le Havre,Paris FC,0,0,1.93371,1.2524
30335,Bundesliga,2025,2025-12-07 16:30:00,Borussia Dortmund,Hoffenheim,2,0,1.10147,1.42364
28922,EPL,2025,2025-12-07 16:30:00,Fulham,Crystal Palace,1,2,0.766771,1.71109
29977,Serie_A,2025,2025-12-07 17:00:00,Lazio,Bologna,1,1,1.24155,1.23115
29301,La_Liga,2025,2025-12-07 17:30:00,Espanyol,Rayo Vallecano,1,0,1.57985,0.285545
29668,Ligue_1,2025,2025-12-07 19:45:00,Lorient,Lyon,1,0,2.48644,0.475087
29978,Serie_A,2025,2025-12-07 19:45:00,Napoli,Juventus,2,1,2.1655,0.24335
29303,La_Liga,2025,2025-12-07 20:00:00,Real Madrid,Celta Vigo,0,2,2.41681,1.60908
29979,Serie_A,2025,2025-12-08 14:00:00,Pisa,Parma Calcio 1913,0,1,1.56873,1.49837
29982,Serie_A,2025,2025-12-08 17:00:00,Udinese,Genoa,1,2,1.49196,1.5362
29981,Serie_A,2025,2025-12-08 19:45:00,Torino,AC Milan,2,3,1.01008,2.10495
28927,EPL,2025,2025-12-08 20:00:00,Wolverhampton Wanderers,Manchester United,1,4,0.262147,4.04708
29305,La_Liga,2025,2025-12-08 20:00:00,Osasuna,Levante,2,0,1.74988,0.544977
30348,Bundesliga,2025,2025-12-12 19:30:00,Union Berlin,RasenBallsport Leipzig,3,1,1.4766,0.495677
29673,Ligue_1,2025,2025-12-12 19:45:00,Angers,Nantes,4,1,3.04663,0.26526
29988,Serie_A,2025,2025-12-12 19:45:00,Lecce,Pisa,1,0,2.79987,0.303651
29316,La_Liga,2025,2025-12-12 20:00:00,Real Sociedad,Girona,1,2,1.02349,1.16894
29309,La_Liga,2025,2025-12-13 13:00:00,Atletico Madrid,Valencia,2,1,2.07076,1.26068
29992,Serie_A,2025,2025-12-13 14:00:00,Torino,Cremonese,1,0,1.94598,0.700243
30343,Bundesliga,2025,2025-12-13 14:30:00,Borussia M.Gladbach,Wolfsburg,1,3,0.620418,2.72142
30344,Bundesliga,2025,2025-12-13 14:30:00,Eintracht Frankfurt,Augsburg,1,0,1.52024,0.655733
30346,Bundesliga,2025,2025-12-13 14:30:00,Hoffenheim,Hamburger SV,4,1,2.48806,1.40522
30347,Bundesliga,2025,2025-12-13 14:30:00,St. Pauli,FC Heidenheim,2,1,1.00037,1.8944
28931,EPL,2025,2025-12-13 15:00:00,Chelsea,Everton,2,0,2.64457,1.34
28933,EPL,2025,2025-12-13 15:00:00,Liverpool,Brighton,2,0,2.4127,1.69004
29314,La_Liga,2025,2025-12-13 15:15:00,Mallorca,Elche,3,1,2.581,0.311674
29681,Ligue_1,2025,2025-12-13 16:00:00,Rennes,Brest,3,1,1.58903,0.872611
29990,Serie_A,2025,2025-12-13 17:00:00,Parma Calcio 1913,Lazio,0,1,1.08166,1.76573
30341,Bundesliga,2025,2025-12-13 17:30:00,Bayer Leverkusen,FC Cologne,2,0,2.295,0.436565
28930,EPL,2025,2025-12-13 17:30:00,Burnley,Fulham,2,3,2.05486,1.65053
29310,La_Liga,2025,2025-12-13 17:30:00,Barcelona,Osasuna,2,0,2.14468,0.228217
29677,Ligue_1,2025,2025-12-13 18:00:00,Metz,Paris Saint Germain,2,3,0.363683,1.94768
29984,Serie_A,2025,2025-12-13 19:45:00,Atalanta,Cagliari,2,1,3.08558,0.568619
28928,EPL,2025,2025-12-13 20:00:00,Arsenal,Wolverhampton Wanderers,2,1,1.61796,0.61997
29315,La_Liga,2025,2025-12-13 20:00:00,Getafe,Espanyol,0,1,0.305925,0.75472
29676,Ligue_1,2025,2025-12-13 20:05:00,Paris FC,Toulouse,0,3,0.366399,2.03766
29989,Serie_A,2025,2025-12-14 11:30:00,AC Milan,Sassuolo,2,2,1.83346,1.02843
29317,La_Liga,2025,2025-12-14 13:00:00,Sevilla,Real Oviedo,4,0,2.31899,0.416975
28932,EPL,2025,2025-12-14 14:00:00,Crystal Palace,Manchester City,0,3,1.30092,1.35317
28935,EPL,2025,2025-12-14 14:00:00,Nottingham Forest,Tottenham,3,0,2.32658,0.380246
28936,EPL,2025,2025-12-14 14:00:00,Sunderland,Newcastle United,1,0,0.630045,0.169329
28937,EPL,2025,2025-12-14 14:00:00,West Ham,Aston Villa,2,3,1.27701,0.595093
29679,Ligue_1,2025,2025-12-14 14:00:00,Lyon,Le Havre,1,0,2.9604,1.44459
29986,Serie_A,2025,2025-12-14 14:00:00,Fiorentina,Verona,1,2,2.41776,1.53867
29993,Serie_A,2025,2025-12-14 14:00:00,Udinese,Napoli,1,0,1.84146,0.931427
30345,Bundesliga,2025,2025-12-14 14:30:00,Freiburg,Borussia Dortmund,1,1,1.10621,1.47427
29312,La_Liga,2025,2025-12-14 15:15:00,Celta Vigo,Athletic Club,2,0,1.97074,1.66561
29674,Ligue_1,2025,2025-12-14 16:15:00,Auxerre,Lille,3,4,2.50862,0.733512
29675,Ligue_1,2025,2025-12-14 16:15:00,Lens,Nice,2,0,1.91622,0.733412
29680,Ligue_1,2025,2025-12-14 16:15:00,Strasbourg,Lorient,0,0,0.911848,0.415871
30342,Bundesliga,2025,2025-12-14 16:30:00,Bayern Munich,Mainz 05,2,2,4.67956,0.803171
28929,EPL,2025,2025-12-14 16:30:00,Brentford,Leeds,1,1,0.697006,1.63409
29987,Serie_A,2025,2025-12-14 17:00:00,Genoa,Inter,1,2,0.895295,2.04412
30349,Bundesliga,2025,2025-12-14 18:30:00,Werder Bremen,VfB Stuttgart,0,4,0.607898,2.05209
29678,Ligue_1,2025,2025-12-14 19:45:00,Marseille,Monaco,1,0,2.02467,1.94962
29985,Serie_A,2025,2025-12-14 19:45:00,Bologna,Juventus,0,1,0.97387,2.07145
29308,La_Liga,2025,2025-12-14 20:00:00,Alaves,Real Madrid,1,2,1.313,1.90656
29991,Serie_A,2025,2025-12-15 19:45:00,Roma,Como,1,0,1.65562,0.635872
28934,EPL,2025,2025-12-15 20:00:00,Manchester United,Bournemouth,4,4,3.21204,2.35196
29313,La_Liga,2025,2025-12-15 20:00:00,Rayo Vallecano,Real Betis,0,0,2.1848,0.788766
30351,Bundesliga,2025,2025-12-19 19:30:00,Borussia Dortmund,Borussia M.Gladbach,2,0,1.65394,0.221237
29327,La_Liga,2025,2025-12-19 20:00:00,Valencia,Mallorca,1,1,2.16012,0.199412
28945,EPL,2025,2025-12-20 12:30:00,Newcastle United,Chelsea,2,2,2.87863,1.0261
29326,La_Liga,2025,2025-12-20 13:00:00,Real Oviedo,Celta Vigo,0,0,0.517531,0.600009
30350,Bundesliga,2025,2025-12-20 14:30:00,Augsburg,Werder Bremen,0,0,1.49411,0.90686
30352,Bundesliga,2025,2025-12-20 14:30:00,FC Cologne,Union Berlin,0,1,0.677102,1.4739
30353,Bundesliga,2025,2025-12-20 14:30:00,Hamburger SV,Eintracht Frankfurt,1,1,1.09769,1.09137
30357,Bundesliga,2025,2025-12-20 14:30:00,VfB Stuttgart,Hoffenheim,0,0,1.46116,0.154175
30358,Bundesliga,2025,2025-12-20 14:30:00,Wolfsburg,Freiburg,3,4,1.30583,2.65964
28938,EPL,2025,2025-12-20 15:00:00,Bournemouth,Burnley,1,1,1.81847,0.480528
28940,EPL,2025,2025-12-20 15:00:00,Brighton,Sunderland,0,0,0.919272,1.31044
28944,EPL,2025,2025-12-20 15:00:00,Manchester City,West Ham,3,0,3.58188,1.02143
28947,EPL,2025,2025-12-20 15:00:00,Wolverhampton Wanderers,Brentford,0,2,1.26823,1.56309
29321,La_Liga,2025,2025-12-20 15:15:00,Levante,Real Sociedad,1,1,1.22005,1.62986
30000,Serie_A,2025,2025-12-20 17:00:00,Lazio,Cremonese,0,0,0.432769,0.70974
30356,Bundesliga,2025,2025-12-20 17:30:00,RasenBallsport Leipzig,Bayer Leverkusen,1,3,1.93929,2.70478
28946,EPL,2025,2025-12-20 17:30:00,Tottenham,Liverpool,1,2,1.34905,1.23164
29323,La_Liga,2025,2025-12-20 17:30:00,Osasuna,Alaves,3,0,2.39145,0.718671
29999,Serie_A,2025,2025-12-20 19:45:00,Juventus,Roma,2,1,3.09592,1.28421
28941,EPL,2025,2025-12-20 20:00:00,Everton,Arsenal,0,1,0.213273,1.84723
28943,EPL,2025,2025-12-20 20:00:00,Leeds,Crystal Palace,4,1,2.90786,1.53058
29322,La_Liga,2025,2025-12-20 20:00:00,Real Madrid,Sevilla,2,0,4.00139,1.51418
29994,Serie_A,2025,2025-12-21 11:30:00,Cagliari,Pisa,2,2,1.20171,2.02532
29324,La_Liga,2025,2025-12-21 13:00:00,Girona,Atletico Madrid,0,3,1.11565,1.26201
30002,Serie_A,2025,2025-12-21 14:00:00,Sassuolo,Torino,0,1,0.580849,2.00002
30355,Bundesliga,2025,2025-12-21 14:30:00,Mainz 05,St. Pauli,0,0,1.87368,0.227249
29325,La_Liga,2025,2025-12-21 15:15:00,Villarreal,Barcelona,0,2,2.16466,3.27381
30354,Bundesliga,2025,2025-12-21 16:30:00,FC Heidenheim,Bayern Munich,0,4,1.48758,3.36795
28939,EPL,2025,2025-12-21 16:30:00,Aston Villa,Manchester United,2,1,1.86917,1.30455
29996,Serie_A,2025,2025-12-21 17:00:00,Fiorentina,Udinese,5,1,3.24808,0.794951
29320,La_Liga,2025,2025-12-21 17:30:00,Elche,Rayo Vallecano,4,0,3.66996,1.14923
29997,Serie_A,2025,2025-12-21 19:45:00,Genoa,Atalanta,0,1,0.967673,1.76564
29319,La_Liga,2025,2025-12-21 20:00:00,Real Betis,Getafe,4,0,3.46022,1.24726
28942,EPL,2025,2025-12-22 20:00:00,Fulham,Nottingham Forest,1,0,1.70568,0.486296
29318,La_Liga,2025,2025-12-22 20:00:00,Athletic Club,Espanyol,1,2,1.72282,0.908988
28954,EPL,2025,2025-12-26 20:00:00,Manchester United,Newcastle United,1,0,0.940811,1.12998
30008,Serie_A,2025,2025-12-27 11:30:00,Parma Calcio 1913,Fiorentina,1,0,1.26451,1.2463
28955,EPL,2025,2025-12-27 12:30:00,Nottingham Forest,Manchester City,1,2,0.600141,1.46468
30006,Serie_A,2025,2025-12-27 14:00:00,Lecce,Como,0,3,1.15442,2.33352
30011,Serie_A,2025,2025-12-27 14:00:00,Torino,Cagliari,1,2,2.4609,0.994774
28948,EPL,2025,2025-12-27 15:00:00,Arsenal,Brighton,2,1,2.54318,0.710064
28949,EPL,2025,2025-12-27 15:00:00,Brentford,Bournemouth,4,1,2.8513,2.56183
28950,EPL,2025,2025-12-27 15:00:00,Burnley,Everton,0,0,1.24948,1.25204
28953,EPL,2025,2025-12-27 15:00:00,Liverpool,Wolverhampton Wanderers,2,1,1.56502,0.780664
28957,EPL,2025,2025-12-27 15:00:00,West Ham,Fulham,0,1,1.13719,1.11436
30012,Serie_A,2025,2025-12-27 17:00:00,Udinese,Lazio,1,1,0.806561,0.848022
28951,EPL,2025,2025-12-27 17:30:00,Chelsea,Aston Villa,1,2,1.97155,2.05918
30009,Serie_A,2025,2025-12-27 19:45:00,Pisa,Juventus,0,2,0.64162,1.2875
30007,Serie_A,2025,2025-12-28 11:30:00,AC Milan,Verona,3,0,2.87827,0.32776
28956,EPL,2025,2025-12-28 14:00:00,Sunderland,Leeds,1,1,0.805957,2.60653
30005,Serie_A,2025,2025-12-28 14:00:00,Cremonese,Napoli,0,2,0.276244,2.85402
28952,EPL,2025,2025-12-28 16:30:00,Crystal Palace,Tottenham,0,1,0.929681,0.870768
30004,Serie_A,2025,2025-12-28 17:00:00,Bologna,Sassuolo,1,1,0.937045,1.52306
30013,Serie_A,2025,2025-12-28 19:45:00,Atalanta,Inter,0,1,1.16924,1.63271
30010,Serie_A,2025,2025-12-29 19:45:00,Roma,Genoa,3,1,1.86118,0.510864
28960,EPL,2025,2025-12-30 19:30:00,Burnley,Newcastle United,1,3,1.32551,2.49248
28961,EPL,2025,2025-12-30 19:30:00,Chelsea,Bournemouth,2,2,2.33294,3.49142
28965,EPL,2025,2025-12-30 19:30:00,Nottingham Forest,Everton,0,2,1.75445,1.69525
28967,EPL,2025,2025-12-30 19:30:00,West Ham,Brighton,2,2,2.27644,3.08914
28958,EPL,2025,2025-12-30 20:15:00,Arsenal,Aston Villa,4,1,4.41335,2.94195
28964,EPL,2025,2025-12-30 20:15:00,Manchester United,Wolverhampton Wanderers,1,1,1.13306,1.21784
28962,EPL,2025,2026-01-01 17:30:00,Crystal Palace,Fulham,1,1,2.35346,1.75434
28963,EPL,2025,2026-01-01 17:30:00,Liverpool,Leeds,0,0,1.67833,0.15936
28959,EPL,2025,2026-01-01 20:00:00,Brentford,Tottenham,0,0,0.556304,0.608309
28966,EPL,2025,2026-01-01 20:00:00,Sunderland,Manchester City,0,0,0.962141,2.44247
29690,Ligue_1,2025,2026-01-02 19:45:00,Toulouse,Lens,0,3,0.46972,2.67769
30015,Serie_A,2025,2026-01-02 19:45:00,Cagliari,AC Milan,0,1,0.308283,0.893304
29335,La_Liga,2025,2026-01-02 20:00:00,Rayo Vallecano,Getafe,1,1,0.662324,0.663898
30016,Serie_A,2025,2026-01-03 11:30:00,Como,Udinese,1,0,2.38351,0.245
28972,EPL,2025,2026-01-03 12:30:00,Aston Villa,Nottingham Forest,3,1,1.42988,0.8982
29329,La_Liga,2025,2026-01-03 13:00:00,Celta Vigo,Valencia,4,1,2.59029,1.79296
30018,Serie_A,2025,2026-01-03 14:00:00,Genoa,Pisa,1,1,0.569456,1.5538
30022,Serie_A,2025,2026-01-03 14:00:00,Sassuolo,Parma Calcio 1913,1,1,1.0095,1.18268
28973,EPL,2025,2026-01-03 15:00:00,Brighton,Burnley,2,0,1.4717,0.254551
28970,EPL,2025,2026-01-03 15:00:00,Wolverhampton Wanderers,West Ham,3,0,2.23925,0.235678
29331,La_Liga,2025,2026-01-03 15:15:00,Osasuna,Athletic Club,1,1,0.868051,1.554
29687,Ligue_1,2025,2026-01-03 16:00:00,Monaco,Lyon,1,3,0.799996,1.95535
30020,Serie_A,2025,2026-01-03 17:00:00,Juventus,Lecce,1,1,3.59395,0.176301
28971,EPL,2025,2026-01-03 17:30:00,Bournemouth,Arsenal,2,3,0.947846,1.28
29330,La_Liga,2025,2026-01-03 17:30:00,Elche,Villarreal,1,3,1.52119,2.635
29688,Ligue_1,2025,2026-01-03 18:00:00,Nice,Strasbourg,1,1,2.39473,1.38731
30014,Serie_A,2025,2026-01-03 19:45:00,Atalanta,Roma,1,0,2.73637,1.01018
29333,La_Liga,2025,2026-01-03 20:00:00,Espanyol,Barcelona,0,2,1.79661,2.94252
29684,Ligue_1,2025,2026-01-03 20:05:00,Lille,Rennes,0,2,1.06111,1.49739
30021,Serie_A,2025,2026-01-04 11:30:00,Lazio,Napoli,0,2,0.405788,2.42503
28976,EPL,2025,2026-01-04 12:30:00,Leeds,Manchester United,1,1,0.970138,1.94781
29337,La_Liga,2025,2026-01-04 13:00:00,Sevilla,Levante,0,3,1.66562,1.65102
29686,Ligue_1,2025,2026-01-04 14:00:00,Marseille,Nantes,0,2,1.14141,3.16795
30017,Serie_A,2025,2026-01-04 14:00:00,Fiorentina,Cremonese,1,0,2.20676,0.752862
28974,EPL,2025,2026-01-04 15:00:00,Everton,Brentford,2,4,1.00566,3.05179
28975,EPL,2025,2026-01-04 15:00:00,Fulham,Liverpool,2,2,0.609182,1.7188
28968,EPL,2025,2026-01-04 15:00:00,Newcastle United,Crystal Palace,2,0,2.72764,1.27825
28969,EPL,2025,2026-01-04 15:00:00,Tottenham,Sunderland,1,1,1.4175,0.467481
29334,La_Liga,2025,2026-01-04 15:15:00,Real Madrid,Real Betis,5,1,3.0073,0.974623
29682,Ligue_1,2025,2026-01-04 16:15:00,Brest,Auxerre,2,0,1.54399,0.835513
29683,Ligue_1,2025,2026-01-04 16:15:00,Le Havre,Angers,2,1,1.54881,0.730978
29685,Ligue_1,2025,2026-01-04 16:15:00,Lorient,Metz,1,1,1.55407,0.364932
30023,Serie_A,2025,2026-01-04 17:00:00,Verona,Torino,0,3,0.260564,1.70287
28977,EPL,2025,2026-01-04 17:30:00,Manchester City,Chelsea,1,1,1.03049,2.03726
29328,La_Liga,2025,2026-01-04 17:30:00,Alaves,Real Oviedo,1,1,1.56756,3.21906
29336,La_Liga,2025,2026-01-04 17:30:00,Mallorca,Girona,1,2,1.48338,1.45714
29689,Ligue_1,2025,2026-01-04 19:45:00,Paris Saint Germain,Paris FC,2,1,1.58716,0.938334
30019,Serie_A,2025,2026-01-04 19:45:00,Inter,Bologna,3,1,4.26719,0.782906
29332,La_Liga,2025,2026-01-04 20:00:00,Real Sociedad,Atletico Madrid,1,1,1.70649,1.37325
30031,Serie_A,2025,2026-01-06 14:00:00,Pisa,Como,0,3,1.71183,2.10363
30027,Serie_A,2025,2026-01-06 17:00:00,Lecce,Roma,0,2,0.604725,1.89163
30032,Serie_A,2025,2026-01-06 19:45:00,Sassuolo,Juventus,0,3,0.203716,2.90778
28987,EPL,2025,2026-01-06 20:00:00,West Ham,Nottingham Forest,1,2,1.73697,1.26683
30024,Serie_A,2025,2026-01-07 17:30:00,Bologna,Atalanta,0,2,1.11527,1.33342
30029,Serie_A,2025,2026-01-07 17:30:00,Napoli,Verona,2,2,1.57287,1.29178
28979,EPL,2025,2026-01-07 19:30:00,Bournemouth,Tottenham,3,2,1.19014,1.6261
28981,EPL,2025,2026-01-07 19:30:00,Brentford,Sunderland,3,0,3.86096,1.50644
28983,EPL,2025,2026-01-07 19:30:00,Crystal Palace,Aston Villa,0,0,1.32505,2.07015
28978,EPL,2025,2026-01-07 19:30:00,Everton,Wolverhampton Wanderers,1,1,1.63321,0.71329
28984,EPL,2025,2026-01-07 19:30:00,Fulham,Chelsea,2,1,1.06013,2.45107
28985,EPL,2025,2026-01-07 19:30:00,Manchester City,Brighton,1,1,2.95904,1.33162
30026,Serie_A,2025,2026-01-07 19:45:00,Lazio,Fiorentina,2,2,2.70815,1.51944
30030,Serie_A,2025,2026-01-07 19:45:00,Parma Calcio 1913,Inter,0,2,0.261054,3.08782
30033,Serie_A,2025,2026-01-07 19:45:00,Torino,Udinese,1,2,1.67388,2.31786
28982,EPL,2025,2026-01-07 20:15:00,Burnley,Manchester United,2,2,0.31971,2.52488
28986,EPL,2025,2026-01-07 20:15:00,Newcastle United,Leeds,4,3,2.43495,2.35318
30025,Serie_A,2025,2026-01-08 17:30:00,Cremonese,Cagliari,2,2,2.2527,1.78257
30028,Serie_A,2025,2026-01-08 19:45:00,AC Milan,Genoa,1,1,2.11615,1.43745
28980,EPL,2025,2026-01-08 20:00:00,Arsenal,Liverpool,0,0,0.701832,0.318642
30362,Bundesliga,2025,2026-01-09 19:30:00,Eintracht Frankfurt,Borussia Dortmund,3,3,1.66426,2.29827
29339,La_Liga,2025,2026-01-09 20:00:00,Getafe,Real Sociedad,1,2,0.240168,1.25801
29343,La_Liga,2025,2026-01-10 13:00:00,Real Oviedo,Real Betis,1,1,1.01026,2.70809
30035,Serie_A,2025,2026-01-10 14:00:00,Como,Bologna,1,1,1.13923,1.54894
30042,Serie_A,2025,2026-01-10 14:00:00,Udinese,Pisa,2,2,2.18018,1.42671
30364,Bundesliga,2025,2026-01-10 14:30:00,FC Heidenheim,FC Cologne,2,2,2.14635,2.75624
30363,Bundesliga,2025,2026-01-10 14:30:00,Freiburg,Hamburger SV,2,1,2.93517,0.850812
30366,Bundesliga,2025,2026-01-10 14:30:00,Union Berlin,Mainz 05,2,2,3.6505,1.56492
29341,La_Liga,2025,2026-01-10 15:15:00,Villarreal,Alaves,3,1,1.38322,0.844572
30041,Serie_A,2025,2026-01-10 17:00:00,Roma,Sassuolo,2,0,2.95843,0.858537
30359,Bundesliga,2025,2026-01-10 17:30:00,Bayer Leverkusen,VfB Stuttgart,1,4,1.98318,2.68822
29340,La_Liga,2025,2026-01-10 17:30:00,Girona,Osasuna,1,0,0.984024,1.22674
30034,Serie_A,2025,2026-01-10 19:45:00,Atalanta,Torino,2,0,2.55106,0.945872
29345,La_Liga,2025,2026-01-10 20:00:00,Valencia,Elche,1,1,2.04147,0.244413
30040,Serie_A,2025,2026-01-11 11:30:00,Lecce,Parma Calcio 1913,1,2,0.842154,1.46392
29347,La_Liga,2025,2026-01-11 13:00:00,Rayo Vallecano,Mallorca,2,1,2.05105,1.05743
30036,Serie_A,2025,2026-01-11 14:00:00,Fiorentina,AC Milan,1,1,2.38025,2.05263
30361,Bundesliga,2025,2026-01-11 14:30:00,Borussia M.Gladbach,Augsburg,4,0,3.57201,1.57502
29346,La_Liga,2025,2026-01-11 15:15:00,Levante,Espanyol,1,1,1.18232,1.58922
30360,Bundesliga,2025,2026-01-11 16:30:00,Bayern Munich,Wolfsburg,8,1,3.54931,1.08515
30043,Serie_A,2025,2026-01-11 17:00:00,Verona,Lazio,0,1,0.584887,0.64447
30038,Serie_A,2025,2026-01-11 19:45:00,Inter,Napoli,2,2,1.6567,1.38417
30037,Serie_A,2025,2026-01-12 17:30:00,Genoa,Cagliari,3,0,1.26155,1.00677
30039,Serie_A,2025,2026-01-12 19:45:00,Juventus,Cremonese,5,0,3.2309,1.1134
29344,La_Liga,2025,2026-01-12 20:00:00,Sevilla,Celta Vigo,0,1,0.262521,2.07629
30375,Bundesliga,2025,2026-01-13 17:30:00,VfB Stuttgart,Eintracht Frankfurt,3,2,3.54461,0.896468
30369,Bundesliga,2025,2026-01-13 19:30:00,Borussia Dortmund,Werder Bremen,3,0,2.31769,0.39948
30373,Bundesliga,2025,2026-01-13 19:30:00,Mainz 05,FC Heidenheim,2,1,1.95686,1.23557
30376,Bundesliga,2025,2026-01-14 17:30:00,Wolfsburg,St. Pauli,2,1,1.78032,1.21171
30001,Serie_A,2025,2026-01-14 17:30:00,Napoli,Parma Calcio 1913,0,0,1.29671,0.230185
30370,Bundesliga,2025,2026-01-14 19:30:00,FC Cologne,Bayern Munich,1,3,0.714659,2.11635
30372,Bundesliga,2025,2026-01-14 19:30:00,Hoffenheim,Borussia M.Gladbach,5,1,4.3777,0.83294
30374,Bundesliga,2025,2026-01-14 19:30:00,RasenBallsport Leipzig,Freiburg,2,0,2.80289,0.147682
29998,Serie_A,2025,2026-01-14 19:45:00,Inter,Lecce,1,0,1.91676,0.468829
30003,Serie_A,2025,2026-01-15 17:30:00,Verona,Bologna,2,3,1.6881,0.690747
30368,Bundesliga,2025,2026-01-15 19:30:00,Augsburg,Union Berlin,1,1,0.559529,1.73831
29995,Serie_A,2025,2026-01-15 19:45:00,Como,AC Milan,1,3,1.86946,1.3926
29694,Ligue_1,2025,2026-01-16 18:00:00,Monaco,Lorient,1,3,1.31321,1.17141
30384,Bundesliga,2025,2026-01-16 19:30:00,Werder Bremen,Eintracht Frankfurt,3,3,2.10111,1.20772
30049,Serie_A,2025,2026-01-16 19:45:00,Pisa,Atalanta,1,1,1.63695,1.77359
29355,La_Liga,2025,2026-01-16 20:00:00,Espanyol,Girona,0,2,1.26738,1.82377
29696,Ligue_1,2025,2026-01-16 20:00:00,Paris Saint Germain,Lille,3,0,1.29284,0.67995
28993,EPL,2025,2026-01-17 12:30:00,Manchester United,Manchester City,2,0,3.07278,0.387015
29351,La_Liga,2025,2026-01-17 13:00:00,Real Madrid,Levante,2,0,2.54865,0.787501
30051,Serie_A,2025,2026-01-17 14:00:00,Udinese,Inter,0,1,0.130821,2.17475
30378,Bundesliga,2025,2026-01-17 14:30:00,Borussia Dortmund,St. Pauli,3,2,2.5477,0.532613
30379,Bundesliga,2025,2026-01-17 14:30:00,FC Cologne,Mainz 05,2,1,2.41277,1.91073
30380,Bundesliga,2025,2026-01-17 14:30:00,Hamburger SV,Borussia M.Gladbach,0,0,1.26205,0.576522
30381,Bundesliga,2025,2026-01-17 14:30:00,Hoffenheim,Bayer Leverkusen,1,0,2.11995,1.27048
30385,Bundesliga,2025,2026-01-17 14:30:00,Wolfsburg,FC Heidenheim,1,1,1.07653,0.991172
28990,EPL,2025,2026-01-17 15:00:00,Chelsea,Brentford,2,0,1.62263,1.47521
28991,EPL,2025,2026-01-17 15:00:00,Leeds,Fulham,1,0,2.16898,0.258796
28992,EPL,2025,2026-01-17 15:00:00,Liverpool,Burnley,1,1,3.49045,0.546971
28995,EPL,2025,2026-01-17 15:00:00,Sunderland,Crystal Palace,2,1,1.84601,1.15169
28996,EPL,2025,2026-01-17 15:00:00,Tottenham,West Ham,1,2,1.65292,2.76761
29349,La_Liga,2025,2026-01-17 15:15:00,Mallorca,Athletic Club,3,2,3.11432,2.28242
29692,Ligue_1,2025,2026-01-17 16:00:00,Lens,Auxerre,1,0,2.61821,0.393025
30047,Serie_A,2025,2026-01-17 17:00:00,Napoli,Sassuolo,1,0,0.605235,1.12352
30382,Bundesliga,2025,2026-01-17 17:30:00,RasenBallsport Leipzig,Bayern Munich,1,5,2.86917,4.65226
28994,EPL,2025,2026-01-17 17:30:00,Nottingham Forest,Arsenal,0,0,0.318481,2.86323
29357,La_Liga,2025,2026-01-17 17:30:00,Osasuna,Real Oviedo,3,2,2.03551,1.36173
29699,Ligue_1,2025,2026-01-17 18:00:00,Toulouse,Nice,5,1,1.77349,1.41914
30053,Serie_A,2025,2026-01-17 19:45:00,Cagliari,Juventus,1,0,0.176118,0.872689
29352,La_Liga,2025,2026-01-17 20:00:00,Real Betis,Villarreal,2,0,1.34951,1.17907
29691,Ligue_1,2025,2026-01-17 20:05:00,Angers,Marseille,2,5,1.03735,3.91118
30048,Serie_A,2025,2026-01-18 11:30:00,Parma Calcio 1913,Genoa,0,0,0.463872,1.07465
29356,La_Liga,2025,2026-01-18 13:00:00,Getafe,Valencia,0,1,0.584591,0.746856
28997,EPL,2025,2026-01-18 14:00:00,Wolverhampton Wanderers,Newcastle United,0,0,0.390216,0.813313
29698,Ligue_1,2025,2026-01-18 14:00:00,Strasbourg,Metz,2,1,1.019,0.984265
30052,Serie_A,2025,2026-01-18 14:00:00,Bologna,Fiorentina,1,2,1.34398,1.64563
30383,Bundesliga,2025,2026-01-18 14:30:00,VfB Stuttgart,Union Berlin,1,1,2.1978,1.88763
29348,La_Liga,2025,2026-01-18 15:15:00,Atletico Madrid,Alaves,1,0,1.7743,1.21004
29695,Ligue_1,2025,2026-01-18 16:15:00,Nantes,Paris FC,1,2,0.411699,0.738941
29697,Ligue_1,2025,2026-01-18 16:15:00,Rennes,Le Havre,1,1,2.54723,0.538741
30377,Bundesliga,2025,2026-01-18 16:30:00,Augsburg,Freiburg,2,2,0.986653,1.59107
28988,EPL,2025,2026-01-18 16:30:00,Aston Villa,Everton,0,1,0.905393,0.745859
30050,Serie_A,2025,2026-01-18 17:00:00,Torino,Roma,0,2,0.394429,2.02736
29353,La_Liga,2025,2026-01-18 17:30:00,Celta Vigo,Rayo Vallecano,3,0,1.90274,1.31932
29693,Ligue_1,2025,2026-01-18 19:45:00,Lyon,Brest,2,1,2.62893,1.16318
30046,Serie_A,2025,2026-01-18 19:45:00,AC Milan,Lecce,1,0,3.17447,0.1816
29350,La_Liga,2025,2026-01-18 20:00:00,Real Sociedad,Barcelona,2,1,1.55875,3.92031
30044,Serie_A,2025,2026-01-19 17:30:00,Cremonese,Verona,0,0,0.452062,0.487484
30045,Serie_A,2025,2026-01-19 19:45:00,Lazio,Como,0,3,0.465283,2.28394
28989,EPL,2025,2026-01-19 20:00:00,Brighton,Bournemouth,1,1,0.995777,1.69737
29354,La_Liga,2025,2026-01-19 20:00:00,Elche,Sevilla,2,2,1.48075,2.4961
29700,Ligue_1,2025,2026-01-23 19:00:00,Auxerre,Paris Saint Germain,0,1,0.352997,2.19544
30393,Bundesliga,2025,2026-01-23 19:30:00,St. Pauli,Hamburger SV,0,0,0.311991,0.333197
30058,Serie_A,2025,2026-01-23 19:45:00,Inter,Pisa,6,2,6.24369,0.453549
29363,La_Liga,2025,2026-01-23 20:00:00,Levante,Elche,3,2,3.24455,0.632971
29007,EPL,2025,2026-01-24 12:30:00,West Ham,Sunderland,3,1,2.18675,0.713838
29366,La_Liga,2025,2026-01-24 13:00:00,Rayo Vallecano,Osasuna,1,3,0.669564,1.36861
30055,Serie_A,2025,2026-01-24 14:00:00,Como,Torino,6,0,3.15343,0.327418
30386,Bundesliga,2025,2026-01-24 14:30:00,Bayer Leverkusen,Werder Bremen,1,0,2.51599,0.673986
30387,Bundesliga,2025,2026-01-24 14:30:00,Bayern Munich,Augsburg,1,2,2.30773,1.24551
30389,Bundesliga,2025,2026-01-24 14:30:00,Eintracht Frankfurt,Hoffenheim,1,3,0.829658,1.62813
30391,Bundesliga,2025,2026-01-24 14:30:00,FC Heidenheim,RasenBallsport Leipzig,0,3,0.987658,2.07675
30392,Bundesliga,2025,2026-01-24 14:30:00,Mainz 05,Wolfsburg,3,1,4.34199,1.09338
29001,EPL,2025,2026-01-24 15:00:00,Burnley,Tottenham,2,2,1.54884,2.59093
29004,EPL,2025,2026-01-24 15:00:00,Fulham,Brighton,2,1,1.13243,1.94652
29005,EPL,2025,2026-01-24 15:00:00,Manchester City,Wolverhampton Wanderers,2,0,1.0654,0.542683
29364,La_Liga,2025,2026-01-24 15:15:00,Valencia,Espanyol,3,2,2.76956,1.75941
29708,Ligue_1,2025,2026-01-24 16:00:00,Rennes,Lorient,0,2,1.88241,1.10359
30056,Serie_A,2025,2026-01-24 17:00:00,Fiorentina,Cagliari,1,2,2.09156,1.27897
30394,Bundesliga,2025,2026-01-24 17:30:00,Union Berlin,Borussia Dortmund,0,3,0.989732,2.27286
28998,EPL,2025,2026-01-24 17:30:00,Bournemouth,Liverpool,3,2,3.31474,0.937335
29358,La_Liga,2025,2026-01-24 17:30:00,Sevilla,Athletic Club,2,1,1.43055,1.91259
29702,Ligue_1,2025,2026-01-24 18:00:00,Le Havre,Monaco,0,0,0.171551,0.562454
30060,Serie_A,2025,2026-01-24 19:45:00,Lecce,Lazio,0,0,0.601024,0.716991
29367,La_Liga,2025,2026-01-24 20:00:00,Villarreal,Real Madrid,0,2,0.952831,1.62206
29704,Ligue_1,2025,2026-01-24 20:05:00,Marseille,Lens,3,1,1.07239,1.00288
30062,Serie_A,2025,2026-01-25 11:30:00,Sassuolo,Cremonese,1,0,1.3787,0.845543
29360,La_Liga,2025,2026-01-25 13:00:00,Atletico Madrid,Mallorca,3,0,1.42501,0.367893
29000,EPL,2025,2026-01-25 14:00:00,Brentford,Nottingham Forest,0,2,2.00413,1.38958
29002,EPL,2025,2026-01-25 14:00:00,Crystal Palace,Chelsea,1,3,2.41793,3.08817
29006,EPL,2025,2026-01-25 14:00:00,Newcastle United,Aston Villa,0,2,1.95484,1.32143
29706,Ligue_1,2025,2026-01-25 14:00:00,Nantes,Nice,1,4,1.98581,1.6112
30054,Serie_A,2025,2026-01-25 14:00:00,Atalanta,Parma Calcio 1913,4,0,5.01888,1.86533
30057,Serie_A,2025,2026-01-25 14:00:00,Genoa,Bologna,3,2,0.706857,0.591952
30388,Bundesliga,2025,2026-01-25 14:30:00,Borussia M.Gladbach,VfB Stuttgart,0,3,1.22197,2.72682
29361,La_Liga,2025,2026-01-25 15:15:00,Barcelona,Real Oviedo,3,0,2.59917,0.486404
29701,Ligue_1,2025,2026-01-25 16:15:00,Brest,Toulouse,0,2,0.988274,0.684258
29705,Ligue_1,2025,2026-01-25 16:15:00,Metz,Lyon,2,5,1.18331,3.34121
29707,Ligue_1,2025,2026-01-25 16:15:00,Paris FC,Angers,0,0,0.759097,0.342734
30390,Bundesliga,2025,2026-01-25 16:30:00,Freiburg,FC Cologne,2,1,2.56728,1.69119
28999,EPL,2025,2026-01-25 16:30:00,Arsenal,Manchester United,2,3,1.42411,0.640902
30059,Serie_A,2025,2026-01-25 17:00:00,Juventus,Napoli,3,0,1.54679,0.421726
29362,La_Liga,2025,2026-01-25 17:30:00,Real Sociedad,Celta Vigo,3,1,2.15496,1.63115
29703,Ligue_1,2025,2026-01-25 19:45:00,Lille,Strasbourg,1,4,1.74087,3.56512
30061,Serie_A,2025,2026-01-25 19:45:00,Roma,AC Milan,1,1,2.13573,0.583212
29359,La_Liga,2025,2026-01-25 20:00:00,Alaves,Real Betis,2,1,1.67102,1.78662
30063,Serie_A,2025,2026-01-26 19:45:00,Verona,Udinese,1,3,0.573784,1.93652
29003,EPL,2025,2026-01-26 20:00:00,Everton,Leeds,1,1,0.889916,1.6766
29365,La_Liga,2025,2026-01-26 20:00:00,Girona,Getafe,1,1,1.01571,1.1089
30365,Bundesliga,2025,2026-01-27 19:30:00,St. Pauli,RasenBallsport Leipzig,1,1,1.33165,2.05989
30367,Bundesliga,2025,2026-01-27 19:30:00,Werder Bremen,Hoffenheim,0,2,1.42692,0.567567
30398,Bundesliga,2025,2026-01-30 19:30:00,FC Cologne,Wolfsburg,1,0,1.43559,1.34631
29710,Ligue_1,2025,2026-01-30 19:45:00,Lens,Le Havre,1,0,1.60367,0.407119
30068,Serie_A,2025,2026-01-30 19:45:00,Lazio,Genoa,3,2,2.06649,1.83307
29371,La_Liga,2025,2026-01-30 20:00:00,Espanyol,Alaves,1,2,1.20096,1.32248
29375,La_Liga,2025,2026-01-31 13:00:00,Real Oviedo,Girona,1,0,1.26601,0.664225
30071,Serie_A,2025,2026-01-31 14:00:00,Pisa,Sassuolo,1,3,0.773575,2.20331
30395,Bundesliga,2025,2026-01-31 14:30:00,Augsburg,St. Pauli,2,1,2.11699,2.88611
30397,Bundesliga,2025,2026-01-31 14:30:00,Eintracht Frankfurt,Bayer Leverkusen,1,3,1.31849,1.52952
30400,Bundesliga,2025,2026-01-31 14:30:00,Hoffenheim,Union Berlin,3,1,1.50682,1.23275
30401,Bundesliga,2025,2026-01-31 14:30:00,RasenBallsport Leipzig,Mainz 05,1,2,2.09422,2.57678
30403,Bundesliga,2025,2026-01-31 14:30:00,Werder Bremen,Borussia M.Gladbach,1,1,0.991152,1.25715
29010,EPL,2025,2026-01-31 15:00:00,Brighton,Everton,1,1,1.42825,1.28126
29015,EPL,2025,2026-01-31 15:00:00,Leeds,Arsenal,0,4,0.17871,3.54427
29017,EPL,2025,2026-01-31 15:00:00,Wolverhampton Wanderers,Bournemouth,0,2,2.10353,1.59116
29370,La_Liga,2025,2026-01-31 15:15:00,Osasuna,Villarreal,2,2,2.13467,0.911128
29715,Ligue_1,2025,2026-01-31 16:00:00,Paris FC,Marseille,2,2,1.82048,2.71118
30069,Serie_A,2025,2026-01-31 17:00:00,Napoli,Fiorentina,2,1,2.39619,1.81202
30399,Bundesliga,2025,2026-01-31 17:30:00,Hamburger SV,Bayern Munich,2,2,2.64497,2.28911
29009,EPL,2025,2026-01-31 17:30:00,Chelsea,West Ham,3,2,2.66133,1.72585
29372,La_Liga,2025,2026-01-31 17:30:00,Levante,Atletico Madrid,0,0,0.41109,0.615283
29711,Ligue_1,2025,2026-01-31 18:00:00,Lorient,Nantes,2,1,0.777027,1.20179
30065,Serie_A,2025,2026-01-31 19:45:00,Cagliari,Verona,4,0,1.98129,0.374813
29014,EPL,2025,2026-01-31 20:00:00,Liverpool,Newcastle United,4,1,3.09973,0.284319
29373,La_Liga,2025,2026-01-31 20:00:00,Elche,Barcelona,1,3,0.839,7.11049
29713,Ligue_1,2025,2026-01-31 20:05:00,Monaco,Rennes,4,0,2.28518,0.427968
30072,Serie_A,2025,2026-02-01 11:30:00,Torino,Lecce,1,0,2.48263,0.468464
29377,La_Liga,2025,2026-02-01 13:00:00,Real Madrid,Rayo Vallecano,2,1,2.30208,1.06935
29008,EPL,2025,2026-02-01 14:00:00,Aston Villa,Brentford,0,1,2.15316,0.314916
29012,EPL,2025,2026-02-01 14:00:00,Manchester United,Fulham,3,2,1.84362,1.71998
29013,EPL,2025,2026-02-01 14:00:00,Nottingham Forest,Crystal Palace,1,1,0.987254,1.648
29712,Ligue_1,2025,2026-02-01 14:00:00,Lyon,Lille,1,0,0.616999,0.390671
30066,Serie_A,2025,2026-02-01 14:00:00,Como,Atalanta,0,0,5.96884,0.785014
30402,Bundesliga,2025,2026-02-01 14:30:00,VfB Stuttgart,Freiburg,1,0,2.95203,0.936187
29368,La_Liga,2025,2026-02-01 15:15:00,Real Betis,Valencia,2,1,2.16883,1.88674
29709,Ligue_1,2025,2026-02-01 16:15:00,Angers,Metz,1,0,1.34676,0.397871
29714,Ligue_1,2025,2026-02-01 16:15:00,Nice,Brest,2,2,1.2009,1.83505
29717,Ligue_1,2025,2026-02-01 16:15:00,Toulouse,Auxerre,0,0,0.804565,0.871363
30396,Bundesliga,2025,2026-02-01 16:30:00,Borussia Dortmund,FC Heidenheim,3,2,4.13897,3.04324
29016,EPL,2025,2026-02-01 16:30:00,Tottenham,Manchester City,2,2,1.49738,2.03614
30067,Serie_A,2025,2026-02-01 17:00:00,Cremonese,Inter,0,2,0.510166,2.18311
29374,La_Liga,2025,2026-02-01 17:30:00,Getafe,Celta Vigo,0,0,0.499866,0.256881
29716,Ligue_1,2025,2026-02-01 19:45:00,Strasbourg,Paris Saint Germain,1,2,1.97116,1.16489
30070,Serie_A,2025,2026-02-01 19:45:00,Parma Calcio 1913,Juventus,1,4,0.598397,3.51941
29376,La_Liga,2025,2026-02-01 20:00:00,Athletic Club,Real Sociedad,1,1,0.893754,1.58578
30073,Serie_A,2025,2026-02-02 19:45:00,Udinese,Roma,1,0,0.642594,0.668752
29011,EPL,2025,2026-02-02 20:00:00,Sunderland,Burnley,3,0,1.8865,0.126371
29369,La_Liga,2025,2026-02-02 20:00:00,Mallorca,Sevilla,4,1,3.04346,1.24318
30064,Serie_A,2025,2026-02-03 19:45:00,Bologna,AC Milan,0,3,0.440526,3.35769
30411,Bundesliga,2025,2026-02-06 19:30:00,Union Berlin,Eintracht Frankfurt,1,1,1.27118,0.296813
30074,Serie_A,2025,2026-02-06 19:45:00,Verona,Pisa,0,0,0.0783843,1.26143
29023,EPL,2025,2026-02-06 20:00:00,Leeds,Nottingham Forest,3,1,3.38179,1.6608
29382,La_Liga,2025,2026-02-06 20:00:00,Celta Vigo,Osasuna,1,2,2.0351,1.00253
29025,EPL,2025,2026-02-07 12:30:00,Manchester United,Tottenham,2,0,2.16576,0.593404
30408,Bundesliga,2025,2026-02-07 14:30:00,FC Heidenheim,Hamburger SV,0,2,1.04614,1.55106
30407,Bundesliga,2025,2026-02-07 14:30:00,Freiburg,Werder Bremen,1,0,0.36452,1.12332
30409,Bundesliga,2025,2026-02-07 14:30:00,Mainz 05,Augsburg,2,0,3.00656,1.35939
30410,Bundesliga,2025,2026-02-07 14:30:00,St. Pauli,VfB Stuttgart,2,1,1.66217,0.912627
30412,Bundesliga,2025,2026-02-07 14:30:00,Wolfsburg,Borussia Dortmund,1,2,2.02751,1.70601
29019,EPL,2025,2026-02-07 15:00:00,Arsenal,Sunderland,3,0,1.19401,0.427225
29018,EPL,2025,2026-02-07 15:00:00,Bournemouth,Aston Villa,1,1,1.82646,0.646496
29021,EPL,2025,2026-02-07 15:00:00,Burnley,West Ham,0,2,1.84644,1.1223
29022,EPL,2025,2026-02-07 15:00:00,Fulham,Everton,1,2,2.20126,1.88778
29027,EPL,2025,2026-02-07 15:00:00,Wolverhampton Wanderers,Chelsea,1,3,1.11372,3.76278
29381,La_Liga,2025,2026-02-07 15:15:00,Barcelona,Mallorca,3,0,2.48168,1.01087
30080,Serie_A,2025,2026-02-07 17:00:00,Genoa,Napoli,2,3,1.32462,1.89784
30405,Bundesliga,2025,2026-02-07 17:30:00,Borussia M.Gladbach,Bayer Leverkusen,1,1,0.783478,0.741257
29026,EPL,2025,2026-02-07 17:30:00,Newcastle United,Brentford,2,3,3.3215,1.65022
30079,Serie_A,2025,2026-02-07 19:45:00,Fiorentina,Torino,2,2,1.27203,1.0134
29383,La_Liga,2025,2026-02-07 20:00:00,Real Sociedad,Elche,3,1,1.7719,1.08664
30078,Serie_A,2025,2026-02-08 11:30:00,Bologna,Parma Calcio 1913,0,1,1.64658,0.193041
29378,La_Liga,2025,2026-02-08 13:00:00,Alaves,Getafe,0,2,3.01162,1.7859
29020,EPL,2025,2026-02-08 14:00:00,Brighton,Crystal Palace,0,1,0.737798,0.928404
29720,Ligue_1,2025,2026-02-08 14:00:00,Brest,Lorient,2,0,2.05135,0.720569
29722,Ligue_1,2025,2026-02-08 14:00:00,Lens,Rennes,3,1,1.01131,1.33597
29723,Ligue_1,2025,2026-02-08 14:00:00,Metz,Lille,0,0,0.581838,1.53538
29724,Ligue_1,2025,2026-02-08 14:00:00,Nantes,Lyon,0,1,0.795659,0.990033
29725,Ligue_1,2025,2026-02-08 14:00:00,Nice,Monaco,0,0,0.455943,0.827302
30082,Serie_A,2025,2026-02-08 14:00:00,Lecce,Udinese,2,1,2.18624,0.895031
30406,Bundesliga,2025,2026-02-08 14:30:00,FC Cologne,RasenBallsport Leipzig,1,2,1.12167,3.0577
29379,La_Liga,2025,2026-02-08 15:15:00,Athletic Club,Levante,4,2,2.77377,0.615311
29386,La_Liga,2025,2026-02-08 15:15:00,Sevilla,Girona,1,1,0.958247,2.60199
29718,Ligue_1,2025,2026-02-08 16:15:00,Angers,Toulouse,1,0,1.17089,0.691991
29719,Ligue_1,2025,2026-02-08 16:15:00,Auxerre,Paris FC,0,0,1.27393,0.758207
29721,Ligue_1,2025,2026-02-08 16:15:00,Le Havre,Strasbourg,2,1,0.856821,0.51294
30404,Bundesliga,2025,2026-02-08 16:30:00,Bayern Munich,Hoffenheim,5,1,6.37827,2.66829
29024,EPL,2025,2026-02-08 16:30:00,Liverpool,Manchester City,1,2,1.26652,2.41476
30075,Serie_A,2025,2026-02-08 17:00:00,Sassuolo,Inter,0,5,0.721597,2.75112
29380,La_Liga,2025,2026-02-08 17:30:00,Atletico Madrid,Real Betis,0,1,0.625525,0.839838
29726,Ligue_1,2025,2026-02-08 19:45:00,Paris Saint Germain,Marseille,5,0,4.63077,0.90611
30081,Serie_A,2025,2026-02-08 19:45:00,Juventus,Lazio,2,2,2.85607,0.808824
29387,La_Liga,2025,2026-02-08 20:00:00,Valencia,Real Madrid,0,2,0.571838,1.04576
30077,Serie_A,2025,2026-02-09 17:30:00,Atalanta,Cremonese,2,1,3.12119,0.914806
30076,Serie_A,2025,2026-02-09 19:45:00,Roma,Cagliari,2,0,2.20426,0.613133
29384,La_Liga,2025,2026-02-09 20:00:00,Villarreal,Espanyol,4,1,1.53925,0.744747
29030,EPL,2025,2026-02-10 19:30:00,Chelsea,Leeds,2,2,3.21176,1.28948
29032,EPL,2025,2026-02-10 19:30:00,Everton,Bournemouth,1,2,2.33114,1.4121
29036,EPL,2025,2026-02-10 19:30:00,Tottenham,Newcastle United,1,2,1.68925,2.46991
29037,EPL,2025,2026-02-10 20:15:00,West Ham,Manchester United,1,1,1.30746,0.735767
29028,EPL,2025,2026-02-11 19:30:00,Aston Villa,Brighton,1,0,0.576138,0.481306
29031,EPL,2025,2026-02-11 19:30:00,Crystal Palace,Burnley,2,3,2.1276,0.691273
29033,EPL,2025,2026-02-11 19:30:00,Manchester City,Fulham,3,0,1.67722,1.05283
29034,EPL,2025,2026-02-11 19:30:00,Nottingham Forest,Wolverhampton Wanderers,0,0,3.69094,0.406959
29035,EPL,2025,2026-02-11 20:15:00,Sunderland,Liverpool,0,1,0.693794,3.08172
29029,EPL,2025,2026-02-12 20:00:00,Brentford,Arsenal,1,1,1.81154,0.78418
29735,Ligue_1,2025,2026-02-13 18:00:00,Rennes,Paris Saint Germain,3,1,1.80204,4.17604
30415,Bundesliga,2025,2026-02-13 19:30:00,Borussia Dortmund,Mainz 05,4,0,1.81026,1.67199
30091,Serie_A,2025,2026-02-13 19:45:00,Pisa,AC Milan,1,2,0.937275,2.15769
29388,La_Liga,2025,2026-02-13 20:00:00,Elche,Osasuna,0,0,2.33332,0.81264
29733,Ligue_1,2025,2026-02-13 20:05:00,Monaco,Nantes,3,1,2.20188,1.00661
29397,La_Liga,2025,2026-02-14 13:00:00,Espanyol,Celta Vigo,2,2,1.16112,2.81494
30085,Serie_A,2025,2026-02-14 14:00:00,Como,Fiorentina,1,2,0.902645,1.302
30414,Bundesliga,2025,2026-02-14 14:30:00,Bayer Leverkusen,St. Pauli,4,0,2.26044,0.654783
30416,Bundesliga,2025,2026-02-14 14:30:00,Eintracht Frankfurt,Borussia M.Gladbach,3,0,1.98736,1.03155
30417,Bundesliga,2025,2026-02-14 14:30:00,Hamburger SV,Union Berlin,3,2,2.20339,2.18966
30418,Bundesliga,2025,2026-02-14 14:30:00,Hoffenheim,Freiburg,3,0,1.90052,0.744054
30421,Bundesliga,2025,2026-02-14 14:30:00,Werder Bremen,Bayern Munich,0,3,0.77965,1.87713
29389,La_Liga,2025,2026-02-14 15:15:00,Getafe,Villarreal,2,1,1.61761,0.969388
29731,Ligue_1,2025,2026-02-14 16:00:00,Marseille,Strasbourg,2,2,1.61535,2.39153
30088,Serie_A,2025,2026-02-14 17:00:00,Lazio,Atalanta,0,2,1.54366,1.82116
30420,Bundesliga,2025,2026-02-14 17:30:00,VfB Stuttgart,FC Cologne,3,1,2.56266,1.13246
29392,La_Liga,2025,2026-02-14 17:30:00,Sevilla,Alaves,1,1,0.354256,1.38983
29728,Ligue_1,2025,2026-02-14 18:00:00,Lille,Brest,1,1,1.77426,0.841964
30087,Serie_A,2025,2026-02-14 19:45:00,Inter,Juventus,3,2,2.4811,1.29499
29391,La_Liga,2025,2026-02-14 20:00:00,Real Madrid,Real Sociedad,4,1,3.05918,1.66018
29734,Ligue_1,2025,2026-02-14 20:05:00,Paris FC,Lens,0,5,0.399344,3.50163
30093,Serie_A,2025,2026-02-15 11:30:00,Udinese,Sassuolo,1,2,0.491201,1.24711
29393,La_Liga,2025,2026-02-15 13:00:00,Real Oviedo,Athletic Club,1,2,0.861013,1.20566
29727,Ligue_1,2025,2026-02-15 14:00:00,Le Havre,Toulouse,2,1,0.977711,3.12342
30086,Serie_A,2025,2026-02-15 14:00:00,Cremonese,Genoa,0,0,1.34717,1.33514
30090,Serie_A,2025,2026-02-15 14:00:00,Parma Calcio 1913,Verona,2,1,2.16714,0.856137
30413,Bundesliga,2025,2026-02-15 14:30:00,Augsburg,FC Heidenheim,1,0,1.87679,0.697774
29394,La_Liga,2025,2026-02-15 15:15:00,Rayo Vallecano,Atletico Madrid,3,0,2.75329,0.752854
29729,Ligue_1,2025,2026-02-15 16:15:00,Lorient,Angers,2,0,1.4393,0.406012
29732,Ligue_1,2025,2026-02-15 16:15:00,Metz,Auxerre,1,3,0.753602,1.05829
30419,Bundesliga,2025,2026-02-15 16:30:00,RasenBallsport Leipzig,Wolfsburg,2,2,2.51087,0.687761
30092,Serie_A,2025,2026-02-15 17:00:00,Torino,Bologna,1,2,0.394436,1.71228
29390,La_Liga,2025,2026-02-15 17:30:00,Levante,Valencia,0,2,1.45737,0.743814
29730,Ligue_1,2025,2026-02-15 19:45:00,Lyon,Nice,2,0,1.9974,1.30477
30089,Serie_A,2025,2026-02-15 19:45:00,Napoli,Roma,2,2,0.5247,1.95442
29396,La_Liga,2025,2026-02-15 20:00:00,Mallorca,Real Betis,1,2,0.731317,2.04841
30084,Serie_A,2025,2026-02-16 19:45:00,Cagliari,Lecce,0,2,1.46951,1.76359
29395,La_Liga,2025,2026-02-16 20:00:00,Girona,Barcelona,2,1,2.8897,2.69655
29311,La_Liga,2025,2026-02-18 19:00:00,Levante,Villarreal,0,1,0.774339,2.40024
30083,Serie_A,2025,2026-02-18 19:45:00,AC Milan,Como,1,1,1.17019,1.64526
29087,EPL,2025,2026-02-18 20:00:00,Wolverhampton Wanderers,Arsenal,2,2,0.173119,2.01018
30426,Bundesliga,2025,2026-02-20 19:30:00,Mainz 05,Hamburger SV,1,1,1.75215,0.823398
29738,Ligue_1,2025,2026-02-20 19:45:00,Brest,Marseille,2,0,1.33408,1.3575
30103,Serie_A,2025,2026-02-20 19:45:00,Sassuolo,Verona,3,0,1.58706,0.615652
29399,La_Liga,2025,2026-02-20 20:00:00,Athletic Club,Elche,2,1,3.38352,0.783583
29407,La_Liga,2025,2026-02-21 13:00:00,Real Sociedad,Real Oviedo,3,3,2.77486,1.75088
30099,Serie_A,2025,2026-02-21 14:00:00,Juventus,Como,0,2,1.01425,1.43181
30422,Bundesliga,2025,2026-02-21 14:30:00,Bayern Munich,Eintracht Frankfurt,3,2,2.83518,2.29258
30423,Bundesliga,2025,2026-02-21 14:30:00,FC Cologne,Hoffenheim,2,2,1.12252,1.8243
30429,Bundesliga,2025,2026-02-21 14:30:00,Union Berlin,Bayer Leverkusen,1,0,0.757702,1.20274
30430,Bundesliga,2025,2026-02-21 14:30:00,Wolfsburg,Augsburg,2,3,2.17584,1.56427
29038,EPL,2025,2026-02-21 15:00:00,Aston Villa,Leeds,1,1,1.25439,1.27855
29039,EPL,2025,2026-02-21 15:00:00,Brentford,Brighton,0,2,1.69023,1.37203
29040,EPL,2025,2026-02-21 15:00:00,Chelsea,Burnley,1,1,2.51534,1.01255
29402,La_Liga,2025,2026-02-21 15:15:00,Real Betis,Rayo Vallecano,1,1,2.13548,1.30345
29739,Ligue_1,2025,2026-02-21 16:00:00,Lens,Monaco,2,3,1.82827,2.34004
30100,Serie_A,2025,2026-02-21 17:00:00,Lecce,Inter,0,2,0.127863,2.6436
30427,Bundesliga,2025,2026-02-21 17:30:00,RasenBallsport Leipzig,Borussia Dortmund,2,2,3.50934,1.35347
29047,EPL,2025,2026-02-21 17:30:00,West Ham,Bournemouth,0,0,2.34412,0.522731
29405,La_Liga,2025,2026-02-21 17:30:00,Osasuna,Real Madrid,2,1,2.31248,2.02307
29744,Ligue_1,2025,2026-02-21 18:00:00,Toulouse,Paris FC,1,1,2.67763,0.687806
30096,Serie_A,2025,2026-02-21 19:45:00,Cagliari,Lazio,0,0,0.771111,0.520733
29043,EPL,2025,2026-02-21 20:00:00,Manchester City,Newcastle United,2,1,2.22648,0.507954
29400,La_Liga,2025,2026-02-21 20:00:00,Atletico Madrid,Espanyol,4,2,3.28587,1.04114
29742,Ligue_1,2025,2026-02-21 20:05:00,Paris Saint Germain,Metz,3,0,2.41445,0.0591146
30098,Serie_A,2025,2026-02-22 11:30:00,Genoa,Torino,3,0,2.06306,0.530703
29404,La_Liga,2025,2026-02-22 13:00:00,Getafe,Sevilla,0,1,0.250539,0.283172
29041,EPL,2025,2026-02-22 14:00:00,Crystal Palace,Wolverhampton Wanderers,1,0,2.03559,1.67749
29044,EPL,2025,2026-02-22 14:00:00,Nottingham Forest,Liverpool,0,1,0.934768,2.39634
29045,EPL,2025,2026-02-22 14:00:00,Sunderland,Fulham,1,3,1.7609,2.16696
29737,Ligue_1,2025,2026-02-22 14:00:00,Auxerre,Rennes,0,3,0.700042,1.10597
30094,Serie_A,2025,2026-02-22 14:00:00,Atalanta,Napoli,2,1,0.962214,1.05903
30424,Bundesliga,2025,2026-02-22 14:30:00,Freiburg,Borussia M.Gladbach,2,1,1.29234,1.02855
29401,La_Liga,2025,2026-02-22 15:15:00,Barcelona,Levante,3,0,4.24402,0.602552
29736,Ligue_1,2025,2026-02-22 16:15:00,Angers,Lille,0,1,0.24039,2.74265
29740,Ligue_1,2025,2026-02-22 16:15:00,Nantes,Le Havre,2,0,1.70753,0.753349
29741,Ligue_1,2025,2026-02-22 16:15:00,Nice,Lorient,3,3,2.74646,1.97697
30428,Bundesliga,2025,2026-02-22 16:30:00,St. Pauli,Werder Bremen,2,1,0.260698,1.61141
29046,EPL,2025,2026-02-22 16:30:00,Tottenham,Arsenal,1,4,0.383264,3.31701
30101,Serie_A,2025,2026-02-22 17:00:00,AC Milan,Parma Calcio 1913,0,1,1.63438,0.760094
29403,La_Liga,2025,2026-02-22 17:30:00,Celta Vigo,Mallorca,2,0,2.93904,0.0207331
30425,Bundesliga,2025,2026-02-22 18:30:00,FC Heidenheim,VfB Stuttgart,3,3,2.21575,2.27505
29743,Ligue_1,2025,2026-02-22 19:45:00,Strasbourg,Lyon,3,1,2.22901,0.427324
30102,Serie_A,2025,2026-02-22 19:45:00,Roma,Cremonese,3,0,2.58194,0.280739
29406,La_Liga,2025,2026-02-22 20:00:00,Villarreal,Valencia,2,1,2.38144,1.91256
30097,Serie_A,2025,2026-02-23 17:30:00,Fiorentina,Pisa,1,0,1.77825,0.43212
30095,Serie_A,2025,2026-02-23 19:45:00,Bologna,Udinese,1,0,1.44714,0.530625
29042,EPL,2025,2026-02-23 20:00:00,Everton,Manchester United,0,1,0.560924,1.4547
29398,La_Liga,2025,2026-02-23 20:00:00,Alaves,Girona,2,2,2.1366,2.05717
30431,Bundesliga,2025,2026-02-27 19:30:00,Augsburg,FC Cologne,2,0,1.55844,0.492698
29753,Ligue_1,2025,2026-02-27 19:45:00,Strasbourg,Lens,1,1,0.874721,2.03807
30106,Serie_A,2025,2026-02-27 19:45:00,Parma Calcio 1913,Cagliari,1,1,1.31257,0.615799
29057,EPL,2025,2026-02-27 20:00:00,Wolverhampton Wanderers,Aston Villa,2,0,1.50771,1.31328
29412,La_Liga,2025,2026-02-27 20:00:00,Levante,Alaves,2,0,2.77253,1.29855
29048,EPL,2025,2026-02-28 12:30:00,Bournemouth,Sunderland,1,1,1.82434,1.07887
29413,La_Liga,2025,2026-02-28 13:00:00,Rayo Vallecano,Athletic Club,1,1,1.35951,0.428457
30113,Serie_A,2025,2026-02-28 14:00:00,Como,Lecce,3,1,2.98622,0.424994
30432,Bundesliga,2025,2026-02-28 14:30:00,Bayer Leverkusen,Mainz 05,1,1,1.94817,0.9714
30433,Bundesliga,2025,2026-02-28 14:30:00,Borussia M.Gladbach,Union Berlin,1,0,2.56014,0.137598
30437,Bundesliga,2025,2026-02-28 14:30:00,Hoffenheim,St. Pauli,0,1,2.57411,0.946504
30439,Bundesliga,2025,2026-02-28 14:30:00,Werder Bremen,FC Heidenheim,2,0,3.47889,1.70919
29051,EPL,2025,2026-02-28 15:00:00,Burnley,Brentford,3,4,0.823824,2.44595
29054,EPL,2025,2026-02-28 15:00:00,Liverpool,West Ham,5,2,2.09939,1.3517
29056,EPL,2025,2026-02-28 15:00:00,Newcastle United,Everton,2,3,1.11889,2.40731
29408,La_Liga,2025,2026-02-28 15:15:00,Barcelona,Villarreal,4,1,3.54743,1.36182
29752,Ligue_1,2025,2026-02-28 16:00:00,Rennes,Toulouse,1,0,0.709138,0.668386
30109,Serie_A,2025,2026-02-28 17:00:00,Verona,Napoli,1,2,0.277835,1.21355
30434,Bundesliga,2025,2026-02-28 17:30:00,Borussia Dortmund,Bayern Munich,2,3,1.39761,1.89016
29053,EPL,2025,2026-02-28 17:30:00,Leeds,Manchester City,0,1,1.37824,2.46834
29411,La_Liga,2025,2026-02-28 17:30:00,Mallorca,Real Sociedad,0,1,0.754182,0.929702
29750,Ligue_1,2025,2026-02-28 18:00:00,Monaco,Angers,2,0,1.67082,0.609359
30105,Serie_A,2025,2026-02-28 19:45:00,Inter,Genoa,2,0,2.19229,0.170827
29414,La_Liga,2025,2026-02-28 20:00:00,Real Oviedo,Atletico Madrid,0,1,1.50089,0.853142
29745,Ligue_1,2025,2026-02-28 20:05:00,Le Havre,Paris Saint Germain,0,1,0.682797,4.03627
30104,Serie_A,2025,2026-03-01 11:30:00,Cremonese,AC Milan,0,2,1.08387,3.87512
29410,La_Liga,2025,2026-03-01 13:00:00,Elche,Espanyol,2,2,1.82376,0.834858
29050,EPL,2025,2026-03-01 14:00:00,Brighton,Nottingham Forest,2,1,1.20107,0.83055
29052,EPL,2025,2026-03-01 14:00:00,Fulham,Tottenham,2,1,2.3207,0.952091
29055,EPL,2025,2026-03-01 14:00:00,Manchester United,Crystal Palace,2,1,2.34609,0.384699
29751,Ligue_1,2025,2026-03-01 14:00:00,Paris FC,Nice,1,0,1.3017,1.26295
30112,Serie_A,2025,2026-03-01 14:00:00,Sassuolo,Atalanta,2,1,1.81132,3.74717
30438,Bundesliga,2025,2026-03-01 14:30:00,VfB Stuttgart,Wolfsburg,4,0,2.95189,0.865739
29417,La_Liga,2025,2026-03-01 15:15:00,Valencia,Osasuna,1,0,1.31076,0.259132
29746,Ligue_1,2025,2026-03-01 16:15:00,Lille,Nantes,1,0,0.495693,0.171014
29747,Ligue_1,2025,2026-03-01 16:15:00,Lorient,Auxerre,2,2,1.02766,1.96667
29749,Ligue_1,2025,2026-03-01 16:15:00,Metz,Brest,0,1,1.58374,0.963216
30435,Bundesliga,2025,2026-03-01 16:30:00,Eintracht Frankfurt,Freiburg,2,0,1.67095,0.64193
29049,EPL,2025,2026-03-01 16:30:00,Arsenal,Chelsea,2,1,1.71598,1.35268
30111,Serie_A,2025,2026-03-01 17:00:00,Torino,Lazio,2,0,1.06085,1.05867
29409,La_Liga,2025,2026-03-01 17:30:00,Real Betis,Sevilla,2,2,1.48441,0.656164
30436,Bundesliga,2025,2026-03-01 18:30:00,Hamburger SV,RasenBallsport Leipzig,1,2,0.820585,2.28997
29748,Ligue_1,2025,2026-03-01 19:45:00,Marseille,Lyon,3,2,1.78764,1.78524
30108,Serie_A,2025,2026-03-01 19:45:00,Roma,Juventus,3,3,2.33059,1.8583
29415,La_Liga,2025,2026-03-01 20:00:00,Girona,Celta Vigo,1,2,1.57036,0.697106
30107,Serie_A,2025,2026-03-02 17:30:00,Pisa,Bologna,0,1,0.743118,0.871649
30110,Serie_A,2025,2026-03-02 19:45:00,Udinese,Fiorentina,3,0,2.0239,0.585387
29416,La_Liga,2025,2026-03-02 20:00:00,Real Madrid,Getafe,0,1,2.02274,0.476324
29058,EPL,2025,2026-03-03 19:30:00,Bournemouth,Brentford,0,0,2.3177,0.673328
29061,EPL,2025,2026-03-03 19:30:00,Everton,Burnley,2,0,1.15845,0.762229
29063,EPL,2025,2026-03-03 19:30:00,Leeds,Sunderland,0,1,0.888232,0.843856
29067,EPL,2025,2026-03-03 20:15:00,Wolverhampton Wanderers,Liverpool,2,1,0.636033,2.17217
29385,La_Liga,2025,2026-03-04 18:00:00,Rayo Vallecano,Real Oviedo,3,0,2.55086,1.01052
30371,Bundesliga,2025,2026-03-04 19:30:00,Hamburger SV,Bayer Leverkusen,0,1,1.28692,2.67874
29059,EPL,2025,2026-03-04 19:30:00,Aston Villa,Chelsea,1,4,1.06854,3.38883
29060,EPL,2025,2026-03-04 19:30:00,Brighton,Arsenal,0,1,0.919228,0.514803
29062,EPL,2025,2026-03-04 19:30:00,Fulham,West Ham,0,1,0.628123,1.49528
29064,EPL,2025,2026-03-04 19:30:00,Manchester City,Nottingham Forest,2,2,2.72655,1.23642
29065,EPL,2025,2026-03-04 20:15:00,Newcastle United,Manchester United,2,1,1.96637,1.80571
29066,EPL,2025,2026-03-05 20:00:00,Tottenham,Crystal Palace,1,3,1.29615,1.91515
30440,Bundesliga,2025,2026-03-06 19:30:00,Bayern Munich,Borussia M.Gladbach,4,1,3.11976,1.21993
29761,Ligue_1,2025,2026-03-06 19:45:00,Paris Saint Germain,Monaco,1,3,1.22179,1.75294
30114,Serie_A,2025,2026-03-06 19:45:00,Napoli,Torino,2,1,2.32007,0.693368
29420,La_Liga,2025,2026-03-06 20:00:00,Celta Vigo,Real Madrid,1,2,0.910298,0.637644
29426,La_Liga,2025,2026-03-07 13:00:00,Osasuna,Mallorca,2,2,3.09031,1.03165
30116,Serie_A,2025,2026-03-07 14:00:00,Cagliari,Como,1,2,0.518042,0.763847
30443,Bundesliga,2025,2026-03-07 14:30:00,FC Heidenheim,Hoffenheim,2,4,0.966678,2.79383
30442,Bundesliga,2025,2026-03-07 14:30:00,Freiburg,Bayer Leverkusen,3,3,2.58409,2.1863
30444,Bundesliga,2025,2026-03-07 14:30:00,Mainz 05,VfB Stuttgart,2,2,3.52523,0.920068
30445,Bundesliga,2025,2026-03-07 14:30:00,RasenBallsport Leipzig,Augsburg,2,1,2.19435,3.6651
30448,Bundesliga,2025,2026-03-07 14:30:00,Wolfsburg,Hamburger SV,1,2,2.46612,1.80445
29425,La_Liga,2025,2026-03-07 15:15:00,Levante,Girona,1,1,0.819009,1.917
29759,Ligue_1,2025,2026-03-07 16:00:00,Nantes,Angers,0,1,0.611683,0.853223
30115,Serie_A,2025,2026-03-07 17:00:00,Atalanta,Udinese,2,2,1.99854,0.860054
30441,Bundesliga,2025,2026-03-07 17:30:00,FC Cologne,Borussia Dortmund,1,2,0.96405,1.9574
29419,La_Liga,2025,2026-03-07 17:30:00,Atletico Madrid,Real Sociedad,3,2,3.57972,0.313932
29754,Ligue_1,2025,2026-03-07 18:00:00,Auxerre,Strasbourg,0,0,1.03226,1.27324
30119,Serie_A,2025,2026-03-07 19:45:00,Juventus,Pisa,4,0,3.16811,0.319971
29418,La_Liga,2025,2026-03-07 20:00:00,Athletic Club,Barcelona,0,1,1.04698,0.560009
29762,Ligue_1,2025,2026-03-07 20:05:00,Toulouse,Marseille,0,1,1.28713,1.3226
30121,Serie_A,2025,2026-03-08 11:30:00,Lecce,Cremonese,2,1,1.76705,0.791422
29424,La_Liga,2025,2026-03-08 13:00:00,Villarreal,Elche,2,1,2.30632,1.62051
29756,Ligue_1,2025,2026-03-08 14:00:00,Lens,Metz,3,0,2.22106,0.250806
30123,Serie_A,2025,2026-03-08 14:00:00,Bologna,Verona,1,2,0.903746,2.02855
30117,Serie_A,2025,2026-03-08 14:00:00,Fiorentina,Parma Calcio 1913,0,0,0.758473,0.253114
30446,Bundesliga,2025,2026-03-08 14:30:00,St. Pauli,Eintracht Frankfurt,0,0,0.472285,0.451537
29423,La_Liga,2025,2026-03-08 15:15:00,Getafe,Real Betis,2,0,0.821088,1.24912
29755,Ligue_1,2025,2026-03-08 16:15:00,Brest,Le Havre,2,0,1.26459,1.10286
29757,Ligue_1,2025,2026-03-08 16:15:00,Lille,Lorient,1,1,0.850092,0.929269
29760,Ligue_1,2025,2026-03-08 16:15:00,Nice,Rennes,0,4,2.68488,1.87138
30447,Bundesliga,2025,2026-03-08 16:30:00,Union Berlin,Werder Bremen,1,4,1.12998,2.23984
30118,Serie_A,2025,2026-03-08 17:00:00,Genoa,Roma,2,1,2.55911,0.282645
29427,La_Liga,2025,2026-03-08 17:30:00,Sevilla,Rayo Vallecano,1,1,1.14573,0.211673
29758,Ligue_1,2025,2026-03-08 19:45:00,Lyon,Paris FC,1,1,1.92522,2.32579
30122,Serie_A,2025,2026-03-08 19:45:00,AC Milan,Inter,1,0,0.852014,1.44398
29422,La_Liga,2025,2026-03-08 20:00:00,Valencia,Alaves,3,2,2.51657,1.60795
30120,Serie_A,2025,2026-03-09 19:45:00,Lazio,Sassuolo,2,1,2.4868,0.453204
29421,La_Liga,2025,2026-03-09 20:00:00,Espanyol,Real Oviedo,1,1,1.55092,0.886689
30450,Bundesliga,2025,2026-03-13 19:30:00,Borussia M.Gladbach,St. Pauli,2,0,1.08342,0.628713
29766,Ligue_1,2025,2026-03-13 19:45:00,Marseille,Auxerre,1,0,1.12898,0.293047
30131,Serie_A,2025,2026-03-13 19:45:00,Torino,Parma Calcio 1913,4,1,2.44316,0.579861
29428,La_Liga,2025,2026-03-13 20:00:00,Alaves,Villarreal,1,1,0.287232,0.873846
29433,La_Liga,2025,2026-03-14 13:00:00,Girona,Athletic Club,3,0,2.19442,1.97271
30126,Serie_A,2025,2026-03-14 14:00:00,Inter,Atalanta,1,1,2.0286,0.867146
30449,Bundesliga,2025,2026-03-14 14:30:00,Bayer Leverkusen,Bayern Munich,1,1,2.65255,1.26817
30451,Bundesliga,2025,2026-03-14 14:30:00,Borussia Dortmund,Augsburg,2,0,2.49053,0.755745
30452,Bundesliga,2025,2026-03-14 14:30:00,Eintracht Frankfurt,FC Heidenheim,1,0,0.725159,0.136174
30455,Bundesliga,2025,2026-03-14 14:30:00,Hoffenheim,Wolfsburg,1,1,2.23813,0.221431
29070,EPL,2025,2026-03-14 15:00:00,Burnley,Bournemouth,0,0,1.67695,2.36979
29076,EPL,2025,2026-03-14 15:00:00,Sunderland,Brighton,0,1,0.659083,1.12832
29429,La_Liga,2025,2026-03-14 15:15:00,Atletico Madrid,Getafe,1,0,2.14469,1.58248
29765,Ligue_1,2025,2026-03-14 16:00:00,Lorient,Lens,2,1,2.37345,1.01216
30128,Serie_A,2025,2026-03-14 17:00:00,Napoli,Lecce,2,1,1.13114,1.22692
30454,Bundesliga,2025,2026-03-14 17:30:00,Hamburger SV,FC Cologne,1,1,0.556493,0.984168
29068,EPL,2025,2026-03-14 17:30:00,Arsenal,Everton,2,0,1.90855,1.17847
29071,EPL,2025,2026-03-14 17:30:00,Chelsea,Newcastle United,0,1,1.72508,1.03251
29432,La_Liga,2025,2026-03-14 17:30:00,Real Oviedo,Valencia,1,0,1.8648,0.486871
29763,Ligue_1,2025,2026-03-14 18:00:00,Angers,Nice,0,2,0.889177,1.60128
30132,Serie_A,2025,2026-03-14 19:45:00,Udinese,Juventus,0,1,0.741965,3.18734
29077,EPL,2025,2026-03-14 20:00:00,West Ham,Manchester City,1,1,0.488982,1.9546
29434,La_Liga,2025,2026-03-14 20:00:00,Real Madrid,Elche,4,1,1.72531,1.3711
29768,Ligue_1,2025,2026-03-14 20:05:00,Monaco,Brest,2,0,2.81345,1.56097
30133,Serie_A,2025,2026-03-15 11:30:00,Verona,Genoa,0,2,0.370821,0.534091
29435,La_Liga,2025,2026-03-15 13:00:00,Mallorca,Espanyol,2,1,2.1497,1.35243
29072,EPL,2025,2026-03-15 14:00:00,Crystal Palace,Leeds,0,0,0.525205,1.13558
29074,EPL,2025,2026-03-15 14:00:00,Manchester United,Aston Villa,3,1,1.67823,1.21071
29075,EPL,2025,2026-03-15 14:00:00,Nottingham Forest,Fulham,0,0,0.821011,0.933988
29771,Ligue_1,2025,2026-03-15 14:00:00,Strasbourg,Paris FC,0,0,1.20221,0.616395
30129,Serie_A,2025,2026-03-15 14:00:00,Pisa,Cagliari,3,1,2.94287,1.52334
30130,Serie_A,2025,2026-03-15 14:00:00,Sassuolo,Bologna,0,1,0.427053,0.731025
30457,Bundesliga,2025,2026-03-15 14:30:00,Werder Bremen,Mainz 05,0,2,0.890006,2.05621
29430,La_Liga,2025,2026-03-15 15:15:00,Barcelona,Sevilla,5,2,3.8639,1.04304
29764,Ligue_1,2025,2026-03-15 16:15:00,Le Havre,Lyon,0,0,0.640079,1.13833
29767,Ligue_1,2025,2026-03-15 16:15:00,Metz,Toulouse,3,4,1.62616,1.74262
30453,Bundesliga,2025,2026-03-15 16:30:00,Freiburg,Union Berlin,0,1,1.34508,1.0006
29073,EPL,2025,2026-03-15 16:30:00,Liverpool,Tottenham,1,1,1.30076,1.15636
30124,Serie_A,2025,2026-03-15 17:00:00,Como,Roma,2,1,2.46908,0.899976
29431,La_Liga,2025,2026-03-15 17:30:00,Real Betis,Celta Vigo,1,1,1.87752,0.646702
30456,Bundesliga,2025,2026-03-15 18:30:00,VfB Stuttgart,RasenBallsport Leipzig,1,0,1.93167,1.12178
29770,Ligue_1,2025,2026-03-15 19:45:00,Rennes,Lille,1,2,1.5463,1.3508
30127,Serie_A,2025,2026-03-15 19:45:00,Lazio,AC Milan,1,0,0.538397,1.16179
29437,La_Liga,2025,2026-03-15 20:00:00,Real Sociedad,Osasuna,3,1,2.91429,0.615126
30125,Serie_A,2025,2026-03-16 19:45:00,Cremonese,Fiorentina,1,4,1.47372,1.14462
29069,EPL,2025,2026-03-16 20:00:00,Brentford,Wolverhampton Wanderers,2,2,2.7966,1.80044
29436,La_Liga,2025,2026-03-16 20:00:00,Rayo Vallecano,Levante,1,1,1.68134,1.45599
30136,Serie_A,2025,2026-03-20 17:30:00,Cagliari,Napoli,0,1,0.241246,2.27393
30464,Bundesliga,2025,2026-03-20 19:30:00,RasenBallsport Leipzig,Hoffenheim,5,0,2.90699,0.521404
29773,Ligue_1,2025,2026-03-20 19:45:00,Lens,Angers,5,1,4.33933,1.15185
30139,Serie_A,2025,2026-03-20 19:45:00,Genoa,Udinese,0,2,1.30328,0.86584
29078,EPL,2025,2026-03-20 20:00:00,Bournemouth,Manchester United,2,2,1.76664,1.74574
29438,La_Liga,2025,2026-03-20 20:00:00,Villarreal,Real Sociedad,3,1,3.35586,0.894953
29080,EPL,2025,2026-03-21 12:30:00,Brighton,Liverpool,2,1,3.42956,0.956801
29440,La_Liga,2025,2026-03-21 13:00:00,Elche,Mallorca,2,1,1.51605,1.51939
30142,Serie_A,2025,2026-03-21 14:00:00,Parma Calcio 1913,Cremonese,0,2,0.287758,0.781807
30459,Bundesliga,2025,2026-03-21 14:30:00,Bayern Munich,Union Berlin,4,0,5.93389,0.224572
30461,Bundesliga,2025,2026-03-21 14:30:00,FC Cologne,Borussia M.Gladbach,3,3,1.29293,1.08153
30462,Bundesliga,2025,2026-03-21 14:30:00,FC Heidenheim,Bayer Leverkusen,3,3,1.73738,1.96287
30466,Bundesliga,2025,2026-03-21 14:30:00,Wolfsburg,Werder Bremen,0,1,1.05686,0.414924
29082,EPL,2025,2026-03-21 15:00:00,Fulham,Burnley,3,1,3.48438,1.92556
29442,La_Liga,2025,2026-03-21 15:15:00,Espanyol,Getafe,1,2,1.51208,2.06384
29780,Ligue_1,2025,2026-03-21 16:00:00,Toulouse,Lorient,1,0,1.48458,0.477676
30141,Serie_A,2025,2026-03-21 17:00:00,AC Milan,Torino,3,2,1.44337,2.37211
30460,Bundesliga,2025,2026-03-21 17:30:00,Borussia Dortmund,Hamburger SV,3,2,6.10187,1.23049
29081,EPL,2025,2026-03-21 17:30:00,Everton,Chelsea,3,0,1.44532,1.35143
29443,La_Liga,2025,2026-03-21 17:30:00,Levante,Real Oviedo,4,2,2.92669,1.33569
29447,La_Liga,2025,2026-03-21 17:30:00,Osasuna,Girona,1,0,2.26232,0.232115
29772,Ligue_1,2025,2026-03-21 18:00:00,Auxerre,Brest,3,0,2.0573,0.882319
30140,Serie_A,2025,2026-03-21 19:45:00,Juventus,Sassuolo,1,1,2.25457,0.845538
29083,EPL,2025,2026-03-21 20:00:00,Leeds,Brentford,0,0,0.417296,0.302221
29444,La_Liga,2025,2026-03-21 20:00:00,Sevilla,Valencia,0,2,0.505411,1.7133
29777,Ligue_1,2025,2026-03-21 20:05:00,Nice,Paris Saint Germain,0,4,0.17662,4.04442
30137,Serie_A,2025,2026-03-22 11:30:00,Como,Pisa,5,0,1.8215,0.309722
29085,EPL,2025,2026-03-22 12:00:00,Newcastle United,Sunderland,1,2,1.26705,2.66657
29441,La_Liga,2025,2026-03-22 13:00:00,Barcelona,Rayo Vallecano,1,0,1.92205,2.19631
29774,Ligue_1,2025,2026-03-22 14:00:00,Lyon,Monaco,1,2,1.10723,3.4997
30134,Serie_A,2025,2026-03-22 14:00:00,Atalanta,Verona,1,0,1.74248,0.765772
30135,Serie_A,2025,2026-03-22 14:00:00,Bologna,Lazio,0,2,1.32921,2.14396
29079,EPL,2025,2026-03-22 14:15:00,Aston Villa,West Ham,2,0,2.48528,0.760054
29086,EPL,2025,2026-03-22 14:15:00,Tottenham,Nottingham Forest,0,3,1.6189,1.54408
30463,Bundesliga,2025,2026-03-22 14:30:00,Mainz 05,Eintracht Frankfurt,2,1,1.38387,1.71748
29445,La_Liga,2025,2026-03-22 15:15:00,Celta Vigo,Alaves,3,4,1.70969,1.67221
29775,Ligue_1,2025,2026-03-22 16:15:00,Marseille,Lille,1,2,1.02929,1.61107
29778,Ligue_1,2025,2026-03-22 16:15:00,Paris FC,Le Havre,3,2,2.42628,1.74386
29779,Ligue_1,2025,2026-03-22 16:15:00,Rennes,Metz,0,0,1.70552,0.314914
30465,Bundesliga,2025,2026-03-22 16:30:00,St. Pauli,Freiburg,1,2,1.39653,2.74421
30143,Serie_A,2025,2026-03-22 17:00:00,Roma,Lecce,1,0,1.09359,0.807003
29439,La_Liga,2025,2026-03-22 17:30:00,Athletic Club,Real Betis,2,1,1.92715,0.591202
30458,Bundesliga,2025,2026-03-22 18:30:00,Augsburg,VfB Stuttgart,2,5,1.59097,3.87094
29776,Ligue_1,2025,2026-03-22 19:45:00,Nantes,Strasbourg,2,3,1.91469,2.83907
30138,Serie_A,2025,2026-03-22 19:45:00,Fiorentina,Inter,1,1,1.81429,1.40088
29446,La_Liga,2025,2026-03-22 20:00:00,Real Madrid,Atletico Madrid,3,2,2.96605,1.40234
29788,Ligue_1,2025,2026-04-03 18:45:00,Paris Saint Germain,Toulouse,3,1,1.7337,0.102597
29456,La_Liga,2025,2026-04-03 19:00:00,Rayo Vallecano,Elche,1,0,1.51493,0.601974
29457,La_Liga,2025,2026-04-04 12:00:00,Real Sociedad,Levante,2,0,2.96404,0.320219
30151,Serie_A,2025,2026-04-04 13:00:00,Sassuolo,Cagliari,2,1,0.48336,1.90118
30467,Bundesliga,2025,2026-04-04 13:30:00,Bayer Leverkusen,Wolfsburg,6,3,4.59518,2.54712
30468,Bundesliga,2025,2026-04-04 13:30:00,Borussia M.Gladbach,FC Heidenheim,2,2,1.09174,0.883368
30470,Bundesliga,2025,2026-04-04 13:30:00,Freiburg,Bayern Munich,2,3,2.04585,2.49116
30471,Bundesliga,2025,2026-04-04 13:30:00,Hamburger SV,Augsburg,1,1,1.53108,2.57589
30472,Bundesliga,2025,2026-04-04 13:30:00,Hoffenheim,Mainz 05,1,2,1.51732,2.22893
30475,Bundesliga,2025,2026-04-04 13:30:00,Werder Bremen,RasenBallsport Leipzig,1,2,0.898486,1.61345
29452,La_Liga,2025,2026-04-04 14:15:00,Mallorca,Real Madrid,2,1,1.03875,1.51454
29789,Ligue_1,2025,2026-04-04 15:00:00,Strasbourg,Nice,3,1,2.70892,0.354354
30153,Serie_A,2025,2026-04-04 16:00:00,Verona,Fiorentina,0,1,0.922577,0.308725
30473,Bundesliga,2025,2026-04-04 16:30:00,VfB Stuttgart,Borussia Dortmund,0,2,0.553248,0.76449
29450,La_Liga,2025,2026-04-04 16:30:00,Real Betis,Espanyol,0,0,2.00215,0.144091
29782,Ligue_1,2025,2026-04-04 17:00:00,Brest,Rennes,3,4,1.89452,2.7958
30147,Serie_A,2025,2026-04-04 18:45:00,Lazio,Parma Calcio 1913,1,1,0.269086,0.360563
29449,La_Liga,2025,2026-04-04 19:00:00,Atletico Madrid,Barcelona,1,2,0.919286,2.68584
29784,Ligue_1,2025,2026-04-04 19:05:00,Lille,Lens,3,0,3.82171,0.412713
29455,La_Liga,2025,2026-04-05 12:00:00,Getafe,Athletic Club,2,0,1.96345,0.524379
29781,Ligue_1,2025,2026-04-05 13:00:00,Angers,Lyon,0,0,0.353538,0.522379
30144,Serie_A,2025,2026-04-05 13:00:00,Cremonese,Bologna,1,2,1.39638,1.58974
30474,Bundesliga,2025,2026-04-05 13:30:00,Union Berlin,St. Pauli,1,1,1.78288,0.325477
29454,La_Liga,2025,2026-04-05 14:15:00,Valencia,Celta Vigo,2,3,0.720964,1.457
29783,Ligue_1,2025,2026-04-05 15:15:00,Le Havre,Auxerre,1,1,0.711193,2.40825
29785,Ligue_1,2025,2026-04-05 15:15:00,Lorient,Paris FC,1,1,1.16554,1.39879
29786,Ligue_1,2025,2026-04-05 15:15:00,Metz,Nantes,0,0,2.3189,0.389282
30469,Bundesliga,2025,2026-04-05 15:30:00,Eintracht Frankfurt,FC Cologne,2,2,2.16998,3.09815
30150,Serie_A,2025,2026-04-05 16:00:00,Pisa,Torino,0,1,0.309366,1.72611
29453,La_Liga,2025,2026-04-05 16:30:00,Real Oviedo,Sevilla,1,0,0.785105,0.840736
29787,Ligue_1,2025,2026-04-05 18:45:00,Monaco,Marseille,2,1,1.67743,3.10791
30145,Serie_A,2025,2026-04-05 18:45:00,Inter,Roma,5,2,2.25441,0.939981
29448,La_Liga,2025,2026-04-05 19:00:00,Alaves,Osasuna,2,2,1.65967,1.61149
30152,Serie_A,2025,2026-04-06 10:30:00,Udinese,Como,0,0,1.06665,0.786392
30148,Serie_A,2025,2026-04-06 13:00:00,Lecce,Atalanta,0,3,0.364274,2.81595
30146,Serie_A,2025,2026-04-06 16:00:00,Juventus,Genoa,2,0,2.60276,1.48807
30149,Serie_A,2025,2026-04-06 18:45:00,Napoli,AC Milan,1,0,0.872402,0.810602
29451,La_Liga,2025,2026-04-06 19:00:00,Girona,Villarreal,1,0,0.653493,0.443518
29796,Ligue_1,2025,2026-04-10 17:00:00,Paris FC,Monaco,4,1,2.95341,1.7647
30476,Bundesliga,2025,2026-04-10 18:30:00,Augsburg,Hoffenheim,2,2,2.67199,1.43152
30162,Serie_A,2025,2026-04-10 18:45:00,Roma,Pisa,3,0,1.45084,1.06318
29091,EPL,2025,2026-04-10 19:00:00,West Ham,Wolverhampton Wanderers,4,0,2.54379,0.571967
29462,La_Liga,2025,2026-04-10 19:00:00,Real Madrid,Girona,1,1,1.98086,0.46667
29794,Ligue_1,2025,2026-04-10 19:05:00,Marseille,Metz,3,1,3.31638,0.535052
29092,EPL,2025,2026-04-11 11:30:00,Arsenal,Bournemouth,1,2,3.16346,1.39461
29464,La_Liga,2025,2026-04-11 12:00:00,Real Sociedad,Alaves,3,3,1.295,1.206
30156,Serie_A,2025,2026-04-11 13:00:00,Cagliari,Cremonese,1,0,1.431,0.268819
30163,Serie_A,2025,2026-04-11 13:00:00,Torino,Verona,2,1,1.1485,1.67554
30477,Bundesliga,2025,2026-04-11 13:30:00,Borussia Dortmund,Bayer Leverkusen,0,1,1.01423,0.728586
30479,Bundesliga,2025,2026-04-11 13:30:00,FC Heidenheim,Union Berlin,3,1,2.11247,1.11885
30481,Bundesliga,2025,2026-04-11 13:30:00,RasenBallsport Leipzig,Borussia M.Gladbach,1,0,2.56843,1.66258
30484,Bundesliga,2025,2026-04-11 13:30:00,Wolfsburg,Eintracht Frankfurt,1,2,2.26232,1.38694
29093,EPL,2025,2026-04-11 14:00:00,Brentford,Everton,2,2,2.26302,1.57033
29094,EPL,2025,2026-04-11 14:00:00,Burnley,Brighton,0,2,0.812029,1.07182
29465,La_Liga,2025,2026-04-11 14:15:00,Elche,Valencia,1,0,1.03489,2.76889
30160,Serie_A,2025,2026-04-11 16:00:00,AC Milan,Udinese,0,3,1.62737,1.566
30482,Bundesliga,2025,2026-04-11 16:30:00,St. Pauli,Bayern Munich,0,5,0.355983,4.15447
29097,EPL,2025,2026-04-11 16:30:00,Liverpool,Fulham,2,0,2.01499,1.42024
29459,La_Liga,2025,2026-04-11 16:30:00,Barcelona,Espanyol,4,1,3.30789,1.13134
29790,Ligue_1,2025,2026-04-11 17:00:00,Auxerre,Nantes,0,0,0.797017,1.44705
30154,Serie_A,2025,2026-04-11 18:45:00,Atalanta,Juventus,0,1,1.8886,1.18681
29463,La_Liga,2025,2026-04-11 19:00:00,Sevilla,Atletico Madrid,2,1,1.6578,0.855474
29797,Ligue_1,2025,2026-04-11 19:05:00,Rennes,Angers,2,1,1.09968,1.19461
30159,Serie_A,2025,2026-04-12 10:30:00,Genoa,Sassuolo,2,1,1.39271,1.39642
29460,La_Liga,2025,2026-04-12 12:00:00,Osasuna,Real Betis,1,1,1.52928,0.411183
29096,EPL,2025,2026-04-12 13:00:00,Crystal Palace,Newcastle United,2,1,3.13933,1.27299
29089,EPL,2025,2026-04-12 13:00:00,Nottingham Forest,Aston Villa,1,1,0.85045,1.36297
29090,EPL,2025,2026-04-12 13:00:00,Sunderland,Tottenham,1,0,1.77584,1.01598
30161,Serie_A,2025,2026-04-12 13:00:00,Parma Calcio 1913,Napoli,1,1,0.154689,1.31482
30478,Bundesliga,2025,2026-04-12 13:30:00,FC Cologne,Werder Bremen,3,1,3.90871,0.870139
29466,La_Liga,2025,2026-04-12 14:15:00,Mallorca,Rayo Vallecano,3,0,2.54659,1.97051
29795,Ligue_1,2025,2026-04-12 15:15:00,Nice,Le Havre,1,1,2.14773,2.12622
29798,Ligue_1,2025,2026-04-12 15:15:00,Toulouse,Lille,0,4,1.46514,2.08775
30483,Bundesliga,2025,2026-04-12 15:30:00,VfB Stuttgart,Hamburger SV,4,0,3.8645,0.417554
29095,EPL,2025,2026-04-12 15:30:00,Chelsea,Manchester City,0,3,1.22108,2.40839
30155,Serie_A,2025,2026-04-12 16:00:00,Bologna,Lecce,2,0,2.5824,0.53637
29467,La_Liga,2025,2026-04-12 16:30:00,Celta Vigo,Real Oviedo,0,3,1.15878,2.12846
30480,Bundesliga,2025,2026-04-12 17:30:00,Mainz 05,Freiburg,0,1,0.458085,0.538882
29793,Ligue_1,2025,2026-04-12 18:45:00,Lyon,Lorient,2,0,1.84879,1.57488
30157,Serie_A,2025,2026-04-12 18:45:00,Como,Inter,3,4,3.2878,0.507465
29458,La_Liga,2025,2026-04-12 19:00:00,Athletic Club,Villarreal,1,2,1.31935,1.55144
30158,Serie_A,2025,2026-04-13 18:45:00,Fiorentina,Lazio,1,0,0.421966,1.29355
29088,EPL,2025,2026-04-13 19:00:00,Manchester United,Leeds,1,2,1.36555,2.95118
29461,La_Liga,2025,2026-04-13 19:00:00,Levante,Getafe,1,0,3.32797,0.290983
30170,Serie_A,2025,2026-04-17 16:30:00,Sassuolo,Como,2,1,1.3509,0.588985
30491,Bundesliga,2025,2026-04-17 18:30:00,St. Pauli,FC Cologne,1,1,2.2798,1.26761
29800,Ligue_1,2025,2026-04-17 18:45:00,Lens,Toulouse,3,2,3.98387,0.578481
30164,Serie_A,2025,2026-04-17 18:45:00,Inter,Cagliari,3,0,2.38524,0.482209
29099,EPL,2025,2026-04-18 11:30:00,Brentford,Fulham,0,0,2.33552,0.790707
30171,Serie_A,2025,2026-04-18 13:00:00,Udinese,Parma Calcio 1913,0,1,1.35108,1.39599
30485,Bundesliga,2025,2026-04-18 13:30:00,Bayer Leverkusen,Augsburg,1,2,3.73107,1.29743
30490,Bundesliga,2025,2026-04-18 13:30:00,Hoffenheim,Borussia Dortmund,2,1,2.22458,1.28292
30492,Bundesliga,2025,2026-04-18 13:30:00,Union Berlin,Wolfsburg,1,2,2.38881,0.23493
30493,Bundesliga,2025,2026-04-18 13:30:00,Werder Bremen,Hamburger SV,3,1,1.60257,0.914249
29103,EPL,2025,2026-04-18 14:00:00,Leeds,Wolverhampton Wanderers,3,0,3.55804,0.568627
29105,EPL,2025,2026-04-18 14:00:00,Newcastle United,Bournemouth,1,2,1.61167,3.36662
29802,Ligue_1,2025,2026-04-18 15:00:00,Lorient,Marseille,2,0,1.28628,2.13073
30167,Serie_A,2025,2026-04-18 16:00:00,Napoli,Lazio,0,2,0.516972,3.16463
30488,Bundesliga,2025,2026-04-18 16:30:00,Eintracht Frankfurt,RasenBallsport Leipzig,1,3,1.40341,2.02122
29107,EPL,2025,2026-04-18 16:30:00,Tottenham,Brighton,2,2,1.56052,1.1373
29799,Ligue_1,2025,2026-04-18 17:00:00,Angers,Le Havre,1,1,0.961095,1.54566
30169,Serie_A,2025,2026-04-18 18:45:00,Roma,Atalanta,1,1,1.70941,0.660238
29100,EPL,2025,2026-04-18 19:00:00,Chelsea,Manchester United,0,1,1.28109,0.436043
29801,Ligue_1,2025,2026-04-18 19:05:00,Lille,Nice,0,0,0.413432,0.171356
30173,Serie_A,2025,2026-04-19 10:30:00,Cremonese,Torino,0,0,0.88749,0.159021
29098,EPL,2025,2026-04-19 13:00:00,Aston Villa,Sunderland,4,3,3.90223,1.56008
29102,EPL,2025,2026-04-19 13:00:00,Everton,Liverpool,1,2,1.4784,1.38333
29106,EPL,2025,2026-04-19 13:00:00,Nottingham Forest,Burnley,4,1,1.4425,0.601418
29804,Ligue_1,2025,2026-04-19 13:00:00,Monaco,Auxerre,2,2,1.94243,0.745123
30172,Serie_A,2025,2026-04-19 13:00:00,Verona,AC Milan,0,1,0.709696,0.830747
30489,Bundesliga,2025,2026-04-19 13:30:00,Freiburg,FC Heidenheim,2,1,2.13766,1.74426
29803,Ligue_1,2025,2026-04-19 15:15:00,Metz,Paris FC,1,3,1.48448,1.97282
29805,Ligue_1,2025,2026-04-19 15:15:00,Nantes,Brest,1,1,0.970265,0.631132
29807,Ligue_1,2025,2026-04-19 15:15:00,Strasbourg,Rennes,0,3,0.944239,3.25297
30486,Bundesliga,2025,2026-04-19 15:30:00,Bayern Munich,VfB Stuttgart,4,2,5.11014,1.26038
29104,EPL,2025,2026-04-19 15:30:00,Manchester City,Arsenal,2,1,2.61528,2.28964
30168,Serie_A,2025,2026-04-19 16:00:00,Pisa,Genoa,1,2,1.00691,2.18534
30487,Bundesliga,2025,2026-04-19 17:30:00,Borussia M.Gladbach,Mainz 05,1,1,1.11134,2.46195
29806,Ligue_1,2025,2026-04-19 18:45:00,Paris Saint Germain,Lyon,1,2,3.20455,1.20364
30165,Serie_A,2025,2026-04-19 18:45:00,Juventus,Bologna,2,0,1.57651,0.852415
30166,Serie_A,2025,2026-04-20 18:45:00,Lecce,Fiorentina,1,1,1.80861,1.26455
29101,EPL,2025,2026-04-20 19:00:00,Crystal Palace,West Ham,0,0,0.733442,0.622445
29478,La_Liga,2025,2026-04-21 18:00:00,Athletic Club,Osasuna,1,0,0.49013,1.39553
29481,La_Liga,2025,2026-04-21 18:00:00,Mallorca,Valencia,1,1,2.24468,1.39393
29110,EPL,2025,2026-04-21 19:00:00,Brighton,Chelsea,3,0,2.51784,0.297865
29485,La_Liga,2025,2026-04-21 19:30:00,Girona,Real Betis,2,3,1.72891,1.24954
29483,La_Liga,2025,2026-04-21 19:30:00,Real Madrid,Alaves,2,1,1.504,1.62967
29484,La_Liga,2025,2026-04-22 17:00:00,Elche,Atletico Madrid,3,2,3.62854,0.846836
29487,La_Liga,2025,2026-04-22 18:00:00,Real Sociedad,Getafe,0,1,1.90157,0.215233
29769,Ligue_1,2025,2026-04-22 18:00:00,Paris Saint Germain,Nantes,3,0,2.26452,0.672206
29108,EPL,2025,2026-04-22 19:00:00,Bournemouth,Leeds,2,2,1.91355,1.21601
29111,EPL,2025,2026-04-22 19:00:00,Burnley,Manchester City,0,1,0.973776,3.40888
29479,La_Liga,2025,2026-04-22 19:30:00,Barcelona,Celta Vigo,1,0,1.54451,1.07392
29480,La_Liga,2025,2026-04-23 17:00:00,Levante,Sevilla,2,0,1.2081,0.444478
29486,La_Liga,2025,2026-04-23 18:00:00,Rayo Vallecano,Espanyol,1,0,2.06977,1.68535
29482,La_Liga,2025,2026-04-23 19:30:00,Real Oviedo,Villarreal,1,1,2.52849,3.25021
30500,Bundesliga,2025,2026-04-24 18:30:00,RasenBallsport Leipzig,Union Berlin,3,1,4.53545,0.372365
29809,Ligue_1,2025,2026-04-24 18:45:00,Brest,Lens,3,3,0.309794,3.24582
30180,Serie_A,2025,2026-04-24 18:45:00,Napoli,Cremonese,4,0,3.24062,0.473643
29115,EPL,2025,2026-04-24 19:00:00,Sunderland,Nottingham Forest,0,5,0.614323,1.54208
29474,La_Liga,2025,2026-04-24 19:00:00,Real Betis,Real Madrid,1,1,1.01953,1.09576
29112,EPL,2025,2026-04-25 11:30:00,Fulham,Aston Villa,1,0,1.24069,0.906156
29473,La_Liga,2025,2026-04-25 12:00:00,Alaves,Mallorca,2,1,1.40767,0.221499
29812,Ligue_1,2025,2026-04-25 13:00:00,Lyon,Auxerre,3,2,2.16328,0.883316
30181,Serie_A,2025,2026-04-25 13:00:00,Parma Calcio 1913,Pisa,1,0,1.31072,1.56392
30494,Bundesliga,2025,2026-04-25 13:30:00,Augsburg,Eintracht Frankfurt,1,1,2.13872,0.854238
30496,Bundesliga,2025,2026-04-25 13:30:00,FC Cologne,Bayer Leverkusen,1,2,3.49945,1.85749
30498,Bundesliga,2025,2026-04-25 13:30:00,FC Heidenheim,St. Pauli,2,0,2.17234,1.17753
30499,Bundesliga,2025,2026-04-25 13:30:00,Mainz 05,Bayern Munich,3,4,3.22403,2.36194
30502,Bundesliga,2025,2026-04-25 13:30:00,Wolfsburg,Borussia M.Gladbach,0,0,1.61116,0.473153
29113,EPL,2025,2026-04-25 14:00:00,Liverpool,Crystal Palace,3,1,1.45071,2.19912
29116,EPL,2025,2026-04-25 14:00:00,West Ham,Everton,2,1,1.8356,1.1144
29117,EPL,2025,2026-04-25 14:00:00,Wolverhampton Wanderers,Tottenham,0,1,0.762656,1.06403
29469,La_Liga,2025,2026-04-25 14:15:00,Getafe,Barcelona,0,2,0.607664,2.05171
30174,Serie_A,2025,2026-04-25 16:00:00,Bologna,Roma,0,2,0.479083,1.65629
30497,Bundesliga,2025,2026-04-25 16:30:00,Hamburger SV,Hoffenheim,1,2,1.48261,2.42862
29109,EPL,2025,2026-04-25 16:30:00,Arsenal,Newcastle United,1,0,0.639189,0.868897
29472,La_Liga,2025,2026-04-25 16:30:00,Valencia,Girona,2,1,2.31263,1.38799
29808,Ligue_1,2025,2026-04-25 17:00:00,Angers,Paris Saint Germain,0,3,0.977437,3.00296
30183,Serie_A,2025,2026-04-25 18:45:00,Verona,Lecce,0,0,0.249294,1.20604
29468,La_Liga,2025,2026-04-25 19:00:00,Atletico Madrid,Athletic Club,3,2,2.47955,0.970599
29816,Ligue_1,2025,2026-04-25 19:05:00,Toulouse,Monaco,2,2,2.15303,1.34617
30176,Serie_A,2025,2026-04-26 10:30:00,Fiorentina,Sassuolo,0,0,2.19011,0.597621
29475,La_Liga,2025,2026-04-26 12:00:00,Rayo Vallecano,Real Sociedad,3,3,3.18496,2.39684
29811,Ligue_1,2025,2026-04-26 13:00:00,Lorient,Strasbourg,2,3,2.57081,1.98869
30177,Serie_A,2025,2026-04-26 13:00:00,Genoa,Como,0,2,0.667154,1.19004
30501,Bundesliga,2025,2026-04-26 13:30:00,VfB Stuttgart,Werder Bremen,1,1,1.99681,0.958992
29471,La_Liga,2025,2026-04-26 14:15:00,Real Oviedo,Elche,1,2,0.772271,0.621829
29810,Ligue_1,2025,2026-04-26 15:15:00,Le Havre,Metz,4,4,2.64995,1.88709
29814,Ligue_1,2025,2026-04-26 15:15:00,Paris FC,Lille,0,1,1.12423,1.75999
29815,Ligue_1,2025,2026-04-26 15:15:00,Rennes,Nantes,2,1,1.55601,2.51691
30495,Bundesliga,2025,2026-04-26 15:30:00,Borussia Dortmund,Freiburg,4,0,3.09306,0.496971
30182,Serie_A,2025,2026-04-26 16:00:00,Torino,Inter,2,2,2.42774,1.64792
29476,La_Liga,2025,2026-04-26 16:30:00,Osasuna,Sevilla,2,1,2.14254,0.553816
29813,Ligue_1,2025,2026-04-26 18:45:00,Marseille,Nice,1,1,2.82843,1.41493
30179,Serie_A,2025,2026-04-26 18:45:00,AC Milan,Juventus,0,0,0.616342,0.449727
29470,La_Liga,2025,2026-04-26 19:00:00,Villarreal,Celta Vigo,2,1,2.409,2.05297
30175,Serie_A,2025,2026-04-27 16:30:00,Cagliari,Atalanta,3,2,2.00771,1.7579
30178,Serie_A,2025,2026-04-27 18:45:00,Lazio,Udinese,3,3,1.77483,2.30714
29114,EPL,2025,2026-04-27 19:00:00,Manchester United,Brentford,2,1,1.84852,1.30383
29477,La_Liga,2025,2026-04-27 19:00:00,Espanyol,Levante,0,0,0.853225,1.38559
30190,Serie_A,2025,2026-05-01 18:45:00,Pisa,Lecce,1,2,2.06716,1.35936
29497,La_Liga,2025,2026-05-01 19:00:00,Girona,Mallorca,0,1,1.77655,1.30537
29124,EPL,2025,2026-05-01 20:00:00,Leeds,Burnley,3,1,2.09546,0.434597
29489,La_Liga,2025,2026-05-02 12:00:00,Villarreal,Levante,5,1,2.47953,0.801231
30193,Serie_A,2025,2026-05-02 13:00:00,Udinese,Torino,2,0,2.16904,0.812913
30504,Bundesliga,2025,2026-05-02 13:30:00,Bayern Munich,FC Heidenheim,3,3,1.87973,2.48197
30506,Bundesliga,2025,2026-05-02 13:30:00,Eintracht Frankfurt,Hamburger SV,1,2,0.992322,0.627209
30508,Bundesliga,2025,2026-05-02 13:30:00,Hoffenheim,VfB Stuttgart,3,3,2.6399,1.76153
30510,Bundesliga,2025,2026-05-02 13:30:00,Union Berlin,FC Cologne,2,2,0.887532,1.6958
30511,Bundesliga,2025,2026-05-02 13:30:00,Werder Bremen,Augsburg,1,3,0.814452,3.23625
29495,La_Liga,2025,2026-05-02 14:15:00,Valencia,Atletico Madrid,0,2,0.778471,1.80568
29121,EPL,2025,2026-05-02 15:00:00,Brentford,West Ham,3,0,2.27374,0.753895
29126,EPL,2025,2026-05-02 15:00:00,Newcastle United,Brighton,3,1,3.12933,1.87112
29127,EPL,2025,2026-05-02 15:00:00,Wolverhampton Wanderers,Sunderland,1,1,1.96131,0.923954
30186,Serie_A,2025,2026-05-02 16:00:00,Como,Napoli,0,0,1.79719,0.847288
30503,Bundesliga,2025,2026-05-02 16:30:00,Bayer Leverkusen,RasenBallsport Leipzig,4,1,5.41733,1.49733
29491,La_Liga,2025,2026-05-02 16:30:00,Alaves,Athletic Club,2,4,0.613172,0.895921
29119,EPL,2025,2026-05-02 17:30:00,Arsenal,Fulham,3,0,4.09079,0.696714
30184,Serie_A,2025,2026-05-02 18:45:00,Atalanta,Genoa,0,0,1.66082,0.438786
29488,La_Liga,2025,2026-05-02 19:00:00,Osasuna,Barcelona,1,2,1.28813,1.56763
30185,Serie_A,2025,2026-05-03 10:30:00,Bologna,Cagliari,0,0,0.684487,0.871884
29493,La_Liga,2025,2026-05-03 12:00:00,Celta Vigo,Elche,3,1,1.4443,1.64767
29818,Ligue_1,2025,2026-05-03 13:00:00,Lille,Le Havre,1,1,1.9163,0.334256
29820,Ligue_1,2025,2026-05-03 13:00:00,Metz,Monaco,1,2,1.1478,1.58879
29821,Ligue_1,2025,2026-05-03 13:00:00,Nantes,Marseille,3,0,3.07178,1.55164
29822,Ligue_1,2025,2026-05-03 13:00:00,Nice,Lens,1,1,1.33864,1.55241
29824,Ligue_1,2025,2026-05-03 13:00:00,Paris Saint Germain,Lorient,2,2,2.98414,1.27737
30192,Serie_A,2025,2026-05-03 13:00:00,Sassuolo,AC Milan,2,0,2.23502,0.288558
30509,Bundesliga,2025,2026-05-03 13:30:00,St. Pauli,Mainz 05,1,2,1.08664,2.80672
29118,EPL,2025,2026-05-03 14:00:00,Bournemouth,Crystal Palace,3,0,2.29626,0.678329
29496,La_Liga,2025,2026-05-03 14:15:00,Getafe,Rayo Vallecano,0,2,1.35219,0.954171
29817,Ligue_1,2025,2026-05-03 15:15:00,Auxerre,Angers,3,1,2.5499,2.16783
29823,Ligue_1,2025,2026-05-03 15:15:00,Paris FC,Brest,4,0,2.86094,0.733091
29825,Ligue_1,2025,2026-05-03 15:15:00,Strasbourg,Toulouse,1,2,0.405296,1.67665
30505,Bundesliga,2025,2026-05-03 15:30:00,Borussia M.Gladbach,Borussia Dortmund,1,0,2.68245,0.4281
29125,EPL,2025,2026-05-03 15:30:00,Manchester United,Liverpool,3,2,2.55612,1.02814
30189,Serie_A,2025,2026-05-03 16:00:00,Juventus,Verona,1,1,2.68622,0.197193
29492,La_Liga,2025,2026-05-03 16:30:00,Real Betis,Real Oviedo,3,0,1.86882,1.14971
30507,Bundesliga,2025,2026-05-03 17:30:00,Freiburg,Wolfsburg,1,1,0.947988,1.11086
29819,Ligue_1,2025,2026-05-03 18:45:00,Lyon,Rennes,4,2,2.6657,1.06495
30188,Serie_A,2025,2026-05-03 18:45:00,Inter,Parma Calcio 1913,2,0,2.01571,0.452228
29120,EPL,2025,2026-05-03 19:00:00,Aston Villa,Tottenham,1,2,0.609494,1.12225
29494,La_Liga,2025,2026-05-03 19:00:00,Espanyol,Real Madrid,0,2,1.09007,1.5023
29122,EPL,2025,2026-05-04 15:00:00,Chelsea,Nottingham Forest,1,3,2.17132,2.31019
30187,Serie_A,2025,2026-05-04 16:30:00,Cremonese,Lazio,1,2,0.55053,0.987521
30191,Serie_A,2025,2026-05-04 18:45:00,Roma,Fiorentina,4,0,2.84317,0.132194
29490,La_Liga,2025,2026-05-04 19:00:00,Sevilla,Real Sociedad,1,0,1.32018,0.166837
29123,EPL,2025,2026-05-04 20:00:00,Everton,Manchester City,3,3,1.68558,1.41706
30513,Bundesliga,2025,2026-05-08 18:30:00,Borussia Dortmund,Eintracht Frankfurt,3,2,2.94988,0.942523
29829,Ligue_1,2025,2026-05-08 18:45:00,Lens,Nantes,1,0,0.719134,1.06721
30203,Serie_A,2025,2026-05-08 18:45:00,Torino,Sassuolo,2,1,3.06714,2.17042
29501,La_Liga,2025,2026-05-08 19:00:00,Levante,Osasuna,3,2,3.53052,0.500111
29503,La_Liga,2025,2026-05-09 12:00:00,Elche,Alaves,1,1,2.08849,2.45633
29132,EPL,2025,2026-05-09 12:30:00,Liverpool,Chelsea,1,1,0.623191,0.597184
30195,Serie_A,2025,2026-05-09 13:00:00,Cagliari,Udinese,0,2,1.56516,2.30592
30512,Bundesliga,2025,2026-05-09 13:30:00,Augsburg,Borussia M.Gladbach,3,1,2.80244,1.05493
30516,Bundesliga,2025,2026-05-09 13:30:00,Hoffenheim,Werder Bremen,1,0,1.28965,1.45272
30518,Bundesliga,2025,2026-05-09 13:30:00,RasenBallsport Leipzig,St. Pauli,2,1,2.32909,0.945954
30519,Bundesliga,2025,2026-05-09 13:30:00,VfB Stuttgart,Bayer Leverkusen,3,1,3.42891,0.631905
29505,La_Liga,2025,2026-05-09 14:15:00,Sevilla,Espanyol,2,1,1.41747,0.402373
29128,EPL,2025,2026-05-09 15:00:00,Brighton,Wolverhampton Wanderers,3,0,2.22427,0.515647
29131,EPL,2025,2026-05-09 15:00:00,Fulham,Bournemouth,0,1,1.24334,0.998003
29135,EPL,2025,2026-05-09 15:00:00,Sunderland,Manchester United,0,0,1.2376,0.535981
30198,Serie_A,2025,2026-05-09 16:00:00,Lazio,Inter,0,3,0.502107,2.18245
30520,Bundesliga,2025,2026-05-09 16:30:00,Wolfsburg,Bayern Munich,0,1,3.26878,1.9054
29499,La_Liga,2025,2026-05-09 16:30:00,Atletico Madrid,Celta Vigo,0,1,2.78506,0.292392
29133,EPL,2025,2026-05-09 17:30:00,Manchester City,Brentford,3,0,4.37429,0.670038
30199,Serie_A,2025,2026-05-09 18:45:00,Lecce,Juventus,0,1,0.607959,1.95698
29504,La_Liga,2025,2026-05-09 19:00:00,Real Sociedad,Real Betis,2,2,2.66557,1.78903
30194,Serie_A,2025,2026-05-10 10:30:00,Verona,Como,0,1,1.29052,1.06072
29502,La_Liga,2025,2026-05-10 12:00:00,Mallorca,Villarreal,1,1,1.54058,0.9943
30196,Serie_A,2025,2026-05-10 13:00:00,Cremonese,Pisa,3,0,1.26744,0.0
30197,Serie_A,2025,2026-05-10 13:00:00,Fiorentina,Genoa,0,0,0.675179,0.52874
30515,Bundesliga,2025,2026-05-10 13:30:00,Hamburger SV,Freiburg,3,2,2.02228,0.583605
29129,EPL,2025,2026-05-10 14:00:00,Burnley,Aston Villa,2,2,1.71234,1.75493
29130,EPL,2025,2026-05-10 14:00:00,Crystal Palace,Everton,2,2,3.28826,2.10265
29134,EPL,2025,2026-05-10 14:00:00,Nottingham Forest,Newcastle United,1,1,1.46434,1.65067
29498,La_Liga,2025,2026-05-10 14:15:00,Athletic Club,Valencia,0,1,0.935199,1.49759
30514,Bundesliga,2025,2026-05-10 15:30:00,FC Cologne,FC Heidenheim,1,3,1.51486,2.04489
30202,Serie_A,2025,2026-05-10 16:00:00,Parma Calcio 1913,Roma,2,3,0.636151,3.02085
29137,EPL,2025,2026-05-10 16:30:00,West Ham,Arsenal,0,1,1.32011,1.42953
29506,La_Liga,2025,2026-05-10 16:30:00,Real Oviedo,Getafe,0,0,0.570226,1.40609
30517,Bundesliga,2025,2026-05-10 17:30:00,Mainz 05,Union Berlin,1,3,2.09983,2.94155
30200,Serie_A,2025,2026-05-10 18:45:00,AC Milan,Atalanta,2,3,2.28396,1.60752
29500,La_Liga,2025,2026-05-10 19:00:00,Barcelona,Real Madrid,2,0,1.72002,0.562101
29826,Ligue_1,2025,2026-05-10 19:00:00,Angers,Strasbourg,1,1,0.793655,1.81952
29827,Ligue_1,2025,2026-05-10 19:00:00,Auxerre,Nice,2,1,0.866185,2.07007
29828,Ligue_1,2025,2026-05-10 19:00:00,Le Havre,Marseille,0,1,1.23305,1.03467
29830,Ligue_1,2025,2026-05-10 19:00:00,Metz,Lorient,0,4,0.730271,1.76754
29831,Ligue_1,2025,2026-05-10 19:00:00,Monaco,Lille,0,1,0.308864,0.400405
29832,Ligue_1,2025,2026-05-10 19:00:00,Paris Saint Germain,Brest,1,0,1.608,0.123268
29833,Ligue_1,2025,2026-05-10 19:00:00,Rennes,Paris FC,2,1,1.53143,1.59351
29834,Ligue_1,2025,2026-05-10 19:00:00,Toulouse,Lyon,2,1,1.87108,1.56954
30201,Serie_A,2025,2026-05-11 18:45:00,Napoli,Bologna,2,3,1.22739,1.12339
29507,La_Liga,2025,2026-05-11 19:00:00,Rayo Vallecano,Girona,1,1,1.79488,1.12895
29136,EPL,2025,2026-05-11 20:00:00,Tottenham,Leeds,1,1,1.49036,1.86976
29510,La_Liga,2025,2026-05-12 17:00:00,Celta Vigo,Levante,2,3,1.92053,1.52943
29509,La_Liga,2025,2026-05-12 18:00:00,Real Betis,Elche,2,1,1.97559,0.342743
29514,La_Liga,2025,2026-05-12 19:30:00,Osasuna,Atletico Madrid,1,2,2.41049,1.8226
29513,La_Liga,2025,2026-05-13 17:00:00,Espanyol,Athletic Club,2,0,0.8471,0.886467
29516,La_Liga,2025,2026-05-13 17:00:00,Villarreal,Sevilla,2,3,0.952333,0.917489
29791,Ligue_1,2025,2026-05-13 17:00:00,Brest,Strasbourg,1,2,2.64653,1.69163
29792,Ligue_1,2025,2026-05-13 19:00:00,Lens,Paris Saint Germain,0,2,3.03896,0.943876
29508,La_Liga,2025,2026-05-13 19:30:00,Alaves,Barcelona,1,0,0.95347,0.356356
29511,La_Liga,2025,2026-05-13 19:30:00,Getafe,Mallorca,3,1,1.82108,0.412059
29084,EPL,2025,2026-05-13 20:00:00,Manchester City,Crystal Palace,3,0,1.95679,0.428862
29515,La_Liga,2025,2026-05-14 17:00:00,Valencia,Rayo Vallecano,1,1,0.938336,1.53041
29512,La_Liga,2025,2026-05-14 18:00:00,Girona,Real Sociedad,1,1,2.68586,0.553216
29517,La_Liga,2025,2026-05-14 19:30:00,Real Madrid,Real Oviedo,2,0,1.74088,1.18679
29140,EPL,2025,2026-05-15 20:00:00,Aston Villa,Liverpool,4,2,2.5252,1.55027
30521,Bundesliga,2025,2026-05-16 13:30:00,Bayer Leverkusen,Hamburger SV,1,1,3.08571,1.63049
30522,Bundesliga,2025,2026-05-16 13:30:00,Bayern Munich,FC Cologne,5,1,2.81515,0.880203
30523,Bundesliga,2025,2026-05-16 13:30:00,Borussia M.Gladbach,Hoffenheim,4,0,0.845598,1.77286
30524,Bundesliga,2025,2026-05-16 13:30:00,Eintracht Frankfurt,VfB Stuttgart,2,2,2.99231,1.81013
30526,Bundesliga,2025,2026-05-16 13:30:00,FC Heidenheim,Mainz 05,0,2,3.03813,3.90834
30525,Bundesliga,2025,2026-05-16 13:30:00,Freiburg,RasenBallsport Leipzig,4,1,2.54392,1.51341
30527,Bundesliga,2025,2026-05-16 13:30:00,St. Pauli,Wolfsburg,1,3,1.98722,4.0649
30528,Bundesliga,2025,2026-05-16 13:30:00,Union Berlin,Augsburg,4,0,2.45125,0.506181
30529,Bundesliga,2025,2026-05-16 13:30:00,Werder Bremen,Borussia Dortmund,0,2,0.530615,3.37413
30206,Serie_A,2025,2026-05-17 10:30:00,Como,Parma Calcio 1913,1,0,2.72094,0.483046
30207,Serie_A,2025,2026-05-17 10:30:00,Genoa,AC Milan,1,2,1.66881,1.55422
30209,Serie_A,2025,2026-05-17 10:30:00,Juventus,Fiorentina,0,2,1.96289,0.513716
30210,Serie_A,2025,2026-05-17 10:30:00,Pisa,Napoli,0,3,0.721322,1.42016
30211,Serie_A,2025,2026-05-17 10:30:00,Roma,Lazio,2,0,1.31805,0.766648
29145,EPL,2025,2026-05-17 12:30:00,Manchester United,Nottingham Forest,3,2,4.28532,1.84418
30208,Serie_A,2025,2026-05-17 13:00:00,Inter,Verona,1,1,2.84143,0.911763
29141,EPL,2025,2026-05-17 15:00:00,Brentford,Crystal Palace,2,2,1.54564,1.82274
29143,EPL,2025,2026-05-17 15:00:00,Everton,Sunderland,1,3,1.32181,1.28383
29144,EPL,2025,2026-05-17 15:00:00,Leeds,Brighton,1,0,0.747756,2.23238
29147,EPL,2025,2026-05-17 15:00:00,Wolverhampton Wanderers,Fulham,1,1,1.49725,1.48412
30204,Serie_A,2025,2026-05-17 16:00:00,Atalanta,Bologna,0,1,0.871381,1.06559
29518,La_Liga,2025,2026-05-17 17:00:00,Athletic Club,Celta Vigo,1,1,2.90368,0.307867
29520,La_Liga,2025,2026-05-17 17:00:00,Atletico Madrid,Girona,1,0,2.70772,2.0015
29519,La_Liga,2025,2026-05-17 17:00:00,Barcelona,Real Betis,3,1,1.59946,0.985477
29527,La_Liga,2025,2026-05-17 17:00:00,Elche,Getafe,1,0,0.691836,0.0944069
29525,La_Liga,2025,2026-05-17 17:00:00,Levante,Mallorca,2,0,2.43681,0.438978
29523,La_Liga,2025,2026-05-17 17:00:00,Osasuna,Espanyol,1,2,1.81152,0.947142
29526,La_Liga,2025,2026-05-17 17:00:00,Rayo Vallecano,Villarreal,2,0,1.92496,0.654975
29522,La_Liga,2025,2026-05-17 17:00:00,Real Oviedo,Alaves,0,1,0.631265,1.28286
29521,La_Liga,2025,2026-05-17 17:00:00,Real Sociedad,Valencia,3,4,1.30267,1.99329
29524,La_Liga,2025,2026-05-17 17:00:00,Sevilla,Real Madrid,0,1,0.683481,1.47378
29146,EPL,2025,2026-05-17 17:30:00,Newcastle United,West Ham,3,1,2.1336,0.957771
30205,Serie_A,2025,2026-05-17 18:45:00,Cagliari,Torino,2,1,1.75883,1.33301
30212,Serie_A,2025,2026-05-17 18:45:00,Sassuolo,Lecce,2,3,3.04719,1.29547
30213,Serie_A,2025,2026-05-17 18:45:00,Udinese,Cremonese,0,1,0.270585,0.671214
29835,Ligue_1,2025,2026-05-17 19:00:00,Brest,Angers,1,1,2.38724,1.06418
29836,Ligue_1,2025,2026-05-17 19:00:00,Lille,Auxerre,0,2,1.22445,0.615778
29837,Ligue_1,2025,2026-05-17 19:00:00,Lorient,Le Havre,0,2,1.26937,1.28765
29838,Ligue_1,2025,2026-05-17 19:00:00,Lyon,Lens,0,4,1.12358,2.01573
29839,Ligue_1,2025,2026-05-17 19:00:00,Marseille,Rennes,3,1,3.90151,2.20696
29841,Ligue_1,2025,2026-05-17 19:00:00,Nice,Metz,0,0,1.216,0.836784
29842,Ligue_1,2025,2026-05-17 19:00:00,Paris FC,Paris Saint Germain,2,1,2.32862,0.863934
29843,Ligue_1,2025,2026-05-17 19:00:00,Strasbourg,Monaco,5,4,2.11536,1.44729
29139,EPL,2025,2026-05-18 20:00:00,Arsenal,Burnley,1,0,1.22695,0.194884
29138,EPL,2025,2026-05-19 19:30:00,Bournemouth,Manchester City,1,1,1.71486,1.26917
29142,EPL,2025,2026-05-19 20:15:00,Chelsea,Tottenham,2,1,1.09262,2.15227
30216,Serie_A,2025,2026-05-22 18:45:00,Fiorentina,Atalanta,1,1,1.14732,1.58663
30214,Serie_A,2025,2026-05-23 16:00:00,Bologna,Inter,3,3,1.59682,1.18652
30217,Serie_A,2025,2026-05-23 18:45:00,Lazio,Pisa,2,1,1.02094,1.16758
29528,La_Liga,2025,2026-05-23 19:00:00,Alaves,Rayo Vallecano,1,2,1.72468,1.64691
29530,La_Liga,2025,2026-05-23 19:00:00,Celta Vigo,Sevilla,1,0,1.61801,0.755735
29531,La_Liga,2025,2026-05-23 19:00:00,Espanyol,Real Sociedad,1,1,2.14307,1.23238
29536,La_Liga,2025,2026-05-23 19:00:00,Getafe,Osasuna,1,0,0.264137,0.800038
29535,La_Liga,2025,2026-05-23 19:00:00,Girona,Elche,1,1,0.668034,0.495408
29537,La_Liga,2025,2026-05-23 19:00:00,Mallorca,Real Oviedo,3,0,3.50774,0.243154
29529,La_Liga,2025,2026-05-23 19:00:00,Real Betis,Levante,2,1,1.8664,2.36717
29532,La_Liga,2025,2026-05-23 19:00:00,Real Madrid,Athletic Club,4,2,1.95397,1.4543
29534,La_Liga,2025,2026-05-23 19:00:00,Valencia,Barcelona,3,1,1.83367,1.29336
30221,Serie_A,2025,2026-05-24 13:00:00,Parma Calcio 1913,Sassuolo,1,0,1.51292,1.06783
29148,EPL,2025,2026-05-24 15:00:00,Brighton,Manchester United,0,3,0.702398,2.32868
29149,EPL,2025,2026-05-24 15:00:00,Burnley,Wolverhampton Wanderers,1,1,1.28476,2.8433
29150,EPL,2025,2026-05-24 15:00:00,Crystal Palace,Arsenal,1,2,1.00492,3.90645
29151,EPL,2025,2026-05-24 15:00:00,Fulham,Newcastle United,2,0,1.72878,0.24232
29152,EPL,2025,2026-05-24 15:00:00,Liverpool,Brentford,1,1,2.99412,1.46082
29153,EPL,2025,2026-05-24 15:00:00,Manchester City,Aston Villa,1,2,1.38085,2.4397
29154,EPL,2025,2026-05-24 15:00:00,Nottingham Forest,Bournemouth,1,1,2.05852,1.33684
29155,EPL,2025,2026-05-24 15:00:00,Sunderland,Chelsea,2,1,2.33109,0.920885
29156,EPL,2025,2026-05-24 15:00:00,Tottenham,Everton,1,0,1.40597,0.268476
29157,EPL,2025,2026-05-24 15:00:00,West Ham,Leeds,3,0,2.73135,1.94969
30220,Serie_A,2025,2026-05-24 16:00:00,Napoli,Udinese,1,0,1.55853,0.517372
30219,Serie_A,2025,2026-05-24 18:45:00,AC Milan,Cagliari,1,2,1.75953,3.43624
30215,Serie_A,2025,2026-05-24 18:45:00,Cremonese,Como,1,4,0.977192,2.6911
30218,Serie_A,2025,2026-05-24 18:45:00,Lecce,Genoa,1,0,2.21387,0.782331
30222,Serie_A,2025,2026-05-24 18:45:00,Torino,Juventus,2,2,0.950066,2.53427
30223,Serie_A,2025,2026-05-24 18:45:00,Verona,Roma,0,2,0.597669,3.55506
29533,La_Liga,2025,2026-05-24 19:00:00,Villarreal,Atletico Madrid,5,1,2.80441,1.58431
