ts,event,id_fixture,fields
2026-06-26 16:04:52,start id_fixture,1610764581,
2026-06-26 16:04:53,ok id,1610764581,9
2026-06-26 16:05:34,start id_fixture,1610764580,
2026-06-26 16:05:35,ok id,1610764580,9
2026-06-26 16:06:28,start id_fixture,1613234586,
2026-06-26 16:06:29,ok id,1613234586,9
2026-06-26 16:06:58,start id_fixture,1613234522,
2026-06-26 16:06:58,ok id,1613234522,9
2026-06-26 16:07:53,start id_fixture,1613338717,
2026-06-26 16:07:54,ok id,1613338717,9
2026-06-26 16:08:24,start id_fixture,1613338716,
2026-06-26 16:08:25,ok id,1613338716,9
2026-06-26 16:08:48,start id_fixture,1613331981,
2026-06-26 16:08:49,ok id,1613331981,9
2026-06-26 16:09:16,start id_fixture,1613324793,
2026-06-26 16:09:17,ok id,1613324793,9
2026-06-26 16:10:04,start id_fixture,1613446259,
2026-06-26 16:10:05,ok id,1613446259,9
2026-06-26 16:10:30,start id_fixture,1613440612,
2026-06-26 16:10:31,ok id,1613440612,9
2026-06-26 16:10:54,start id_fixture,1613440577,
2026-06-26 16:10:55,ok id,1613440577,9
2026-06-26 16:11:20,start id_fixture,1613440576,
2026-06-26 16:11:21,ok id,1613440576,9
2026-06-26 16:12:36,start id_fixture,1614037143,
2026-06-26 16:12:37,ok id,1614037143,9
2026-06-26 16:13:09,start id_fixture,1614037146,
2026-06-26 16:13:10,ok id,1614037146,9
2026-06-26 16:13:44,start id_fixture,1614037145,
2026-06-26 16:13:45,ok id,1614037145,9
2026-06-26 16:14:44,start id_fixture,1614003832,
2026-06-26 16:14:45,ok id,1614003832,9
2026-06-26 16:15:15,start id_fixture,1614031942,
2026-06-26 16:15:16,ok id,1614031942,9
2026-06-26 16:16:47,start id_fixture,1614031943,
2026-06-26 16:16:47,ok id,1614031943,9
2026-06-26 16:17:27,start id_fixture,1614037144,
2026-06-26 16:17:28,ok id,1614037144,9
2026-06-26 16:21:50,start id_fixture,1614037142,
2026-06-26 16:21:51,ok id,1614037142,9
2026-06-26 16:24:34,start id_fixture,1614003833,
2026-06-26 16:24:35,ok id,1614003833,9
2026-06-26 16:24:55,start id_fixture,1614031941,
2026-06-26 16:24:56,ok id,1614031941,9
2026-06-26 16:25:56,start id_fixture,1614593730,
2026-06-26 16:25:56,ok id,1614593730,9
2026-06-26 16:26:50,start id_fixture,1614593731,
2026-06-26 16:26:50,ok id,1614593731,9
2026-06-26 16:27:24,start id_fixture,1614588922,
2026-06-26 16:27:25,ok id,1614588922,9
2026-06-26 16:28:05,start id_fixture,101033052,
2026-06-26 16:28:06,userbet error id,101033052,
2026-06-26 16:29:15,start id_fixture,101033052,
2026-06-26 16:29:16,userbet error id,101033052,
2026-06-26 16:29:21,start id_fixture,101033052,
2026-06-26 16:29:22,userbet error id,101033052,
2026-06-26 16:29:42,start id_fixture,1614589041,
2026-06-26 16:29:43,ok id,1614589041,9
2026-06-26 16:34:16,start id_fixture,1614593729,
2026-06-26 16:34:17,ok id,1614593729,9
2026-06-26 16:34:37,start id_fixture,1614589042,
2026-06-26 16:34:38,ok id,1614589042,9
2026-06-26 16:35:13,start id_fixture,1614588924,
2026-06-26 16:35:14,ok id,1614588924,9
2026-06-26 16:35:32,start id_fixture,1614588921,
2026-06-26 16:35:33,ok id,1614588921,9
2026-06-26 16:35:50,start id_fixture,1614588925,
2026-06-26 16:35:51,ok id,1614588925,9
2026-06-26 16:37:54,start id_fixture,1614588923,
2026-06-26 16:37:55,ok id,1614588923,9
2026-06-26 16:38:45,start id_fixture,1615193163,
2026-06-26 16:38:46,ok id,1615193163,9
2026-06-26 16:38:58,start id_fixture,1615174992,
2026-06-26 16:38:59,ok id,1615174992,9
2026-06-26 16:39:14,start id_fixture,1615166995,
2026-06-26 16:39:15,ok id,1615166995,9
2026-06-26 16:40:01,start id_fixture,1615313017,
2026-06-26 16:40:01,ok id,1615313017,9
2026-06-26 16:40:47,start id_fixture,1615303842,
2026-06-26 16:40:48,ok id,1615303842,9
2026-06-26 16:41:02,start id_fixture,1615290952,
2026-06-26 16:41:03,ok id,1615290952,9
2026-06-26 16:41:29,start id_fixture,1615290951,
2026-06-26 16:41:30,ok id,1615290951,9
2026-06-26 16:41:51,start id_fixture,1615277598,
2026-06-26 16:41:52,ok id,1615277598,9
2026-06-26 16:49:01,start id_fixture,1615396519,
2026-06-26 16:49:02,ok id,1615396519,9
2026-06-26 16:49:25,start id_fixture,1615393539,
2026-06-26 16:49:26,ok id,1615393539,9
2026-06-26 16:50:31,start id_fixture,1615652398,
2026-06-26 16:50:32,ok id,1615652398,9
2026-06-26 16:51:46,start id_fixture,1615713953,
2026-06-26 16:51:47,ok id,1615713953,9
2026-06-26 16:52:06,start id_fixture,1615709386,
2026-06-26 16:52:06,ok id,1615709386,9
2026-06-26 16:52:34,start id_fixture,1615722620,
2026-06-26 16:52:35,ok id,1615722620,9
2026-06-26 16:53:02,start id_fixture,1615731096,
2026-06-26 16:53:03,ok id,1615731096,9
2026-06-26 16:54:07,start id_fixture,1615836030,
2026-06-26 16:54:08,ok id,1615836030,9
2026-06-26 16:54:35,start id_fixture,1615845210,
2026-06-26 16:54:36,ok id,1615845210,9
2026-06-26 16:55:25,start id_fixture,1615840013,
2026-06-26 16:55:26,ok id,1615840013,9
2026-06-26 16:55:58,start id_fixture,1615850304,
2026-06-26 16:55:59,ok id,1615850304,9
2026-06-26 16:56:26,start id_fixture,1615856448,
2026-06-26 16:56:27,ok id,1615856448,9
2026-06-26 16:57:21,start id_fixture,1616854059,
2026-06-26 16:57:22,ok id,1616854059,9
2026-06-26 16:57:40,start id_fixture,1616851726,
2026-06-26 16:57:41,ok id,1616851726,9
2026-06-26 16:58:24,start id_fixture,1616864343,
2026-06-26 16:58:25,ok id,1616864343,9
2026-06-26 16:58:56,start id_fixture,1616870010,
2026-06-26 16:58:57,ok id,1616870010,9
2026-06-26 16:59:42,start id_fixture,1616879346,
2026-06-26 16:59:43,ok id,1616879346,9
2026-06-26 17:00:23,start id_fixture,1616870057,
2026-06-26 17:00:24,ok id,1616870057,9
2026-06-26 17:26:36,start id_fixture,1616873857,
2026-06-26 17:26:38,ok id,1616873857,9
2026-06-26 17:27:10,start id_fixture,1616873858,
2026-06-26 17:27:11,ok id,1616873858,9
2026-06-26 17:28:14,start id_fixture,1616870058,
2026-06-26 17:28:15,ok id,1616870058,9
2026-06-26 17:29:11,start id_fixture,1616870059,
2026-06-26 17:29:12,ok id,1616870059,9
2026-06-26 17:29:56,start id_fixture,1616990727,
2026-06-26 17:29:57,ok id,1616990727,9
2026-06-26 17:31:09,start id_fixture,1616994660,
2026-06-26 17:31:10,ok id,1616994660,9
2026-06-26 17:31:32,start id_fixture,1616990725,
2026-06-26 17:31:33,ok id,1616990725,9
2026-06-26 17:31:48,start id_fixture,1616984304,
2026-06-26 17:31:49,ok id,1616984304,9
2026-06-26 17:33:01,start id_fixture,1616990723,
2026-06-26 17:33:02,ok id,1616990723,9
2026-06-26 17:40:46,start id_fixture,1616984303,
2026-06-26 17:40:47,ok id,1616984303,9
2026-06-26 17:41:06,start id_fixture,1616994659,
2026-06-26 17:41:06,ok id,1616994659,9
2026-06-26 17:41:27,start id_fixture,1616990724,
2026-06-26 17:41:28,ok id,1616990724,9
2026-06-26 17:41:49,start id_fixture,1616990726,
2026-06-26 17:41:50,ok id,1616990726,9
2026-06-26 17:42:14,start id_fixture,1616984305,
2026-06-26 17:42:15,ok id,1616984305,9
2026-06-26 17:42:45,start id_fixture,1617374763,
2026-06-26 17:42:45,ok id,1617374763,9
2026-06-26 17:43:01,start id_fixture,1617375811,
2026-06-26 17:43:02,ok id,1617375811,9
2026-06-26 17:43:41,start id_fixture,1617413232,
2026-06-26 17:43:42,ok id,1617413232,9
2026-06-26 17:44:32,start id_fixture,1617413231,
2026-06-26 17:44:32,ok id,1617413231,9
2026-06-26 17:44:52,start id_fixture,1617405631,
2026-06-26 17:44:53,ok id,1617405631,9
2026-06-26 17:45:12,start id_fixture,1617422549,
2026-06-26 17:45:13,ok id,1617422549,9
2026-06-26 17:45:30,start id_fixture,1617413307,
2026-06-26 17:45:31,ok id,1617413307,9
2026-06-26 17:45:46,start id_fixture,1617413164,
2026-06-26 17:45:47,ok id,1617413164,9
2026-06-26 17:46:35,start id_fixture,1617496098,
2026-06-26 17:46:36,ok id,1617496098,9
2026-06-26 17:46:52,start id_fixture,1617518951,
2026-06-26 17:46:53,ok id,1617518951,9
2026-06-26 17:47:52,start id_fixture,1617635259,
2026-06-26 17:47:53,ok id,1617635259,9
2026-06-26 17:48:05,start id_fixture,1617652449,
2026-06-26 17:48:06,ok id,1617652449,9
2026-06-26 17:48:23,start id_fixture,1617652505,
2026-06-26 17:48:24,ok id,1617652505,9
2026-06-26 17:48:58,start id_fixture,1617778541,
2026-06-26 17:48:59,ok id,1617778541,9
2026-06-26 17:49:18,start id_fixture,1617779255,
2026-06-26 17:49:19,ok id,1617779255,9
2026-06-26 17:49:40,start id_fixture,1617778688,
2026-06-26 17:49:41,ok id,1617778688,9
2026-06-26 17:50:11,start id_fixture,1617782449,
2026-06-26 17:50:11,ok id,1617782449,9
2026-06-26 17:50:40,start id_fixture,1617782411,
2026-06-26 17:50:41,ok id,1617782411,9
2026-06-26 18:00:12,start id_fixture,1617861324,
2026-06-26 18:00:13,ok id,1617861324,9
2026-06-26 18:01:00,start id_fixture,1617862308,
2026-06-26 18:01:01,ok id,1617862308,9
2026-06-26 18:01:34,start id_fixture,1618125619,
2026-06-26 18:01:35,ok id,1618125619,9
2026-06-26 18:02:49,start id_fixture,1618172611,
2026-06-26 18:02:50,ok id,1618172611,9
2026-06-26 18:03:12,start id_fixture,1618174888,
2026-06-26 18:03:13,ok id,1618174888,9
2026-06-26 18:03:32,start id_fixture,1618181120,
2026-06-26 18:03:33,ok id,1618181120,9
2026-06-26 18:03:59,start id_fixture,1618203058,
2026-06-26 18:04:00,ok id,1618203058,9
2026-06-26 18:04:44,start id_fixture,1618298011,
2026-06-26 18:04:45,ok id,1618298011,9
2026-06-26 18:05:02,start id_fixture,1618307420,
2026-06-26 18:05:03,ok id,1618307420,9
2026-06-26 18:05:25,start id_fixture,1618303054,
2026-06-26 18:05:26,ok id,1618303054,9
2026-06-26 18:05:42,start id_fixture,1618323259,
2026-06-26 18:05:42,ok id,1618323259,9
2026-06-26 18:05:56,start id_fixture,1618329849,
2026-06-26 18:05:57,ok id,1618329849,9
2026-06-26 18:42:38,start id_fixture,1618917107,
2026-06-26 18:42:39,ok id,1618917107,9
2026-06-26 18:43:28,start id_fixture,1618899364,
2026-06-26 18:43:29,ok id,1618899364,9
2026-06-26 18:44:01,start id_fixture,1618917118,
2026-06-26 18:44:02,ok id,1618917118,9
2026-06-26 18:44:26,start id_fixture,1618917104,
2026-06-26 18:44:27,ok id,1618917104,9
2026-06-26 18:45:30,start id_fixture,1618917115,
2026-06-26 18:45:31,ok id,1618917115,9
2026-06-26 18:45:57,start id_fixture,1618918942,
2026-06-26 18:45:58,ok id,1618918942,9
2026-06-26 18:46:45,start id_fixture,1618899365,
2026-06-26 18:46:45,ok id,1618899365,9
2026-06-26 18:47:38,start id_fixture,1618917117,
2026-06-26 18:47:39,ok id,1618917117,9
2026-06-26 18:48:36,start id_fixture,1618917109,
2026-06-26 18:48:37,ok id,1618917109,9
2026-06-26 18:48:56,start id_fixture,1618918944,
2026-06-26 18:48:57,ok id,1618918944,9
2026-06-26 18:49:45,start id_fixture,1619456921,
2026-06-26 18:49:46,ok id,1619456921,9
2026-06-26 18:50:49,start id_fixture,1619454453,
2026-06-26 18:50:50,ok id,1619454453,9
2026-06-26 18:51:12,start id_fixture,1619456919,
2026-06-26 18:51:13,ok id,1619456919,9
2026-06-26 18:51:33,start id_fixture,1619456918,
2026-06-26 18:51:34,ok id,1619456918,9
2026-06-26 18:52:04,start id_fixture,1619456914,
2026-06-26 18:52:05,ok id,1619456914,9
2026-06-26 18:52:48,start id_fixture,1619454459,
2026-06-26 18:52:49,ok id,1619454459,9
2026-06-26 18:53:12,start id_fixture,1619454348,
2026-06-26 18:53:13,ok id,1619454348,9
2026-06-26 18:53:38,start id_fixture,1619454454,
2026-06-26 18:53:38,ok id,1619454454,9
2026-06-26 18:53:55,start id_fixture,1619454346,
2026-06-26 18:53:56,ok id,1619454346,9
2026-06-26 18:54:39,start id_fixture,1619454347,
2026-06-26 18:54:40,ok id,1619454347,9
2026-06-26 18:55:15,start id_fixture,1619926467,
2026-06-26 18:55:16,ok id,1619926467,9
2026-06-26 18:55:32,start id_fixture,1619944609,
2026-06-26 18:55:33,ok id,1619944609,9
2026-06-26 18:55:48,start id_fixture,1619950177,
2026-06-26 18:55:49,ok id,1619950177,9
2026-06-26 18:56:27,start id_fixture,1620020702,
2026-06-26 18:56:27,ok id,1620020702,9
2026-06-26 18:56:41,start id_fixture,1620041061,
2026-06-26 18:56:42,ok id,1620041061,9
2026-06-26 18:56:57,start id_fixture,1620062842,
2026-06-26 18:56:58,ok id,1620062842,9
2026-06-26 18:57:14,start id_fixture,1620062911,
2026-06-26 18:57:15,ok id,1620062911,9
2026-06-26 18:57:45,start id_fixture,1620128139,
2026-06-26 18:57:46,ok id,1620128139,9
2026-06-26 18:58:05,start id_fixture,1620122242,
2026-06-26 18:58:06,ok id,1620122242,9
2026-06-26 18:58:22,start id_fixture,1620128140,
2026-06-26 18:58:23,ok id,1620128140,9
2026-06-26 18:58:54,start id_fixture,1620331120,
2026-06-26 18:58:55,ok id,1620331120,9
2026-06-26 18:59:03,start id_fixture,1629931372,
2026-06-26 18:59:04,ok id,1629931372,9
2026-06-26 18:59:37,start id_fixture,1620395006,
2026-06-26 18:59:38,ok id,1620395006,9
2026-06-26 19:00:04,start id_fixture,1620401050,
2026-06-26 19:00:05,ok id,1620401050,9
2026-06-26 19:00:28,start id_fixture,1620409472,
2026-06-26 19:00:29,ok id,1620409472,9
2026-06-26 19:01:03,start id_fixture,1620481120,
2026-06-26 19:01:04,ok id,1620481120,9
2026-06-26 19:01:20,start id_fixture,1620490406,
2026-06-26 19:01:21,ok id,1620490406,9
2026-06-26 19:01:32,start id_fixture,1629916054,
2026-06-26 19:01:33,ok id,1629916054,9
2026-06-26 19:01:38,start id_fixture,1620490411,
2026-06-26 19:01:39,ok id,1620490411,9
2026-06-26 19:02:00,start id_fixture,1620501765,
2026-06-26 19:02:01,ok id,1620501765,9
2026-06-26 19:02:19,start id_fixture,1620508338,
2026-06-26 19:02:19,ok id,1620508338,9
2026-06-26 19:02:41,start id_fixture,1629931370,
2026-06-26 19:02:42,ok id,1629931370,9
2026-06-26 19:02:46,start id_fixture,1620572854,
2026-06-26 19:02:47,ok id,1620572854,9
2026-06-26 19:03:10,start id_fixture,1629913914,
2026-06-26 19:03:11,ok id,1629913914,9
2026-06-26 19:03:32,start id_fixture,1629913915,
2026-06-26 19:03:33,ok id,1629913915,9
2026-06-26 19:03:38,start id_fixture,1620818250,
2026-06-26 19:03:39,ok id,1620818250,9
2026-06-26 19:04:00,start id_fixture,1620834890,
2026-06-26 19:04:01,ok id,1620834890,9
2026-06-26 19:04:03,start id_fixture,1629931369,
2026-06-26 19:04:04,ok id,1629931369,9
2026-06-26 19:04:36,start id_fixture,1629916055,
2026-06-26 19:04:37,ok id,1629916055,9
2026-06-26 19:04:48,start id_fixture,1620889050,
2026-06-26 19:04:49,ok id,1620889050,9
2026-06-26 19:05:09,start id_fixture,1620916753,
2026-06-26 19:05:10,ok id,1620916753,9
2026-06-26 19:05:12,start id_fixture,1629931373,
2026-06-26 19:05:13,ok id,1629931373,9
2026-06-26 19:05:43,start id_fixture,1620936211,
2026-06-26 19:05:43,start id_fixture,1629931371,
2026-06-26 19:05:44,ok id,1620936211,9
2026-06-26 19:05:46,ok id,1629931371,9
2026-06-26 19:06:07,start id_fixture,1620936283,
2026-06-26 19:06:08,ok id,1620936283,9
2026-06-26 19:06:22,start id_fixture,1629913913,
2026-06-26 19:06:23,ok id,1629913913,9
2026-06-26 19:06:50,start id_fixture,1621171446,
2026-06-26 19:06:52,ok id,1621171446,9
2026-06-26 19:07:13,start id_fixture,1621178801,
2026-06-26 19:07:14,ok id,1621178801,9
2026-06-26 19:07:32,start id_fixture,1621178800,
2026-06-26 19:07:33,ok id,1621178800,9
2026-06-26 19:08:00,start id_fixture,1621210460,
2026-06-26 19:08:01,ok id,1621210460,9
2026-06-26 19:08:21,start id_fixture,1621210514,
2026-06-26 19:08:22,ok id,1621210514,9
2026-06-26 19:09:37,start id_fixture,1629401569,
2026-06-26 19:09:38,ok id,1629401569,9
2026-06-26 19:10:03,start id_fixture,1629375503,
2026-06-26 19:10:04,ok id,1629375503,9
2026-06-26 19:10:29,start id_fixture,1629385718,
2026-06-26 19:10:31,ok id,1629385718,9
2026-06-26 19:11:03,start id_fixture,1629360495,
2026-06-26 19:11:04,ok id,1629360495,9
2026-06-26 19:11:36,start id_fixture,1629410080,
2026-06-26 19:11:37,ok id,1629410080,9
2026-06-26 19:14:34,start id_fixture,1621244275,
2026-06-26 19:14:35,ok id,1621244275,9
2026-06-26 19:14:51,start id_fixture,1621256315,
2026-06-26 19:14:52,ok id,1621256315,9
2026-06-26 19:15:07,start id_fixture,1621280035,
2026-06-26 19:15:08,ok id,1621280035,9
2026-06-26 19:15:28,start id_fixture,1621284607,
2026-06-26 19:15:29,ok id,1621284607,9
2026-06-26 19:15:53,start id_fixture,1629275019,
2026-06-26 19:15:54,ok id,1629275019,9
2026-06-26 19:15:57,start id_fixture,1621316230,
2026-06-26 19:15:58,ok id,1621316230,9
2026-06-26 19:16:13,start id_fixture,1629271858,
2026-06-26 19:16:14,ok id,1629271858,9
2026-06-26 19:16:30,start id_fixture,1629239668,
2026-06-26 19:16:31,ok id,1629239668,9
2026-06-26 19:16:47,start id_fixture,1621460738,
2026-06-26 19:16:49,ok id,1621460738,9
2026-06-26 19:17:24,start id_fixture,1621465383,
2026-06-26 19:17:25,ok id,1621465383,9
2026-06-26 19:17:25,start id_fixture,1629210543,
2026-06-26 19:17:27,ok id,1629210543,9
2026-06-26 19:17:39,start id_fixture,1621474080,
2026-06-26 19:17:40,ok id,1621474080,9
2026-06-26 19:18:01,start id_fixture,1621474078,
2026-06-26 19:18:02,ok id,1621474078,9
2026-06-26 19:18:25,start id_fixture,1621502545,
2026-06-26 19:18:25,ok id,1621502545,9
2026-06-26 19:18:47,start id_fixture,1621502569,
2026-06-26 19:18:48,ok id,1621502569,9
2026-06-26 19:19:21,start id_fixture,1621533244,
2026-06-26 19:19:22,ok id,1621533244,9
2026-06-26 19:19:45,start id_fixture,1621546831,
2026-06-26 19:19:46,ok id,1621546831,9
2026-06-26 19:19:59,start id_fixture,1621546912,
2026-06-26 19:20:00,ok id,1621546912,9
2026-06-26 19:20:09,start id_fixture,1628786093,
2026-06-26 19:20:10,ok id,1628786093,9
2026-06-26 19:20:14,start id_fixture,1621571763,
2026-06-26 19:20:15,ok id,1621571763,9
2026-06-26 19:20:33,start id_fixture,1628786095,
2026-06-26 19:20:34,ok id,1628786095,9
2026-06-26 19:21:14,start id_fixture,1628790352,
2026-06-26 19:21:15,ok id,1628790352,9
2026-06-26 19:21:57,start id_fixture,1621600570,
2026-06-26 19:21:58,ok id,1621600570,9
2026-06-26 19:22:05,start id_fixture,1628786090,
2026-06-26 19:22:06,ok id,1628786090,9
2026-06-26 19:22:20,start id_fixture,1621605820,
2026-06-26 19:22:21,ok id,1621605820,9
2026-06-26 19:22:37,start id_fixture,1621600617,
2026-06-26 19:22:38,start id_fixture,1628791444,
2026-06-26 19:22:38,ok id,1621600617,9
2026-06-26 19:22:40,ok id,1628791444,9
2026-06-26 19:23:11,start id_fixture,1628786092,
2026-06-26 19:23:12,ok id,1628786092,9
2026-06-26 19:25:20,start id_fixture,1629271858,
2026-06-26 19:25:21,ok id,1629271858,9
2026-06-26 19:26:43,start id_fixture,1628790355,
2026-06-26 19:26:44,ok id,1628790355,9
2026-06-26 19:27:04,start id_fixture,1628790353,
2026-06-26 19:27:04,ok id,1628790353,9
2026-06-26 19:27:24,start id_fixture,1628786091,
2026-06-26 19:27:25,ok id,1628786091,9
2026-06-26 19:27:50,start id_fixture,1621619956,
2026-06-26 19:27:51,ok id,1621619956,9
2026-06-26 19:28:13,start id_fixture,1621646301,
2026-06-26 19:28:14,ok id,1621646301,9
2026-06-26 19:28:51,start id_fixture,1621646335,
2026-06-26 19:28:52,ok id,1621646335,9
2026-06-26 19:29:06,start id_fixture,1621643199,
2026-06-26 19:29:07,ok id,1621643199,9
2026-06-26 19:29:30,start id_fixture,1621646334,
2026-06-26 19:29:31,ok id,1621646334,9
2026-06-26 19:34:53,start id_fixture,1621654405,
2026-06-26 19:34:54,ok id,1621654405,9
2026-06-26 19:35:27,start id_fixture,1621654436,
2026-06-26 19:35:28,ok id,1621654436,9
2026-06-26 19:36:41,start id_fixture,1621698143,
2026-06-26 19:36:42,ok id,1621698143,9
2026-06-26 19:36:57,start id_fixture,1621690353,
2026-06-26 19:36:58,ok id,1621690353,9
2026-06-26 19:37:17,start id_fixture,1621690374,
2026-06-26 19:37:18,ok id,1621690374,9
2026-06-26 19:37:41,start id_fixture,1621694222,
2026-06-26 19:37:42,ok id,1621694222,9
2026-06-26 19:38:51,start id_fixture,1621714889,
2026-06-26 19:38:52,ok id,1621714889,9
2026-06-26 19:39:10,start id_fixture,1621717723,
2026-06-26 19:39:11,ok id,1621717723,9
2026-06-26 19:39:31,start id_fixture,1621748102,
2026-06-26 19:39:32,ok id,1621748102,9
2026-06-26 19:39:47,start id_fixture,1621759246,
2026-06-26 19:39:48,ok id,1621759246,9
2026-06-26 19:40:28,start id_fixture,1621778627,
2026-06-26 19:40:29,ok id,1621778627,9
2026-06-26 19:40:50,start id_fixture,1621769049,
2026-06-26 19:40:51,ok id,1621769049,9
2026-06-26 19:41:24,start id_fixture,1622108215,
2026-06-26 19:41:25,ok id,1622108215,9
2026-06-26 19:42:30,start id_fixture,1622110370,
2026-06-26 19:42:31,ok id,1622110370,9
2026-06-26 19:43:54,start id_fixture,1620925911,
2026-06-26 19:43:55,ok id,1620925911,9
2026-06-26 19:44:11,start id_fixture,1622109437,
2026-06-26 19:44:12,ok id,1622109437,9
2026-06-26 19:44:38,start id_fixture,1621901905,
2026-06-26 19:44:40,ok id,1621901905,9
2026-06-26 19:45:07,start id_fixture,1621931685,
2026-06-26 19:45:08,ok id,1621931685,9
2026-06-26 19:45:30,start id_fixture,1621931828,
2026-06-26 19:45:31,ok id,1621931828,9
2026-06-26 19:45:48,start id_fixture,1621931835,
2026-06-26 19:45:49,ok id,1621931835,9
2026-06-26 19:47:50,start id_fixture,1621962860,
2026-06-26 19:47:51,ok id,1621962860,9
2026-06-26 19:48:33,start id_fixture,1621975356,
2026-06-26 19:48:33,ok id,1621975356,9
2026-06-26 19:48:51,start id_fixture,1621983904,
2026-06-26 19:48:52,ok id,1621983904,9
2026-06-26 19:49:08,start id_fixture,1621990791,
2026-06-26 19:49:09,ok id,1621990791,9
2026-06-26 19:49:51,start id_fixture,1622010879,
2026-06-26 19:49:53,ok id,1622010879,9
2026-06-26 19:50:07,start id_fixture,1622010096,
2026-06-26 19:50:08,ok id,1622010096,9
2026-06-26 19:50:49,start id_fixture,1622129543,
2026-06-26 19:50:50,ok id,1622129543,9
2026-06-26 19:51:21,start id_fixture,1622144377,
2026-06-26 19:51:22,ok id,1622144377,9
2026-06-26 19:51:46,start id_fixture,1622150106,
2026-06-26 19:51:47,ok id,1622150106,9
2026-06-26 19:52:03,start id_fixture,1622177442,
2026-06-26 19:52:04,ok id,1622177442,9
2026-06-26 19:53:06,start id_fixture,1622212278,
2026-06-26 19:53:07,ok id,1622212278,9
2026-06-26 19:53:23,start id_fixture,1622223735,
2026-06-26 19:53:25,ok id,1622223735,9
2026-06-26 19:53:40,start id_fixture,1622221822,
2026-06-26 19:53:41,ok id,1622221822,9
2026-06-26 19:53:59,start id_fixture,1622236039,
2026-06-26 19:54:00,ok id,1622236039,9
2026-06-26 19:54:15,start id_fixture,1622243912,
2026-06-26 19:54:16,ok id,1622243912,9
2026-06-26 19:54:44,start id_fixture,1622269721,
2026-06-26 19:54:45,ok id,1622269721,9
2026-06-26 19:55:14,start id_fixture,1622562635,
2026-06-26 19:55:15,ok id,1622562635,9
2026-06-26 19:55:49,start id_fixture,1622564512,
2026-06-26 19:55:50,ok id,1622564512,9
2026-06-26 19:56:08,start id_fixture,1622562638,
2026-06-26 19:56:09,ok id,1622562638,9
2026-06-26 19:56:29,start id_fixture,1622564507,
2026-06-26 19:56:30,ok id,1622564507,9
2026-06-26 19:57:39,start id_fixture,1622562637,
2026-06-26 19:57:40,ok id,1622562637,9
2026-06-26 19:57:55,start id_fixture,1622564506,
2026-06-26 19:57:56,ok id,1622564506,9
2026-06-26 19:58:14,start id_fixture,1622562809,
2026-06-26 19:58:15,ok id,1622562809,9
2026-06-26 19:58:29,start id_fixture,1622564511,
2026-06-26 19:58:30,ok id,1622564511,9
2026-06-26 19:59:06,start id_fixture,1622562810,
2026-06-26 19:59:07,ok id,1622562810,9
2026-06-26 19:59:32,start id_fixture,1622562808,
2026-06-26 19:59:33,ok id,1622562808,9
2026-06-26 20:00:09,start id_fixture,1622820015,
2026-06-26 20:00:10,ok id,1622820015,9
2026-06-26 20:01:03,start id_fixture,1622883919,
2026-06-26 20:01:03,ok id,1622883919,9
2026-06-26 20:01:24,start id_fixture,1622890805,
2026-06-26 20:01:24,ok id,1622890805,9
2026-06-26 20:01:57,start id_fixture,1622934069,
2026-06-26 20:01:58,ok id,1622934069,9
2026-06-26 20:02:17,start id_fixture,1622959824,
2026-06-26 20:02:18,ok id,1622959824,9
2026-06-26 20:02:35,start id_fixture,1622963310,
2026-06-26 20:02:36,ok id,1622963310,9
2026-06-26 20:02:52,start id_fixture,1622973040,
2026-06-26 20:02:53,ok id,1622973040,9
2026-06-26 20:03:28,start id_fixture,1623016928,
2026-06-26 20:03:30,ok id,1623016928,9
2026-06-26 20:03:42,start id_fixture,1623026170,
2026-06-26 20:03:43,ok id,1623026170,9
2026-06-26 20:04:11,start id_fixture,1623382576,
2026-06-26 20:04:12,ok id,1623382576,9
2026-06-26 20:04:51,start id_fixture,1623382902,
2026-06-26 20:04:52,ok id,1623382902,9
2026-06-26 20:05:15,start id_fixture,1623382908,
2026-06-26 20:05:16,ok id,1623382908,9
2026-06-26 20:05:44,start id_fixture,1623373846,
2026-06-26 20:05:45,ok id,1623373846,9
2026-06-26 20:07:31,start id_fixture,1623382579,
2026-06-26 20:07:32,ok id,1623382579,9
2026-06-26 20:07:48,start id_fixture,1623373842,
2026-06-26 20:07:49,ok id,1623373842,9
2026-06-26 20:08:07,start id_fixture,1623373843,
2026-06-26 20:08:08,ok id,1623373843,9
2026-06-26 20:08:50,start id_fixture,1623382575,
2026-06-26 20:08:51,ok id,1623382575,9
2026-06-26 20:09:37,start id_fixture,1623382906,
2026-06-26 20:09:38,ok id,1623382906,9
2026-06-26 20:10:25,start id_fixture,1623382580,
2026-06-26 20:10:26,ok id,1623382580,9
2026-06-26 20:11:53,start id_fixture,1623533101,
2026-06-26 20:11:54,ok id,1623533101,9
2026-06-26 20:12:29,start id_fixture,1623660038,
2026-06-26 20:12:30,ok id,1623660038,9
2026-06-26 20:13:03,start id_fixture,1623698429,
2026-06-26 20:13:04,ok id,1623698429,9
2026-06-26 20:13:24,start id_fixture,1623734220,
2026-06-26 20:13:25,ok id,1623734220,9
2026-06-26 20:13:40,start id_fixture,1623734311,
2026-06-26 20:13:41,ok id,1623734311,9
2026-06-26 20:14:32,start id_fixture,1623770930,
2026-06-26 20:14:33,ok id,1623770930,9
2026-06-26 20:14:50,start id_fixture,1623794020,
2026-06-26 20:14:51,ok id,1623794020,9
2026-06-26 20:15:06,start id_fixture,1623817134,
2026-06-26 20:15:07,ok id,1623817134,9
2026-06-26 20:15:21,start id_fixture,1623826381,
2026-06-26 20:15:22,ok id,1623826381,9
2026-06-26 20:15:59,start id_fixture,1623869317,
2026-06-26 20:16:00,ok id,1623869317,9
2026-06-26 20:16:17,start id_fixture,1623875463,
2026-06-26 20:16:18,ok id,1623875463,9
2026-06-26 20:16:43,start id_fixture,1624226950,
2026-06-26 20:16:44,ok id,1624226950,9
2026-06-26 20:17:33,start id_fixture,1624220207,
2026-06-26 20:17:35,ok id,1624220207,9
2026-06-26 20:17:58,start id_fixture,1624221177,
2026-06-26 20:17:59,ok id,1624221177,9
2026-06-26 20:18:15,start id_fixture,1624220208,
2026-06-26 20:18:16,ok id,1624220208,9
2026-06-26 20:19:05,start id_fixture,1624221186,
2026-06-26 20:19:06,ok id,1624221186,9
2026-06-26 20:19:18,start id_fixture,1624226948,
2026-06-26 20:19:19,ok id,1624226948,9
2026-06-26 20:19:34,start id_fixture,1624226958,
2026-06-26 20:19:35,ok id,1624226958,9
2026-06-26 20:20:10,start id_fixture,1624220204,
2026-06-26 20:20:11,ok id,1624220204,9
2026-06-26 20:20:45,start id_fixture,1624221175,
2026-06-26 20:20:46,ok id,1624221175,9
2026-06-26 20:21:01,start id_fixture,1624221178,
2026-06-26 20:21:02,ok id,1624221178,9
2026-06-26 20:21:44,start id_fixture,1624665243,
2026-06-26 20:21:45,ok id,1624665243,9
2026-06-26 20:22:27,start id_fixture,1624665244,
2026-06-26 20:22:28,ok id,1624665244,9
2026-06-26 20:22:53,start id_fixture,1624670401,
2026-06-26 20:22:54,ok id,1624670401,9
2026-06-26 20:23:11,start id_fixture,1624665252,
2026-06-26 20:23:12,ok id,1624665252,9
2026-06-26 20:24:01,start id_fixture,1624670387,
2026-06-26 20:24:02,ok id,1624670387,9
2026-06-26 20:25:56,start id_fixture,1624670400,
2026-06-26 20:25:57,ok id,1624670400,9
2026-06-26 20:26:23,start id_fixture,1624670386,
2026-06-26 20:26:24,ok id,1624670386,9
2026-06-26 20:26:40,start id_fixture,1624664977,
2026-06-26 20:26:41,ok id,1624664977,9
2026-06-26 20:27:02,start id_fixture,1624670399,
2026-06-26 20:27:03,ok id,1624670399,9
2026-06-26 20:27:54,start id_fixture,1624664967,
2026-06-26 20:27:55,ok id,1624664967,9
2026-06-26 20:28:52,start id_fixture,1625124894,
2026-06-26 20:28:53,ok id,1625124894,9
2026-06-26 20:29:30,start id_fixture,1625136569,
2026-06-26 20:29:31,ok id,1625136569,9
2026-06-26 20:29:49,start id_fixture,1625186277,
2026-06-26 20:29:50,ok id,1625186277,9
2026-06-26 20:30:15,start id_fixture,1625124897,
2026-06-26 20:30:16,ok id,1625124897,9
2026-06-26 20:31:18,start id_fixture,1625154997,
2026-06-26 20:31:19,ok id,1625154997,9
2026-06-26 20:31:40,start id_fixture,1625124896,
2026-06-26 20:31:41,ok id,1625124896,9
2026-06-26 20:31:58,start id_fixture,1625155428,
2026-06-26 20:31:59,ok id,1625155428,9
2026-06-26 20:32:18,start id_fixture,1625185167,
2026-06-26 20:32:19,ok id,1625185167,9
2026-06-26 20:32:35,start id_fixture,1625186621,
2026-06-26 20:32:36,ok id,1625186621,9
2026-06-26 20:33:10,start id_fixture,1625249125,
2026-06-26 20:33:11,ok id,1625249125,9
2026-06-26 20:33:44,start id_fixture,1625486888,
2026-06-26 20:33:45,ok id,1625486888,9
2026-06-26 20:39:11,start id_fixture,1625518163,
2026-06-26 20:39:12,ok id,1625518163,9
2026-06-26 20:40:29,start id_fixture,1625552963,
2026-06-26 20:40:29,ok id,1625552963,9
2026-06-26 20:40:46,start id_fixture,1625597331,
2026-06-26 20:40:47,ok id,1625597331,9
2026-06-26 20:41:13,start id_fixture,1625618045,
2026-06-26 20:41:14,ok id,1625618045,9
2026-06-26 20:43:45,start id_fixture,1625656530,
2026-06-26 20:43:45,ok id,1625656530,9
2026-06-26 20:45:09,start id_fixture,1625674778,
2026-06-26 20:45:10,ok id,1625674778,9
2026-06-26 20:49:14,start id_fixture,1625674778,
2026-06-26 20:49:16,ok id,1625674778,9
2026-06-26 20:49:43,start id_fixture,1625674779,
2026-06-26 20:49:44,ok id,1625674779,9
2026-06-26 20:50:00,start id_fixture,1628786088,
2026-06-26 20:50:01,ok id,1628786088,9
2026-06-26 20:50:01,start id_fixture,1625705667,
2026-06-26 20:50:03,ok id,1625705667,9
2026-06-26 20:50:21,start id_fixture,1625715053,
2026-06-26 20:50:22,ok id,1625715053,9
2026-06-26 20:50:56,start id_fixture,1628304824,
2026-06-26 20:50:57,ok id,1628304824,9
2026-06-26 20:51:15,start id_fixture,1628305870,
2026-06-26 20:51:16,ok id,1628305870,9
2026-06-26 20:51:23,start id_fixture,1626173970,
2026-06-26 20:51:24,ok id,1626173970,9
2026-06-26 20:51:25,start id_fixture,1628786088,
2026-06-26 20:51:26,ok id,1628786088,9
2026-06-26 20:51:56,start id_fixture,1626177374,
2026-06-26 20:51:57,ok id,1626177374,9
2026-06-26 20:52:11,start id_fixture,1628262501,
2026-06-26 20:52:12,ok id,1628262501,9
2026-06-26 20:52:34,start id_fixture,1628252455,
2026-06-26 20:52:35,ok id,1628252455,9
2026-06-26 20:52:48,start id_fixture,1626180284,
2026-06-26 20:52:49,ok id,1626180284,9
2026-06-26 20:52:54,start id_fixture,1628225155,
2026-06-26 20:52:55,ok id,1628225155,9
2026-06-26 20:53:18,start id_fixture,1628222134,
2026-06-26 20:53:19,ok id,1628222134,9
2026-06-26 20:54:49,start id_fixture,1628132089,
2026-06-26 20:54:49,ok id,1628132089,9
2026-06-26 20:55:06,start id_fixture,1628101311,
2026-06-26 20:55:07,ok id,1628101311,9
2026-06-26 20:55:15,start id_fixture,1626177375,
2026-06-26 20:55:16,ok id,1626177375,9
2026-06-26 20:55:38,start id_fixture,1626177376,
2026-06-26 20:55:39,ok id,1626177376,9
2026-06-26 20:55:43,start id_fixture,1626177376,
2026-06-26 20:55:44,ok id,1626177376,9
2026-06-26 20:55:46,start id_fixture,1626177376,
2026-06-26 20:55:47,ok id,1626177376,9
2026-06-26 20:55:57,start id_fixture,1626177376,
2026-06-26 20:55:58,ok id,1626177376,9
2026-06-26 20:56:40,start id_fixture,1628071764,
2026-06-26 20:56:41,ok id,1628071764,9
2026-06-26 20:57:30,start id_fixture,1626180285,
2026-06-26 20:57:31,ok id,1626180285,9
2026-06-26 20:57:42,start id_fixture,1628028171,
2026-06-26 20:57:43,ok id,1628028171,9
2026-06-26 20:58:08,start id_fixture,1627730477,
2026-06-26 20:58:09,start id_fixture,1626173971,
2026-06-26 20:58:09,ok id,1627730477,9
2026-06-26 20:58:11,ok id,1626173971,9
2026-06-26 20:58:29,start id_fixture,1626186202,
2026-06-26 20:58:30,ok id,1626186202,9
2026-06-26 20:58:59,start id_fixture,1627652169,
2026-06-26 20:58:59,ok id,1627652169,9
2026-06-26 20:59:28,start id_fixture,1627644590,
2026-06-26 20:59:29,ok id,1627644590,9
2026-06-26 20:59:42,start id_fixture,1626186203,
2026-06-26 20:59:43,ok id,1626186203,9
2026-06-26 20:59:50,start id_fixture,1627616722,
2026-06-26 20:59:51,ok id,1627616722,9
2026-06-26 21:00:00,start id_fixture,1626177377,
2026-06-26 21:00:01,ok id,1626177377,9
2026-06-26 21:00:08,start id_fixture,1627602308,
2026-06-26 21:00:09,ok id,1627602308,9
2026-06-26 21:00:36,start id_fixture,1626759240,
2026-06-26 21:00:37,ok id,1626759240,9
2026-06-26 21:01:04,start id_fixture,1627512424,
2026-06-26 21:01:05,ok id,1627512424,9
2026-06-26 21:01:19,start id_fixture,1626759242,
2026-06-26 21:01:20,ok id,1626759242,9
2026-06-26 21:01:23,start id_fixture,1627493068,
2026-06-26 21:01:24,ok id,1627493068,9
2026-06-26 21:01:35,start id_fixture,1626759243,
2026-06-26 21:01:36,ok id,1626759243,9
2026-06-26 21:01:37,start id_fixture,1627454421,
2026-06-26 21:01:38,ok id,1627454421,9
2026-06-26 21:02:01,start id_fixture,1626759351,
2026-06-26 21:02:02,ok id,1626759351,9
2026-06-26 21:02:14,start id_fixture,1626759352,
2026-06-26 21:02:15,ok id,1626759352,9
2026-06-26 21:02:19,start id_fixture,1627388902,
2026-06-26 21:02:20,ok id,1627388902,9
2026-06-26 21:02:37,start id_fixture,1627388873,
2026-06-26 21:02:38,ok id,1627388873,9
2026-06-26 21:04:47,start id_fixture,1626759244,
2026-06-26 21:04:48,ok id,1626759244,9
2026-06-26 21:05:03,start id_fixture,1626759241,
2026-06-26 21:05:04,ok id,1626759241,9
2026-06-26 21:05:19,start id_fixture,1626759353,
2026-06-26 21:05:20,ok id,1626759353,9
2026-06-26 21:05:32,start id_fixture,1626759245,
2026-06-26 21:05:33,ok id,1626759245,9
2026-06-26 21:06:04,start id_fixture,1626745163,
2026-06-26 21:06:05,ok id,1626745163,9
2026-06-26 21:06:50,start id_fixture,1629375502,
2026-06-26 21:06:51,ok id,1629375502,9
2026-06-26 21:09:50,start id_fixture,1611253095,
2026-06-26 21:09:51,ok id,1611253095,9
2026-06-26 21:10:37,start id_fixture,1611253094,
2026-06-26 21:10:38,ok id,1611253094,9
2026-06-26 21:10:58,start id_fixture,1611256227,
2026-06-26 21:10:59,ok id,1611256227,9
2026-06-26 21:11:13,start id_fixture,1611901090,
2026-06-26 21:11:13,ok id,1611901090,9
2026-06-26 21:12:37,start id_fixture,1611256226,
2026-06-26 21:12:38,ok id,1611256226,9
2026-06-26 21:12:59,start id_fixture,1611256228,
2026-06-26 21:13:00,ok id,1611256228,9
2026-06-26 21:13:17,start id_fixture,81021828,
2026-06-26 21:13:18,userbet error id,81021828,
2026-06-26 21:13:30,start id_fixture,1611255974,
2026-06-26 21:13:31,ok id,1611255974,9
2026-06-26 21:13:45,start id_fixture,1611255975,
2026-06-26 21:13:46,ok id,1611255975,9
2026-06-26 21:14:21,start id_fixture,1611255973,
2026-06-26 21:14:22,ok id,1611255973,9
2026-06-26 21:15:18,start id_fixture,1612741702,
2026-06-26 21:15:19,ok id,1612741702,9
2026-06-26 21:16:26,start id_fixture,1612824333,
2026-06-26 21:16:27,ok id,1612824333,9
2026-06-26 21:16:46,start id_fixture,1612819081,
2026-06-26 21:16:47,ok id,1612819081,9
2026-06-26 21:17:40,start id_fixture,83930597,
2026-06-26 21:17:41,userbet error id,83930597,
2026-06-26 21:17:54,start id_fixture,1612813704,
2026-06-26 21:17:55,ok id,1612813704,9
2026-06-26 21:18:42,start id_fixture,1612936528,
2026-06-26 21:18:43,ok id,1612936528,9
2026-06-26 21:19:00,start id_fixture,1612929314,
2026-06-26 21:19:01,ok id,1612929314,9
2026-06-26 21:19:18,start id_fixture,1612926996,
2026-06-26 21:19:19,ok id,1612926996,9
2026-06-26 21:19:37,start id_fixture,1612929418,
2026-06-26 21:19:38,ok id,1612929418,9
2026-06-26 21:20:02,start id_fixture,1612926939,
2026-06-26 21:20:03,ok id,1612926939,9
2026-06-26 21:20:43,start id_fixture,1613234588,
2026-06-26 21:20:44,ok id,1613234588,9
2026-06-26 21:21:20,start id_fixture,1613332049,
2026-06-26 21:21:21,ok id,1613332049,9
2026-06-26 21:21:37,start id_fixture,1613324801,
2026-06-26 21:21:38,ok id,1613324801,9
2026-06-26 21:21:58,start id_fixture,1613315593,
2026-06-26 21:21:58,ok id,1613315593,9
2026-06-26 21:23:10,start id_fixture,1613441894,
2026-06-26 21:23:11,ok id,1613441894,9
2026-06-26 21:23:30,start id_fixture,89066143,
2026-06-26 21:23:31,userbet error id,89066143,
2026-06-26 21:23:41,start id_fixture,1613441842,
2026-06-26 21:23:42,ok id,1613441842,9
2026-06-26 21:23:56,start id_fixture,1613440539,
2026-06-26 21:23:57,ok id,1613440539,9
2026-06-26 21:28:37,start id_fixture,1613441841,
2026-06-26 21:28:38,ok id,1613441841,9
2026-06-26 21:28:55,start id_fixture,1613437625,
2026-06-26 21:28:56,ok id,1613437625,9
2026-06-26 21:29:32,start id_fixture,1614003837,
2026-06-26 21:29:33,ok id,1614003837,9
2026-06-26 21:30:17,start id_fixture,1614003835,
2026-06-26 21:30:18,ok id,1614003835,9
2026-06-26 21:30:36,start id_fixture,1614031946,
2026-06-26 21:30:37,ok id,1614031946,9
2026-06-26 21:34:25,start id_fixture,1614031945,
2026-06-26 21:34:26,ok id,1614031945,9
2026-06-26 21:35:04,start id_fixture,1614037149,
2026-06-26 21:35:06,ok id,1614037149,9
2026-06-26 21:35:33,start id_fixture,1614037148,
2026-06-26 21:35:34,ok id,1614037148,9
2026-06-26 21:35:58,start id_fixture,1614003834,
2026-06-26 21:35:59,ok id,1614003834,9
2026-06-26 22:07:27,start id_fixture,1614037147,
2026-06-26 22:07:29,ok id,1614037147,9
2026-06-26 22:08:11,start id_fixture,1614003836,
2026-06-26 22:08:12,ok id,1614003836,9
2026-06-26 22:09:03,start id_fixture,1614589051,
2026-06-26 22:09:04,ok id,1614589051,9
2026-06-26 22:10:57,start id_fixture,1614589049,
2026-06-26 22:10:58,ok id,1614589049,9
2026-06-26 22:12:41,start id_fixture,1614593734,
2026-06-26 22:12:42,ok id,1614593734,9
2026-06-26 22:13:02,start id_fixture,1614589050,
2026-06-26 22:13:03,ok id,1614589050,9
2026-06-26 22:14:05,start id_fixture,1614588931,
2026-06-26 22:14:06,ok id,1614588931,9
2026-06-26 22:14:46,start id_fixture,1614588930,
2026-06-26 22:14:47,ok id,1614588930,9
2026-06-26 22:15:08,start id_fixture,1614588929,
2026-06-26 22:15:09,ok id,1614588929,9
2026-06-26 22:15:42,start id_fixture,1614593735,
2026-06-26 22:15:42,ok id,1614593735,9
2026-06-26 22:16:23,start id_fixture,1614589048,
2026-06-26 22:16:24,ok id,1614589048,9
2026-06-26 22:17:08,start id_fixture,1615104410,
2026-06-26 22:17:09,ok id,1615104410,9
2026-06-26 22:18:07,start id_fixture,1615193171,
2026-06-26 22:18:08,ok id,1615193171,9
2026-06-26 22:18:36,start id_fixture,1615175023,
2026-06-26 22:18:37,ok id,1615175023,9
2026-06-26 22:18:54,start id_fixture,1615172582,
2026-06-26 22:18:55,ok id,1615172582,9
2026-06-26 22:19:36,start id_fixture,1615308847,
2026-06-26 22:19:37,ok id,1615308847,9
2026-06-26 22:20:08,start id_fixture,1615301022,
2026-06-26 22:20:09,ok id,1615301022,9
2026-06-26 22:20:29,start id_fixture,1615303691,
2026-06-26 22:20:30,ok id,1615303691,9
2026-06-26 22:20:52,start id_fixture,1615301021,
2026-06-26 22:20:53,ok id,1615301021,9
2026-06-26 22:21:17,start id_fixture,1615296399,
2026-06-26 22:21:18,ok id,1615296399,9
2026-06-26 22:21:53,start id_fixture,1615652396,
2026-06-26 22:21:54,ok id,1615652396,9
2026-06-26 22:30:37,start id_fixture,1615719314,
2026-06-26 22:30:38,ok id,1615719314,9
2026-06-26 22:31:26,start id_fixture,1615724180,
2026-06-26 22:31:27,ok id,1615724180,9
2026-06-26 22:31:51,start id_fixture,1615731100,
2026-06-26 22:31:52,ok id,1615731100,9
2026-06-26 22:32:40,start id_fixture,1615845211,
2026-06-26 22:32:41,ok id,1615845211,9
2026-06-26 22:33:09,start id_fixture,1615847606,
2026-06-26 22:33:10,ok id,1615847606,9
2026-06-26 22:33:31,start id_fixture,1615848176,
2026-06-26 22:33:32,ok id,1615848176,9
2026-06-26 22:33:50,start id_fixture,1615850265,
2026-06-26 22:33:51,ok id,1615850265,9
2026-06-26 22:34:16,start id_fixture,1615859995,
2026-06-26 22:34:17,ok id,1615859995,9
2026-06-26 22:35:07,start id_fixture,1616788844,
2026-06-26 22:35:08,ok id,1616788844,9
2026-06-26 22:35:57,start id_fixture,1616854100,
2026-06-26 22:35:58,ok id,1616854100,9
2026-06-26 22:36:44,start id_fixture,1616854238,
2026-06-26 22:36:45,ok id,1616854238,9
2026-06-26 22:37:07,start id_fixture,1616873829,
2026-06-26 22:37:08,ok id,1616873829,9
2026-06-26 22:38:06,start id_fixture,1616879345,
2026-06-26 22:38:07,ok id,1616879345,9
2026-06-26 22:38:27,start id_fixture,1616873855,
2026-06-26 22:38:28,ok id,1616873855,9
2026-06-26 22:39:07,start id_fixture,1616870055,
2026-06-26 22:39:08,ok id,1616870055,9
2026-06-26 22:40:11,start id_fixture,1616982373,
2026-06-26 22:40:12,ok id,1616982373,9
2026-06-26 22:40:30,start id_fixture,1616990759,
2026-06-26 22:40:30,ok id,1616990759,9
2026-06-26 22:41:39,start id_fixture,1616990716,
2026-06-26 22:41:40,ok id,1616990716,9
2026-06-26 22:42:34,start id_fixture,1616990713,
2026-06-26 22:42:35,ok id,1616990713,9
2026-06-26 22:42:47,start id_fixture,1616984299,
2026-06-26 22:42:48,ok id,1616984299,9
2026-06-26 22:43:05,start id_fixture,1616990715,
2026-06-26 22:43:07,ok id,1616990715,9
2026-06-26 22:43:53,start id_fixture,1616990714,
2026-06-26 22:43:54,ok id,1616990714,9
2026-06-26 22:44:18,start id_fixture,1616994657,
2026-06-26 22:44:19,ok id,1616994657,9
2026-06-26 22:45:30,start id_fixture,1616994655,
2026-06-26 22:45:31,ok id,1616994655,9
2026-06-26 22:50:44,start id_fixture,1616994656,
2026-06-26 22:50:45,ok id,1616994656,9
2026-06-26 22:52:01,start id_fixture,1616994654,
2026-06-26 22:52:02,ok id,1616994654,9
2026-06-26 22:54:28,start id_fixture,1617413117,
2026-06-26 22:54:29,ok id,1617413117,9
2026-06-26 22:54:49,start id_fixture,1617413248,
2026-06-26 22:54:50,ok id,1617413248,9
2026-06-26 22:55:30,start id_fixture,1617413249,
2026-06-26 22:55:31,ok id,1617413249,9
2026-06-26 22:56:02,start id_fixture,1617413116,
2026-06-26 22:56:04,ok id,1617413116,9
2026-06-26 22:56:25,start id_fixture,1617422555,
2026-06-26 22:56:26,ok id,1617422555,9
2026-06-26 22:57:41,start id_fixture,1617413171,
2026-06-26 22:57:42,ok id,1617413171,9
2026-06-26 22:58:39,start id_fixture,1617422556,
2026-06-26 22:58:39,ok id,1617422556,9
2026-06-26 22:59:03,start id_fixture,1617413310,
2026-06-26 22:59:03,ok id,1617413310,9
2026-06-26 22:59:47,start id_fixture,1617422557,
2026-06-26 22:59:48,ok id,1617422557,9
2026-06-26 23:01:03,start id_fixture,1617635607,
2026-06-26 23:01:04,ok id,1617635607,9
2026-06-26 23:01:26,start id_fixture,1617646902,
2026-06-26 23:01:26,ok id,1617646902,9
2026-06-26 23:01:41,start id_fixture,1617652509,
2026-06-26 23:01:42,ok id,1617652509,9
2026-06-26 23:02:36,start id_fixture,1617778686,
2026-06-26 23:02:37,ok id,1617778686,9
2026-06-26 23:02:53,start id_fixture,1617781308,
2026-06-26 23:02:54,ok id,1617781308,9
2026-06-26 23:03:09,start id_fixture,1617781188,
2026-06-26 23:03:10,ok id,1617781188,9
2026-06-26 23:03:30,start id_fixture,1617781307,
2026-06-26 23:03:31,ok id,1617781307,9
2026-06-26 23:03:52,start id_fixture,1617781187,
2026-06-26 23:03:53,ok id,1617781187,9
2026-06-26 23:04:31,start id_fixture,1617788560,
2026-06-26 23:04:32,ok id,1617788560,9
2026-06-26 23:05:29,start id_fixture,1618108832,
2026-06-26 23:05:30,ok id,1618108832,9
2026-06-26 23:06:52,start id_fixture,1618181087,
2026-06-26 23:06:53,ok id,1618181087,9
2026-06-26 23:07:08,start id_fixture,1618211394,
2026-06-26 23:07:09,ok id,1618211394,9
2026-06-26 23:07:36,start id_fixture,1618206883,
2026-06-26 23:07:37,ok id,1618206883,9
2026-06-26 23:08:34,start id_fixture,1618304766,
2026-06-26 23:08:35,ok id,1618304766,9
2026-06-26 23:09:04,start id_fixture,1618315801,
2026-06-26 23:09:05,ok id,1618315801,9
2026-06-26 23:09:44,start id_fixture,1618314564,
2026-06-26 23:09:45,ok id,1618314564,9
2026-06-26 23:10:19,start id_fixture,1618314563,
2026-06-26 23:10:20,ok id,1618314563,9
2026-06-26 23:11:30,start id_fixture,1618329848,
2026-06-26 23:11:31,ok id,1618329848,9
2026-06-26 23:12:37,start id_fixture,1618917103,
2026-06-26 23:12:37,ok id,1618917103,9
2026-06-26 23:13:17,start id_fixture,1618899368,
2026-06-26 23:13:18,ok id,1618899368,9
2026-06-26 23:13:36,start id_fixture,1618899362,
2026-06-26 23:13:36,ok id,1618899362,9
2026-06-26 23:14:11,start id_fixture,1618899367,
2026-06-26 23:14:12,ok id,1618899367,9
2026-06-26 23:16:03,start id_fixture,1618918941,
2026-06-26 23:16:04,ok id,1618918941,9
2026-06-26 23:16:23,start id_fixture,1618917110,
2026-06-26 23:16:24,ok id,1618917110,9
2026-06-26 23:16:45,start id_fixture,1618918940,
2026-06-26 23:16:46,ok id,1618918940,9
2026-06-26 23:17:31,start id_fixture,1618917111,
2026-06-26 23:17:32,ok id,1618917111,9
2026-06-26 23:17:58,start id_fixture,1618918939,
2026-06-26 23:17:59,ok id,1618918939,9
2026-06-26 23:18:37,start id_fixture,1619456916,
2026-06-26 23:18:38,ok id,1619456916,9
2026-06-26 23:18:51,start id_fixture,1619456916,
2026-06-26 23:18:52,ok id,1619456916,9
2026-06-26 23:21:23,start id_fixture,1619456912,
2026-06-26 23:21:24,ok id,1619456912,9
2026-06-26 23:21:54,start id_fixture,1619457695,
2026-06-26 23:21:55,ok id,1619457695,9
2026-06-26 23:22:25,start id_fixture,1619454456,
2026-06-26 23:22:26,ok id,1619454456,9
2026-06-26 23:22:59,start id_fixture,1619457694,
2026-06-26 23:22:59,ok id,1619457694,9
2026-06-26 23:23:16,start id_fixture,1619454341,
2026-06-26 23:23:17,ok id,1619454341,9
2026-06-26 23:23:31,start id_fixture,1619456917,
2026-06-26 23:23:32,ok id,1619456917,9
2026-06-26 23:24:50,start id_fixture,1619456911,
2026-06-26 23:24:51,ok id,1619456911,9
2026-06-26 23:25:28,start id_fixture,1619456910,
2026-06-26 23:25:29,ok id,1619456910,9
2026-06-26 23:26:27,start id_fixture,1619883996,
2026-06-26 23:26:28,ok id,1619883996,9
2026-06-26 23:26:42,start id_fixture,1619884038,
2026-06-26 23:26:43,ok id,1619884038,9
2026-06-26 23:27:23,start id_fixture,1619944579,
2026-06-26 23:27:24,ok id,1619944579,9
2026-06-26 23:27:44,start id_fixture,1619954188,
2026-06-26 23:27:45,ok id,1619954188,9
2026-06-26 23:28:00,start id_fixture,1619950185,
2026-06-26 23:28:01,ok id,1619950185,9
2026-06-26 23:28:43,start id_fixture,1620041285,
2026-06-26 23:28:44,ok id,1620041285,9
2026-06-26 23:29:01,start id_fixture,1620053294,
2026-06-26 23:29:02,ok id,1620053294,9
2026-06-26 23:29:16,start id_fixture,1620056432,
2026-06-26 23:29:17,ok id,1620056432,9
2026-06-26 23:29:35,start id_fixture,1620066779,
2026-06-26 23:29:36,ok id,1620066779,9
2026-06-26 23:30:03,start id_fixture,1620344971,
2026-06-26 23:30:05,ok id,1620344971,9
2026-06-26 23:30:37,start id_fixture,1620398997,
2026-06-26 23:30:38,ok id,1620398997,9
2026-06-26 23:30:55,start id_fixture,1620405579,
2026-06-26 23:30:56,ok id,1620405579,9
2026-06-26 23:31:17,start id_fixture,1620409480,
2026-06-26 23:31:18,ok id,1620409480,9
2026-06-26 23:38:17,start id_fixture,1620488365,
2026-06-26 23:38:18,ok id,1620488365,9
2026-06-26 23:39:13,start id_fixture,1620492434,
2026-06-26 23:39:13,ok id,1620492434,9
2026-06-26 23:39:43,start id_fixture,1620500646,
2026-06-26 23:39:44,ok id,1620500646,9
2026-06-26 23:40:06,start id_fixture,1620500643,
2026-06-26 23:40:08,ok id,1620500643,9
2026-06-26 23:40:21,start id_fixture,1620508339,
2026-06-26 23:40:22,ok id,1620508339,9
2026-06-26 23:41:27,start id_fixture,1621317165,
2026-06-26 23:41:28,ok id,1621317165,9
2026-06-26 23:42:07,start id_fixture,1621313347,
2026-06-26 23:42:08,ok id,1621313347,9
2026-06-26 23:42:31,start id_fixture,1621313345,
2026-06-26 23:42:32,ok id,1621313345,9
2026-06-26 23:43:06,start id_fixture,1621316245,
2026-06-26 23:43:07,ok id,1621316245,9
2026-06-26 23:44:24,start id_fixture,1621317168,
2026-06-26 23:44:25,ok id,1621317168,9
2026-06-26 23:44:47,start id_fixture,1621313346,
2026-06-26 23:44:48,ok id,1621313346,9
2026-06-26 23:45:07,start id_fixture,1621317166,
2026-06-26 23:45:07,ok id,1621317166,9
2026-06-26 23:45:24,start id_fixture,1621317167,
2026-06-26 23:45:24,ok id,1621317167,9
2026-06-26 23:46:17,start id_fixture,1621313344,
2026-06-26 23:46:19,ok id,1621313344,9
2026-06-26 23:56:10,start id_fixture,1621591916,
2026-06-26 23:56:11,ok id,1621591916,9
2026-06-26 23:56:35,start id_fixture,1621591918,
2026-06-26 23:56:36,ok id,1621591918,9
2026-06-26 23:57:26,start id_fixture,1621583423,
2026-06-26 23:57:27,ok id,1621583423,9
2026-06-26 23:57:42,start id_fixture,1621591915,
2026-06-26 23:57:42,ok id,1621591915,9
2026-06-26 23:57:57,start id_fixture,1621587368,
2026-06-26 23:57:58,ok id,1621587368,9
2026-06-26 23:58:34,start id_fixture,1621586490,
2026-06-26 23:58:35,ok id,1621586490,9
2026-06-26 23:58:48,start id_fixture,1621587370,
2026-06-26 23:58:49,ok id,1621587370,9
2026-06-26 23:59:05,start id_fixture,1621583424,
2026-06-26 23:59:06,ok id,1621583424,9
2026-06-26 23:59:22,start id_fixture,1621587372,
2026-06-26 23:59:23,ok id,1621587372,9
2026-06-26 23:59:58,start id_fixture,1622010924,
2026-06-26 23:59:59,ok id,1622010924,9
2026-06-27 00:00:45,start id_fixture,1622010925,
2026-06-27 00:00:46,ok id,1622010925,9
2026-06-27 00:01:00,start id_fixture,1622012903,
2026-06-27 00:01:01,ok id,1622012903,9
2026-06-27 00:01:13,start id_fixture,1622010926,
2026-06-27 00:01:14,ok id,1622010926,9
2026-06-27 00:01:46,start id_fixture,1622013850,
2026-06-27 00:01:47,ok id,1622013850,9
2026-06-27 00:02:08,start id_fixture,1622012904,
2026-06-27 00:02:09,ok id,1622012904,9
2026-06-27 00:02:24,start id_fixture,1622010927,
2026-06-27 00:02:25,ok id,1622010927,9
2026-06-27 00:02:39,start id_fixture,1622013848,
2026-06-27 00:02:40,ok id,1622013848,9
2026-06-27 00:02:55,start id_fixture,1622013849,
2026-06-27 00:02:56,ok id,1622013849,9
2026-06-27 00:03:29,start id_fixture,1622449350,
2026-06-27 00:03:30,ok id,1622449350,9
2026-06-27 00:04:01,start id_fixture,1622502388,
2026-06-27 00:04:02,ok id,1622502388,9
2026-06-27 00:04:26,start id_fixture,1622502432,
2026-06-27 00:04:27,ok id,1622502432,9
2026-06-27 00:05:08,start id_fixture,1622502558,
2026-06-27 00:05:09,ok id,1622502558,9
2026-06-27 00:06:25,start id_fixture,1622564508,
2026-06-27 00:06:26,ok id,1622564508,9
2026-06-27 00:06:41,start id_fixture,1622572330,
2026-06-27 00:06:42,ok id,1622572330,9
2026-06-27 00:07:04,start id_fixture,1622572331,
2026-06-27 00:07:05,ok id,1622572331,9
2026-06-27 00:07:22,start id_fixture,1622572999,
2026-06-27 00:07:23,ok id,1622572999,9
2026-06-27 00:07:35,start id_fixture,1622579591,
2026-06-27 00:07:36,ok id,1622579591,9
2026-06-27 00:09:10,start id_fixture,1622825248,
2026-06-27 00:09:11,ok id,1622825248,9
2026-06-27 00:09:42,start id_fixture,1622865102,
2026-06-27 00:09:42,ok id,1622865102,9
2026-06-27 00:10:02,start id_fixture,1622883938,
2026-06-27 00:10:03,ok id,1622883938,9
2026-06-27 00:10:36,start id_fixture,1622883982,
2026-06-27 00:10:37,ok id,1622883982,9
2026-06-27 00:13:11,start id_fixture,1622945743,
2026-06-27 00:13:12,ok id,1622945743,9
2026-06-27 00:13:33,start id_fixture,1622959919,
2026-06-27 00:13:34,ok id,1622959919,9
2026-06-27 00:13:51,start id_fixture,1622968202,
2026-06-27 00:13:52,ok id,1622968202,9
2026-06-27 00:14:06,start id_fixture,1622959918,
2026-06-27 00:14:07,ok id,1622959918,9
2026-06-27 00:14:26,start id_fixture,1622973039,
2026-06-27 00:14:27,ok id,1622973039,9
2026-06-27 00:14:58,start id_fixture,1623382577,
2026-06-27 00:14:59,ok id,1623382577,9
2026-06-27 00:15:16,start id_fixture,1623382907,
2026-06-27 00:15:17,ok id,1623382907,9
2026-06-27 00:16:00,start id_fixture,1623382904,
2026-06-27 00:16:01,ok id,1623382904,9
2026-06-27 00:16:16,start id_fixture,1623373844,
2026-06-27 00:16:17,ok id,1623373844,9
2026-06-27 00:16:33,start id_fixture,1623382901,
2026-06-27 00:16:34,ok id,1623382901,9
2026-06-27 00:17:24,start id_fixture,1623382574,
2026-06-27 00:17:25,ok id,1623382574,9
2026-06-27 00:17:46,start id_fixture,1623373845,
2026-06-27 00:17:47,ok id,1623373845,9
2026-06-27 00:18:10,start id_fixture,1623382578,
2026-06-27 00:18:11,ok id,1623382578,9
2026-06-27 00:18:23,start id_fixture,1623382903,
2026-06-27 00:18:24,ok id,1623382903,9
2026-06-27 00:19:00,start id_fixture,1623660037,
2026-06-27 00:19:01,ok id,1623660037,9
2026-06-27 00:19:59,start id_fixture,1623687903,
2026-06-27 00:20:00,ok id,1623687903,9
2026-06-27 00:20:17,start id_fixture,1623734257,
2026-06-27 00:20:18,ok id,1623734257,9
2026-06-27 00:20:40,start id_fixture,1623745386,
2026-06-27 00:20:40,ok id,1623745386,9
2026-06-27 00:21:27,start id_fixture,1623793904,
2026-06-27 00:21:28,ok id,1623793904,9
2026-06-27 00:21:41,start id_fixture,1623808055,
2026-06-27 00:21:42,ok id,1623808055,9
2026-06-27 00:21:54,start id_fixture,1623808696,
2026-06-27 00:21:55,ok id,1623808696,9
2026-06-27 00:22:11,start id_fixture,1623808056,
2026-06-27 00:22:12,ok id,1623808056,9
2026-06-27 00:22:27,start id_fixture,1623826380,
2026-06-27 00:22:28,ok id,1623826380,9
2026-06-27 00:23:03,start id_fixture,1624088582,
2026-06-27 00:23:04,ok id,1624088582,9
2026-06-27 00:24:07,start id_fixture,1624124623,
2026-06-27 00:24:08,ok id,1624124623,9
2026-06-27 00:25:13,start id_fixture,1624160600,
2026-06-27 00:25:14,ok id,1624160600,9
2026-06-27 00:25:30,start id_fixture,1624176692,
2026-06-27 00:25:31,ok id,1624176692,9
2026-06-27 00:26:44,start id_fixture,1624221174,
2026-06-27 00:26:44,ok id,1624221174,9
2026-06-27 00:27:05,start id_fixture,1624234443,
2026-06-27 00:27:06,ok id,1624234443,9
2026-06-27 00:27:27,start id_fixture,1624234442,
2026-06-27 00:27:28,ok id,1624234442,9
2026-06-27 00:27:44,start id_fixture,1624237919,
2026-06-27 00:27:45,ok id,1624237919,9
2026-06-27 00:28:02,start id_fixture,1624243826,
2026-06-27 00:28:03,ok id,1624243826,9
2026-06-27 00:28:42,start id_fixture,1624503303,
2026-06-27 00:28:42,ok id,1624503303,9
2026-06-27 00:29:16,start id_fixture,1624540660,
2026-06-27 00:29:18,ok id,1624540660,9
2026-06-27 00:29:36,start id_fixture,1624579728,
2026-06-27 00:29:37,ok id,1624579728,9
2026-06-27 00:29:54,start id_fixture,1624589834,
2026-06-27 00:29:55,ok id,1624589834,9
2026-06-27 00:30:44,start id_fixture,1624670388,
2026-06-27 00:30:45,ok id,1624670388,9
2026-06-27 00:31:00,start id_fixture,1624688048,
2026-06-27 00:31:01,ok id,1624688048,9
2026-06-27 00:31:13,start id_fixture,1624683408,
2026-06-27 00:31:14,ok id,1624683408,9
2026-06-27 00:31:27,start id_fixture,1624683069,
2026-06-27 00:31:28,ok id,1624683069,9
2026-06-27 00:32:43,start id_fixture,1624703256,
2026-06-27 00:32:44,ok id,1624703256,9
2026-06-27 00:33:15,start id_fixture,1625136567,
2026-06-27 00:33:16,ok id,1625136567,9
2026-06-27 00:33:50,start id_fixture,1625136568,
2026-06-27 00:33:50,ok id,1625136568,9
2026-06-27 00:34:03,start id_fixture,1625124898,
2026-06-27 00:34:03,ok id,1625124898,9
2026-06-27 00:34:16,start id_fixture,1625136566,
2026-06-27 00:34:17,ok id,1625136566,9
2026-06-27 00:34:46,start id_fixture,1625155430,
2026-06-27 00:34:47,ok id,1625155430,9
2026-06-27 00:35:08,start id_fixture,1625178865,
2026-06-27 00:35:09,ok id,1625178865,9
2026-06-27 00:35:23,start id_fixture,1625172893,
2026-06-27 00:35:24,ok id,1625172893,9
2026-06-27 00:35:48,start id_fixture,1625201618,
2026-06-27 00:35:49,ok id,1625201618,9
2026-06-27 00:36:20,start id_fixture,1625556232,
2026-06-27 00:36:22,ok id,1625556232,9
2026-06-27 00:36:54,start id_fixture,1625553024,
2026-06-27 00:36:55,ok id,1625553024,9
2026-06-27 00:37:11,start id_fixture,1625597380,
2026-06-27 00:37:12,ok id,1625597380,9
2026-06-27 00:37:25,start id_fixture,1625618051,
2026-06-27 00:37:26,ok id,1625618051,9
2026-06-27 00:38:00,start id_fixture,1625690375,
2026-06-27 00:38:01,ok id,1625690375,9
2026-06-27 00:38:15,start id_fixture,1625701197,
2026-06-27 00:38:16,ok id,1625701197,9
2026-06-27 00:38:33,start id_fixture,1625696348,
2026-06-27 00:38:34,ok id,1625696348,9
2026-06-27 00:38:51,start id_fixture,1625696349,
2026-06-27 00:38:52,ok id,1625696349,9
2026-06-27 00:39:05,start id_fixture,1625711769,
2026-06-27 00:39:06,ok id,1625711769,9
2026-06-27 00:39:35,start id_fixture,1626180286,
2026-06-27 00:39:36,ok id,1626180286,9
2026-06-27 00:39:56,start id_fixture,1626186205,
2026-06-27 00:39:57,ok id,1626186205,9
2026-06-27 00:40:13,start id_fixture,1626186204,
2026-06-27 00:40:14,ok id,1626186204,9
2026-06-27 00:40:33,start id_fixture,1626177378,
2026-06-27 00:40:34,ok id,1626177378,9
2026-06-27 00:41:08,start id_fixture,1626180287,
2026-06-27 00:41:09,ok id,1626180287,9
2026-06-27 00:41:25,start id_fixture,1626180288,
2026-06-27 00:41:26,ok id,1626180288,9
2026-06-27 00:41:42,start id_fixture,1626186206,
2026-06-27 00:41:43,ok id,1626186206,9
2026-06-27 00:41:55,start id_fixture,1626180289,
2026-06-27 00:41:56,ok id,1626180289,9
2026-06-27 00:42:10,start id_fixture,1626177379,
2026-06-27 00:42:11,ok id,1626177379,9
2026-06-27 00:42:41,start id_fixture,1626759238,
2026-06-27 00:42:42,ok id,1626759238,9
2026-06-27 00:42:57,start id_fixture,1626759348,
2026-06-27 00:42:59,ok id,1626759348,9
2026-06-27 00:43:28,start id_fixture,1626759349,
2026-06-27 00:43:28,ok id,1626759349,9
2026-06-27 00:43:57,start id_fixture,1626759347,
2026-06-27 00:43:58,ok id,1626759347,9
2026-06-27 00:44:37,start id_fixture,1626759237,
2026-06-27 00:44:38,ok id,1626759237,9
2026-06-27 00:44:54,start id_fixture,1626745158,
2026-06-27 00:44:55,ok id,1626745158,9
2026-06-27 00:45:26,start id_fixture,1626745159,
2026-06-27 00:45:27,ok id,1626745159,9
2026-06-27 00:45:55,start id_fixture,1627445498,
2026-06-27 00:45:56,ok id,1627445498,9
2026-06-27 00:46:24,start id_fixture,1627492931,
2026-06-27 00:46:25,ok id,1627492931,9
2026-06-27 00:46:39,start id_fixture,1627505746,
2026-06-27 00:46:40,ok id,1627505746,9
2026-06-27 00:46:53,start id_fixture,1627546452,
2026-06-27 00:46:54,ok id,1627546452,9
2026-06-27 00:47:23,start id_fixture,1627611943,
2026-06-27 00:47:24,ok id,1627611943,9
2026-06-27 00:47:54,start id_fixture,1627635331,
2026-06-27 00:47:55,ok id,1627635331,9
2026-06-27 00:48:10,start id_fixture,1627644744,
2026-06-27 00:48:11,ok id,1627644744,9
2026-06-27 00:48:27,start id_fixture,1627644567,
2026-06-27 00:48:28,ok id,1627644567,9
2026-06-27 00:48:43,start id_fixture,1627655852,
2026-06-27 00:48:44,ok id,1627655852,9
2026-06-27 00:49:19,start id_fixture,1625172886,
2026-06-27 00:49:20,userbet error id,1625172886,
2026-06-27 00:49:33,start id_fixture,1625172886,
2026-06-27 00:49:34,userbet error id,1625172886,
2026-06-27 00:49:47,start id_fixture,1625172886,
2026-06-27 00:49:48,userbet error id,1625172886,
2026-06-27 00:51:02,start id_fixture,1625172886,
2026-06-27 00:51:03,userbet error id,1625172886,
2026-06-27 00:52:22,start id_fixture,1628029774,
2026-06-27 00:52:23,ok id,1628029774,9
2026-06-27 00:52:58,start id_fixture,1628070643,
2026-06-27 00:52:59,ok id,1628070643,9
2026-06-27 00:53:22,start id_fixture,1628105557,
2026-06-27 00:53:23,ok id,1628105557,9
2026-06-27 00:53:35,start id_fixture,1628136532,
2026-06-27 00:53:36,ok id,1628136532,9
2026-06-27 00:54:12,start id_fixture,1628222233,
2026-06-27 00:54:13,ok id,1628222233,9
2026-06-27 00:54:52,start id_fixture,1628252429,
2026-06-27 00:54:53,ok id,1628252429,9
2026-06-27 00:55:12,start id_fixture,1628250327,
2026-06-27 00:55:13,ok id,1628250327,9
2026-06-27 00:55:28,start id_fixture,1628252532,
2026-06-27 00:55:29,ok id,1628252532,9
2026-06-27 00:57:50,start id_fixture,1628262500,
2026-06-27 00:57:51,ok id,1628262500,9
2026-06-27 00:59:07,start id_fixture,1628638391,
2026-06-27 00:59:08,ok id,1628638391,9
2026-06-27 01:00:12,start id_fixture,1628674706,
2026-06-27 01:00:13,ok id,1628674706,9
2026-06-27 01:00:29,start id_fixture,1628681863,
2026-06-27 01:00:30,ok id,1628681863,9
2026-06-27 01:00:47,start id_fixture,1628695954,
2026-06-27 01:00:48,ok id,1628695954,9
2026-06-27 01:01:29,start id_fixture,1628790356,
2026-06-27 01:01:30,ok id,1628790356,9
2026-06-27 01:01:46,start id_fixture,1628801509,
2026-06-27 01:01:47,ok id,1628801509,9
2026-06-27 01:01:59,start id_fixture,1628801510,
2026-06-27 01:02:00,ok id,1628801510,9
2026-06-27 01:02:18,start id_fixture,1628804882,
2026-06-27 01:02:19,ok id,1628804882,9
2026-06-27 01:02:31,start id_fixture,1628806124,
2026-06-27 01:02:32,ok id,1628806124,9
2026-06-27 01:03:02,start id_fixture,1629184027,
2026-06-27 01:03:03,ok id,1629184027,9
2026-06-27 01:03:54,start id_fixture,1629442475,
2026-06-27 01:03:55,ok id,1629442475,9
2026-06-27 01:04:14,start id_fixture,1629410982,
2026-06-27 01:04:15,ok id,1629410982,9
2026-06-27 01:04:46,start id_fixture,1629410983,
2026-06-27 01:04:47,ok id,1629410983,9
2026-06-27 01:05:01,start id_fixture,1629405694,
2026-06-27 01:05:03,ok id,1629405694,9
2026-06-27 01:05:14,start id_fixture,1629410986,
2026-06-27 01:05:15,ok id,1629410986,9
2026-06-27 01:05:41,start id_fixture,1629405693,
2026-06-27 01:05:41,ok id,1629405693,9
2026-06-27 01:05:59,start id_fixture,1629410985,
2026-06-27 01:06:00,ok id,1629410985,9
2026-06-27 01:06:14,start id_fixture,1629410087,
2026-06-27 01:06:15,ok id,1629410087,9
2026-06-27 01:07:25,start id_fixture,1629495942,
2026-06-27 01:07:26,ok id,1629495942,9
2026-06-27 01:07:43,start id_fixture,1629487128,
2026-06-27 01:07:44,ok id,1629487128,9
2026-06-27 01:10:17,start id_fixture,1629949470,
2026-06-27 01:10:18,ok id,1629949470,9
2026-06-27 01:10:34,start id_fixture,1629949805,
2026-06-27 01:10:35,ok id,1629949805,9
2026-06-27 01:10:50,start id_fixture,1629956870,
2026-06-27 01:10:51,ok id,1629956870,9
2026-06-27 01:11:22,start id_fixture,1629949809,
2026-06-27 01:11:23,ok id,1629949809,9
2026-06-27 01:12:09,start id_fixture,1629949807,
2026-06-27 01:12:10,ok id,1629949807,9
2026-06-27 01:12:29,start id_fixture,1629949469,
2026-06-27 01:12:30,ok id,1629949469,9
2026-06-27 01:12:45,start id_fixture,1629949467,
2026-06-27 01:12:46,ok id,1629949467,9
2026-06-27 01:13:01,start id_fixture,1629949466,
2026-06-27 01:13:02,ok id,1629949466,9
2026-06-27 01:13:18,start id_fixture,1629949808,
2026-06-27 01:13:19,ok id,1629949808,9
2026-06-27 23:31:50,start id_fixture,1611256231,
2026-06-27 23:31:52,ok id,1611256231,9
2026-06-27 23:33:53,start id_fixture,1611255977,
2026-06-27 23:33:53,ok id,1611255977,9
2026-06-27 23:34:33,start id_fixture,1611256230,
2026-06-27 23:34:34,ok id,1611256230,9
2026-06-27 23:35:20,start id_fixture,1611253096,
2026-06-27 23:35:21,ok id,1611253096,9
2026-06-27 23:35:49,start id_fixture,1611255976,
2026-06-27 23:35:50,ok id,1611255976,9
2026-06-27 23:38:42,start id_fixture,1611256229,
2026-06-27 23:38:43,ok id,1611256229,9
2026-06-27 23:39:10,start id_fixture,1611253099,
2026-06-27 23:39:11,ok id,1611253099,9
2026-06-27 23:40:47,start id_fixture,1611253098,
2026-06-27 23:40:48,ok id,1611253098,9
2026-06-27 23:41:09,start id_fixture,1611253097,
2026-06-27 23:41:10,ok id,1611253097,9
2026-06-27 23:42:13,start id_fixture,1613234568,
2026-06-27 23:42:14,ok id,1613234568,9
2026-06-27 23:43:29,start id_fixture,1613321509,
2026-06-27 23:43:30,ok id,1613321509,9
2026-06-27 23:43:58,start id_fixture,1613321459,
2026-06-27 23:43:59,ok id,1613321459,9
2026-06-27 23:44:25,start id_fixture,1613315549,
2026-06-27 23:44:26,ok id,1613315549,9
2026-06-27 23:45:03,start id_fixture,1613315548,
2026-06-27 23:45:04,ok id,1613315548,9
2026-06-27 23:45:22,start id_fixture,1613293727,
2026-06-27 23:45:23,ok id,1613293727,9
2026-06-27 23:47:12,start id_fixture,1613440600,
2026-06-27 23:47:13,ok id,1613440600,9
2026-06-27 23:47:39,start id_fixture,1613441852,
2026-06-27 23:47:40,ok id,1613441852,9
2026-06-27 23:48:04,start id_fixture,1613437631,
2026-06-27 23:48:05,ok id,1613437631,9
2026-06-27 23:48:58,start id_fixture,1614031952,
2026-06-27 23:48:58,ok id,1614031952,9
2026-06-27 23:50:40,start id_fixture,1614003841,
2026-06-27 23:50:41,ok id,1614003841,9
2026-06-27 23:51:07,start id_fixture,1614037155,
2026-06-27 23:51:08,ok id,1614037155,9
2026-06-27 23:52:52,start id_fixture,1614003842,
2026-06-27 23:52:53,ok id,1614003842,9
2026-06-27 23:53:13,start id_fixture,1614031955,
2026-06-27 23:53:14,ok id,1614031955,9
2026-06-27 23:53:41,start id_fixture,1614031953,
2026-06-27 23:53:42,ok id,1614031953,9
2026-06-27 23:54:03,start id_fixture,1614031954,
2026-06-27 23:54:04,ok id,1614031954,9
2026-06-27 23:55:41,start id_fixture,1614037154,
2026-06-27 23:55:42,ok id,1614037154,9
2026-06-27 23:56:03,start id_fixture,1614003843,
2026-06-27 23:56:04,ok id,1614003843,9
2026-06-27 23:57:43,start id_fixture,1614589043,
2026-06-27 23:57:44,ok id,1614589043,9
2026-06-27 23:58:55,start id_fixture,1614588926,
2026-06-27 23:58:56,ok id,1614588926,9
2026-06-27 23:59:19,start id_fixture,1614593732,
2026-06-27 23:59:20,ok id,1614593732,9
2026-06-27 23:59:43,start id_fixture,1614588927,
2026-06-27 23:59:44,ok id,1614588927,9
2026-06-28 00:00:07,start id_fixture,1614589047,
2026-06-28 00:00:08,ok id,1614589047,9
2026-06-28 00:00:37,start id_fixture,1614589044,
2026-06-28 00:00:38,ok id,1614589044,9
2026-06-28 00:06:16,start id_fixture,1614589045,
2026-06-28 00:06:17,ok id,1614589045,9
2026-06-28 00:06:42,start id_fixture,1614588928,
2026-06-28 00:06:43,ok id,1614588928,9
2026-06-28 00:07:04,start id_fixture,1614593733,
2026-06-28 00:07:04,ok id,1614593733,9
2026-06-28 00:08:13,start id_fixture,1615101367,
2026-06-28 00:08:14,ok id,1615101367,9
2026-06-28 00:11:46,start id_fixture,1615175002,
2026-06-28 00:11:47,ok id,1615175002,9
2026-06-28 00:12:21,start id_fixture,1615167005,
2026-06-28 00:12:22,ok id,1615167005,9
2026-06-28 00:12:56,start id_fixture,1615166868,
2026-06-28 00:12:57,ok id,1615166868,9
2026-06-28 00:13:12,start id_fixture,1615166869,
2026-06-28 00:13:13,ok id,1615166869,9
2026-06-28 00:14:02,start id_fixture,1615167004,
2026-06-28 00:14:04,ok id,1615167004,9
2026-06-28 00:15:27,start id_fixture,1615308820,
2026-06-28 00:15:28,ok id,1615308820,9
2026-06-28 00:15:43,start id_fixture,1615303823,
2026-06-28 00:15:44,ok id,1615303823,9
2026-06-28 00:16:13,start id_fixture,1615290967,
2026-06-28 00:16:14,ok id,1615290967,9
2026-06-28 00:16:57,start id_fixture,1615652389,
2026-06-28 00:16:57,ok id,1615652389,9
2026-06-28 00:18:00,start id_fixture,1615719272,
2026-06-28 00:18:01,ok id,1615719272,9
2026-06-28 00:19:48,start id_fixture,1615713957,
2026-06-28 00:19:49,ok id,1615713957,9
2026-06-28 00:20:22,start id_fixture,1615716174,
2026-06-28 00:20:23,ok id,1615716174,9
2026-06-28 00:20:45,start id_fixture,1615709395,
2026-06-28 00:20:46,ok id,1615709395,9
2026-06-28 00:21:23,start id_fixture,1615719356,
2026-06-28 00:21:24,ok id,1615719356,9
2026-06-28 00:23:13,start id_fixture,1615845222,
2026-06-28 00:23:14,ok id,1615845222,9
2026-06-28 00:23:44,start id_fixture,1615848184,
2026-06-28 00:23:45,ok id,1615848184,9
2026-06-28 00:24:05,start id_fixture,1615847665,
2026-06-28 00:24:06,ok id,1615847665,9
2026-06-28 00:25:01,start id_fixture,1616788840,
2026-06-28 00:25:02,ok id,1616788840,9
2026-06-28 00:26:47,start id_fixture,1616818658,
2026-06-28 00:26:47,ok id,1616818658,9
2026-06-28 00:27:30,start id_fixture,1616818656,
2026-06-28 00:27:31,ok id,1616818656,9
2026-06-28 00:28:08,start id_fixture,1616851735,
2026-06-28 00:28:09,ok id,1616851735,9
2026-06-28 00:29:01,start id_fixture,1616818657,
2026-06-28 00:29:02,ok id,1616818657,9
2026-06-28 00:29:58,start id_fixture,1616854065,
2026-06-28 00:29:59,ok id,1616854065,9
2026-06-28 00:30:49,start id_fixture,1616864349,
2026-06-28 00:30:50,ok id,1616864349,9
2026-06-28 00:32:18,start id_fixture,1616870056,
2026-06-28 00:32:19,ok id,1616870056,9
2026-06-28 00:32:54,start id_fixture,1616873856,
2026-06-28 00:32:55,ok id,1616873856,9
2026-06-28 00:34:19,start id_fixture,1616990718,
2026-06-28 00:34:20,ok id,1616990718,9
2026-06-28 00:36:18,start id_fixture,1616990717,
2026-06-28 00:36:19,ok id,1616990717,9
2026-06-28 00:37:20,start id_fixture,1616990720,
2026-06-28 00:37:21,ok id,1616990720,9
2026-06-28 00:39:04,start id_fixture,1616990719,
2026-06-28 00:39:04,ok id,1616990719,9
2026-06-28 00:39:27,start id_fixture,1616984302,
2026-06-28 00:39:28,ok id,1616984302,9
2026-06-28 00:39:52,start id_fixture,1616984300,
2026-06-28 00:39:52,ok id,1616984300,9
2026-06-28 00:40:14,start id_fixture,1616984301,
2026-06-28 00:40:15,ok id,1616984301,9
2026-06-28 00:41:13,start id_fixture,1616990722,
2026-06-28 00:41:14,ok id,1616990722,9
2026-06-28 00:41:35,start id_fixture,1616990721,
2026-06-28 00:41:36,ok id,1616990721,9
2026-06-28 00:43:00,start id_fixture,1617575532,
2026-06-28 00:43:01,ok id,1617575532,9
2026-06-28 00:44:40,start id_fixture,1617635269,
2026-06-28 00:44:41,ok id,1617635269,9
2026-06-28 00:45:07,start id_fixture,1617635554,
2026-06-28 00:45:08,ok id,1617635554,9
2026-06-28 00:45:33,start id_fixture,1617635555,
2026-06-28 00:45:34,ok id,1617635555,9
2026-06-28 00:45:59,start id_fixture,1617635553,
2026-06-28 00:46:00,ok id,1617635553,9
2026-06-28 00:46:31,start id_fixture,1617641975,
2026-06-28 00:46:32,ok id,1617641975,9
2026-06-28 00:47:04,start id_fixture,1617646874,
2026-06-28 00:47:05,ok id,1617646874,9
2026-06-28 00:50:20,start id_fixture,1617781226,
2026-06-28 00:50:21,ok id,1617781226,9
2026-06-28 00:50:41,start id_fixture,1617782436,
2026-06-28 00:50:42,ok id,1617782436,9
2026-06-29 12:40:08,start id_fixture,1618111747,
2026-06-29 12:40:10,ok id,1618111747,9
2026-06-29 12:41:03,start id_fixture,1618172619,
2026-06-29 12:41:04,ok id,1618172619,9
2026-06-29 12:41:54,start id_fixture,1618172620,
2026-06-29 12:41:55,ok id,1618172620,9
2026-06-29 12:42:23,start id_fixture,1618172621,
2026-06-29 12:42:25,ok id,1618172621,9
2026-06-29 12:43:15,start id_fixture,1618174895,
2026-06-29 12:43:16,ok id,1618174895,9
2026-06-29 12:43:30,start id_fixture,1618192265,
2026-06-29 12:43:31,ok id,1618192265,9
2026-06-29 12:44:24,start id_fixture,1618303069,
2026-06-29 12:44:25,ok id,1618303069,9
2026-06-29 12:44:35,start id_fixture,1618314582,
2026-06-29 12:44:36,ok id,1618314582,9
2026-06-29 12:44:51,start id_fixture,1618323311,
2026-06-29 12:44:52,ok id,1618323311,9
2026-06-29 12:45:36,start id_fixture,1618899369,
2026-06-29 12:45:37,ok id,1618899369,9
2026-06-29 12:46:24,start id_fixture,1618917116,
2026-06-29 12:46:25,ok id,1618917116,9
2026-06-29 12:46:45,start id_fixture,1618899373,
2026-06-29 12:46:47,ok id,1618899373,9
2026-06-29 12:47:05,start id_fixture,1618918945,
2026-06-29 12:47:05,ok id,1618918945,9
2026-06-29 12:47:22,start id_fixture,1618917114,
2026-06-29 12:47:23,ok id,1618917114,9
2026-06-29 12:47:47,start id_fixture,1618899363,
2026-06-29 12:47:48,ok id,1618899363,9
2026-06-29 12:48:16,start id_fixture,1618918943,
2026-06-29 12:48:18,ok id,1618918943,9
2026-06-29 12:49:01,start id_fixture,1618899366,
2026-06-29 12:49:02,ok id,1618899366,9
2026-06-29 12:49:21,start id_fixture,1618899372,
2026-06-29 12:49:22,ok id,1618899372,9
2026-06-29 12:49:59,start id_fixture,1619457696,
2026-06-29 12:50:00,ok id,1619457696,9
2026-06-29 12:50:45,start id_fixture,1619456913,
2026-06-29 12:50:46,ok id,1619456913,9
2026-06-29 12:51:02,start id_fixture,1619454345,
2026-06-29 12:51:03,ok id,1619454345,9
2026-06-29 12:51:58,start id_fixture,1619457699,
2026-06-29 12:51:59,ok id,1619457699,9
2026-06-29 12:52:15,start id_fixture,1619454343,
2026-06-29 12:52:16,ok id,1619454343,9
2026-06-29 12:52:33,start id_fixture,1619454344,
2026-06-29 12:52:34,ok id,1619454344,9
2026-06-29 12:53:18,start id_fixture,1619457697,
2026-06-29 12:53:19,ok id,1619457697,9
2026-06-29 12:53:34,start id_fixture,1619454342,
2026-06-29 12:53:34,ok id,1619454342,9
2026-06-29 12:53:48,start id_fixture,1619457698,
2026-06-29 12:53:49,ok id,1619457698,9
2026-06-29 12:54:15,start id_fixture,1619884022,
2026-06-29 12:54:16,ok id,1619884022,9
2026-06-29 12:55:03,start id_fixture,1619942012,
2026-06-29 12:55:04,ok id,1619942012,9
2026-06-29 12:55:34,start id_fixture,1619940465,
2026-06-29 12:55:35,ok id,1619940465,9
2026-06-29 12:55:51,start id_fixture,1619926479,
2026-06-29 12:55:53,ok id,1619926479,9
2026-06-29 12:56:08,start id_fixture,1619940466,
2026-06-29 12:56:09,ok id,1619940466,9
2026-06-29 12:56:22,start id_fixture,1619940463,
2026-06-29 12:56:23,ok id,1619940463,9
2026-06-29 12:56:34,start id_fixture,1619950132,
2026-06-29 12:56:35,ok id,1619950132,9
2026-06-29 12:57:59,start id_fixture,1620041068,
2026-06-29 12:58:00,ok id,1620041068,9
2026-06-29 12:58:12,start id_fixture,1620053300,
2026-06-29 12:58:13,ok id,1620053300,9
2026-06-29 12:58:48,start id_fixture,1620344967,
2026-06-29 12:58:49,ok id,1620344967,9
2026-06-29 12:59:42,start id_fixture,1620376891,
2026-06-29 12:59:44,ok id,1620376891,9
2026-06-29 12:59:57,start id_fixture,1620376892,
2026-06-29 12:59:58,ok id,1620376892,9
2026-06-29 13:00:46,start id_fixture,1620398949,
2026-06-29 13:00:48,ok id,1620398949,9
2026-06-29 13:01:04,start id_fixture,1620395020,
2026-06-29 13:01:05,ok id,1620395020,9
2026-06-29 13:01:15,start id_fixture,1620401058,
2026-06-29 13:01:17,ok id,1620401058,9
2026-06-29 13:01:50,start id_fixture,1620488380,
2026-06-29 13:01:51,ok id,1620488380,9
2026-06-29 13:02:06,start id_fixture,1620492448,
2026-06-29 13:02:07,ok id,1620492448,9
2026-06-29 13:02:22,start id_fixture,1620501807,
2026-06-29 13:02:23,ok id,1620501807,9
2026-06-29 13:02:43,start id_fixture,1620777508,
2026-06-29 13:02:44,ok id,1620777508,9
2026-06-29 13:03:18,start id_fixture,1620818181,
2026-06-29 13:03:19,ok id,1620818181,9
2026-06-29 13:03:35,start id_fixture,1620818180,
2026-06-29 13:03:36,ok id,1620818180,9
2026-06-29 13:03:58,start id_fixture,1620807731,
2026-06-29 13:03:59,ok id,1620807731,9
2026-06-29 13:04:15,start id_fixture,1620818183,
2026-06-29 13:04:16,ok id,1620818183,9
2026-06-29 13:04:28,start id_fixture,1620818184,
2026-06-29 13:04:29,ok id,1620818184,9
2026-06-29 13:04:47,start id_fixture,1620834845,
2026-06-29 13:04:48,ok id,1620834845,9
2026-06-29 13:08:17,start id_fixture,1620916765,
2026-06-29 13:08:18,ok id,1620916765,9
2026-06-29 13:08:29,start id_fixture,1620936103,
2026-06-29 13:08:30,ok id,1620936103,9
2026-06-29 13:11:52,start id_fixture,1621313352,
2026-06-29 13:11:53,ok id,1621313352,9
2026-06-29 13:12:19,start id_fixture,1621317173,
2026-06-29 13:12:20,ok id,1621317173,9
2026-06-29 13:12:46,start id_fixture,1621317172,
2026-06-29 13:12:47,ok id,1621317172,9
2026-06-29 13:13:00,start id_fixture,1621317175,
2026-06-29 13:13:01,ok id,1621317175,9
2026-06-29 13:13:18,start id_fixture,1621316252,
2026-06-29 13:13:19,ok id,1621316252,9
2026-06-29 13:13:52,start id_fixture,1621316253,
2026-06-29 13:13:53,ok id,1621316253,9
2026-06-29 13:14:04,start id_fixture,1621316251,
2026-06-29 13:14:06,ok id,1621316251,9
2026-06-29 13:14:52,start id_fixture,1621583421,
2026-06-29 13:14:53,ok id,1621583421,9
2026-06-29 13:15:07,start id_fixture,1621583420,
2026-06-29 13:15:08,ok id,1621583420,9
2026-06-29 13:15:20,start id_fixture,1621586488,
2026-06-29 13:15:21,ok id,1621586488,9
2026-06-29 13:15:52,start id_fixture,1621586489,
2026-06-29 13:15:53,ok id,1621586489,9
2026-06-29 13:16:08,start id_fixture,1621587369,
2026-06-29 13:16:09,ok id,1621587369,9
2026-06-29 13:16:26,start id_fixture,1621591914,
2026-06-29 13:16:27,ok id,1621591914,9
2026-06-29 13:16:42,start id_fixture,1621587371,
2026-06-29 13:16:43,ok id,1621587371,9
2026-06-29 13:17:04,start id_fixture,1621583422,
2026-06-29 13:17:05,ok id,1621583422,9
2026-06-29 13:17:25,start id_fixture,1621901900,
2026-06-29 13:17:26,ok id,1621901900,9
2026-06-29 13:17:59,start id_fixture,1621931827,
2026-06-29 13:18:00,ok id,1621931827,9
2026-06-29 13:18:15,start id_fixture,1621931819,
2026-06-29 13:18:16,ok id,1621931819,9
2026-06-29 13:18:32,start id_fixture,1621931823,
2026-06-29 13:18:32,ok id,1621931823,9
2026-06-29 13:18:49,start id_fixture,1621931805,
2026-06-29 13:18:50,ok id,1621931805,9
2026-06-29 13:19:11,start id_fixture,1621931686,
2026-06-29 13:19:12,ok id,1621931686,9
2026-06-29 13:19:26,start id_fixture,1621931697,
2026-06-29 13:19:28,ok id,1621931697,9
2026-06-29 13:20:18,start id_fixture,1621976150,
2026-06-29 13:20:19,ok id,1621976150,9
2026-06-29 13:20:33,start id_fixture,1621975979,
2026-06-29 13:20:34,ok id,1621975979,9
2026-06-29 13:20:58,start id_fixture,1622133186,
2026-06-29 13:20:59,ok id,1622133186,9
2026-06-29 13:21:28,start id_fixture,1622152573,
2026-06-29 13:21:29,ok id,1622152573,9
2026-06-29 13:21:50,start id_fixture,1622152574,
2026-06-29 13:21:50,ok id,1622152574,9
2026-06-29 13:22:02,start id_fixture,1622144385,
2026-06-29 13:22:03,ok id,1622144385,9
2026-06-29 13:22:22,start id_fixture,1622150043,
2026-06-29 13:22:23,ok id,1622150043,9
2026-06-29 13:22:35,start id_fixture,1622152571,
2026-06-29 13:22:36,ok id,1622152571,9
2026-06-29 13:22:51,start id_fixture,1622167372,
2026-06-29 13:22:52,ok id,1622167372,9
2026-06-29 13:23:16,start id_fixture,1622221956,
2026-06-29 13:23:17,ok id,1622221956,9
2026-06-29 13:23:34,start id_fixture,1622232148,
2026-06-29 13:23:35,ok id,1622232148,9
2026-06-29 13:24:21,start id_fixture,1622315651,
2026-06-29 13:24:22,ok id,1622315651,9
2026-06-29 13:24:34,start id_fixture,1622315650,
2026-06-29 13:24:34,ok id,1622315650,9
2026-06-29 13:25:15,start id_fixture,1622446119,
2026-06-29 13:25:17,ok id,1622446119,9
2026-06-29 13:25:55,start id_fixture,1622495222,
2026-06-29 13:25:56,ok id,1622495222,9
2026-06-29 13:26:13,start id_fixture,1622485129,
2026-06-29 13:26:14,ok id,1622485129,9
2026-06-29 13:26:34,start id_fixture,1622495223,
2026-06-29 13:26:35,ok id,1622495223,9
2026-06-29 13:26:49,start id_fixture,1622495224,
2026-06-29 13:26:50,ok id,1622495224,9
2026-06-29 13:27:05,start id_fixture,1622485124,
2026-06-29 13:27:06,ok id,1622485124,9
2026-06-29 13:27:17,start id_fixture,1622502498,
2026-06-29 13:27:18,ok id,1622502498,9
2026-06-29 13:28:01,start id_fixture,1622562822,
2026-06-29 13:28:02,ok id,1622562822,9
2026-06-29 13:28:15,start id_fixture,1622572344,
2026-06-29 13:28:16,ok id,1622572344,9
2026-06-29 13:28:42,start id_fixture,1622825359,
2026-06-29 13:28:43,ok id,1622825359,9
2026-06-29 13:29:17,start id_fixture,1622872680,
2026-06-29 13:29:18,ok id,1622872680,9
2026-06-29 13:29:35,start id_fixture,1622861366,
2026-06-29 13:29:36,ok id,1622861366,9
2026-06-29 13:29:57,start id_fixture,1622865068,
2026-06-29 13:29:57,ok id,1622865068,9
2026-06-29 13:30:11,start id_fixture,1622872681,
2026-06-29 13:30:12,ok id,1622872681,9
2026-06-29 13:30:42,start id_fixture,1622872679,
2026-06-29 13:30:43,ok id,1622872679,9
2026-06-29 13:30:55,start id_fixture,1622883926,
2026-06-29 13:30:56,ok id,1622883926,9
2026-06-29 13:31:29,start id_fixture,1622959841,
2026-06-29 13:31:30,ok id,1622959841,9
2026-06-29 13:31:51,start id_fixture,1622968211,
2026-06-29 13:31:52,ok id,1622968211,9
2026-06-29 13:32:41,start id_fixture,1623235780,
2026-06-29 13:32:42,ok id,1623235780,9
2026-06-29 19:20:56,start id_fixture,1623269520,
2026-06-29 19:20:57,ok id,1623269520,9
2026-06-29 19:21:23,start id_fixture,1623286357,
2026-06-29 19:21:24,ok id,1623286357,9
2026-06-29 19:21:44,start id_fixture,1623286356,
2026-06-29 19:21:45,ok id,1623286356,9
2026-06-29 19:22:12,start id_fixture,1623269519,
2026-06-29 19:22:13,ok id,1623269519,9
2026-06-29 19:22:31,start id_fixture,1623269521,
2026-06-29 19:22:32,ok id,1623269521,9
2026-06-29 19:22:56,start id_fixture,1623286433,
2026-06-29 19:22:57,ok id,1623286433,9
2026-06-29 19:23:48,start id_fixture,1623382920,
2026-06-29 19:23:49,ok id,1623382920,9
2026-06-29 19:24:06,start id_fixture,1623389840,
2026-06-29 19:24:07,ok id,1623389840,9
2026-06-29 19:24:46,start id_fixture,4634362,
2026-06-29 19:24:47,userbet error id,4634362,
2026-06-29 19:25:04,start id_fixture,4634362,
2026-06-29 19:25:05,userbet error id,4634362,
2026-06-29 19:26:04,start id_fixture,1623698441,
2026-06-29 19:26:05,ok id,1623698441,9
2026-06-29 19:26:20,start id_fixture,1623698443,
2026-06-29 19:26:21,ok id,1623698443,9
2026-06-29 19:26:48,start id_fixture,1623703037,
2026-06-29 19:26:49,ok id,1623703037,9
2026-06-29 19:27:39,start id_fixture,1623698442,
2026-06-29 19:27:40,ok id,1623698442,9
2026-06-29 19:48:03,start id_fixture,1623734236,
2026-06-29 19:48:04,ok id,1623734236,9
2026-06-29 19:48:42,start id_fixture,1623793918,
2026-06-29 19:48:43,ok id,1623793918,9
2026-06-29 19:49:06,start id_fixture,1623808064,
2026-06-29 19:49:07,ok id,1623808064,9
2026-06-29 19:49:26,start id_fixture,1623817104,
2026-06-29 19:49:27,ok id,1623817104,9
2026-06-29 19:50:01,start id_fixture,1624075377,
2026-06-29 19:50:02,ok id,1624075377,9
2026-06-29 19:50:58,start id_fixture,1624128183,
2026-06-29 19:50:59,ok id,1624128183,9
2026-06-29 19:51:26,start id_fixture,1624128182,
2026-06-29 19:51:28,ok id,1624128182,9
2026-06-29 19:52:00,start id_fixture,1624124581,
2026-06-29 19:52:01,ok id,1624124581,9
2026-06-29 19:52:16,start id_fixture,1624124580,
2026-06-29 19:52:17,ok id,1624124580,9
2026-06-29 19:52:33,start id_fixture,1624128271,
2026-06-29 19:52:34,ok id,1624128271,9
2026-06-29 19:53:28,start id_fixture,1624226963,
2026-06-29 19:53:29,ok id,1624226963,9
2026-06-29 19:53:46,start id_fixture,1624237934,
2026-06-29 19:53:47,ok id,1624237934,9
2026-06-29 19:54:31,start id_fixture,1624243783,
2026-06-29 19:54:32,ok id,1624243783,9
2026-06-29 19:55:04,start id_fixture,1621591917,
2026-06-29 19:55:05,ok id,1621591917,9
2026-06-29 19:55:26,start id_fixture,1624503297,
2026-06-29 19:55:27,ok id,1624503297,9
2026-06-29 19:55:55,start id_fixture,1624540615,
2026-06-29 19:55:56,ok id,1624540615,9
2026-06-29 19:56:13,start id_fixture,1624530657,
2026-06-29 19:56:14,ok id,1624530657,9
2026-06-29 19:57:27,start id_fixture,1624530659,
2026-06-29 19:57:28,ok id,1624530659,9
2026-06-29 19:58:17,start id_fixture,1624535737,
2026-06-29 19:58:18,ok id,1624535737,9
2026-06-29 19:58:29,start id_fixture,1624540612,
2026-06-29 19:58:30,ok id,1624540612,9
2026-06-29 19:58:47,start id_fixture,1624573500,
2026-06-29 19:58:49,ok id,1624573500,9
2026-06-29 20:06:34,start id_fixture,1624670411,
2026-06-29 20:06:35,ok id,1624670411,9
2026-06-29 20:06:48,start id_fixture,1624683077,
2026-06-29 20:06:49,ok id,1624683077,9
2026-06-29 20:07:18,start id_fixture,1624979762,
2026-06-29 20:07:19,ok id,1624979762,9
2026-06-29 20:07:47,start id_fixture,1625049670,
2026-06-29 20:07:48,ok id,1625049670,9
2026-06-29 20:08:04,start id_fixture,1625051926,
2026-06-29 20:08:05,ok id,1625051926,9
2026-06-29 20:08:18,start id_fixture,1625051927,
2026-06-29 20:08:19,ok id,1625051927,9
2026-06-29 20:08:31,start id_fixture,1625049669,
2026-06-29 20:08:32,ok id,1625049669,9
2026-06-29 20:08:46,start id_fixture,1625049746,
2026-06-29 20:08:47,ok id,1625049746,9
2026-06-29 20:16:29,start id_fixture,1625155116,
2026-06-29 20:16:30,ok id,1625155116,9
2026-06-29 20:16:41,start id_fixture,1625172903,
2026-06-29 20:16:42,ok id,1625172903,9
2026-06-29 20:16:54,start id_fixture,1625186339,
2026-06-29 20:16:55,ok id,1625186339,9
2026-06-29 20:17:42,start id_fixture,1625518247,
2026-06-29 20:17:43,ok id,1625518247,9
2026-06-29 20:19:23,start id_fixture,1625552983,
2026-06-29 20:19:25,ok id,1625552983,9
2026-06-29 20:19:36,start id_fixture,1625550055,
2026-06-29 20:19:37,ok id,1625550055,9
2026-06-29 20:19:50,start id_fixture,1625552982,
2026-06-29 20:19:51,ok id,1625552982,9
2026-06-29 20:20:03,start id_fixture,1625550056,
2026-06-29 20:20:04,ok id,1625550056,9
2026-06-29 20:20:15,start id_fixture,1625610785,
2026-06-29 20:20:17,ok id,1625610785,9
2026-06-29 20:34:47,start id_fixture,1625674804,
2026-06-29 20:34:48,ok id,1625674804,9
2026-06-29 20:35:05,start id_fixture,1625693959,
2026-06-29 20:35:06,ok id,1625693959,9
2026-06-29 20:36:24,start id_fixture,1625711738,
2026-06-29 20:36:25,ok id,1625711738,9
2026-06-29 20:38:04,start id_fixture,1626177384,
2026-06-29 20:38:06,ok id,1626177384,9
2026-06-29 20:38:24,start id_fixture,1626177385,
2026-06-29 20:38:25,ok id,1626177385,9
2026-06-29 20:38:48,start id_fixture,1626177386,
2026-06-29 20:38:49,ok id,1626177386,9
2026-06-29 20:39:01,start id_fixture,1626177383,
2026-06-29 20:39:02,ok id,1626177383,9
2026-06-29 20:39:19,start id_fixture,1626180291,
2026-06-29 20:39:20,ok id,1626180291,9
2026-06-29 20:39:43,start id_fixture,1626186209,
2026-06-29 20:39:44,ok id,1626186209,9
2026-06-29 20:40:05,start id_fixture,1626180292,
2026-06-29 20:40:06,ok id,1626180292,9
2026-06-29 20:40:36,start id_fixture,1626177387,
2026-06-29 20:40:37,ok id,1626177387,9
2026-06-29 20:40:49,start id_fixture,1626180290,
2026-06-29 20:40:51,ok id,1626180290,9
2026-06-29 20:41:14,start id_fixture,1626759359,
2026-06-29 20:41:15,ok id,1626759359,9
2026-06-29 20:41:48,start id_fixture,1626759358,
2026-06-29 20:41:49,ok id,1626759358,9
2026-06-29 20:42:00,start id_fixture,1626759254,
2026-06-29 20:42:01,ok id,1626759254,9
2026-06-29 20:42:16,start id_fixture,1626759360,
2026-06-29 20:42:17,ok id,1626759360,9
2026-06-29 20:42:28,start id_fixture,1626759250,
2026-06-29 20:42:29,ok id,1626759250,9
2026-06-29 20:42:53,start id_fixture,1626759357,
2026-06-29 20:42:54,ok id,1626759357,9
2026-06-29 20:43:26,start id_fixture,1626759252,
2026-06-29 20:43:27,ok id,1626759252,9
2026-06-29 20:43:42,start id_fixture,1626759253,
2026-06-29 20:43:43,ok id,1626759253,9
2026-06-29 20:43:54,start id_fixture,1626759251,
2026-06-29 20:43:55,ok id,1626759251,9
2026-06-29 20:44:18,start id_fixture,1627388895,
2026-06-29 20:44:19,ok id,1627388895,9
2026-06-29 20:45:03,start id_fixture,1627492992,
2026-06-29 20:45:04,ok id,1627492992,9
2026-06-29 20:45:16,start id_fixture,1627492883,
2026-06-29 20:45:17,ok id,1627492883,9
2026-06-29 20:45:31,start id_fixture,1627492885,
2026-06-29 20:45:32,ok id,1627492885,9
2026-06-29 20:45:46,start id_fixture,1627492994,
2026-06-29 20:45:47,ok id,1627492994,9
2026-06-29 20:46:00,start id_fixture,1627512294,
2026-06-29 20:46:02,ok id,1627512294,9
2026-06-29 20:47:03,start id_fixture,1627628303,
2026-06-29 20:47:04,ok id,1627628303,9
2026-06-29 20:47:14,start id_fixture,1627644859,
2026-06-29 20:47:15,ok id,1627644859,9
2026-06-29 20:47:29,start id_fixture,1627649182,
2026-06-29 20:47:30,ok id,1627649182,9
2026-06-29 20:58:34,start id_fixture,1628052363,
2026-06-29 20:58:35,ok id,1628052363,9
2026-06-29 20:58:47,start id_fixture,1628071772,
2026-06-29 20:58:48,ok id,1628071772,9
2026-06-29 20:59:00,start id_fixture,1628070655,
2026-06-29 20:59:01,ok id,1628070655,9
2026-06-29 20:59:18,start id_fixture,1628101243,
2026-06-29 20:59:19,ok id,1628101243,9
2026-06-29 20:59:30,start id_fixture,1628050809,
2026-06-29 20:59:31,ok id,1628050809,9
2026-06-29 20:59:43,start id_fixture,1628101316,
2026-06-29 20:59:44,ok id,1628101316,9
2026-06-29 21:00:11,start id_fixture,1628238969,
2026-06-29 21:00:13,ok id,1628238969,9
2026-06-29 21:00:57,start id_fixture,1628050807,
2026-06-29 21:00:59,ok id,1628050807,9
2026-06-29 21:02:44,start id_fixture,1628640515,
2026-06-29 21:02:45,ok id,1628640515,9
2026-06-29 21:02:59,start id_fixture,1628640516,
2026-06-29 21:03:00,ok id,1628640516,9
2026-06-29 21:03:20,start id_fixture,1628669052,
2026-06-29 21:03:21,ok id,1628669052,9
2026-06-29 21:03:36,start id_fixture,1628638472,
2026-06-29 21:03:37,ok id,1628638472,9
2026-06-29 21:03:51,start id_fixture,1628669051,
2026-06-29 21:03:52,ok id,1628669051,9
2026-06-29 21:04:03,start id_fixture,1628669142,
2026-06-29 21:04:04,ok id,1628669142,9
2026-06-29 21:04:30,start id_fixture,1628786106,
2026-06-29 21:04:31,ok id,1628786106,9
2026-06-29 21:04:46,start id_fixture,1628804899,
2026-06-29 21:04:47,ok id,1628804899,9
2026-06-29 21:05:11,start id_fixture,1628810148,
2026-06-29 21:05:13,ok id,1628810148,9
2026-06-29 21:05:38,start id_fixture,1629179975,
2026-06-29 21:05:39,ok id,1629179975,9
2026-06-29 21:06:57,start id_fixture,1629239555,
2026-06-29 21:06:59,ok id,1629239555,9
2026-06-29 21:07:09,start id_fixture,1629239694,
2026-06-29 21:07:10,ok id,1629239694,9
2026-06-29 21:07:20,start id_fixture,1629254554,
2026-06-29 21:07:21,ok id,1629254554,9
2026-06-29 21:07:36,start id_fixture,1629239554,
2026-06-29 21:07:37,ok id,1629239554,9
2026-06-29 21:07:48,start id_fixture,1629254629,
2026-06-29 21:07:49,ok id,1629254629,9
2026-06-29 21:08:24,start id_fixture,1629375519,
2026-06-29 21:08:25,ok id,1629375519,9
2026-06-29 21:08:42,start id_fixture,1629401545,
2026-06-29 21:08:43,ok id,1629401545,9
2026-06-29 21:09:01,start id_fixture,1629410954,
2026-06-29 21:09:02,ok id,1629410954,9
2026-06-29 21:10:05,start id_fixture,1629809027,
2026-06-29 21:10:06,ok id,1629809027,9
2026-06-29 21:10:21,start id_fixture,1629804554,
2026-06-29 21:10:22,ok id,1629804554,9
2026-06-29 21:10:40,start id_fixture,1629809029,
2026-06-29 21:10:41,ok id,1629809029,9
2026-06-29 21:10:53,start id_fixture,1629791968,
2026-06-29 21:10:54,ok id,1629791968,9
2026-06-29 21:11:10,start id_fixture,1629809028,
2026-06-29 21:11:12,ok id,1629809028,9
2026-06-29 21:11:26,start id_fixture,1629804555,
2026-06-29 21:11:27,ok id,1629804555,9
2026-06-29 21:11:47,start id_fixture,1629791966,
2026-06-29 21:11:48,ok id,1629791966,9
2026-06-29 21:12:08,start id_fixture,1629804553,
2026-06-29 21:12:09,ok id,1629804553,9
2026-06-29 21:24:25,start id_fixture,1611375817,
2026-06-29 21:24:26,ok id,1611375817,9
2026-06-29 21:24:45,start id_fixture,1611380096,
2026-06-29 21:24:45,ok id,1611380096,9
2026-06-29 21:26:30,start id_fixture,1611394548,
2026-06-29 21:26:31,ok id,1611394548,9
2026-06-29 21:26:42,start id_fixture,1611394545,
2026-06-29 21:26:43,ok id,1611394545,9
2026-06-29 21:27:19,start id_fixture,1611394547,
2026-06-29 21:27:21,ok id,1611394547,9
2026-06-29 21:28:31,start id_fixture,1611395548,
2026-06-29 21:28:31,ok id,1611395548,9
2026-06-29 21:28:48,start id_fixture,1611394546,
2026-06-29 21:28:49,ok id,1611394546,9
2026-06-29 21:29:19,start id_fixture,1611380095,
2026-06-29 21:29:20,ok id,1611380095,9
2026-06-29 21:30:21,start id_fixture,1611395549,
2026-06-29 21:30:22,ok id,1611395549,9
2026-06-29 21:31:10,start id_fixture,1611395547,
2026-06-29 21:31:11,ok id,1611395547,9
2026-06-29 21:31:52,start id_fixture,1612741717,
2026-06-29 21:31:53,ok id,1612741717,9
2026-06-29 21:32:35,start id_fixture,1612828505,
2026-06-29 21:32:36,ok id,1612828505,9
2026-06-29 21:32:56,start id_fixture,1612819090,
2026-06-29 21:32:58,ok id,1612819090,9
2026-06-29 21:33:11,start id_fixture,1612818014,
2026-06-29 21:33:12,ok id,1612818014,9
2026-06-29 21:35:52,start id_fixture,1612936546,
2026-06-29 21:35:53,ok id,1612936546,9
2026-06-29 21:36:08,start id_fixture,1612929359,
2026-06-29 21:36:09,ok id,1612929359,9
2026-06-29 21:36:24,start id_fixture,1612929358,
2026-06-29 21:36:26,ok id,1612929358,9
2026-06-29 21:36:50,start id_fixture,1612926987,
2026-06-29 21:36:51,ok id,1612926987,9
2026-06-29 21:37:54,start id_fixture,1613013196,
2026-06-29 21:37:55,ok id,1613013196,9
2026-06-29 21:38:08,start id_fixture,1613014771,
2026-06-29 21:38:09,ok id,1613014771,9
2026-06-29 21:38:44,start id_fixture,1613213689,
2026-06-29 21:38:45,ok id,1613213689,9
2026-06-29 21:39:26,start id_fixture,1613269375,
2026-06-29 21:39:28,ok id,1613269375,9
2026-06-29 21:39:39,start id_fixture,1613237529,
2026-06-29 21:39:39,ok id,1613237529,9
2026-06-29 21:40:21,start id_fixture,1613338741,
2026-06-29 21:40:22,ok id,1613338741,9
2026-06-29 21:40:48,start id_fixture,1613332016,
2026-06-29 21:40:49,ok id,1613332016,9
2026-06-29 21:41:08,start id_fixture,1613324800,
2026-06-29 21:41:09,ok id,1613324800,9
2026-06-29 21:41:23,start id_fixture,1613321487,
2026-06-29 21:41:24,ok id,1613321487,9
2026-06-29 21:42:55,start id_fixture,1613441913,
2026-06-29 21:42:56,ok id,1613441913,9
2026-06-29 21:43:08,start id_fixture,1613441886,
2026-06-29 21:43:09,ok id,1613441886,9
2026-06-29 21:43:28,start id_fixture,1613441881,
2026-06-29 21:43:29,ok id,1613441881,9
2026-06-29 21:44:14,start id_fixture,1613440535,
2026-06-29 21:44:16,ok id,1613440535,9
2026-06-29 21:44:56,start id_fixture,1614003839,
2026-06-29 21:44:58,ok id,1614003839,9
2026-06-29 21:45:54,start id_fixture,1614037152,
2026-06-29 21:45:55,ok id,1614037152,9
2026-06-29 21:46:17,start id_fixture,1614037151,
2026-06-29 21:46:18,ok id,1614037151,9
2026-06-29 21:46:31,start id_fixture,1614031948,
2026-06-29 21:46:32,ok id,1614031948,9
2026-06-29 21:46:43,start id_fixture,1614037150,
2026-06-29 21:46:44,ok id,1614037150,9
2026-06-29 21:47:20,start id_fixture,1614031951,
2026-06-29 21:47:21,ok id,1614031951,9
2026-06-29 21:47:41,start id_fixture,1614003840,
2026-06-29 21:47:42,ok id,1614003840,9
2026-06-29 21:48:01,start id_fixture,1614031949,
2026-06-29 21:48:02,ok id,1614031949,9
2026-06-29 21:48:20,start id_fixture,1614031947,
2026-06-29 21:48:21,ok id,1614031947,9
2026-06-29 21:49:12,start id_fixture,1614031950,
2026-06-29 21:49:13,ok id,1614031950,9
2026-06-29 21:49:48,start id_fixture,1614588934,
2026-06-29 21:49:49,ok id,1614588934,9
2026-06-29 21:50:36,start id_fixture,1614588932,
2026-06-29 21:50:37,ok id,1614588932,9
2026-06-29 21:50:52,start id_fixture,1614593737,
2026-06-29 21:50:53,ok id,1614593737,9
2026-06-29 21:51:07,start id_fixture,1614593736,
2026-06-29 21:51:08,ok id,1614593736,9
2026-06-29 21:51:23,start id_fixture,1614588936,
2026-06-29 21:51:24,ok id,1614588936,9
2026-06-29 21:51:43,start id_fixture,1614589055,
2026-06-29 21:51:44,ok id,1614589055,9
2026-06-29 21:52:17,start id_fixture,1614588933,
2026-06-29 21:52:18,ok id,1614588933,9
2026-06-29 21:52:32,start id_fixture,1614589054,
2026-06-29 21:52:33,ok id,1614589054,9
2026-06-29 21:52:56,start id_fixture,1614588935,
2026-06-29 21:52:57,ok id,1614588935,9
2026-06-29 21:53:12,start id_fixture,1614589056,
2026-06-29 21:53:13,ok id,1614589056,9
2026-06-29 21:53:59,start id_fixture,1614899902,
2026-06-29 21:54:00,ok id,1614899902,9
2026-06-29 21:54:10,start id_fixture,1614897651,
2026-06-29 21:54:11,ok id,1614897651,9
2026-06-29 21:54:22,start id_fixture,1614889372,
2026-06-29 21:54:23,ok id,1614889372,9
2026-06-29 21:54:38,start id_fixture,1614889373,
2026-06-29 21:54:39,ok id,1614889373,9
2026-06-29 21:55:35,start id_fixture,1614954167,
2026-06-29 21:55:36,ok id,1614954167,9
2026-06-29 21:55:53,start id_fixture,1614954168,
2026-06-29 21:55:54,ok id,1614954168,9
2026-06-29 21:56:03,start id_fixture,1614938989,
2026-06-29 21:56:04,ok id,1614938989,9
2026-06-29 21:57:03,start id_fixture,1615009268,
2026-06-29 21:57:04,ok id,1615009268,9
2026-06-29 21:57:16,start id_fixture,1615009245,
2026-06-29 21:57:17,ok id,1615009245,9
2026-06-29 21:57:45,start id_fixture,1615104414,
2026-06-29 21:57:46,ok id,1615104414,9
2026-06-29 21:58:36,start id_fixture,1615183252,
2026-06-29 21:58:37,ok id,1615183252,9
2026-06-29 21:58:59,start id_fixture,1615172622,
2026-06-29 21:59:01,ok id,1615172622,9
2026-06-29 21:59:19,start id_fixture,1615174065,
2026-06-29 21:59:20,ok id,1615174065,9
2026-06-29 22:00:46,start id_fixture,1615166961,
2026-06-29 22:00:48,ok id,1615166961,9
2026-06-29 22:38:06,start id_fixture,1615303716,
2026-06-29 22:38:07,ok id,1615303716,9
2026-06-29 22:38:29,start id_fixture,1615313028,
2026-06-29 22:38:30,ok id,1615313028,9
2026-06-29 22:38:52,start id_fixture,1615300983,
2026-06-29 22:38:53,ok id,1615300983,9
2026-06-29 22:39:38,start id_fixture,1615284896,
2026-06-29 22:39:39,ok id,1615284896,9
2026-06-29 22:40:33,start id_fixture,1615394977,
2026-06-29 22:40:34,ok id,1615394977,9
2026-06-29 22:41:06,start id_fixture,1615646604,
2026-06-29 22:41:07,ok id,1615646604,9
2026-06-29 22:41:34,start id_fixture,1615709365,
2026-06-29 22:41:35,ok id,1615709365,9
2026-06-29 22:41:51,start id_fixture,1615713983,
2026-06-29 22:41:52,ok id,1615713983,9
2026-06-29 22:42:16,start id_fixture,1615719354,
2026-06-29 22:42:17,ok id,1615719354,9
2026-06-29 22:42:30,start id_fixture,1615731101,
2026-06-29 22:42:31,ok id,1615731101,9
2026-06-29 22:43:41,start id_fixture,1615839979,
2026-06-29 22:43:42,ok id,1615839979,9
2026-06-29 22:43:53,start id_fixture,1615848141,
2026-06-29 22:43:54,ok id,1615848141,9
2026-06-29 22:44:06,start id_fixture,1615850310,
2026-06-29 22:44:07,ok id,1615850310,9
2026-06-29 22:44:22,start id_fixture,1615847642,
2026-06-29 22:44:23,ok id,1615847642,9
2026-06-29 22:44:36,start id_fixture,1615860001,
2026-06-29 22:44:37,ok id,1615860001,9
2026-06-29 22:45:26,start id_fixture,1616796460,
2026-06-29 22:45:27,ok id,1616796460,9
2026-06-29 22:46:03,start id_fixture,1616851705,
2026-06-29 22:46:05,ok id,1616851705,9
2026-06-29 22:46:38,start id_fixture,1616854083,
2026-06-29 22:46:39,ok id,1616854083,9
2026-06-29 22:47:03,start id_fixture,1616869976,
2026-06-29 22:47:04,ok id,1616869976,9
2026-06-29 22:47:23,start id_fixture,1616873828,
2026-06-29 22:47:24,ok id,1616873828,9
2026-06-29 22:48:09,start id_fixture,1616873860,
2026-06-29 22:48:10,ok id,1616873860,9
2026-06-29 22:48:23,start id_fixture,1616873859,
2026-06-29 22:48:24,ok id,1616873859,9
2026-06-29 22:48:45,start id_fixture,1616873861,
2026-06-29 22:48:46,ok id,1616873861,9
2026-06-29 22:48:59,start id_fixture,1616870060,
2026-06-29 22:49:01,ok id,1616870060,9
2026-06-29 22:49:31,start id_fixture,1616870061,
2026-06-29 22:49:32,ok id,1616870061,9
2026-06-29 22:49:58,start id_fixture,1616994661,
2026-06-29 22:49:59,ok id,1616994661,9
2026-06-29 22:50:32,start id_fixture,1616984306,
2026-06-29 22:50:32,ok id,1616984306,9
2026-06-29 22:50:52,start id_fixture,1616984307,
2026-06-29 22:50:53,ok id,1616984307,9
2026-06-29 22:51:19,start id_fixture,1616984308,
2026-06-29 22:51:20,ok id,1616984308,9
2026-06-29 22:51:45,start id_fixture,1616994662,
2026-06-29 22:51:46,ok id,1616994662,9
2026-06-29 22:52:28,start id_fixture,1616984309,
2026-06-29 22:52:29,ok id,1616984309,9
2026-06-29 22:52:44,start id_fixture,1616990730,
2026-06-29 22:52:45,ok id,1616990730,9
2026-06-29 22:53:07,start id_fixture,1616994663,
2026-06-29 22:53:08,ok id,1616994663,9
2026-06-29 22:53:29,start id_fixture,1616990729,
2026-06-29 22:53:30,ok id,1616990729,9
2026-06-29 22:54:04,start id_fixture,1616984310,
2026-06-29 22:54:05,ok id,1616984310,9
2026-06-29 22:54:32,start id_fixture,1617585473,
2026-06-29 22:54:33,ok id,1617585473,9
2026-06-29 22:55:04,start id_fixture,1617628785,
2026-06-29 22:55:05,ok id,1617628785,9
2026-06-29 22:55:25,start id_fixture,1617635570,
2026-06-29 22:55:26,ok id,1617635570,9
2026-06-29 22:55:56,start id_fixture,1617657080,
2026-06-29 22:55:57,ok id,1617657080,9
2026-06-29 22:56:15,start id_fixture,1617664284,
2026-06-29 22:56:16,ok id,1617664284,9
2026-06-29 22:57:14,start id_fixture,1617778664,
2026-06-29 22:57:14,ok id,1617778664,9
2026-06-29 22:57:26,start id_fixture,1617781250,
2026-06-29 22:57:27,ok id,1617781250,9
2026-06-29 22:57:38,start id_fixture,1617781250,
2026-06-29 22:57:40,ok id,1617781250,9
2026-06-29 22:58:10,start id_fixture,1617782419,
2026-06-29 22:58:11,ok id,1617782419,9
2026-06-29 22:59:08,start id_fixture,1617866872,
2026-06-29 22:59:09,ok id,1617866872,9
2026-06-29 22:59:33,start id_fixture,1618111759,
2026-06-29 22:59:33,ok id,1618111759,9
2026-06-29 23:00:11,start id_fixture,1618174870,
2026-06-29 23:00:12,ok id,1618174870,9
2026-06-29 23:00:33,start id_fixture,1618180987,
2026-06-29 23:00:34,ok id,1618180987,9
2026-06-29 23:00:50,start id_fixture,1618192264,
2026-06-29 23:00:51,ok id,1618192264,9
2026-06-29 23:01:23,start id_fixture,1618203065,
2026-06-29 23:01:24,ok id,1618203065,9
2026-06-29 23:02:09,start id_fixture,1618303019,
2026-06-29 23:02:10,ok id,1618303019,9
2026-06-29 23:02:28,start id_fixture,1618313207,
2026-06-29 23:02:29,ok id,1618313207,9
2026-06-29 23:02:50,start id_fixture,1618323348,
2026-06-29 23:02:51,ok id,1618323348,9
2026-06-29 23:03:15,start id_fixture,1618323271,
2026-06-29 23:03:16,ok id,1618323271,9
2026-06-29 23:03:33,start id_fixture,1618333067,
2026-06-29 23:03:34,ok id,1618333067,9
2026-06-29 23:04:08,start id_fixture,1618899374,
2026-06-29 23:04:09,ok id,1618899374,9
2026-06-29 23:04:40,start id_fixture,1618899376,
2026-06-29 23:04:41,ok id,1618899376,9
2026-06-29 23:04:56,start id_fixture,1618918948,
2026-06-29 23:04:57,ok id,1618918948,9
2026-06-29 23:05:28,start id_fixture,1618921190,
2026-06-29 23:05:30,ok id,1618921190,9
2026-06-29 23:05:44,start id_fixture,1618917122,
2026-06-29 23:05:45,ok id,1618917122,9
2026-06-29 23:06:19,start id_fixture,1618917121,
2026-06-29 23:06:20,ok id,1618917121,9
2026-06-29 23:06:42,start id_fixture,1618918947,
2026-06-29 23:06:43,ok id,1618918947,9
2026-06-29 23:07:03,start id_fixture,1618917123,
2026-06-29 23:07:04,ok id,1618917123,9
2026-06-29 23:07:19,start id_fixture,1618899375,
2026-06-29 23:07:20,ok id,1618899375,9
2026-06-29 23:07:58,start id_fixture,1618917120,
2026-06-29 23:07:59,ok id,1618917120,9
2026-06-29 23:08:33,start id_fixture,1619456915,
2026-06-29 23:08:34,ok id,1619456915,9
2026-06-29 23:09:10,start id_fixture,1619456920,
2026-06-29 23:09:11,ok id,1619456920,9
2026-06-29 23:09:24,start id_fixture,1619456923,
2026-06-29 23:09:26,ok id,1619456923,9
2026-06-29 23:09:36,start id_fixture,1619454455,
2026-06-29 23:09:37,ok id,1619454455,9
2026-06-29 23:09:57,start id_fixture,1619454349,
2026-06-29 23:09:58,ok id,1619454349,9
2026-06-29 23:10:29,start id_fixture,1619457700,
2026-06-29 23:10:30,ok id,1619457700,9
2026-06-29 23:10:42,start id_fixture,1619454457,
2026-06-29 23:10:43,ok id,1619454457,9
2026-06-29 23:11:15,start id_fixture,1619454458,
2026-06-29 23:11:16,ok id,1619454458,9
2026-06-29 23:11:31,start id_fixture,1619457701,
2026-06-29 23:11:32,ok id,1619457701,9
2026-06-29 23:11:55,start id_fixture,1619456922,
2026-06-29 23:11:56,ok id,1619456922,9
2026-06-29 23:12:24,start id_fixture,1620133498,
2026-06-29 23:12:26,ok id,1620133498,9
2026-06-29 23:12:53,start id_fixture,1620133509,
2026-06-29 23:12:54,ok id,1620133509,9
2026-06-29 23:13:18,start id_fixture,1619902579,
2026-06-29 23:13:19,ok id,1619902579,9
2026-06-29 23:13:56,start id_fixture,1619926442,
2026-06-29 23:13:57,ok id,1619926442,9
2026-06-29 23:14:13,start id_fixture,1619944566,
2026-06-29 23:14:14,ok id,1619944566,9
2026-06-29 23:14:28,start id_fixture,1619944619,
2026-06-29 23:14:29,ok id,1619944619,9
2026-06-29 23:14:43,start id_fixture,1619954237,
2026-06-29 23:14:45,ok id,1619954237,9
2026-06-29 23:15:47,start id_fixture,1620031268,
2026-06-29 23:15:48,ok id,1620031268,9
2026-06-29 23:15:59,start id_fixture,1620053250,
2026-06-29 23:16:00,ok id,1620053250,9
2026-06-29 23:16:16,start id_fixture,1620062730,
2026-06-29 23:16:17,ok id,1620062730,9
2026-06-29 23:16:32,start id_fixture,1620062805,
2026-06-29 23:16:33,ok id,1620062805,9
2026-06-29 23:16:59,start id_fixture,1620122243,
2026-06-29 23:17:00,ok id,1620122243,9
2026-06-29 23:17:26,start id_fixture,1620344977,
2026-06-29 23:17:27,ok id,1620344977,9
2026-06-29 23:18:00,start id_fixture,1620372750,
2026-06-29 23:18:01,ok id,1620372750,9
2026-06-29 23:18:21,start id_fixture,1620398969,
2026-06-29 23:18:22,ok id,1620398969,9
2026-06-29 23:18:41,start id_fixture,1620399036,
2026-06-29 23:18:42,ok id,1620399036,9
2026-06-29 23:19:00,start id_fixture,1620412274,
2026-06-29 23:19:02,ok id,1620412274,9
2026-06-29 23:19:32,start id_fixture,1620456694,
2026-06-29 23:19:33,ok id,1620456694,9
2026-06-29 23:19:43,start id_fixture,1620490471,
2026-06-29 23:19:44,ok id,1620490471,9
2026-06-29 23:20:03,start id_fixture,1620508341,
2026-06-29 23:20:04,ok id,1620508341,9
2026-06-29 23:20:39,start id_fixture,1620572859,
2026-06-29 23:20:40,ok id,1620572859,9
2026-06-29 23:21:17,start id_fixture,1620779434,
2026-06-29 23:21:18,ok id,1620779434,9
2026-06-29 23:22:28,start id_fixture,1620803279,
2026-06-29 23:22:29,ok id,1620803279,9
2026-06-29 23:22:39,start id_fixture,1620807751,
2026-06-29 23:22:40,ok id,1620807751,9
2026-06-29 23:22:52,start id_fixture,1620834846,
2026-06-29 23:22:53,ok id,1620834846,9
2026-06-29 23:23:05,start id_fixture,1620865477,
2026-06-29 23:23:06,ok id,1620865477,9
2026-06-29 23:23:34,start id_fixture,1620899232,
2026-06-29 23:23:35,ok id,1620899232,9
2026-06-29 23:23:48,start id_fixture,1620925982,
2026-06-29 23:23:49,ok id,1620925982,9
2026-06-29 23:24:04,start id_fixture,1620932879,
2026-06-29 23:24:06,ok id,1620932879,9
2026-06-29 23:24:19,start id_fixture,1620944130,
2026-06-29 23:24:21,ok id,1620944130,9
2026-06-29 23:24:47,start id_fixture,1620995932,
2026-06-29 23:24:48,ok id,1620995932,9
2026-06-29 23:25:10,start id_fixture,1621313350,
2026-06-29 23:25:11,ok id,1621313350,9
2026-06-29 23:25:41,start id_fixture,1621316249,
2026-06-29 23:25:42,ok id,1621316249,9
2026-06-29 23:25:55,start id_fixture,1621316246,
2026-06-29 23:25:56,ok id,1621316246,9
2026-06-29 23:26:09,start id_fixture,1621313351,
2026-06-29 23:26:10,ok id,1621313351,9
2026-06-29 23:26:25,start id_fixture,1621313349,
2026-06-29 23:26:26,ok id,1621313349,9
2026-06-29 23:27:13,start id_fixture,1621313348,
2026-06-29 23:27:14,ok id,1621313348,9
2026-06-29 23:27:25,start id_fixture,1621317170,
2026-06-29 23:27:26,ok id,1621317170,9
2026-06-29 23:27:37,start id_fixture,1621317169,
2026-06-29 23:27:38,ok id,1621317169,9
2026-06-29 23:27:50,start id_fixture,1621316248,
2026-06-29 23:27:51,ok id,1621316248,9
2026-06-29 23:28:11,start id_fixture,1621316247,
2026-06-29 23:28:12,ok id,1621316247,9
2026-06-29 23:28:55,start id_fixture,1621596141,
2026-06-29 23:28:56,ok id,1621596141,9
2026-06-29 23:29:55,start id_fixture,1621597957,
2026-06-29 23:29:56,ok id,1621597957,9
2026-06-29 23:30:13,start id_fixture,1621596140,
2026-06-29 23:30:14,ok id,1621596140,9
2026-06-29 23:30:48,start id_fixture,1621597958,
2026-06-29 23:30:49,ok id,1621597958,9
2026-06-29 23:31:04,start id_fixture,1621596139,
2026-06-29 23:31:05,ok id,1621596139,9
2026-06-29 23:31:38,start id_fixture,1621597126,
2026-06-29 23:31:38,ok id,1621597126,9
2026-06-29 23:31:54,start id_fixture,1621596138,
2026-06-29 23:31:55,ok id,1621596138,9
2026-06-29 23:32:23,start id_fixture,1621597959,
2026-06-29 23:32:24,ok id,1621597959,9
2026-06-29 23:33:02,start id_fixture,1621901912,
2026-06-29 23:33:03,ok id,1621901912,9
2026-06-29 23:33:36,start id_fixture,1621916480,
2026-06-29 23:33:37,ok id,1621916480,9
2026-06-29 23:33:51,start id_fixture,1621931820,
2026-06-29 23:33:52,ok id,1621931820,9
2026-06-29 23:34:08,start id_fixture,1621935913,
2026-06-29 23:34:09,ok id,1621935913,9
2026-06-29 23:34:24,start id_fixture,1621931717,
2026-06-29 23:34:25,ok id,1621931717,9
2026-06-29 23:35:25,start id_fixture,1621960219,
2026-06-29 23:35:26,ok id,1621960219,9
2026-06-29 23:37:07,start id_fixture,1621976202,
2026-06-29 23:37:08,ok id,1621976202,9
2026-06-29 23:37:49,start id_fixture,1621983500,
2026-06-29 23:37:50,ok id,1621983500,9
2026-06-29 23:38:03,start id_fixture,1621990798,
2026-06-29 23:38:04,ok id,1621990798,9
2026-06-29 23:39:03,start id_fixture,1622012901,
2026-06-29 23:39:04,ok id,1622012901,9
2026-06-29 23:40:21,start id_fixture,1622212334,
2026-06-29 23:40:22,ok id,1622212334,9
2026-06-29 23:42:39,start id_fixture,1622221914,
2026-06-29 23:42:40,ok id,1622221914,9
2026-06-29 23:42:59,start id_fixture,1622221787,
2026-06-29 23:43:00,ok id,1622221787,9
2026-06-29 23:43:22,start id_fixture,1622212332,
2026-06-29 23:43:23,ok id,1622212332,9
2026-06-29 23:43:43,start id_fixture,1622221789,
2026-06-29 23:43:44,ok id,1622221789,9
2026-06-29 23:45:16,start id_fixture,1622221788,
2026-06-29 23:45:17,ok id,1622221788,9
2026-06-29 23:45:52,start id_fixture,1622230156,
2026-06-29 23:45:53,ok id,1622230156,9
2026-06-29 23:46:05,start id_fixture,1622236053,
2026-06-29 23:46:06,ok id,1622236053,9
2026-06-29 23:46:24,start id_fixture,1622239604,
2026-06-29 23:46:25,ok id,1622239604,9
2026-06-30 14:13:42,start id_fixture,1622272754,
2026-06-30 14:13:43,ok id,1622272754,9
2026-06-30 14:14:16,start id_fixture,1622449356,
2026-06-30 14:14:16,ok id,1622449356,9
2026-06-30 14:16:06,start id_fixture,1622462798,
2026-06-30 14:16:07,ok id,1622462798,9
2026-06-30 14:16:29,start id_fixture,1622495252,
2026-06-30 14:16:30,ok id,1622495252,9
2026-06-30 14:16:43,start id_fixture,1622502497,
2026-06-30 14:16:43,ok id,1622502497,9
2026-06-30 14:17:17,start id_fixture,1622515784,
2026-06-30 14:17:18,ok id,1622515784,9
2026-06-30 14:17:58,start id_fixture,1622543784,
2026-06-30 14:17:59,ok id,1622543784,9
2026-06-30 14:18:26,start id_fixture,1622571062,
2026-06-30 14:18:27,ok id,1622571062,9
2026-06-30 14:19:03,start id_fixture,1622572382,
2026-06-30 14:19:04,ok id,1622572382,9
2026-06-30 14:19:51,start id_fixture,1622578502,
2026-06-30 14:19:52,ok id,1622578502,9
2026-06-30 14:20:25,start id_fixture,1622626398,
2026-06-30 14:20:26,ok id,1622626398,9
2026-06-30 14:20:58,start id_fixture,1622825261,
2026-06-30 14:20:59,ok id,1622825261,9
2026-06-30 14:21:32,start id_fixture,1622865088,
2026-06-30 14:21:33,ok id,1622865088,9
2026-06-30 14:21:51,start id_fixture,1622895166,
2026-06-30 14:21:52,ok id,1622895166,9
2026-06-30 14:23:38,start id_fixture,1622945707,
2026-06-30 14:23:38,ok id,1622945707,9
2026-06-30 14:23:53,start id_fixture,1622959886,
2026-06-30 14:23:54,ok id,1622959886,9
2026-06-30 14:24:05,start id_fixture,1622872763,
2026-06-30 14:24:06,ok id,1622872763,9
2026-06-30 14:24:21,start id_fixture,1622968249,
2026-06-30 14:24:22,ok id,1622968249,9
2026-06-30 14:24:36,start id_fixture,1622978206,
2026-06-30 14:24:36,ok id,1622978206,9
2026-06-30 14:25:14,start id_fixture,1622971956,
2026-06-30 14:25:15,ok id,1622971956,9
2026-06-30 14:25:58,start id_fixture,1623234545,
2026-06-30 14:25:59,ok id,1623234545,9
2026-06-30 14:26:40,start id_fixture,1623269474,
2026-06-30 14:26:41,ok id,1623269474,9
2026-06-30 14:27:00,start id_fixture,1623385133,
2026-06-30 14:27:01,ok id,1623385133,9
2026-06-30 14:27:16,start id_fixture,1623277593,
2026-06-30 14:27:17,ok id,1623277593,9
2026-06-30 14:27:30,start id_fixture,1623307612,
2026-06-30 14:27:31,ok id,1623307612,9
2026-06-30 14:28:14,start id_fixture,1623356570,
2026-06-30 14:28:15,ok id,1623356570,9
2026-06-30 14:28:38,start id_fixture,1623293984,
2026-06-30 14:28:39,ok id,1623293984,9
2026-06-30 14:28:51,start id_fixture,1623394774,
2026-06-30 14:28:51,ok id,1623394774,9
2026-06-30 14:29:02,start id_fixture,1623396192,
2026-06-30 14:29:03,ok id,1623396192,9
2026-06-30 14:29:34,start id_fixture,1623441829,
2026-06-30 14:29:35,ok id,1623441829,9
2026-06-30 14:30:19,start id_fixture,1620500683,
2026-06-30 14:30:20,ok id,1620500683,9
2026-06-30 14:30:46,start id_fixture,1623660043,
2026-06-30 14:30:47,ok id,1623660043,9
2026-06-30 14:31:24,start id_fixture,1623687827,
2026-06-30 14:31:25,ok id,1623687827,9
2026-06-30 14:31:37,start id_fixture,1623703066,
2026-06-30 14:31:38,ok id,1623703066,9
2026-06-30 14:31:53,start id_fixture,1623723139,
2026-06-30 14:31:54,ok id,1623723139,9
2026-06-30 14:32:22,start id_fixture,1623745549,
2026-06-30 14:32:23,ok id,1623745549,9
2026-06-30 14:33:16,start id_fixture,1623793861,
2026-06-30 14:33:17,ok id,1623793861,9
2026-06-30 14:33:34,start id_fixture,1623808648,
2026-06-30 14:33:35,ok id,1623808648,9
2026-06-30 14:33:46,start id_fixture,1623817159,
2026-06-30 14:33:47,ok id,1623817159,9
2026-06-30 14:34:06,start id_fixture,1623830358,
2026-06-30 14:34:07,ok id,1623830358,9
2026-06-30 14:34:38,start id_fixture,1623874427,
2026-06-30 14:34:39,ok id,1623874427,9
2026-06-30 14:47:54,start id_fixture,1624088587,
2026-06-30 14:47:55,ok id,1624088587,9
2026-06-30 14:48:50,start id_fixture,1624098179,
2026-06-30 14:48:50,ok id,1624098179,9
2026-06-30 14:49:05,start id_fixture,1624243528,
2026-06-30 14:49:06,ok id,1624243528,9
2026-06-30 14:49:18,start id_fixture,1624128272,
2026-06-30 14:49:19,ok id,1624128272,9
2026-06-30 14:49:32,start id_fixture,1624176693,
2026-06-30 14:49:33,ok id,1624176693,9
2026-06-30 14:50:19,start id_fixture,1624212254,
2026-06-30 14:50:19,ok id,1624212254,9
2026-06-30 14:50:36,start id_fixture,1624237802,
2026-06-30 14:50:37,ok id,1624237802,9
2026-06-30 14:50:50,start id_fixture,1624242933,
2026-06-30 14:50:50,ok id,1624242933,9
2026-06-30 14:51:41,start id_fixture,1624243611,
2026-06-30 14:51:42,ok id,1624243611,9
2026-06-30 14:52:17,start id_fixture,1624297253,
2026-06-30 14:52:18,ok id,1624297253,9
2026-06-30 14:52:50,start id_fixture,1622846016,
2026-06-30 14:52:51,ok id,1622846016,9
2026-06-30 14:53:39,start id_fixture,1624579777,
2026-06-30 14:53:39,ok id,1624579777,9
2026-06-30 14:54:14,start id_fixture,1624503321,
2026-06-30 14:54:15,ok id,1624503321,9
2026-06-30 14:54:27,start id_fixture,1624540641,
2026-06-30 14:54:28,ok id,1624540641,9
2026-06-30 14:54:39,start id_fixture,1624573499,
2026-06-30 14:54:40,ok id,1624573499,9
2026-06-30 14:54:53,start id_fixture,1624679991,
2026-06-30 14:54:54,ok id,1624679991,9
2026-06-30 14:55:28,start id_fixture,1624644734,
2026-06-30 14:55:29,ok id,1624644734,9
2026-06-30 14:55:42,start id_fixture,1624530630,
2026-06-30 14:55:43,ok id,1624530630,9
2026-06-30 14:55:58,start id_fixture,1624683088,
2026-06-30 14:55:59,ok id,1624683088,9
2026-06-30 14:56:13,start id_fixture,1624701046,
2026-06-30 14:56:14,ok id,1624701046,9
2026-06-30 14:56:40,start id_fixture,1624742944,
2026-06-30 14:56:41,ok id,1624742944,9
2026-06-30 14:57:07,start id_fixture,1624979573,
2026-06-30 14:57:08,ok id,1624979573,9
2026-06-30 14:57:39,start id_fixture,1625019034,
2026-06-30 14:57:40,ok id,1625019034,9
2026-06-30 14:57:52,start id_fixture,1625049696,
2026-06-30 14:57:53,ok id,1625049696,9
2026-06-30 14:58:06,start id_fixture,1625049745,
2026-06-30 14:58:07,ok id,1625049745,9
2026-06-30 14:58:18,start id_fixture,1625080323,
2026-06-30 14:58:19,ok id,1625080323,9
2026-06-30 14:59:11,start id_fixture,1625155378,
2026-06-30 14:59:12,ok id,1625155378,9
2026-06-30 14:59:24,start id_fixture,1625172864,
2026-06-30 14:59:25,ok id,1625172864,9
2026-06-30 14:59:43,start id_fixture,1625186292,
2026-06-30 14:59:44,ok id,1625186292,9
2026-06-30 15:00:01,start id_fixture,1625198063,
2026-06-30 15:00:02,ok id,1625198063,9
2026-06-30 15:00:36,start id_fixture,1625249130,
2026-06-30 15:00:37,ok id,1625249130,9
2026-06-30 15:01:24,start id_fixture,1625518267,
2026-06-30 15:01:25,ok id,1625518267,9
2026-06-30 15:01:57,start id_fixture,1625550020,
2026-06-30 15:01:58,ok id,1625550020,9
2026-06-30 15:02:15,start id_fixture,1625587679,
2026-06-30 15:02:15,ok id,1625587679,9
2026-06-30 15:02:31,start id_fixture,1625597841,
2026-06-30 15:02:31,ok id,1625597841,9
2026-06-30 15:02:47,start id_fixture,1625597840,
2026-06-30 15:02:48,ok id,1625597840,9
2026-06-30 15:03:34,start id_fixture,1625618161,
2026-06-30 15:03:35,ok id,1625618161,9
2026-06-30 15:04:14,start id_fixture,1625674730,
2026-06-30 15:04:15,ok id,1625674730,9
2026-06-30 15:04:26,start id_fixture,1625690449,
2026-06-30 15:04:27,ok id,1625690449,9
2026-06-30 15:04:40,start id_fixture,1625701266,
2026-06-30 15:04:41,ok id,1625701266,9
2026-06-30 15:04:52,start id_fixture,1625715062,
2026-06-30 15:04:52,ok id,1625715062,9
2026-06-30 15:05:39,start id_fixture,1626186258,
2026-06-30 15:05:40,ok id,1626186258,9
2026-06-30 15:06:17,start id_fixture,1626180336,
2026-06-30 15:06:19,ok id,1626180336,9
2026-06-30 15:06:33,start id_fixture,1626195023,
2026-06-30 15:06:34,ok id,1626195023,9
2026-06-30 15:06:47,start id_fixture,1626195024,
2026-06-30 15:06:48,ok id,1626195024,9
2026-06-30 15:07:02,start id_fixture,1626195025,
2026-06-30 15:07:03,ok id,1626195025,9
2026-06-30 15:07:33,start id_fixture,1626195026,
2026-06-30 15:07:35,ok id,1626195026,9
2026-06-30 15:07:45,start id_fixture,1626186256,
2026-06-30 15:07:46,ok id,1626186256,9
2026-06-30 15:08:04,start id_fixture,1626186257,
2026-06-30 15:08:05,ok id,1626186257,9
2026-06-30 15:08:15,start id_fixture,1626186255,
2026-06-30 15:08:16,ok id,1626186255,9
2026-06-30 15:08:46,start id_fixture,1626186254,
2026-06-30 15:08:47,ok id,1626186254,9
2026-06-30 15:09:13,start id_fixture,1626759247,
2026-06-30 15:09:14,ok id,1626759247,9
2026-06-30 15:09:53,start id_fixture,1626759249,
2026-06-30 15:09:54,ok id,1626759249,9
2026-06-30 15:10:04,start id_fixture,1626745166,
2026-06-30 15:10:05,ok id,1626745166,9
2026-06-30 15:10:25,start id_fixture,1626759246,
2026-06-30 15:10:26,ok id,1626759246,9
2026-06-30 15:10:46,start id_fixture,1626745164,
2026-06-30 15:10:47,ok id,1626745164,9
2026-06-30 15:11:19,start id_fixture,1626759248,
2026-06-30 15:11:20,ok id,1626759248,9
2026-06-30 15:11:32,start id_fixture,1626759356,
2026-06-30 15:11:33,ok id,1626759356,9
2026-06-30 15:11:42,start id_fixture,1626759354,
2026-06-30 15:11:43,ok id,1626759354,9
2026-06-30 15:11:57,start id_fixture,1626745167,
2026-06-30 15:11:58,ok id,1626745167,9
2026-06-30 15:12:23,start id_fixture,1626745165,
2026-06-30 15:12:24,ok id,1626745165,9
2026-06-30 15:12:57,start id_fixture,1627688037,
2026-06-30 15:12:58,ok id,1627688037,9
2026-06-30 15:13:10,start id_fixture,1627684573,
2026-06-30 15:13:11,ok id,1627684573,9
2026-06-30 15:13:23,start id_fixture,1627688040,
2026-06-30 15:13:24,ok id,1627688040,9
2026-06-30 15:13:34,start id_fixture,1627688038,
2026-06-30 15:13:34,ok id,1627688038,9
2026-06-30 15:14:13,start id_fixture,1627684572,
2026-06-30 15:14:14,ok id,1627684572,9
2026-06-30 15:14:31,start id_fixture,1627688036,
2026-06-30 15:14:32,ok id,1627688036,9
2026-06-30 15:14:43,start id_fixture,1627684570,
2026-06-30 15:14:44,ok id,1627684570,9
2026-06-30 15:15:22,start id_fixture,1627688039,
2026-06-30 15:15:23,ok id,1627688039,9
2026-06-30 15:15:35,start id_fixture,1627684571,
2026-06-30 15:15:36,ok id,1627684571,9
2026-06-30 15:15:49,start id_fixture,1627688035,
2026-06-30 15:15:50,ok id,1627688035,9
2026-06-30 15:16:22,start id_fixture,1628028174,
2026-06-30 15:16:23,ok id,1628028174,9
2026-06-30 15:17:04,start id_fixture,1628071740,
2026-06-30 15:17:05,ok id,1628071740,9
2026-06-30 15:17:17,start id_fixture,1628101271,
2026-06-30 15:17:18,ok id,1628101271,9
2026-06-30 15:17:28,start id_fixture,1628105538,
2026-06-30 15:17:29,ok id,1628105538,9
2026-06-30 15:17:41,start id_fixture,1628132094,
2026-06-30 15:17:41,ok id,1628132094,9
2026-06-30 15:18:11,start id_fixture,1628222115,
2026-06-30 15:18:12,ok id,1628222115,9
2026-06-30 15:18:25,start id_fixture,1628244347,
2026-06-30 15:18:26,ok id,1628244347,9
2026-06-30 15:18:40,start id_fixture,1628250374,
2026-06-30 15:18:41,ok id,1628250374,9
2026-06-30 15:19:11,start id_fixture,1628261513,
2026-06-30 15:19:12,ok id,1628261513,9
2026-06-30 15:19:43,start id_fixture,1628305871,
2026-06-30 15:19:44,ok id,1628305871,9
2026-06-30 15:20:13,start id_fixture,1628598134,
2026-06-30 15:20:14,ok id,1628598134,9
2026-06-30 15:20:44,start id_fixture,1628649296,
2026-06-30 15:20:45,ok id,1628649296,9
2026-06-30 15:20:56,start id_fixture,1628681778,
2026-06-30 15:20:57,ok id,1628681778,9
2026-06-30 15:21:08,start id_fixture,1628681843,
2026-06-30 15:21:09,ok id,1628681843,9
2026-06-30 15:21:20,start id_fixture,1628695953,
2026-06-30 15:21:20,ok id,1628695953,9
2026-06-30 15:21:54,start id_fixture,1628775690,
2026-06-30 15:21:55,ok id,1628775690,9
2026-06-30 15:22:10,start id_fixture,1628801527,
2026-06-30 15:22:11,ok id,1628801527,9
2026-06-30 15:22:25,start id_fixture,1628810107,
2026-06-30 15:22:26,ok id,1628810107,9
2026-06-30 15:22:36,start id_fixture,1628810297,
2026-06-30 15:22:38,ok id,1628810297,9
2026-06-30 15:23:09,start id_fixture,1628857868,
2026-06-30 15:23:10,ok id,1628857868,9
2026-06-30 15:23:41,start id_fixture,1629184031,
2026-06-30 15:23:42,ok id,1629184031,9
2026-06-30 15:24:09,start id_fixture,1629239518,
2026-06-30 15:24:10,ok id,1629239518,9
2026-06-30 15:24:21,start id_fixture,1629239588,
2026-06-30 15:24:22,ok id,1629239588,9
2026-06-30 15:24:31,start id_fixture,1629254631,
2026-06-30 15:24:32,ok id,1629254631,9
2026-06-30 15:24:43,start id_fixture,1629285767,
2026-06-30 15:24:44,ok id,1629285767,9
2026-06-30 15:26:32,start id_fixture,1629375475,
2026-06-30 15:26:33,ok id,1629375475,9
2026-06-30 15:26:48,start id_fixture,1629398945,
2026-06-30 15:26:49,ok id,1629398945,9
2026-06-30 15:27:14,start id_fixture,1629405646,
2026-06-30 15:27:15,ok id,1629405646,9
2026-06-30 15:27:26,start id_fixture,1629410086,
2026-06-30 15:27:26,ok id,1629410086,9
2026-06-30 15:27:53,start id_fixture,1629442842,
2026-06-30 15:27:54,ok id,1629442842,9
2026-06-30 15:28:18,start id_fixture,1629487512,
2026-06-30 15:28:19,ok id,1629487512,9
2026-06-30 15:28:29,start id_fixture,1629487513,
2026-06-30 15:28:30,ok id,1629487513,9
2026-06-30 15:28:54,start id_fixture,1629495941,
2026-06-30 15:28:55,ok id,1629495941,9
2026-06-30 15:29:19,start id_fixture,1629487515,
2026-06-30 15:29:20,ok id,1629487515,9
2026-06-30 15:29:30,start id_fixture,1629495945,
2026-06-30 15:29:31,ok id,1629495945,9
2026-06-30 15:29:43,start id_fixture,1629495944,
2026-06-30 15:29:44,ok id,1629495944,9
2026-06-30 15:29:55,start id_fixture,1629487127,
2026-06-30 15:29:56,ok id,1629487127,9
2026-06-30 15:30:18,start id_fixture,1629487514,
2026-06-30 15:30:19,ok id,1629487514,9
2026-06-30 15:30:30,start id_fixture,1629495943,
2026-06-30 15:30:31,ok id,1629495943,9
2026-06-30 15:30:40,start id_fixture,1629487516,
2026-06-30 15:30:41,ok id,1629487516,9
2026-06-30 15:31:24,start id_fixture,1629949435,
2026-06-30 15:31:25,ok id,1629949435,9
2026-06-30 15:31:46,start id_fixture,1629944678,
2026-06-30 15:31:47,ok id,1629944678,9
2026-06-30 15:32:01,start id_fixture,1629949767,
2026-06-30 15:32:02,ok id,1629949767,9
2026-06-30 15:32:14,start id_fixture,1629949431,
2026-06-30 15:32:15,ok id,1629949431,9
2026-06-30 15:32:30,start id_fixture,1629949433,
2026-06-30 15:32:31,ok id,1629949433,9
2026-06-30 15:33:03,start id_fixture,1629949769,
2026-06-30 15:33:04,ok id,1629949769,9
2026-06-30 15:33:21,start id_fixture,1629949432,
2026-06-30 15:33:22,ok id,1629949432,9
2026-06-30 15:33:33,start id_fixture,1629949768,
2026-06-30 15:33:34,ok id,1629949768,9
2026-06-30 15:33:44,start id_fixture,1629949434,
2026-06-30 15:33:45,ok id,1629949434,9
2026-06-30 15:33:54,start id_fixture,1629944677,
2026-06-30 15:33:55,ok id,1629944677,9
2026-06-30 15:34:50,start id_fixture,1630451174,
2026-06-30 15:34:51,ok id,1630451174,9
2026-06-30 15:35:07,start id_fixture,1630909792,
2026-06-30 15:35:08,ok id,1630909792,9
2026-06-30 15:35:21,start id_fixture,1630920848,
2026-06-30 15:35:22,ok id,1630920848,9
2026-06-30 15:35:37,start id_fixture,1630909794,
2026-06-30 15:35:37,ok id,1630909794,9
2026-06-30 15:35:54,start id_fixture,1630929615,
2026-06-30 15:35:55,ok id,1630929615,9
2026-06-30 15:36:13,start id_fixture,1630920850,
2026-06-30 15:36:14,ok id,1630920850,9
2026-06-30 15:36:26,start id_fixture,1630920847,
2026-06-30 15:36:27,ok id,1630920847,9
2026-06-30 15:36:37,start id_fixture,1630909791,
2026-06-30 15:36:38,ok id,1630909791,9
2026-06-30 15:36:50,start id_fixture,1630909793,
2026-06-30 15:36:51,ok id,1630909793,9
2026-06-30 15:37:20,start id_fixture,1630920849,
2026-06-30 15:37:21,ok id,1630920849,9
2026-07-13 18:53:23,start id_fixture,1593222054,
2026-07-13 18:53:24,ok id,1593222054,9
2026-07-13 18:53:54,start id_fixture,1593222061,
2026-07-13 18:53:55,ok id,1593222061,9
2026-07-13 19:11:49,start id_fixture,1593222049,
2026-07-13 19:11:50,ok id,1593222049,9
2026-07-13 19:12:22,start id_fixture,21106369,
2026-07-13 19:12:23,userbet error id,21106369,
2026-07-13 19:12:50,start id_fixture,1593222065,
2026-07-13 19:12:51,ok id,1593222065,9
2026-07-13 19:13:49,start id_fixture,1593222058,
2026-07-13 19:13:50,ok id,1593222058,9
2026-07-13 19:14:10,start id_fixture,1593222059,
2026-07-13 19:14:12,ok id,1593222059,9
2026-07-13 21:22:48,start id_fixture,1593222050,
2026-07-13 21:22:49,ok id,1593222050,9
2026-07-13 21:23:11,start id_fixture,1593222048,
2026-07-13 21:23:12,ok id,1593222048,9
2026-07-13 21:24:17,start id_fixture,1593222052,
2026-07-13 21:24:19,ok id,1593222052,9
2026-07-13 21:24:44,start id_fixture,1593222055,
2026-07-13 21:24:45,ok id,1593222055,9
2026-07-13 21:27:40,start id_fixture,1594957444,
2026-07-13 21:27:41,ok id,1594957444,9
2026-07-13 21:27:55,start id_fixture,1594957404,
2026-07-13 21:27:56,ok id,1594957404,9
2026-07-13 21:28:46,start id_fixture,1594957411,
2026-07-13 21:28:48,ok id,1594957411,9
2026-07-13 21:29:06,start id_fixture,1594957396,
2026-07-13 21:29:07,ok id,1594957396,9
2026-07-13 21:29:24,start id_fixture,1594957397,
2026-07-13 21:29:25,ok id,1594957397,9
2026-07-13 21:29:41,start id_fixture,1594957419,
2026-07-13 21:29:42,ok id,1594957419,9
2026-07-13 21:30:20,start id_fixture,1594957446,
2026-07-13 21:30:21,ok id,1594957446,9
2026-07-13 21:30:35,start id_fixture,1594957413,
2026-07-13 21:30:37,ok id,1594957413,9
2026-07-13 21:30:55,start id_fixture,1594957398,
2026-07-13 21:30:56,ok id,1594957398,9
2026-07-13 21:31:08,start id_fixture,1594957410,
2026-07-13 21:31:09,ok id,1594957410,9
2026-07-13 21:31:47,start id_fixture,1594957394,
2026-07-13 21:31:48,ok id,1594957394,9
2026-07-13 21:32:26,start id_fixture,1594957403,
2026-07-13 21:32:26,ok id,1594957403,9
2026-07-13 21:32:45,start id_fixture,1594957427,
2026-07-13 21:32:46,ok id,1594957427,9
2026-07-13 21:33:33,start id_fixture,1594957408,
2026-07-13 21:33:34,ok id,1594957408,9
2026-07-13 21:33:50,start id_fixture,1594957399,
2026-07-13 21:33:51,ok id,1594957399,9
2026-07-13 21:34:10,start id_fixture,1594957405,
2026-07-13 21:34:11,ok id,1594957405,9
2026-07-13 21:34:23,start id_fixture,1594957400,
2026-07-13 21:34:24,ok id,1594957400,9
2026-07-13 21:34:55,start id_fixture,1594957407,
2026-07-13 21:34:56,ok id,1594957407,9
2026-07-13 21:35:19,start id_fixture,1594957421,
2026-07-13 21:35:20,ok id,1594957421,9
2026-07-13 21:36:03,start id_fixture,1595719742,
2026-07-13 21:36:05,ok id,1595719742,9
2026-07-13 21:36:17,start id_fixture,1595719743,
2026-07-13 21:36:18,ok id,1595719743,9
2026-07-13 21:36:30,start id_fixture,1595707071,
2026-07-13 21:36:32,ok id,1595707071,9
2026-07-13 21:36:48,start id_fixture,1595707073,
2026-07-13 21:36:49,ok id,1595707073,9
2026-07-13 21:37:03,start id_fixture,1594957395,
2026-07-13 21:37:04,ok id,1594957395,9
2026-07-14 18:01:46,start id_fixture,1595781990,
2026-07-14 18:01:47,ok id,1595781990,9
2026-07-14 18:01:59,start id_fixture,1595771044,
2026-07-14 18:02:00,ok id,1595771044,9
2026-07-14 18:02:15,start id_fixture,1595771060,
2026-07-14 18:02:16,ok id,1595771060,9
2026-07-14 18:02:36,start id_fixture,1595759196,
2026-07-14 18:02:37,ok id,1595759196,9
2026-07-14 18:02:53,start id_fixture,1595759195,
2026-07-14 18:02:54,ok id,1595759195,9
2026-07-14 18:04:13,start id_fixture,1596236317,
2026-07-14 18:04:13,ok id,1596236317,9
2026-07-14 18:05:24,start id_fixture,1596236282,
2026-07-14 18:05:25,ok id,1596236282,9
2026-07-14 18:05:38,start id_fixture,1596236284,
2026-07-14 18:05:39,ok id,1596236284,9
2026-07-14 18:05:58,start id_fixture,1596236295,
2026-07-14 18:05:59,ok id,1596236295,9
2026-07-14 18:06:15,start id_fixture,1596236322,
2026-07-14 18:06:16,ok id,1596236322,9
2026-07-14 18:07:50,start id_fixture,1596236278,
2026-07-14 18:07:51,ok id,1596236278,9
2026-07-14 18:08:17,start id_fixture,1596236312,
2026-07-14 18:08:19,ok id,1596236312,9
2026-07-14 18:08:39,start id_fixture,1596236301,
2026-07-14 18:08:40,ok id,1596236301,9
2026-07-14 18:08:54,start id_fixture,1596236302,
2026-07-14 18:08:55,ok id,1596236302,9
2026-07-14 18:09:30,start id_fixture,1596236296,
2026-07-14 18:09:31,ok id,1596236296,9
2026-07-14 18:10:06,start id_fixture,1596576245,
2026-07-14 18:10:06,ok id,1596576245,9
2026-07-14 18:10:58,start id_fixture,1596606095,
2026-07-14 18:10:59,ok id,1596606095,9
2026-07-14 18:11:39,start id_fixture,1596631076,
2026-07-14 18:11:40,ok id,1596631076,9
2026-07-14 18:12:15,start id_fixture,1596824557,
2026-07-14 18:12:16,ok id,1596824557,9
2026-07-14 18:13:06,start id_fixture,1596927515,
2026-07-14 18:13:07,ok id,1596927515,9
2026-07-14 18:13:18,start id_fixture,1596927557,
2026-07-14 18:13:19,ok id,1596927557,9
2026-07-14 18:13:41,start id_fixture,1596927639,
2026-07-14 18:13:42,ok id,1596927639,9
2026-07-14 18:14:20,start id_fixture,1596927716,
2026-07-14 18:14:21,ok id,1596927716,9
2026-07-14 18:25:57,start id_fixture,1596982475,
2026-07-14 18:25:58,ok id,1596982475,9
2026-07-14 18:26:09,start id_fixture,1596965465,
2026-07-14 18:26:10,ok id,1596965465,9
2026-07-14 18:26:27,start id_fixture,1596955102,
2026-07-14 18:26:27,ok id,1596955102,9
2026-07-14 18:26:50,start id_fixture,1596949705,
2026-07-14 18:26:51,ok id,1596949705,9
2026-07-14 18:27:31,start id_fixture,1597048830,
2026-07-14 18:27:32,ok id,1597048830,9
2026-07-14 19:07:11,start id_fixture,1597134326,
2026-07-14 19:07:12,ok id,1597134326,9
2026-07-14 19:07:24,start id_fixture,1597119873,
2026-07-14 19:07:25,ok id,1597119873,9
2026-07-14 19:07:35,start id_fixture,1597119872,
2026-07-14 19:07:36,ok id,1597119872,9
2026-07-14 19:08:24,start id_fixture,1597182762,
2026-07-14 19:08:25,ok id,1597182762,9
2026-07-14 19:08:36,start id_fixture,1597182764,
2026-07-14 19:08:37,ok id,1597182764,9
2026-07-14 19:09:31,start id_fixture,1597182760,
2026-07-14 19:09:33,ok id,1597182760,9
2026-07-14 19:09:43,start id_fixture,1597182756,
2026-07-14 19:09:44,ok id,1597182756,9
2026-07-14 19:09:55,start id_fixture,1597182763,
2026-07-14 19:09:56,ok id,1597182763,9
2026-07-14 19:10:31,start id_fixture,1597292895,
2026-07-14 19:10:31,ok id,1597292895,9
2026-07-14 19:11:30,start id_fixture,1597385452,
2026-07-14 19:11:31,ok id,1597385452,9
2026-07-14 19:11:56,start id_fixture,1597370764,
2026-07-14 19:11:58,ok id,1597370764,9
2026-07-14 19:12:14,start id_fixture,1597362268,
2026-07-14 19:12:14,ok id,1597362268,9
2026-07-14 19:12:32,start id_fixture,1597336002,
2026-07-14 19:12:33,ok id,1597336002,9
2026-07-14 19:13:27,start id_fixture,1597459810,
2026-07-14 19:13:28,ok id,1597459810,9
2026-07-14 19:14:04,start id_fixture,1597442593,
2026-07-14 19:14:05,ok id,1597442593,9
2026-07-14 19:14:19,start id_fixture,1597433476,
2026-07-14 19:14:20,ok id,1597433476,9
2026-07-14 19:14:33,start id_fixture,1597433474,
2026-07-14 19:14:34,ok id,1597433474,9
2026-07-14 19:15:19,start id_fixture,1597525701,
2026-07-14 19:15:20,ok id,1597525701,9
2026-07-14 19:15:55,start id_fixture,1597787307,
2026-07-14 19:15:56,ok id,1597787307,9
2026-07-14 19:17:00,start id_fixture,1597888391,
2026-07-14 19:17:01,ok id,1597888391,9
2026-07-14 19:17:17,start id_fixture,1597868585,
2026-07-14 19:17:18,ok id,1597868585,9
2026-07-14 19:17:31,start id_fixture,1597868580,
2026-07-14 19:17:31,ok id,1597868580,9
2026-07-14 19:17:48,start id_fixture,1597854352,
2026-07-14 19:17:49,ok id,1597854352,9
2026-07-14 19:18:20,start id_fixture,1597831295,
2026-07-14 19:18:21,ok id,1597831295,9
2026-07-14 19:22:24,start id_fixture,1597963720,
2026-07-14 19:22:25,ok id,1597963720,9
2026-07-14 19:22:38,start id_fixture,21140821,
2026-07-14 19:22:39,userbet error id,21140821,
2026-07-14 19:22:55,start id_fixture,1597950372,
2026-07-14 19:22:55,ok id,1597950372,9
2026-07-14 19:23:34,start id_fixture,1597991492,
2026-07-14 19:23:35,ok id,1597991492,9
2026-07-14 19:23:47,start id_fixture,1597927926,
2026-07-14 19:23:48,ok id,1597927926,9
2026-07-14 19:24:22,start id_fixture,1598229718,
2026-07-14 19:24:23,ok id,1598229718,9
2026-07-14 19:25:17,start id_fixture,1598229736,
2026-07-14 19:25:18,ok id,1598229736,9
2026-07-14 19:25:33,start id_fixture,1598229735,
2026-07-14 19:25:34,ok id,1598229735,9
2026-07-14 19:25:52,start id_fixture,1598229721,
2026-07-14 19:25:53,ok id,1598229721,9
2026-07-14 19:26:13,start id_fixture,1598229724,
2026-07-14 19:26:14,ok id,1598229724,9
2026-07-14 19:27:12,start id_fixture,1598229734,
2026-07-14 19:27:13,ok id,1598229734,9
2026-07-14 19:27:25,start id_fixture,1598229723,
2026-07-14 19:27:27,ok id,1598229723,9
2026-07-14 19:27:41,start id_fixture,1598229729,
2026-07-14 19:27:43,ok id,1598229729,9
2026-07-14 19:27:56,start id_fixture,1598229733,
2026-07-14 19:27:57,ok id,1598229733,9
2026-07-14 19:28:34,start id_fixture,1598229720,
2026-07-14 19:28:35,ok id,1598229720,9
2026-07-14 19:29:09,start id_fixture,1598713709,
2026-07-14 19:29:10,ok id,1598713709,9
2026-07-14 19:30:19,start id_fixture,1598742285,
2026-07-14 19:30:20,ok id,1598742285,9
2026-07-14 19:30:33,start id_fixture,1598742286,
2026-07-14 19:30:34,ok id,1598742286,9
2026-07-14 19:30:49,start id_fixture,1598742287,
2026-07-14 19:30:50,ok id,1598742287,9
2026-07-14 19:31:05,start id_fixture,1598740300,
2026-07-14 19:31:06,ok id,1598740300,9
2026-07-14 19:44:43,start id_fixture,1598742338,
2026-07-14 19:44:45,ok id,1598742338,9
2026-07-14 19:44:56,start id_fixture,1598742298,
2026-07-14 19:44:58,ok id,1598742298,9
2026-07-14 19:45:13,start id_fixture,1598742283,
2026-07-14 19:45:14,ok id,1598742283,9
2026-07-14 19:45:31,start id_fixture,1598742284,
2026-07-14 19:45:32,ok id,1598742284,9
2026-07-14 19:46:13,start id_fixture,1598742341,
2026-07-14 19:46:14,ok id,1598742341,9
2026-07-14 19:47:01,start id_fixture,1599289774,
2026-07-14 19:47:02,ok id,1599289774,9
2026-07-14 19:47:54,start id_fixture,1599289787,
2026-07-14 19:47:55,ok id,1599289787,9
2026-07-14 19:48:07,start id_fixture,1599289775,
2026-07-14 19:48:09,ok id,1599289775,9
2026-07-14 19:49:03,start id_fixture,1599289772,
2026-07-14 19:49:04,ok id,1599289772,9
2026-07-14 19:49:24,start id_fixture,1599289786,
2026-07-14 19:49:25,ok id,1599289786,9
2026-07-14 19:49:43,start id_fixture,1599289773,
2026-07-14 19:49:44,ok id,1599289773,9
2026-07-14 19:51:23,start id_fixture,1599289788,
2026-07-14 19:51:24,ok id,1599289788,9
2026-07-14 19:52:04,start id_fixture,1599289789,
2026-07-14 19:52:05,ok id,1599289789,9
2026-07-14 19:52:39,start id_fixture,1599734790,
2026-07-14 19:52:41,ok id,1599734790,9
2026-07-14 19:53:16,start id_fixture,1599734769,
2026-07-14 19:53:18,ok id,1599734769,9
2026-07-14 19:53:29,start id_fixture,1599734766,
2026-07-14 19:53:31,ok id,1599734766,9
2026-07-14 19:53:45,start id_fixture,1599734770,
2026-07-14 19:53:46,ok id,1599734770,9
2026-07-14 19:55:29,start id_fixture,1599734789,
2026-07-14 19:55:30,ok id,1599734789,9
2026-07-14 19:55:46,start id_fixture,1599734781,
2026-07-14 19:55:47,ok id,1599734781,9
2026-07-14 19:55:59,start id_fixture,1599734778,
2026-07-14 19:56:01,ok id,1599734778,9
2026-07-14 19:56:12,start id_fixture,1599734777,
2026-07-14 19:56:13,ok id,1599734777,9
2026-07-14 19:56:23,start id_fixture,1599734773,
2026-07-14 19:56:25,ok id,1599734773,9
2026-07-14 19:56:59,start id_fixture,1600190502,
2026-07-14 19:57:01,ok id,1600190502,9
2026-07-14 19:57:48,start id_fixture,1600190508,
2026-07-14 19:57:50,ok id,1600190508,9
2026-07-14 19:58:04,start id_fixture,1600190497,
2026-07-14 19:58:05,ok id,1600190497,9
2026-07-14 19:58:17,start id_fixture,1600190472,
2026-07-14 19:58:18,ok id,1600190472,9
2026-07-14 19:58:30,start id_fixture,1600190471,
2026-07-14 19:58:31,ok id,1600190471,9
2026-07-14 19:58:42,start id_fixture,1600190475,
2026-07-14 19:58:44,ok id,1600190475,9
2026-07-14 19:59:44,start id_fixture,1600190474,
2026-07-14 19:59:46,ok id,1600190474,9
2026-07-14 19:59:58,start id_fixture,1600190488,
2026-07-14 20:00:00,ok id,1600190488,9
2026-07-14 20:00:15,start id_fixture,1600190478,
2026-07-14 20:00:16,ok id,1600190478,9
2026-07-14 20:00:26,start id_fixture,1600190496,
2026-07-14 20:00:27,ok id,1600190496,9
2026-07-14 20:01:06,start id_fixture,1600830080,
2026-07-14 20:01:07,ok id,1600830080,9
2026-07-14 20:04:47,start id_fixture,1600831719,
2026-07-14 20:04:49,ok id,1600831719,9
2026-07-14 20:05:07,start id_fixture,1600831718,
2026-07-14 20:05:08,ok id,1600831718,9
2026-07-14 20:05:20,start id_fixture,1600830083,
2026-07-14 20:05:21,ok id,1600830083,9
2026-07-14 20:05:33,start id_fixture,1600831715,
2026-07-14 20:05:35,ok id,1600831715,9
2026-07-14 20:08:12,start id_fixture,1600830086,
2026-07-14 20:08:13,ok id,1600830086,9
2026-07-14 20:08:38,start id_fixture,1600831720,
2026-07-14 20:08:39,ok id,1600831720,9
2026-07-14 20:08:50,start id_fixture,1600831721,
2026-07-14 20:08:51,ok id,1600831721,9
2026-07-14 20:09:04,start id_fixture,1600830084,
2026-07-14 20:09:05,ok id,1600830084,9
2026-07-14 20:10:03,start id_fixture,1600830085,
2026-07-14 20:10:04,ok id,1600830085,9
2026-07-14 20:10:36,start id_fixture,1601138343,
2026-07-14 20:10:37,ok id,1601138343,9
2026-07-14 20:11:11,start id_fixture,1601182942,
2026-07-14 20:11:12,ok id,1601182942,9
2026-07-14 20:11:41,start id_fixture,1601184567,
2026-07-14 20:11:42,ok id,1601184567,9
2026-07-14 20:12:36,start id_fixture,1601184566,
2026-07-14 20:12:37,ok id,1601184566,9
2026-07-14 20:12:53,start id_fixture,1601181900,
2026-07-14 20:12:54,ok id,1601181900,9
2026-07-14 20:13:05,start id_fixture,1601182916,
2026-07-14 20:13:06,ok id,1601182916,9
2026-07-14 20:13:15,start id_fixture,1601182917,
2026-07-14 20:13:16,ok id,1601182917,9
2026-07-14 21:01:10,start id_fixture,1601182918,
2026-07-14 21:01:11,ok id,1601182918,9
2026-07-14 21:01:22,start id_fixture,1601181898,
2026-07-14 21:01:23,ok id,1601181898,9
2026-07-14 21:01:33,start id_fixture,1601181899,
2026-07-14 21:01:34,ok id,1601181899,9
2026-07-14 21:01:47,start id_fixture,1601184568,
2026-07-14 21:01:48,ok id,1601184568,9
2026-07-14 21:10:52,start id_fixture,1601181820,
2026-07-14 21:10:53,ok id,1601181820,9
2026-07-14 21:12:16,start id_fixture,1601548527,
2026-07-14 21:12:17,ok id,1601548527,9
2026-07-14 21:13:08,start id_fixture,1601547020,
2026-07-14 21:13:09,ok id,1601547020,9
2026-07-14 21:13:23,start id_fixture,1601548525,
2026-07-14 21:13:25,ok id,1601548525,9
2026-07-14 21:13:39,start id_fixture,1601548523,
2026-07-14 21:13:40,ok id,1601548523,9
2026-07-14 21:13:56,start id_fixture,1601548528,
2026-07-14 21:13:57,ok id,1601548528,9
2026-07-14 21:14:54,start id_fixture,1601547021,
2026-07-14 21:14:55,ok id,1601547021,9
2026-07-14 21:15:13,start id_fixture,1601548526,
2026-07-14 21:15:14,ok id,1601548526,9
2026-07-14 21:15:26,start id_fixture,1601548524,
2026-07-14 21:15:27,ok id,1601548524,9
2026-07-14 21:15:37,start id_fixture,1601545875,
2026-07-14 21:15:38,ok id,1601545875,9
2026-07-14 21:16:30,start id_fixture,1599734761,
2026-07-14 21:16:32,ok id,1599734761,9
2026-07-14 21:20:21,start id_fixture,1599289777,
2026-07-14 21:20:22,ok id,1599289777,9
2026-07-14 21:23:49,start id_fixture,1601907112,
2026-07-14 21:23:50,ok id,1601907112,9
2026-07-14 21:24:24,start id_fixture,1601909356,
2026-07-14 21:24:26,ok id,1601909356,9
2026-07-14 21:24:40,start id_fixture,1601907108,
2026-07-14 21:24:41,ok id,1601907108,9
2026-07-14 21:24:52,start id_fixture,1601907110,
2026-07-14 21:24:53,ok id,1601907110,9
2026-07-14 21:25:03,start id_fixture,1601909355,
2026-07-14 21:25:04,ok id,1601909355,9
2026-07-14 21:25:40,start id_fixture,1601909358,
2026-07-14 21:25:41,ok id,1601909358,9
2026-07-14 21:25:57,start id_fixture,1601909493,
2026-07-14 21:25:58,ok id,1601909493,9
2026-07-14 21:26:11,start id_fixture,1601909494,
2026-07-14 21:26:12,ok id,1601909494,9
2026-07-14 21:26:26,start id_fixture,1601907111,
2026-07-14 21:26:27,ok id,1601907111,9
2026-07-14 21:27:04,start id_fixture,1601907109,
2026-07-14 21:27:05,ok id,1601907109,9
2026-07-14 21:27:48,start id_fixture,1599289771,
2026-07-14 21:27:49,ok id,1599289771,9
2026-07-14 21:28:52,start id_fixture,1602220688,
2026-07-14 21:28:52,ok id,1602220688,9
2026-07-14 21:29:30,start id_fixture,1602220686,
2026-07-14 21:29:31,ok id,1602220686,9
2026-07-14 21:29:43,start id_fixture,1602218333,
2026-07-14 21:29:45,ok id,1602218333,9
2026-07-14 21:29:56,start id_fixture,1602220690,
2026-07-14 21:29:57,ok id,1602220690,9
2026-07-14 21:30:13,start id_fixture,1602220783,
2026-07-14 21:30:14,ok id,1602220783,9
2026-07-14 21:30:47,start id_fixture,1602220689,
2026-07-14 21:30:48,ok id,1602220689,9
2026-07-14 21:30:58,start id_fixture,1602220781,
2026-07-14 21:30:59,ok id,1602220781,9
2026-07-14 21:31:34,start id_fixture,1602218332,
2026-07-14 21:31:35,ok id,1602218332,9
2026-07-14 21:32:09,start id_fixture,1602463639,
2026-07-14 21:32:10,ok id,1602463639,9
2026-07-14 21:34:21,start id_fixture,1602463739,
2026-07-14 21:34:22,ok id,1602463739,9
2026-07-14 21:34:32,start id_fixture,1602462635,
2026-07-14 21:34:33,ok id,1602462635,9
2026-07-14 21:34:44,start id_fixture,1602463638,
2026-07-14 21:34:46,ok id,1602463638,9
2026-07-14 21:34:58,start id_fixture,1602462634,
2026-07-14 21:34:59,ok id,1602462634,9
2026-07-14 21:35:59,start id_fixture,1602463640,
2026-07-14 21:35:59,ok id,1602463640,9
2026-07-14 21:36:13,start id_fixture,1602462737,
2026-07-14 21:36:13,ok id,1602462737,9
2026-07-14 21:36:24,start id_fixture,1602463738,
2026-07-14 21:36:25,ok id,1602463738,9
2026-07-14 21:36:43,start id_fixture,1602462736,
2026-07-14 21:36:45,ok id,1602462736,9
2026-07-14 21:37:12,start id_fixture,1602462738,
2026-07-14 21:37:13,ok id,1602462738,9
2026-07-14 21:37:49,start id_fixture,1603016728,
2026-07-14 21:37:50,ok id,1603016728,9
2026-07-14 21:39:07,start id_fixture,1603010768,
2026-07-14 21:39:09,ok id,1603010768,9
2026-07-14 21:39:21,start id_fixture,1603016729,
2026-07-14 21:39:22,ok id,1603016729,9
2026-07-14 21:39:35,start id_fixture,1603010767,
2026-07-14 21:39:36,ok id,1603010767,9
2026-07-14 21:39:50,start id_fixture,1603016727,
2026-07-14 21:39:50,ok id,1603016727,9
2026-07-14 21:40:22,start id_fixture,1603019663,
2026-07-14 21:40:23,ok id,1603019663,9
2026-07-14 21:41:37,start id_fixture,1603016690,
2026-07-14 21:41:38,ok id,1603016690,9
2026-07-14 21:41:48,start id_fixture,1603016575,
2026-07-14 21:41:49,ok id,1603016575,9
2026-07-14 21:42:00,start id_fixture,1603010769,
2026-07-14 21:42:01,ok id,1603010769,9
2026-07-14 21:42:46,start id_fixture,1603023319,
2026-07-14 21:42:47,ok id,1603023319,9
2026-07-14 21:43:21,start id_fixture,1603297746,
2026-07-14 21:43:22,ok id,1603297746,9
2026-07-14 21:46:21,start id_fixture,1603297745,
2026-07-14 21:46:22,ok id,1603297745,9
2026-07-14 21:46:36,start id_fixture,1603305564,
2026-07-14 21:46:37,ok id,1603305564,9
2026-07-14 21:46:48,start id_fixture,1603307816,
2026-07-14 21:46:49,ok id,1603307816,9
2026-07-14 21:47:05,start id_fixture,1603305566,
2026-07-14 21:47:06,ok id,1603305566,9
2026-07-14 21:47:45,start id_fixture,1603305565,
2026-07-14 21:47:46,ok id,1603305565,9
2026-07-14 21:47:57,start id_fixture,1603307817,
2026-07-14 21:47:58,ok id,1603307817,9
2026-07-14 21:48:08,start id_fixture,1603297744,
2026-07-14 21:48:09,ok id,1603297744,9
2026-07-14 21:48:19,start id_fixture,1603297747,
2026-07-14 21:48:20,ok id,1603297747,9
2026-07-14 21:48:54,start id_fixture,1603305567,
2026-07-14 21:48:55,ok id,1603305567,9
2026-07-14 21:49:22,start id_fixture,1603628370,
2026-07-14 21:49:23,ok id,1603628370,9
2026-07-14 21:51:02,start id_fixture,1603637994,
2026-07-14 21:51:03,ok id,1603637994,9
2026-07-14 21:51:31,start id_fixture,1603640964,
2026-07-14 21:51:32,ok id,1603640964,9
2026-07-14 21:51:47,start id_fixture,1603640963,
2026-07-14 21:51:48,ok id,1603640963,9
2026-07-14 21:51:59,start id_fixture,1603637992,
2026-07-14 21:52:00,ok id,1603637992,9
2026-07-14 21:52:38,start id_fixture,1603639163,
2026-07-14 21:52:40,ok id,1603639163,9
2026-07-14 21:52:50,start id_fixture,1603637999,
2026-07-14 21:52:51,ok id,1603637999,9
2026-07-14 21:53:03,start id_fixture,1603637997,
2026-07-14 21:53:04,ok id,1603637997,9
2026-07-14 21:53:13,start id_fixture,1603637997,
2026-07-14 21:53:14,ok id,1603637997,9
2026-07-14 21:53:48,start id_fixture,1603638000,
2026-07-14 21:53:49,ok id,1603638000,9
2026-07-14 21:54:28,start id_fixture,1603962820,
2026-07-14 21:54:29,ok id,1603962820,9
2026-07-14 21:57:28,start id_fixture,1603966489,
2026-07-14 21:57:28,ok id,1603966489,9
2026-07-14 21:57:47,start id_fixture,1603962822,
2026-07-14 21:57:48,ok id,1603962822,9
2026-07-14 21:58:00,start id_fixture,1603966490,
2026-07-14 21:58:01,ok id,1603966490,9
2026-07-14 21:58:14,start id_fixture,1603966488,
2026-07-14 21:58:15,ok id,1603966488,9
2026-07-14 22:02:34,start id_fixture,1603962824,
2026-07-14 22:02:35,ok id,1603962824,9
2026-07-14 22:02:47,start id_fixture,1603962821,
2026-07-14 22:02:48,ok id,1603962821,9
2026-07-14 22:03:00,start id_fixture,1603965933,
2026-07-14 22:03:01,ok id,1603965933,9
2026-07-14 22:03:12,start id_fixture,1603965934,
2026-07-14 22:03:13,ok id,1603965934,9
2026-07-14 22:03:44,start id_fixture,1603965937,
2026-07-14 22:03:45,ok id,1603965937,9
2026-07-14 22:04:12,start id_fixture,1604302837,
2026-07-14 22:04:13,ok id,1604302837,9
2026-07-14 22:19:13,start id_fixture,1604310979,
2026-07-14 22:19:14,ok id,1604310979,9
2026-07-14 22:19:29,start id_fixture,1604306290,
2026-07-14 22:19:30,ok id,1604306290,9
2026-07-14 22:19:42,start id_fixture,1604306288,
2026-07-14 22:19:43,ok id,1604306288,9
2026-07-14 22:19:54,start id_fixture,1604310980,
2026-07-14 22:19:55,ok id,1604310980,9
2026-07-14 22:20:37,start id_fixture,1604310977,
2026-07-14 22:20:38,ok id,1604310977,9
2026-07-14 22:20:53,start id_fixture,1604306289,
2026-07-14 22:20:55,ok id,1604306289,9
2026-07-14 22:21:07,start id_fixture,1604310978,
2026-07-14 22:21:08,ok id,1604310978,9
2026-07-14 22:21:20,start id_fixture,1604306291,
2026-07-14 22:21:21,ok id,1604306291,9
2026-07-14 22:21:57,start id_fixture,1604302838,
2026-07-14 22:21:58,ok id,1604302838,9
2026-07-14 22:22:25,start id_fixture,1604677981,
2026-07-14 22:22:26,ok id,1604677981,9
2026-07-14 22:23:01,start id_fixture,1604684868,
2026-07-14 22:23:02,ok id,1604684868,9
2026-07-14 22:23:14,start id_fixture,1604684864,
2026-07-14 22:23:15,ok id,1604684864,9
2026-07-14 22:23:25,start id_fixture,1604681836,
2026-07-14 22:23:26,ok id,1604681836,9
2026-07-14 22:23:37,start id_fixture,1604681837,
2026-07-14 22:23:38,ok id,1604681837,9
2026-07-14 22:24:23,start id_fixture,1604681838,
2026-07-14 22:24:24,ok id,1604681838,9
2026-07-14 22:25:04,start id_fixture,1604684866,
2026-07-14 22:25:04,ok id,1604684866,9
2026-07-14 22:25:21,start id_fixture,1604684867,
2026-07-14 22:25:22,ok id,1604684867,9
2026-07-14 22:25:35,start id_fixture,21207844,
2026-07-14 22:25:36,userbet error id,21207844,
2026-07-14 22:26:03,start id_fixture,21207844,
2026-07-14 22:26:04,userbet error id,21207844,
2026-07-14 22:26:18,start id_fixture,1604681835,
2026-07-14 22:26:20,ok id,1604681835,9
2026-07-14 22:27:44,start id_fixture,1605039560,
2026-07-14 22:27:45,ok id,1605039560,9
2026-07-14 22:28:03,start id_fixture,1605039561,
2026-07-14 22:28:04,ok id,1605039561,9
2026-07-14 22:28:15,start id_fixture,1605039563,
2026-07-14 22:28:16,ok id,1605039563,9
2026-07-14 22:29:08,start id_fixture,1605045343,
2026-07-14 22:29:09,ok id,1605045343,9
2026-07-14 22:29:25,start id_fixture,1605045663,
2026-07-14 22:29:26,ok id,1605045663,9
2026-07-14 22:29:37,start id_fixture,1605045661,
2026-07-14 22:29:38,ok id,1605045661,9
2026-07-14 22:29:51,start id_fixture,1605045662,
2026-07-14 22:29:52,ok id,1605045662,9
2026-07-14 22:30:03,start id_fixture,1605039562,
2026-07-14 22:30:04,ok id,1605039562,9
2026-07-14 22:30:36,start id_fixture,1605039559,
2026-07-14 22:30:38,ok id,1605039559,9
2026-07-14 22:31:06,start id_fixture,1605452033,
2026-07-14 22:31:06,ok id,1605452033,9
2026-07-15 00:14:12,start id_fixture,1605452031,
2026-07-15 00:14:13,ok id,1605452031,9
2026-07-15 00:14:29,start id_fixture,1605452032,
2026-07-15 00:14:30,ok id,1605452032,9
2026-07-15 00:14:44,start id_fixture,1605445626,
2026-07-15 00:14:45,ok id,1605445626,9
2026-07-15 00:14:58,start id_fixture,1605445627,
2026-07-15 00:14:58,ok id,1605445627,9
2026-07-15 00:15:44,start id_fixture,1605445625,
2026-07-15 00:15:45,ok id,1605445625,9
2026-07-15 00:16:13,start id_fixture,1605445630,
2026-07-15 00:16:14,ok id,1605445630,9
2026-07-15 00:16:27,start id_fixture,1605457419,
2026-07-15 00:16:28,ok id,1605457419,9
2026-07-15 00:16:39,start id_fixture,1605445629,
2026-07-15 00:16:40,ok id,1605445629,9
2026-07-15 00:16:55,start id_fixture,1605445628,
2026-07-15 00:16:56,ok id,1605445628,9
2026-07-15 00:17:28,start id_fixture,1605045344,
2026-07-15 00:17:29,ok id,1605045344,9
2026-07-15 00:18:04,start id_fixture,1605868074,
2026-07-15 00:18:05,ok id,1605868074,9
2026-07-15 00:18:18,start id_fixture,1605868076,
2026-07-15 00:18:19,ok id,1605868076,9
2026-07-15 00:18:33,start id_fixture,1605868078,
2026-07-15 00:18:34,ok id,1605868078,9
2026-07-15 00:18:44,start id_fixture,1605868073,
2026-07-15 00:18:45,ok id,1605868073,9
2026-07-15 00:25:55,start id_fixture,1605867484,
2026-07-15 00:25:55,ok id,1605867484,9
2026-07-15 00:26:21,start id_fixture,1605868075,
2026-07-15 00:26:21,ok id,1605868075,9
2026-07-15 00:26:37,start id_fixture,1605868077,
2026-07-15 00:26:38,ok id,1605868077,9
2026-07-15 00:26:48,start id_fixture,1605863575,
2026-07-15 00:26:49,ok id,1605863575,9
2026-07-15 00:27:02,start id_fixture,1605863574,
2026-07-15 00:27:03,ok id,1605863574,9
2026-07-15 00:27:39,start id_fixture,1605867485,
2026-07-15 00:27:40,ok id,1605867485,9
2026-07-15 00:28:22,start id_fixture,1606363172,
2026-07-15 00:28:23,ok id,1606363172,9
2026-07-15 00:28:54,start id_fixture,1606363169,
2026-07-15 00:28:55,ok id,1606363169,9
2026-07-15 00:29:07,start id_fixture,1606363170,
2026-07-15 00:29:08,ok id,1606363170,9
2026-07-15 00:29:18,start id_fixture,1606348705,
2026-07-15 00:29:19,ok id,1606348705,9
2026-07-15 00:29:34,start id_fixture,1606363168,
2026-07-15 00:29:35,ok id,1606363168,9
2026-07-15 00:30:09,start id_fixture,1606360703,
2026-07-15 00:30:10,ok id,1606360703,9
2026-07-15 00:30:22,start id_fixture,1606360704,
2026-07-15 00:30:23,ok id,1606360704,9
2026-07-15 00:30:34,start id_fixture,1606363171,
2026-07-15 00:30:35,ok id,1606363171,9
2026-07-15 00:30:57,start id_fixture,1606363167,
2026-07-15 00:30:58,ok id,1606363167,9
2026-07-15 00:31:43,start id_fixture,1606341431,
2026-07-15 00:31:44,ok id,1606341431,9
2026-07-15 00:32:17,start id_fixture,1606927552,
2026-07-15 00:32:17,ok id,1606927552,9
2026-07-15 00:37:02,start id_fixture,1606927617,
2026-07-15 00:37:03,ok id,1606927617,9
2026-07-15 00:37:15,start id_fixture,1606927550,
2026-07-15 00:37:16,ok id,1606927550,9
2026-07-15 00:37:30,start id_fixture,1606927618,
2026-07-15 00:37:31,ok id,1606927618,9
2026-07-15 00:37:43,start id_fixture,1606927122,
2026-07-15 00:37:44,ok id,1606927122,9
2026-07-15 00:39:14,start id_fixture,1606927121,
2026-07-15 00:39:15,ok id,1606927121,9
2026-07-15 00:39:27,start id_fixture,1606927551,
2026-07-15 00:39:28,ok id,1606927551,9
2026-07-15 00:39:39,start id_fixture,1606927553,
2026-07-15 00:39:40,ok id,1606927553,9
2026-07-15 00:39:51,start id_fixture,1606927616,
2026-07-15 00:39:52,ok id,1606927616,9
2026-07-15 00:40:22,start id_fixture,1606927120,
2026-07-15 00:40:23,ok id,1606927120,9
2026-07-15 00:42:10,start id_fixture,1607204975,
2026-07-15 00:42:11,ok id,1607204975,9
2026-07-15 00:42:51,start id_fixture,1607275043,
2026-07-15 00:42:53,ok id,1607275043,9
2026-07-15 00:43:09,start id_fixture,1607263647,
2026-07-15 00:43:10,ok id,1607263647,9
2026-07-15 00:43:24,start id_fixture,1607252823,
2026-07-15 00:43:24,ok id,1607252823,9
2026-07-15 00:43:36,start id_fixture,1607245018,
2026-07-15 00:43:37,ok id,1607245018,9
2026-07-15 00:44:28,start id_fixture,1607366074,
2026-07-15 00:44:29,ok id,1607366074,9
2026-07-15 00:44:53,start id_fixture,1607349662,
2026-07-15 00:44:53,ok id,1607349662,9
2026-07-15 00:45:06,start id_fixture,1607344151,
2026-07-15 00:45:07,ok id,1607344151,9
2026-07-15 00:45:27,start id_fixture,1607331891,
2026-07-15 00:45:27,ok id,1607331891,9
2026-07-15 00:46:12,start id_fixture,1607405415,
2026-07-15 00:46:14,ok id,1607405415,9
2026-07-15 00:46:57,start id_fixture,1607520774,
2026-07-15 00:46:58,ok id,1607520774,9
2026-07-15 00:47:12,start id_fixture,1607500600,
2026-07-15 00:47:13,ok id,1607500600,9
2026-07-15 00:48:43,start id_fixture,1607520772,
2026-07-15 00:48:44,ok id,1607520772,9
2026-07-15 00:49:04,start id_fixture,1607520768,
2026-07-15 00:49:05,ok id,1607520768,9
2026-07-15 00:49:24,start id_fixture,1607500598,
2026-07-15 00:49:24,ok id,1607500598,9
2026-07-15 00:50:17,start id_fixture,1607520773,
2026-07-15 00:50:18,ok id,1607520773,9
2026-07-15 00:54:04,start id_fixture,1607520767,
2026-07-15 00:54:05,ok id,1607520767,9
2026-07-15 00:54:19,start id_fixture,1607520770,
2026-07-15 00:54:20,ok id,1607520770,9
2026-07-15 00:54:35,start id_fixture,1607500599,
2026-07-15 00:54:36,ok id,1607500599,9
2026-07-15 00:54:51,start id_fixture,1607520771,
2026-07-15 00:54:52,ok id,1607520771,9
2026-07-15 00:55:27,start id_fixture,1604684865,
2026-07-15 00:55:29,ok id,1604684865,9
2026-07-15 00:56:08,start id_fixture,1608130364,
2026-07-15 00:56:09,ok id,1608130364,9
2026-07-15 00:56:52,start id_fixture,1608187686,
2026-07-15 00:56:53,ok id,1608187686,9
2026-07-15 00:57:05,start id_fixture,1608187628,
2026-07-15 00:57:06,ok id,1608187628,9
2026-07-15 00:57:20,start id_fixture,1608183598,
2026-07-15 00:57:21,ok id,1608183598,9
2026-07-15 00:57:35,start id_fixture,1608175307,
2026-07-15 00:57:36,ok id,1608175307,9
2026-07-15 00:58:42,start id_fixture,1608284919,
2026-07-15 00:58:43,ok id,1608284919,9
2026-07-15 00:59:05,start id_fixture,1608284846,
2026-07-15 00:59:06,ok id,1608284846,9
2026-07-15 00:59:19,start id_fixture,1608269379,
2026-07-15 00:59:20,ok id,1608269379,9
2026-07-15 00:59:36,start id_fixture,1608267608,
2026-07-15 00:59:38,ok id,1608267608,9
2026-07-15 01:00:05,start id_fixture,1608311447,
2026-07-15 01:00:06,ok id,1608311447,9
2026-07-15 01:00:37,start id_fixture,1608588572,
2026-07-15 01:00:38,ok id,1608588572,9
2026-07-15 01:01:24,start id_fixture,1608650431,
2026-07-15 01:01:25,ok id,1608650431,9
2026-07-15 01:01:38,start id_fixture,1608645734,
2026-07-15 01:01:40,ok id,1608645734,9
2026-07-15 01:01:50,start id_fixture,1608650366,
2026-07-15 01:01:51,ok id,1608650366,9
2026-07-15 01:02:08,start id_fixture,1608645685,
2026-07-15 01:02:09,ok id,1608645685,9
2026-07-15 01:02:22,start id_fixture,1608638771,
2026-07-15 01:02:23,ok id,1608638771,9
2026-07-15 01:03:13,start id_fixture,1608743517,
2026-07-15 01:03:14,ok id,1608743517,9
2026-07-15 01:03:30,start id_fixture,1608743465,
2026-07-15 01:03:31,ok id,1608743465,9
2026-07-15 01:03:43,start id_fixture,1608737087,
2026-07-15 01:03:44,ok id,1608737087,9
2026-07-15 01:04:02,start id_fixture,1608731164,
2026-07-15 01:04:03,ok id,1608731164,9
2026-07-15 01:04:41,start id_fixture,1608842940,
2026-07-15 01:04:42,ok id,1608842940,9
2026-07-15 01:04:55,start id_fixture,1608842232,
2026-07-15 01:04:57,ok id,1608842232,9
2026-07-15 01:05:08,start id_fixture,1608843023,
2026-07-15 01:05:09,ok id,1608843023,9
2026-07-15 01:06:11,start id_fixture,1608865016,
2026-07-15 01:06:11,ok id,1608865016,9
2026-07-15 01:06:27,start id_fixture,1608864819,
2026-07-15 01:06:28,ok id,1608864819,9
2026-07-15 01:06:41,start id_fixture,1608864820,
2026-07-15 01:06:42,ok id,1608864820,9
2026-07-15 01:07:20,start id_fixture,1608945337,
2026-07-15 01:07:21,ok id,1608945337,9
2026-07-15 01:07:44,start id_fixture,1608956490,
2026-07-15 01:07:45,ok id,1608956490,9
2026-07-15 01:08:01,start id_fixture,1608927823,
2026-07-15 01:08:02,ok id,1608927823,9
2026-07-15 01:08:41,start id_fixture,1608956455,
2026-07-15 01:08:42,ok id,1608956455,9
2026-07-15 01:11:02,start id_fixture,1609168920,
2026-07-15 01:11:03,ok id,1609168920,9
2026-07-15 01:11:35,start id_fixture,1609168921,
2026-07-15 01:11:36,ok id,1609168921,9
2026-07-15 01:12:02,start id_fixture,1609169889,
2026-07-15 01:12:03,ok id,1609169889,9
2026-07-15 01:12:20,start id_fixture,1609169890,
2026-07-15 01:12:21,ok id,1609169890,9
2026-07-15 01:12:32,start id_fixture,1609161635,
2026-07-15 01:12:33,ok id,1609161635,9
2026-07-15 01:12:56,start id_fixture,1609161633,
2026-07-15 01:12:57,ok id,1609161633,9
2026-07-15 01:13:19,start id_fixture,1609161634,
2026-07-15 01:13:19,ok id,1609161634,9
2026-07-15 01:13:31,start id_fixture,1609161632,
2026-07-15 01:13:32,ok id,1609161632,9
2026-07-15 01:13:56,start id_fixture,1609168919,
2026-07-15 01:13:57,ok id,1609168919,9
2026-07-15 01:14:19,start id_fixture,1609161636,
2026-07-15 01:14:20,ok id,1609161636,9
2026-07-15 01:15:08,start id_fixture,1609564033,
2026-07-15 01:15:09,ok id,1609564033,9
2026-07-15 01:16:38,start id_fixture,1609564038,
2026-07-15 01:16:39,ok id,1609564038,9
2026-07-15 01:16:53,start id_fixture,1609563935,
2026-07-15 01:16:54,ok id,1609563935,9
2026-07-15 01:17:08,start id_fixture,1609564039,
2026-07-15 01:17:09,ok id,1609564039,9
2026-07-15 01:17:28,start id_fixture,1609565918,
2026-07-15 01:17:29,ok id,1609565918,9
2026-07-15 01:17:45,start id_fixture,1609565920,
2026-07-15 01:17:46,ok id,1609565920,9
2026-07-15 01:18:05,start id_fixture,1609565925,
2026-07-15 01:18:06,ok id,1609565925,9
2026-07-15 01:18:47,start id_fixture,1609564035,
2026-07-15 01:18:48,ok id,1609564035,9
2026-07-15 01:19:02,start id_fixture,1609565926,
2026-07-15 01:19:02,ok id,1609565926,9
2026-07-15 01:19:23,start id_fixture,1609565922,
2026-07-15 01:19:25,ok id,1609565922,9
2026-07-15 01:20:54,start id_fixture,1574915101,
2026-07-15 01:20:56,ok id,1574915101,9
2026-07-15 01:21:11,start id_fixture,1574915097,
2026-07-15 01:21:13,ok id,1574915097,9
2026-07-15 01:22:00,start id_fixture,1574915094,
2026-07-15 01:22:01,ok id,1574915094,9
2026-07-15 01:22:13,start id_fixture,1574915093,
2026-07-15 01:22:14,ok id,1574915093,9
2026-07-15 01:22:25,start id_fixture,1574915096,
2026-07-15 01:22:26,ok id,1574915096,9
2026-07-15 01:23:16,start id_fixture,1574915099,
2026-07-15 01:23:17,ok id,1574915099,9
2026-07-15 01:23:32,start id_fixture,1574915098,
2026-07-15 01:23:34,ok id,1574915098,9
2026-07-15 01:23:45,start id_fixture,1574915095,
2026-07-15 01:23:46,ok id,1574915095,9
2026-07-15 01:24:23,start id_fixture,1574915092,
2026-07-15 01:24:24,ok id,1574915092,9
2026-07-15 01:24:36,start id_fixture,1574915100,
2026-07-15 01:24:37,ok id,1574915100,9
2026-07-15 01:25:08,start id_fixture,1576158473,
2026-07-15 01:25:09,ok id,1576158473,9
2026-07-15 01:25:22,start id_fixture,1576158476,
2026-07-15 01:25:23,ok id,1576158476,9
2026-07-15 01:26:12,start id_fixture,1576158468,
2026-07-15 01:26:13,ok id,1576158468,9
2026-07-15 01:26:25,start id_fixture,1576158478,
2026-07-15 01:26:26,ok id,1576158478,9
2026-07-15 01:26:38,start id_fixture,1576158469,
2026-07-15 01:26:39,ok id,1576158469,9
2026-07-15 01:27:32,start id_fixture,1576158467,
2026-07-15 01:27:33,ok id,1576158467,9
2026-07-15 01:27:48,start id_fixture,1576158483,
2026-07-15 01:27:49,ok id,1576158483,9
2026-07-15 01:28:02,start id_fixture,1576158481,
2026-07-15 01:28:03,ok id,1576158481,9
2026-07-15 14:50:05,start id_fixture,1576158485,
2026-07-15 14:50:06,ok id,1576158485,9
2026-07-15 14:50:20,start id_fixture,1576158482,
2026-07-15 14:50:21,ok id,1576158482,9
2026-07-15 14:50:45,start id_fixture,1576823031,
2026-07-15 14:50:46,ok id,1576823031,9
2026-07-15 14:51:02,start id_fixture,1576823024,
2026-07-15 14:51:02,ok id,1576823024,9
2026-07-15 14:51:40,start id_fixture,1576823015,
2026-07-15 14:51:41,ok id,1576823015,9
2026-07-15 14:51:51,start id_fixture,1576823029,
2026-07-15 14:51:52,ok id,1576823029,9
2026-07-15 14:52:01,start id_fixture,1576823018,
2026-07-15 14:52:02,ok id,1576823018,9
2026-07-15 14:52:26,start id_fixture,1576823030,
2026-07-15 14:52:27,ok id,1576823030,9
2026-07-15 14:52:38,start id_fixture,1576823033,
2026-07-15 14:52:39,ok id,1576823033,9
2026-07-15 14:52:49,start id_fixture,1576823023,
2026-07-15 14:52:50,ok id,1576823023,9
2026-07-15 14:53:21,start id_fixture,1576823017,
2026-07-15 14:53:21,ok id,1576823017,9
2026-07-15 14:53:34,start id_fixture,1576823014,
2026-07-15 14:53:34,ok id,1576823014,9
2026-07-15 14:54:03,start id_fixture,1577234389,
2026-07-15 14:54:04,ok id,1577234389,9
2026-07-15 14:54:14,start id_fixture,1577234396,
2026-07-15 14:54:14,ok id,1577234396,9
2026-07-15 14:54:46,start id_fixture,1577234407,
2026-07-15 14:54:47,ok id,1577234407,9
2026-07-15 14:54:58,start id_fixture,1577234441,
2026-07-15 14:54:58,ok id,1577234441,9
2026-07-15 14:55:10,start id_fixture,1577234442,
2026-07-15 14:55:10,ok id,1577234442,9
2026-07-15 14:55:20,start id_fixture,1577234398,
2026-07-15 14:55:21,ok id,1577234398,9
2026-07-15 14:55:50,start id_fixture,1577234408,
2026-07-15 14:55:51,ok id,1577234408,9
2026-07-15 14:55:59,start id_fixture,1577234422,
2026-07-15 14:56:00,ok id,1577234422,9
2026-07-15 14:56:10,start id_fixture,1577234399,
2026-07-15 14:56:11,ok id,1577234399,9
2026-07-15 14:56:39,start id_fixture,1577722925,
2026-07-15 14:56:40,ok id,1577722925,9
2026-07-15 14:58:59,start id_fixture,1577722919,
2026-07-15 14:59:00,ok id,1577722919,9
2026-07-15 14:59:10,start id_fixture,1577722911,
2026-07-15 14:59:11,ok id,1577722911,9
2026-07-15 14:59:38,start id_fixture,1577722926,
2026-07-15 14:59:39,ok id,1577722926,9
2026-07-15 15:00:43,start id_fixture,1577722927,
2026-07-15 15:00:44,ok id,1577722927,9
2026-07-15 15:04:58,start id_fixture,1577722935,
2026-07-15 15:04:59,ok id,1577722935,9
2026-07-15 15:05:11,start id_fixture,1577722934,
2026-07-15 15:05:12,ok id,1577722934,9
2026-07-15 15:05:22,start id_fixture,1577722913,
2026-07-15 15:05:23,ok id,1577722913,9
2026-07-15 15:05:34,start id_fixture,1577722940,
2026-07-15 15:05:35,ok id,1577722940,9
2026-07-15 15:06:04,start id_fixture,1577722912,
2026-07-15 15:06:05,ok id,1577722912,9
2026-07-15 15:06:38,start id_fixture,1578132553,
2026-07-15 15:06:38,ok id,1578132553,9
2026-07-15 15:07:13,start id_fixture,1578132532,
2026-07-15 15:07:14,ok id,1578132532,9
2026-07-15 15:07:26,start id_fixture,1578132548,
2026-07-15 15:07:27,ok id,1578132548,9
2026-07-15 15:07:37,start id_fixture,1578132541,
2026-07-15 15:07:38,ok id,1578132541,9
2026-07-15 15:07:50,start id_fixture,1578132572,
2026-07-15 15:07:51,ok id,1578132572,9
2026-07-15 15:08:30,start id_fixture,1578132531,
2026-07-15 15:08:31,ok id,1578132531,9
2026-07-15 15:08:50,start id_fixture,1578132563,
2026-07-15 15:08:51,ok id,1578132563,9
2026-07-15 15:09:02,start id_fixture,1578132544,
2026-07-15 15:09:03,ok id,1578132544,9
2026-07-15 15:09:12,start id_fixture,1578132554,
2026-07-15 15:09:13,ok id,1578132554,9
2026-07-15 15:09:26,start id_fixture,1578132568,
2026-07-15 15:09:26,ok id,1578132568,9
2026-07-15 15:11:09,start id_fixture,1578770627,
2026-07-15 15:11:10,ok id,1578770627,9
2026-07-15 15:11:23,start id_fixture,1578758202,
2026-07-15 15:11:24,ok id,1578758202,9
2026-07-15 15:12:08,start id_fixture,1578805359,
2026-07-15 15:12:09,ok id,1578805359,9
2026-07-15 15:12:21,start id_fixture,1578805371,
2026-07-15 15:12:22,ok id,1578805371,9
2026-07-15 15:12:34,start id_fixture,1578805350,
2026-07-15 15:12:35,ok id,1578805350,9
2026-07-15 15:12:45,start id_fixture,1578805360,
2026-07-15 15:12:46,ok id,1578805360,9
2026-07-15 15:12:58,start id_fixture,1578805365,
2026-07-15 15:12:59,ok id,1578805365,9
2026-07-15 15:13:29,start id_fixture,1578805349,
2026-07-15 15:13:30,ok id,1578805349,9
2026-07-15 15:13:41,start id_fixture,1578805373,
2026-07-15 15:13:42,ok id,1578805373,9
2026-07-15 15:13:54,start id_fixture,1578805347,
2026-07-15 15:13:55,ok id,1578805347,9
2026-07-15 15:14:43,start id_fixture,1578928904,
2026-07-15 15:14:44,ok id,1578928904,9
2026-07-15 15:15:17,start id_fixture,1579029378,
2026-07-15 15:15:18,ok id,1579029378,9
2026-07-15 15:15:29,start id_fixture,1579016998,
2026-07-15 15:15:30,ok id,1579016998,9
2026-07-15 15:15:43,start id_fixture,1579001977,
2026-07-15 15:15:44,ok id,1579001977,9
2026-07-15 15:15:54,start id_fixture,1578977375,
2026-07-15 15:15:55,ok id,1578977375,9
2026-07-15 15:20:55,start id_fixture,1579092600,
2026-07-15 15:20:56,ok id,1579092600,9
2026-07-15 15:21:06,start id_fixture,1579266686,
2026-07-15 15:21:07,ok id,1579266686,9
2026-07-15 15:21:16,start id_fixture,1579072742,
2026-07-15 15:21:17,ok id,1579072742,9
2026-07-15 15:21:29,start id_fixture,1579064823,
2026-07-15 15:21:30,ok id,1579064823,9
2026-07-15 15:22:01,start id_fixture,1579151726,
2026-07-15 15:22:02,ok id,1579151726,9
2026-07-15 15:22:29,start id_fixture,1579385243,
2026-07-15 15:22:30,ok id,1579385243,9
2026-07-15 15:23:08,start id_fixture,1579473503,
2026-07-15 15:23:09,ok id,1579473503,9
2026-07-15 15:23:19,start id_fixture,351224,
2026-07-15 15:23:20,userbet error id,351224,
2026-07-15 15:23:33,start id_fixture,1579444608,
2026-07-15 15:23:34,ok id,1579444608,9
2026-07-15 15:23:52,start id_fixture,1579424129,
2026-07-15 15:23:53,ok id,1579424129,9
2026-07-15 15:24:07,start id_fixture,1579456286,
2026-07-15 15:24:08,ok id,1579456286,9
2026-07-15 15:24:41,start id_fixture,1579514575,
2026-07-15 15:24:41,ok id,1579514575,9
2026-07-15 15:24:51,start id_fixture,1579514576,
2026-07-15 15:24:52,ok id,1579514576,9
2026-07-15 15:25:02,start id_fixture,1579514574,
2026-07-15 15:25:03,ok id,1579514574,9
2026-07-15 15:25:14,start id_fixture,1579514573,
2026-07-15 15:25:15,ok id,1579514573,9
2026-07-15 15:25:24,start id_fixture,1579513559,
2026-07-15 15:25:25,ok id,1579513559,9
2026-07-15 15:28:07,start id_fixture,1579747231,
2026-07-15 15:28:08,ok id,1579747231,9
2026-07-15 15:28:55,start id_fixture,1579747221,
2026-07-15 15:28:56,ok id,1579747221,9
2026-07-15 15:29:06,start id_fixture,1579747222,
2026-07-15 15:29:07,ok id,1579747222,9
2026-07-15 15:29:29,start id_fixture,1579747230,
2026-07-15 15:29:30,ok id,1579747230,9
2026-07-15 15:29:44,start id_fixture,1579747229,
2026-07-15 15:29:45,ok id,1579747229,9
2026-07-15 15:32:26,start id_fixture,1579747237,
2026-07-15 15:32:27,ok id,1579747237,9
2026-07-15 15:32:37,start id_fixture,1579747251,
2026-07-15 15:32:38,ok id,1579747251,9
2026-07-15 15:32:48,start id_fixture,1579747224,
2026-07-15 15:32:49,ok id,1579747224,9
2026-07-15 15:33:00,start id_fixture,1579747250,
2026-07-15 15:33:01,ok id,1579747250,9
2026-07-15 15:33:41,start id_fixture,1579747235,
2026-07-15 15:33:42,ok id,1579747235,9
2026-07-15 15:34:14,start id_fixture,1580147786,
2026-07-15 15:34:15,ok id,1580147786,9
2026-07-15 15:34:47,start id_fixture,1580147791,
2026-07-15 15:34:48,ok id,1580147791,9
2026-07-15 15:35:00,start id_fixture,1580147783,
2026-07-15 15:35:01,ok id,1580147783,9
2026-07-15 15:35:10,start id_fixture,1580147805,
2026-07-15 15:35:11,ok id,1580147805,9
2026-07-15 15:35:25,start id_fixture,1580147782,
2026-07-15 15:35:26,ok id,1580147782,9
2026-07-15 15:39:18,start id_fixture,1580147785,
2026-07-15 15:39:19,ok id,1580147785,9
2026-07-15 15:39:32,start id_fixture,1580147797,
2026-07-15 15:39:33,ok id,1580147797,9
2026-07-15 15:39:46,start id_fixture,1580147781,
2026-07-15 15:39:47,ok id,1580147781,9
2026-07-15 15:39:58,start id_fixture,1580147768,
2026-07-15 15:39:59,ok id,1580147768,9
2026-07-15 15:40:36,start id_fixture,1580147770,
2026-07-15 15:40:37,ok id,1580147770,9
2026-07-15 15:41:07,start id_fixture,1580710701,
2026-07-15 15:41:08,ok id,1580710701,9
2026-07-15 15:41:40,start id_fixture,1580710695,
2026-07-15 15:41:41,ok id,1580710695,9
2026-07-15 15:41:54,start id_fixture,1580710711,
2026-07-15 15:41:55,ok id,1580710711,9
2026-07-15 15:42:09,start id_fixture,1580710694,
2026-07-15 15:42:10,ok id,1580710694,9
2026-07-15 15:42:23,start id_fixture,1580710716,
2026-07-15 15:42:24,ok id,1580710716,9
2026-07-15 16:02:45,start id_fixture,1580710713,
2026-07-15 16:02:46,ok id,1580710713,9
2026-07-15 16:02:58,start id_fixture,1580710717,
2026-07-15 16:02:59,ok id,1580710717,9
2026-07-15 16:03:08,start id_fixture,1580710697,
2026-07-15 16:03:09,ok id,1580710697,9
2026-07-15 16:03:25,start id_fixture,1580710712,
2026-07-15 16:03:26,ok id,1580710712,9
2026-07-15 16:03:59,start id_fixture,1580710702,
2026-07-15 16:03:59,ok id,1580710702,9
2026-07-15 16:04:28,start id_fixture,1581151573,
2026-07-15 16:04:29,ok id,1581151573,9
2026-07-15 16:05:03,start id_fixture,1581151574,
2026-07-15 16:05:04,ok id,1581151574,9
2026-07-15 16:05:44,start id_fixture,1581151569,
2026-07-15 16:05:45,ok id,1581151569,9
2026-07-15 16:05:58,start id_fixture,1581151567,
2026-07-15 16:05:59,ok id,1581151567,9
2026-07-15 16:06:18,start id_fixture,1581151568,
2026-07-15 16:06:18,ok id,1581151568,9
2026-07-15 16:06:34,start id_fixture,1581151565,
2026-07-15 16:06:35,ok id,1581151565,9
2026-07-15 16:07:05,start id_fixture,1581151564,
2026-07-15 16:07:06,ok id,1581151564,9
2026-07-15 16:07:16,start id_fixture,1581151571,
2026-07-15 16:07:17,ok id,1581151571,9
2026-07-15 16:07:27,start id_fixture,1581151572,
2026-07-15 16:07:28,ok id,1581151572,9
2026-07-15 16:07:58,start id_fixture,1581559782,
2026-07-15 16:07:59,ok id,1581559782,9
2026-07-15 16:08:28,start id_fixture,1581559790,
2026-07-15 16:08:29,ok id,1581559790,9
2026-07-15 16:08:41,start id_fixture,1581559785,
2026-07-15 16:08:42,ok id,1581559785,9
2026-07-15 16:08:53,start id_fixture,1581559776,
2026-07-15 16:08:54,ok id,1581559776,9
2026-07-15 16:09:05,start id_fixture,1581559781,
2026-07-15 16:09:06,ok id,1581559781,9
2026-07-15 16:09:38,start id_fixture,1581559763,
2026-07-15 16:09:39,ok id,1581559763,9
2026-07-15 16:09:48,start id_fixture,1581559795,
2026-07-15 16:09:49,ok id,1581559795,9
2026-07-15 16:09:57,start id_fixture,1581559760,
2026-07-15 16:09:58,ok id,1581559760,9
2026-07-15 16:10:11,start id_fixture,1581559787,
2026-07-15 16:10:12,ok id,1581559787,9
2026-07-15 16:10:38,start id_fixture,1581559791,
2026-07-15 16:10:39,ok id,1581559791,9
2026-07-15 16:11:15,start id_fixture,1581151566,
2026-07-15 16:11:16,ok id,1581151566,9
2026-07-15 16:11:52,start id_fixture,1582046724,
2026-07-15 16:11:53,ok id,1582046724,9
2026-07-15 16:14:49,start id_fixture,1582046704,
2026-07-15 16:14:50,ok id,1582046704,9
2026-07-15 16:15:07,start id_fixture,1582046714,
2026-07-15 16:15:08,ok id,1582046714,9
2026-07-15 16:15:22,start id_fixture,1582046716,
2026-07-15 16:15:22,ok id,1582046716,9
2026-07-15 16:15:33,start id_fixture,1582046735,
2026-07-15 16:15:33,ok id,1582046735,9
2026-07-15 16:16:41,start id_fixture,1582046708,
2026-07-15 16:16:42,ok id,1582046708,9
2026-07-15 16:16:52,start id_fixture,1582046726,
2026-07-15 16:16:53,ok id,1582046726,9
2026-07-15 16:17:08,start id_fixture,1582046731,
2026-07-15 16:17:08,ok id,1582046731,9
2026-07-15 16:17:21,start id_fixture,1582046719,
2026-07-15 16:17:22,ok id,1582046719,9
2026-07-15 16:17:47,start id_fixture,1582046737,
2026-07-15 16:17:48,ok id,1582046737,9
2026-07-15 16:18:13,start id_fixture,1582578087,
2026-07-15 16:18:14,ok id,1582578087,9
2026-07-15 16:18:50,start id_fixture,1582578088,
2026-07-15 16:18:51,ok id,1582578088,9
2026-07-15 16:19:00,start id_fixture,1582578073,
2026-07-15 16:19:01,ok id,1582578073,9
2026-07-15 16:19:13,start id_fixture,1582578095,
2026-07-15 16:19:14,ok id,1582578095,9
2026-07-15 16:19:25,start id_fixture,1582578082,
2026-07-15 16:19:26,ok id,1582578082,9
2026-07-15 16:30:20,start id_fixture,1582578078,
2026-07-15 16:30:21,ok id,1582578078,9
2026-07-15 16:30:32,start id_fixture,1582578071,
2026-07-15 16:30:33,ok id,1582578071,9
2026-07-15 16:30:44,start id_fixture,1582578096,
2026-07-15 16:30:45,ok id,1582578096,9
2026-07-15 16:31:25,start id_fixture,1582578084,
2026-07-15 16:31:26,ok id,1582578084,9
2026-07-15 16:31:35,start id_fixture,1582578072,
2026-07-15 16:31:36,ok id,1582578072,9
2026-07-15 16:32:06,start id_fixture,1582948886,
2026-07-15 16:32:07,ok id,1582948886,9
2026-07-15 16:32:43,start id_fixture,1582948890,
2026-07-15 16:32:44,ok id,1582948890,9
2026-07-15 16:32:55,start id_fixture,1582948888,
2026-07-15 16:32:56,ok id,1582948888,9
2026-07-15 16:33:07,start id_fixture,1582948879,
2026-07-15 16:33:08,ok id,1582948879,9
2026-07-15 16:33:18,start id_fixture,1582948889,
2026-07-15 16:33:19,ok id,1582948889,9
2026-07-15 16:33:54,start id_fixture,1582948883,
2026-07-15 16:33:55,ok id,1582948883,9
2026-07-15 16:34:05,start id_fixture,1582948873,
2026-07-15 16:34:06,ok id,1582948873,9
2026-07-15 16:34:17,start id_fixture,1582948876,
2026-07-15 16:34:18,ok id,1582948876,9
2026-07-15 16:34:28,start id_fixture,1582948887,
2026-07-15 16:34:29,ok id,1582948887,9
2026-07-15 16:34:57,start id_fixture,1582986941,
2026-07-15 16:34:58,ok id,1582986941,9
2026-07-15 16:35:41,start id_fixture,1583260338,
2026-07-15 16:35:42,ok id,1583260338,9
2026-07-15 16:35:51,start id_fixture,1583260339,
2026-07-15 16:35:52,ok id,1583260339,9
2026-07-15 16:36:04,start id_fixture,1583249410,
2026-07-15 16:36:05,ok id,1583249410,9
2026-07-15 16:36:35,start id_fixture,1583274790,
2026-07-15 16:36:35,ok id,1583274790,9
2026-07-15 16:36:45,start id_fixture,1583274792,
2026-07-15 16:36:46,ok id,1583274792,9
2026-07-15 16:36:58,start id_fixture,1583274793,
2026-07-15 16:36:59,ok id,1583274793,9
2026-07-15 16:37:41,start id_fixture,1583274787,
2026-07-15 16:37:42,ok id,1583274787,9
2026-07-15 16:37:55,start id_fixture,1583274788,
2026-07-15 16:37:56,ok id,1583274788,9
2026-07-15 16:38:09,start id_fixture,1583274789,
2026-07-15 16:38:10,ok id,1583274789,9
2026-07-15 16:38:20,start id_fixture,1583274791,
2026-07-15 16:38:21,ok id,1583274791,9
2026-07-15 16:38:48,start id_fixture,1583405655,
2026-07-15 16:38:49,ok id,1583405655,9
2026-07-15 16:39:30,start id_fixture,1583582517,
2026-07-15 16:39:31,ok id,1583582517,9
2026-07-15 16:39:40,start id_fixture,1583582533,
2026-07-15 16:39:41,ok id,1583582533,9
2026-07-15 16:39:55,start id_fixture,1583582531,
2026-07-15 16:39:56,ok id,1583582531,9
2026-07-15 17:42:24,start id_fixture,1583582519,
2026-07-15 17:42:25,ok id,1583582519,9
2026-07-15 17:42:40,start id_fixture,1583582534,
2026-07-15 17:42:41,ok id,1583582534,9
2026-07-15 17:42:54,start id_fixture,1583582521,
2026-07-15 17:42:55,ok id,1583582521,9
2026-07-15 17:43:04,start id_fixture,1583582518,
2026-07-15 17:43:05,ok id,1583582518,9
2026-07-15 17:43:42,start id_fixture,1583582524,
2026-07-15 17:43:44,ok id,1583582524,9
2026-07-15 17:43:56,start id_fixture,1583582538,
2026-07-15 17:43:57,ok id,1583582538,9
2026-07-15 17:44:08,start id_fixture,1583582520,
2026-07-15 17:44:09,ok id,1583582520,9
2026-07-15 17:44:35,start id_fixture,1583724391,
2026-07-15 17:44:36,ok id,1583724391,9
2026-07-15 17:45:14,start id_fixture,1583724392,
2026-07-15 17:45:15,ok id,1583724392,9
2026-07-15 17:45:31,start id_fixture,1583724386,
2026-07-15 17:45:32,ok id,1583724386,9
2026-07-15 17:45:43,start id_fixture,1583724385,
2026-07-15 17:45:44,ok id,1583724385,9
2026-07-15 17:45:54,start id_fixture,1583724384,
2026-07-15 17:45:55,ok id,1583724384,9
2026-07-15 17:46:43,start id_fixture,1583724383,
2026-07-15 17:46:44,ok id,1583724383,9
2026-07-15 17:46:56,start id_fixture,1583724388,
2026-07-15 17:46:57,ok id,1583724388,9
2026-07-15 17:48:11,start id_fixture,1584040402,
2026-07-15 17:48:12,ok id,1584040402,9
2026-07-15 17:48:48,start id_fixture,1584040404,
2026-07-15 17:48:49,ok id,1584040404,9
2026-07-15 17:49:04,start id_fixture,1584040413,
2026-07-15 17:49:05,ok id,1584040413,9
2026-07-15 17:49:18,start id_fixture,1584040416,
2026-07-15 17:49:19,ok id,1584040416,9
2026-07-15 17:49:44,start id_fixture,1584040414,
2026-07-15 17:49:45,ok id,1584040414,9
2026-07-15 17:50:18,start id_fixture,1584040403,
2026-07-15 17:50:19,ok id,1584040403,9
2026-07-15 17:50:32,start id_fixture,1584040405,
2026-07-15 17:50:33,ok id,1584040405,9
2026-07-15 17:50:42,start id_fixture,1584040415,
2026-07-15 17:50:44,ok id,1584040415,9
2026-07-15 17:50:55,start id_fixture,1584040412,
2026-07-15 17:50:56,ok id,1584040412,9
2026-07-15 17:51:23,start id_fixture,1584040400,
2026-07-15 17:51:24,ok id,1584040400,9
2026-07-15 17:51:53,start id_fixture,1584317910,
2026-07-15 17:51:54,ok id,1584317910,9
2026-07-15 17:52:31,start id_fixture,1584317899,
2026-07-15 17:52:33,ok id,1584317899,9
2026-07-15 17:52:44,start id_fixture,1584317897,
2026-07-15 17:52:46,ok id,1584317897,9
2026-07-15 17:52:58,start id_fixture,1584317906,
2026-07-15 17:52:59,ok id,1584317906,9
2026-07-15 17:53:12,start id_fixture,1584317903,
2026-07-15 17:53:13,ok id,1584317903,9
2026-07-15 17:53:43,start id_fixture,1584317905,
2026-07-15 17:53:44,ok id,1584317905,9
2026-07-15 17:53:56,start id_fixture,1584317895,
2026-07-15 17:53:57,ok id,1584317895,9
2026-07-15 17:54:09,start id_fixture,1584317908,
2026-07-15 17:54:10,ok id,1584317908,9
2026-07-15 17:54:20,start id_fixture,1584317894,
2026-07-15 17:54:21,ok id,1584317894,9
2026-07-15 17:54:50,start id_fixture,1584317898,
2026-07-15 17:54:52,ok id,1584317898,9
2026-07-15 17:54:54,start id_fixture,1584317898,
2026-07-15 17:54:56,ok id,1584317898,9
2026-07-15 17:55:29,start id_fixture,1583724390,
2026-07-15 17:55:30,ok id,1583724390,9
2026-07-15 17:55:41,start id_fixture,1583724387,
2026-07-15 17:55:42,ok id,1583724387,9
2026-07-15 17:56:18,start id_fixture,1583724389,
2026-07-15 17:56:19,ok id,1583724389,9
2026-07-15 17:58:03,start id_fixture,1584600465,
2026-07-15 17:58:04,ok id,1584600465,9
2026-07-15 18:03:24,start id_fixture,1584600469,
2026-07-15 18:03:25,ok id,1584600469,9
2026-07-15 18:03:36,start id_fixture,1584600467,
2026-07-15 18:03:37,ok id,1584600467,9
2026-07-15 18:03:48,start id_fixture,1584600458,
2026-07-15 18:03:50,ok id,1584600458,9
2026-07-15 18:04:01,start id_fixture,1584600470,
2026-07-15 18:04:02,ok id,1584600470,9
2026-07-15 18:04:37,start id_fixture,1584600464,
2026-07-15 18:04:38,ok id,1584600464,9
2026-07-15 18:04:51,start id_fixture,1584600468,
2026-07-15 18:04:52,ok id,1584600468,9
2026-07-15 18:05:05,start id_fixture,1584600455,
2026-07-15 18:05:06,ok id,1584600455,9
2026-07-15 18:05:18,start id_fixture,1584600466,
2026-07-15 18:05:19,ok id,1584600466,9
2026-07-15 18:08:19,start id_fixture,1584618967,
2026-07-15 18:08:20,ok id,1584618967,9
2026-07-15 18:08:58,start id_fixture,1584906504,
2026-07-15 18:08:59,ok id,1584906504,9
2026-07-15 18:09:33,start id_fixture,1584906505,
2026-07-15 18:09:34,ok id,1584906505,9
2026-07-15 18:09:43,start id_fixture,1584906501,
2026-07-15 18:09:44,ok id,1584906501,9
2026-07-15 18:10:02,start id_fixture,1584906503,
2026-07-15 18:10:03,ok id,1584906503,9
2026-07-15 18:10:14,start id_fixture,1584906496,
2026-07-15 18:10:15,ok id,1584906496,9
2026-07-15 18:10:52,start id_fixture,1584906497,
2026-07-15 18:10:52,ok id,1584906497,9
2026-07-15 18:11:03,start id_fixture,1584906498,
2026-07-15 18:11:04,ok id,1584906498,9
2026-07-15 18:11:17,start id_fixture,1584906500,
2026-07-15 18:11:18,ok id,1584906500,9
2026-07-15 18:11:29,start id_fixture,1584906502,
2026-07-15 18:11:30,ok id,1584906502,9
2026-07-15 18:19:11,start id_fixture,1584906499,
2026-07-15 18:19:12,ok id,1584906499,9
2026-07-15 18:19:44,start id_fixture,1585238568,
2026-07-15 18:19:45,ok id,1585238568,9
2026-07-15 18:20:42,start id_fixture,1585238532,
2026-07-15 18:20:43,ok id,1585238532,9
2026-07-15 18:20:56,start id_fixture,1585238533,
2026-07-15 18:20:58,ok id,1585238533,9
2026-07-15 18:21:07,start id_fixture,1585238566,
2026-07-15 18:21:08,ok id,1585238566,9
2026-07-15 18:21:19,start id_fixture,1585238563,
2026-07-15 18:21:21,ok id,1585238563,9
2026-07-15 18:24:37,start id_fixture,1585238539,
2026-07-15 18:24:38,ok id,1585238539,9
2026-07-15 18:24:50,start id_fixture,1585238562,
2026-07-15 18:24:51,ok id,1585238562,9
2026-07-15 18:25:01,start id_fixture,1585238545,
2026-07-15 18:25:02,ok id,1585238545,9
2026-07-15 18:25:13,start id_fixture,1585238564,
2026-07-15 18:25:14,ok id,1585238564,9
2026-07-15 18:25:42,start id_fixture,1585238544,
2026-07-15 18:25:43,ok id,1585238544,9
2026-07-15 21:16:18,start id_fixture,1585583100,
2026-07-15 21:16:19,ok id,1585583100,9
2026-07-15 21:26:17,start id_fixture,1585583098,
2026-07-15 21:26:17,ok id,1585583098,9
2026-07-15 21:26:29,start id_fixture,1585583099,
2026-07-15 21:26:30,ok id,1585583099,9
2026-07-15 21:26:42,start id_fixture,1585583102,
2026-07-15 21:26:43,ok id,1585583102,9
2026-07-15 21:30:12,start id_fixture,1585583097,
2026-07-15 21:30:13,ok id,1585583097,9
2026-07-15 21:30:41,start id_fixture,1585583126,
2026-07-15 21:30:42,ok id,1585583126,9
2026-07-15 21:30:54,start id_fixture,1585583103,
2026-07-15 21:30:54,ok id,1585583103,9
2026-07-15 21:31:06,start id_fixture,1585583104,
2026-07-15 21:31:07,ok id,1585583104,9
2026-07-15 21:31:20,start id_fixture,1585583096,
2026-07-15 21:31:21,ok id,1585583096,9
2026-07-15 21:32:31,start id_fixture,1586009297,
2026-07-15 21:32:32,ok id,1586009297,9
2026-07-15 21:33:14,start id_fixture,1586009316,
2026-07-15 21:33:16,ok id,1586009316,9
2026-07-15 21:33:27,start id_fixture,1586009295,
2026-07-15 21:33:29,ok id,1586009295,9
2026-07-15 21:33:47,start id_fixture,1586009296,
2026-07-15 21:33:48,ok id,1586009296,9
2026-07-15 21:33:59,start id_fixture,1586009308,
2026-07-15 21:34:00,ok id,1586009308,9
2026-07-15 21:34:54,start id_fixture,1586009298,
2026-07-15 21:34:55,ok id,1586009298,9
2026-07-15 21:35:06,start id_fixture,1586009310,
2026-07-15 21:35:07,ok id,1586009310,9
2026-07-15 21:35:26,start id_fixture,1586009309,
2026-07-15 21:35:27,ok id,1586009309,9
2026-07-15 21:35:40,start id_fixture,416435,
2026-07-15 21:35:41,userbet error id,416435,
2026-07-15 21:36:21,start id_fixture,1586009311,
2026-07-15 21:36:22,ok id,1586009311,9
2026-07-15 21:37:03,start id_fixture,1586009303,
2026-07-15 21:37:04,ok id,1586009303,9
2026-07-15 21:37:46,start id_fixture,1586426162,
2026-07-15 21:37:47,ok id,1586426162,9
2026-07-15 21:38:30,start id_fixture,1586426168,
2026-07-15 21:38:31,ok id,1586426168,9
2026-07-15 21:38:45,start id_fixture,1586426157,
2026-07-15 21:38:46,ok id,1586426157,9
2026-07-15 21:38:59,start id_fixture,1586426154,
2026-07-15 21:39:00,ok id,1586426154,9
2026-07-15 21:39:13,start id_fixture,1586426152,
2026-07-15 21:39:15,ok id,1586426152,9
2026-07-15 21:40:10,start id_fixture,1586426175,
2026-07-15 21:40:11,ok id,1586426175,9
2026-07-15 21:40:28,start id_fixture,1586426165,
2026-07-15 21:40:29,ok id,1586426165,9
2026-07-15 21:40:50,start id_fixture,1586426160,
2026-07-15 21:40:51,ok id,1586426160,9
2026-07-15 21:41:14,start id_fixture,1586426169,
2026-07-15 21:41:15,ok id,1586426169,9
2026-07-15 21:41:58,start id_fixture,1586426177,
2026-07-15 21:41:59,ok id,1586426177,9
2026-07-15 21:44:42,start id_fixture,1586889880,
2026-07-15 21:44:43,ok id,1586889880,9
2026-07-15 21:45:39,start id_fixture,1586909449,
2026-07-15 21:45:40,ok id,1586909449,9
2026-07-15 21:54:21,start id_fixture,1586889876,
2026-07-15 21:54:22,ok id,1586889876,9
2026-07-15 21:54:45,start id_fixture,1586889875,
2026-07-15 21:54:46,ok id,1586889875,9
2026-07-15 21:54:58,start id_fixture,1586889878,
2026-07-15 21:54:58,ok id,1586889878,9
2026-07-15 21:55:57,start id_fixture,1586889892,
2026-07-15 21:55:58,ok id,1586889892,9
2026-07-15 21:56:12,start id_fixture,1586889874,
2026-07-15 21:56:13,ok id,1586889874,9
2026-07-15 21:56:27,start id_fixture,1586889897,
2026-07-15 21:56:28,ok id,1586889897,9
2026-07-15 21:56:41,start id_fixture,1586889895,
2026-07-15 21:56:42,ok id,1586889895,9
2026-07-15 21:56:56,start id_fixture,1586889893,
2026-07-15 21:56:57,ok id,1586889893,9
2026-07-15 21:57:47,start id_fixture,1587357592,
2026-07-15 21:57:48,ok id,1587357592,9
2026-07-15 21:58:41,start id_fixture,1587357596,
2026-07-15 21:58:42,ok id,1587357596,9
2026-07-15 21:59:06,start id_fixture,1587357579,
2026-07-15 21:59:07,ok id,1587357579,9
2026-07-15 21:59:19,start id_fixture,1587357606,
2026-07-15 21:59:20,ok id,1587357606,9
2026-07-15 21:59:32,start id_fixture,1587357609,
2026-07-15 21:59:33,ok id,1587357609,9
2026-07-15 22:00:32,start id_fixture,1587357587,
2026-07-15 22:00:33,ok id,1587357587,9
2026-07-15 22:00:44,start id_fixture,1587357600,
2026-07-15 22:00:45,ok id,1587357600,9
2026-07-15 22:00:55,start id_fixture,1587357582,
2026-07-15 22:00:56,ok id,1587357582,9
2026-07-15 22:01:09,start id_fixture,1587357611,
2026-07-15 22:01:10,ok id,1587357611,9
2026-07-15 22:01:52,start id_fixture,1587357581,
2026-07-15 22:01:54,ok id,1587357581,9
2026-07-15 22:02:26,start id_fixture,1587775874,
2026-07-15 22:02:26,ok id,1587775874,9
2026-07-15 22:06:09,start id_fixture,1587775864,
2026-07-15 22:06:10,ok id,1587775864,9
2026-07-15 22:06:57,start id_fixture,1587775871,
2026-07-15 22:06:58,ok id,1587775871,9
2026-07-15 22:07:26,start id_fixture,1587775861,
2026-07-15 22:07:26,ok id,1587775861,9
2026-07-15 22:07:42,start id_fixture,1587775863,
2026-07-15 22:07:43,ok id,1587775863,9
2026-07-15 22:07:57,start id_fixture,1587775862,
2026-07-15 22:07:58,ok id,1587775862,9
2026-07-15 22:08:52,start id_fixture,1587775870,
2026-07-15 22:08:53,ok id,1587775870,9
2026-07-15 22:09:06,start id_fixture,1587775859,
2026-07-15 22:09:07,ok id,1587775859,9
2026-07-15 22:09:18,start id_fixture,1587775869,
2026-07-15 22:09:19,ok id,1587775869,9
2026-07-15 22:09:33,start id_fixture,1587775866,
2026-07-15 22:09:34,ok id,1587775866,9
2026-07-15 22:10:16,start id_fixture,1587775867,
2026-07-15 22:10:17,ok id,1587775867,9
2026-07-15 22:10:46,start id_fixture,1588520369,
2026-07-15 22:10:47,ok id,1588520369,9
2026-07-15 22:11:30,start id_fixture,1588520364,
2026-07-15 22:11:31,ok id,1588520364,9
2026-07-15 22:11:43,start id_fixture,1588520372,
2026-07-15 22:11:43,ok id,1588520372,9
2026-07-15 22:11:58,start id_fixture,1588520366,
2026-07-15 22:11:59,ok id,1588520366,9
2026-07-15 22:12:11,start id_fixture,1588520370,
2026-07-15 22:12:12,ok id,1588520370,9
2026-07-15 22:12:56,start id_fixture,1588520367,
2026-07-15 22:12:57,ok id,1588520367,9
2026-07-15 22:13:13,start id_fixture,1588520368,
2026-07-15 22:13:14,ok id,1588520368,9
2026-07-15 22:13:27,start id_fixture,1588520363,
2026-07-15 22:13:28,ok id,1588520363,9
2026-07-15 22:13:41,start id_fixture,1588520365,
2026-07-15 22:13:43,ok id,1588520365,9
2026-07-15 22:14:14,start id_fixture,1588520371,
2026-07-15 22:14:15,ok id,1588520371,9
2026-07-15 22:14:48,start id_fixture,1589565941,
2026-07-15 22:14:48,ok id,1589565941,9
2026-07-15 22:15:31,start id_fixture,1589565942,
2026-07-15 22:15:32,ok id,1589565942,9
2026-07-15 22:15:45,start id_fixture,1589565943,
2026-07-15 22:15:47,ok id,1589565943,9
2026-07-15 22:16:01,start id_fixture,1589565945,
2026-07-15 22:16:02,ok id,1589565945,9
2026-07-15 22:16:13,start id_fixture,1589565936,
2026-07-15 22:16:14,ok id,1589565936,9
2026-07-15 22:17:07,start id_fixture,1589565940,
2026-07-15 22:17:08,ok id,1589565940,9
2026-07-15 22:17:33,start id_fixture,1589565937,
2026-07-15 22:17:34,ok id,1589565937,9
2026-07-15 22:17:47,start id_fixture,1589565938,
2026-07-15 22:17:48,ok id,1589565938,9
2026-07-15 22:17:58,start id_fixture,1589565934,
2026-07-15 22:17:59,ok id,1589565934,9
2026-07-15 22:18:39,start id_fixture,1589565935,
2026-07-15 22:18:40,ok id,1589565935,9
2026-07-15 22:19:15,start id_fixture,1589901298,
2026-07-15 22:19:16,ok id,1589901298,9
2026-07-15 22:21:19,start id_fixture,1589901263,
2026-07-15 22:21:20,ok id,1589901263,9
2026-07-15 22:21:36,start id_fixture,1589901290,
2026-07-15 22:21:37,ok id,1589901290,9
2026-07-15 22:21:55,start id_fixture,1589901265,
2026-07-15 22:21:56,ok id,1589901265,9
2026-07-15 22:22:08,start id_fixture,1589901266,
2026-07-15 22:22:09,ok id,1589901266,9
2026-07-15 22:22:55,start id_fixture,1589901267,
2026-07-15 22:22:56,ok id,1589901267,9
2026-07-15 22:23:09,start id_fixture,1589901297,
2026-07-15 22:23:10,ok id,1589901297,9
2026-07-15 22:23:24,start id_fixture,1589901283,
2026-07-15 22:23:25,ok id,1589901283,9
2026-07-15 22:23:56,start id_fixture,1589901292,
2026-07-15 22:23:57,ok id,1589901292,9
2026-07-15 22:24:16,start id_fixture,1589901285,
2026-07-15 22:24:17,ok id,1589901285,9
2026-07-15 22:24:53,start id_fixture,1590563842,
2026-07-15 22:24:54,ok id,1590563842,9
2026-07-15 22:25:33,start id_fixture,1590563848,
2026-07-15 22:25:34,ok id,1590563848,9
2026-07-15 22:25:45,start id_fixture,1590563831,
2026-07-15 22:25:47,ok id,1590563831,9
2026-07-15 22:26:01,start id_fixture,1590563855,
2026-07-15 22:26:02,ok id,1590563855,9
2026-07-15 22:26:15,start id_fixture,1590563860,
2026-07-15 22:26:16,ok id,1590563860,9
2026-07-15 22:27:20,start id_fixture,1590563829,
2026-07-15 22:27:22,ok id,1590563829,9
2026-07-15 22:27:33,start id_fixture,1590563856,
2026-07-15 22:27:34,ok id,1590563856,9
2026-07-15 22:27:49,start id_fixture,1590563837,
2026-07-15 22:27:50,ok id,1590563837,9
2026-07-15 22:28:02,start id_fixture,1590563809,
2026-07-15 22:28:03,ok id,1590563809,9
2026-07-15 22:28:35,start id_fixture,1590563808,
2026-07-15 22:28:36,ok id,1590563808,9
2026-07-15 22:29:13,start id_fixture,1590990958,
2026-07-15 22:29:14,ok id,1590990958,9
2026-07-15 22:29:27,start id_fixture,1590990441,
2026-07-15 22:29:28,ok id,1590990441,9
2026-07-15 22:29:38,start id_fixture,1590980980,
2026-07-15 22:29:39,ok id,1590980980,9
2026-07-15 22:30:17,start id_fixture,1591018819,
2026-07-15 22:30:18,ok id,1591018819,9
2026-07-15 22:30:29,start id_fixture,1591018806,
2026-07-15 22:30:30,ok id,1591018806,9
2026-07-15 22:30:44,start id_fixture,1591018814,
2026-07-15 22:30:45,ok id,1591018814,9
2026-07-15 22:30:57,start id_fixture,1591018807,
2026-07-15 22:30:58,ok id,1591018807,9
2026-07-15 22:54:34,start id_fixture,1591018815,
2026-07-15 22:54:35,ok id,1591018815,9
2026-07-15 22:54:52,start id_fixture,1591018809,
2026-07-15 22:54:53,ok id,1591018809,9
2026-07-15 22:55:06,start id_fixture,1591018812,
2026-07-15 22:55:07,ok id,1591018812,9
2026-07-15 22:55:51,start id_fixture,1591328396,
2026-07-15 22:55:52,ok id,1591328396,9
2026-07-15 22:57:02,start id_fixture,1591328400,
2026-07-15 22:57:03,ok id,1591328400,9
2026-07-15 22:57:17,start id_fixture,1591538105,
2026-07-15 22:57:18,ok id,1591538105,9
2026-07-15 22:57:50,start id_fixture,1591328398,
2026-07-15 22:57:51,ok id,1591328398,9
2026-07-15 22:58:04,start id_fixture,1591328399,
2026-07-15 22:58:05,ok id,1591328399,9
2026-07-15 22:58:16,start id_fixture,1591289398,
2026-07-15 22:58:17,ok id,1591289398,9
2026-07-15 22:58:31,start id_fixture,1591289399,
2026-07-15 22:58:32,ok id,1591289399,9
2026-07-15 23:01:17,start id_fixture,1591328397,
2026-07-15 23:01:18,ok id,1591328397,9
2026-07-15 23:03:47,start id_fixture,1591289397,
2026-07-15 23:03:49,ok id,1591289397,9
2026-07-15 23:04:04,start id_fixture,1591289395,
2026-07-15 23:04:05,ok id,1591289395,9
2026-07-15 23:05:13,start id_fixture,1591733062,
2026-07-15 23:05:14,ok id,1591733062,9
2026-07-15 23:06:10,start id_fixture,1591733065,
2026-07-15 23:06:11,ok id,1591733065,9
2026-07-15 23:06:28,start id_fixture,1591733072,
2026-07-15 23:06:29,ok id,1591733072,9
2026-07-15 23:06:39,start id_fixture,1591733068,
2026-07-15 23:06:40,ok id,1591733068,9
2026-07-15 23:07:18,start id_fixture,1591733063,
2026-07-15 23:07:18,ok id,1591733063,9
2026-07-15 23:07:43,start id_fixture,1591733067,
2026-07-15 23:07:44,ok id,1591733067,9
2026-07-15 23:08:18,start id_fixture,1591733071,
2026-07-15 23:08:19,ok id,1591733071,9
2026-07-15 23:08:30,start id_fixture,21075183,
2026-07-15 23:08:31,userbet error id,21075183,
2026-07-15 23:08:46,start id_fixture,1591733069,
2026-07-15 23:08:47,ok id,1591733069,9
2026-07-15 23:09:11,start id_fixture,1591733064,
2026-07-15 23:09:12,ok id,1591733064,9
2026-07-15 23:09:34,start id_fixture,1591733070,
2026-07-15 23:09:35,ok id,1591733070,9
2026-07-15 23:11:12,start id_fixture,1593222074,
2026-07-15 23:11:13,ok id,1593222074,9
2026-07-15 23:11:42,start id_fixture,1593222075,
2026-07-15 23:11:43,ok id,1593222075,9
2026-07-15 23:11:58,start id_fixture,1593222051,
2026-07-15 23:11:59,ok id,1593222051,9
2026-07-15 23:12:15,start id_fixture,1593222060,
2026-07-15 23:12:16,ok id,1593222060,9
2026-07-15 23:12:56,start id_fixture,1593222064,
2026-07-15 23:12:57,ok id,1593222064,9
2026-07-15 23:13:25,start id_fixture,1593222082,
2026-07-15 23:13:25,ok id,1593222082,9
2026-07-15 23:13:44,start id_fixture,1593222056,
2026-07-15 23:13:45,ok id,1593222056,9
2026-07-15 23:14:12,start id_fixture,1593222066,
2026-07-15 23:14:13,ok id,1593222066,9
2026-07-15 23:14:28,start id_fixture,1593222057,
2026-07-15 23:14:29,ok id,1593222057,9
2026-07-15 23:15:12,start id_fixture,1595460299,
2026-07-15 23:15:13,ok id,1595460299,9
2026-07-15 23:15:59,start id_fixture,1595460296,
2026-07-15 23:16:00,ok id,1595460296,9
2026-07-15 23:16:18,start id_fixture,1595460297,
2026-07-15 23:16:19,ok id,1595460297,9
2026-07-15 23:16:30,start id_fixture,1595460294,
2026-07-15 23:16:31,ok id,1595460294,9
2026-07-15 23:17:23,start id_fixture,1595460298,
2026-07-15 23:17:24,ok id,1595460298,9
2026-07-15 23:17:42,start id_fixture,1595460305,
2026-07-15 23:17:44,ok id,1595460305,9
2026-07-15 23:17:59,start id_fixture,1595460306,
2026-07-15 23:18:00,ok id,1595460306,9
2026-07-15 23:18:14,start id_fixture,1595460304,
2026-07-15 23:18:16,ok id,1595460304,9
2026-07-15 23:18:29,start id_fixture,1595460292,
2026-07-15 23:18:30,ok id,1595460292,9
2026-07-15 23:19:08,start id_fixture,1595525850,
2026-07-15 23:19:10,ok id,1595525850,9
2026-07-15 23:19:47,start id_fixture,1595525851,
2026-07-15 23:19:48,ok id,1595525851,9
2026-07-15 23:20:02,start id_fixture,1595525813,
2026-07-15 23:20:03,ok id,1595525813,9
2026-07-15 23:20:15,start id_fixture,1595525814,
2026-07-15 23:20:16,ok id,1595525814,9
2026-07-15 23:23:01,start id_fixture,1595525836,
2026-07-15 23:23:02,ok id,1595525836,9
2026-07-15 23:23:57,start id_fixture,1595525849,
2026-07-15 23:23:59,ok id,1595525849,9
2026-07-15 23:24:15,start id_fixture,1595525838,
2026-07-15 23:24:16,ok id,1595525838,9
2026-07-15 23:24:33,start id_fixture,1595525812,
2026-07-15 23:24:34,ok id,1595525812,9
2026-07-15 23:24:45,start id_fixture,1595525811,
2026-07-15 23:24:47,ok id,1595525811,9
2026-07-15 23:25:21,start id_fixture,1596236271,
2026-07-15 23:25:22,ok id,1596236271,9
2026-07-15 23:26:11,start id_fixture,1596236279,
2026-07-15 23:26:12,ok id,1596236279,9
2026-07-15 23:26:25,start id_fixture,1596236272,
2026-07-15 23:26:26,ok id,1596236272,9
2026-07-15 23:26:38,start id_fixture,1596236309,
2026-07-15 23:26:38,ok id,1596236309,9
2026-07-15 23:28:06,start id_fixture,1596236286,
2026-07-15 23:28:07,ok id,1596236286,9
2026-07-15 23:28:27,start id_fixture,1596236267,
2026-07-15 23:28:28,ok id,1596236267,9
2026-07-15 23:28:43,start id_fixture,1596236310,
2026-07-15 23:28:44,ok id,1596236310,9
2026-07-15 23:28:59,start id_fixture,1596236288,
2026-07-15 23:29:00,ok id,1596236288,9
2026-07-15 23:29:17,start id_fixture,1596236275,
2026-07-15 23:29:18,ok id,1596236275,9
2026-07-15 23:30:00,start id_fixture,1596587557,
2026-07-15 23:30:02,ok id,1596587557,9
2026-07-15 23:30:35,start id_fixture,1596634955,
2026-07-15 23:30:36,ok id,1596634955,9
2026-07-15 23:30:49,start id_fixture,1596631140,
2026-07-15 23:30:50,ok id,1596631140,9
2026-07-15 23:31:06,start id_fixture,1596626683,
2026-07-15 23:31:07,ok id,1596626683,9
2026-07-15 23:32:10,start id_fixture,1596687724,
2026-07-15 23:32:11,ok id,1596687724,9
2026-07-15 23:32:30,start id_fixture,1596679300,
2026-07-15 23:32:31,ok id,1596679300,9
2026-07-15 23:32:48,start id_fixture,1596679304,
2026-07-15 23:32:50,ok id,1596679304,9
2026-07-15 23:33:22,start id_fixture,1596671899,
2026-07-15 23:33:23,ok id,1596671899,9
2026-07-15 23:34:49,start id_fixture,1597183633,
2026-07-15 23:34:50,ok id,1597183633,9
2026-07-15 23:35:06,start id_fixture,1597183592,
2026-07-15 23:35:07,ok id,1597183592,9
2026-07-15 23:35:46,start id_fixture,1597183587,
2026-07-15 23:35:47,ok id,1597183587,9
2026-07-15 23:36:03,start id_fixture,1597183590,
2026-07-15 23:36:04,ok id,1597183590,9
2026-07-15 23:36:16,start id_fixture,1597183529,
2026-07-15 23:36:17,ok id,1597183529,9
2026-07-15 23:37:16,start id_fixture,1597183639,
2026-07-15 23:37:17,ok id,1597183639,9
2026-07-15 23:37:28,start id_fixture,1597183585,
2026-07-15 23:37:30,ok id,1597183585,9
2026-07-15 23:37:41,start id_fixture,1597183634,
2026-07-15 23:37:42,ok id,1597183634,9
2026-07-15 23:37:59,start id_fixture,1597183640,
2026-07-15 23:38:00,ok id,1597183640,9
2026-07-15 23:38:33,start id_fixture,1597648673,
2026-07-15 23:38:34,ok id,1597648673,9
2026-07-15 23:39:11,start id_fixture,1597648671,
2026-07-15 23:39:12,ok id,1597648671,9
2026-07-15 23:39:22,start id_fixture,1597648689,
2026-07-15 23:39:23,ok id,1597648689,9
2026-07-15 23:39:49,start id_fixture,1597648674,
2026-07-15 23:39:50,ok id,1597648674,9
2026-07-15 23:40:37,start id_fixture,1597648688,
2026-07-15 23:40:38,ok id,1597648688,9
2026-07-15 23:40:53,start id_fixture,1597648688,
2026-07-15 23:40:55,ok id,1597648688,9
2026-07-15 23:41:17,start id_fixture,1597648692,
2026-07-15 23:41:18,ok id,1597648692,9
2026-07-15 23:41:32,start id_fixture,1597648678,
2026-07-15 23:41:33,ok id,1597648678,9
2026-07-15 23:41:55,start id_fixture,1597648691,
2026-07-15 23:41:56,ok id,1597648691,9
2026-07-15 23:42:39,start id_fixture,1598399652,
2026-07-15 23:42:41,ok id,1598399652,9
2026-07-15 23:43:22,start id_fixture,1598399651,
2026-07-15 23:43:23,ok id,1598399651,9
2026-07-15 23:43:37,start id_fixture,1598399648,
2026-07-15 23:43:38,ok id,1598399648,9
2026-07-15 23:43:55,start id_fixture,1598399661,
2026-07-15 23:43:56,ok id,1598399661,9
2026-07-15 23:55:47,start id_fixture,1598399662,
2026-07-15 23:55:48,ok id,1598399662,9
2026-07-15 23:55:54,start id_fixture,1598399662,
2026-07-15 23:55:55,ok id,1598399662,9
2026-07-15 23:56:08,start id_fixture,1598399649,
2026-07-15 23:56:09,ok id,1598399649,9
2026-07-15 23:56:27,start id_fixture,1598399647,
2026-07-15 23:56:28,ok id,1598399647,9
2026-07-15 23:56:46,start id_fixture,1598399660,
2026-07-15 23:56:47,ok id,1598399660,9
2026-07-15 23:57:09,start id_fixture,1598399663,
2026-07-15 23:57:10,ok id,1598399663,9
2026-07-15 23:57:45,start id_fixture,1598742322,
2026-07-15 23:57:46,ok id,1598742322,9
2026-07-15 23:58:35,start id_fixture,1598742329,
2026-07-15 23:58:36,ok id,1598742329,9
2026-07-15 23:58:51,start id_fixture,1598742309,
2026-07-15 23:58:52,ok id,1598742309,9
2026-07-15 23:59:05,start id_fixture,1598742305,
2026-07-15 23:59:06,ok id,1598742305,9
2026-07-16 00:00:19,start id_fixture,1598742295,
2026-07-16 00:00:20,ok id,1598742295,9
2026-07-16 00:00:52,start id_fixture,1598742325,
2026-07-16 00:00:53,ok id,1598742325,9
2026-07-16 00:01:17,start id_fixture,1598742313,
2026-07-16 00:01:18,ok id,1598742313,9
2026-07-16 00:01:33,start id_fixture,1598742314,
2026-07-16 00:01:34,ok id,1598742314,9
2026-07-16 00:01:50,start id_fixture,1598742339,
2026-07-16 00:01:51,ok id,1598742339,9
2026-07-16 00:02:31,start id_fixture,1599289833,
2026-07-16 00:02:32,ok id,1599289833,9
2026-07-16 00:02:52,start id_fixture,1599289837,
2026-07-16 00:02:53,ok id,1599289837,9
2026-07-16 00:03:38,start id_fixture,1599289834,
2026-07-16 00:03:39,ok id,1599289834,9
2026-07-16 00:03:51,start id_fixture,1599289845,
2026-07-16 00:03:52,ok id,1599289845,9
2026-07-16 00:04:11,start id_fixture,1599289832,
2026-07-16 00:04:12,ok id,1599289832,9
2026-07-16 00:04:59,start id_fixture,1599289842,
2026-07-16 00:05:00,ok id,1599289842,9
2026-07-16 00:05:16,start id_fixture,1599289838,
2026-07-16 00:05:17,ok id,1599289838,9
2026-07-16 00:23:56,start id_fixture,1599289829,
2026-07-16 00:23:57,ok id,1599289829,9
2026-07-16 00:24:29,start id_fixture,1599289831,
2026-07-16 00:24:30,ok id,1599289831,9
2026-07-16 00:25:14,start id_fixture,1599289842,
2026-07-16 00:25:15,ok id,1599289842,9
2026-07-16 00:25:34,start id_fixture,1599289838,
2026-07-16 00:25:35,ok id,1599289838,9
2026-07-16 00:26:37,start id_fixture,1599734771,
2026-07-16 00:26:38,ok id,1599734771,9
2026-07-16 00:27:37,start id_fixture,1599734780,
2026-07-16 00:27:38,ok id,1599734780,9
2026-07-16 00:27:51,start id_fixture,1599734786,
2026-07-16 00:27:52,ok id,1599734786,9
2026-07-16 00:28:05,start id_fixture,1599734774,
2026-07-16 00:28:06,ok id,1599734774,9
2026-07-16 00:29:09,start id_fixture,1599734747,
2026-07-16 00:29:10,ok id,1599734747,9
2026-07-16 00:29:24,start id_fixture,1599734758,
2026-07-16 00:29:25,ok id,1599734758,9
2026-07-16 00:29:44,start id_fixture,1599734765,
2026-07-16 00:29:44,ok id,1599734765,9
2026-07-16 00:30:02,start id_fixture,1599734785,
2026-07-16 00:30:03,ok id,1599734785,9
2026-07-16 00:30:19,start id_fixture,1599734768,
2026-07-16 00:30:20,ok id,1599734768,9
2026-07-16 00:31:06,start id_fixture,1600190518,
2026-07-16 00:31:08,ok id,1600190518,9
2026-07-16 00:31:19,start id_fixture,1600190483,
2026-07-16 00:31:20,ok id,1600190483,9
2026-07-16 00:31:59,start id_fixture,1600190515,
2026-07-16 00:32:01,ok id,1600190515,9
2026-07-16 00:32:15,start id_fixture,1600190514,
2026-07-16 00:32:16,ok id,1600190514,9
2026-07-16 00:32:29,start id_fixture,1600190485,
2026-07-16 00:32:30,ok id,1600190485,9
2026-07-16 00:33:27,start id_fixture,1600190503,
2026-07-16 00:33:28,ok id,1600190503,9
2026-07-16 00:34:03,start id_fixture,1600190479,
2026-07-16 00:34:04,ok id,1600190479,9
2026-07-16 00:34:48,start id_fixture,1600190484,
2026-07-16 00:34:49,ok id,1600190484,9
2026-07-16 00:35:07,start id_fixture,1600190491,
2026-07-16 00:35:08,ok id,1600190491,9
2026-07-16 00:35:55,start id_fixture,1600831357,
2026-07-16 00:35:56,ok id,1600831357,9
2026-07-16 00:36:33,start id_fixture,1600831362,
2026-07-16 00:36:33,ok id,1600831362,9
2026-07-16 00:36:49,start id_fixture,1600831361,
2026-07-16 00:36:50,ok id,1600831361,9
2026-07-16 00:37:09,start id_fixture,1600831360,
2026-07-16 00:37:10,ok id,1600831360,9
2026-07-16 00:38:12,start id_fixture,1600830087,
2026-07-16 00:38:13,ok id,1600830087,9
2026-07-16 00:38:43,start id_fixture,1600831364,
2026-07-16 00:38:45,ok id,1600831364,9
2026-07-16 00:39:05,start id_fixture,1600831723,
2026-07-16 00:39:06,ok id,1600831723,9
2026-07-16 00:39:22,start id_fixture,1600831722,
2026-07-16 00:39:23,ok id,1600831722,9
2026-07-16 00:39:45,start id_fixture,1600831363,
2026-07-16 00:39:46,ok id,1600831363,9
2026-07-16 00:40:20,start id_fixture,1601181882,
2026-07-16 00:40:21,ok id,1601181882,9
2026-07-16 00:40:37,start id_fixture,1601181883,
2026-07-16 00:40:38,ok id,1601181883,9
2026-07-16 00:41:24,start id_fixture,1601181805,
2026-07-16 00:41:25,ok id,1601181805,9
2026-07-16 00:41:45,start id_fixture,1601181803,
2026-07-16 00:41:46,ok id,1601181803,9
2026-07-16 00:42:09,start id_fixture,1601181804,
2026-07-16 00:42:10,ok id,1601181804,9
2026-07-16 00:43:32,start id_fixture,1601181806,
2026-07-16 00:43:34,ok id,1601181806,9
2026-07-16 00:43:46,start id_fixture,1601181879,
2026-07-16 00:43:47,ok id,1601181879,9
2026-07-16 00:43:58,start id_fixture,1601182904,
2026-07-16 00:44:00,ok id,1601182904,9
2026-07-16 00:44:11,start id_fixture,1601181881,
2026-07-16 00:44:12,ok id,1601181881,9
2026-07-16 00:45:06,start id_fixture,1601548561,
2026-07-16 00:45:07,ok id,1601548561,9
2026-07-16 00:49:17,start id_fixture,1601548560,
2026-07-16 00:49:18,ok id,1601548560,9
2026-07-16 00:49:36,start id_fixture,1601550722,
2026-07-16 00:49:37,ok id,1601550722,9
2026-07-16 00:49:54,start id_fixture,1601548559,
2026-07-16 00:49:55,ok id,1601548559,9
2026-07-16 00:51:05,start id_fixture,1601550721,
2026-07-16 00:51:05,ok id,1601550721,9
2026-07-16 00:51:15,start id_fixture,1601548558,
2026-07-16 00:51:16,ok id,1601548558,9
2026-07-16 00:51:28,start id_fixture,1601550723,
2026-07-16 00:51:29,ok id,1601550723,9
2026-07-16 00:51:40,start id_fixture,1601550724,
2026-07-16 00:51:42,ok id,1601550724,9
2026-07-16 00:51:54,start id_fixture,1601548562,
2026-07-16 00:51:55,ok id,1601548562,9
2026-07-16 00:52:26,start id_fixture,1601911488,
2026-07-16 00:52:27,ok id,1601911488,9
2026-07-16 00:52:55,start id_fixture,1602206442,
2026-07-16 00:52:57,ok id,1602206442,9
2026-07-16 00:53:30,start id_fixture,1602206784,
2026-07-16 00:53:31,ok id,1602206784,9
2026-07-16 00:53:42,start id_fixture,1602206132,
2026-07-16 00:53:43,ok id,1602206132,9
2026-07-16 00:54:00,start id_fixture,1602206785,
2026-07-16 00:54:01,ok id,1602206785,9
2026-07-16 00:54:47,start id_fixture,1602206444,
2026-07-16 00:54:48,ok id,1602206444,9
2026-07-16 00:55:03,start id_fixture,1602206783,
2026-07-16 00:55:04,ok id,1602206783,9
2026-07-16 00:55:27,start id_fixture,1602206133,
2026-07-16 00:55:28,ok id,1602206133,9
2026-07-16 00:55:40,start id_fixture,1602206782,
2026-07-16 00:55:41,ok id,1602206782,9
2026-07-16 00:56:19,start id_fixture,1602217981,
2026-07-16 00:56:20,ok id,1602217981,9
2026-07-16 00:56:35,start id_fixture,1602217980,
2026-07-16 00:56:37,ok id,1602217980,9
2026-07-16 00:57:21,start id_fixture,1602217985,
2026-07-16 00:57:23,ok id,1602217985,9
2026-07-16 00:57:34,start id_fixture,1602216939,
2026-07-16 00:57:36,ok id,1602216939,9
2026-07-16 00:57:53,start id_fixture,1602216940,
2026-07-16 00:57:54,ok id,1602216940,9
2026-07-16 00:58:31,start id_fixture,1602216943,
2026-07-16 00:58:32,ok id,1602216943,9
2026-07-16 00:58:43,start id_fixture,1602218288,
2026-07-16 00:58:44,ok id,1602218288,9
2026-07-16 00:58:59,start id_fixture,1602216941,
2026-07-16 00:59:00,ok id,1602216941,9
2026-07-16 00:59:14,start id_fixture,1602216942,
2026-07-16 00:59:16,ok id,1602216942,9
2026-07-16 01:00:51,start id_fixture,1602780043,
2026-07-16 01:00:52,ok id,1602780043,9
2026-07-16 01:01:03,start id_fixture,1602764579,
2026-07-16 01:01:04,ok id,1602764579,9
2026-07-16 01:01:44,start id_fixture,1602780047,
2026-07-16 01:01:45,ok id,1602780047,9
2026-07-16 01:02:05,start id_fixture,1602764577,
2026-07-16 01:02:06,ok id,1602764577,9
2026-07-16 01:02:18,start id_fixture,1602764578,
2026-07-16 01:02:19,ok id,1602764578,9
2026-07-16 01:05:12,start id_fixture,1602780044,
2026-07-16 01:05:13,ok id,1602780044,9
2026-07-16 01:05:26,start id_fixture,1602780045,
2026-07-16 01:05:27,ok id,1602780045,9
2026-07-16 01:05:42,start id_fixture,1602780046,
2026-07-16 01:05:43,ok id,1602780046,9
2026-07-16 01:05:57,start id_fixture,1602780567,
2026-07-16 01:05:58,ok id,1602780567,9
2026-07-16 01:06:33,start id_fixture,1603024427,
2026-07-16 01:06:34,ok id,1603024427,9
2026-07-16 01:07:20,start id_fixture,1603019689,
2026-07-16 01:07:21,ok id,1603019689,9
2026-07-16 01:07:39,start id_fixture,1603024428,
2026-07-16 01:07:40,ok id,1603024428,9
2026-07-16 01:07:54,start id_fixture,1603024426,
2026-07-16 01:07:55,ok id,1603024426,9
2026-07-16 01:08:38,start id_fixture,1603024429,
2026-07-16 01:08:39,ok id,1603024429,9
2026-07-16 01:08:53,start id_fixture,1603023329,
2026-07-16 01:08:54,ok id,1603023329,9
2026-07-16 01:09:06,start id_fixture,1603023330,
2026-07-16 01:09:07,ok id,1603023330,9
2026-07-16 01:09:25,start id_fixture,1603023331,
2026-07-16 01:09:26,ok id,1603023331,9
2026-07-16 01:09:38,start id_fixture,1603024430,
2026-07-16 01:09:39,ok id,1603024430,9
2026-07-16 01:10:07,start id_fixture,1603307822,
2026-07-16 01:10:08,ok id,1603307822,9
2026-07-16 01:10:47,start id_fixture,1603307823,
2026-07-16 01:10:48,ok id,1603307823,9
2026-07-16 01:11:05,start id_fixture,1603297756,
2026-07-16 01:11:06,ok id,1603297756,9
2026-07-16 01:11:45,start id_fixture,1603307821,
2026-07-16 01:11:46,ok id,1603307821,9
2026-07-16 01:13:33,start id_fixture,1603307820,
2026-07-16 01:13:34,ok id,1603307820,9
2026-07-16 01:13:53,start id_fixture,1603305571,
2026-07-16 01:13:54,ok id,1603305571,9
2026-07-16 01:14:13,start id_fixture,1603297755,
2026-07-16 01:14:14,ok id,1603297755,9
2026-07-16 01:14:50,start id_fixture,1603297753,
2026-07-16 01:14:51,ok id,1603297753,9
2026-07-16 01:15:09,start id_fixture,1603297754,
2026-07-16 01:15:10,ok id,1603297754,9
2026-07-16 01:15:46,start id_fixture,1603639173,
2026-07-16 01:15:47,ok id,1603639173,9
2026-07-16 01:16:01,start id_fixture,1603651277,
2026-07-16 01:16:02,ok id,1603651277,9
2026-07-16 01:16:51,start id_fixture,1603651324,
2026-07-16 01:16:52,ok id,1603651324,9
2026-07-16 01:17:03,start id_fixture,1603638010,
2026-07-16 01:17:04,ok id,1603638010,9
2026-07-16 01:17:16,start id_fixture,1603639174,
2026-07-16 01:17:17,ok id,1603639174,9
2026-07-16 01:18:37,start id_fixture,1603639175,
2026-07-16 01:18:38,ok id,1603639175,9
2026-07-16 01:18:53,start id_fixture,1603640982,
2026-07-16 01:18:54,ok id,1603640982,9
2026-07-16 01:19:07,start id_fixture,1603638013,
2026-07-16 01:19:08,ok id,1603638013,9
2026-07-16 01:19:22,start id_fixture,1603658505,
2026-07-16 01:19:23,ok id,1603658505,9
2026-07-16 01:20:19,start id_fixture,1603962835,
2026-07-16 01:20:19,ok id,1603962835,9
2026-07-16 01:20:51,start id_fixture,1603966497,
2026-07-16 01:20:52,ok id,1603966497,9
2026-07-16 01:21:04,start id_fixture,1603962836,
2026-07-16 01:21:05,ok id,1603962836,9
2026-07-16 01:21:16,start id_fixture,1603965944,
2026-07-16 01:21:17,ok id,1603965944,9
2026-07-16 01:21:59,start id_fixture,1603962834,
2026-07-16 01:22:00,ok id,1603962834,9
2026-07-16 01:22:14,start id_fixture,1603965943,
2026-07-16 01:22:14,ok id,1603965943,9
2026-07-16 01:22:33,start id_fixture,1603965945,
2026-07-16 01:22:34,ok id,1603965945,9
2026-07-16 01:22:52,start id_fixture,1603962837,
2026-07-16 01:22:53,ok id,1603962837,9
2026-07-16 01:23:05,start id_fixture,1603965942,
2026-07-16 01:23:05,ok id,1603965942,9
2026-07-16 01:23:51,start id_fixture,1604310987,
2026-07-16 01:23:52,ok id,1604310987,9
2026-07-16 01:24:30,start id_fixture,1604314230,
2026-07-16 01:24:30,ok id,1604314230,9
2026-07-16 01:25:01,start id_fixture,1604314228,
2026-07-16 01:25:02,ok id,1604314228,9
2026-07-16 01:25:30,start id_fixture,1604317775,
2026-07-16 01:25:31,ok id,1604317775,9
2026-07-16 01:26:21,start id_fixture,1604306300,
2026-07-16 01:26:22,ok id,1604306300,9
2026-07-16 01:26:33,start id_fixture,1604314229,
2026-07-16 01:26:34,ok id,1604314229,9
2026-07-16 01:26:48,start id_fixture,1604314232,
2026-07-16 01:26:49,ok id,1604314232,9
2026-07-16 01:27:01,start id_fixture,1604314231,
2026-07-16 01:27:02,ok id,1604314231,9
2026-07-16 01:27:15,start id_fixture,1604317774,
2026-07-16 01:27:16,ok id,1604317774,9
2026-07-16 01:28:01,start id_fixture,1604677982,
2026-07-16 01:28:01,ok id,1604677982,9
2026-07-16 01:32:06,start id_fixture,21206173,
2026-07-16 01:32:07,userbet error id,21206173,
2026-07-16 01:32:39,start id_fixture,1604684882,
2026-07-16 01:32:40,ok id,1604684882,9
2026-07-16 01:32:55,start id_fixture,1604681850,
2026-07-16 01:32:56,ok id,1604681850,9
2026-07-16 01:34:19,start id_fixture,1604684883,
2026-07-16 01:34:19,ok id,1604684883,9
2026-07-16 01:34:51,start id_fixture,1604677987,
2026-07-16 01:34:52,ok id,1604677987,9
2026-07-16 01:35:09,start id_fixture,1604681849,
2026-07-16 01:35:10,ok id,1604681849,9
2026-07-16 01:35:26,start id_fixture,1604681851,
2026-07-16 01:35:27,ok id,1604681851,9
2026-07-16 01:35:47,start id_fixture,1604677988,
2026-07-16 01:35:48,ok id,1604677988,9
2026-07-16 01:36:24,start id_fixture,1605039575,
2026-07-16 01:36:25,ok id,1605039575,9
2026-07-16 01:39:06,start id_fixture,1605045349,
2026-07-16 01:39:07,ok id,1605045349,9
2026-07-16 01:39:17,start id_fixture,1605039572,
2026-07-16 01:39:18,ok id,1605039572,9
2026-07-16 01:39:33,start id_fixture,1605039569,
2026-07-16 01:39:34,ok id,1605039569,9
2026-07-16 15:43:29,start id_fixture,1605039570,
2026-07-16 15:43:30,ok id,1605039570,9
2026-07-16 15:43:50,start id_fixture,1605039573,
2026-07-16 15:43:51,ok id,1605039573,9
2026-07-16 15:44:04,start id_fixture,1605039574,
2026-07-16 15:44:05,ok id,1605039574,9
2026-07-16 15:44:17,start id_fixture,1605045671,
2026-07-16 15:44:17,ok id,1605045671,9
2026-07-16 15:44:32,start id_fixture,1605045670,
2026-07-16 15:44:33,ok id,1605045670,9
2026-07-16 15:44:59,start id_fixture,1605445635,
2026-07-16 15:45:00,ok id,1605445635,9
2026-07-16 15:45:34,start id_fixture,1605457430,
2026-07-16 15:45:34,ok id,1605457430,9
2026-07-16 15:45:47,start id_fixture,1605457427,
2026-07-16 15:45:48,ok id,1605457427,9
2026-07-16 15:46:00,start id_fixture,1605452040,
2026-07-16 15:46:01,ok id,1605452040,9
2026-07-16 15:46:31,start id_fixture,1605457428,
2026-07-16 15:46:32,ok id,1605457428,9
2026-07-16 15:46:41,start id_fixture,1605457429,
2026-07-16 15:46:42,ok id,1605457429,9
2026-07-16 15:46:59,start id_fixture,1605452041,
2026-07-16 15:47:00,ok id,1605452041,9
2026-07-16 15:47:10,start id_fixture,1605445637,
2026-07-16 15:47:11,ok id,1605445637,9
2026-07-16 15:47:24,start id_fixture,1605445636,
2026-07-16 15:47:25,ok id,1605445636,9
2026-07-16 15:48:30,start id_fixture,1605868082,
2026-07-16 15:48:31,ok id,1605868082,9
2026-07-16 15:49:21,start id_fixture,1605867493,
2026-07-16 15:49:22,ok id,1605867493,9
2026-07-16 15:49:32,start id_fixture,1605863579,
2026-07-16 15:49:33,ok id,1605863579,9
2026-07-16 15:49:44,start id_fixture,1605868084,
2026-07-16 15:49:45,ok id,1605868084,9
2026-07-16 15:59:39,start id_fixture,1605867492,
2026-07-16 15:59:40,ok id,1605867492,9
2026-07-16 15:59:52,start id_fixture,1605868085,
2026-07-16 15:59:53,ok id,1605868085,9
2026-07-16 16:00:06,start id_fixture,1605868083,
2026-07-16 16:00:07,ok id,1605868083,9
2026-07-16 16:00:19,start id_fixture,1605863578,
2026-07-16 16:00:20,ok id,1605863578,9
2026-07-16 16:00:33,start id_fixture,1605867491,
2026-07-16 16:00:34,ok id,1605867491,9
2026-07-16 16:01:08,start id_fixture,1606348709,
2026-07-16 16:01:09,ok id,1606348709,9
2026-07-16 16:01:46,start id_fixture,1606363181,
2026-07-16 16:01:47,ok id,1606363181,9
2026-07-16 16:02:00,start id_fixture,1606363179,
2026-07-16 16:02:01,ok id,1606363179,9
2026-07-16 16:02:12,start id_fixture,1606360709,
2026-07-16 16:02:13,ok id,1606360709,9
2026-07-16 16:02:47,start id_fixture,1606348708,
2026-07-16 16:02:49,ok id,1606348708,9
2026-07-16 16:02:59,start id_fixture,1606360708,
2026-07-16 16:03:00,ok id,1606360708,9
2026-07-16 16:03:14,start id_fixture,1606363177,
2026-07-16 16:03:15,ok id,1606363177,9
2026-07-16 16:03:27,start id_fixture,1606363178,
2026-07-16 16:03:27,ok id,1606363178,9
2026-07-16 16:03:39,start id_fixture,1606363180,
2026-07-16 16:03:40,ok id,1606363180,9
2026-07-16 16:04:08,start id_fixture,1606927562,
2026-07-16 16:04:09,ok id,1606927562,9
2026-07-16 16:04:51,start id_fixture,1606927561,
2026-07-16 16:04:53,ok id,1606927561,9
2026-07-16 16:05:38,start id_fixture,1606927133,
2026-07-16 16:05:39,ok id,1606927133,9
2026-07-16 16:05:51,start id_fixture,1606927629,
2026-07-16 16:05:52,ok id,1606927629,9
2026-07-16 16:06:31,start id_fixture,1606927132,
2026-07-16 16:06:32,ok id,1606927132,9
2026-07-16 16:06:42,start id_fixture,1606927560,
2026-07-16 16:06:43,ok id,1606927560,9
2026-07-16 16:06:56,start id_fixture,1606927563,
2026-07-16 16:06:58,ok id,1606927563,9
2026-07-16 16:07:12,start id_fixture,1606927628,
2026-07-16 16:07:13,ok id,1606927628,9
2026-07-16 16:07:42,start id_fixture,1607202279,
2026-07-16 16:07:42,ok id,1607202279,9
2026-07-16 16:10:19,start id_fixture,1607275042,
2026-07-16 16:10:20,ok id,1607275042,9
2026-07-16 16:10:32,start id_fixture,1607266558,
2026-07-16 16:10:33,ok id,1607266558,9
2026-07-16 16:10:46,start id_fixture,1607252894,
2026-07-16 16:10:47,ok id,1607252894,9
2026-07-16 16:35:06,start id_fixture,1607361236,
2026-07-16 16:35:08,ok id,1607361236,9
2026-07-16 16:35:17,start id_fixture,1607347010,
2026-07-16 16:35:18,ok id,1607347010,9
2026-07-16 16:35:29,start id_fixture,1607347008,
2026-07-16 16:35:30,ok id,1607347008,9
2026-07-16 16:35:41,start id_fixture,1607346773,
2026-07-16 16:35:42,ok id,1607346773,9
2026-07-16 16:35:55,start id_fixture,1607336632,
2026-07-16 16:35:57,ok id,1607336632,9
2026-07-16 16:36:31,start id_fixture,1607881501,
2026-07-16 16:36:33,ok id,1607881501,9
2026-07-16 16:36:59,start id_fixture,1607707191,
2026-07-16 16:37:00,ok id,1607707191,9
2026-07-16 16:37:29,start id_fixture,1607733486,
2026-07-16 16:37:30,ok id,1607733486,9
2026-07-16 16:37:39,start id_fixture,1607733443,
2026-07-16 16:37:40,ok id,1607733443,9
2026-07-16 16:37:50,start id_fixture,1607715991,
2026-07-16 16:37:52,ok id,1607715991,9
2026-07-16 16:40:44,start id_fixture,1607825314,
2026-07-16 16:40:45,ok id,1607825314,9
2026-07-16 16:40:55,start id_fixture,22228120,
2026-07-16 16:40:55,userbet error id,22228120,
2026-07-16 16:41:07,start id_fixture,1607815991,
2026-07-16 16:41:08,ok id,1607815991,9
2026-07-16 16:41:21,start id_fixture,1607821992,
2026-07-16 16:41:22,ok id,1607821992,9
2026-07-16 16:41:31,start id_fixture,1607803938,
2026-07-16 16:41:32,ok id,1607803938,9
2026-07-16 16:41:49,start id_fixture,1607821993,
2026-07-16 16:41:50,ok id,1607821993,9
2026-07-16 16:42:13,start id_fixture,1608187715,
2026-07-16 16:42:14,ok id,1608187715,9
2026-07-16 16:56:44,start id_fixture,1608187719,
2026-07-16 16:56:46,ok id,1608187719,9
2026-07-16 16:56:54,start id_fixture,1608187716,
2026-07-16 16:56:55,ok id,1608187716,9
2026-07-16 16:57:06,start id_fixture,1608187714,
2026-07-16 16:57:07,ok id,1608187714,9
2026-07-16 17:04:21,start id_fixture,1608285008,
2026-07-16 17:04:22,ok id,1608285008,9
2026-07-16 17:04:33,start id_fixture,1608278000,
2026-07-16 17:04:34,ok id,1608278000,9
2026-07-16 17:04:44,start id_fixture,1608278097,
2026-07-16 17:04:45,ok id,1608278097,9
2026-07-16 17:08:53,start id_fixture,1608277999,
2026-07-16 17:08:54,ok id,1608277999,9
2026-07-16 17:09:06,start id_fixture,1608271317,
2026-07-16 17:09:07,ok id,1608271317,9
2026-07-16 17:11:28,start id_fixture,1608663238,
2026-07-16 17:11:30,ok id,1608663238,9
2026-07-16 17:11:54,start id_fixture,1608663235,
2026-07-16 17:11:54,ok id,1608663235,9
2026-07-16 17:12:17,start id_fixture,1608663240,
2026-07-16 17:12:18,ok id,1608663240,9
2026-07-16 17:13:29,start id_fixture,1608663233,
2026-07-16 17:13:30,ok id,1608663233,9
2026-07-16 17:13:41,start id_fixture,1608663237,
2026-07-16 17:13:42,ok id,1608663237,9
2026-07-16 17:13:58,start id_fixture,1608663236,
2026-07-16 17:13:59,ok id,1608663236,9
2026-07-16 17:14:11,start id_fixture,32711109,
2026-07-16 17:14:12,userbet error id,32711109,
2026-07-16 17:14:45,start id_fixture,1608663234,
2026-07-16 17:14:46,ok id,1608663234,9
2026-07-16 17:15:37,start id_fixture,1608650430,
2026-07-16 17:15:38,ok id,1608650430,9
2026-07-16 17:16:25,start id_fixture,1608663239,
2026-07-16 17:16:26,ok id,1608663239,9
2026-07-16 17:17:44,start id_fixture,1609074695,
2026-07-16 17:17:45,ok id,1609074695,9
2026-07-16 17:18:00,start id_fixture,1609074694,
2026-07-16 17:18:01,ok id,1609074694,9
2026-07-16 17:18:16,start id_fixture,1609074697,
2026-07-16 17:18:17,ok id,1609074697,9
2026-07-16 17:18:37,start id_fixture,1609074696,
2026-07-16 17:18:38,ok id,1609074696,9
2026-07-16 17:18:51,start id_fixture,1609080504,
2026-07-16 17:18:52,ok id,1609080504,9
2026-07-16 17:19:13,start id_fixture,1609086726,
2026-07-16 17:19:14,ok id,1609086726,9
2026-07-16 17:20:45,start id_fixture,1609080503,
2026-07-16 17:20:46,ok id,1609080503,9
2026-07-16 17:21:03,start id_fixture,1609074693,
2026-07-16 17:21:04,ok id,1609074693,9
2026-07-16 17:21:16,start id_fixture,1609080506,
2026-07-16 17:21:17,ok id,1609080506,9
2026-07-16 17:22:36,start id_fixture,1608650430,
2026-07-16 17:22:36,ok id,1608650430,9
2026-07-16 17:22:52,start id_fixture,1608663238,
2026-07-16 17:22:53,ok id,1608663238,9
2026-07-16 17:24:06,start id_fixture,1575269322,
2026-07-16 17:24:07,ok id,1575269322,9
2026-07-16 17:24:40,start id_fixture,1575269327,
2026-07-16 17:24:41,ok id,1575269327,9
2026-07-16 17:24:51,start id_fixture,1575269329,
2026-07-16 17:24:52,ok id,1575269329,9
2026-07-16 17:25:31,start id_fixture,1575269330,
2026-07-16 17:25:32,ok id,1575269330,9
2026-07-16 17:25:44,start id_fixture,1575269331,
2026-07-16 17:25:45,ok id,1575269331,9
2026-07-16 17:25:59,start id_fixture,1575269328,
2026-07-16 17:26:00,ok id,1575269328,9
2026-07-16 17:26:15,start id_fixture,1575269324,
2026-07-16 17:26:16,ok id,1575269324,9
2026-07-16 17:26:26,start id_fixture,1575269321,
2026-07-16 17:26:27,ok id,1575269321,9
2026-07-16 17:26:38,start id_fixture,1575269320,
2026-07-16 17:26:39,ok id,1575269320,9
2026-07-16 19:44:08,start id_fixture,1576535666,
2026-07-16 19:44:09,ok id,1576535666,9
2026-07-16 19:44:36,start id_fixture,1576598556,
2026-07-16 19:44:38,ok id,1576598556,9
2026-07-16 19:44:50,start id_fixture,1576578682,
2026-07-16 19:44:51,ok id,1576578682,9
2026-07-16 19:45:28,start id_fixture,1576634762,
2026-07-16 19:45:29,ok id,1576634762,9
2026-07-16 19:45:40,start id_fixture,1576634760,
2026-07-16 19:45:41,ok id,1576634760,9
2026-07-16 19:45:53,start id_fixture,1576634213,
2026-07-16 19:45:55,ok id,1576634213,9
2026-07-16 19:46:06,start id_fixture,1576634211,
2026-07-16 19:46:07,ok id,1576634211,9
2026-07-16 19:46:17,start id_fixture,1576634215,
2026-07-16 19:46:19,ok id,1576634215,9
2026-07-16 19:46:29,start id_fixture,1576629226,
2026-07-16 19:46:31,ok id,1576629226,9
2026-07-16 19:47:16,start id_fixture,1576823027,
2026-07-16 19:47:18,ok id,1576823027,9
2026-07-16 19:47:46,start id_fixture,1576823016,
2026-07-16 19:47:47,ok id,1576823016,9
2026-07-16 19:47:59,start id_fixture,1576823025,
2026-07-16 19:48:00,ok id,1576823025,9
2026-07-16 19:49:01,start id_fixture,1576823028,
2026-07-16 19:49:02,ok id,1576823028,9
2026-07-16 19:49:14,start id_fixture,1576823019,
2026-07-16 19:49:15,ok id,1576823019,9
2026-07-16 19:49:28,start id_fixture,1576823020,
2026-07-16 19:49:29,ok id,1576823020,9
2026-07-16 19:49:42,start id_fixture,1576823032,
2026-07-16 19:49:43,ok id,1576823032,9
2026-07-16 19:49:53,start id_fixture,1576823026,
2026-07-16 19:49:54,ok id,1576823026,9
2026-07-16 19:50:06,start id_fixture,1576823022,
2026-07-16 19:50:07,ok id,1576823022,9
2026-07-16 19:50:46,start id_fixture,1577234421,
2026-07-16 19:50:47,ok id,1577234421,9
2026-07-16 19:51:12,start id_fixture,1577234388,
2026-07-16 19:51:13,ok id,1577234388,9
2026-07-16 19:51:24,start id_fixture,1577234391,
2026-07-16 19:51:25,ok id,1577234391,9
2026-07-16 19:51:59,start id_fixture,1577234438,
2026-07-16 19:52:01,ok id,1577234438,9
2026-07-16 19:52:10,start id_fixture,1577234417,
2026-07-16 19:52:12,ok id,1577234417,9
2026-07-16 19:52:27,start id_fixture,1577234400,
2026-07-16 19:52:28,ok id,1577234400,9
2026-07-16 19:52:40,start id_fixture,1577234387,
2026-07-16 19:52:41,ok id,1577234387,9
2026-07-16 19:52:51,start id_fixture,1577234428,
2026-07-16 19:52:52,ok id,1577234428,9
2026-07-16 19:53:05,start id_fixture,1577234414,
2026-07-16 19:53:06,ok id,1577234414,9
2026-07-16 19:53:36,start id_fixture,1577722916,
2026-07-16 19:53:37,ok id,1577722916,9
2026-07-16 19:54:13,start id_fixture,1577722928,
2026-07-16 19:54:15,ok id,1577722928,9
2026-07-16 19:54:26,start id_fixture,1577722931,
2026-07-16 19:54:27,ok id,1577722931,9
2026-07-16 19:57:01,start id_fixture,1577722910,
2026-07-16 19:57:02,ok id,1577722910,9
2026-07-16 19:57:14,start id_fixture,1577722906,
2026-07-16 19:57:15,ok id,1577722906,9
2026-07-16 19:58:00,start id_fixture,1577722904,
2026-07-16 19:58:01,ok id,1577722904,9
2026-07-16 19:58:21,start id_fixture,1577722914,
2026-07-16 19:58:22,ok id,1577722914,9
2026-07-16 19:58:45,start id_fixture,1577722915,
2026-07-16 19:58:46,ok id,1577722915,9
2026-07-16 19:58:58,start id_fixture,1577722936,
2026-07-16 19:58:59,ok id,1577722936,9
2026-07-16 19:59:33,start id_fixture,1578132523,
2026-07-16 19:59:34,ok id,1578132523,9
2026-07-16 20:00:38,start id_fixture,1578132534,
2026-07-16 20:00:40,ok id,1578132534,9
2026-07-16 20:00:54,start id_fixture,1578132540,
2026-07-16 20:00:56,ok id,1578132540,9
2026-07-16 20:01:35,start id_fixture,1578132524,
2026-07-16 20:01:36,ok id,1578132524,9
2026-07-16 20:01:52,start id_fixture,1578132543,
2026-07-16 20:01:53,ok id,1578132543,9
2026-07-16 20:02:09,start id_fixture,1578132527,
2026-07-16 20:02:10,ok id,1578132527,9
2026-07-16 20:02:30,start id_fixture,1578132530,
2026-07-16 20:02:31,ok id,1578132530,9
2026-07-16 20:02:47,start id_fixture,1578132525,
2026-07-16 20:02:49,ok id,1578132525,9
2026-07-16 20:03:20,start id_fixture,1578132535,
2026-07-16 20:03:21,ok id,1578132535,9
2026-07-16 20:03:54,start id_fixture,1578805336,
2026-07-16 20:03:55,ok id,1578805336,9
2026-07-16 20:04:28,start id_fixture,1578805339,
2026-07-16 20:04:29,ok id,1578805339,9
2026-07-16 20:04:45,start id_fixture,1578805342,
2026-07-16 20:04:46,ok id,1578805342,9
2026-07-16 20:10:41,start id_fixture,1578805377,
2026-07-16 20:10:43,ok id,1578805377,9
2026-07-16 20:10:56,start id_fixture,1578805358,
2026-07-16 20:10:57,ok id,1578805358,9
2026-07-16 20:11:12,start id_fixture,1578805352,
2026-07-16 20:11:13,ok id,1578805352,9
2026-07-16 20:11:28,start id_fixture,1578805355,
2026-07-16 20:11:29,ok id,1578805355,9
2026-07-16 20:11:43,start id_fixture,1578805380,
2026-07-16 20:11:44,ok id,1578805380,9
2026-07-16 20:12:01,start id_fixture,1578805345,
2026-07-16 20:12:02,ok id,1578805345,9
2026-07-16 20:12:33,start id_fixture,1579259230,
2026-07-16 20:12:34,ok id,1579259230,9
2026-07-16 20:13:03,start id_fixture,1579259229,
2026-07-16 20:13:04,ok id,1579259229,9
2026-07-16 20:13:19,start id_fixture,1579259225,
2026-07-16 20:13:20,ok id,1579259225,9
2026-07-16 20:14:00,start id_fixture,1579259234,
2026-07-16 20:14:01,ok id,1579259234,9
2026-07-16 20:14:18,start id_fixture,1579259226,
2026-07-16 20:14:19,ok id,1579259226,9
2026-07-16 20:14:38,start id_fixture,1579259236,
2026-07-16 20:14:39,ok id,1579259236,9
2026-07-16 20:14:52,start id_fixture,1579259232,
2026-07-16 20:14:53,ok id,1579259232,9
2026-07-16 20:15:06,start id_fixture,1579259240,
2026-07-16 20:15:07,ok id,1579259240,9
2026-07-16 20:15:49,start id_fixture,1579747261,
2026-07-16 20:15:50,ok id,1579747261,9
2026-07-16 20:25:36,start id_fixture,1579747244,
2026-07-16 20:25:37,ok id,1579747244,9
2026-07-16 20:25:46,start id_fixture,1579747263,
2026-07-16 20:25:47,ok id,1579747263,9
2026-07-16 20:28:36,start id_fixture,1579747246,
2026-07-16 20:28:37,ok id,1579747246,9
2026-07-16 20:28:50,start id_fixture,1579747262,
2026-07-16 20:28:51,ok id,1579747262,9
2026-07-16 20:29:20,start id_fixture,1579747254,
2026-07-16 20:29:21,ok id,1579747254,9
2026-07-16 20:29:35,start id_fixture,1579747243,
2026-07-16 20:29:37,ok id,1579747243,9
2026-07-16 20:29:51,start id_fixture,1579747245,
2026-07-16 20:29:52,ok id,1579747245,9
2026-07-16 20:30:07,start id_fixture,1579747255,
2026-07-16 20:30:08,ok id,1579747255,9
2026-07-16 20:30:48,start id_fixture,1580147778,
2026-07-16 20:30:49,ok id,1580147778,9
2026-07-16 20:31:26,start id_fixture,1580147762,
2026-07-16 20:31:27,ok id,1580147762,9
2026-07-16 20:31:49,start id_fixture,1580147758,
2026-07-16 20:31:51,ok id,1580147758,9
2026-07-16 20:32:33,start id_fixture,1580147763,
2026-07-16 20:32:34,ok id,1580147763,9
2026-07-16 20:33:22,start id_fixture,1580147776,
2026-07-16 20:33:24,ok id,1580147776,9
2026-07-16 20:33:43,start id_fixture,1580147764,
2026-07-16 20:33:44,ok id,1580147764,9
2026-07-16 20:33:58,start id_fixture,1580147759,
2026-07-16 20:33:59,ok id,1580147759,9
2026-07-16 20:34:16,start id_fixture,1580147761,
2026-07-16 20:34:17,ok id,1580147761,9
2026-07-16 20:34:45,start id_fixture,1580710696,
2026-07-16 20:34:47,ok id,1580710696,9
2026-07-16 20:35:19,start id_fixture,1580710699,
2026-07-16 20:35:20,ok id,1580710699,9
2026-07-16 20:35:33,start id_fixture,1580710707,
2026-07-16 20:35:34,ok id,1580710707,9
2026-07-16 20:36:10,start id_fixture,1580710693,
2026-07-16 20:36:11,ok id,1580710693,9
2026-07-16 20:36:29,start id_fixture,1580710692,
2026-07-16 20:36:31,ok id,1580710692,9
2026-07-16 20:36:48,start id_fixture,1580710715,
2026-07-16 20:36:49,ok id,1580710715,9
2026-07-16 20:37:06,start id_fixture,1580710710,
2026-07-16 20:37:07,ok id,1580710710,9
2026-07-16 20:37:19,start id_fixture,1580710708,
2026-07-16 20:37:20,ok id,1580710708,9
2026-07-16 20:37:49,start id_fixture,1580710690,
2026-07-16 20:37:51,ok id,1580710690,9
2026-07-16 20:38:21,start id_fixture,1581151963,
2026-07-16 20:38:23,ok id,1581151963,9
2026-07-16 20:38:51,start id_fixture,1581151959,
2026-07-16 20:38:52,ok id,1581151959,9
2026-07-16 20:39:13,start id_fixture,1581151948,
2026-07-16 20:39:14,ok id,1581151948,9
2026-07-16 20:40:10,start id_fixture,1581151960,
2026-07-16 20:40:11,ok id,1581151960,9
2026-07-16 20:40:24,start id_fixture,1581151945,
2026-07-16 20:40:25,ok id,1581151945,9
2026-07-16 20:40:36,start id_fixture,1581151961,
2026-07-16 20:40:37,ok id,1581151961,9
2026-07-16 20:40:47,start id_fixture,1581151958,
2026-07-16 20:40:48,ok id,1581151958,9
2026-07-16 20:41:00,start id_fixture,1581151967,
2026-07-16 20:41:01,ok id,1581151967,9
2026-07-16 20:41:37,start id_fixture,1581559783,
2026-07-16 20:41:38,ok id,1581559783,9
2026-07-16 20:42:08,start id_fixture,1581559761,
2026-07-16 20:42:10,ok id,1581559761,9
2026-07-16 20:42:22,start id_fixture,1581559759,
2026-07-16 20:42:23,ok id,1581559759,9
2026-07-16 20:43:00,start id_fixture,1581559751,
2026-07-16 20:43:01,ok id,1581559751,9
2026-07-16 20:43:13,start id_fixture,1581559754,
2026-07-16 20:43:14,ok id,1581559754,9
2026-07-16 20:43:27,start id_fixture,1581559780,
2026-07-16 20:43:28,ok id,1581559780,9
2026-07-16 20:43:39,start id_fixture,1581559756,
2026-07-16 20:43:40,ok id,1581559756,9
2026-07-16 20:43:49,start id_fixture,1581559755,
2026-07-16 20:43:51,ok id,1581559755,9
2026-07-16 20:44:04,start id_fixture,1581559753,
2026-07-16 20:44:05,ok id,1581559753,9
2026-07-16 20:44:39,start id_fixture,1579259231,
2026-07-16 20:44:40,ok id,1579259231,9
2026-07-16 20:45:03,start id_fixture,1582046701,
2026-07-16 20:45:04,ok id,1582046701,9
2026-07-16 20:45:29,start id_fixture,1582046733,
2026-07-16 20:45:30,ok id,1582046733,9
2026-07-16 20:45:40,start id_fixture,1582046702,
2026-07-16 20:45:42,ok id,1582046702,9
2026-07-16 20:51:07,start id_fixture,1582046712,
2026-07-16 20:51:08,ok id,1582046712,9
2026-07-16 20:51:21,start id_fixture,1582046738,
2026-07-16 20:51:23,ok id,1582046738,9
2026-07-16 20:51:33,start id_fixture,1582046707,
2026-07-16 20:51:34,ok id,1582046707,9
2026-07-16 20:51:47,start id_fixture,1582046721,
2026-07-16 20:51:49,ok id,1582046721,9
2026-07-16 20:52:00,start id_fixture,1582046713,
2026-07-16 20:52:01,ok id,1582046713,9
2026-07-16 20:52:13,start id_fixture,1582046723,
2026-07-16 20:52:14,ok id,1582046723,9
2026-07-16 21:35:45,start id_fixture,1582615826,
2026-07-16 21:35:46,ok id,1582615826,9
2026-07-16 21:36:20,start id_fixture,1582615825,
2026-07-16 21:36:21,ok id,1582615825,9
2026-07-16 21:36:51,start id_fixture,1582578079,
2026-07-16 21:36:52,ok id,1582578079,9
2026-07-16 21:37:27,start id_fixture,1582578077,
2026-07-16 21:37:29,ok id,1582578077,9
2026-07-16 21:37:39,start id_fixture,1582578064,
2026-07-16 21:37:40,ok id,1582578064,9
2026-07-16 21:38:22,start id_fixture,1582578085,
2026-07-16 21:38:23,ok id,1582578085,9
2026-07-16 21:38:36,start id_fixture,1582578091,
2026-07-16 21:38:37,ok id,1582578091,9
2026-07-16 21:38:50,start id_fixture,1582578060,
2026-07-16 21:38:52,ok id,1582578060,9
2026-07-16 21:39:05,start id_fixture,1582578069,
2026-07-16 21:39:07,ok id,1582578069,9
2026-07-16 21:39:19,start id_fixture,1582578061,
2026-07-16 21:39:20,ok id,1582578061,9
2026-07-16 21:39:41,start id_fixture,1582578067,
2026-07-16 21:39:42,ok id,1582578067,9
2026-07-16 21:40:15,start id_fixture,1582948871,
2026-07-16 21:40:16,ok id,1582948871,9
2026-07-16 21:40:57,start id_fixture,1582948863,
2026-07-16 21:40:58,ok id,1582948863,9
2026-07-16 21:41:09,start id_fixture,1582948870,
2026-07-16 21:41:10,ok id,1582948870,9
2026-07-16 21:41:47,start id_fixture,1582948862,
2026-07-16 21:41:49,ok id,1582948862,9
2026-07-16 21:41:59,start id_fixture,1582948864,
2026-07-16 21:42:00,ok id,1582948864,9
2026-07-16 21:42:10,start id_fixture,1582948872,
2026-07-16 21:42:12,ok id,1582948872,9
2026-07-16 21:42:23,start id_fixture,1582948875,
2026-07-16 21:42:24,ok id,1582948875,9
2026-07-16 21:42:36,start id_fixture,1582948869,
2026-07-16 21:42:37,ok id,1582948869,9
2026-07-16 21:42:49,start id_fixture,1582948865,
2026-07-16 21:42:51,ok id,1582948865,9
2026-07-16 21:44:59,start id_fixture,1583274810,
2026-07-16 21:45:00,ok id,1583274810,9
2026-07-16 21:45:12,start id_fixture,1583274807,
2026-07-16 21:45:13,ok id,1583274807,9
2026-07-16 21:45:39,start id_fixture,386769,
2026-07-16 21:45:41,userbet error id,386769,
2026-07-16 21:46:14,start id_fixture,1583274812,
2026-07-16 21:46:15,ok id,1583274812,9
2026-07-16 21:47:02,start id_fixture,1583274811,
2026-07-16 21:47:03,ok id,1583274811,9
2026-07-16 21:50:31,start id_fixture,1583274805,
2026-07-16 21:50:32,ok id,1583274805,9
2026-07-16 21:50:44,start id_fixture,1583274809,
2026-07-16 21:50:45,ok id,1583274809,9
2026-07-16 21:51:00,start id_fixture,1583274808,
2026-07-16 21:51:01,ok id,1583274808,9
2026-07-16 21:51:12,start id_fixture,1583274804,
2026-07-16 21:51:14,ok id,1583274804,9
2026-07-16 21:51:59,start id_fixture,1583879758,
2026-07-16 21:52:01,ok id,1583879758,9
2026-07-16 21:52:40,start id_fixture,1583582532,
2026-07-16 21:52:41,ok id,1583582532,9
2026-07-16 21:52:54,start id_fixture,1583582525,
2026-07-16 21:52:55,ok id,1583582525,9
2026-07-16 21:53:37,start id_fixture,1583582516,
2026-07-16 21:53:39,ok id,1583582516,9
2026-07-16 21:53:48,start id_fixture,1583582522,
2026-07-16 21:53:49,ok id,1583582522,9
2026-07-16 21:53:59,start id_fixture,1583582537,
2026-07-16 21:54:00,ok id,1583582537,9
2026-07-16 21:54:12,start id_fixture,1583582523,
2026-07-16 21:54:12,ok id,1583582523,9
2026-07-16 21:54:24,start id_fixture,1583582535,
2026-07-16 21:54:26,ok id,1583582535,9
2026-07-16 21:54:36,start id_fixture,1583582536,
2026-07-16 21:54:37,ok id,1583582536,9
2026-07-16 21:55:07,start id_fixture,1583986882,
2026-07-16 21:55:08,ok id,1583986882,9
2026-07-16 21:56:26,start id_fixture,1583986866,
2026-07-16 21:56:27,ok id,1583986866,9
2026-07-16 21:56:39,start id_fixture,1583986884,
2026-07-16 21:56:41,ok id,1583986884,9
2026-07-16 21:57:13,start id_fixture,1583986883,
2026-07-16 21:57:14,ok id,1583986883,9
2026-07-16 21:57:29,start id_fixture,1583986875,
2026-07-16 21:57:30,ok id,1583986875,9
2026-07-16 21:57:43,start id_fixture,1583986885,
2026-07-16 21:57:44,ok id,1583986885,9
2026-07-16 21:57:56,start id_fixture,1583986876,
2026-07-16 21:57:57,ok id,1583986876,9
2026-07-16 21:58:07,start id_fixture,1583986867,
2026-07-16 21:58:07,ok id,1583986867,9
2026-07-16 21:58:17,start id_fixture,1583986877,
2026-07-16 21:58:19,ok id,1583986877,9
2026-07-16 21:59:02,start id_fixture,1584600784,
2026-07-16 21:59:03,ok id,1584600784,9
2026-07-16 22:01:12,start id_fixture,1584600786,
2026-07-16 22:01:13,ok id,1584600786,9
2026-07-16 22:01:24,start id_fixture,1584600782,
2026-07-16 22:01:25,ok id,1584600782,9
2026-07-16 22:01:57,start id_fixture,1584610490,
2026-07-16 22:01:58,ok id,1584610490,9
2026-07-16 22:02:08,start id_fixture,1584610488,
2026-07-16 22:02:09,ok id,1584610488,9
2026-07-16 22:02:23,start id_fixture,1584600789,
2026-07-16 22:02:24,ok id,1584600789,9
2026-07-16 22:02:33,start id_fixture,1584600788,
2026-07-16 22:02:34,ok id,1584600788,9
2026-07-16 22:02:44,start id_fixture,1584600787,
2026-07-16 22:02:45,ok id,1584600787,9
2026-07-16 22:02:59,start id_fixture,1584600781,
2026-07-16 22:03:00,ok id,1584600781,9
2026-07-16 22:03:30,start id_fixture,1584906524,
2026-07-16 22:03:31,ok id,1584906524,9
2026-07-16 22:03:57,start id_fixture,1584906540,
2026-07-16 22:03:58,ok id,1584906540,9
2026-07-16 22:04:08,start id_fixture,1584906538,
2026-07-16 22:04:09,ok id,1584906538,9
2026-07-16 22:05:16,start id_fixture,1584906537,
2026-07-16 22:05:17,ok id,1584906537,9
2026-07-16 22:05:34,start id_fixture,1584906522,
2026-07-16 22:05:35,ok id,1584906522,9
2026-07-16 22:05:54,start id_fixture,1584906525,
2026-07-16 22:05:55,ok id,1584906525,9
2026-07-16 22:06:11,start id_fixture,1584906532,
2026-07-16 22:06:12,ok id,1584906532,9
2026-07-16 22:06:23,start id_fixture,1584906543,
2026-07-16 22:06:24,ok id,1584906543,9
2026-07-16 22:06:38,start id_fixture,1584906523,
2026-07-16 22:06:39,ok id,1584906523,9
2026-07-16 22:07:04,start id_fixture,1585238540,
2026-07-16 22:07:05,ok id,1585238540,9
2026-07-16 22:07:55,start id_fixture,1585238554,
2026-07-16 22:07:56,ok id,1585238554,9
2026-07-16 22:08:12,start id_fixture,1585238557,
2026-07-16 22:08:13,ok id,1585238557,9
2026-07-16 22:08:59,start id_fixture,1585238530,
2026-07-16 22:09:01,ok id,1585238530,9
2026-07-16 22:09:18,start id_fixture,1585238529,
2026-07-16 22:09:20,ok id,1585238529,9
2026-07-16 22:09:35,start id_fixture,1585238556,
2026-07-16 22:09:36,ok id,1585238556,9
2026-07-16 22:10:18,start id_fixture,1585238531,
2026-07-16 22:10:19,ok id,1585238531,9
2026-07-16 22:10:37,start id_fixture,1585238552,
2026-07-16 22:10:39,ok id,1585238552,9
2026-07-16 22:10:52,start id_fixture,1585238561,
2026-07-16 22:10:53,ok id,1585238561,9
2026-07-16 22:11:38,start id_fixture,1585583136,
2026-07-16 22:11:39,ok id,1585583136,9
2026-07-16 22:12:19,start id_fixture,1585583142,
2026-07-16 22:12:21,ok id,1585583142,9
2026-07-16 22:12:59,start id_fixture,1585583120,
2026-07-16 22:13:00,ok id,1585583120,9
2026-07-16 22:14:00,start id_fixture,1585583134,
2026-07-16 22:14:01,ok id,1585583134,9
2026-07-16 22:14:15,start id_fixture,1585583147,
2026-07-16 22:14:17,ok id,1585583147,9
2026-07-16 22:14:29,start id_fixture,1585583131,
2026-07-16 22:14:30,ok id,1585583131,9
2026-07-16 22:14:44,start id_fixture,1585583123,
2026-07-16 22:14:45,ok id,1585583123,9
2026-07-16 22:15:00,start id_fixture,1585583148,
2026-07-16 22:15:01,ok id,1585583148,9
2026-07-16 22:15:16,start id_fixture,1585583135,
2026-07-16 22:15:17,ok id,1585583135,9
2026-07-16 22:15:45,start id_fixture,1586009302,
2026-07-16 22:15:46,ok id,1586009302,9
2026-07-16 22:16:16,start id_fixture,1586009300,
2026-07-16 22:16:18,ok id,1586009300,9
2026-07-16 22:16:30,start id_fixture,1586009317,
2026-07-16 22:16:31,ok id,1586009317,9
2026-07-16 22:16:59,start id_fixture,1586009314,
2026-07-16 22:17:01,ok id,1586009314,9
2026-07-16 22:17:11,start id_fixture,1586009315,
2026-07-16 22:17:12,ok id,1586009315,9
2026-07-16 22:17:23,start id_fixture,1586009304,
2026-07-16 22:17:24,ok id,1586009304,9
2026-07-16 22:17:43,start id_fixture,1586009301,
2026-07-16 22:17:44,ok id,1586009301,9
2026-07-16 22:18:03,start id_fixture,1586009299,
2026-07-16 22:18:04,ok id,1586009299,9
2026-07-16 22:18:15,start id_fixture,1586009313,
2026-07-16 22:18:17,ok id,1586009313,9
2026-07-16 22:24:20,start id_fixture,1586426172,
2026-07-16 22:24:22,ok id,1586426172,9
2026-07-16 22:24:51,start id_fixture,1586426158,
2026-07-16 22:24:52,ok id,1586426158,9
2026-07-16 22:25:04,start id_fixture,1586426147,
2026-07-16 22:25:05,ok id,1586426147,9
2026-07-16 22:26:23,start id_fixture,1586426174,
2026-07-16 22:26:24,ok id,1586426174,9
2026-07-16 22:26:37,start id_fixture,1586426149,
2026-07-16 22:26:38,ok id,1586426149,9
2026-07-16 22:26:52,start id_fixture,1586426178,
2026-07-16 22:26:53,ok id,1586426178,9
2026-07-16 22:27:03,start id_fixture,1586426167,
2026-07-16 22:27:04,ok id,1586426167,9
2026-07-16 22:27:18,start id_fixture,1586426148,
2026-07-16 22:27:19,ok id,1586426148,9
2026-07-16 22:27:36,start id_fixture,1586426156,
2026-07-16 22:27:37,ok id,1586426156,9
2026-07-16 22:28:12,start id_fixture,1586889887,
2026-07-16 22:28:13,ok id,1586889887,9
2026-07-16 22:28:43,start id_fixture,1586889871,
2026-07-16 22:28:44,ok id,1586889871,9
2026-07-16 22:28:54,start id_fixture,1586889869,
2026-07-16 22:28:55,ok id,1586889869,9
2026-07-16 22:30:59,start id_fixture,1586889885,
2026-07-16 22:31:00,ok id,1586889885,9
2026-07-16 22:31:15,start id_fixture,1586889889,
2026-07-16 22:31:16,ok id,1586889889,9
2026-07-16 22:31:41,start id_fixture,1586889872,
2026-07-16 22:31:42,ok id,1586889872,9
2026-07-16 22:31:53,start id_fixture,1586889888,
2026-07-16 22:31:54,ok id,1586889888,9
2026-07-16 22:32:07,start id_fixture,1586889879,
2026-07-16 22:32:08,ok id,1586889879,9
2026-07-16 22:32:19,start id_fixture,1586889884,
2026-07-16 22:32:20,ok id,1586889884,9
2026-07-16 22:33:06,start id_fixture,1587358329,
2026-07-16 22:33:07,ok id,1587358329,9
2026-07-16 22:33:46,start id_fixture,1587358323,
2026-07-16 22:33:47,ok id,1587358323,9
2026-07-16 22:33:58,start id_fixture,1587358324,
2026-07-16 22:34:00,ok id,1587358324,9
2026-07-16 22:36:16,start id_fixture,1587358332,
2026-07-16 22:36:17,ok id,1587358332,9
2026-07-16 22:36:29,start id_fixture,1587358325,
2026-07-16 22:36:31,ok id,1587358325,9
2026-07-16 22:36:41,start id_fixture,1587358330,
2026-07-16 22:36:42,ok id,1587358330,9
2026-07-16 22:36:51,start id_fixture,1587358331,
2026-07-16 22:36:52,ok id,1587358331,9
2026-07-16 22:37:04,start id_fixture,1587358328,
2026-07-16 22:37:06,ok id,1587358328,9
2026-07-16 22:37:18,start id_fixture,1587358326,
2026-07-16 22:37:20,ok id,1587358326,9
2026-07-16 23:03:05,start id_fixture,1587775849,
2026-07-16 23:03:06,ok id,1587775849,9
2026-07-16 23:03:47,start id_fixture,1587775857,
2026-07-16 23:03:48,ok id,1587775857,9
2026-07-16 23:04:00,start id_fixture,1587775843,
2026-07-16 23:04:01,ok id,1587775843,9
2026-07-16 23:10:35,start id_fixture,1587775839,
2026-07-16 23:10:37,ok id,1587775839,9
2026-07-16 23:10:45,start id_fixture,1587775840,
2026-07-16 23:10:47,ok id,1587775840,9
2026-07-16 23:10:58,start id_fixture,1587775854,
2026-07-16 23:10:59,ok id,1587775854,9
2026-07-16 23:11:11,start id_fixture,1587775847,
2026-07-16 23:11:12,ok id,1587775847,9
2026-07-16 23:11:23,start id_fixture,1587775844,
2026-07-16 23:11:24,ok id,1587775844,9
2026-07-16 23:11:36,start id_fixture,1587775848,
2026-07-16 23:11:37,ok id,1587775848,9
2026-07-16 23:12:20,start id_fixture,1588520537,
2026-07-16 23:12:21,ok id,1588520537,9
2026-07-16 23:13:58,start id_fixture,1588520536,
2026-07-16 23:14:00,ok id,1588520536,9
2026-07-16 23:14:11,start id_fixture,1588520543,
2026-07-16 23:14:12,ok id,1588520543,9
2026-07-16 23:14:48,start id_fixture,1588520533,
2026-07-16 23:14:49,ok id,1588520533,9
2026-07-16 23:15:02,start id_fixture,1588520538,
2026-07-16 23:15:03,ok id,1588520538,9
2026-07-16 23:15:15,start id_fixture,1588520532,
2026-07-16 23:15:16,ok id,1588520532,9
2026-07-16 23:16:07,start id_fixture,1589054660,
2026-07-16 23:16:08,ok id,1589054660,9
2026-07-16 23:16:41,start id_fixture,1589054664,
2026-07-16 23:16:42,ok id,1589054664,9
2026-07-16 23:16:56,start id_fixture,1589054682,
2026-07-16 23:16:57,ok id,1589054682,9
2026-07-16 23:17:39,start id_fixture,1589054661,
2026-07-16 23:17:40,ok id,1589054661,9
2026-07-16 23:25:31,start id_fixture,1589054672,
2026-07-16 23:25:32,ok id,1589054672,9
2026-07-16 23:25:44,start id_fixture,1589054659,
2026-07-16 23:25:45,ok id,1589054659,9
2026-07-16 23:26:00,start id_fixture,1589054658,
2026-07-16 23:26:01,ok id,1589054658,9
2026-07-16 23:26:18,start id_fixture,1589054674,
2026-07-16 23:26:19,ok id,1589054674,9
2026-07-16 23:27:37,start id_fixture,1589566250,
2026-07-16 23:27:38,ok id,1589566250,9
2026-07-16 23:27:48,start id_fixture,1589566237,
2026-07-16 23:27:49,ok id,1589566237,9
2026-07-16 23:27:59,start id_fixture,1589566252,
2026-07-16 23:28:01,ok id,1589566252,9
2026-07-16 23:28:24,start id_fixture,1589566242,
2026-07-16 23:28:25,ok id,1589566242,9
2026-07-16 23:37:39,start id_fixture,1589566238,
2026-07-16 23:37:40,ok id,1589566238,9
2026-07-16 23:38:18,start id_fixture,1589566241,
2026-07-16 23:38:19,ok id,1589566241,9
2026-07-16 23:38:31,start id_fixture,1589566245,
2026-07-16 23:38:32,ok id,1589566245,9
2026-07-16 23:38:43,start id_fixture,1589566240,
2026-07-16 23:38:44,ok id,1589566240,9
2026-07-16 23:39:04,start id_fixture,1589566253,
2026-07-16 23:39:06,ok id,1589566253,9
2026-07-16 23:39:17,start id_fixture,1589566251,
2026-07-16 23:39:17,ok id,1589566251,9
2026-07-16 23:39:29,start id_fixture,1589566247,
2026-07-16 23:39:30,ok id,1589566247,9
2026-07-16 23:39:47,start id_fixture,1589566239,
2026-07-16 23:39:48,ok id,1589566239,9
2026-07-16 23:40:25,start id_fixture,1590198799,
2026-07-16 23:40:26,ok id,1590198799,9
2026-07-16 23:40:40,start id_fixture,1590187418,
2026-07-16 23:40:41,ok id,1590187418,9
2026-07-16 23:41:20,start id_fixture,1590283970,
2026-07-16 23:41:21,ok id,1590283970,9
2026-07-16 23:41:33,start id_fixture,1590276825,
2026-07-16 23:41:34,ok id,1590276825,9
2026-07-16 23:41:48,start id_fixture,1590263510,
2026-07-16 23:41:49,ok id,1590263510,9
2026-07-16 23:42:00,start id_fixture,1590247403,
2026-07-16 23:42:02,ok id,1590247403,9
2026-07-16 23:42:30,start id_fixture,1590321098,
2026-07-16 23:42:31,ok id,1590321098,9
2026-07-16 23:43:30,start id_fixture,1590563820,
2026-07-16 23:43:31,ok id,1590563820,9
2026-07-16 23:43:45,start id_fixture,1590563826,
2026-07-16 23:43:46,ok id,1590563826,9
2026-07-16 23:49:03,start id_fixture,1590563827,
2026-07-16 23:49:04,ok id,1590563827,9
2026-07-16 23:49:15,start id_fixture,1590563853,
2026-07-16 23:49:16,ok id,1590563853,9
2026-07-16 23:49:35,start id_fixture,1590563818,
2026-07-16 23:49:36,ok id,1590563818,9
2026-07-16 23:49:47,start id_fixture,1590563817,
2026-07-16 23:49:48,ok id,1590563817,9
2026-07-16 23:50:04,start id_fixture,1590563825,
2026-07-16 23:50:05,ok id,1590563825,9
2026-07-16 23:50:17,start id_fixture,1590563806,
2026-07-16 23:50:18,ok id,1590563806,9
2026-07-16 23:50:31,start id_fixture,1590563839,
2026-07-16 23:50:32,ok id,1590563839,9
2026-07-16 23:51:05,start id_fixture,1591018813,
2026-07-16 23:51:06,ok id,1591018813,9
2026-07-16 23:51:18,start id_fixture,1591018816,
2026-07-16 23:51:19,ok id,1591018816,9
2026-07-16 23:51:56,start id_fixture,1591234406,
2026-07-16 23:51:57,ok id,1591234406,9
2026-07-16 23:52:24,start id_fixture,1591234404,
2026-07-16 23:52:25,ok id,1591234404,9
2026-07-16 23:52:45,start id_fixture,1591234401,
2026-07-16 23:52:46,ok id,1591234401,9
2026-07-16 23:52:58,start id_fixture,1591234410,
2026-07-16 23:52:59,ok id,1591234410,9
2026-07-16 23:53:12,start id_fixture,1591300250,
2026-07-16 23:53:13,ok id,1591300250,9
2026-07-16 23:53:24,start id_fixture,1591234409,
2026-07-16 23:53:24,ok id,1591234409,9
2026-07-16 23:53:37,start id_fixture,1591234403,
2026-07-16 23:53:39,ok id,1591234403,9
2026-07-16 23:54:04,start id_fixture,1591234402,
2026-07-16 23:54:05,ok id,1591234402,9
2026-07-16 23:54:24,start id_fixture,1591234407,
2026-07-16 23:54:25,ok id,1591234407,9
2026-07-16 23:55:50,start id_fixture,1593534682,
2026-07-16 23:55:51,ok id,1593534682,9
2026-07-16 23:56:06,start id_fixture,1593534674,
2026-07-16 23:56:07,ok id,1593534674,9
2026-07-16 23:56:17,start id_fixture,1593534679,
2026-07-16 23:56:18,ok id,1593534679,9
2026-07-16 23:56:33,start id_fixture,1593534686,
2026-07-16 23:56:34,ok id,1593534686,9
2026-07-16 23:58:13,start id_fixture,1593534687,
2026-07-16 23:58:14,ok id,1593534687,9
2026-07-16 23:58:28,start id_fixture,1593534678,
2026-07-16 23:58:29,ok id,1593534678,9
2026-07-16 23:58:42,start id_fixture,1593534677,
2026-07-16 23:58:43,ok id,1593534677,9
2026-07-16 23:58:57,start id_fixture,1593534685,
2026-07-16 23:58:58,ok id,1593534685,9
2026-07-16 23:59:41,start id_fixture,1593534680,
2026-07-16 23:59:42,ok id,1593534680,9
2026-07-16 23:59:59,start id_fixture,1593534681,
2026-07-17 00:00:00,ok id,1593534681,9
2026-07-17 00:00:35,start id_fixture,1594957445,
2026-07-17 00:00:36,ok id,1594957445,9
2026-07-17 00:00:47,start id_fixture,1594957434,
2026-07-17 00:00:48,ok id,1594957434,9
2026-07-17 00:00:59,start id_fixture,1594957440,
2026-07-17 00:01:00,ok id,1594957440,9
2026-07-17 00:01:10,start id_fixture,1594957406,
2026-07-17 00:01:11,ok id,1594957406,9
2026-07-17 00:01:43,start id_fixture,1594957442,
2026-07-17 00:01:44,ok id,1594957442,9
2026-07-17 00:01:56,start id_fixture,1594957402,
2026-07-17 00:01:56,ok id,1594957402,9
2026-07-17 00:02:09,start id_fixture,1594957439,
2026-07-17 00:02:09,ok id,1594957439,9
2026-07-17 00:02:22,start id_fixture,1594957448,
2026-07-17 00:02:23,ok id,1594957448,9
2026-07-17 00:03:07,start id_fixture,1594957432,
2026-07-17 00:03:08,ok id,1594957432,9
2026-07-17 00:03:25,start id_fixture,1594957428,
2026-07-17 00:03:26,ok id,1594957428,9
2026-07-17 00:03:53,start id_fixture,1594957412,
2026-07-17 00:03:54,ok id,1594957412,9
2026-07-17 00:04:04,start id_fixture,1594957423,
2026-07-17 00:04:05,ok id,1594957423,9
2026-07-17 00:04:37,start id_fixture,1594957433,
2026-07-17 00:04:38,ok id,1594957433,9
2026-07-17 00:04:49,start id_fixture,1594957422,
2026-07-17 00:04:50,ok id,1594957422,9
2026-07-17 00:05:00,start id_fixture,1594957417,
2026-07-17 00:05:01,ok id,1594957417,9
2026-07-17 00:05:12,start id_fixture,1594957443,
2026-07-17 00:05:13,ok id,1594957443,9
2026-07-17 00:05:49,start id_fixture,1594957424,
2026-07-17 00:05:50,ok id,1594957424,9
2026-07-17 00:06:01,start id_fixture,1594957415,
2026-07-17 00:06:02,ok id,1594957415,9
2026-07-17 00:06:12,start id_fixture,1594957426,
2026-07-17 00:06:13,ok id,1594957426,9
2026-07-17 00:06:24,start id_fixture,1594957425,
2026-07-17 00:06:25,ok id,1594957425,9
2026-07-17 00:07:06,start id_fixture,1596236274,
2026-07-17 00:07:07,ok id,1596236274,9
2026-07-17 00:07:22,start id_fixture,1596236297,
2026-07-17 00:07:23,ok id,1596236297,9
2026-07-17 00:07:36,start id_fixture,1596236277,
2026-07-17 00:07:37,ok id,1596236277,9
2026-07-17 00:08:17,start id_fixture,1596236314,
2026-07-17 00:08:18,ok id,1596236314,9
2026-07-17 00:08:30,start id_fixture,1596236319,
2026-07-17 00:08:31,ok id,1596236319,9
2026-07-17 00:08:44,start id_fixture,1596236273,
2026-07-17 00:08:45,ok id,1596236273,9
2026-07-17 00:08:55,start id_fixture,1596236306,
2026-07-17 00:08:56,ok id,1596236306,9
2026-07-17 00:09:14,start id_fixture,1596236290,
2026-07-17 00:09:15,ok id,1596236290,9
2026-07-17 00:09:53,start id_fixture,1596236292,
2026-07-17 00:09:54,ok id,1596236292,9
2026-07-17 00:10:10,start id_fixture,1596236276,
2026-07-17 00:10:11,ok id,1596236276,9
2026-07-17 00:10:53,start id_fixture,1596738249,
2026-07-17 00:10:54,ok id,1596738249,9
2026-07-17 00:11:05,start id_fixture,1596782117,
2026-07-17 00:11:06,ok id,1596782117,9
2026-07-17 00:11:37,start id_fixture,1596729517,
2026-07-17 00:11:38,ok id,1596729517,9
2026-07-17 00:11:48,start id_fixture,1596729519,
2026-07-17 00:11:49,ok id,1596729519,9
2026-07-17 00:12:01,start id_fixture,1596748329,
2026-07-17 00:12:02,ok id,1596748329,9
2026-07-17 00:12:37,start id_fixture,1596730907,
2026-07-17 00:12:38,ok id,1596730907,9
2026-07-17 00:12:56,start id_fixture,1596728647,
2026-07-17 00:12:57,ok id,1596728647,9
2026-07-17 00:13:10,start id_fixture,1596729518,
2026-07-17 00:13:11,ok id,1596729518,9
2026-07-17 00:13:25,start id_fixture,1596729611,
2026-07-17 00:13:26,ok id,1596729611,9
2026-07-17 00:15:13,start id_fixture,1596729516,
2026-07-17 00:15:14,ok id,1596729516,9
2026-07-17 00:15:49,start id_fixture,1597182761,
2026-07-17 00:15:50,ok id,1597182761,9
2026-07-17 00:16:29,start id_fixture,1597183637,
2026-07-17 00:16:30,ok id,1597183637,9
2026-07-17 00:16:41,start id_fixture,1597183631,
2026-07-17 00:16:42,ok id,1597183631,9
2026-07-17 00:16:54,start id_fixture,1597183636,
2026-07-17 00:16:55,ok id,1597183636,9
2026-07-17 00:19:04,start id_fixture,1597183638,
2026-07-17 00:19:05,ok id,1597183638,9
2026-07-17 00:19:20,start id_fixture,1597183588,
2026-07-17 00:19:21,ok id,1597183588,9
2026-07-17 00:19:34,start id_fixture,1597183591,
2026-07-17 00:19:35,ok id,1597183591,9
2026-07-17 00:19:50,start id_fixture,1597183594,
2026-07-17 00:19:51,ok id,1597183594,9
2026-07-17 00:20:08,start id_fixture,1597183635,
2026-07-17 00:20:09,ok id,1597183635,9
2026-07-17 00:20:44,start id_fixture,1597183593,
2026-07-17 00:20:45,ok id,1597183593,9
2026-07-17 00:21:15,start id_fixture,1597648677,
2026-07-17 00:21:16,ok id,1597648677,9
2026-07-17 00:21:26,start id_fixture,1597648680,
2026-07-17 00:21:27,ok id,1597648680,9
2026-07-17 00:21:58,start id_fixture,1597648685,
2026-07-17 00:21:59,ok id,1597648685,9
2026-07-17 00:22:11,start id_fixture,1597648699,
2026-07-17 00:22:11,ok id,1597648699,9
2026-07-17 00:22:25,start id_fixture,1597648700,
2026-07-17 00:22:26,ok id,1597648700,9
2026-07-17 00:23:01,start id_fixture,1597648682,
2026-07-17 00:23:02,ok id,1597648682,9
2026-07-17 00:23:13,start id_fixture,1597648681,
2026-07-17 00:23:14,ok id,1597648681,9
2026-07-17 00:23:26,start id_fixture,1597648698,
2026-07-17 00:23:27,ok id,1597648698,9
2026-07-17 00:23:39,start id_fixture,1597648697,
2026-07-17 00:23:40,ok id,1597648697,9
2026-07-17 00:23:52,start id_fixture,1597648701,
2026-07-17 00:23:53,ok id,1597648701,9
2026-07-17 00:28:40,start id_fixture,1598229732,
2026-07-17 00:28:41,ok id,1598229732,9
2026-07-17 00:28:51,start id_fixture,1598229714,
2026-07-17 00:28:53,ok id,1598229714,9
2026-07-17 00:29:05,start id_fixture,1598229726,
2026-07-17 00:29:06,ok id,1598229726,9
2026-07-17 00:29:18,start id_fixture,1598229722,
2026-07-17 00:29:19,ok id,1598229722,9
2026-07-17 00:39:16,start id_fixture,1598229713,
2026-07-17 00:39:17,ok id,1598229713,9
2026-07-17 00:39:40,start id_fixture,1598229727,
2026-07-17 00:39:41,ok id,1598229727,9
2026-07-17 00:39:55,start id_fixture,1598229725,
2026-07-17 00:39:55,ok id,1598229725,9
2026-07-17 00:40:08,start id_fixture,1598229716,
2026-07-17 00:40:09,ok id,1598229716,9
2026-07-17 00:40:26,start id_fixture,1598229730,
2026-07-17 00:40:27,ok id,1598229730,9
2026-07-17 00:41:00,start id_fixture,1598229715,
2026-07-17 00:41:01,ok id,1598229715,9
2026-07-17 00:41:38,start id_fixture,1598711022,
2026-07-17 00:41:39,ok id,1598711022,9
2026-07-17 00:41:55,start id_fixture,1598706400,
2026-07-17 00:41:56,ok id,1598706400,9
2026-07-17 00:42:44,start id_fixture,1598742340,
2026-07-17 00:42:45,ok id,1598742340,9
2026-07-17 00:43:01,start id_fixture,1598742310,
2026-07-17 00:43:01,ok id,1598742310,9
2026-07-17 00:43:48,start id_fixture,1598742343,
2026-07-17 00:43:49,ok id,1598742343,9
2026-07-17 00:44:01,start id_fixture,1598742306,
2026-07-17 00:44:02,ok id,1598742306,9
2026-07-17 00:44:17,start id_fixture,1598742342,
2026-07-17 00:44:18,ok id,1598742342,9
2026-07-17 00:44:30,start id_fixture,1598742297,
2026-07-17 00:44:31,ok id,1598742297,9
2026-07-17 00:44:43,start id_fixture,1598742311,
2026-07-17 00:44:44,ok id,1598742311,9
2026-07-17 00:45:22,start id_fixture,1599267629,
2026-07-17 00:45:23,ok id,1599267629,9
2026-07-17 00:45:36,start id_fixture,1599247382,
2026-07-17 00:45:36,ok id,1599247382,9
2026-07-17 00:45:48,start id_fixture,1599247383,
2026-07-17 00:45:49,ok id,1599247383,9
2026-07-17 00:46:31,start id_fixture,1599289785,
2026-07-17 00:46:32,ok id,1599289785,9
2026-07-17 00:46:44,start id_fixture,1599289793,
2026-07-17 00:46:45,ok id,1599289793,9
2026-07-17 00:46:56,start id_fixture,1599289794,
2026-07-17 00:46:57,ok id,1599289794,9
2026-07-17 00:47:09,start id_fixture,1599289781,
2026-07-17 00:47:10,ok id,1599289781,9
2026-07-17 00:47:43,start id_fixture,1599289779,
2026-07-17 00:47:44,ok id,1599289779,9
2026-07-17 00:47:56,start id_fixture,1599289795,
2026-07-17 00:47:57,ok id,1599289795,9
2026-07-17 00:48:09,start id_fixture,1599289792,
2026-07-17 00:48:10,ok id,1599289792,9
2026-07-17 00:48:51,start id_fixture,1599493100,
2026-07-17 00:48:52,ok id,1599493100,9
2026-07-17 00:49:03,start id_fixture,1599478383,
2026-07-17 00:49:04,ok id,1599478383,9
2026-07-17 00:49:15,start id_fixture,1599456144,
2026-07-17 00:49:16,ok id,1599456144,9
2026-07-17 00:49:54,start id_fixture,1599562091,
2026-07-17 00:49:55,ok id,1599562091,9
2026-07-17 00:50:05,start id_fixture,1599550070,
2026-07-17 00:50:07,ok id,1599550070,9
2026-07-17 00:50:17,start id_fixture,1599534971,
2026-07-17 00:50:17,ok id,1599534971,9
2026-07-17 00:50:29,start id_fixture,1599523751,
2026-07-17 00:50:30,ok id,1599523751,9
2026-07-17 00:57:10,start id_fixture,1599624959,
2026-07-17 00:57:11,ok id,1599624959,9
2026-07-17 00:57:25,start id_fixture,1599613559,
2026-07-17 00:57:26,ok id,1599613559,9
2026-07-17 00:57:40,start id_fixture,1599613562,
2026-07-17 00:57:41,ok id,1599613562,9
2026-07-17 00:58:12,start id_fixture,1599734784,
2026-07-17 00:58:14,ok id,1599734784,9
2026-07-17 00:58:47,start id_fixture,1599734755,
2026-07-17 00:58:48,ok id,1599734755,9
2026-07-17 00:59:23,start id_fixture,1599734787,
2026-07-17 00:59:24,ok id,1599734787,9
2026-07-17 00:59:36,start id_fixture,1599734782,
2026-07-17 00:59:37,ok id,1599734782,9
2026-07-17 00:59:51,start id_fixture,1599734772,
2026-07-17 00:59:52,ok id,1599734772,9
2026-07-17 01:05:39,start id_fixture,1599734756,
2026-07-17 01:05:40,ok id,1599734756,9
2026-07-17 01:05:55,start id_fixture,1599734763,
2026-07-17 01:05:56,ok id,1599734763,9
2026-07-17 01:06:10,start id_fixture,1599734783,
2026-07-17 01:06:11,ok id,1599734783,9
2026-07-17 01:06:23,start id_fixture,1599734775,
2026-07-17 01:06:24,ok id,1599734775,9
2026-07-17 01:06:37,start id_fixture,1599734764,
2026-07-17 01:06:38,ok id,1599734764,9
2026-07-17 01:09:03,start id_fixture,1600190495,
2026-07-17 01:09:04,ok id,1600190495,9
2026-07-17 01:09:20,start id_fixture,1600190476,
2026-07-17 01:09:21,ok id,1600190476,9
2026-07-17 01:09:37,start id_fixture,1600190512,
2026-07-17 01:09:38,ok id,1600190512,9
2026-07-17 01:10:24,start id_fixture,1600190511,
2026-07-17 01:10:24,ok id,1600190511,9
2026-07-17 01:10:36,start id_fixture,1600190494,
2026-07-17 01:10:37,ok id,1600190494,9
2026-07-17 01:10:53,start id_fixture,1600190513,
2026-07-17 01:10:54,ok id,1600190513,9
2026-07-17 01:11:07,start id_fixture,1600190480,
2026-07-17 01:11:08,ok id,1600190480,9
2026-07-17 01:11:20,start id_fixture,1600190506,
2026-07-17 01:11:21,ok id,1600190506,9
2026-07-17 01:11:55,start id_fixture,1600190507,
2026-07-17 01:11:56,ok id,1600190507,9
2026-07-17 01:12:10,start id_fixture,1600190509,
2026-07-17 01:12:11,ok id,1600190509,9
2026-07-17 01:13:13,start id_fixture,1600831710,
2026-07-17 01:13:14,ok id,1600831710,9
2026-07-17 01:13:43,start id_fixture,1600831711,
2026-07-17 01:13:44,ok id,1600831711,9
2026-07-17 01:13:58,start id_fixture,1600831353,
2026-07-17 01:13:59,ok id,1600831353,9
2026-07-17 01:14:10,start id_fixture,1600831352,
2026-07-17 01:14:11,ok id,1600831352,9
2026-07-17 01:15:03,start id_fixture,1600831712,
2026-07-17 01:15:04,ok id,1600831712,9
2026-07-17 01:15:16,start id_fixture,1600831713,
2026-07-17 01:15:17,ok id,1600831713,9
2026-07-17 01:15:29,start id_fixture,1600830076,
2026-07-17 01:15:30,ok id,1600830076,9
2026-07-17 01:15:46,start id_fixture,1600831354,
2026-07-17 01:15:47,ok id,1600831354,9
2026-07-17 01:16:26,start id_fixture,1600831355,
2026-07-17 01:16:27,ok id,1600831355,9
2026-07-17 01:17:09,start id_fixture,1601181895,
2026-07-17 01:17:10,ok id,1601181895,9
2026-07-17 01:17:27,start id_fixture,1601181896,
2026-07-17 01:17:27,ok id,1601181896,9
2026-07-17 01:18:05,start id_fixture,1601181819,
2026-07-17 01:18:06,ok id,1601181819,9
2026-07-17 01:18:17,start id_fixture,1601181894,
2026-07-17 01:18:18,ok id,1601181894,9
2026-07-17 01:18:30,start id_fixture,1601181818,
2026-07-17 01:18:31,ok id,1601181818,9
2026-07-17 01:19:08,start id_fixture,1601182914,
2026-07-17 01:19:09,ok id,1601182914,9
2026-07-17 01:19:22,start id_fixture,1601135944,
2026-07-17 01:19:23,ok id,1601135944,9
2026-07-17 01:19:34,start id_fixture,1601182915,
2026-07-17 01:19:35,ok id,1601182915,9
2026-07-17 01:19:50,start id_fixture,1601181897,
2026-07-17 01:19:51,ok id,1601181897,9
2026-07-17 01:20:23,start id_fixture,1601181817,
2026-07-17 01:20:23,ok id,1601181817,9
2026-07-17 01:20:51,start id_fixture,1601548531,
2026-07-17 01:20:53,ok id,1601548531,9
2026-07-17 01:21:49,start id_fixture,1601545879,
2026-07-17 01:21:50,ok id,1601545879,9
2026-07-17 01:22:04,start id_fixture,1601545878,
2026-07-17 01:22:04,ok id,1601545878,9
2026-07-17 01:22:17,start id_fixture,1601548532,
2026-07-17 01:22:18,ok id,1601548532,9
2026-07-17 01:23:01,start id_fixture,1601547026,
2026-07-17 01:23:02,ok id,1601547026,9
2026-07-17 01:23:15,start id_fixture,1601547025,
2026-07-17 01:23:16,ok id,1601547025,9
2026-07-17 01:23:28,start id_fixture,1601547024,
2026-07-17 01:23:29,ok id,1601547024,9
2026-07-17 01:23:41,start id_fixture,1601545880,
2026-07-17 01:23:42,ok id,1601545880,9
2026-07-17 01:23:56,start id_fixture,1601547023,
2026-07-17 01:23:57,ok id,1601547023,9
2026-07-17 01:24:28,start id_fixture,1601548530,
2026-07-17 01:24:29,ok id,1601548530,9
2026-07-17 01:24:59,start id_fixture,1601910884,
2026-07-17 01:25:00,ok id,1601910884,9
2026-07-17 01:25:36,start id_fixture,1601910888,
2026-07-17 01:25:37,ok id,1601910888,9
2026-07-17 01:25:52,start id_fixture,1601909507,
2026-07-17 01:25:53,ok id,1601909507,9
2026-07-17 01:26:03,start id_fixture,1601910886,
2026-07-17 01:26:04,ok id,1601910886,9
2026-07-17 01:26:46,start id_fixture,1601909506,
2026-07-17 01:26:47,ok id,1601909506,9
2026-07-17 01:27:00,start id_fixture,1601910887,
2026-07-17 01:27:01,ok id,1601910887,9
2026-07-17 01:27:22,start id_fixture,1601909370,
2026-07-17 01:27:23,ok id,1601909370,9
2026-07-17 01:27:35,start id_fixture,1601909369,
2026-07-17 01:27:36,ok id,1601909369,9
2026-07-17 01:28:18,start id_fixture,1601909505,
2026-07-17 01:28:19,ok id,1601909505,9
2026-07-17 01:28:36,start id_fixture,1601910885,
2026-07-17 01:28:37,ok id,1601910885,9
2026-07-17 01:29:17,start id_fixture,1602200730,
2026-07-17 01:29:18,ok id,1602200730,9
2026-07-17 01:29:41,start id_fixture,1602200647,
2026-07-17 01:29:41,ok id,1602200647,9
2026-07-17 01:30:01,start id_fixture,1602200650,
2026-07-17 01:30:02,ok id,1602200650,9
2026-07-17 01:30:31,start id_fixture,1602200729,
2026-07-17 01:30:32,ok id,1602200729,9
2026-07-17 01:30:47,start id_fixture,1602202355,
2026-07-17 01:30:48,ok id,1602202355,9
2026-07-17 01:31:01,start id_fixture,1602202356,
2026-07-17 01:31:02,ok id,1602202356,9
2026-07-17 01:31:18,start id_fixture,1602200646,
2026-07-17 01:31:18,ok id,1602200646,9
2026-07-17 01:32:15,start id_fixture,1602200648,
2026-07-17 01:32:16,ok id,1602200648,9
2026-07-17 01:32:31,start id_fixture,1602200649,
2026-07-17 01:32:32,ok id,1602200649,9
2026-07-17 01:34:40,start id_fixture,1602433812,
2026-07-17 01:34:41,ok id,1602433812,9
2026-07-17 01:34:52,start id_fixture,1602433701,
2026-07-17 01:34:52,ok id,1602433701,9
2026-07-17 01:35:05,start id_fixture,1602435461,
2026-07-17 01:35:06,ok id,1602435461,9
2026-07-17 01:35:41,start id_fixture,1602433700,
2026-07-17 01:35:42,ok id,1602433700,9
2026-07-17 01:35:58,start id_fixture,1602433702,
2026-07-17 01:35:59,ok id,1602433702,9
2026-07-17 01:36:10,start id_fixture,1602433814,
2026-07-17 01:36:11,ok id,1602433814,9
2026-07-17 01:36:28,start id_fixture,1602433815,
2026-07-17 01:36:29,ok id,1602433815,9
2026-07-17 01:36:56,start id_fixture,1602608066,
2026-07-17 01:36:56,ok id,1602608066,9
2026-07-17 01:37:24,start id_fixture,1602608727,
2026-07-17 01:37:25,ok id,1602608727,9
2026-07-17 01:37:38,start id_fixture,1602608734,
2026-07-17 01:37:39,ok id,1602608734,9
2026-07-17 01:37:51,start id_fixture,1602608728,
2026-07-17 01:37:52,ok id,1602608728,9
2026-07-17 01:38:02,start id_fixture,1602608419,
2026-07-17 01:38:03,ok id,1602608419,9
2026-07-17 01:38:29,start id_fixture,1602608430,
2026-07-17 01:38:30,ok id,1602608430,9
2026-07-17 01:38:40,start id_fixture,1602608462,
2026-07-17 01:38:41,ok id,1602608462,9
2026-07-17 01:38:53,start id_fixture,1602608438,
2026-07-17 01:38:54,ok id,1602608438,9
2026-07-17 01:39:07,start id_fixture,1602608726,
2026-07-17 01:39:08,ok id,1602608726,9
2026-07-17 01:39:36,start id_fixture,1602626043,
2026-07-17 01:39:37,ok id,1602626043,9
2026-07-17 01:40:03,start id_fixture,1602764045,
2026-07-17 01:40:04,ok id,1602764045,9
2026-07-17 01:40:15,start id_fixture,1602780568,
2026-07-17 01:40:16,ok id,1602780568,9
2026-07-17 01:41:04,start id_fixture,1602780048,
2026-07-17 01:41:05,ok id,1602780048,9
2026-07-17 01:41:38,start id_fixture,1602780569,
2026-07-17 01:41:39,ok id,1602780569,9
2026-07-17 01:42:09,start id_fixture,1602780572,
2026-07-17 01:42:10,ok id,1602780572,9
2026-07-17 01:42:21,start id_fixture,1602764046,
2026-07-17 01:42:22,ok id,1602764046,9
2026-07-17 01:42:35,start id_fixture,1602764047,
2026-07-17 01:42:35,ok id,1602764047,9
2026-07-17 01:43:36,start id_fixture,1602780050,
2026-07-17 01:43:37,ok id,1602780050,9
2026-07-17 01:43:51,start id_fixture,1602764048,
2026-07-17 01:43:52,ok id,1602764048,9
2026-07-17 01:44:05,start id_fixture,1602780570,
2026-07-17 01:44:06,ok id,1602780570,9
2026-07-17 01:44:18,start id_fixture,1602780571,
2026-07-17 01:44:19,ok id,1602780571,9
2026-07-17 01:44:36,start id_fixture,1602780051,
2026-07-17 01:44:37,ok id,1602780051,9
2026-07-17 01:45:13,start id_fixture,1602780049,
2026-07-17 01:45:13,ok id,1602780049,9
2026-07-17 01:45:52,start id_fixture,1603023324,
2026-07-17 01:45:53,ok id,1603023324,9
2026-07-17 01:51:28,start id_fixture,1603023326,
2026-07-17 01:51:29,ok id,1603023326,9
2026-07-17 01:51:47,start id_fixture,1603024425,
2026-07-17 01:51:48,ok id,1603024425,9
2026-07-17 01:52:03,start id_fixture,1603023325,
2026-07-17 01:52:04,ok id,1603023325,9
2026-07-17 01:52:48,start id_fixture,1603023327,
2026-07-17 01:52:49,ok id,1603023327,9
2026-07-17 01:53:02,start id_fixture,1603019687,
2026-07-17 01:53:03,ok id,1603019687,9
2026-07-17 01:53:15,start id_fixture,1603024423,
2026-07-17 01:53:16,ok id,1603024423,9
2026-07-17 01:53:30,start id_fixture,1603023328,
2026-07-17 01:53:31,ok id,1603023328,9
2026-07-17 01:54:10,start id_fixture,1603024424,
2026-07-17 01:54:11,ok id,1603024424,9
2026-07-17 01:54:24,start id_fixture,1603019688,
2026-07-17 01:54:25,ok id,1603019688,9
2026-07-17 01:55:11,start id_fixture,1603297748,
2026-07-17 01:55:12,ok id,1603297748,9
2026-07-17 02:01:59,start id_fixture,1603297749,
2026-07-17 02:02:00,ok id,1603297749,9
2026-07-17 02:02:16,start id_fixture,1603297751,
2026-07-17 02:02:17,ok id,1603297751,9
2026-07-17 02:02:34,start id_fixture,1603307818,
2026-07-17 02:02:35,ok id,1603307818,9
2026-07-17 02:02:48,start id_fixture,1603297750,
2026-07-17 02:02:49,ok id,1603297750,9
2026-07-17 02:03:31,start id_fixture,1603305569,
2026-07-17 02:03:32,ok id,1603305569,9
2026-07-17 02:03:47,start id_fixture,1603305568,
2026-07-17 02:03:48,ok id,1603305568,9
2026-07-17 02:04:11,start id_fixture,1603297752,
2026-07-17 02:04:12,ok id,1603297752,9
2026-07-17 02:04:25,start id_fixture,1603305570,
2026-07-17 02:04:27,ok id,1603305570,9
2026-07-17 02:05:04,start id_fixture,1603307819,
2026-07-17 02:05:05,ok id,1603307819,9
2026-07-17 02:05:37,start id_fixture,1600830075,
2026-07-17 02:05:38,ok id,1600830075,9
2026-07-17 02:06:10,start id_fixture,1603640968,
2026-07-17 02:06:11,ok id,1603640968,9
2026-07-17 02:07:02,start id_fixture,1603640974,
2026-07-17 02:07:04,ok id,1603640974,9
2026-07-17 02:07:15,start id_fixture,1603639165,
2026-07-17 02:07:16,ok id,1603639165,9
2026-07-17 02:07:31,start id_fixture,1603640970,
2026-07-17 02:07:32,ok id,1603640970,9
2026-07-17 02:08:11,start id_fixture,1603640973,
2026-07-17 02:08:12,ok id,1603640973,9
2026-07-17 02:08:25,start id_fixture,1603640972,
2026-07-17 02:08:26,ok id,1603640972,9
2026-07-17 02:08:40,start id_fixture,1603639167,
2026-07-17 02:08:41,ok id,1603639167,9
2026-07-17 02:08:55,start id_fixture,1603639164,
2026-07-17 02:08:56,ok id,1603639164,9
2026-07-17 02:09:13,start id_fixture,1603640975,
2026-07-17 02:09:14,ok id,1603640975,9
2026-07-17 02:09:45,start id_fixture,1603639166,
2026-07-17 02:09:46,ok id,1603639166,9
2026-07-17 02:10:17,start id_fixture,1603962825,
2026-07-17 02:10:18,ok id,1603962825,9
2026-07-17 02:10:52,start id_fixture,1603962827,
2026-07-17 02:10:53,ok id,1603962827,9
2026-07-17 02:11:04,start id_fixture,1603965938,
2026-07-17 02:11:05,ok id,1603965938,9
2026-07-17 02:11:21,start id_fixture,1603962826,
2026-07-17 02:11:22,ok id,1603962826,9
2026-07-17 02:12:20,start id_fixture,1603965939,
2026-07-17 02:12:21,ok id,1603965939,9
2026-07-17 02:12:41,start id_fixture,1603966491,
2026-07-17 02:12:42,ok id,1603966491,9
2026-07-17 02:12:58,start id_fixture,1603966493,
2026-07-17 02:13:00,ok id,1603966493,9
2026-07-17 02:13:13,start id_fixture,1603965940,
2026-07-17 02:13:14,ok id,1603965940,9
2026-07-17 02:13:35,start id_fixture,1603966492,
2026-07-17 02:13:36,ok id,1603966492,9
2026-07-17 02:14:15,start id_fixture,1603966494,
2026-07-17 02:14:16,ok id,1603966494,9
2026-07-17 02:14:50,start id_fixture,1604310981,
2026-07-17 02:14:51,ok id,1604310981,9
2026-07-17 14:24:53,start id_fixture,1604302842,
2026-07-17 14:24:54,ok id,1604302842,9
2026-07-17 14:25:06,start id_fixture,1604306292,
2026-07-17 14:25:07,ok id,1604306292,9
2026-07-17 14:25:24,start id_fixture,1604302841,
2026-07-17 14:25:25,ok id,1604302841,9
2026-07-17 14:25:36,start id_fixture,1604310982,
2026-07-17 14:25:37,ok id,1604310982,9
2026-07-17 14:26:11,start id_fixture,1604306294,
2026-07-17 14:26:11,ok id,1604306294,9
2026-07-17 14:27:25,start id_fixture,1604302840,
2026-07-17 14:27:26,ok id,1604302840,9
2026-07-17 14:27:41,start id_fixture,1604306295,
2026-07-17 14:27:42,ok id,1604306295,9
2026-07-17 14:27:56,start id_fixture,1604302839,
2026-07-17 14:27:57,ok id,1604302839,9
2026-07-17 14:44:10,start id_fixture,1604306293,
2026-07-17 14:44:11,ok id,1604306293,9
2026-07-17 14:44:41,start id_fixture,1598742334,
2026-07-17 14:44:42,ok id,1598742334,9
2026-07-17 14:46:06,start id_fixture,1604684876,
2026-07-17 14:46:07,ok id,1604684876,9
2026-07-17 14:47:11,start id_fixture,1604677979,
2026-07-17 14:47:13,ok id,1604677979,9
2026-07-17 14:47:21,start id_fixture,1604677976,
2026-07-17 14:47:22,ok id,1604677976,9
2026-07-17 14:47:33,start id_fixture,1604681843,
2026-07-17 14:47:34,ok id,1604681843,9
2026-07-17 14:48:03,start id_fixture,1604677975,
2026-07-17 14:48:04,ok id,1604677975,9
2026-07-17 14:48:15,start id_fixture,1604684875,
2026-07-17 14:48:16,ok id,1604684875,9
2026-07-17 14:48:26,start id_fixture,1604677974,
2026-07-17 14:48:27,ok id,1604677974,9
2026-07-17 14:48:36,start id_fixture,1604684877,
2026-07-17 14:48:37,ok id,1604684877,9
2026-07-17 14:48:53,start id_fixture,1604677978,
2026-07-17 14:48:54,ok id,1604677978,9
2026-07-17 14:50:31,start id_fixture,1604677977,
2026-07-17 14:50:32,ok id,1604677977,9
2026-07-17 14:51:02,start id_fixture,1605060914,
2026-07-17 14:51:03,ok id,1605060914,9
2026-07-17 14:52:01,start id_fixture,1605045347,
2026-07-17 14:52:02,ok id,1605045347,9
2026-07-17 14:52:11,start id_fixture,1605045666,
2026-07-17 14:52:12,ok id,1605045666,9
2026-07-17 14:52:24,start id_fixture,1605039564,
2026-07-17 14:52:25,ok id,1605039564,9
2026-07-17 14:52:37,start id_fixture,1605045664,
2026-07-17 14:52:39,ok id,1605045664,9
2026-07-17 14:54:20,start id_fixture,1605045665,
2026-07-17 14:54:21,ok id,1605045665,9
2026-07-17 14:54:35,start id_fixture,1605045346,
2026-07-17 14:54:36,ok id,1605045346,9
2026-07-17 14:54:48,start id_fixture,1605045345,
2026-07-17 14:54:49,ok id,1605045345,9
2026-07-17 14:55:00,start id_fixture,1605045667,
2026-07-17 14:55:01,ok id,1605045667,9
2026-07-19 15:29:31,start id_fixture,1605045348,
2026-07-19 15:29:32,ok id,1605045348,9
2026-07-19 15:30:15,start id_fixture,1605457424,
2026-07-19 15:30:16,ok id,1605457424,9
2026-07-19 15:30:48,start id_fixture,1605457425,
2026-07-19 15:30:49,ok id,1605457425,9
2026-07-19 15:31:02,start id_fixture,1605452037,
2026-07-19 15:31:03,ok id,1605452037,9
2026-07-19 15:31:15,start id_fixture,1605457422,
2026-07-19 15:31:16,ok id,1605457422,9
2026-07-19 15:31:32,start id_fixture,1605452039,
2026-07-19 15:31:33,ok id,1605452039,9
2026-07-19 15:33:46,start id_fixture,1605452038,
2026-07-19 15:33:47,ok id,1605452038,9
2026-07-19 15:34:01,start id_fixture,1605445633,
2026-07-19 15:34:02,ok id,1605445633,9
2026-07-19 15:34:17,start id_fixture,1605445634,
2026-07-19 15:34:18,ok id,1605445634,9
2026-07-19 15:34:33,start id_fixture,1605452036,
2026-07-19 15:34:34,ok id,1605452036,9
2026-07-19 15:34:47,start id_fixture,1605457423,
2026-07-19 15:34:48,ok id,1605457423,9
2026-07-20 17:06:05,start id_fixture,1605868080,
2026-07-20 17:06:07,ok id,1605868080,9
2026-07-20 17:06:16,start id_fixture,1605867486,
2026-07-20 17:06:17,ok id,1605867486,9
2026-07-20 17:06:29,start id_fixture,1605867487,
2026-07-20 17:06:30,ok id,1605867487,9
2026-07-20 17:06:41,start id_fixture,1605867488,
2026-07-20 17:06:42,ok id,1605867488,9
2026-07-20 17:07:11,start id_fixture,1605868079,
2026-07-20 17:07:13,ok id,1605868079,9
2026-07-20 17:07:24,start id_fixture,1605867490,
2026-07-20 17:07:25,ok id,1605867490,9
2026-07-20 17:07:35,start id_fixture,1605868081,
2026-07-20 17:07:36,ok id,1605868081,9
2026-07-20 17:07:46,start id_fixture,1605863577,
2026-07-20 17:07:47,ok id,1605863577,9
2026-07-20 17:08:12,start id_fixture,1605863576,
2026-07-20 17:08:13,ok id,1605863576,9
2026-07-20 17:08:24,start id_fixture,1605867489,
2026-07-20 17:08:24,ok id,1605867489,9
2026-07-20 17:09:00,start id_fixture,1606360702,
2026-07-20 17:09:01,ok id,1606360702,9
2026-07-20 17:11:32,start id_fixture,1606360701,
2026-07-20 17:11:33,ok id,1606360701,9
2026-07-20 17:11:43,start id_fixture,1606348704,
2026-07-20 17:11:44,ok id,1606348704,9
2026-07-20 17:11:55,start id_fixture,1606341427,
2026-07-20 17:11:56,ok id,1606341427,9
2026-07-20 17:12:54,start id_fixture,1606341430,
2026-07-20 17:12:54,ok id,1606341430,9
2026-07-20 17:13:07,start id_fixture,1606341428,
2026-07-20 17:13:08,ok id,1606341428,9
2026-07-20 17:13:18,start id_fixture,1606348703,
2026-07-20 17:13:19,ok id,1606348703,9
2026-07-20 17:13:30,start id_fixture,1606360700,
2026-07-20 17:13:31,ok id,1606360700,9
2026-07-20 17:13:46,start id_fixture,1606341429,
2026-07-20 17:13:48,ok id,1606341429,9
2026-07-20 17:14:20,start id_fixture,1606348702,
2026-07-20 17:14:22,ok id,1606348702,9
2026-07-20 19:49:15,start id_fixture,1606927620,
2026-07-20 19:49:16,ok id,1606927620,9
2026-07-20 19:50:02,start id_fixture,1606927622,
2026-07-20 19:50:03,ok id,1606927622,9
2026-07-20 19:50:13,start id_fixture,1606927623,
2026-07-20 19:50:14,ok id,1606927623,9
2026-07-20 19:50:26,start id_fixture,1606927125,
2026-07-20 19:50:27,ok id,1606927125,9
2026-07-20 19:51:12,start id_fixture,1606927621,
2026-07-20 19:51:13,ok id,1606927621,9
2026-07-20 19:52:10,start id_fixture,1606927555,
2026-07-20 19:52:11,ok id,1606927555,9
2026-07-20 19:52:27,start id_fixture,1606927559,
2026-07-20 19:52:28,ok id,1606927559,9
2026-07-20 19:52:42,start id_fixture,1606927556,
2026-07-20 19:52:43,ok id,1606927556,9
2026-07-20 19:53:02,start id_fixture,1606927124,
2026-07-20 19:53:03,ok id,1606927124,9
2026-07-20 19:54:40,start id_fixture,1606927129,
2026-07-20 19:54:41,ok id,1606927129,9
2026-07-20 19:54:46,start id_fixture,1606927129,
2026-07-20 19:54:47,ok id,1606927129,9
2026-07-20 19:57:17,start id_fixture,1607270689,
2026-07-20 19:57:18,ok id,1607270689,9
2026-07-20 19:57:38,start id_fixture,1607262248,
2026-07-20 19:57:39,ok id,1607262248,9
2026-07-20 19:57:55,start id_fixture,1607248058,
2026-07-20 19:57:56,ok id,1607248058,9
2026-07-20 20:06:13,start id_fixture,1607361164,
2026-07-20 20:06:14,ok id,1607361164,9
2026-07-20 20:06:28,start id_fixture,1607349334,
2026-07-20 20:06:29,ok id,1607349334,9
2026-07-20 20:06:40,start id_fixture,1607336624,
2026-07-20 20:06:41,ok id,1607336624,9
2026-07-20 20:07:40,start id_fixture,1607405225,
2026-07-20 20:07:41,ok id,1607405225,9
2026-07-20 20:08:00,start id_fixture,1607405224,
2026-07-20 20:08:01,ok id,1607405224,9
2026-07-20 20:08:20,start id_fixture,1607405226,
2026-07-20 20:08:21,ok id,1607405226,9
2026-07-20 20:08:33,start id_fixture,1607405411,
2026-07-20 20:08:34,ok id,1607405411,9
2026-07-20 20:09:31,start id_fixture,1607822061,
2026-07-20 20:09:32,ok id,1607822061,9
2026-07-20 20:09:47,start id_fixture,1607822057,
2026-07-20 20:09:48,ok id,1607822057,9
2026-07-20 20:09:59,start id_fixture,1607822062,
2026-07-20 20:10:00,ok id,1607822062,9
2026-07-20 20:10:11,start id_fixture,1607816043,
2026-07-20 20:10:13,ok id,1607816043,9
2026-07-20 20:10:24,start id_fixture,1607825120,
2026-07-20 20:10:25,ok id,1607825120,9
2026-07-20 20:10:44,start id_fixture,1607822060,
2026-07-20 20:10:45,ok id,1607822060,9
2026-07-20 20:10:58,start id_fixture,1607816044,
2026-07-20 20:10:59,ok id,1607816044,9
2026-07-20 20:11:32,start id_fixture,1607822052,
2026-07-20 20:11:33,ok id,1607822052,9
2026-07-20 20:11:58,start id_fixture,1607822058,
2026-07-20 20:12:00,ok id,1607822058,9
2026-07-20 20:12:10,start id_fixture,1607822059,
2026-07-20 20:12:11,ok id,1607822059,9
2026-07-20 20:12:58,start id_fixture,1608221560,
2026-07-20 20:12:59,ok id,1608221560,9
2026-07-20 20:13:32,start id_fixture,1608211284,
2026-07-20 20:13:33,ok id,1608211284,9
2026-07-20 20:13:45,start id_fixture,1608221559,
2026-07-20 20:13:46,ok id,1608221559,9
2026-07-20 20:13:56,start id_fixture,1608211285,
2026-07-20 20:13:57,ok id,1608211285,9
2026-07-20 20:14:08,start id_fixture,1608221558,
2026-07-20 20:14:09,ok id,1608221558,9
2026-07-20 20:15:11,start id_fixture,1608284903,
2026-07-20 20:15:12,ok id,1608284903,9
2026-07-20 20:15:24,start id_fixture,1608278134,
2026-07-20 20:15:25,ok id,1608278134,9
2026-07-20 20:15:37,start id_fixture,1608269316,
2026-07-20 20:15:38,ok id,1608269316,9
2026-07-20 20:15:59,start id_fixture,1608267554,
2026-07-20 20:16:00,ok id,1608267554,9
2026-07-20 20:16:42,start id_fixture,1608311352,
2026-07-20 20:16:43,ok id,1608311352,9
2026-07-20 20:17:17,start id_fixture,1608743446,
2026-07-20 20:17:18,ok id,1608743446,9
2026-07-20 20:17:54,start id_fixture,1608744785,
2026-07-20 20:17:56,ok id,1608744785,9
2026-07-20 20:18:06,start id_fixture,1608743447,
2026-07-20 20:18:07,ok id,1608743447,9
2026-07-20 20:18:19,start id_fixture,1608744786,
2026-07-20 20:18:20,ok id,1608744786,9
2026-07-20 20:18:56,start id_fixture,1608743444,
2026-07-20 20:18:57,ok id,1608743444,9
2026-07-20 20:19:06,start id_fixture,1608743448,
2026-07-20 20:19:08,ok id,1608743448,9
2026-07-20 20:19:19,start id_fixture,1608743445,
2026-07-20 20:19:20,ok id,1608743445,9
2026-07-20 20:19:32,start id_fixture,1608744788,
2026-07-20 20:19:33,ok id,1608744788,9
2026-07-20 20:25:56,start id_fixture,1608744787,
2026-07-20 20:25:57,ok id,1608744787,9
2026-07-20 20:26:12,start id_fixture,1608744789,
2026-07-20 20:26:13,ok id,1608744789,9
2026-07-20 20:27:06,start id_fixture,1609156478,
2026-07-20 20:27:07,ok id,1609156478,9
2026-07-20 20:28:04,start id_fixture,1609161580,
2026-07-20 20:28:05,ok id,1609161580,9
2026-07-20 20:28:18,start id_fixture,1609156480,
2026-07-20 20:28:19,ok id,1609156480,9
2026-07-20 20:28:33,start id_fixture,1609168854,
2026-07-20 20:28:34,ok id,1609168854,9
2026-07-20 20:28:48,start id_fixture,1609168858,
2026-07-20 20:28:49,ok id,1609168858,9
2026-07-20 20:29:03,start id_fixture,1609168860,
2026-07-20 20:29:04,ok id,1609168860,9
2026-07-20 20:29:14,start id_fixture,1609168856,
2026-07-20 20:29:15,ok id,1609168856,9
2026-07-20 20:29:27,start id_fixture,1609161581,
2026-07-20 20:29:28,ok id,1609161581,9
2026-07-20 20:29:55,start id_fixture,1609168857,
2026-07-20 20:29:56,ok id,1609168857,9
2026-07-20 20:30:11,start id_fixture,1609168859,
2026-07-20 20:30:12,ok id,1609168859,9
2026-07-20 20:31:01,start id_fixture,1609555739,
2026-07-20 20:31:02,ok id,1609555739,9
2026-07-20 20:31:11,start id_fixture,1609554441,
2026-07-20 20:31:12,ok id,1609554441,9
2026-07-20 20:31:50,start id_fixture,1609554230,
2026-07-20 20:31:51,ok id,1609554230,9
2026-07-20 20:32:02,start id_fixture,1609554439,
2026-07-20 20:32:03,ok id,1609554439,9
2026-07-20 20:35:44,start id_fixture,1609555740,
2026-07-20 20:35:46,ok id,1609555740,9
2026-07-20 20:36:00,start id_fixture,1609555741,
2026-07-20 20:36:02,ok id,1609555741,9
2026-07-20 20:36:14,start id_fixture,1609554231,
2026-07-20 20:36:15,ok id,1609554231,9
2026-07-20 20:36:25,start id_fixture,1609554228,
2026-07-20 20:36:26,ok id,1609554228,9
2026-07-20 20:36:37,start id_fixture,1609554229,
2026-07-20 20:36:38,ok id,1609554229,9
2026-07-20 20:36:52,start id_fixture,1609554440,
2026-07-20 20:36:53,ok id,1609554440,9
2026-07-20 20:39:07,start id_fixture,1575269326,
2026-07-20 20:39:08,ok id,1575269326,9
2026-07-20 20:39:21,start id_fixture,1575269316,
2026-07-20 20:39:22,ok id,1575269316,9
2026-07-20 20:39:46,start id_fixture,1575269313,
2026-07-20 20:39:47,ok id,1575269313,9
2026-07-20 20:40:20,start id_fixture,1575269314,
2026-07-20 20:40:22,ok id,1575269314,9
2026-07-20 20:41:30,start id_fixture,1575269317,
2026-07-20 20:41:31,ok id,1575269317,9
2026-07-20 20:41:42,start id_fixture,1575269318,
2026-07-20 20:41:42,ok id,1575269318,9
2026-07-20 20:41:53,start id_fixture,1575269319,
2026-07-20 20:41:54,ok id,1575269319,9
2026-07-20 20:42:06,start id_fixture,1575269323,
2026-07-20 20:42:07,ok id,1575269323,9
2026-07-20 20:42:31,start id_fixture,1575269315,
2026-07-20 20:42:32,ok id,1575269315,9
2026-07-20 20:42:43,start id_fixture,1575269325,
2026-07-20 20:42:44,ok id,1575269325,9
2026-07-20 20:46:18,start id_fixture,1576467294,
2026-07-20 20:46:19,ok id,1576467294,9
2026-07-20 20:46:30,start id_fixture,1576467302,
2026-07-20 20:46:32,ok id,1576467302,9
2026-07-20 20:46:44,start id_fixture,1576467298,
2026-07-20 20:46:45,ok id,1576467298,9
2026-07-20 20:46:58,start id_fixture,1576467303,
2026-07-20 20:46:59,ok id,1576467303,9
2026-07-20 20:47:33,start id_fixture,1576467304,
2026-07-20 20:47:34,ok id,1576467304,9
2026-07-20 20:47:46,start id_fixture,1576467299,
2026-07-20 20:47:47,ok id,1576467299,9
2026-07-20 20:47:58,start id_fixture,1576467297,
2026-07-20 20:47:59,ok id,1576467297,9
2026-07-20 20:48:12,start id_fixture,1576467301,
2026-07-20 20:48:13,ok id,1576467301,9
2026-07-20 20:48:42,start id_fixture,1576467305,
2026-07-20 20:48:44,ok id,1576467305,9
2026-07-20 20:48:54,start id_fixture,1576467300,
2026-07-20 20:48:55,ok id,1576467300,9
2026-07-20 20:49:35,start id_fixture,1577234412,
2026-07-20 20:49:36,ok id,1577234412,9
2026-07-20 20:49:53,start id_fixture,1577234401,
2026-07-20 20:49:54,ok id,1577234401,9
2026-07-20 20:50:30,start id_fixture,1577234404,
2026-07-20 20:50:31,ok id,1577234404,9
2026-07-20 20:50:43,start id_fixture,1577234418,
2026-07-20 20:50:44,ok id,1577234418,9
2026-07-20 20:51:00,start id_fixture,1577234392,
2026-07-20 20:51:01,ok id,1577234392,9
2026-07-20 20:51:15,start id_fixture,1577234393,
2026-07-20 20:51:16,ok id,1577234393,9
2026-07-20 20:51:50,start id_fixture,1577234405,
2026-07-20 20:51:51,ok id,1577234405,9
2026-07-20 20:52:04,start id_fixture,1577234427,
2026-07-20 20:52:05,ok id,1577234427,9
2026-07-20 20:52:18,start id_fixture,1577234429,
2026-07-20 20:52:19,ok id,1577234429,9
2026-07-20 20:52:34,start id_fixture,1577234402,
2026-07-20 20:52:35,ok id,1577234402,9
2026-07-20 20:53:12,start id_fixture,1577722937,
2026-07-20 20:53:13,ok id,1577722937,9
2026-07-20 20:53:28,start id_fixture,1577722908,
2026-07-20 20:53:29,ok id,1577722908,9
2026-07-20 20:53:55,start id_fixture,1577722907,
2026-07-20 20:53:57,ok id,1577722907,9
2026-07-20 20:54:42,start id_fixture,1577722903,
2026-07-20 20:54:43,ok id,1577722903,9
2026-07-20 20:54:56,start id_fixture,1577722932,
2026-07-20 20:54:57,ok id,1577722932,9
2026-07-20 20:55:10,start id_fixture,1577722905,
2026-07-20 20:55:11,ok id,1577722905,9
2026-07-20 20:55:21,start id_fixture,1577722909,
2026-07-20 20:55:22,ok id,1577722909,9
2026-07-20 20:55:34,start id_fixture,1577722920,
2026-07-20 20:55:35,ok id,1577722920,9
2026-07-20 20:56:04,start id_fixture,1577722924,
2026-07-20 20:56:05,ok id,1577722924,9
2026-07-20 20:56:30,start id_fixture,1577722933,
2026-07-20 20:56:30,ok id,1577722933,9
2026-07-20 20:57:10,start id_fixture,1578132575,
2026-07-20 20:57:11,ok id,1578132575,9
2026-07-20 20:57:25,start id_fixture,1578132557,
2026-07-20 20:57:26,ok id,1578132557,9
2026-07-20 20:58:07,start id_fixture,1578132578,
2026-07-20 20:58:08,ok id,1578132578,9
2026-07-20 20:58:21,start id_fixture,1578132555,
2026-07-20 20:58:22,ok id,1578132555,9
2026-07-20 21:03:49,start id_fixture,1578132550,
2026-07-20 21:03:50,ok id,1578132550,9
2026-07-20 21:04:01,start id_fixture,1578132565,
2026-07-20 21:04:03,ok id,1578132565,9
2026-07-20 21:04:18,start id_fixture,1578132576,
2026-07-20 21:04:19,ok id,1578132576,9
2026-07-20 21:04:36,start id_fixture,1578132566,
2026-07-20 21:04:37,ok id,1578132566,9
2026-07-20 21:04:58,start id_fixture,1578132556,
2026-07-20 21:04:59,ok id,1578132556,9
2026-07-20 21:05:43,start id_fixture,1578768505,
2026-07-20 21:05:44,ok id,1578768505,9
2026-07-20 21:06:28,start id_fixture,1578805362,
2026-07-20 21:06:29,ok id,1578805362,9
2026-07-20 21:06:48,start id_fixture,1578805354,
2026-07-20 21:06:49,ok id,1578805354,9
2026-07-20 21:07:12,start id_fixture,1578805378,
2026-07-20 21:07:13,ok id,1578805378,9
2026-07-20 21:07:36,start id_fixture,1578805372,
2026-07-20 21:07:37,ok id,1578805372,9
2026-07-20 21:08:02,start id_fixture,1578805348,
2026-07-20 21:08:03,ok id,1578805348,9
2026-07-20 21:08:27,start id_fixture,1578805346,
2026-07-20 21:08:28,ok id,1578805346,9
2026-07-20 21:08:57,start id_fixture,1578805341,
2026-07-20 21:08:58,ok id,1578805341,9
2026-07-20 21:09:11,start id_fixture,1578805357,
2026-07-20 21:09:12,ok id,1578805357,9
2026-07-20 21:09:24,start id_fixture,1578805379,
2026-07-20 21:09:25,ok id,1578805379,9
2026-07-20 21:10:04,start id_fixture,1579029057,
2026-07-20 21:10:05,ok id,1579029057,9
2026-07-20 21:10:16,start id_fixture,1579014577,
2026-07-20 21:10:17,ok id,1579014577,9
2026-07-20 21:10:32,start id_fixture,1578985991,
2026-07-20 21:10:33,ok id,1578985991,9
2026-07-20 21:11:07,start id_fixture,1579080841,
2026-07-20 21:11:09,ok id,1579080841,9
2026-07-20 21:11:22,start id_fixture,1579080842,
2026-07-20 21:11:23,ok id,1579080842,9
2026-07-20 21:11:38,start id_fixture,1579069107,
2026-07-20 21:11:38,ok id,1579069107,9
2026-07-20 21:11:51,start id_fixture,1579059332,
2026-07-20 21:11:52,ok id,1579059332,9
2026-07-20 21:12:27,start id_fixture,1579151198,
2026-07-20 21:12:28,ok id,1579151198,9
2026-07-20 21:12:45,start id_fixture,1579140885,
2026-07-20 21:12:46,ok id,1579140885,9
2026-07-20 21:13:03,start id_fixture,1579140883,
2026-07-20 21:13:04,ok id,1579140883,9
2026-07-20 21:13:35,start id_fixture,1579472101,
2026-07-20 21:13:37,ok id,1579472101,9
2026-07-20 21:13:47,start id_fixture,1579472078,
2026-07-20 21:13:48,ok id,1579472078,9
2026-07-20 21:14:23,start id_fixture,1579472100,
2026-07-20 21:14:24,ok id,1579472100,9
2026-07-20 21:14:39,start id_fixture,1579472072,
2026-07-20 21:14:40,ok id,1579472072,9
2026-07-20 21:14:59,start id_fixture,1579472074,
2026-07-20 21:15:00,ok id,1579472074,9
2026-07-20 21:15:44,start id_fixture,1579472077,
2026-07-20 21:15:44,ok id,1579472077,9
2026-07-20 21:15:58,start id_fixture,1579472076,
2026-07-20 21:15:58,ok id,1579472076,9
2026-07-20 21:16:11,start id_fixture,1579472070,
2026-07-20 21:16:12,ok id,1579472070,9
2026-07-20 21:16:25,start id_fixture,1579472075,
2026-07-20 21:16:26,ok id,1579472075,9
2026-07-20 21:16:38,start id_fixture,1579472071,
2026-07-20 21:16:39,ok id,1579472071,9
2026-07-20 21:17:15,start id_fixture,1579747238,
2026-07-20 21:17:16,ok id,1579747238,9
2026-07-20 21:17:27,start id_fixture,1579747242,
2026-07-20 21:17:28,ok id,1579747242,9
2026-07-20 21:17:39,start id_fixture,1579747226,
2026-07-20 21:17:40,ok id,1579747226,9
2026-07-20 21:18:09,start id_fixture,1579747223,
2026-07-20 21:18:10,ok id,1579747223,9
2026-07-20 21:18:21,start id_fixture,1579747220,
2026-07-20 21:18:22,ok id,1579747220,9
2026-07-20 21:18:36,start id_fixture,1579747225,
2026-07-20 21:18:37,ok id,1579747225,9
2026-07-20 21:19:06,start id_fixture,1579747219,
2026-07-20 21:19:07,ok id,1579747219,9
2026-07-20 21:19:23,start id_fixture,1579747240,
2026-07-20 21:19:24,ok id,1579747240,9
2026-07-20 21:19:57,start id_fixture,1579747228,
2026-07-20 21:19:58,ok id,1579747228,9
2026-07-20 21:20:11,start id_fixture,1579747227,
2026-07-20 21:20:12,ok id,1579747227,9
2026-07-20 21:20:46,start id_fixture,1580147804,
2026-07-20 21:20:47,ok id,1580147804,9
2026-07-20 21:21:25,start id_fixture,1580147795,
2026-07-20 21:21:26,ok id,1580147795,9
2026-07-20 21:21:38,start id_fixture,1580147771,
2026-07-20 21:21:39,ok id,1580147771,9
2026-07-20 21:22:01,start id_fixture,1580147799,
2026-07-20 21:22:02,ok id,1580147799,9
2026-07-20 21:22:33,start id_fixture,1580147774,
2026-07-20 21:22:35,ok id,1580147774,9
2026-07-20 21:22:44,start id_fixture,1580147798,
2026-07-20 21:22:45,ok id,1580147798,9
2026-07-20 21:22:56,start id_fixture,1580147801,
2026-07-20 21:22:57,ok id,1580147801,9
2026-07-20 21:23:11,start id_fixture,1580147765,
2026-07-20 21:23:12,ok id,1580147765,9
2026-07-20 21:23:42,start id_fixture,1580147769,
2026-07-20 21:23:43,ok id,1580147769,9
2026-07-20 21:23:55,start id_fixture,1580147760,
2026-07-20 21:23:56,ok id,1580147760,9
2026-07-20 21:24:26,start id_fixture,1580563413,
2026-07-20 21:24:27,ok id,1580563413,9
2026-07-20 21:25:42,start id_fixture,1580710700,
2026-07-20 21:25:43,ok id,1580710700,9
2026-07-20 21:26:03,start id_fixture,1580710722,
2026-07-20 21:26:03,ok id,1580710722,9
2026-07-20 21:26:28,start id_fixture,1580710718,
2026-07-20 21:26:29,ok id,1580710718,9
2026-07-20 21:27:10,start id_fixture,1580710719,
2026-07-20 21:27:11,ok id,1580710719,9
2026-07-20 21:27:26,start id_fixture,1580710703,
2026-07-20 21:27:26,ok id,1580710703,9
2026-07-20 21:27:42,start id_fixture,1580710721,
2026-07-20 21:27:43,ok id,1580710721,9
2026-07-20 21:27:55,start id_fixture,1580710704,
2026-07-20 21:27:56,ok id,1580710704,9
2026-07-20 21:28:40,start id_fixture,1580710698,
2026-07-20 21:28:41,ok id,1580710698,9
2026-07-20 21:28:53,start id_fixture,1580710720,
2026-07-20 21:28:54,ok id,1580710720,9
2026-07-20 21:29:21,start id_fixture,1581151957,
2026-07-20 21:29:22,ok id,1581151957,9
2026-07-20 21:29:33,start id_fixture,1581151952,
2026-07-20 21:29:34,ok id,1581151952,9
2026-07-20 21:30:00,start id_fixture,1581151971,
2026-07-20 21:30:01,ok id,1581151971,9
2026-07-20 21:30:17,start id_fixture,1581151954,
2026-07-20 21:30:18,ok id,1581151954,9
2026-07-20 21:30:34,start id_fixture,1581151966,
2026-07-20 21:30:36,ok id,1581151966,9
2026-07-20 21:31:19,start id_fixture,1581151972,
2026-07-20 21:31:20,ok id,1581151972,9
2026-07-20 21:31:37,start id_fixture,1581151970,
2026-07-20 21:31:38,ok id,1581151970,9
2026-07-20 21:32:04,start id_fixture,1581151951,
2026-07-20 21:32:05,ok id,1581151951,9
2026-07-20 21:32:19,start id_fixture,1581151973,
2026-07-20 21:32:20,ok id,1581151973,9
2026-07-20 21:32:39,start id_fixture,1581151956,
2026-07-20 21:32:40,ok id,1581151956,9
2026-07-20 21:33:23,start id_fixture,1581559797,
2026-07-20 21:33:24,ok id,1581559797,9
2026-07-20 21:33:38,start id_fixture,1581559794,
2026-07-20 21:33:40,ok id,1581559794,9
2026-07-20 21:33:53,start id_fixture,1581559796,
2026-07-20 21:33:54,ok id,1581559796,9
2026-07-20 21:34:30,start id_fixture,1581559799,
2026-07-20 21:34:31,ok id,1581559799,9
2026-07-20 21:34:44,start id_fixture,1581559789,
2026-07-20 21:34:45,ok id,1581559789,9
2026-07-20 21:34:56,start id_fixture,1581559771,
2026-07-20 21:34:57,ok id,1581559771,9
2026-07-20 21:35:14,start id_fixture,1581559793,
2026-07-20 21:35:16,ok id,1581559793,9
2026-07-20 21:35:28,start id_fixture,1581559786,
2026-07-20 21:35:30,ok id,1581559786,9
2026-07-20 21:36:01,start id_fixture,1581559784,
2026-07-20 21:36:02,ok id,1581559784,9
2026-07-20 21:36:34,start id_fixture,1581559778,
2026-07-20 21:36:35,ok id,1581559778,9
2026-07-20 21:37:01,start id_fixture,1582046717,
2026-07-20 21:37:03,ok id,1582046717,9
2026-07-20 21:37:31,start id_fixture,1582046725,
2026-07-20 21:37:32,ok id,1582046725,9
2026-07-20 21:37:44,start id_fixture,1582046736,
2026-07-20 21:37:45,ok id,1582046736,9
2026-07-20 21:38:00,start id_fixture,1582046732,
2026-07-20 21:38:02,ok id,1582046732,9
2026-07-20 21:38:30,start id_fixture,1582046728,
2026-07-20 21:38:31,ok id,1582046728,9
2026-07-20 21:38:44,start id_fixture,1582046715,
2026-07-20 21:38:45,ok id,1582046715,9
2026-07-20 21:38:57,start id_fixture,1582046734,
2026-07-20 21:38:58,ok id,1582046734,9
2026-07-20 21:39:17,start id_fixture,1582046720,
2026-07-20 21:39:18,ok id,1582046720,9
2026-07-20 21:39:53,start id_fixture,1582046705,
2026-07-20 21:39:54,ok id,1582046705,9
2026-07-20 21:40:27,start id_fixture,1582046718,
2026-07-20 21:40:28,ok id,1582046718,9
2026-07-20 21:41:03,start id_fixture,1582578065,
2026-07-20 21:41:04,ok id,1582578065,9
2026-07-20 21:41:39,start id_fixture,1582578068,
2026-07-20 21:41:40,ok id,1582578068,9
2026-07-20 21:41:55,start id_fixture,1582578074,
2026-07-20 21:41:56,ok id,1582578074,9
2026-07-20 21:42:08,start id_fixture,1582578066,
2026-07-20 21:42:09,ok id,1582578066,9
2026-07-20 21:42:48,start id_fixture,1582578081,
2026-07-20 21:42:49,ok id,1582578081,9
2026-07-20 21:43:09,start id_fixture,1582578076,
2026-07-20 21:43:10,ok id,1582578076,9
2026-07-20 21:43:26,start id_fixture,1582578070,
2026-07-20 21:43:27,ok id,1582578070,9
2026-07-20 21:43:42,start id_fixture,1582578063,
2026-07-20 21:43:43,ok id,1582578063,9
2026-07-20 21:44:14,start id_fixture,1582578075,
2026-07-20 21:44:16,ok id,1582578075,9
2026-07-20 21:44:29,start id_fixture,1582578062,
2026-07-20 21:44:31,ok id,1582578062,9
2026-07-20 21:44:55,start id_fixture,1582948882,
2026-07-20 21:44:56,ok id,1582948882,9
2026-07-20 21:45:27,start id_fixture,1582948868,
2026-07-20 21:45:28,ok id,1582948868,9
2026-07-20 21:49:22,start id_fixture,1582948884,
2026-07-20 21:49:23,ok id,1582948884,9
2026-07-20 21:50:11,start id_fixture,1582948867,
2026-07-20 21:50:12,ok id,1582948867,9
2026-07-20 21:50:25,start id_fixture,1582948874,
2026-07-20 21:50:27,ok id,1582948874,9
2026-07-20 21:50:43,start id_fixture,1582948878,
2026-07-20 21:50:44,ok id,1582948878,9
2026-07-20 21:50:59,start id_fixture,1582948880,
2026-07-20 21:51:00,ok id,1582948880,9
2026-07-20 21:51:11,start id_fixture,1582948881,
2026-07-20 21:51:12,ok id,1582948881,9
2026-07-20 21:51:38,start id_fixture,1582948877,
2026-07-20 21:51:40,ok id,1582948877,9
2026-07-20 21:52:08,start id_fixture,1583274784,
2026-07-20 21:52:09,ok id,1583274784,9
2026-07-20 21:52:21,start id_fixture,1583274780,
2026-07-20 21:52:22,ok id,1583274780,9
2026-07-20 21:52:36,start id_fixture,1583274785,
2026-07-20 21:52:37,ok id,1583274785,9
2026-07-20 21:52:49,start id_fixture,1583274783,
2026-07-20 21:52:50,ok id,1583274783,9
2026-07-20 21:53:31,start id_fixture,1583274779,
2026-07-20 21:53:32,ok id,1583274779,9
2026-07-20 21:53:46,start id_fixture,1583274778,
2026-07-20 21:53:47,ok id,1583274778,9
2026-07-20 21:54:01,start id_fixture,1583274781,
2026-07-20 21:54:02,ok id,1583274781,9
2026-07-20 21:54:14,start id_fixture,1583274782,
2026-07-20 21:54:15,ok id,1583274782,9
2026-07-20 21:54:33,start id_fixture,1583274786,
2026-07-20 21:54:34,ok id,1583274786,9
2026-07-20 21:55:07,start id_fixture,1583274794,
2026-07-20 21:55:08,ok id,1583274794,9
2026-07-20 22:30:20,start id_fixture,1583582527,
2026-07-20 22:30:21,ok id,1583582527,9
2026-07-20 22:30:41,start id_fixture,1583582526,
2026-07-20 22:30:42,ok id,1583582526,9
2026-07-20 22:30:57,start id_fixture,1583582542,
2026-07-20 22:30:58,ok id,1583582542,9
2026-07-20 22:31:13,start id_fixture,1583582530,
2026-07-20 22:31:14,ok id,1583582530,9
2026-07-20 22:32:19,start id_fixture,1583582541,
2026-07-20 22:32:20,ok id,1583582541,9
2026-07-20 22:32:32,start id_fixture,1583582529,
2026-07-20 22:32:33,ok id,1583582529,9
2026-07-20 22:32:46,start id_fixture,1583582539,
2026-07-20 22:32:47,ok id,1583582539,9
2026-07-20 22:33:09,start id_fixture,1583582540,
2026-07-20 22:33:10,ok id,1583582540,9
2026-07-20 22:33:24,start id_fixture,1583582543,
2026-07-20 22:33:25,ok id,1583582543,9
2026-07-20 22:33:57,start id_fixture,1583582528,
2026-07-20 22:33:58,ok id,1583582528,9
2026-07-20 22:35:16,start id_fixture,1583785765,
2026-07-20 22:35:18,ok id,1583785765,9
2026-07-20 22:36:02,start id_fixture,1583785767,
2026-07-20 22:36:03,ok id,1583785767,9
2026-07-20 22:36:21,start id_fixture,1583785763,
2026-07-20 22:36:22,ok id,1583785763,9
2026-07-20 22:36:36,start id_fixture,1583785774,
2026-07-20 22:36:37,ok id,1583785774,9
2026-07-20 22:36:52,start id_fixture,1583785771,
2026-07-20 22:36:53,ok id,1583785771,9
2026-07-20 22:37:32,start id_fixture,1583785764,
2026-07-20 22:37:33,ok id,1583785764,9
2026-07-20 22:37:44,start id_fixture,1583785766,
2026-07-20 22:37:45,ok id,1583785766,9
2026-07-20 22:37:59,start id_fixture,1583785760,
2026-07-20 22:38:01,ok id,1583785760,9
2026-07-20 22:38:17,start id_fixture,1583785769,
2026-07-20 22:38:18,ok id,1583785769,9
2026-07-20 22:38:32,start id_fixture,1583785772,
2026-07-20 22:38:33,ok id,1583785772,9
2026-07-20 22:39:14,start id_fixture,1583922340,
2026-07-20 22:39:15,ok id,1583922340,9
2026-07-20 22:39:37,start id_fixture,1583921466,
2026-07-20 22:39:38,ok id,1583921466,9
2026-07-20 22:39:55,start id_fixture,1583922341,
2026-07-20 22:39:56,ok id,1583922341,9
2026-07-20 22:40:16,start id_fixture,1583921459,
2026-07-20 22:40:17,ok id,1583921459,9
2026-07-20 22:41:32,start id_fixture,1583928977,
2026-07-20 22:41:33,ok id,1583928977,9
2026-07-20 22:41:47,start id_fixture,1583926313,
2026-07-20 22:41:48,ok id,1583926313,9
2026-07-20 22:42:06,start id_fixture,1583922137,
2026-07-20 22:42:07,ok id,1583922137,9
2026-07-20 22:43:36,start id_fixture,1583922342,
2026-07-20 22:43:37,ok id,1583922342,9
2026-07-20 22:44:50,start id_fixture,1583936400,
2026-07-20 22:44:51,ok id,1583936400,9
2026-07-20 22:45:20,start id_fixture,1583936401,
2026-07-20 22:45:21,ok id,1583936401,9
2026-07-20 22:46:21,start id_fixture,1584094805,
2026-07-20 22:46:22,ok id,1584094805,9
2026-07-20 22:46:37,start id_fixture,1584094814,
2026-07-20 22:46:38,ok id,1584094814,9
2026-07-20 22:48:01,start id_fixture,1584094813,
2026-07-20 22:48:02,ok id,1584094813,9
2026-07-20 22:48:24,start id_fixture,1584094807,
2026-07-20 22:48:25,ok id,1584094807,9
2026-07-20 22:48:40,start id_fixture,1584094812,
2026-07-20 22:48:41,ok id,1584094812,9
2026-07-20 22:48:57,start id_fixture,1584094808,
2026-07-20 22:48:58,ok id,1584094808,9
2026-07-20 22:50:12,start id_fixture,1584317891,
2026-07-20 22:50:13,ok id,1584317891,9
2026-07-20 22:51:04,start id_fixture,1584317900,
2026-07-20 22:51:05,ok id,1584317900,9
2026-07-20 22:51:23,start id_fixture,1584317893,
2026-07-20 22:51:24,ok id,1584317893,9
2026-07-20 22:51:45,start id_fixture,1584317911,
2026-07-20 22:51:46,ok id,1584317911,9
2026-07-20 22:52:29,start id_fixture,1584317907,
2026-07-20 22:52:31,ok id,1584317907,9
2026-07-20 22:52:44,start id_fixture,1584317896,
2026-07-20 22:52:45,ok id,1584317896,9
2026-07-20 22:53:01,start id_fixture,1584317909,
2026-07-20 22:53:02,ok id,1584317909,9
2026-07-20 22:53:19,start id_fixture,1584317904,
2026-07-20 22:53:20,ok id,1584317904,9
2026-07-20 22:53:37,start id_fixture,1584317902,
2026-07-20 22:53:38,ok id,1584317902,9
2026-07-20 22:54:23,start id_fixture,1584317892,
2026-07-20 22:54:24,ok id,1584317892,9
2026-07-20 22:55:28,start id_fixture,1584600454,
2026-07-20 22:55:30,ok id,1584600454,9
2026-07-20 22:56:16,start id_fixture,1584600457,
2026-07-20 22:56:17,ok id,1584600457,9
2026-07-20 22:56:30,start id_fixture,1584600459,
2026-07-20 22:56:31,ok id,1584600459,9
2026-07-20 22:56:50,start id_fixture,1584600463,
2026-07-20 22:56:51,ok id,1584600463,9
2026-07-20 22:57:26,start id_fixture,1584600462,
2026-07-20 22:57:27,ok id,1584600462,9
2026-07-20 22:58:12,start id_fixture,1584600460,
2026-07-20 22:58:13,ok id,1584600460,9
2026-07-20 22:58:32,start id_fixture,1584600461,
2026-07-20 22:58:33,ok id,1584600461,9
2026-07-20 22:58:49,start id_fixture,1584600456,
2026-07-20 22:58:50,ok id,1584600456,9
2026-07-20 22:59:08,start id_fixture,1584600453,
2026-07-20 22:59:09,ok id,1584600453,9
2026-07-20 22:59:50,start id_fixture,1584619306,
2026-07-20 22:59:51,ok id,1584619306,9
2026-07-20 23:00:25,start id_fixture,1584906535,
2026-07-20 23:00:27,ok id,1584906535,9
2026-07-20 23:01:08,start id_fixture,1584906531,
2026-07-20 23:01:09,ok id,1584906531,9
2026-07-20 23:01:24,start id_fixture,1584906542,
2026-07-20 23:01:25,ok id,1584906542,9
2026-07-20 23:01:37,start id_fixture,1584906529,
2026-07-20 23:01:38,ok id,1584906529,9
2026-07-20 23:02:25,start id_fixture,1584906546,
2026-07-20 23:02:27,ok id,1584906546,9
2026-07-20 23:02:38,start id_fixture,1584906536,
2026-07-20 23:02:40,ok id,1584906536,9
2026-07-20 23:02:55,start id_fixture,1584906549,
2026-07-20 23:02:56,ok id,1584906549,9
2026-07-20 23:03:14,start id_fixture,1584906530,
2026-07-20 23:03:15,ok id,1584906530,9
2026-07-20 23:03:28,start id_fixture,1584906547,
2026-07-20 23:03:29,ok id,1584906547,9
2026-07-20 23:04:21,start id_fixture,1584906548,
2026-07-20 23:04:22,ok id,1584906548,9
2026-07-20 23:05:11,start id_fixture,1585238567,
2026-07-20 23:05:12,ok id,1585238567,9
2026-07-20 23:05:44,start id_fixture,1585238570,
2026-07-20 23:05:45,ok id,1585238570,9
2026-07-20 23:05:59,start id_fixture,1585238542,
2026-07-20 23:06:01,ok id,1585238542,9
2026-07-20 23:06:38,start id_fixture,1585238541,
2026-07-20 23:06:39,ok id,1585238541,9
2026-07-20 23:06:53,start id_fixture,1585238535,
2026-07-20 23:06:54,ok id,1585238535,9
2026-07-20 23:07:05,start id_fixture,1585238565,
2026-07-20 23:07:06,ok id,1585238565,9
2026-07-20 23:07:44,start id_fixture,1585238528,
2026-07-20 23:07:46,ok id,1585238528,9
2026-07-20 23:07:59,start id_fixture,1585238543,
2026-07-20 23:08:01,ok id,1585238543,9
2026-07-20 23:08:11,start id_fixture,1585238560,
2026-07-20 23:08:12,ok id,1585238560,9
2026-07-20 23:08:24,start id_fixture,1585238555,
2026-07-20 23:08:26,ok id,1585238555,9
2026-07-20 23:08:38,start id_fixture,1585238534,
2026-07-20 23:08:39,ok id,1585238534,9
2026-07-20 23:09:17,start id_fixture,1585583143,
2026-07-20 23:09:18,ok id,1585583143,9
2026-07-20 23:09:58,start id_fixture,1585583128,
2026-07-20 23:09:59,ok id,1585583128,9
2026-07-20 23:10:52,start id_fixture,1585583129,
2026-07-20 23:10:53,ok id,1585583129,9
2026-07-20 23:11:09,start id_fixture,1585583124,
2026-07-20 23:11:11,ok id,1585583124,9
2026-07-20 23:11:33,start id_fixture,1585583125,
2026-07-20 23:11:34,ok id,1585583125,9
2026-07-20 23:12:20,start id_fixture,1585583145,
2026-07-20 23:12:21,ok id,1585583145,9
2026-07-20 23:12:32,start id_fixture,1585583141,
2026-07-20 23:12:33,ok id,1585583141,9
2026-07-20 23:12:45,start id_fixture,1585583138,
2026-07-20 23:12:47,ok id,1585583138,9
2026-07-20 23:12:59,start id_fixture,1585583127,
2026-07-20 23:13:00,ok id,1585583127,9
2026-07-20 23:13:31,start id_fixture,1585583140,
2026-07-20 23:13:32,ok id,1585583140,9
2026-07-20 23:13:43,start id_fixture,1585583137,
2026-07-20 23:13:45,ok id,1585583137,9
2026-07-20 23:14:15,start id_fixture,1586008480,
2026-07-20 23:14:16,ok id,1586008480,9
2026-07-20 23:14:37,start id_fixture,1586000345,
2026-07-20 23:14:39,ok id,1586000345,9
2026-07-20 23:15:48,start id_fixture,1586009320,
2026-07-20 23:15:49,ok id,1586009320,9
2026-07-20 23:16:23,start id_fixture,1586009306,
2026-07-20 23:16:24,ok id,1586009306,9
2026-07-20 23:16:38,start id_fixture,1586009319,
2026-07-20 23:16:39,ok id,1586009319,9
2026-07-20 23:16:53,start id_fixture,1586009307,
2026-07-20 23:16:54,ok id,1586009307,9
2026-07-20 23:23:37,start id_fixture,1586009322,
2026-07-20 23:23:38,ok id,1586009322,9
2026-07-20 23:23:53,start id_fixture,1586009305,
2026-07-20 23:23:54,ok id,1586009305,9
2026-07-20 23:24:09,start id_fixture,1586009324,
2026-07-20 23:24:10,ok id,1586009324,9
2026-07-20 23:24:32,start id_fixture,1586009325,
2026-07-20 23:24:33,ok id,1586009325,9
2026-07-20 23:24:46,start id_fixture,1586009318,
2026-07-20 23:24:47,ok id,1586009318,9
2026-07-20 23:25:26,start id_fixture,1586009321,
2026-07-20 23:25:27,ok id,1586009321,9
2026-07-20 23:26:06,start id_fixture,1586426155,
2026-07-20 23:26:07,ok id,1586426155,9
2026-07-20 23:26:48,start id_fixture,1586426153,
2026-07-20 23:26:49,ok id,1586426153,9
2026-07-20 23:27:02,start id_fixture,1586426171,
2026-07-20 23:27:03,ok id,1586426171,9
2026-07-20 23:27:16,start id_fixture,1586426159,
2026-07-20 23:27:17,ok id,1586426159,9
2026-07-20 23:27:29,start id_fixture,1586426151,
2026-07-20 23:27:30,ok id,1586426151,9
2026-07-20 23:28:16,start id_fixture,1586426176,
2026-07-20 23:28:17,ok id,1586426176,9
2026-07-20 23:28:32,start id_fixture,1586426150,
2026-07-20 23:28:33,ok id,1586426150,9
2026-07-20 23:28:45,start id_fixture,1586426170,
2026-07-20 23:28:46,ok id,1586426170,9
2026-07-20 23:28:57,start id_fixture,1586426164,
2026-07-20 23:28:58,ok id,1586426164,9
2026-07-20 23:29:26,start id_fixture,1586426166,
2026-07-20 23:29:27,ok id,1586426166,9
2026-07-20 23:29:56,start id_fixture,1586889890,
2026-07-20 23:29:57,ok id,1586889890,9
2026-07-20 23:30:38,start id_fixture,1586889873,
2026-07-20 23:30:39,ok id,1586889873,9
2026-07-20 23:30:52,start id_fixture,1586889881,
2026-07-20 23:30:53,ok id,1586889881,9
2026-07-20 23:31:05,start id_fixture,1586889870,
2026-07-20 23:31:06,ok id,1586889870,9
2026-07-20 23:31:17,start id_fixture,1586889896,
2026-07-20 23:31:19,ok id,1586889896,9
2026-07-20 23:32:13,start id_fixture,1586889882,
2026-07-20 23:32:14,ok id,1586889882,9
2026-07-20 23:32:29,start id_fixture,1586889886,
2026-07-20 23:32:30,ok id,1586889886,9
2026-07-20 23:32:48,start id_fixture,1586889891,
2026-07-20 23:32:48,ok id,1586889891,9
2026-07-20 23:33:03,start id_fixture,1586889898,
2026-07-20 23:33:04,ok id,1586889898,9
2026-07-20 23:33:59,start id_fixture,1587357574,
2026-07-20 23:34:00,ok id,1587357574,9
2026-07-20 23:34:11,start id_fixture,1587357575,
2026-07-20 23:34:12,ok id,1587357575,9
2026-07-20 23:34:25,start id_fixture,1587357580,
2026-07-20 23:34:27,ok id,1587357580,9
2026-07-20 23:34:41,start id_fixture,1587357601,
2026-07-20 23:34:43,ok id,1587357601,9
2026-07-20 23:34:54,start id_fixture,1587357577,
2026-07-20 23:34:55,ok id,1587357577,9
2026-07-20 23:44:26,start id_fixture,1587357602,
2026-07-20 23:44:27,ok id,1587357602,9
2026-07-20 23:44:40,start id_fixture,1587357610,
2026-07-20 23:44:42,ok id,1587357610,9
2026-07-20 23:44:56,start id_fixture,1587357583,
2026-07-20 23:44:58,ok id,1587357583,9
2026-07-20 23:45:11,start id_fixture,1587357588,
2026-07-20 23:45:12,ok id,1587357588,9
2026-07-20 23:45:27,start id_fixture,1587357598,
2026-07-20 23:45:29,ok id,1587357598,9
2026-07-20 23:48:40,start id_fixture,1587787708,
2026-07-20 23:48:42,ok id,1587787708,9
2026-07-20 23:49:35,start id_fixture,1587787709,
2026-07-20 23:49:36,ok id,1587787709,9
2026-07-20 23:49:47,start id_fixture,1587787705,
2026-07-20 23:49:47,ok id,1587787705,9
2026-07-20 23:49:59,start id_fixture,1587787694,
2026-07-20 23:50:00,ok id,1587787694,9
2026-07-20 23:51:10,start id_fixture,1587787704,
2026-07-20 23:51:12,ok id,1587787704,9
2026-07-20 23:51:26,start id_fixture,1587787703,
2026-07-20 23:51:28,ok id,1587787703,9
2026-07-20 23:51:38,start id_fixture,1587787695,
2026-07-20 23:51:40,ok id,1587787695,9
2026-07-20 23:51:53,start id_fixture,1587787696,
2026-07-20 23:51:54,ok id,1587787696,9
2026-07-20 23:52:09,start id_fixture,1587787693,
2026-07-20 23:52:12,ok id,1587787693,9
2026-07-20 23:54:00,start id_fixture,1587787697,
2026-07-20 23:54:02,ok id,1587787697,9
2026-07-20 23:54:51,start id_fixture,1588520542,
2026-07-20 23:54:52,ok id,1588520542,9
2026-07-20 23:55:40,start id_fixture,1588520548,
2026-07-20 23:55:42,ok id,1588520548,9
2026-07-20 23:55:55,start id_fixture,1588520546,
2026-07-20 23:55:57,ok id,1588520546,9
2026-07-20 23:56:07,start id_fixture,1588520552,
2026-07-20 23:56:09,ok id,1588520552,9
2026-07-20 23:56:59,start id_fixture,1588520553,
2026-07-20 23:57:00,ok id,1588520553,9
2026-07-20 23:57:17,start id_fixture,1588520556,
2026-07-20 23:57:18,ok id,1588520556,9
2026-07-20 23:57:40,start id_fixture,1588520547,
2026-07-20 23:57:42,ok id,1588520547,9
2026-07-20 23:58:18,start id_fixture,1588520545,
2026-07-20 23:58:19,ok id,1588520545,9
2026-07-20 23:58:32,start id_fixture,1588520544,
2026-07-20 23:58:33,ok id,1588520544,9
2026-07-20 23:59:16,start id_fixture,1589054669,
2026-07-20 23:59:17,ok id,1589054669,9
2026-07-20 23:59:28,start id_fixture,1589054683,
2026-07-20 23:59:30,ok id,1589054683,9
2026-07-20 23:59:58,start id_fixture,1589054666,
2026-07-20 23:59:59,ok id,1589054666,9
2026-07-21 00:00:14,start id_fixture,1589054668,
2026-07-21 00:00:15,ok id,1589054668,9
2026-07-21 00:00:49,start id_fixture,1589054680,
2026-07-21 00:00:50,ok id,1589054680,9
2026-07-21 00:01:02,start id_fixture,1589054684,
2026-07-21 00:01:03,ok id,1589054684,9
2026-07-21 00:01:16,start id_fixture,1589054671,
2026-07-21 00:01:17,ok id,1589054671,9
2026-07-21 00:01:29,start id_fixture,1589054681,
2026-07-21 00:01:30,ok id,1589054681,9
2026-07-21 00:02:36,start id_fixture,1589054679,
2026-07-21 00:02:37,ok id,1589054679,9
2026-07-21 00:03:04,start id_fixture,1589054670,
2026-07-21 00:03:05,ok id,1589054670,9
2026-07-21 00:04:06,start id_fixture,1588520549,
2026-07-21 00:04:08,ok id,1588520549,9
2026-07-21 00:04:31,start id_fixture,1589566338,
2026-07-21 00:04:32,ok id,1589566338,9
2026-07-21 00:05:04,start id_fixture,1589566341,
2026-07-21 00:05:05,ok id,1589566341,9
2026-07-21 00:05:17,start id_fixture,1589566343,
2026-07-21 00:05:19,ok id,1589566343,9
2026-07-21 00:05:34,start id_fixture,1589566339,
2026-07-21 00:05:35,ok id,1589566339,9
2026-07-21 00:20:48,start id_fixture,1589566329,
2026-07-21 00:20:49,ok id,1589566329,9
2026-07-21 00:21:00,start id_fixture,1589566330,
2026-07-21 00:21:01,ok id,1589566330,9
2026-07-21 00:21:16,start id_fixture,1589566342,
2026-07-21 00:21:17,ok id,1589566342,9
2026-07-21 00:21:31,start id_fixture,1589566334,
2026-07-21 00:21:32,ok id,1589566334,9
2026-07-21 00:21:52,start id_fixture,1589566328,
2026-07-21 00:21:53,ok id,1589566328,9
2026-07-21 00:22:26,start id_fixture,1589566336,
2026-07-21 00:22:27,ok id,1589566336,9
2026-07-21 00:23:01,start id_fixture,1589901264,
2026-07-21 00:23:02,ok id,1589901264,9
2026-07-21 00:23:52,start id_fixture,1589901255,
2026-07-21 00:23:53,ok id,1589901255,9
2026-07-21 00:24:06,start id_fixture,1589901260,
2026-07-21 00:24:07,ok id,1589901260,9
2026-07-21 00:47:10,start id_fixture,1589901254,
2026-07-21 00:47:11,ok id,1589901254,9
2026-07-21 00:47:32,start id_fixture,1589901257,
2026-07-21 00:47:33,ok id,1589901257,9
2026-07-21 00:47:46,start id_fixture,1589901281,
2026-07-21 00:47:47,ok id,1589901281,9
2026-07-21 00:48:08,start id_fixture,1589901262,
2026-07-21 00:48:09,ok id,1589901262,9
2026-07-21 00:48:30,start id_fixture,1589901256,
2026-07-21 00:48:31,ok id,1589901256,9
2026-07-21 00:49:46,start id_fixture,1589901252,
2026-07-21 00:49:47,ok id,1589901252,9
2026-07-21 00:50:00,start id_fixture,1589901286,
2026-07-21 00:50:01,ok id,1589901286,9
2026-07-21 00:51:44,start id_fixture,1590563834,
2026-07-21 00:51:45,ok id,1590563834,9
2026-07-21 00:52:31,start id_fixture,1590563851,
2026-07-21 00:52:32,ok id,1590563851,9
2026-07-21 00:52:46,start id_fixture,1590563836,
2026-07-21 00:52:47,ok id,1590563836,9
2026-07-21 00:53:43,start id_fixture,1590563857,
2026-07-21 00:53:44,ok id,1590563857,9
2026-07-21 00:53:58,start id_fixture,1590563859,
2026-07-21 00:53:59,ok id,1590563859,9
2026-07-21 00:54:10,start id_fixture,1590563843,
2026-07-21 00:54:11,ok id,1590563843,9
2026-07-21 00:54:21,start id_fixture,1590563840,
2026-07-21 00:54:22,ok id,1590563840,9
2026-07-21 00:54:35,start id_fixture,1590563835,
2026-07-21 00:54:36,ok id,1590563835,9
2026-07-21 00:55:30,start id_fixture,1590563813,
2026-07-21 00:55:31,ok id,1590563813,9
2026-07-21 00:55:42,start id_fixture,1590563841,
2026-07-21 00:55:43,ok id,1590563841,9
2026-07-21 00:56:15,start id_fixture,1591018802,
2026-07-21 00:56:16,ok id,1591018802,9
2026-07-21 00:56:50,start id_fixture,1591018798,
2026-07-21 00:56:51,ok id,1591018798,9
2026-07-21 00:57:10,start id_fixture,1591018803,
2026-07-21 00:57:11,ok id,1591018803,9
2026-07-21 00:57:57,start id_fixture,1591018810,
2026-07-21 00:57:58,ok id,1591018810,9
2026-07-21 00:58:11,start id_fixture,1591018804,
2026-07-21 00:58:13,ok id,1591018804,9
2026-07-21 00:58:26,start id_fixture,1591018800,
2026-07-21 00:58:27,ok id,1591018800,9
2026-07-21 00:58:40,start id_fixture,1591018799,
2026-07-21 00:58:41,ok id,1591018799,9
2026-07-21 00:58:52,start id_fixture,1591018801,
2026-07-21 00:58:53,ok id,1591018801,9
2026-07-21 00:59:26,start id_fixture,1591018808,
2026-07-21 00:59:27,ok id,1591018808,9
2026-07-21 00:59:42,start id_fixture,1591018817,
2026-07-21 00:59:43,ok id,1591018817,9
2026-07-21 01:00:17,start id_fixture,1591815480,
2026-07-21 01:00:19,ok id,1591815480,9
2026-07-21 01:01:10,start id_fixture,1591815474,
2026-07-21 01:01:11,ok id,1591815474,9
2026-07-21 01:01:54,start id_fixture,1591815481,
2026-07-21 01:01:55,ok id,1591815481,9
2026-07-21 01:02:07,start id_fixture,1591815478,
2026-07-21 01:02:08,ok id,1591815478,9
2026-07-21 01:02:57,start id_fixture,1591815477,
2026-07-21 01:02:58,ok id,1591815477,9
2026-07-21 01:03:09,start id_fixture,1591815476,
2026-07-21 01:03:11,ok id,1591815476,9
2026-07-21 01:03:27,start id_fixture,1591815479,
2026-07-21 01:03:28,ok id,1591815479,9
2026-07-21 01:03:40,start id_fixture,1591815473,
2026-07-21 01:03:42,ok id,1591815473,9
2026-07-21 01:03:58,start id_fixture,1591815482,
2026-07-21 01:03:59,ok id,1591815482,9
2026-07-21 01:04:18,start id_fixture,1591815475,
2026-07-21 01:04:19,ok id,1591815475,9
2026-07-21 01:05:14,start id_fixture,1586889877,
2026-07-21 01:05:15,ok id,1586889877,9
2026-07-21 17:01:20,start id_fixture,1593534691,
2026-07-21 17:01:21,ok id,1593534691,9
