id_fixture,ok,n_start,n_ok,n_err,first_seen,last_seen
351224,False,1,0,1,2026-07-15 15:23:19,2026-07-15 15:23:20
386769,False,1,0,1,2026-07-16 21:45:39,2026-07-16 21:45:41
416435,False,1,0,1,2026-07-15 21:35:40,2026-07-15 21:35:41
4634362,False,2,0,2,2026-06-29 19:24:46,2026-06-29 19:25:05
21075183,False,1,0,1,2026-07-15 23:08:30,2026-07-15 23:08:31
21106369,False,1,0,1,2026-07-13 19:12:22,2026-07-13 19:12:23
21140821,False,1,0,1,2026-07-14 19:22:38,2026-07-14 19:22:39
21206173,False,1,0,1,2026-07-16 01:32:06,2026-07-16 01:32:07
21207844,False,2,0,2,2026-07-14 22:25:35,2026-07-14 22:26:04
22228120,False,1,0,1,2026-07-16 16:40:55,2026-07-16 16:40:55
32711109,False,1,0,1,2026-07-16 17:14:11,2026-07-16 17:14:12
81021828,False,1,0,1,2026-06-26 21:13:17,2026-06-26 21:13:18
83930597,False,1,0,1,2026-06-26 21:17:40,2026-06-26 21:17:41
89066143,False,1,0,1,2026-06-26 21:23:30,2026-06-26 21:23:31
101033052,False,3,0,3,2026-06-26 16:28:05,2026-06-26 16:29:22
1574915092,True,1,1,0,2026-07-15 01:24:23,2026-07-15 01:24:24
1574915093,True,1,1,0,2026-07-15 01:22:13,2026-07-15 01:22:14
1574915094,True,1,1,0,2026-07-15 01:22:00,2026-07-15 01:22:01
1574915095,True,1,1,0,2026-07-15 01:23:45,2026-07-15 01:23:46
1574915096,True,1,1,0,2026-07-15 01:22:25,2026-07-15 01:22:26
1574915097,True,1,1,0,2026-07-15 01:21:11,2026-07-15 01:21:13
1574915098,True,1,1,0,2026-07-15 01:23:32,2026-07-15 01:23:34
1574915099,True,1,1,0,2026-07-15 01:23:16,2026-07-15 01:23:17
1574915100,True,1,1,0,2026-07-15 01:24:36,2026-07-15 01:24:37
1574915101,True,1,1,0,2026-07-15 01:20:54,2026-07-15 01:20:56
1575269313,True,1,1,0,2026-07-20 20:39:46,2026-07-20 20:39:47
1575269314,True,1,1,0,2026-07-20 20:40:20,2026-07-20 20:40:22
1575269315,True,1,1,0,2026-07-20 20:42:31,2026-07-20 20:42:32
1575269316,True,1,1,0,2026-07-20 20:39:21,2026-07-20 20:39:22
1575269317,True,1,1,0,2026-07-20 20:41:30,2026-07-20 20:41:31
1575269318,True,1,1,0,2026-07-20 20:41:42,2026-07-20 20:41:42
1575269319,True,1,1,0,2026-07-20 20:41:53,2026-07-20 20:41:54
1575269320,True,1,1,0,2026-07-16 17:26:38,2026-07-16 17:26:39
1575269321,True,1,1,0,2026-07-16 17:26:26,2026-07-16 17:26:27
1575269322,True,1,1,0,2026-07-16 17:24:06,2026-07-16 17:24:07
1575269323,True,1,1,0,2026-07-20 20:42:06,2026-07-20 20:42:07
1575269324,True,1,1,0,2026-07-16 17:26:15,2026-07-16 17:26:16
1575269325,True,1,1,0,2026-07-20 20:42:43,2026-07-20 20:42:44
1575269326,True,1,1,0,2026-07-20 20:39:07,2026-07-20 20:39:08
1575269327,True,1,1,0,2026-07-16 17:24:40,2026-07-16 17:24:41
1575269328,True,1,1,0,2026-07-16 17:25:59,2026-07-16 17:26:00
1575269329,True,1,1,0,2026-07-16 17:24:51,2026-07-16 17:24:52
1575269330,True,1,1,0,2026-07-16 17:25:31,2026-07-16 17:25:32
1575269331,True,1,1,0,2026-07-16 17:25:44,2026-07-16 17:25:45
1576158467,True,1,1,0,2026-07-15 01:27:32,2026-07-15 01:27:33
1576158468,True,1,1,0,2026-07-15 01:26:12,2026-07-15 01:26:13
1576158469,True,1,1,0,2026-07-15 01:26:38,2026-07-15 01:26:39
1576158473,True,1,1,0,2026-07-15 01:25:08,2026-07-15 01:25:09
1576158476,True,1,1,0,2026-07-15 01:25:22,2026-07-15 01:25:23
1576158478,True,1,1,0,2026-07-15 01:26:25,2026-07-15 01:26:26
1576158481,True,1,1,0,2026-07-15 01:28:02,2026-07-15 01:28:03
1576158482,True,1,1,0,2026-07-15 14:50:20,2026-07-15 14:50:21
1576158483,True,1,1,0,2026-07-15 01:27:48,2026-07-15 01:27:49
1576158485,True,1,1,0,2026-07-15 14:50:05,2026-07-15 14:50:06
1576467294,True,1,1,0,2026-07-20 20:46:18,2026-07-20 20:46:19
1576467297,True,1,1,0,2026-07-20 20:47:58,2026-07-20 20:47:59
1576467298,True,1,1,0,2026-07-20 20:46:44,2026-07-20 20:46:45
1576467299,True,1,1,0,2026-07-20 20:47:46,2026-07-20 20:47:47
1576467300,True,1,1,0,2026-07-20 20:48:54,2026-07-20 20:48:55
1576467301,True,1,1,0,2026-07-20 20:48:12,2026-07-20 20:48:13
1576467302,True,1,1,0,2026-07-20 20:46:30,2026-07-20 20:46:32
1576467303,True,1,1,0,2026-07-20 20:46:58,2026-07-20 20:46:59
1576467304,True,1,1,0,2026-07-20 20:47:33,2026-07-20 20:47:34
1576467305,True,1,1,0,2026-07-20 20:48:42,2026-07-20 20:48:44
1576535666,True,1,1,0,2026-07-16 19:44:08,2026-07-16 19:44:09
1576578682,True,1,1,0,2026-07-16 19:44:50,2026-07-16 19:44:51
1576598556,True,1,1,0,2026-07-16 19:44:36,2026-07-16 19:44:38
1576629226,True,1,1,0,2026-07-16 19:46:29,2026-07-16 19:46:31
1576634211,True,1,1,0,2026-07-16 19:46:06,2026-07-16 19:46:07
1576634213,True,1,1,0,2026-07-16 19:45:53,2026-07-16 19:45:55
1576634215,True,1,1,0,2026-07-16 19:46:17,2026-07-16 19:46:19
1576634760,True,1,1,0,2026-07-16 19:45:40,2026-07-16 19:45:41
1576634762,True,1,1,0,2026-07-16 19:45:28,2026-07-16 19:45:29
1576823014,True,1,1,0,2026-07-15 14:53:34,2026-07-15 14:53:34
1576823015,True,1,1,0,2026-07-15 14:51:40,2026-07-15 14:51:41
1576823016,True,1,1,0,2026-07-16 19:47:46,2026-07-16 19:47:47
1576823017,True,1,1,0,2026-07-15 14:53:21,2026-07-15 14:53:21
1576823018,True,1,1,0,2026-07-15 14:52:01,2026-07-15 14:52:02
1576823019,True,1,1,0,2026-07-16 19:49:14,2026-07-16 19:49:15
1576823020,True,1,1,0,2026-07-16 19:49:28,2026-07-16 19:49:29
1576823022,True,1,1,0,2026-07-16 19:50:06,2026-07-16 19:50:07
1576823023,True,1,1,0,2026-07-15 14:52:49,2026-07-15 14:52:50
1576823024,True,1,1,0,2026-07-15 14:51:02,2026-07-15 14:51:02
1576823025,True,1,1,0,2026-07-16 19:47:59,2026-07-16 19:48:00
1576823026,True,1,1,0,2026-07-16 19:49:53,2026-07-16 19:49:54
1576823027,True,1,1,0,2026-07-16 19:47:16,2026-07-16 19:47:18
1576823028,True,1,1,0,2026-07-16 19:49:01,2026-07-16 19:49:02
1576823029,True,1,1,0,2026-07-15 14:51:51,2026-07-15 14:51:52
1576823030,True,1,1,0,2026-07-15 14:52:26,2026-07-15 14:52:27
1576823031,True,1,1,0,2026-07-15 14:50:45,2026-07-15 14:50:46
1576823032,True,1,1,0,2026-07-16 19:49:42,2026-07-16 19:49:43
1576823033,True,1,1,0,2026-07-15 14:52:38,2026-07-15 14:52:39
1577234387,True,1,1,0,2026-07-16 19:52:40,2026-07-16 19:52:41
1577234388,True,1,1,0,2026-07-16 19:51:12,2026-07-16 19:51:13
1577234389,True,1,1,0,2026-07-15 14:54:03,2026-07-15 14:54:04
1577234391,True,1,1,0,2026-07-16 19:51:24,2026-07-16 19:51:25
1577234392,True,1,1,0,2026-07-20 20:51:00,2026-07-20 20:51:01
1577234393,True,1,1,0,2026-07-20 20:51:15,2026-07-20 20:51:16
1577234396,True,1,1,0,2026-07-15 14:54:14,2026-07-15 14:54:14
1577234398,True,1,1,0,2026-07-15 14:55:20,2026-07-15 14:55:21
1577234399,True,1,1,0,2026-07-15 14:56:10,2026-07-15 14:56:11
1577234400,True,1,1,0,2026-07-16 19:52:27,2026-07-16 19:52:28
1577234401,True,1,1,0,2026-07-20 20:49:53,2026-07-20 20:49:54
1577234402,True,1,1,0,2026-07-20 20:52:34,2026-07-20 20:52:35
1577234404,True,1,1,0,2026-07-20 20:50:30,2026-07-20 20:50:31
1577234405,True,1,1,0,2026-07-20 20:51:50,2026-07-20 20:51:51
1577234407,True,1,1,0,2026-07-15 14:54:46,2026-07-15 14:54:47
1577234408,True,1,1,0,2026-07-15 14:55:50,2026-07-15 14:55:51
1577234412,True,1,1,0,2026-07-20 20:49:35,2026-07-20 20:49:36
1577234414,True,1,1,0,2026-07-16 19:53:05,2026-07-16 19:53:06
1577234417,True,1,1,0,2026-07-16 19:52:10,2026-07-16 19:52:12
1577234418,True,1,1,0,2026-07-20 20:50:43,2026-07-20 20:50:44
1577234421,True,1,1,0,2026-07-16 19:50:46,2026-07-16 19:50:47
1577234422,True,1,1,0,2026-07-15 14:55:59,2026-07-15 14:56:00
1577234427,True,1,1,0,2026-07-20 20:52:04,2026-07-20 20:52:05
1577234428,True,1,1,0,2026-07-16 19:52:51,2026-07-16 19:52:52
1577234429,True,1,1,0,2026-07-20 20:52:18,2026-07-20 20:52:19
1577234438,True,1,1,0,2026-07-16 19:51:59,2026-07-16 19:52:01
1577234441,True,1,1,0,2026-07-15 14:54:58,2026-07-15 14:54:58
1577234442,True,1,1,0,2026-07-15 14:55:10,2026-07-15 14:55:10
1577722903,True,1,1,0,2026-07-20 20:54:42,2026-07-20 20:54:43
1577722904,True,1,1,0,2026-07-16 19:58:00,2026-07-16 19:58:01
1577722905,True,1,1,0,2026-07-20 20:55:10,2026-07-20 20:55:11
1577722906,True,1,1,0,2026-07-16 19:57:14,2026-07-16 19:57:15
1577722907,True,1,1,0,2026-07-20 20:53:55,2026-07-20 20:53:57
1577722908,True,1,1,0,2026-07-20 20:53:28,2026-07-20 20:53:29
1577722909,True,1,1,0,2026-07-20 20:55:21,2026-07-20 20:55:22
1577722910,True,1,1,0,2026-07-16 19:57:01,2026-07-16 19:57:02
1577722911,True,1,1,0,2026-07-15 14:59:10,2026-07-15 14:59:11
1577722912,True,1,1,0,2026-07-15 15:06:04,2026-07-15 15:06:05
1577722913,True,1,1,0,2026-07-15 15:05:22,2026-07-15 15:05:23
1577722914,True,1,1,0,2026-07-16 19:58:21,2026-07-16 19:58:22
1577722915,True,1,1,0,2026-07-16 19:58:45,2026-07-16 19:58:46
1577722916,True,1,1,0,2026-07-16 19:53:36,2026-07-16 19:53:37
1577722919,True,1,1,0,2026-07-15 14:58:59,2026-07-15 14:59:00
1577722920,True,1,1,0,2026-07-20 20:55:34,2026-07-20 20:55:35
1577722924,True,1,1,0,2026-07-20 20:56:04,2026-07-20 20:56:05
1577722925,True,1,1,0,2026-07-15 14:56:39,2026-07-15 14:56:40
1577722926,True,1,1,0,2026-07-15 14:59:38,2026-07-15 14:59:39
1577722927,True,1,1,0,2026-07-15 15:00:43,2026-07-15 15:00:44
1577722928,True,1,1,0,2026-07-16 19:54:13,2026-07-16 19:54:15
1577722931,True,1,1,0,2026-07-16 19:54:26,2026-07-16 19:54:27
1577722932,True,1,1,0,2026-07-20 20:54:56,2026-07-20 20:54:57
1577722933,True,1,1,0,2026-07-20 20:56:30,2026-07-20 20:56:30
1577722934,True,1,1,0,2026-07-15 15:05:11,2026-07-15 15:05:12
1577722935,True,1,1,0,2026-07-15 15:04:58,2026-07-15 15:04:59
1577722936,True,1,1,0,2026-07-16 19:58:58,2026-07-16 19:58:59
1577722937,True,1,1,0,2026-07-20 20:53:12,2026-07-20 20:53:13
1577722940,True,1,1,0,2026-07-15 15:05:34,2026-07-15 15:05:35
1578132523,True,1,1,0,2026-07-16 19:59:33,2026-07-16 19:59:34
1578132524,True,1,1,0,2026-07-16 20:01:35,2026-07-16 20:01:36
1578132525,True,1,1,0,2026-07-16 20:02:47,2026-07-16 20:02:49
1578132527,True,1,1,0,2026-07-16 20:02:09,2026-07-16 20:02:10
1578132530,True,1,1,0,2026-07-16 20:02:30,2026-07-16 20:02:31
1578132531,True,1,1,0,2026-07-15 15:08:30,2026-07-15 15:08:31
1578132532,True,1,1,0,2026-07-15 15:07:13,2026-07-15 15:07:14
1578132534,True,1,1,0,2026-07-16 20:00:38,2026-07-16 20:00:40
1578132535,True,1,1,0,2026-07-16 20:03:20,2026-07-16 20:03:21
1578132540,True,1,1,0,2026-07-16 20:00:54,2026-07-16 20:00:56
1578132541,True,1,1,0,2026-07-15 15:07:37,2026-07-15 15:07:38
1578132543,True,1,1,0,2026-07-16 20:01:52,2026-07-16 20:01:53
1578132544,True,1,1,0,2026-07-15 15:09:02,2026-07-15 15:09:03
1578132548,True,1,1,0,2026-07-15 15:07:26,2026-07-15 15:07:27
1578132550,True,1,1,0,2026-07-20 21:03:49,2026-07-20 21:03:50
1578132553,True,1,1,0,2026-07-15 15:06:38,2026-07-15 15:06:38
1578132554,True,1,1,0,2026-07-15 15:09:12,2026-07-15 15:09:13
1578132555,True,1,1,0,2026-07-20 20:58:21,2026-07-20 20:58:22
1578132556,True,1,1,0,2026-07-20 21:04:58,2026-07-20 21:04:59
1578132557,True,1,1,0,2026-07-20 20:57:25,2026-07-20 20:57:26
1578132563,True,1,1,0,2026-07-15 15:08:50,2026-07-15 15:08:51
1578132565,True,1,1,0,2026-07-20 21:04:01,2026-07-20 21:04:03
1578132566,True,1,1,0,2026-07-20 21:04:36,2026-07-20 21:04:37
1578132568,True,1,1,0,2026-07-15 15:09:26,2026-07-15 15:09:26
1578132572,True,1,1,0,2026-07-15 15:07:50,2026-07-15 15:07:51
1578132575,True,1,1,0,2026-07-20 20:57:10,2026-07-20 20:57:11
1578132576,True,1,1,0,2026-07-20 21:04:18,2026-07-20 21:04:19
1578132578,True,1,1,0,2026-07-20 20:58:07,2026-07-20 20:58:08
1578758202,True,1,1,0,2026-07-15 15:11:23,2026-07-15 15:11:24
1578768505,True,1,1,0,2026-07-20 21:05:43,2026-07-20 21:05:44
1578770627,True,1,1,0,2026-07-15 15:11:09,2026-07-15 15:11:10
1578805336,True,1,1,0,2026-07-16 20:03:54,2026-07-16 20:03:55
1578805339,True,1,1,0,2026-07-16 20:04:28,2026-07-16 20:04:29
1578805341,True,1,1,0,2026-07-20 21:08:57,2026-07-20 21:08:58
1578805342,True,1,1,0,2026-07-16 20:04:45,2026-07-16 20:04:46
1578805345,True,1,1,0,2026-07-16 20:12:01,2026-07-16 20:12:02
1578805346,True,1,1,0,2026-07-20 21:08:27,2026-07-20 21:08:28
1578805347,True,1,1,0,2026-07-15 15:13:54,2026-07-15 15:13:55
1578805348,True,1,1,0,2026-07-20 21:08:02,2026-07-20 21:08:03
1578805349,True,1,1,0,2026-07-15 15:13:29,2026-07-15 15:13:30
1578805350,True,1,1,0,2026-07-15 15:12:34,2026-07-15 15:12:35
1578805352,True,1,1,0,2026-07-16 20:11:12,2026-07-16 20:11:13
1578805354,True,1,1,0,2026-07-20 21:06:48,2026-07-20 21:06:49
1578805355,True,1,1,0,2026-07-16 20:11:28,2026-07-16 20:11:29
1578805357,True,1,1,0,2026-07-20 21:09:11,2026-07-20 21:09:12
1578805358,True,1,1,0,2026-07-16 20:10:56,2026-07-16 20:10:57
1578805359,True,1,1,0,2026-07-15 15:12:08,2026-07-15 15:12:09
1578805360,True,1,1,0,2026-07-15 15:12:45,2026-07-15 15:12:46
1578805362,True,1,1,0,2026-07-20 21:06:28,2026-07-20 21:06:29
1578805365,True,1,1,0,2026-07-15 15:12:58,2026-07-15 15:12:59
1578805371,True,1,1,0,2026-07-15 15:12:21,2026-07-15 15:12:22
1578805372,True,1,1,0,2026-07-20 21:07:36,2026-07-20 21:07:37
1578805373,True,1,1,0,2026-07-15 15:13:41,2026-07-15 15:13:42
1578805377,True,1,1,0,2026-07-16 20:10:41,2026-07-16 20:10:43
1578805378,True,1,1,0,2026-07-20 21:07:12,2026-07-20 21:07:13
1578805379,True,1,1,0,2026-07-20 21:09:24,2026-07-20 21:09:25
1578805380,True,1,1,0,2026-07-16 20:11:43,2026-07-16 20:11:44
1578928904,True,1,1,0,2026-07-15 15:14:43,2026-07-15 15:14:44
1578977375,True,1,1,0,2026-07-15 15:15:54,2026-07-15 15:15:55
1578985991,True,1,1,0,2026-07-20 21:10:32,2026-07-20 21:10:33
1579001977,True,1,1,0,2026-07-15 15:15:43,2026-07-15 15:15:44
1579014577,True,1,1,0,2026-07-20 21:10:16,2026-07-20 21:10:17
1579016998,True,1,1,0,2026-07-15 15:15:29,2026-07-15 15:15:30
1579029057,True,1,1,0,2026-07-20 21:10:04,2026-07-20 21:10:05
1579029378,True,1,1,0,2026-07-15 15:15:17,2026-07-15 15:15:18
1579059332,True,1,1,0,2026-07-20 21:11:51,2026-07-20 21:11:52
1579064823,True,1,1,0,2026-07-15 15:21:29,2026-07-15 15:21:30
1579069107,True,1,1,0,2026-07-20 21:11:38,2026-07-20 21:11:38
1579072742,True,1,1,0,2026-07-15 15:21:16,2026-07-15 15:21:17
1579080841,True,1,1,0,2026-07-20 21:11:07,2026-07-20 21:11:09
1579080842,True,1,1,0,2026-07-20 21:11:22,2026-07-20 21:11:23
1579092600,True,1,1,0,2026-07-15 15:20:55,2026-07-15 15:20:56
1579140883,True,1,1,0,2026-07-20 21:13:03,2026-07-20 21:13:04
1579140885,True,1,1,0,2026-07-20 21:12:45,2026-07-20 21:12:46
1579151198,True,1,1,0,2026-07-20 21:12:27,2026-07-20 21:12:28
1579151726,True,1,1,0,2026-07-15 15:22:01,2026-07-15 15:22:02
1579259225,True,1,1,0,2026-07-16 20:13:19,2026-07-16 20:13:20
1579259226,True,1,1,0,2026-07-16 20:14:18,2026-07-16 20:14:19
1579259229,True,1,1,0,2026-07-16 20:13:03,2026-07-16 20:13:04
1579259230,True,1,1,0,2026-07-16 20:12:33,2026-07-16 20:12:34
1579259231,True,1,1,0,2026-07-16 20:44:39,2026-07-16 20:44:40
1579259232,True,1,1,0,2026-07-16 20:14:52,2026-07-16 20:14:53
1579259234,True,1,1,0,2026-07-16 20:14:00,2026-07-16 20:14:01
1579259236,True,1,1,0,2026-07-16 20:14:38,2026-07-16 20:14:39
1579259240,True,1,1,0,2026-07-16 20:15:06,2026-07-16 20:15:07
1579266686,True,1,1,0,2026-07-15 15:21:06,2026-07-15 15:21:07
1579385243,True,1,1,0,2026-07-15 15:22:29,2026-07-15 15:22:30
1579424129,True,1,1,0,2026-07-15 15:23:52,2026-07-15 15:23:53
1579444608,True,1,1,0,2026-07-15 15:23:33,2026-07-15 15:23:34
1579456286,True,1,1,0,2026-07-15 15:24:07,2026-07-15 15:24:08
1579472070,True,1,1,0,2026-07-20 21:16:11,2026-07-20 21:16:12
1579472071,True,1,1,0,2026-07-20 21:16:38,2026-07-20 21:16:39
1579472072,True,1,1,0,2026-07-20 21:14:39,2026-07-20 21:14:40
1579472074,True,1,1,0,2026-07-20 21:14:59,2026-07-20 21:15:00
1579472075,True,1,1,0,2026-07-20 21:16:25,2026-07-20 21:16:26
1579472076,True,1,1,0,2026-07-20 21:15:58,2026-07-20 21:15:58
1579472077,True,1,1,0,2026-07-20 21:15:44,2026-07-20 21:15:44
1579472078,True,1,1,0,2026-07-20 21:13:47,2026-07-20 21:13:48
1579472100,True,1,1,0,2026-07-20 21:14:23,2026-07-20 21:14:24
1579472101,True,1,1,0,2026-07-20 21:13:35,2026-07-20 21:13:37
1579473503,True,1,1,0,2026-07-15 15:23:08,2026-07-15 15:23:09
1579513559,True,1,1,0,2026-07-15 15:25:24,2026-07-15 15:25:25
1579514573,True,1,1,0,2026-07-15 15:25:14,2026-07-15 15:25:15
1579514574,True,1,1,0,2026-07-15 15:25:02,2026-07-15 15:25:03
1579514575,True,1,1,0,2026-07-15 15:24:41,2026-07-15 15:24:41
1579514576,True,1,1,0,2026-07-15 15:24:51,2026-07-15 15:24:52
1579747219,True,1,1,0,2026-07-20 21:19:06,2026-07-20 21:19:07
1579747220,True,1,1,0,2026-07-20 21:18:21,2026-07-20 21:18:22
1579747221,True,1,1,0,2026-07-15 15:28:55,2026-07-15 15:28:56
1579747222,True,1,1,0,2026-07-15 15:29:06,2026-07-15 15:29:07
1579747223,True,1,1,0,2026-07-20 21:18:09,2026-07-20 21:18:10
1579747224,True,1,1,0,2026-07-15 15:32:48,2026-07-15 15:32:49
1579747225,True,1,1,0,2026-07-20 21:18:36,2026-07-20 21:18:37
1579747226,True,1,1,0,2026-07-20 21:17:39,2026-07-20 21:17:40
1579747227,True,1,1,0,2026-07-20 21:20:11,2026-07-20 21:20:12
1579747228,True,1,1,0,2026-07-20 21:19:57,2026-07-20 21:19:58
1579747229,True,1,1,0,2026-07-15 15:29:44,2026-07-15 15:29:45
1579747230,True,1,1,0,2026-07-15 15:29:29,2026-07-15 15:29:30
1579747231,True,1,1,0,2026-07-15 15:28:07,2026-07-15 15:28:08
1579747235,True,1,1,0,2026-07-15 15:33:41,2026-07-15 15:33:42
1579747237,True,1,1,0,2026-07-15 15:32:26,2026-07-15 15:32:27
1579747238,True,1,1,0,2026-07-20 21:17:15,2026-07-20 21:17:16
1579747240,True,1,1,0,2026-07-20 21:19:23,2026-07-20 21:19:24
1579747242,True,1,1,0,2026-07-20 21:17:27,2026-07-20 21:17:28
1579747243,True,1,1,0,2026-07-16 20:29:35,2026-07-16 20:29:37
1579747244,True,1,1,0,2026-07-16 20:25:36,2026-07-16 20:25:37
1579747245,True,1,1,0,2026-07-16 20:29:51,2026-07-16 20:29:52
1579747246,True,1,1,0,2026-07-16 20:28:36,2026-07-16 20:28:37
1579747250,True,1,1,0,2026-07-15 15:33:00,2026-07-15 15:33:01
1579747251,True,1,1,0,2026-07-15 15:32:37,2026-07-15 15:32:38
1579747254,True,1,1,0,2026-07-16 20:29:20,2026-07-16 20:29:21
1579747255,True,1,1,0,2026-07-16 20:30:07,2026-07-16 20:30:08
1579747261,True,1,1,0,2026-07-16 20:15:49,2026-07-16 20:15:50
1579747262,True,1,1,0,2026-07-16 20:28:50,2026-07-16 20:28:51
1579747263,True,1,1,0,2026-07-16 20:25:46,2026-07-16 20:25:47
1580147758,True,1,1,0,2026-07-16 20:31:49,2026-07-16 20:31:51
1580147759,True,1,1,0,2026-07-16 20:33:58,2026-07-16 20:33:59
1580147760,True,1,1,0,2026-07-20 21:23:55,2026-07-20 21:23:56
1580147761,True,1,1,0,2026-07-16 20:34:16,2026-07-16 20:34:17
1580147762,True,1,1,0,2026-07-16 20:31:26,2026-07-16 20:31:27
1580147763,True,1,1,0,2026-07-16 20:32:33,2026-07-16 20:32:34
1580147764,True,1,1,0,2026-07-16 20:33:43,2026-07-16 20:33:44
1580147765,True,1,1,0,2026-07-20 21:23:11,2026-07-20 21:23:12
1580147768,True,1,1,0,2026-07-15 15:39:58,2026-07-15 15:39:59
1580147769,True,1,1,0,2026-07-20 21:23:42,2026-07-20 21:23:43
1580147770,True,1,1,0,2026-07-15 15:40:36,2026-07-15 15:40:37
1580147771,True,1,1,0,2026-07-20 21:21:38,2026-07-20 21:21:39
1580147774,True,1,1,0,2026-07-20 21:22:33,2026-07-20 21:22:35
1580147776,True,1,1,0,2026-07-16 20:33:22,2026-07-16 20:33:24
1580147778,True,1,1,0,2026-07-16 20:30:48,2026-07-16 20:30:49
1580147781,True,1,1,0,2026-07-15 15:39:46,2026-07-15 15:39:47
1580147782,True,1,1,0,2026-07-15 15:35:25,2026-07-15 15:35:26
1580147783,True,1,1,0,2026-07-15 15:35:00,2026-07-15 15:35:01
1580147785,True,1,1,0,2026-07-15 15:39:18,2026-07-15 15:39:19
1580147786,True,1,1,0,2026-07-15 15:34:14,2026-07-15 15:34:15
1580147791,True,1,1,0,2026-07-15 15:34:47,2026-07-15 15:34:48
1580147795,True,1,1,0,2026-07-20 21:21:25,2026-07-20 21:21:26
1580147797,True,1,1,0,2026-07-15 15:39:32,2026-07-15 15:39:33
1580147798,True,1,1,0,2026-07-20 21:22:44,2026-07-20 21:22:45
1580147799,True,1,1,0,2026-07-20 21:22:01,2026-07-20 21:22:02
1580147801,True,1,1,0,2026-07-20 21:22:56,2026-07-20 21:22:57
1580147804,True,1,1,0,2026-07-20 21:20:46,2026-07-20 21:20:47
1580147805,True,1,1,0,2026-07-15 15:35:10,2026-07-15 15:35:11
1580563413,True,1,1,0,2026-07-20 21:24:26,2026-07-20 21:24:27
1580710690,True,1,1,0,2026-07-16 20:37:49,2026-07-16 20:37:51
1580710692,True,1,1,0,2026-07-16 20:36:29,2026-07-16 20:36:31
1580710693,True,1,1,0,2026-07-16 20:36:10,2026-07-16 20:36:11
1580710694,True,1,1,0,2026-07-15 15:42:09,2026-07-15 15:42:10
1580710695,True,1,1,0,2026-07-15 15:41:40,2026-07-15 15:41:41
1580710696,True,1,1,0,2026-07-16 20:34:45,2026-07-16 20:34:47
1580710697,True,1,1,0,2026-07-15 16:03:08,2026-07-15 16:03:09
1580710698,True,1,1,0,2026-07-20 21:28:40,2026-07-20 21:28:41
1580710699,True,1,1,0,2026-07-16 20:35:19,2026-07-16 20:35:20
1580710700,True,1,1,0,2026-07-20 21:25:42,2026-07-20 21:25:43
1580710701,True,1,1,0,2026-07-15 15:41:07,2026-07-15 15:41:08
1580710702,True,1,1,0,2026-07-15 16:03:59,2026-07-15 16:03:59
1580710703,True,1,1,0,2026-07-20 21:27:26,2026-07-20 21:27:26
1580710704,True,1,1,0,2026-07-20 21:27:55,2026-07-20 21:27:56
1580710707,True,1,1,0,2026-07-16 20:35:33,2026-07-16 20:35:34
1580710708,True,1,1,0,2026-07-16 20:37:19,2026-07-16 20:37:20
1580710710,True,1,1,0,2026-07-16 20:37:06,2026-07-16 20:37:07
1580710711,True,1,1,0,2026-07-15 15:41:54,2026-07-15 15:41:55
1580710712,True,1,1,0,2026-07-15 16:03:25,2026-07-15 16:03:26
1580710713,True,1,1,0,2026-07-15 16:02:45,2026-07-15 16:02:46
1580710715,True,1,1,0,2026-07-16 20:36:48,2026-07-16 20:36:49
1580710716,True,1,1,0,2026-07-15 15:42:23,2026-07-15 15:42:24
1580710717,True,1,1,0,2026-07-15 16:02:58,2026-07-15 16:02:59
1580710718,True,1,1,0,2026-07-20 21:26:28,2026-07-20 21:26:29
1580710719,True,1,1,0,2026-07-20 21:27:10,2026-07-20 21:27:11
1580710720,True,1,1,0,2026-07-20 21:28:53,2026-07-20 21:28:54
1580710721,True,1,1,0,2026-07-20 21:27:42,2026-07-20 21:27:43
1580710722,True,1,1,0,2026-07-20 21:26:03,2026-07-20 21:26:03
1581151564,True,1,1,0,2026-07-15 16:07:05,2026-07-15 16:07:06
1581151565,True,1,1,0,2026-07-15 16:06:34,2026-07-15 16:06:35
1581151566,True,1,1,0,2026-07-15 16:11:15,2026-07-15 16:11:16
1581151567,True,1,1,0,2026-07-15 16:05:58,2026-07-15 16:05:59
1581151568,True,1,1,0,2026-07-15 16:06:18,2026-07-15 16:06:18
1581151569,True,1,1,0,2026-07-15 16:05:44,2026-07-15 16:05:45
1581151571,True,1,1,0,2026-07-15 16:07:16,2026-07-15 16:07:17
1581151572,True,1,1,0,2026-07-15 16:07:27,2026-07-15 16:07:28
1581151573,True,1,1,0,2026-07-15 16:04:28,2026-07-15 16:04:29
1581151574,True,1,1,0,2026-07-15 16:05:03,2026-07-15 16:05:04
1581151945,True,1,1,0,2026-07-16 20:40:24,2026-07-16 20:40:25
1581151948,True,1,1,0,2026-07-16 20:39:13,2026-07-16 20:39:14
1581151951,True,1,1,0,2026-07-20 21:32:04,2026-07-20 21:32:05
1581151952,True,1,1,0,2026-07-20 21:29:33,2026-07-20 21:29:34
1581151954,True,1,1,0,2026-07-20 21:30:17,2026-07-20 21:30:18
1581151956,True,1,1,0,2026-07-20 21:32:39,2026-07-20 21:32:40
1581151957,True,1,1,0,2026-07-20 21:29:21,2026-07-20 21:29:22
1581151958,True,1,1,0,2026-07-16 20:40:47,2026-07-16 20:40:48
1581151959,True,1,1,0,2026-07-16 20:38:51,2026-07-16 20:38:52
1581151960,True,1,1,0,2026-07-16 20:40:10,2026-07-16 20:40:11
1581151961,True,1,1,0,2026-07-16 20:40:36,2026-07-16 20:40:37
1581151963,True,1,1,0,2026-07-16 20:38:21,2026-07-16 20:38:23
1581151966,True,1,1,0,2026-07-20 21:30:34,2026-07-20 21:30:36
1581151967,True,1,1,0,2026-07-16 20:41:00,2026-07-16 20:41:01
1581151970,True,1,1,0,2026-07-20 21:31:37,2026-07-20 21:31:38
1581151971,True,1,1,0,2026-07-20 21:30:00,2026-07-20 21:30:01
1581151972,True,1,1,0,2026-07-20 21:31:19,2026-07-20 21:31:20
1581151973,True,1,1,0,2026-07-20 21:32:19,2026-07-20 21:32:20
1581559751,True,1,1,0,2026-07-16 20:43:00,2026-07-16 20:43:01
1581559753,True,1,1,0,2026-07-16 20:44:04,2026-07-16 20:44:05
1581559754,True,1,1,0,2026-07-16 20:43:13,2026-07-16 20:43:14
1581559755,True,1,1,0,2026-07-16 20:43:49,2026-07-16 20:43:51
1581559756,True,1,1,0,2026-07-16 20:43:39,2026-07-16 20:43:40
1581559759,True,1,1,0,2026-07-16 20:42:22,2026-07-16 20:42:23
1581559760,True,1,1,0,2026-07-15 16:09:57,2026-07-15 16:09:58
1581559761,True,1,1,0,2026-07-16 20:42:08,2026-07-16 20:42:10
1581559763,True,1,1,0,2026-07-15 16:09:38,2026-07-15 16:09:39
1581559771,True,1,1,0,2026-07-20 21:34:56,2026-07-20 21:34:57
1581559776,True,1,1,0,2026-07-15 16:08:53,2026-07-15 16:08:54
1581559778,True,1,1,0,2026-07-20 21:36:34,2026-07-20 21:36:35
1581559780,True,1,1,0,2026-07-16 20:43:27,2026-07-16 20:43:28
1581559781,True,1,1,0,2026-07-15 16:09:05,2026-07-15 16:09:06
1581559782,True,1,1,0,2026-07-15 16:07:58,2026-07-15 16:07:59
1581559783,True,1,1,0,2026-07-16 20:41:37,2026-07-16 20:41:38
1581559784,True,1,1,0,2026-07-20 21:36:01,2026-07-20 21:36:02
1581559785,True,1,1,0,2026-07-15 16:08:41,2026-07-15 16:08:42
1581559786,True,1,1,0,2026-07-20 21:35:28,2026-07-20 21:35:30
1581559787,True,1,1,0,2026-07-15 16:10:11,2026-07-15 16:10:12
1581559789,True,1,1,0,2026-07-20 21:34:44,2026-07-20 21:34:45
1581559790,True,1,1,0,2026-07-15 16:08:28,2026-07-15 16:08:29
1581559791,True,1,1,0,2026-07-15 16:10:38,2026-07-15 16:10:39
1581559793,True,1,1,0,2026-07-20 21:35:14,2026-07-20 21:35:16
1581559794,True,1,1,0,2026-07-20 21:33:38,2026-07-20 21:33:40
1581559795,True,1,1,0,2026-07-15 16:09:48,2026-07-15 16:09:49
1581559796,True,1,1,0,2026-07-20 21:33:53,2026-07-20 21:33:54
1581559797,True,1,1,0,2026-07-20 21:33:23,2026-07-20 21:33:24
1581559799,True,1,1,0,2026-07-20 21:34:30,2026-07-20 21:34:31
1582046701,True,1,1,0,2026-07-16 20:45:03,2026-07-16 20:45:04
1582046702,True,1,1,0,2026-07-16 20:45:40,2026-07-16 20:45:42
1582046704,True,1,1,0,2026-07-15 16:14:49,2026-07-15 16:14:50
1582046705,True,1,1,0,2026-07-20 21:39:53,2026-07-20 21:39:54
1582046707,True,1,1,0,2026-07-16 20:51:33,2026-07-16 20:51:34
1582046708,True,1,1,0,2026-07-15 16:16:41,2026-07-15 16:16:42
1582046712,True,1,1,0,2026-07-16 20:51:07,2026-07-16 20:51:08
1582046713,True,1,1,0,2026-07-16 20:52:00,2026-07-16 20:52:01
1582046714,True,1,1,0,2026-07-15 16:15:07,2026-07-15 16:15:08
1582046715,True,1,1,0,2026-07-20 21:38:44,2026-07-20 21:38:45
1582046716,True,1,1,0,2026-07-15 16:15:22,2026-07-15 16:15:22
1582046717,True,1,1,0,2026-07-20 21:37:01,2026-07-20 21:37:03
1582046718,True,1,1,0,2026-07-20 21:40:27,2026-07-20 21:40:28
1582046719,True,1,1,0,2026-07-15 16:17:21,2026-07-15 16:17:22
1582046720,True,1,1,0,2026-07-20 21:39:17,2026-07-20 21:39:18
1582046721,True,1,1,0,2026-07-16 20:51:47,2026-07-16 20:51:49
1582046723,True,1,1,0,2026-07-16 20:52:13,2026-07-16 20:52:14
1582046724,True,1,1,0,2026-07-15 16:11:52,2026-07-15 16:11:53
1582046725,True,1,1,0,2026-07-20 21:37:31,2026-07-20 21:37:32
1582046726,True,1,1,0,2026-07-15 16:16:52,2026-07-15 16:16:53
1582046728,True,1,1,0,2026-07-20 21:38:30,2026-07-20 21:38:31
1582046731,True,1,1,0,2026-07-15 16:17:08,2026-07-15 16:17:08
1582046732,True,1,1,0,2026-07-20 21:38:00,2026-07-20 21:38:02
1582046733,True,1,1,0,2026-07-16 20:45:29,2026-07-16 20:45:30
1582046734,True,1,1,0,2026-07-20 21:38:57,2026-07-20 21:38:58
1582046735,True,1,1,0,2026-07-15 16:15:33,2026-07-15 16:15:33
1582046736,True,1,1,0,2026-07-20 21:37:44,2026-07-20 21:37:45
1582046737,True,1,1,0,2026-07-15 16:17:47,2026-07-15 16:17:48
1582046738,True,1,1,0,2026-07-16 20:51:21,2026-07-16 20:51:23
1582578060,True,1,1,0,2026-07-16 21:38:50,2026-07-16 21:38:52
1582578061,True,1,1,0,2026-07-16 21:39:19,2026-07-16 21:39:20
1582578062,True,1,1,0,2026-07-20 21:44:29,2026-07-20 21:44:31
1582578063,True,1,1,0,2026-07-20 21:43:42,2026-07-20 21:43:43
1582578064,True,1,1,0,2026-07-16 21:37:39,2026-07-16 21:37:40
1582578065,True,1,1,0,2026-07-20 21:41:03,2026-07-20 21:41:04
1582578066,True,1,1,0,2026-07-20 21:42:08,2026-07-20 21:42:09
1582578067,True,1,1,0,2026-07-16 21:39:41,2026-07-16 21:39:42
1582578068,True,1,1,0,2026-07-20 21:41:39,2026-07-20 21:41:40
1582578069,True,1,1,0,2026-07-16 21:39:05,2026-07-16 21:39:07
1582578070,True,1,1,0,2026-07-20 21:43:26,2026-07-20 21:43:27
1582578071,True,1,1,0,2026-07-15 16:30:32,2026-07-15 16:30:33
1582578072,True,1,1,0,2026-07-15 16:31:35,2026-07-15 16:31:36
1582578073,True,1,1,0,2026-07-15 16:19:00,2026-07-15 16:19:01
1582578074,True,1,1,0,2026-07-20 21:41:55,2026-07-20 21:41:56
1582578075,True,1,1,0,2026-07-20 21:44:14,2026-07-20 21:44:16
1582578076,True,1,1,0,2026-07-20 21:43:09,2026-07-20 21:43:10
1582578077,True,1,1,0,2026-07-16 21:37:27,2026-07-16 21:37:29
1582578078,True,1,1,0,2026-07-15 16:30:20,2026-07-15 16:30:21
1582578079,True,1,1,0,2026-07-16 21:36:51,2026-07-16 21:36:52
1582578081,True,1,1,0,2026-07-20 21:42:48,2026-07-20 21:42:49
1582578082,True,1,1,0,2026-07-15 16:19:25,2026-07-15 16:19:26
1582578084,True,1,1,0,2026-07-15 16:31:25,2026-07-15 16:31:26
1582578085,True,1,1,0,2026-07-16 21:38:22,2026-07-16 21:38:23
1582578087,True,1,1,0,2026-07-15 16:18:13,2026-07-15 16:18:14
1582578088,True,1,1,0,2026-07-15 16:18:50,2026-07-15 16:18:51
1582578091,True,1,1,0,2026-07-16 21:38:36,2026-07-16 21:38:37
1582578095,True,1,1,0,2026-07-15 16:19:13,2026-07-15 16:19:14
1582578096,True,1,1,0,2026-07-15 16:30:44,2026-07-15 16:30:45
1582615825,True,1,1,0,2026-07-16 21:36:20,2026-07-16 21:36:21
1582615826,True,1,1,0,2026-07-16 21:35:45,2026-07-16 21:35:46
1582948862,True,1,1,0,2026-07-16 21:41:47,2026-07-16 21:41:49
1582948863,True,1,1,0,2026-07-16 21:40:57,2026-07-16 21:40:58
1582948864,True,1,1,0,2026-07-16 21:41:59,2026-07-16 21:42:00
1582948865,True,1,1,0,2026-07-16 21:42:49,2026-07-16 21:42:51
1582948867,True,1,1,0,2026-07-20 21:50:11,2026-07-20 21:50:12
1582948868,True,1,1,0,2026-07-20 21:45:27,2026-07-20 21:45:28
1582948869,True,1,1,0,2026-07-16 21:42:36,2026-07-16 21:42:37
1582948870,True,1,1,0,2026-07-16 21:41:09,2026-07-16 21:41:10
1582948871,True,1,1,0,2026-07-16 21:40:15,2026-07-16 21:40:16
1582948872,True,1,1,0,2026-07-16 21:42:10,2026-07-16 21:42:12
1582948873,True,1,1,0,2026-07-15 16:34:05,2026-07-15 16:34:06
1582948874,True,1,1,0,2026-07-20 21:50:25,2026-07-20 21:50:27
1582948875,True,1,1,0,2026-07-16 21:42:23,2026-07-16 21:42:24
1582948876,True,1,1,0,2026-07-15 16:34:17,2026-07-15 16:34:18
1582948877,True,1,1,0,2026-07-20 21:51:38,2026-07-20 21:51:40
1582948878,True,1,1,0,2026-07-20 21:50:43,2026-07-20 21:50:44
1582948879,True,1,1,0,2026-07-15 16:33:07,2026-07-15 16:33:08
1582948880,True,1,1,0,2026-07-20 21:50:59,2026-07-20 21:51:00
1582948881,True,1,1,0,2026-07-20 21:51:11,2026-07-20 21:51:12
1582948882,True,1,1,0,2026-07-20 21:44:55,2026-07-20 21:44:56
1582948883,True,1,1,0,2026-07-15 16:33:54,2026-07-15 16:33:55
1582948884,True,1,1,0,2026-07-20 21:49:22,2026-07-20 21:49:23
1582948886,True,1,1,0,2026-07-15 16:32:06,2026-07-15 16:32:07
1582948887,True,1,1,0,2026-07-15 16:34:28,2026-07-15 16:34:29
1582948888,True,1,1,0,2026-07-15 16:32:55,2026-07-15 16:32:56
1582948889,True,1,1,0,2026-07-15 16:33:18,2026-07-15 16:33:19
1582948890,True,1,1,0,2026-07-15 16:32:43,2026-07-15 16:32:44
1582986941,True,1,1,0,2026-07-15 16:34:57,2026-07-15 16:34:58
1583249410,True,1,1,0,2026-07-15 16:36:04,2026-07-15 16:36:05
1583260338,True,1,1,0,2026-07-15 16:35:41,2026-07-15 16:35:42
1583260339,True,1,1,0,2026-07-15 16:35:51,2026-07-15 16:35:52
1583274778,True,1,1,0,2026-07-20 21:53:46,2026-07-20 21:53:47
1583274779,True,1,1,0,2026-07-20 21:53:31,2026-07-20 21:53:32
1583274780,True,1,1,0,2026-07-20 21:52:21,2026-07-20 21:52:22
1583274781,True,1,1,0,2026-07-20 21:54:01,2026-07-20 21:54:02
1583274782,True,1,1,0,2026-07-20 21:54:14,2026-07-20 21:54:15
1583274783,True,1,1,0,2026-07-20 21:52:49,2026-07-20 21:52:50
1583274784,True,1,1,0,2026-07-20 21:52:08,2026-07-20 21:52:09
1583274785,True,1,1,0,2026-07-20 21:52:36,2026-07-20 21:52:37
1583274786,True,1,1,0,2026-07-20 21:54:33,2026-07-20 21:54:34
1583274787,True,1,1,0,2026-07-15 16:37:41,2026-07-15 16:37:42
1583274788,True,1,1,0,2026-07-15 16:37:55,2026-07-15 16:37:56
1583274789,True,1,1,0,2026-07-15 16:38:09,2026-07-15 16:38:10
1583274790,True,1,1,0,2026-07-15 16:36:35,2026-07-15 16:36:35
1583274791,True,1,1,0,2026-07-15 16:38:20,2026-07-15 16:38:21
1583274792,True,1,1,0,2026-07-15 16:36:45,2026-07-15 16:36:46
1583274793,True,1,1,0,2026-07-15 16:36:58,2026-07-15 16:36:59
1583274794,True,1,1,0,2026-07-20 21:55:07,2026-07-20 21:55:08
1583274804,True,1,1,0,2026-07-16 21:51:12,2026-07-16 21:51:14
1583274805,True,1,1,0,2026-07-16 21:50:31,2026-07-16 21:50:32
1583274807,True,1,1,0,2026-07-16 21:45:12,2026-07-16 21:45:13
1583274808,True,1,1,0,2026-07-16 21:51:00,2026-07-16 21:51:01
1583274809,True,1,1,0,2026-07-16 21:50:44,2026-07-16 21:50:45
1583274810,True,1,1,0,2026-07-16 21:44:59,2026-07-16 21:45:00
1583274811,True,1,1,0,2026-07-16 21:47:02,2026-07-16 21:47:03
1583274812,True,1,1,0,2026-07-16 21:46:14,2026-07-16 21:46:15
1583405655,True,1,1,0,2026-07-15 16:38:48,2026-07-15 16:38:49
1583582516,True,1,1,0,2026-07-16 21:53:37,2026-07-16 21:53:39
1583582517,True,1,1,0,2026-07-15 16:39:30,2026-07-15 16:39:31
1583582518,True,1,1,0,2026-07-15 17:43:04,2026-07-15 17:43:05
1583582519,True,1,1,0,2026-07-15 17:42:24,2026-07-15 17:42:25
1583582520,True,1,1,0,2026-07-15 17:44:08,2026-07-15 17:44:09
1583582521,True,1,1,0,2026-07-15 17:42:54,2026-07-15 17:42:55
1583582522,True,1,1,0,2026-07-16 21:53:48,2026-07-16 21:53:49
1583582523,True,1,1,0,2026-07-16 21:54:12,2026-07-16 21:54:12
1583582524,True,1,1,0,2026-07-15 17:43:42,2026-07-15 17:43:44
1583582525,True,1,1,0,2026-07-16 21:52:54,2026-07-16 21:52:55
1583582526,True,1,1,0,2026-07-20 22:30:41,2026-07-20 22:30:42
1583582527,True,1,1,0,2026-07-20 22:30:20,2026-07-20 22:30:21
1583582528,True,1,1,0,2026-07-20 22:33:57,2026-07-20 22:33:58
1583582529,True,1,1,0,2026-07-20 22:32:32,2026-07-20 22:32:33
1583582530,True,1,1,0,2026-07-20 22:31:13,2026-07-20 22:31:14
1583582531,True,1,1,0,2026-07-15 16:39:55,2026-07-15 16:39:56
1583582532,True,1,1,0,2026-07-16 21:52:40,2026-07-16 21:52:41
1583582533,True,1,1,0,2026-07-15 16:39:40,2026-07-15 16:39:41
1583582534,True,1,1,0,2026-07-15 17:42:40,2026-07-15 17:42:41
1583582535,True,1,1,0,2026-07-16 21:54:24,2026-07-16 21:54:26
1583582536,True,1,1,0,2026-07-16 21:54:36,2026-07-16 21:54:37
1583582537,True,1,1,0,2026-07-16 21:53:59,2026-07-16 21:54:00
1583582538,True,1,1,0,2026-07-15 17:43:56,2026-07-15 17:43:57
1583582539,True,1,1,0,2026-07-20 22:32:46,2026-07-20 22:32:47
1583582540,True,1,1,0,2026-07-20 22:33:09,2026-07-20 22:33:10
1583582541,True,1,1,0,2026-07-20 22:32:19,2026-07-20 22:32:20
1583582542,True,1,1,0,2026-07-20 22:30:57,2026-07-20 22:30:58
1583582543,True,1,1,0,2026-07-20 22:33:24,2026-07-20 22:33:25
1583724383,True,1,1,0,2026-07-15 17:46:43,2026-07-15 17:46:44
1583724384,True,1,1,0,2026-07-15 17:45:54,2026-07-15 17:45:55
1583724385,True,1,1,0,2026-07-15 17:45:43,2026-07-15 17:45:44
1583724386,True,1,1,0,2026-07-15 17:45:31,2026-07-15 17:45:32
1583724387,True,1,1,0,2026-07-15 17:55:41,2026-07-15 17:55:42
1583724388,True,1,1,0,2026-07-15 17:46:56,2026-07-15 17:46:57
1583724389,True,1,1,0,2026-07-15 17:56:18,2026-07-15 17:56:19
1583724390,True,1,1,0,2026-07-15 17:55:29,2026-07-15 17:55:30
1583724391,True,1,1,0,2026-07-15 17:44:35,2026-07-15 17:44:36
1583724392,True,1,1,0,2026-07-15 17:45:14,2026-07-15 17:45:15
1583785760,True,1,1,0,2026-07-20 22:37:59,2026-07-20 22:38:01
1583785763,True,1,1,0,2026-07-20 22:36:21,2026-07-20 22:36:22
1583785764,True,1,1,0,2026-07-20 22:37:32,2026-07-20 22:37:33
1583785765,True,1,1,0,2026-07-20 22:35:16,2026-07-20 22:35:18
1583785766,True,1,1,0,2026-07-20 22:37:44,2026-07-20 22:37:45
1583785767,True,1,1,0,2026-07-20 22:36:02,2026-07-20 22:36:03
1583785769,True,1,1,0,2026-07-20 22:38:17,2026-07-20 22:38:18
1583785771,True,1,1,0,2026-07-20 22:36:52,2026-07-20 22:36:53
1583785772,True,1,1,0,2026-07-20 22:38:32,2026-07-20 22:38:33
1583785774,True,1,1,0,2026-07-20 22:36:36,2026-07-20 22:36:37
1583879758,True,1,1,0,2026-07-16 21:51:59,2026-07-16 21:52:01
1583921459,True,1,1,0,2026-07-20 22:40:16,2026-07-20 22:40:17
1583921466,True,1,1,0,2026-07-20 22:39:37,2026-07-20 22:39:38
1583922137,True,1,1,0,2026-07-20 22:42:06,2026-07-20 22:42:07
1583922340,True,1,1,0,2026-07-20 22:39:14,2026-07-20 22:39:15
1583922341,True,1,1,0,2026-07-20 22:39:55,2026-07-20 22:39:56
1583922342,True,1,1,0,2026-07-20 22:43:36,2026-07-20 22:43:37
1583926313,True,1,1,0,2026-07-20 22:41:47,2026-07-20 22:41:48
1583928977,True,1,1,0,2026-07-20 22:41:32,2026-07-20 22:41:33
1583936400,True,1,1,0,2026-07-20 22:44:50,2026-07-20 22:44:51
1583936401,True,1,1,0,2026-07-20 22:45:20,2026-07-20 22:45:21
1583986866,True,1,1,0,2026-07-16 21:56:26,2026-07-16 21:56:27
1583986867,True,1,1,0,2026-07-16 21:58:07,2026-07-16 21:58:07
1583986875,True,1,1,0,2026-07-16 21:57:29,2026-07-16 21:57:30
1583986876,True,1,1,0,2026-07-16 21:57:56,2026-07-16 21:57:57
1583986877,True,1,1,0,2026-07-16 21:58:17,2026-07-16 21:58:19
1583986882,True,1,1,0,2026-07-16 21:55:07,2026-07-16 21:55:08
1583986883,True,1,1,0,2026-07-16 21:57:13,2026-07-16 21:57:14
1583986884,True,1,1,0,2026-07-16 21:56:39,2026-07-16 21:56:41
1583986885,True,1,1,0,2026-07-16 21:57:43,2026-07-16 21:57:44
1584040400,True,1,1,0,2026-07-15 17:51:23,2026-07-15 17:51:24
1584040402,True,1,1,0,2026-07-15 17:48:11,2026-07-15 17:48:12
1584040403,True,1,1,0,2026-07-15 17:50:18,2026-07-15 17:50:19
1584040404,True,1,1,0,2026-07-15 17:48:48,2026-07-15 17:48:49
1584040405,True,1,1,0,2026-07-15 17:50:32,2026-07-15 17:50:33
1584040412,True,1,1,0,2026-07-15 17:50:55,2026-07-15 17:50:56
1584040413,True,1,1,0,2026-07-15 17:49:04,2026-07-15 17:49:05
1584040414,True,1,1,0,2026-07-15 17:49:44,2026-07-15 17:49:45
1584040415,True,1,1,0,2026-07-15 17:50:42,2026-07-15 17:50:44
1584040416,True,1,1,0,2026-07-15 17:49:18,2026-07-15 17:49:19
1584094805,True,1,1,0,2026-07-20 22:46:21,2026-07-20 22:46:22
1584094807,True,1,1,0,2026-07-20 22:48:24,2026-07-20 22:48:25
1584094808,True,1,1,0,2026-07-20 22:48:57,2026-07-20 22:48:58
1584094812,True,1,1,0,2026-07-20 22:48:40,2026-07-20 22:48:41
1584094813,True,1,1,0,2026-07-20 22:48:01,2026-07-20 22:48:02
1584094814,True,1,1,0,2026-07-20 22:46:37,2026-07-20 22:46:38
1584317891,True,1,1,0,2026-07-20 22:50:12,2026-07-20 22:50:13
1584317892,True,1,1,0,2026-07-20 22:54:23,2026-07-20 22:54:24
1584317893,True,1,1,0,2026-07-20 22:51:23,2026-07-20 22:51:24
1584317894,True,1,1,0,2026-07-15 17:54:20,2026-07-15 17:54:21
1584317895,True,1,1,0,2026-07-15 17:53:56,2026-07-15 17:53:57
1584317896,True,1,1,0,2026-07-20 22:52:44,2026-07-20 22:52:45
1584317897,True,1,1,0,2026-07-15 17:52:44,2026-07-15 17:52:46
1584317898,True,2,2,0,2026-07-15 17:54:50,2026-07-15 17:54:56
1584317899,True,1,1,0,2026-07-15 17:52:31,2026-07-15 17:52:33
1584317900,True,1,1,0,2026-07-20 22:51:04,2026-07-20 22:51:05
1584317902,True,1,1,0,2026-07-20 22:53:37,2026-07-20 22:53:38
1584317903,True,1,1,0,2026-07-15 17:53:12,2026-07-15 17:53:13
1584317904,True,1,1,0,2026-07-20 22:53:19,2026-07-20 22:53:20
1584317905,True,1,1,0,2026-07-15 17:53:43,2026-07-15 17:53:44
1584317906,True,1,1,0,2026-07-15 17:52:58,2026-07-15 17:52:59
1584317907,True,1,1,0,2026-07-20 22:52:29,2026-07-20 22:52:31
1584317908,True,1,1,0,2026-07-15 17:54:09,2026-07-15 17:54:10
1584317909,True,1,1,0,2026-07-20 22:53:01,2026-07-20 22:53:02
1584317910,True,1,1,0,2026-07-15 17:51:53,2026-07-15 17:51:54
1584317911,True,1,1,0,2026-07-20 22:51:45,2026-07-20 22:51:46
1584600453,True,1,1,0,2026-07-20 22:59:08,2026-07-20 22:59:09
1584600454,True,1,1,0,2026-07-20 22:55:28,2026-07-20 22:55:30
1584600455,True,1,1,0,2026-07-15 18:05:05,2026-07-15 18:05:06
1584600456,True,1,1,0,2026-07-20 22:58:49,2026-07-20 22:58:50
1584600457,True,1,1,0,2026-07-20 22:56:16,2026-07-20 22:56:17
1584600458,True,1,1,0,2026-07-15 18:03:48,2026-07-15 18:03:50
1584600459,True,1,1,0,2026-07-20 22:56:30,2026-07-20 22:56:31
1584600460,True,1,1,0,2026-07-20 22:58:12,2026-07-20 22:58:13
1584600461,True,1,1,0,2026-07-20 22:58:32,2026-07-20 22:58:33
1584600462,True,1,1,0,2026-07-20 22:57:26,2026-07-20 22:57:27
1584600463,True,1,1,0,2026-07-20 22:56:50,2026-07-20 22:56:51
1584600464,True,1,1,0,2026-07-15 18:04:37,2026-07-15 18:04:38
1584600465,True,1,1,0,2026-07-15 17:58:03,2026-07-15 17:58:04
1584600466,True,1,1,0,2026-07-15 18:05:18,2026-07-15 18:05:19
1584600467,True,1,1,0,2026-07-15 18:03:36,2026-07-15 18:03:37
1584600468,True,1,1,0,2026-07-15 18:04:51,2026-07-15 18:04:52
1584600469,True,1,1,0,2026-07-15 18:03:24,2026-07-15 18:03:25
1584600470,True,1,1,0,2026-07-15 18:04:01,2026-07-15 18:04:02
1584600781,True,1,1,0,2026-07-16 22:02:59,2026-07-16 22:03:00
1584600782,True,1,1,0,2026-07-16 22:01:24,2026-07-16 22:01:25
1584600784,True,1,1,0,2026-07-16 21:59:02,2026-07-16 21:59:03
1584600786,True,1,1,0,2026-07-16 22:01:12,2026-07-16 22:01:13
1584600787,True,1,1,0,2026-07-16 22:02:44,2026-07-16 22:02:45
1584600788,True,1,1,0,2026-07-16 22:02:33,2026-07-16 22:02:34
1584600789,True,1,1,0,2026-07-16 22:02:23,2026-07-16 22:02:24
1584610488,True,1,1,0,2026-07-16 22:02:08,2026-07-16 22:02:09
1584610490,True,1,1,0,2026-07-16 22:01:57,2026-07-16 22:01:58
1584618967,True,1,1,0,2026-07-15 18:08:19,2026-07-15 18:08:20
1584619306,True,1,1,0,2026-07-20 22:59:50,2026-07-20 22:59:51
1584906496,True,1,1,0,2026-07-15 18:10:14,2026-07-15 18:10:15
1584906497,True,1,1,0,2026-07-15 18:10:52,2026-07-15 18:10:52
1584906498,True,1,1,0,2026-07-15 18:11:03,2026-07-15 18:11:04
1584906499,True,1,1,0,2026-07-15 18:19:11,2026-07-15 18:19:12
1584906500,True,1,1,0,2026-07-15 18:11:17,2026-07-15 18:11:18
1584906501,True,1,1,0,2026-07-15 18:09:43,2026-07-15 18:09:44
1584906502,True,1,1,0,2026-07-15 18:11:29,2026-07-15 18:11:30
1584906503,True,1,1,0,2026-07-15 18:10:02,2026-07-15 18:10:03
1584906504,True,1,1,0,2026-07-15 18:08:58,2026-07-15 18:08:59
1584906505,True,1,1,0,2026-07-15 18:09:33,2026-07-15 18:09:34
1584906522,True,1,1,0,2026-07-16 22:05:34,2026-07-16 22:05:35
1584906523,True,1,1,0,2026-07-16 22:06:38,2026-07-16 22:06:39
1584906524,True,1,1,0,2026-07-16 22:03:30,2026-07-16 22:03:31
1584906525,True,1,1,0,2026-07-16 22:05:54,2026-07-16 22:05:55
1584906529,True,1,1,0,2026-07-20 23:01:37,2026-07-20 23:01:38
1584906530,True,1,1,0,2026-07-20 23:03:14,2026-07-20 23:03:15
1584906531,True,1,1,0,2026-07-20 23:01:08,2026-07-20 23:01:09
1584906532,True,1,1,0,2026-07-16 22:06:11,2026-07-16 22:06:12
1584906535,True,1,1,0,2026-07-20 23:00:25,2026-07-20 23:00:27
1584906536,True,1,1,0,2026-07-20 23:02:38,2026-07-20 23:02:40
1584906537,True,1,1,0,2026-07-16 22:05:16,2026-07-16 22:05:17
1584906538,True,1,1,0,2026-07-16 22:04:08,2026-07-16 22:04:09
1584906540,True,1,1,0,2026-07-16 22:03:57,2026-07-16 22:03:58
1584906542,True,1,1,0,2026-07-20 23:01:24,2026-07-20 23:01:25
1584906543,True,1,1,0,2026-07-16 22:06:23,2026-07-16 22:06:24
1584906546,True,1,1,0,2026-07-20 23:02:25,2026-07-20 23:02:27
1584906547,True,1,1,0,2026-07-20 23:03:28,2026-07-20 23:03:29
1584906548,True,1,1,0,2026-07-20 23:04:21,2026-07-20 23:04:22
1584906549,True,1,1,0,2026-07-20 23:02:55,2026-07-20 23:02:56
1585238528,True,1,1,0,2026-07-20 23:07:44,2026-07-20 23:07:46
1585238529,True,1,1,0,2026-07-16 22:09:18,2026-07-16 22:09:20
1585238530,True,1,1,0,2026-07-16 22:08:59,2026-07-16 22:09:01
1585238531,True,1,1,0,2026-07-16 22:10:18,2026-07-16 22:10:19
1585238532,True,1,1,0,2026-07-15 18:20:42,2026-07-15 18:20:43
1585238533,True,1,1,0,2026-07-15 18:20:56,2026-07-15 18:20:58
1585238534,True,1,1,0,2026-07-20 23:08:38,2026-07-20 23:08:39
1585238535,True,1,1,0,2026-07-20 23:06:53,2026-07-20 23:06:54
1585238539,True,1,1,0,2026-07-15 18:24:37,2026-07-15 18:24:38
1585238540,True,1,1,0,2026-07-16 22:07:04,2026-07-16 22:07:05
1585238541,True,1,1,0,2026-07-20 23:06:38,2026-07-20 23:06:39
1585238542,True,1,1,0,2026-07-20 23:05:59,2026-07-20 23:06:01
1585238543,True,1,1,0,2026-07-20 23:07:59,2026-07-20 23:08:01
1585238544,True,1,1,0,2026-07-15 18:25:42,2026-07-15 18:25:43
1585238545,True,1,1,0,2026-07-15 18:25:01,2026-07-15 18:25:02
1585238552,True,1,1,0,2026-07-16 22:10:37,2026-07-16 22:10:39
1585238554,True,1,1,0,2026-07-16 22:07:55,2026-07-16 22:07:56
1585238555,True,1,1,0,2026-07-20 23:08:24,2026-07-20 23:08:26
1585238556,True,1,1,0,2026-07-16 22:09:35,2026-07-16 22:09:36
1585238557,True,1,1,0,2026-07-16 22:08:12,2026-07-16 22:08:13
1585238560,True,1,1,0,2026-07-20 23:08:11,2026-07-20 23:08:12
1585238561,True,1,1,0,2026-07-16 22:10:52,2026-07-16 22:10:53
1585238562,True,1,1,0,2026-07-15 18:24:50,2026-07-15 18:24:51
1585238563,True,1,1,0,2026-07-15 18:21:19,2026-07-15 18:21:21
1585238564,True,1,1,0,2026-07-15 18:25:13,2026-07-15 18:25:14
1585238565,True,1,1,0,2026-07-20 23:07:05,2026-07-20 23:07:06
1585238566,True,1,1,0,2026-07-15 18:21:07,2026-07-15 18:21:08
1585238567,True,1,1,0,2026-07-20 23:05:11,2026-07-20 23:05:12
1585238568,True,1,1,0,2026-07-15 18:19:44,2026-07-15 18:19:45
1585238570,True,1,1,0,2026-07-20 23:05:44,2026-07-20 23:05:45
1585583096,True,1,1,0,2026-07-15 21:31:20,2026-07-15 21:31:21
1585583097,True,1,1,0,2026-07-15 21:30:12,2026-07-15 21:30:13
1585583098,True,1,1,0,2026-07-15 21:26:17,2026-07-15 21:26:17
1585583099,True,1,1,0,2026-07-15 21:26:29,2026-07-15 21:26:30
1585583100,True,1,1,0,2026-07-15 21:16:18,2026-07-15 21:16:19
1585583102,True,1,1,0,2026-07-15 21:26:42,2026-07-15 21:26:43
1585583103,True,1,1,0,2026-07-15 21:30:54,2026-07-15 21:30:54
1585583104,True,1,1,0,2026-07-15 21:31:06,2026-07-15 21:31:07
1585583120,True,1,1,0,2026-07-16 22:12:59,2026-07-16 22:13:00
1585583123,True,1,1,0,2026-07-16 22:14:44,2026-07-16 22:14:45
1585583124,True,1,1,0,2026-07-20 23:11:09,2026-07-20 23:11:11
1585583125,True,1,1,0,2026-07-20 23:11:33,2026-07-20 23:11:34
1585583126,True,1,1,0,2026-07-15 21:30:41,2026-07-15 21:30:42
1585583127,True,1,1,0,2026-07-20 23:12:59,2026-07-20 23:13:00
1585583128,True,1,1,0,2026-07-20 23:09:58,2026-07-20 23:09:59
1585583129,True,1,1,0,2026-07-20 23:10:52,2026-07-20 23:10:53
1585583131,True,1,1,0,2026-07-16 22:14:29,2026-07-16 22:14:30
1585583134,True,1,1,0,2026-07-16 22:14:00,2026-07-16 22:14:01
1585583135,True,1,1,0,2026-07-16 22:15:16,2026-07-16 22:15:17
1585583136,True,1,1,0,2026-07-16 22:11:38,2026-07-16 22:11:39
1585583137,True,1,1,0,2026-07-20 23:13:43,2026-07-20 23:13:45
1585583138,True,1,1,0,2026-07-20 23:12:45,2026-07-20 23:12:47
1585583140,True,1,1,0,2026-07-20 23:13:31,2026-07-20 23:13:32
1585583141,True,1,1,0,2026-07-20 23:12:32,2026-07-20 23:12:33
1585583142,True,1,1,0,2026-07-16 22:12:19,2026-07-16 22:12:21
1585583143,True,1,1,0,2026-07-20 23:09:17,2026-07-20 23:09:18
1585583145,True,1,1,0,2026-07-20 23:12:20,2026-07-20 23:12:21
1585583147,True,1,1,0,2026-07-16 22:14:15,2026-07-16 22:14:17
1585583148,True,1,1,0,2026-07-16 22:15:00,2026-07-16 22:15:01
1586000345,True,1,1,0,2026-07-20 23:14:37,2026-07-20 23:14:39
1586008480,True,1,1,0,2026-07-20 23:14:15,2026-07-20 23:14:16
1586009295,True,1,1,0,2026-07-15 21:33:27,2026-07-15 21:33:29
1586009296,True,1,1,0,2026-07-15 21:33:47,2026-07-15 21:33:48
1586009297,True,1,1,0,2026-07-15 21:32:31,2026-07-15 21:32:32
1586009298,True,1,1,0,2026-07-15 21:34:54,2026-07-15 21:34:55
1586009299,True,1,1,0,2026-07-16 22:18:03,2026-07-16 22:18:04
1586009300,True,1,1,0,2026-07-16 22:16:16,2026-07-16 22:16:18
1586009301,True,1,1,0,2026-07-16 22:17:43,2026-07-16 22:17:44
1586009302,True,1,1,0,2026-07-16 22:15:45,2026-07-16 22:15:46
1586009303,True,1,1,0,2026-07-15 21:37:03,2026-07-15 21:37:04
1586009304,True,1,1,0,2026-07-16 22:17:23,2026-07-16 22:17:24
1586009305,True,1,1,0,2026-07-20 23:23:53,2026-07-20 23:23:54
1586009306,True,1,1,0,2026-07-20 23:16:23,2026-07-20 23:16:24
1586009307,True,1,1,0,2026-07-20 23:16:53,2026-07-20 23:16:54
1586009308,True,1,1,0,2026-07-15 21:33:59,2026-07-15 21:34:00
1586009309,True,1,1,0,2026-07-15 21:35:26,2026-07-15 21:35:27
1586009310,True,1,1,0,2026-07-15 21:35:06,2026-07-15 21:35:07
1586009311,True,1,1,0,2026-07-15 21:36:21,2026-07-15 21:36:22
1586009313,True,1,1,0,2026-07-16 22:18:15,2026-07-16 22:18:17
1586009314,True,1,1,0,2026-07-16 22:16:59,2026-07-16 22:17:01
1586009315,True,1,1,0,2026-07-16 22:17:11,2026-07-16 22:17:12
1586009316,True,1,1,0,2026-07-15 21:33:14,2026-07-15 21:33:16
1586009317,True,1,1,0,2026-07-16 22:16:30,2026-07-16 22:16:31
1586009318,True,1,1,0,2026-07-20 23:24:46,2026-07-20 23:24:47
1586009319,True,1,1,0,2026-07-20 23:16:38,2026-07-20 23:16:39
1586009320,True,1,1,0,2026-07-20 23:15:48,2026-07-20 23:15:49
1586009321,True,1,1,0,2026-07-20 23:25:26,2026-07-20 23:25:27
1586009322,True,1,1,0,2026-07-20 23:23:37,2026-07-20 23:23:38
1586009324,True,1,1,0,2026-07-20 23:24:09,2026-07-20 23:24:10
1586009325,True,1,1,0,2026-07-20 23:24:32,2026-07-20 23:24:33
1586426147,True,1,1,0,2026-07-16 22:25:04,2026-07-16 22:25:05
1586426148,True,1,1,0,2026-07-16 22:27:18,2026-07-16 22:27:19
1586426149,True,1,1,0,2026-07-16 22:26:37,2026-07-16 22:26:38
1586426150,True,1,1,0,2026-07-20 23:28:32,2026-07-20 23:28:33
1586426151,True,1,1,0,2026-07-20 23:27:29,2026-07-20 23:27:30
1586426152,True,1,1,0,2026-07-15 21:39:13,2026-07-15 21:39:15
1586426153,True,1,1,0,2026-07-20 23:26:48,2026-07-20 23:26:49
1586426154,True,1,1,0,2026-07-15 21:38:59,2026-07-15 21:39:00
1586426155,True,1,1,0,2026-07-20 23:26:06,2026-07-20 23:26:07
1586426156,True,1,1,0,2026-07-16 22:27:36,2026-07-16 22:27:37
1586426157,True,1,1,0,2026-07-15 21:38:45,2026-07-15 21:38:46
1586426158,True,1,1,0,2026-07-16 22:24:51,2026-07-16 22:24:52
1586426159,True,1,1,0,2026-07-20 23:27:16,2026-07-20 23:27:17
1586426160,True,1,1,0,2026-07-15 21:40:50,2026-07-15 21:40:51
1586426162,True,1,1,0,2026-07-15 21:37:46,2026-07-15 21:37:47
1586426164,True,1,1,0,2026-07-20 23:28:57,2026-07-20 23:28:58
1586426165,True,1,1,0,2026-07-15 21:40:28,2026-07-15 21:40:29
1586426166,True,1,1,0,2026-07-20 23:29:26,2026-07-20 23:29:27
1586426167,True,1,1,0,2026-07-16 22:27:03,2026-07-16 22:27:04
1586426168,True,1,1,0,2026-07-15 21:38:30,2026-07-15 21:38:31
1586426169,True,1,1,0,2026-07-15 21:41:14,2026-07-15 21:41:15
1586426170,True,1,1,0,2026-07-20 23:28:45,2026-07-20 23:28:46
1586426171,True,1,1,0,2026-07-20 23:27:02,2026-07-20 23:27:03
1586426172,True,1,1,0,2026-07-16 22:24:20,2026-07-16 22:24:22
1586426174,True,1,1,0,2026-07-16 22:26:23,2026-07-16 22:26:24
1586426175,True,1,1,0,2026-07-15 21:40:10,2026-07-15 21:40:11
1586426176,True,1,1,0,2026-07-20 23:28:16,2026-07-20 23:28:17
1586426177,True,1,1,0,2026-07-15 21:41:58,2026-07-15 21:41:59
1586426178,True,1,1,0,2026-07-16 22:26:52,2026-07-16 22:26:53
1586889869,True,1,1,0,2026-07-16 22:28:54,2026-07-16 22:28:55
1586889870,True,1,1,0,2026-07-20 23:31:05,2026-07-20 23:31:06
1586889871,True,1,1,0,2026-07-16 22:28:43,2026-07-16 22:28:44
1586889872,True,1,1,0,2026-07-16 22:31:41,2026-07-16 22:31:42
1586889873,True,1,1,0,2026-07-20 23:30:38,2026-07-20 23:30:39
1586889874,True,1,1,0,2026-07-15 21:56:12,2026-07-15 21:56:13
1586889875,True,1,1,0,2026-07-15 21:54:45,2026-07-15 21:54:46
1586889876,True,1,1,0,2026-07-15 21:54:21,2026-07-15 21:54:22
1586889877,True,1,1,0,2026-07-21 01:05:14,2026-07-21 01:05:15
1586889878,True,1,1,0,2026-07-15 21:54:58,2026-07-15 21:54:58
1586889879,True,1,1,0,2026-07-16 22:32:07,2026-07-16 22:32:08
1586889880,True,1,1,0,2026-07-15 21:44:42,2026-07-15 21:44:43
1586889881,True,1,1,0,2026-07-20 23:30:52,2026-07-20 23:30:53
1586889882,True,1,1,0,2026-07-20 23:32:13,2026-07-20 23:32:14
1586889884,True,1,1,0,2026-07-16 22:32:19,2026-07-16 22:32:20
1586889885,True,1,1,0,2026-07-16 22:30:59,2026-07-16 22:31:00
1586889886,True,1,1,0,2026-07-20 23:32:29,2026-07-20 23:32:30
1586889887,True,1,1,0,2026-07-16 22:28:12,2026-07-16 22:28:13
1586889888,True,1,1,0,2026-07-16 22:31:53,2026-07-16 22:31:54
1586889889,True,1,1,0,2026-07-16 22:31:15,2026-07-16 22:31:16
1586889890,True,1,1,0,2026-07-20 23:29:56,2026-07-20 23:29:57
1586889891,True,1,1,0,2026-07-20 23:32:48,2026-07-20 23:32:48
1586889892,True,1,1,0,2026-07-15 21:55:57,2026-07-15 21:55:58
1586889893,True,1,1,0,2026-07-15 21:56:56,2026-07-15 21:56:57
1586889895,True,1,1,0,2026-07-15 21:56:41,2026-07-15 21:56:42
1586889896,True,1,1,0,2026-07-20 23:31:17,2026-07-20 23:31:19
1586889897,True,1,1,0,2026-07-15 21:56:27,2026-07-15 21:56:28
1586889898,True,1,1,0,2026-07-20 23:33:03,2026-07-20 23:33:04
1586909449,True,1,1,0,2026-07-15 21:45:39,2026-07-15 21:45:40
1587357574,True,1,1,0,2026-07-20 23:33:59,2026-07-20 23:34:00
1587357575,True,1,1,0,2026-07-20 23:34:11,2026-07-20 23:34:12
1587357577,True,1,1,0,2026-07-20 23:34:54,2026-07-20 23:34:55
1587357579,True,1,1,0,2026-07-15 21:59:06,2026-07-15 21:59:07
1587357580,True,1,1,0,2026-07-20 23:34:25,2026-07-20 23:34:27
1587357581,True,1,1,0,2026-07-15 22:01:52,2026-07-15 22:01:54
1587357582,True,1,1,0,2026-07-15 22:00:55,2026-07-15 22:00:56
1587357583,True,1,1,0,2026-07-20 23:44:56,2026-07-20 23:44:58
1587357587,True,1,1,0,2026-07-15 22:00:32,2026-07-15 22:00:33
1587357588,True,1,1,0,2026-07-20 23:45:11,2026-07-20 23:45:12
1587357592,True,1,1,0,2026-07-15 21:57:47,2026-07-15 21:57:48
1587357596,True,1,1,0,2026-07-15 21:58:41,2026-07-15 21:58:42
1587357598,True,1,1,0,2026-07-20 23:45:27,2026-07-20 23:45:29
1587357600,True,1,1,0,2026-07-15 22:00:44,2026-07-15 22:00:45
1587357601,True,1,1,0,2026-07-20 23:34:41,2026-07-20 23:34:43
1587357602,True,1,1,0,2026-07-20 23:44:26,2026-07-20 23:44:27
1587357606,True,1,1,0,2026-07-15 21:59:19,2026-07-15 21:59:20
1587357609,True,1,1,0,2026-07-15 21:59:32,2026-07-15 21:59:33
1587357610,True,1,1,0,2026-07-20 23:44:40,2026-07-20 23:44:42
1587357611,True,1,1,0,2026-07-15 22:01:09,2026-07-15 22:01:10
1587358323,True,1,1,0,2026-07-16 22:33:46,2026-07-16 22:33:47
1587358324,True,1,1,0,2026-07-16 22:33:58,2026-07-16 22:34:00
1587358325,True,1,1,0,2026-07-16 22:36:29,2026-07-16 22:36:31
1587358326,True,1,1,0,2026-07-16 22:37:18,2026-07-16 22:37:20
1587358328,True,1,1,0,2026-07-16 22:37:04,2026-07-16 22:37:06
1587358329,True,1,1,0,2026-07-16 22:33:06,2026-07-16 22:33:07
1587358330,True,1,1,0,2026-07-16 22:36:41,2026-07-16 22:36:42
1587358331,True,1,1,0,2026-07-16 22:36:51,2026-07-16 22:36:52
1587358332,True,1,1,0,2026-07-16 22:36:16,2026-07-16 22:36:17
1587775839,True,1,1,0,2026-07-16 23:10:35,2026-07-16 23:10:37
1587775840,True,1,1,0,2026-07-16 23:10:45,2026-07-16 23:10:47
1587775843,True,1,1,0,2026-07-16 23:04:00,2026-07-16 23:04:01
1587775844,True,1,1,0,2026-07-16 23:11:23,2026-07-16 23:11:24
1587775847,True,1,1,0,2026-07-16 23:11:11,2026-07-16 23:11:12
1587775848,True,1,1,0,2026-07-16 23:11:36,2026-07-16 23:11:37
1587775849,True,1,1,0,2026-07-16 23:03:05,2026-07-16 23:03:06
1587775854,True,1,1,0,2026-07-16 23:10:58,2026-07-16 23:10:59
1587775857,True,1,1,0,2026-07-16 23:03:47,2026-07-16 23:03:48
1587775859,True,1,1,0,2026-07-15 22:09:06,2026-07-15 22:09:07
1587775861,True,1,1,0,2026-07-15 22:07:26,2026-07-15 22:07:26
1587775862,True,1,1,0,2026-07-15 22:07:57,2026-07-15 22:07:58
1587775863,True,1,1,0,2026-07-15 22:07:42,2026-07-15 22:07:43
1587775864,True,1,1,0,2026-07-15 22:06:09,2026-07-15 22:06:10
1587775866,True,1,1,0,2026-07-15 22:09:33,2026-07-15 22:09:34
1587775867,True,1,1,0,2026-07-15 22:10:16,2026-07-15 22:10:17
1587775869,True,1,1,0,2026-07-15 22:09:18,2026-07-15 22:09:19
1587775870,True,1,1,0,2026-07-15 22:08:52,2026-07-15 22:08:53
1587775871,True,1,1,0,2026-07-15 22:06:57,2026-07-15 22:06:58
1587775874,True,1,1,0,2026-07-15 22:02:26,2026-07-15 22:02:26
1587787693,True,1,1,0,2026-07-20 23:52:09,2026-07-20 23:52:12
1587787694,True,1,1,0,2026-07-20 23:49:59,2026-07-20 23:50:00
1587787695,True,1,1,0,2026-07-20 23:51:38,2026-07-20 23:51:40
1587787696,True,1,1,0,2026-07-20 23:51:53,2026-07-20 23:51:54
1587787697,True,1,1,0,2026-07-20 23:54:00,2026-07-20 23:54:02
1587787703,True,1,1,0,2026-07-20 23:51:26,2026-07-20 23:51:28
1587787704,True,1,1,0,2026-07-20 23:51:10,2026-07-20 23:51:12
1587787705,True,1,1,0,2026-07-20 23:49:47,2026-07-20 23:49:47
1587787708,True,1,1,0,2026-07-20 23:48:40,2026-07-20 23:48:42
1587787709,True,1,1,0,2026-07-20 23:49:35,2026-07-20 23:49:36
1588520363,True,1,1,0,2026-07-15 22:13:27,2026-07-15 22:13:28
1588520364,True,1,1,0,2026-07-15 22:11:30,2026-07-15 22:11:31
1588520365,True,1,1,0,2026-07-15 22:13:41,2026-07-15 22:13:43
1588520366,True,1,1,0,2026-07-15 22:11:58,2026-07-15 22:11:59
1588520367,True,1,1,0,2026-07-15 22:12:56,2026-07-15 22:12:57
1588520368,True,1,1,0,2026-07-15 22:13:13,2026-07-15 22:13:14
1588520369,True,1,1,0,2026-07-15 22:10:46,2026-07-15 22:10:47
1588520370,True,1,1,0,2026-07-15 22:12:11,2026-07-15 22:12:12
1588520371,True,1,1,0,2026-07-15 22:14:14,2026-07-15 22:14:15
1588520372,True,1,1,0,2026-07-15 22:11:43,2026-07-15 22:11:43
1588520532,True,1,1,0,2026-07-16 23:15:15,2026-07-16 23:15:16
1588520533,True,1,1,0,2026-07-16 23:14:48,2026-07-16 23:14:49
1588520536,True,1,1,0,2026-07-16 23:13:58,2026-07-16 23:14:00
1588520537,True,1,1,0,2026-07-16 23:12:20,2026-07-16 23:12:21
1588520538,True,1,1,0,2026-07-16 23:15:02,2026-07-16 23:15:03
1588520542,True,1,1,0,2026-07-20 23:54:51,2026-07-20 23:54:52
1588520543,True,1,1,0,2026-07-16 23:14:11,2026-07-16 23:14:12
1588520544,True,1,1,0,2026-07-20 23:58:32,2026-07-20 23:58:33
1588520545,True,1,1,0,2026-07-20 23:58:18,2026-07-20 23:58:19
1588520546,True,1,1,0,2026-07-20 23:55:55,2026-07-20 23:55:57
1588520547,True,1,1,0,2026-07-20 23:57:40,2026-07-20 23:57:42
1588520548,True,1,1,0,2026-07-20 23:55:40,2026-07-20 23:55:42
1588520549,True,1,1,0,2026-07-21 00:04:06,2026-07-21 00:04:08
1588520552,True,1,1,0,2026-07-20 23:56:07,2026-07-20 23:56:09
1588520553,True,1,1,0,2026-07-20 23:56:59,2026-07-20 23:57:00
1588520556,True,1,1,0,2026-07-20 23:57:17,2026-07-20 23:57:18
1589054658,True,1,1,0,2026-07-16 23:26:00,2026-07-16 23:26:01
1589054659,True,1,1,0,2026-07-16 23:25:44,2026-07-16 23:25:45
1589054660,True,1,1,0,2026-07-16 23:16:07,2026-07-16 23:16:08
1589054661,True,1,1,0,2026-07-16 23:17:39,2026-07-16 23:17:40
1589054664,True,1,1,0,2026-07-16 23:16:41,2026-07-16 23:16:42
1589054666,True,1,1,0,2026-07-20 23:59:58,2026-07-20 23:59:59
1589054668,True,1,1,0,2026-07-21 00:00:14,2026-07-21 00:00:15
1589054669,True,1,1,0,2026-07-20 23:59:16,2026-07-20 23:59:17
1589054670,True,1,1,0,2026-07-21 00:03:04,2026-07-21 00:03:05
1589054671,True,1,1,0,2026-07-21 00:01:16,2026-07-21 00:01:17
1589054672,True,1,1,0,2026-07-16 23:25:31,2026-07-16 23:25:32
1589054674,True,1,1,0,2026-07-16 23:26:18,2026-07-16 23:26:19
1589054679,True,1,1,0,2026-07-21 00:02:36,2026-07-21 00:02:37
1589054680,True,1,1,0,2026-07-21 00:00:49,2026-07-21 00:00:50
1589054681,True,1,1,0,2026-07-21 00:01:29,2026-07-21 00:01:30
1589054682,True,1,1,0,2026-07-16 23:16:56,2026-07-16 23:16:57
1589054683,True,1,1,0,2026-07-20 23:59:28,2026-07-20 23:59:30
1589054684,True,1,1,0,2026-07-21 00:01:02,2026-07-21 00:01:03
1589565934,True,1,1,0,2026-07-15 22:17:58,2026-07-15 22:17:59
1589565935,True,1,1,0,2026-07-15 22:18:39,2026-07-15 22:18:40
1589565936,True,1,1,0,2026-07-15 22:16:13,2026-07-15 22:16:14
1589565937,True,1,1,0,2026-07-15 22:17:33,2026-07-15 22:17:34
1589565938,True,1,1,0,2026-07-15 22:17:47,2026-07-15 22:17:48
1589565940,True,1,1,0,2026-07-15 22:17:07,2026-07-15 22:17:08
1589565941,True,1,1,0,2026-07-15 22:14:48,2026-07-15 22:14:48
1589565942,True,1,1,0,2026-07-15 22:15:31,2026-07-15 22:15:32
1589565943,True,1,1,0,2026-07-15 22:15:45,2026-07-15 22:15:47
1589565945,True,1,1,0,2026-07-15 22:16:01,2026-07-15 22:16:02
1589566237,True,1,1,0,2026-07-16 23:27:48,2026-07-16 23:27:49
1589566238,True,1,1,0,2026-07-16 23:37:39,2026-07-16 23:37:40
1589566239,True,1,1,0,2026-07-16 23:39:47,2026-07-16 23:39:48
1589566240,True,1,1,0,2026-07-16 23:38:43,2026-07-16 23:38:44
1589566241,True,1,1,0,2026-07-16 23:38:18,2026-07-16 23:38:19
1589566242,True,1,1,0,2026-07-16 23:28:24,2026-07-16 23:28:25
1589566245,True,1,1,0,2026-07-16 23:38:31,2026-07-16 23:38:32
1589566247,True,1,1,0,2026-07-16 23:39:29,2026-07-16 23:39:30
1589566250,True,1,1,0,2026-07-16 23:27:37,2026-07-16 23:27:38
1589566251,True,1,1,0,2026-07-16 23:39:17,2026-07-16 23:39:17
1589566252,True,1,1,0,2026-07-16 23:27:59,2026-07-16 23:28:01
1589566253,True,1,1,0,2026-07-16 23:39:04,2026-07-16 23:39:06
1589566328,True,1,1,0,2026-07-21 00:21:52,2026-07-21 00:21:53
1589566329,True,1,1,0,2026-07-21 00:20:48,2026-07-21 00:20:49
1589566330,True,1,1,0,2026-07-21 00:21:00,2026-07-21 00:21:01
1589566334,True,1,1,0,2026-07-21 00:21:31,2026-07-21 00:21:32
1589566336,True,1,1,0,2026-07-21 00:22:26,2026-07-21 00:22:27
1589566338,True,1,1,0,2026-07-21 00:04:31,2026-07-21 00:04:32
1589566339,True,1,1,0,2026-07-21 00:05:34,2026-07-21 00:05:35
1589566341,True,1,1,0,2026-07-21 00:05:04,2026-07-21 00:05:05
1589566342,True,1,1,0,2026-07-21 00:21:16,2026-07-21 00:21:17
1589566343,True,1,1,0,2026-07-21 00:05:17,2026-07-21 00:05:19
1589901252,True,1,1,0,2026-07-21 00:49:46,2026-07-21 00:49:47
1589901254,True,1,1,0,2026-07-21 00:47:10,2026-07-21 00:47:11
1589901255,True,1,1,0,2026-07-21 00:23:52,2026-07-21 00:23:53
1589901256,True,1,1,0,2026-07-21 00:48:30,2026-07-21 00:48:31
1589901257,True,1,1,0,2026-07-21 00:47:32,2026-07-21 00:47:33
1589901260,True,1,1,0,2026-07-21 00:24:06,2026-07-21 00:24:07
1589901262,True,1,1,0,2026-07-21 00:48:08,2026-07-21 00:48:09
1589901263,True,1,1,0,2026-07-15 22:21:19,2026-07-15 22:21:20
1589901264,True,1,1,0,2026-07-21 00:23:01,2026-07-21 00:23:02
1589901265,True,1,1,0,2026-07-15 22:21:55,2026-07-15 22:21:56
1589901266,True,1,1,0,2026-07-15 22:22:08,2026-07-15 22:22:09
1589901267,True,1,1,0,2026-07-15 22:22:55,2026-07-15 22:22:56
1589901281,True,1,1,0,2026-07-21 00:47:46,2026-07-21 00:47:47
1589901283,True,1,1,0,2026-07-15 22:23:24,2026-07-15 22:23:25
1589901285,True,1,1,0,2026-07-15 22:24:16,2026-07-15 22:24:17
1589901286,True,1,1,0,2026-07-21 00:50:00,2026-07-21 00:50:01
1589901290,True,1,1,0,2026-07-15 22:21:36,2026-07-15 22:21:37
1589901292,True,1,1,0,2026-07-15 22:23:56,2026-07-15 22:23:57
1589901297,True,1,1,0,2026-07-15 22:23:09,2026-07-15 22:23:10
1589901298,True,1,1,0,2026-07-15 22:19:15,2026-07-15 22:19:16
1590187418,True,1,1,0,2026-07-16 23:40:40,2026-07-16 23:40:41
1590198799,True,1,1,0,2026-07-16 23:40:25,2026-07-16 23:40:26
1590247403,True,1,1,0,2026-07-16 23:42:00,2026-07-16 23:42:02
1590263510,True,1,1,0,2026-07-16 23:41:48,2026-07-16 23:41:49
1590276825,True,1,1,0,2026-07-16 23:41:33,2026-07-16 23:41:34
1590283970,True,1,1,0,2026-07-16 23:41:20,2026-07-16 23:41:21
1590321098,True,1,1,0,2026-07-16 23:42:30,2026-07-16 23:42:31
1590563806,True,1,1,0,2026-07-16 23:50:17,2026-07-16 23:50:18
1590563808,True,1,1,0,2026-07-15 22:28:35,2026-07-15 22:28:36
1590563809,True,1,1,0,2026-07-15 22:28:02,2026-07-15 22:28:03
1590563813,True,1,1,0,2026-07-21 00:55:30,2026-07-21 00:55:31
1590563817,True,1,1,0,2026-07-16 23:49:47,2026-07-16 23:49:48
1590563818,True,1,1,0,2026-07-16 23:49:35,2026-07-16 23:49:36
1590563820,True,1,1,0,2026-07-16 23:43:30,2026-07-16 23:43:31
1590563825,True,1,1,0,2026-07-16 23:50:04,2026-07-16 23:50:05
1590563826,True,1,1,0,2026-07-16 23:43:45,2026-07-16 23:43:46
1590563827,True,1,1,0,2026-07-16 23:49:03,2026-07-16 23:49:04
1590563829,True,1,1,0,2026-07-15 22:27:20,2026-07-15 22:27:22
1590563831,True,1,1,0,2026-07-15 22:25:45,2026-07-15 22:25:47
1590563834,True,1,1,0,2026-07-21 00:51:44,2026-07-21 00:51:45
1590563835,True,1,1,0,2026-07-21 00:54:35,2026-07-21 00:54:36
1590563836,True,1,1,0,2026-07-21 00:52:46,2026-07-21 00:52:47
1590563837,True,1,1,0,2026-07-15 22:27:49,2026-07-15 22:27:50
1590563839,True,1,1,0,2026-07-16 23:50:31,2026-07-16 23:50:32
1590563840,True,1,1,0,2026-07-21 00:54:21,2026-07-21 00:54:22
1590563841,True,1,1,0,2026-07-21 00:55:42,2026-07-21 00:55:43
1590563842,True,1,1,0,2026-07-15 22:24:53,2026-07-15 22:24:54
1590563843,True,1,1,0,2026-07-21 00:54:10,2026-07-21 00:54:11
1590563848,True,1,1,0,2026-07-15 22:25:33,2026-07-15 22:25:34
1590563851,True,1,1,0,2026-07-21 00:52:31,2026-07-21 00:52:32
1590563853,True,1,1,0,2026-07-16 23:49:15,2026-07-16 23:49:16
1590563855,True,1,1,0,2026-07-15 22:26:01,2026-07-15 22:26:02
1590563856,True,1,1,0,2026-07-15 22:27:33,2026-07-15 22:27:34
1590563857,True,1,1,0,2026-07-21 00:53:43,2026-07-21 00:53:44
1590563859,True,1,1,0,2026-07-21 00:53:58,2026-07-21 00:53:59
1590563860,True,1,1,0,2026-07-15 22:26:15,2026-07-15 22:26:16
1590980980,True,1,1,0,2026-07-15 22:29:38,2026-07-15 22:29:39
1590990441,True,1,1,0,2026-07-15 22:29:27,2026-07-15 22:29:28
1590990958,True,1,1,0,2026-07-15 22:29:13,2026-07-15 22:29:14
1591018798,True,1,1,0,2026-07-21 00:56:50,2026-07-21 00:56:51
1591018799,True,1,1,0,2026-07-21 00:58:40,2026-07-21 00:58:41
1591018800,True,1,1,0,2026-07-21 00:58:26,2026-07-21 00:58:27
1591018801,True,1,1,0,2026-07-21 00:58:52,2026-07-21 00:58:53
1591018802,True,1,1,0,2026-07-21 00:56:15,2026-07-21 00:56:16
1591018803,True,1,1,0,2026-07-21 00:57:10,2026-07-21 00:57:11
1591018804,True,1,1,0,2026-07-21 00:58:11,2026-07-21 00:58:13
1591018806,True,1,1,0,2026-07-15 22:30:29,2026-07-15 22:30:30
1591018807,True,1,1,0,2026-07-15 22:30:57,2026-07-15 22:30:58
1591018808,True,1,1,0,2026-07-21 00:59:26,2026-07-21 00:59:27
1591018809,True,1,1,0,2026-07-15 22:54:52,2026-07-15 22:54:53
1591018810,True,1,1,0,2026-07-21 00:57:57,2026-07-21 00:57:58
1591018812,True,1,1,0,2026-07-15 22:55:06,2026-07-15 22:55:07
1591018813,True,1,1,0,2026-07-16 23:51:05,2026-07-16 23:51:06
1591018814,True,1,1,0,2026-07-15 22:30:44,2026-07-15 22:30:45
1591018815,True,1,1,0,2026-07-15 22:54:34,2026-07-15 22:54:35
1591018816,True,1,1,0,2026-07-16 23:51:18,2026-07-16 23:51:19
1591018817,True,1,1,0,2026-07-21 00:59:42,2026-07-21 00:59:43
1591018819,True,1,1,0,2026-07-15 22:30:17,2026-07-15 22:30:18
1591234401,True,1,1,0,2026-07-16 23:52:45,2026-07-16 23:52:46
1591234402,True,1,1,0,2026-07-16 23:54:04,2026-07-16 23:54:05
1591234403,True,1,1,0,2026-07-16 23:53:37,2026-07-16 23:53:39
1591234404,True,1,1,0,2026-07-16 23:52:24,2026-07-16 23:52:25
1591234406,True,1,1,0,2026-07-16 23:51:56,2026-07-16 23:51:57
1591234407,True,1,1,0,2026-07-16 23:54:24,2026-07-16 23:54:25
1591234409,True,1,1,0,2026-07-16 23:53:24,2026-07-16 23:53:24
1591234410,True,1,1,0,2026-07-16 23:52:58,2026-07-16 23:52:59
1591289395,True,1,1,0,2026-07-15 23:04:04,2026-07-15 23:04:05
1591289397,True,1,1,0,2026-07-15 23:03:47,2026-07-15 23:03:49
1591289398,True,1,1,0,2026-07-15 22:58:16,2026-07-15 22:58:17
1591289399,True,1,1,0,2026-07-15 22:58:31,2026-07-15 22:58:32
1591300250,True,1,1,0,2026-07-16 23:53:12,2026-07-16 23:53:13
1591328396,True,1,1,0,2026-07-15 22:55:51,2026-07-15 22:55:52
1591328397,True,1,1,0,2026-07-15 23:01:17,2026-07-15 23:01:18
1591328398,True,1,1,0,2026-07-15 22:57:50,2026-07-15 22:57:51
1591328399,True,1,1,0,2026-07-15 22:58:04,2026-07-15 22:58:05
1591328400,True,1,1,0,2026-07-15 22:57:02,2026-07-15 22:57:03
1591538105,True,1,1,0,2026-07-15 22:57:17,2026-07-15 22:57:18
1591733062,True,1,1,0,2026-07-15 23:05:13,2026-07-15 23:05:14
1591733063,True,1,1,0,2026-07-15 23:07:18,2026-07-15 23:07:18
1591733064,True,1,1,0,2026-07-15 23:09:11,2026-07-15 23:09:12
1591733065,True,1,1,0,2026-07-15 23:06:10,2026-07-15 23:06:11
1591733067,True,1,1,0,2026-07-15 23:07:43,2026-07-15 23:07:44
1591733068,True,1,1,0,2026-07-15 23:06:39,2026-07-15 23:06:40
1591733069,True,1,1,0,2026-07-15 23:08:46,2026-07-15 23:08:47
1591733070,True,1,1,0,2026-07-15 23:09:34,2026-07-15 23:09:35
1591733071,True,1,1,0,2026-07-15 23:08:18,2026-07-15 23:08:19
1591733072,True,1,1,0,2026-07-15 23:06:28,2026-07-15 23:06:29
1591815473,True,1,1,0,2026-07-21 01:03:40,2026-07-21 01:03:42
1591815474,True,1,1,0,2026-07-21 01:01:10,2026-07-21 01:01:11
1591815475,True,1,1,0,2026-07-21 01:04:18,2026-07-21 01:04:19
1591815476,True,1,1,0,2026-07-21 01:03:09,2026-07-21 01:03:11
1591815477,True,1,1,0,2026-07-21 01:02:57,2026-07-21 01:02:58
1591815478,True,1,1,0,2026-07-21 01:02:07,2026-07-21 01:02:08
1591815479,True,1,1,0,2026-07-21 01:03:27,2026-07-21 01:03:28
1591815480,True,1,1,0,2026-07-21 01:00:17,2026-07-21 01:00:19
1591815481,True,1,1,0,2026-07-21 01:01:54,2026-07-21 01:01:55
1591815482,True,1,1,0,2026-07-21 01:03:58,2026-07-21 01:03:59
1593222048,True,1,1,0,2026-07-13 21:23:11,2026-07-13 21:23:12
1593222049,True,1,1,0,2026-07-13 19:11:49,2026-07-13 19:11:50
1593222050,True,1,1,0,2026-07-13 21:22:48,2026-07-13 21:22:49
1593222051,True,1,1,0,2026-07-15 23:11:58,2026-07-15 23:11:59
1593222052,True,1,1,0,2026-07-13 21:24:17,2026-07-13 21:24:19
1593222054,True,1,1,0,2026-07-13 18:53:23,2026-07-13 18:53:24
1593222055,True,1,1,0,2026-07-13 21:24:44,2026-07-13 21:24:45
1593222056,True,1,1,0,2026-07-15 23:13:44,2026-07-15 23:13:45
1593222057,True,1,1,0,2026-07-15 23:14:28,2026-07-15 23:14:29
1593222058,True,1,1,0,2026-07-13 19:13:49,2026-07-13 19:13:50
1593222059,True,1,1,0,2026-07-13 19:14:10,2026-07-13 19:14:12
1593222060,True,1,1,0,2026-07-15 23:12:15,2026-07-15 23:12:16
1593222061,True,1,1,0,2026-07-13 18:53:54,2026-07-13 18:53:55
1593222064,True,1,1,0,2026-07-15 23:12:56,2026-07-15 23:12:57
1593222065,True,1,1,0,2026-07-13 19:12:50,2026-07-13 19:12:51
1593222066,True,1,1,0,2026-07-15 23:14:12,2026-07-15 23:14:13
1593222074,True,1,1,0,2026-07-15 23:11:12,2026-07-15 23:11:13
1593222075,True,1,1,0,2026-07-15 23:11:42,2026-07-15 23:11:43
1593222082,True,1,1,0,2026-07-15 23:13:25,2026-07-15 23:13:25
1593534674,True,1,1,0,2026-07-16 23:56:06,2026-07-16 23:56:07
1593534677,True,1,1,0,2026-07-16 23:58:42,2026-07-16 23:58:43
1593534678,True,1,1,0,2026-07-16 23:58:28,2026-07-16 23:58:29
1593534679,True,1,1,0,2026-07-16 23:56:17,2026-07-16 23:56:18
1593534680,True,1,1,0,2026-07-16 23:59:41,2026-07-16 23:59:42
1593534681,True,1,1,0,2026-07-16 23:59:59,2026-07-17 00:00:00
1593534682,True,1,1,0,2026-07-16 23:55:50,2026-07-16 23:55:51
1593534685,True,1,1,0,2026-07-16 23:58:57,2026-07-16 23:58:58
1593534686,True,1,1,0,2026-07-16 23:56:33,2026-07-16 23:56:34
1593534687,True,1,1,0,2026-07-16 23:58:13,2026-07-16 23:58:14
1593534691,True,1,1,0,2026-07-21 17:01:20,2026-07-21 17:01:21
1594957394,True,1,1,0,2026-07-13 21:31:47,2026-07-13 21:31:48
1594957395,True,1,1,0,2026-07-13 21:37:03,2026-07-13 21:37:04
1594957396,True,1,1,0,2026-07-13 21:29:06,2026-07-13 21:29:07
1594957397,True,1,1,0,2026-07-13 21:29:24,2026-07-13 21:29:25
1594957398,True,1,1,0,2026-07-13 21:30:55,2026-07-13 21:30:56
1594957399,True,1,1,0,2026-07-13 21:33:50,2026-07-13 21:33:51
1594957400,True,1,1,0,2026-07-13 21:34:23,2026-07-13 21:34:24
1594957402,True,1,1,0,2026-07-17 00:01:56,2026-07-17 00:01:56
1594957403,True,1,1,0,2026-07-13 21:32:26,2026-07-13 21:32:26
1594957404,True,1,1,0,2026-07-13 21:27:55,2026-07-13 21:27:56
1594957405,True,1,1,0,2026-07-13 21:34:10,2026-07-13 21:34:11
1594957406,True,1,1,0,2026-07-17 00:01:10,2026-07-17 00:01:11
1594957407,True,1,1,0,2026-07-13 21:34:55,2026-07-13 21:34:56
1594957408,True,1,1,0,2026-07-13 21:33:33,2026-07-13 21:33:34
1594957410,True,1,1,0,2026-07-13 21:31:08,2026-07-13 21:31:09
1594957411,True,1,1,0,2026-07-13 21:28:46,2026-07-13 21:28:48
1594957412,True,1,1,0,2026-07-17 00:03:53,2026-07-17 00:03:54
1594957413,True,1,1,0,2026-07-13 21:30:35,2026-07-13 21:30:37
1594957415,True,1,1,0,2026-07-17 00:06:01,2026-07-17 00:06:02
1594957417,True,1,1,0,2026-07-17 00:05:00,2026-07-17 00:05:01
1594957419,True,1,1,0,2026-07-13 21:29:41,2026-07-13 21:29:42
1594957421,True,1,1,0,2026-07-13 21:35:19,2026-07-13 21:35:20
1594957422,True,1,1,0,2026-07-17 00:04:49,2026-07-17 00:04:50
1594957423,True,1,1,0,2026-07-17 00:04:04,2026-07-17 00:04:05
1594957424,True,1,1,0,2026-07-17 00:05:49,2026-07-17 00:05:50
1594957425,True,1,1,0,2026-07-17 00:06:24,2026-07-17 00:06:25
1594957426,True,1,1,0,2026-07-17 00:06:12,2026-07-17 00:06:13
1594957427,True,1,1,0,2026-07-13 21:32:45,2026-07-13 21:32:46
1594957428,True,1,1,0,2026-07-17 00:03:25,2026-07-17 00:03:26
1594957432,True,1,1,0,2026-07-17 00:03:07,2026-07-17 00:03:08
1594957433,True,1,1,0,2026-07-17 00:04:37,2026-07-17 00:04:38
1594957434,True,1,1,0,2026-07-17 00:00:47,2026-07-17 00:00:48
1594957439,True,1,1,0,2026-07-17 00:02:09,2026-07-17 00:02:09
1594957440,True,1,1,0,2026-07-17 00:00:59,2026-07-17 00:01:00
1594957442,True,1,1,0,2026-07-17 00:01:43,2026-07-17 00:01:44
1594957443,True,1,1,0,2026-07-17 00:05:12,2026-07-17 00:05:13
1594957444,True,1,1,0,2026-07-13 21:27:40,2026-07-13 21:27:41
1594957445,True,1,1,0,2026-07-17 00:00:35,2026-07-17 00:00:36
1594957446,True,1,1,0,2026-07-13 21:30:20,2026-07-13 21:30:21
1594957448,True,1,1,0,2026-07-17 00:02:22,2026-07-17 00:02:23
1595460292,True,1,1,0,2026-07-15 23:18:29,2026-07-15 23:18:30
1595460294,True,1,1,0,2026-07-15 23:16:30,2026-07-15 23:16:31
1595460296,True,1,1,0,2026-07-15 23:15:59,2026-07-15 23:16:00
1595460297,True,1,1,0,2026-07-15 23:16:18,2026-07-15 23:16:19
1595460298,True,1,1,0,2026-07-15 23:17:23,2026-07-15 23:17:24
1595460299,True,1,1,0,2026-07-15 23:15:12,2026-07-15 23:15:13
1595460304,True,1,1,0,2026-07-15 23:18:14,2026-07-15 23:18:16
1595460305,True,1,1,0,2026-07-15 23:17:42,2026-07-15 23:17:44
1595460306,True,1,1,0,2026-07-15 23:17:59,2026-07-15 23:18:00
1595525811,True,1,1,0,2026-07-15 23:24:45,2026-07-15 23:24:47
1595525812,True,1,1,0,2026-07-15 23:24:33,2026-07-15 23:24:34
1595525813,True,1,1,0,2026-07-15 23:20:02,2026-07-15 23:20:03
1595525814,True,1,1,0,2026-07-15 23:20:15,2026-07-15 23:20:16
1595525836,True,1,1,0,2026-07-15 23:23:01,2026-07-15 23:23:02
1595525838,True,1,1,0,2026-07-15 23:24:15,2026-07-15 23:24:16
1595525849,True,1,1,0,2026-07-15 23:23:57,2026-07-15 23:23:59
1595525850,True,1,1,0,2026-07-15 23:19:08,2026-07-15 23:19:10
1595525851,True,1,1,0,2026-07-15 23:19:47,2026-07-15 23:19:48
1595707071,True,1,1,0,2026-07-13 21:36:30,2026-07-13 21:36:32
1595707073,True,1,1,0,2026-07-13 21:36:48,2026-07-13 21:36:49
1595719742,True,1,1,0,2026-07-13 21:36:03,2026-07-13 21:36:05
1595719743,True,1,1,0,2026-07-13 21:36:17,2026-07-13 21:36:18
1595759195,True,1,1,0,2026-07-14 18:02:53,2026-07-14 18:02:54
1595759196,True,1,1,0,2026-07-14 18:02:36,2026-07-14 18:02:37
1595771044,True,1,1,0,2026-07-14 18:01:59,2026-07-14 18:02:00
1595771060,True,1,1,0,2026-07-14 18:02:15,2026-07-14 18:02:16
1595781990,True,1,1,0,2026-07-14 18:01:46,2026-07-14 18:01:47
1596236267,True,1,1,0,2026-07-15 23:28:27,2026-07-15 23:28:28
1596236271,True,1,1,0,2026-07-15 23:25:21,2026-07-15 23:25:22
1596236272,True,1,1,0,2026-07-15 23:26:25,2026-07-15 23:26:26
1596236273,True,1,1,0,2026-07-17 00:08:44,2026-07-17 00:08:45
1596236274,True,1,1,0,2026-07-17 00:07:06,2026-07-17 00:07:07
1596236275,True,1,1,0,2026-07-15 23:29:17,2026-07-15 23:29:18
1596236276,True,1,1,0,2026-07-17 00:10:10,2026-07-17 00:10:11
1596236277,True,1,1,0,2026-07-17 00:07:36,2026-07-17 00:07:37
1596236278,True,1,1,0,2026-07-14 18:07:50,2026-07-14 18:07:51
1596236279,True,1,1,0,2026-07-15 23:26:11,2026-07-15 23:26:12
1596236282,True,1,1,0,2026-07-14 18:05:24,2026-07-14 18:05:25
1596236284,True,1,1,0,2026-07-14 18:05:38,2026-07-14 18:05:39
1596236286,True,1,1,0,2026-07-15 23:28:06,2026-07-15 23:28:07
1596236288,True,1,1,0,2026-07-15 23:28:59,2026-07-15 23:29:00
1596236290,True,1,1,0,2026-07-17 00:09:14,2026-07-17 00:09:15
1596236292,True,1,1,0,2026-07-17 00:09:53,2026-07-17 00:09:54
1596236295,True,1,1,0,2026-07-14 18:05:58,2026-07-14 18:05:59
1596236296,True,1,1,0,2026-07-14 18:09:30,2026-07-14 18:09:31
1596236297,True,1,1,0,2026-07-17 00:07:22,2026-07-17 00:07:23
1596236301,True,1,1,0,2026-07-14 18:08:39,2026-07-14 18:08:40
1596236302,True,1,1,0,2026-07-14 18:08:54,2026-07-14 18:08:55
1596236306,True,1,1,0,2026-07-17 00:08:55,2026-07-17 00:08:56
1596236309,True,1,1,0,2026-07-15 23:26:38,2026-07-15 23:26:38
1596236310,True,1,1,0,2026-07-15 23:28:43,2026-07-15 23:28:44
1596236312,True,1,1,0,2026-07-14 18:08:17,2026-07-14 18:08:19
1596236314,True,1,1,0,2026-07-17 00:08:17,2026-07-17 00:08:18
1596236317,True,1,1,0,2026-07-14 18:04:13,2026-07-14 18:04:13
1596236319,True,1,1,0,2026-07-17 00:08:30,2026-07-17 00:08:31
1596236322,True,1,1,0,2026-07-14 18:06:15,2026-07-14 18:06:16
1596576245,True,1,1,0,2026-07-14 18:10:06,2026-07-14 18:10:06
1596587557,True,1,1,0,2026-07-15 23:30:00,2026-07-15 23:30:02
1596606095,True,1,1,0,2026-07-14 18:10:58,2026-07-14 18:10:59
1596626683,True,1,1,0,2026-07-15 23:31:06,2026-07-15 23:31:07
1596631076,True,1,1,0,2026-07-14 18:11:39,2026-07-14 18:11:40
1596631140,True,1,1,0,2026-07-15 23:30:49,2026-07-15 23:30:50
1596634955,True,1,1,0,2026-07-15 23:30:35,2026-07-15 23:30:36
1596671899,True,1,1,0,2026-07-15 23:33:22,2026-07-15 23:33:23
1596679300,True,1,1,0,2026-07-15 23:32:30,2026-07-15 23:32:31
1596679304,True,1,1,0,2026-07-15 23:32:48,2026-07-15 23:32:50
1596687724,True,1,1,0,2026-07-15 23:32:10,2026-07-15 23:32:11
1596728647,True,1,1,0,2026-07-17 00:12:56,2026-07-17 00:12:57
1596729516,True,1,1,0,2026-07-17 00:15:13,2026-07-17 00:15:14
1596729517,True,1,1,0,2026-07-17 00:11:37,2026-07-17 00:11:38
1596729518,True,1,1,0,2026-07-17 00:13:10,2026-07-17 00:13:11
1596729519,True,1,1,0,2026-07-17 00:11:48,2026-07-17 00:11:49
1596729611,True,1,1,0,2026-07-17 00:13:25,2026-07-17 00:13:26
1596730907,True,1,1,0,2026-07-17 00:12:37,2026-07-17 00:12:38
1596738249,True,1,1,0,2026-07-17 00:10:53,2026-07-17 00:10:54
1596748329,True,1,1,0,2026-07-17 00:12:01,2026-07-17 00:12:02
1596782117,True,1,1,0,2026-07-17 00:11:05,2026-07-17 00:11:06
1596824557,True,1,1,0,2026-07-14 18:12:15,2026-07-14 18:12:16
1596927515,True,1,1,0,2026-07-14 18:13:06,2026-07-14 18:13:07
1596927557,True,1,1,0,2026-07-14 18:13:18,2026-07-14 18:13:19
1596927639,True,1,1,0,2026-07-14 18:13:41,2026-07-14 18:13:42
1596927716,True,1,1,0,2026-07-14 18:14:20,2026-07-14 18:14:21
1596949705,True,1,1,0,2026-07-14 18:26:50,2026-07-14 18:26:51
1596955102,True,1,1,0,2026-07-14 18:26:27,2026-07-14 18:26:27
1596965465,True,1,1,0,2026-07-14 18:26:09,2026-07-14 18:26:10
1596982475,True,1,1,0,2026-07-14 18:25:57,2026-07-14 18:25:58
1597048830,True,1,1,0,2026-07-14 18:27:31,2026-07-14 18:27:32
1597119872,True,1,1,0,2026-07-14 19:07:35,2026-07-14 19:07:36
1597119873,True,1,1,0,2026-07-14 19:07:24,2026-07-14 19:07:25
1597134326,True,1,1,0,2026-07-14 19:07:11,2026-07-14 19:07:12
1597182756,True,1,1,0,2026-07-14 19:09:43,2026-07-14 19:09:44
1597182760,True,1,1,0,2026-07-14 19:09:31,2026-07-14 19:09:33
1597182761,True,1,1,0,2026-07-17 00:15:49,2026-07-17 00:15:50
1597182762,True,1,1,0,2026-07-14 19:08:24,2026-07-14 19:08:25
1597182763,True,1,1,0,2026-07-14 19:09:55,2026-07-14 19:09:56
1597182764,True,1,1,0,2026-07-14 19:08:36,2026-07-14 19:08:37
1597183529,True,1,1,0,2026-07-15 23:36:16,2026-07-15 23:36:17
1597183585,True,1,1,0,2026-07-15 23:37:28,2026-07-15 23:37:30
1597183587,True,1,1,0,2026-07-15 23:35:46,2026-07-15 23:35:47
1597183588,True,1,1,0,2026-07-17 00:19:20,2026-07-17 00:19:21
1597183590,True,1,1,0,2026-07-15 23:36:03,2026-07-15 23:36:04
1597183591,True,1,1,0,2026-07-17 00:19:34,2026-07-17 00:19:35
1597183592,True,1,1,0,2026-07-15 23:35:06,2026-07-15 23:35:07
1597183593,True,1,1,0,2026-07-17 00:20:44,2026-07-17 00:20:45
1597183594,True,1,1,0,2026-07-17 00:19:50,2026-07-17 00:19:51
1597183631,True,1,1,0,2026-07-17 00:16:41,2026-07-17 00:16:42
1597183633,True,1,1,0,2026-07-15 23:34:49,2026-07-15 23:34:50
1597183634,True,1,1,0,2026-07-15 23:37:41,2026-07-15 23:37:42
1597183635,True,1,1,0,2026-07-17 00:20:08,2026-07-17 00:20:09
1597183636,True,1,1,0,2026-07-17 00:16:54,2026-07-17 00:16:55
1597183637,True,1,1,0,2026-07-17 00:16:29,2026-07-17 00:16:30
1597183638,True,1,1,0,2026-07-17 00:19:04,2026-07-17 00:19:05
1597183639,True,1,1,0,2026-07-15 23:37:16,2026-07-15 23:37:17
1597183640,True,1,1,0,2026-07-15 23:37:59,2026-07-15 23:38:00
1597292895,True,1,1,0,2026-07-14 19:10:31,2026-07-14 19:10:31
1597336002,True,1,1,0,2026-07-14 19:12:32,2026-07-14 19:12:33
1597362268,True,1,1,0,2026-07-14 19:12:14,2026-07-14 19:12:14
1597370764,True,1,1,0,2026-07-14 19:11:56,2026-07-14 19:11:58
1597385452,True,1,1,0,2026-07-14 19:11:30,2026-07-14 19:11:31
1597433474,True,1,1,0,2026-07-14 19:14:33,2026-07-14 19:14:34
1597433476,True,1,1,0,2026-07-14 19:14:19,2026-07-14 19:14:20
1597442593,True,1,1,0,2026-07-14 19:14:04,2026-07-14 19:14:05
1597459810,True,1,1,0,2026-07-14 19:13:27,2026-07-14 19:13:28
1597525701,True,1,1,0,2026-07-14 19:15:19,2026-07-14 19:15:20
1597648671,True,1,1,0,2026-07-15 23:39:11,2026-07-15 23:39:12
1597648673,True,1,1,0,2026-07-15 23:38:33,2026-07-15 23:38:34
1597648674,True,1,1,0,2026-07-15 23:39:49,2026-07-15 23:39:50
1597648677,True,1,1,0,2026-07-17 00:21:15,2026-07-17 00:21:16
1597648678,True,1,1,0,2026-07-15 23:41:32,2026-07-15 23:41:33
1597648680,True,1,1,0,2026-07-17 00:21:26,2026-07-17 00:21:27
1597648681,True,1,1,0,2026-07-17 00:23:13,2026-07-17 00:23:14
1597648682,True,1,1,0,2026-07-17 00:23:01,2026-07-17 00:23:02
1597648685,True,1,1,0,2026-07-17 00:21:58,2026-07-17 00:21:59
1597648688,True,2,2,0,2026-07-15 23:40:37,2026-07-15 23:40:55
1597648689,True,1,1,0,2026-07-15 23:39:22,2026-07-15 23:39:23
1597648691,True,1,1,0,2026-07-15 23:41:55,2026-07-15 23:41:56
1597648692,True,1,1,0,2026-07-15 23:41:17,2026-07-15 23:41:18
1597648697,True,1,1,0,2026-07-17 00:23:39,2026-07-17 00:23:40
1597648698,True,1,1,0,2026-07-17 00:23:26,2026-07-17 00:23:27
1597648699,True,1,1,0,2026-07-17 00:22:11,2026-07-17 00:22:11
1597648700,True,1,1,0,2026-07-17 00:22:25,2026-07-17 00:22:26
1597648701,True,1,1,0,2026-07-17 00:23:52,2026-07-17 00:23:53
1597787307,True,1,1,0,2026-07-14 19:15:55,2026-07-14 19:15:56
1597831295,True,1,1,0,2026-07-14 19:18:20,2026-07-14 19:18:21
1597854352,True,1,1,0,2026-07-14 19:17:48,2026-07-14 19:17:49
1597868580,True,1,1,0,2026-07-14 19:17:31,2026-07-14 19:17:31
1597868585,True,1,1,0,2026-07-14 19:17:17,2026-07-14 19:17:18
1597888391,True,1,1,0,2026-07-14 19:17:00,2026-07-14 19:17:01
1597927926,True,1,1,0,2026-07-14 19:23:47,2026-07-14 19:23:48
1597950372,True,1,1,0,2026-07-14 19:22:55,2026-07-14 19:22:55
1597963720,True,1,1,0,2026-07-14 19:22:24,2026-07-14 19:22:25
1597991492,True,1,1,0,2026-07-14 19:23:34,2026-07-14 19:23:35
1598229713,True,1,1,0,2026-07-17 00:39:16,2026-07-17 00:39:17
1598229714,True,1,1,0,2026-07-17 00:28:51,2026-07-17 00:28:53
1598229715,True,1,1,0,2026-07-17 00:41:00,2026-07-17 00:41:01
1598229716,True,1,1,0,2026-07-17 00:40:08,2026-07-17 00:40:09
1598229718,True,1,1,0,2026-07-14 19:24:22,2026-07-14 19:24:23
1598229720,True,1,1,0,2026-07-14 19:28:34,2026-07-14 19:28:35
1598229721,True,1,1,0,2026-07-14 19:25:52,2026-07-14 19:25:53
1598229722,True,1,1,0,2026-07-17 00:29:18,2026-07-17 00:29:19
1598229723,True,1,1,0,2026-07-14 19:27:25,2026-07-14 19:27:27
1598229724,True,1,1,0,2026-07-14 19:26:13,2026-07-14 19:26:14
1598229725,True,1,1,0,2026-07-17 00:39:55,2026-07-17 00:39:55
1598229726,True,1,1,0,2026-07-17 00:29:05,2026-07-17 00:29:06
1598229727,True,1,1,0,2026-07-17 00:39:40,2026-07-17 00:39:41
1598229729,True,1,1,0,2026-07-14 19:27:41,2026-07-14 19:27:43
1598229730,True,1,1,0,2026-07-17 00:40:26,2026-07-17 00:40:27
1598229732,True,1,1,0,2026-07-17 00:28:40,2026-07-17 00:28:41
1598229733,True,1,1,0,2026-07-14 19:27:56,2026-07-14 19:27:57
1598229734,True,1,1,0,2026-07-14 19:27:12,2026-07-14 19:27:13
1598229735,True,1,1,0,2026-07-14 19:25:33,2026-07-14 19:25:34
1598229736,True,1,1,0,2026-07-14 19:25:17,2026-07-14 19:25:18
1598399647,True,1,1,0,2026-07-15 23:56:27,2026-07-15 23:56:28
1598399648,True,1,1,0,2026-07-15 23:43:37,2026-07-15 23:43:38
1598399649,True,1,1,0,2026-07-15 23:56:08,2026-07-15 23:56:09
1598399651,True,1,1,0,2026-07-15 23:43:22,2026-07-15 23:43:23
1598399652,True,1,1,0,2026-07-15 23:42:39,2026-07-15 23:42:41
1598399660,True,1,1,0,2026-07-15 23:56:46,2026-07-15 23:56:47
1598399661,True,1,1,0,2026-07-15 23:43:55,2026-07-15 23:43:56
1598399662,True,2,2,0,2026-07-15 23:55:47,2026-07-15 23:55:55
1598399663,True,1,1,0,2026-07-15 23:57:09,2026-07-15 23:57:10
1598706400,True,1,1,0,2026-07-17 00:41:55,2026-07-17 00:41:56
1598711022,True,1,1,0,2026-07-17 00:41:38,2026-07-17 00:41:39
1598713709,True,1,1,0,2026-07-14 19:29:09,2026-07-14 19:29:10
1598740300,True,1,1,0,2026-07-14 19:31:05,2026-07-14 19:31:06
1598742283,True,1,1,0,2026-07-14 19:45:13,2026-07-14 19:45:14
1598742284,True,1,1,0,2026-07-14 19:45:31,2026-07-14 19:45:32
1598742285,True,1,1,0,2026-07-14 19:30:19,2026-07-14 19:30:20
1598742286,True,1,1,0,2026-07-14 19:30:33,2026-07-14 19:30:34
1598742287,True,1,1,0,2026-07-14 19:30:49,2026-07-14 19:30:50
1598742295,True,1,1,0,2026-07-16 00:00:19,2026-07-16 00:00:20
1598742297,True,1,1,0,2026-07-17 00:44:30,2026-07-17 00:44:31
1598742298,True,1,1,0,2026-07-14 19:44:56,2026-07-14 19:44:58
1598742305,True,1,1,0,2026-07-15 23:59:05,2026-07-15 23:59:06
1598742306,True,1,1,0,2026-07-17 00:44:01,2026-07-17 00:44:02
1598742309,True,1,1,0,2026-07-15 23:58:51,2026-07-15 23:58:52
1598742310,True,1,1,0,2026-07-17 00:43:01,2026-07-17 00:43:01
1598742311,True,1,1,0,2026-07-17 00:44:43,2026-07-17 00:44:44
1598742313,True,1,1,0,2026-07-16 00:01:17,2026-07-16 00:01:18
1598742314,True,1,1,0,2026-07-16 00:01:33,2026-07-16 00:01:34
1598742322,True,1,1,0,2026-07-15 23:57:45,2026-07-15 23:57:46
1598742325,True,1,1,0,2026-07-16 00:00:52,2026-07-16 00:00:53
1598742329,True,1,1,0,2026-07-15 23:58:35,2026-07-15 23:58:36
1598742334,True,1,1,0,2026-07-17 14:44:41,2026-07-17 14:44:42
1598742338,True,1,1,0,2026-07-14 19:44:43,2026-07-14 19:44:45
1598742339,True,1,1,0,2026-07-16 00:01:50,2026-07-16 00:01:51
1598742340,True,1,1,0,2026-07-17 00:42:44,2026-07-17 00:42:45
1598742341,True,1,1,0,2026-07-14 19:46:13,2026-07-14 19:46:14
1598742342,True,1,1,0,2026-07-17 00:44:17,2026-07-17 00:44:18
1598742343,True,1,1,0,2026-07-17 00:43:48,2026-07-17 00:43:49
1599247382,True,1,1,0,2026-07-17 00:45:36,2026-07-17 00:45:36
1599247383,True,1,1,0,2026-07-17 00:45:48,2026-07-17 00:45:49
1599267629,True,1,1,0,2026-07-17 00:45:22,2026-07-17 00:45:23
1599289771,True,1,1,0,2026-07-14 21:27:48,2026-07-14 21:27:49
1599289772,True,1,1,0,2026-07-14 19:49:03,2026-07-14 19:49:04
1599289773,True,1,1,0,2026-07-14 19:49:43,2026-07-14 19:49:44
1599289774,True,1,1,0,2026-07-14 19:47:01,2026-07-14 19:47:02
1599289775,True,1,1,0,2026-07-14 19:48:07,2026-07-14 19:48:09
1599289777,True,1,1,0,2026-07-14 21:20:21,2026-07-14 21:20:22
1599289779,True,1,1,0,2026-07-17 00:47:43,2026-07-17 00:47:44
1599289781,True,1,1,0,2026-07-17 00:47:09,2026-07-17 00:47:10
1599289785,True,1,1,0,2026-07-17 00:46:31,2026-07-17 00:46:32
1599289786,True,1,1,0,2026-07-14 19:49:24,2026-07-14 19:49:25
1599289787,True,1,1,0,2026-07-14 19:47:54,2026-07-14 19:47:55
1599289788,True,1,1,0,2026-07-14 19:51:23,2026-07-14 19:51:24
1599289789,True,1,1,0,2026-07-14 19:52:04,2026-07-14 19:52:05
1599289792,True,1,1,0,2026-07-17 00:48:09,2026-07-17 00:48:10
1599289793,True,1,1,0,2026-07-17 00:46:44,2026-07-17 00:46:45
1599289794,True,1,1,0,2026-07-17 00:46:56,2026-07-17 00:46:57
1599289795,True,1,1,0,2026-07-17 00:47:56,2026-07-17 00:47:57
1599289829,True,1,1,0,2026-07-16 00:23:56,2026-07-16 00:23:57
1599289831,True,1,1,0,2026-07-16 00:24:29,2026-07-16 00:24:30
1599289832,True,1,1,0,2026-07-16 00:04:11,2026-07-16 00:04:12
1599289833,True,1,1,0,2026-07-16 00:02:31,2026-07-16 00:02:32
1599289834,True,1,1,0,2026-07-16 00:03:38,2026-07-16 00:03:39
1599289837,True,1,1,0,2026-07-16 00:02:52,2026-07-16 00:02:53
1599289838,True,2,2,0,2026-07-16 00:05:16,2026-07-16 00:25:35
1599289842,True,2,2,0,2026-07-16 00:04:59,2026-07-16 00:25:15
1599289845,True,1,1,0,2026-07-16 00:03:51,2026-07-16 00:03:52
1599456144,True,1,1,0,2026-07-17 00:49:15,2026-07-17 00:49:16
1599478383,True,1,1,0,2026-07-17 00:49:03,2026-07-17 00:49:04
1599493100,True,1,1,0,2026-07-17 00:48:51,2026-07-17 00:48:52
1599523751,True,1,1,0,2026-07-17 00:50:29,2026-07-17 00:50:30
1599534971,True,1,1,0,2026-07-17 00:50:17,2026-07-17 00:50:17
1599550070,True,1,1,0,2026-07-17 00:50:05,2026-07-17 00:50:07
1599562091,True,1,1,0,2026-07-17 00:49:54,2026-07-17 00:49:55
1599613559,True,1,1,0,2026-07-17 00:57:25,2026-07-17 00:57:26
1599613562,True,1,1,0,2026-07-17 00:57:40,2026-07-17 00:57:41
1599624959,True,1,1,0,2026-07-17 00:57:10,2026-07-17 00:57:11
1599734747,True,1,1,0,2026-07-16 00:29:09,2026-07-16 00:29:10
1599734755,True,1,1,0,2026-07-17 00:58:47,2026-07-17 00:58:48
1599734756,True,1,1,0,2026-07-17 01:05:39,2026-07-17 01:05:40
1599734758,True,1,1,0,2026-07-16 00:29:24,2026-07-16 00:29:25
1599734761,True,1,1,0,2026-07-14 21:16:30,2026-07-14 21:16:32
1599734763,True,1,1,0,2026-07-17 01:05:55,2026-07-17 01:05:56
1599734764,True,1,1,0,2026-07-17 01:06:37,2026-07-17 01:06:38
1599734765,True,1,1,0,2026-07-16 00:29:44,2026-07-16 00:29:44
1599734766,True,1,1,0,2026-07-14 19:53:29,2026-07-14 19:53:31
1599734768,True,1,1,0,2026-07-16 00:30:19,2026-07-16 00:30:20
1599734769,True,1,1,0,2026-07-14 19:53:16,2026-07-14 19:53:18
1599734770,True,1,1,0,2026-07-14 19:53:45,2026-07-14 19:53:46
1599734771,True,1,1,0,2026-07-16 00:26:37,2026-07-16 00:26:38
1599734772,True,1,1,0,2026-07-17 00:59:51,2026-07-17 00:59:52
1599734773,True,1,1,0,2026-07-14 19:56:23,2026-07-14 19:56:25
1599734774,True,1,1,0,2026-07-16 00:28:05,2026-07-16 00:28:06
1599734775,True,1,1,0,2026-07-17 01:06:23,2026-07-17 01:06:24
1599734777,True,1,1,0,2026-07-14 19:56:12,2026-07-14 19:56:13
1599734778,True,1,1,0,2026-07-14 19:55:59,2026-07-14 19:56:01
1599734780,True,1,1,0,2026-07-16 00:27:37,2026-07-16 00:27:38
1599734781,True,1,1,0,2026-07-14 19:55:46,2026-07-14 19:55:47
1599734782,True,1,1,0,2026-07-17 00:59:36,2026-07-17 00:59:37
1599734783,True,1,1,0,2026-07-17 01:06:10,2026-07-17 01:06:11
1599734784,True,1,1,0,2026-07-17 00:58:12,2026-07-17 00:58:14
1599734785,True,1,1,0,2026-07-16 00:30:02,2026-07-16 00:30:03
1599734786,True,1,1,0,2026-07-16 00:27:51,2026-07-16 00:27:52
1599734787,True,1,1,0,2026-07-17 00:59:23,2026-07-17 00:59:24
1599734789,True,1,1,0,2026-07-14 19:55:29,2026-07-14 19:55:30
1599734790,True,1,1,0,2026-07-14 19:52:39,2026-07-14 19:52:41
1600190471,True,1,1,0,2026-07-14 19:58:30,2026-07-14 19:58:31
1600190472,True,1,1,0,2026-07-14 19:58:17,2026-07-14 19:58:18
1600190474,True,1,1,0,2026-07-14 19:59:44,2026-07-14 19:59:46
1600190475,True,1,1,0,2026-07-14 19:58:42,2026-07-14 19:58:44
1600190476,True,1,1,0,2026-07-17 01:09:20,2026-07-17 01:09:21
1600190478,True,1,1,0,2026-07-14 20:00:15,2026-07-14 20:00:16
1600190479,True,1,1,0,2026-07-16 00:34:03,2026-07-16 00:34:04
1600190480,True,1,1,0,2026-07-17 01:11:07,2026-07-17 01:11:08
1600190483,True,1,1,0,2026-07-16 00:31:19,2026-07-16 00:31:20
1600190484,True,1,1,0,2026-07-16 00:34:48,2026-07-16 00:34:49
1600190485,True,1,1,0,2026-07-16 00:32:29,2026-07-16 00:32:30
1600190488,True,1,1,0,2026-07-14 19:59:58,2026-07-14 20:00:00
1600190491,True,1,1,0,2026-07-16 00:35:07,2026-07-16 00:35:08
1600190494,True,1,1,0,2026-07-17 01:10:36,2026-07-17 01:10:37
1600190495,True,1,1,0,2026-07-17 01:09:03,2026-07-17 01:09:04
1600190496,True,1,1,0,2026-07-14 20:00:26,2026-07-14 20:00:27
1600190497,True,1,1,0,2026-07-14 19:58:04,2026-07-14 19:58:05
1600190502,True,1,1,0,2026-07-14 19:56:59,2026-07-14 19:57:01
1600190503,True,1,1,0,2026-07-16 00:33:27,2026-07-16 00:33:28
1600190506,True,1,1,0,2026-07-17 01:11:20,2026-07-17 01:11:21
1600190507,True,1,1,0,2026-07-17 01:11:55,2026-07-17 01:11:56
1600190508,True,1,1,0,2026-07-14 19:57:48,2026-07-14 19:57:50
1600190509,True,1,1,0,2026-07-17 01:12:10,2026-07-17 01:12:11
1600190511,True,1,1,0,2026-07-17 01:10:24,2026-07-17 01:10:24
1600190512,True,1,1,0,2026-07-17 01:09:37,2026-07-17 01:09:38
1600190513,True,1,1,0,2026-07-17 01:10:53,2026-07-17 01:10:54
1600190514,True,1,1,0,2026-07-16 00:32:15,2026-07-16 00:32:16
1600190515,True,1,1,0,2026-07-16 00:31:59,2026-07-16 00:32:01
1600190518,True,1,1,0,2026-07-16 00:31:06,2026-07-16 00:31:08
1600830075,True,1,1,0,2026-07-17 02:05:37,2026-07-17 02:05:38
1600830076,True,1,1,0,2026-07-17 01:15:29,2026-07-17 01:15:30
1600830080,True,1,1,0,2026-07-14 20:01:06,2026-07-14 20:01:07
1600830083,True,1,1,0,2026-07-14 20:05:20,2026-07-14 20:05:21
1600830084,True,1,1,0,2026-07-14 20:09:04,2026-07-14 20:09:05
1600830085,True,1,1,0,2026-07-14 20:10:03,2026-07-14 20:10:04
1600830086,True,1,1,0,2026-07-14 20:08:12,2026-07-14 20:08:13
1600830087,True,1,1,0,2026-07-16 00:38:12,2026-07-16 00:38:13
1600831352,True,1,1,0,2026-07-17 01:14:10,2026-07-17 01:14:11
1600831353,True,1,1,0,2026-07-17 01:13:58,2026-07-17 01:13:59
1600831354,True,1,1,0,2026-07-17 01:15:46,2026-07-17 01:15:47
1600831355,True,1,1,0,2026-07-17 01:16:26,2026-07-17 01:16:27
1600831357,True,1,1,0,2026-07-16 00:35:55,2026-07-16 00:35:56
1600831360,True,1,1,0,2026-07-16 00:37:09,2026-07-16 00:37:10
1600831361,True,1,1,0,2026-07-16 00:36:49,2026-07-16 00:36:50
1600831362,True,1,1,0,2026-07-16 00:36:33,2026-07-16 00:36:33
1600831363,True,1,1,0,2026-07-16 00:39:45,2026-07-16 00:39:46
1600831364,True,1,1,0,2026-07-16 00:38:43,2026-07-16 00:38:45
1600831710,True,1,1,0,2026-07-17 01:13:13,2026-07-17 01:13:14
1600831711,True,1,1,0,2026-07-17 01:13:43,2026-07-17 01:13:44
1600831712,True,1,1,0,2026-07-17 01:15:03,2026-07-17 01:15:04
1600831713,True,1,1,0,2026-07-17 01:15:16,2026-07-17 01:15:17
1600831715,True,1,1,0,2026-07-14 20:05:33,2026-07-14 20:05:35
1600831718,True,1,1,0,2026-07-14 20:05:07,2026-07-14 20:05:08
1600831719,True,1,1,0,2026-07-14 20:04:47,2026-07-14 20:04:49
1600831720,True,1,1,0,2026-07-14 20:08:38,2026-07-14 20:08:39
1600831721,True,1,1,0,2026-07-14 20:08:50,2026-07-14 20:08:51
1600831722,True,1,1,0,2026-07-16 00:39:22,2026-07-16 00:39:23
1600831723,True,1,1,0,2026-07-16 00:39:05,2026-07-16 00:39:06
1601135944,True,1,1,0,2026-07-17 01:19:22,2026-07-17 01:19:23
1601138343,True,1,1,0,2026-07-14 20:10:36,2026-07-14 20:10:37
1601181803,True,1,1,0,2026-07-16 00:41:45,2026-07-16 00:41:46
1601181804,True,1,1,0,2026-07-16 00:42:09,2026-07-16 00:42:10
1601181805,True,1,1,0,2026-07-16 00:41:24,2026-07-16 00:41:25
1601181806,True,1,1,0,2026-07-16 00:43:32,2026-07-16 00:43:34
1601181817,True,1,1,0,2026-07-17 01:20:23,2026-07-17 01:20:23
1601181818,True,1,1,0,2026-07-17 01:18:30,2026-07-17 01:18:31
1601181819,True,1,1,0,2026-07-17 01:18:05,2026-07-17 01:18:06
1601181820,True,1,1,0,2026-07-14 21:10:52,2026-07-14 21:10:53
1601181879,True,1,1,0,2026-07-16 00:43:46,2026-07-16 00:43:47
1601181881,True,1,1,0,2026-07-16 00:44:11,2026-07-16 00:44:12
1601181882,True,1,1,0,2026-07-16 00:40:20,2026-07-16 00:40:21
1601181883,True,1,1,0,2026-07-16 00:40:37,2026-07-16 00:40:38
1601181894,True,1,1,0,2026-07-17 01:18:17,2026-07-17 01:18:18
1601181895,True,1,1,0,2026-07-17 01:17:09,2026-07-17 01:17:10
1601181896,True,1,1,0,2026-07-17 01:17:27,2026-07-17 01:17:27
1601181897,True,1,1,0,2026-07-17 01:19:50,2026-07-17 01:19:51
1601181898,True,1,1,0,2026-07-14 21:01:22,2026-07-14 21:01:23
1601181899,True,1,1,0,2026-07-14 21:01:33,2026-07-14 21:01:34
1601181900,True,1,1,0,2026-07-14 20:12:53,2026-07-14 20:12:54
1601182904,True,1,1,0,2026-07-16 00:43:58,2026-07-16 00:44:00
1601182914,True,1,1,0,2026-07-17 01:19:08,2026-07-17 01:19:09
1601182915,True,1,1,0,2026-07-17 01:19:34,2026-07-17 01:19:35
1601182916,True,1,1,0,2026-07-14 20:13:05,2026-07-14 20:13:06
1601182917,True,1,1,0,2026-07-14 20:13:15,2026-07-14 20:13:16
1601182918,True,1,1,0,2026-07-14 21:01:10,2026-07-14 21:01:11
1601182942,True,1,1,0,2026-07-14 20:11:11,2026-07-14 20:11:12
1601184566,True,1,1,0,2026-07-14 20:12:36,2026-07-14 20:12:37
1601184567,True,1,1,0,2026-07-14 20:11:41,2026-07-14 20:11:42
1601184568,True,1,1,0,2026-07-14 21:01:47,2026-07-14 21:01:48
1601545875,True,1,1,0,2026-07-14 21:15:37,2026-07-14 21:15:38
1601545878,True,1,1,0,2026-07-17 01:22:04,2026-07-17 01:22:04
1601545879,True,1,1,0,2026-07-17 01:21:49,2026-07-17 01:21:50
1601545880,True,1,1,0,2026-07-17 01:23:41,2026-07-17 01:23:42
1601547020,True,1,1,0,2026-07-14 21:13:08,2026-07-14 21:13:09
1601547021,True,1,1,0,2026-07-14 21:14:54,2026-07-14 21:14:55
1601547023,True,1,1,0,2026-07-17 01:23:56,2026-07-17 01:23:57
1601547024,True,1,1,0,2026-07-17 01:23:28,2026-07-17 01:23:29
1601547025,True,1,1,0,2026-07-17 01:23:15,2026-07-17 01:23:16
1601547026,True,1,1,0,2026-07-17 01:23:01,2026-07-17 01:23:02
1601548523,True,1,1,0,2026-07-14 21:13:39,2026-07-14 21:13:40
1601548524,True,1,1,0,2026-07-14 21:15:26,2026-07-14 21:15:27
1601548525,True,1,1,0,2026-07-14 21:13:23,2026-07-14 21:13:25
1601548526,True,1,1,0,2026-07-14 21:15:13,2026-07-14 21:15:14
1601548527,True,1,1,0,2026-07-14 21:12:16,2026-07-14 21:12:17
1601548528,True,1,1,0,2026-07-14 21:13:56,2026-07-14 21:13:57
1601548530,True,1,1,0,2026-07-17 01:24:28,2026-07-17 01:24:29
1601548531,True,1,1,0,2026-07-17 01:20:51,2026-07-17 01:20:53
1601548532,True,1,1,0,2026-07-17 01:22:17,2026-07-17 01:22:18
1601548558,True,1,1,0,2026-07-16 00:51:15,2026-07-16 00:51:16
1601548559,True,1,1,0,2026-07-16 00:49:54,2026-07-16 00:49:55
1601548560,True,1,1,0,2026-07-16 00:49:17,2026-07-16 00:49:18
1601548561,True,1,1,0,2026-07-16 00:45:06,2026-07-16 00:45:07
1601548562,True,1,1,0,2026-07-16 00:51:54,2026-07-16 00:51:55
1601550721,True,1,1,0,2026-07-16 00:51:05,2026-07-16 00:51:05
1601550722,True,1,1,0,2026-07-16 00:49:36,2026-07-16 00:49:37
1601550723,True,1,1,0,2026-07-16 00:51:28,2026-07-16 00:51:29
1601550724,True,1,1,0,2026-07-16 00:51:40,2026-07-16 00:51:42
1601907108,True,1,1,0,2026-07-14 21:24:40,2026-07-14 21:24:41
1601907109,True,1,1,0,2026-07-14 21:27:04,2026-07-14 21:27:05
1601907110,True,1,1,0,2026-07-14 21:24:52,2026-07-14 21:24:53
1601907111,True,1,1,0,2026-07-14 21:26:26,2026-07-14 21:26:27
1601907112,True,1,1,0,2026-07-14 21:23:49,2026-07-14 21:23:50
1601909355,True,1,1,0,2026-07-14 21:25:03,2026-07-14 21:25:04
1601909356,True,1,1,0,2026-07-14 21:24:24,2026-07-14 21:24:26
1601909358,True,1,1,0,2026-07-14 21:25:40,2026-07-14 21:25:41
1601909369,True,1,1,0,2026-07-17 01:27:35,2026-07-17 01:27:36
1601909370,True,1,1,0,2026-07-17 01:27:22,2026-07-17 01:27:23
1601909493,True,1,1,0,2026-07-14 21:25:57,2026-07-14 21:25:58
1601909494,True,1,1,0,2026-07-14 21:26:11,2026-07-14 21:26:12
1601909505,True,1,1,0,2026-07-17 01:28:18,2026-07-17 01:28:19
1601909506,True,1,1,0,2026-07-17 01:26:46,2026-07-17 01:26:47
1601909507,True,1,1,0,2026-07-17 01:25:52,2026-07-17 01:25:53
1601910884,True,1,1,0,2026-07-17 01:24:59,2026-07-17 01:25:00
1601910885,True,1,1,0,2026-07-17 01:28:36,2026-07-17 01:28:37
1601910886,True,1,1,0,2026-07-17 01:26:03,2026-07-17 01:26:04
1601910887,True,1,1,0,2026-07-17 01:27:00,2026-07-17 01:27:01
1601910888,True,1,1,0,2026-07-17 01:25:36,2026-07-17 01:25:37
1601911488,True,1,1,0,2026-07-16 00:52:26,2026-07-16 00:52:27
1602200646,True,1,1,0,2026-07-17 01:31:18,2026-07-17 01:31:18
1602200647,True,1,1,0,2026-07-17 01:29:41,2026-07-17 01:29:41
1602200648,True,1,1,0,2026-07-17 01:32:15,2026-07-17 01:32:16
1602200649,True,1,1,0,2026-07-17 01:32:31,2026-07-17 01:32:32
1602200650,True,1,1,0,2026-07-17 01:30:01,2026-07-17 01:30:02
1602200729,True,1,1,0,2026-07-17 01:30:31,2026-07-17 01:30:32
1602200730,True,1,1,0,2026-07-17 01:29:17,2026-07-17 01:29:18
1602202355,True,1,1,0,2026-07-17 01:30:47,2026-07-17 01:30:48
1602202356,True,1,1,0,2026-07-17 01:31:01,2026-07-17 01:31:02
1602206132,True,1,1,0,2026-07-16 00:53:42,2026-07-16 00:53:43
1602206133,True,1,1,0,2026-07-16 00:55:27,2026-07-16 00:55:28
1602206442,True,1,1,0,2026-07-16 00:52:55,2026-07-16 00:52:57
1602206444,True,1,1,0,2026-07-16 00:54:47,2026-07-16 00:54:48
1602206782,True,1,1,0,2026-07-16 00:55:40,2026-07-16 00:55:41
1602206783,True,1,1,0,2026-07-16 00:55:03,2026-07-16 00:55:04
1602206784,True,1,1,0,2026-07-16 00:53:30,2026-07-16 00:53:31
1602206785,True,1,1,0,2026-07-16 00:54:00,2026-07-16 00:54:01
1602216939,True,1,1,0,2026-07-16 00:57:34,2026-07-16 00:57:36
1602216940,True,1,1,0,2026-07-16 00:57:53,2026-07-16 00:57:54
1602216941,True,1,1,0,2026-07-16 00:58:59,2026-07-16 00:59:00
1602216942,True,1,1,0,2026-07-16 00:59:14,2026-07-16 00:59:16
1602216943,True,1,1,0,2026-07-16 00:58:31,2026-07-16 00:58:32
1602217980,True,1,1,0,2026-07-16 00:56:35,2026-07-16 00:56:37
1602217981,True,1,1,0,2026-07-16 00:56:19,2026-07-16 00:56:20
1602217985,True,1,1,0,2026-07-16 00:57:21,2026-07-16 00:57:23
1602218288,True,1,1,0,2026-07-16 00:58:43,2026-07-16 00:58:44
1602218332,True,1,1,0,2026-07-14 21:31:34,2026-07-14 21:31:35
1602218333,True,1,1,0,2026-07-14 21:29:43,2026-07-14 21:29:45
1602220686,True,1,1,0,2026-07-14 21:29:30,2026-07-14 21:29:31
1602220688,True,1,1,0,2026-07-14 21:28:52,2026-07-14 21:28:52
1602220689,True,1,1,0,2026-07-14 21:30:47,2026-07-14 21:30:48
1602220690,True,1,1,0,2026-07-14 21:29:56,2026-07-14 21:29:57
1602220781,True,1,1,0,2026-07-14 21:30:58,2026-07-14 21:30:59
1602220783,True,1,1,0,2026-07-14 21:30:13,2026-07-14 21:30:14
1602433700,True,1,1,0,2026-07-17 01:35:41,2026-07-17 01:35:42
1602433701,True,1,1,0,2026-07-17 01:34:52,2026-07-17 01:34:52
1602433702,True,1,1,0,2026-07-17 01:35:58,2026-07-17 01:35:59
1602433812,True,1,1,0,2026-07-17 01:34:40,2026-07-17 01:34:41
1602433814,True,1,1,0,2026-07-17 01:36:10,2026-07-17 01:36:11
1602433815,True,1,1,0,2026-07-17 01:36:28,2026-07-17 01:36:29
1602435461,True,1,1,0,2026-07-17 01:35:05,2026-07-17 01:35:06
1602462634,True,1,1,0,2026-07-14 21:34:58,2026-07-14 21:34:59
1602462635,True,1,1,0,2026-07-14 21:34:32,2026-07-14 21:34:33
1602462736,True,1,1,0,2026-07-14 21:36:43,2026-07-14 21:36:45
1602462737,True,1,1,0,2026-07-14 21:36:13,2026-07-14 21:36:13
1602462738,True,1,1,0,2026-07-14 21:37:12,2026-07-14 21:37:13
1602463638,True,1,1,0,2026-07-14 21:34:44,2026-07-14 21:34:46
1602463639,True,1,1,0,2026-07-14 21:32:09,2026-07-14 21:32:10
1602463640,True,1,1,0,2026-07-14 21:35:59,2026-07-14 21:35:59
1602463738,True,1,1,0,2026-07-14 21:36:24,2026-07-14 21:36:25
1602463739,True,1,1,0,2026-07-14 21:34:21,2026-07-14 21:34:22
1602608066,True,1,1,0,2026-07-17 01:36:56,2026-07-17 01:36:56
1602608419,True,1,1,0,2026-07-17 01:38:02,2026-07-17 01:38:03
1602608430,True,1,1,0,2026-07-17 01:38:29,2026-07-17 01:38:30
1602608438,True,1,1,0,2026-07-17 01:38:53,2026-07-17 01:38:54
1602608462,True,1,1,0,2026-07-17 01:38:40,2026-07-17 01:38:41
1602608726,True,1,1,0,2026-07-17 01:39:07,2026-07-17 01:39:08
1602608727,True,1,1,0,2026-07-17 01:37:24,2026-07-17 01:37:25
1602608728,True,1,1,0,2026-07-17 01:37:51,2026-07-17 01:37:52
1602608734,True,1,1,0,2026-07-17 01:37:38,2026-07-17 01:37:39
1602626043,True,1,1,0,2026-07-17 01:39:36,2026-07-17 01:39:37
1602764045,True,1,1,0,2026-07-17 01:40:03,2026-07-17 01:40:04
1602764046,True,1,1,0,2026-07-17 01:42:21,2026-07-17 01:42:22
1602764047,True,1,1,0,2026-07-17 01:42:35,2026-07-17 01:42:35
1602764048,True,1,1,0,2026-07-17 01:43:51,2026-07-17 01:43:52
1602764577,True,1,1,0,2026-07-16 01:02:05,2026-07-16 01:02:06
1602764578,True,1,1,0,2026-07-16 01:02:18,2026-07-16 01:02:19
1602764579,True,1,1,0,2026-07-16 01:01:03,2026-07-16 01:01:04
1602780043,True,1,1,0,2026-07-16 01:00:51,2026-07-16 01:00:52
1602780044,True,1,1,0,2026-07-16 01:05:12,2026-07-16 01:05:13
1602780045,True,1,1,0,2026-07-16 01:05:26,2026-07-16 01:05:27
1602780046,True,1,1,0,2026-07-16 01:05:42,2026-07-16 01:05:43
1602780047,True,1,1,0,2026-07-16 01:01:44,2026-07-16 01:01:45
1602780048,True,1,1,0,2026-07-17 01:41:04,2026-07-17 01:41:05
1602780049,True,1,1,0,2026-07-17 01:45:13,2026-07-17 01:45:13
1602780050,True,1,1,0,2026-07-17 01:43:36,2026-07-17 01:43:37
1602780051,True,1,1,0,2026-07-17 01:44:36,2026-07-17 01:44:37
1602780567,True,1,1,0,2026-07-16 01:05:57,2026-07-16 01:05:58
1602780568,True,1,1,0,2026-07-17 01:40:15,2026-07-17 01:40:16
1602780569,True,1,1,0,2026-07-17 01:41:38,2026-07-17 01:41:39
1602780570,True,1,1,0,2026-07-17 01:44:05,2026-07-17 01:44:06
1602780571,True,1,1,0,2026-07-17 01:44:18,2026-07-17 01:44:19
1602780572,True,1,1,0,2026-07-17 01:42:09,2026-07-17 01:42:10
1603010767,True,1,1,0,2026-07-14 21:39:35,2026-07-14 21:39:36
1603010768,True,1,1,0,2026-07-14 21:39:07,2026-07-14 21:39:09
1603010769,True,1,1,0,2026-07-14 21:42:00,2026-07-14 21:42:01
1603016575,True,1,1,0,2026-07-14 21:41:48,2026-07-14 21:41:49
1603016690,True,1,1,0,2026-07-14 21:41:37,2026-07-14 21:41:38
1603016727,True,1,1,0,2026-07-14 21:39:50,2026-07-14 21:39:50
1603016728,True,1,1,0,2026-07-14 21:37:49,2026-07-14 21:37:50
1603016729,True,1,1,0,2026-07-14 21:39:21,2026-07-14 21:39:22
1603019663,True,1,1,0,2026-07-14 21:40:22,2026-07-14 21:40:23
1603019687,True,1,1,0,2026-07-17 01:53:02,2026-07-17 01:53:03
1603019688,True,1,1,0,2026-07-17 01:54:24,2026-07-17 01:54:25
1603019689,True,1,1,0,2026-07-16 01:07:20,2026-07-16 01:07:21
1603023319,True,1,1,0,2026-07-14 21:42:46,2026-07-14 21:42:47
1603023324,True,1,1,0,2026-07-17 01:45:52,2026-07-17 01:45:53
1603023325,True,1,1,0,2026-07-17 01:52:03,2026-07-17 01:52:04
1603023326,True,1,1,0,2026-07-17 01:51:28,2026-07-17 01:51:29
1603023327,True,1,1,0,2026-07-17 01:52:48,2026-07-17 01:52:49
1603023328,True,1,1,0,2026-07-17 01:53:30,2026-07-17 01:53:31
1603023329,True,1,1,0,2026-07-16 01:08:53,2026-07-16 01:08:54
1603023330,True,1,1,0,2026-07-16 01:09:06,2026-07-16 01:09:07
1603023331,True,1,1,0,2026-07-16 01:09:25,2026-07-16 01:09:26
1603024423,True,1,1,0,2026-07-17 01:53:15,2026-07-17 01:53:16
1603024424,True,1,1,0,2026-07-17 01:54:10,2026-07-17 01:54:11
1603024425,True,1,1,0,2026-07-17 01:51:47,2026-07-17 01:51:48
1603024426,True,1,1,0,2026-07-16 01:07:54,2026-07-16 01:07:55
1603024427,True,1,1,0,2026-07-16 01:06:33,2026-07-16 01:06:34
1603024428,True,1,1,0,2026-07-16 01:07:39,2026-07-16 01:07:40
1603024429,True,1,1,0,2026-07-16 01:08:38,2026-07-16 01:08:39
1603024430,True,1,1,0,2026-07-16 01:09:38,2026-07-16 01:09:39
1603297744,True,1,1,0,2026-07-14 21:48:08,2026-07-14 21:48:09
1603297745,True,1,1,0,2026-07-14 21:46:21,2026-07-14 21:46:22
1603297746,True,1,1,0,2026-07-14 21:43:21,2026-07-14 21:43:22
1603297747,True,1,1,0,2026-07-14 21:48:19,2026-07-14 21:48:20
1603297748,True,1,1,0,2026-07-17 01:55:11,2026-07-17 01:55:12
1603297749,True,1,1,0,2026-07-17 02:01:59,2026-07-17 02:02:00
1603297750,True,1,1,0,2026-07-17 02:02:48,2026-07-17 02:02:49
1603297751,True,1,1,0,2026-07-17 02:02:16,2026-07-17 02:02:17
1603297752,True,1,1,0,2026-07-17 02:04:11,2026-07-17 02:04:12
1603297753,True,1,1,0,2026-07-16 01:14:50,2026-07-16 01:14:51
1603297754,True,1,1,0,2026-07-16 01:15:09,2026-07-16 01:15:10
1603297755,True,1,1,0,2026-07-16 01:14:13,2026-07-16 01:14:14
1603297756,True,1,1,0,2026-07-16 01:11:05,2026-07-16 01:11:06
1603305564,True,1,1,0,2026-07-14 21:46:36,2026-07-14 21:46:37
1603305565,True,1,1,0,2026-07-14 21:47:45,2026-07-14 21:47:46
1603305566,True,1,1,0,2026-07-14 21:47:05,2026-07-14 21:47:06
1603305567,True,1,1,0,2026-07-14 21:48:54,2026-07-14 21:48:55
1603305568,True,1,1,0,2026-07-17 02:03:47,2026-07-17 02:03:48
1603305569,True,1,1,0,2026-07-17 02:03:31,2026-07-17 02:03:32
1603305570,True,1,1,0,2026-07-17 02:04:25,2026-07-17 02:04:27
1603305571,True,1,1,0,2026-07-16 01:13:53,2026-07-16 01:13:54
1603307816,True,1,1,0,2026-07-14 21:46:48,2026-07-14 21:46:49
1603307817,True,1,1,0,2026-07-14 21:47:57,2026-07-14 21:47:58
1603307818,True,1,1,0,2026-07-17 02:02:34,2026-07-17 02:02:35
1603307819,True,1,1,0,2026-07-17 02:05:04,2026-07-17 02:05:05
1603307820,True,1,1,0,2026-07-16 01:13:33,2026-07-16 01:13:34
1603307821,True,1,1,0,2026-07-16 01:11:45,2026-07-16 01:11:46
1603307822,True,1,1,0,2026-07-16 01:10:07,2026-07-16 01:10:08
1603307823,True,1,1,0,2026-07-16 01:10:47,2026-07-16 01:10:48
1603628370,True,1,1,0,2026-07-14 21:49:22,2026-07-14 21:49:23
1603637992,True,1,1,0,2026-07-14 21:51:59,2026-07-14 21:52:00
1603637994,True,1,1,0,2026-07-14 21:51:02,2026-07-14 21:51:03
1603637997,True,2,2,0,2026-07-14 21:53:03,2026-07-14 21:53:14
1603637999,True,1,1,0,2026-07-14 21:52:50,2026-07-14 21:52:51
1603638000,True,1,1,0,2026-07-14 21:53:48,2026-07-14 21:53:49
1603638010,True,1,1,0,2026-07-16 01:17:03,2026-07-16 01:17:04
1603638013,True,1,1,0,2026-07-16 01:19:07,2026-07-16 01:19:08
1603639163,True,1,1,0,2026-07-14 21:52:38,2026-07-14 21:52:40
1603639164,True,1,1,0,2026-07-17 02:08:55,2026-07-17 02:08:56
1603639165,True,1,1,0,2026-07-17 02:07:15,2026-07-17 02:07:16
1603639166,True,1,1,0,2026-07-17 02:09:45,2026-07-17 02:09:46
1603639167,True,1,1,0,2026-07-17 02:08:40,2026-07-17 02:08:41
1603639173,True,1,1,0,2026-07-16 01:15:46,2026-07-16 01:15:47
1603639174,True,1,1,0,2026-07-16 01:17:16,2026-07-16 01:17:17
1603639175,True,1,1,0,2026-07-16 01:18:37,2026-07-16 01:18:38
1603640963,True,1,1,0,2026-07-14 21:51:47,2026-07-14 21:51:48
1603640964,True,1,1,0,2026-07-14 21:51:31,2026-07-14 21:51:32
1603640968,True,1,1,0,2026-07-17 02:06:10,2026-07-17 02:06:11
1603640970,True,1,1,0,2026-07-17 02:07:31,2026-07-17 02:07:32
1603640972,True,1,1,0,2026-07-17 02:08:25,2026-07-17 02:08:26
1603640973,True,1,1,0,2026-07-17 02:08:11,2026-07-17 02:08:12
1603640974,True,1,1,0,2026-07-17 02:07:02,2026-07-17 02:07:04
1603640975,True,1,1,0,2026-07-17 02:09:13,2026-07-17 02:09:14
1603640982,True,1,1,0,2026-07-16 01:18:53,2026-07-16 01:18:54
1603651277,True,1,1,0,2026-07-16 01:16:01,2026-07-16 01:16:02
1603651324,True,1,1,0,2026-07-16 01:16:51,2026-07-16 01:16:52
1603658505,True,1,1,0,2026-07-16 01:19:22,2026-07-16 01:19:23
1603962820,True,1,1,0,2026-07-14 21:54:28,2026-07-14 21:54:29
1603962821,True,1,1,0,2026-07-14 22:02:47,2026-07-14 22:02:48
1603962822,True,1,1,0,2026-07-14 21:57:47,2026-07-14 21:57:48
1603962824,True,1,1,0,2026-07-14 22:02:34,2026-07-14 22:02:35
1603962825,True,1,1,0,2026-07-17 02:10:17,2026-07-17 02:10:18
1603962826,True,1,1,0,2026-07-17 02:11:21,2026-07-17 02:11:22
1603962827,True,1,1,0,2026-07-17 02:10:52,2026-07-17 02:10:53
1603962834,True,1,1,0,2026-07-16 01:21:59,2026-07-16 01:22:00
1603962835,True,1,1,0,2026-07-16 01:20:19,2026-07-16 01:20:19
1603962836,True,1,1,0,2026-07-16 01:21:04,2026-07-16 01:21:05
1603962837,True,1,1,0,2026-07-16 01:22:52,2026-07-16 01:22:53
1603965933,True,1,1,0,2026-07-14 22:03:00,2026-07-14 22:03:01
1603965934,True,1,1,0,2026-07-14 22:03:12,2026-07-14 22:03:13
1603965937,True,1,1,0,2026-07-14 22:03:44,2026-07-14 22:03:45
1603965938,True,1,1,0,2026-07-17 02:11:04,2026-07-17 02:11:05
1603965939,True,1,1,0,2026-07-17 02:12:20,2026-07-17 02:12:21
1603965940,True,1,1,0,2026-07-17 02:13:13,2026-07-17 02:13:14
1603965942,True,1,1,0,2026-07-16 01:23:05,2026-07-16 01:23:05
1603965943,True,1,1,0,2026-07-16 01:22:14,2026-07-16 01:22:14
1603965944,True,1,1,0,2026-07-16 01:21:16,2026-07-16 01:21:17
1603965945,True,1,1,0,2026-07-16 01:22:33,2026-07-16 01:22:34
1603966488,True,1,1,0,2026-07-14 21:58:14,2026-07-14 21:58:15
1603966489,True,1,1,0,2026-07-14 21:57:28,2026-07-14 21:57:28
1603966490,True,1,1,0,2026-07-14 21:58:00,2026-07-14 21:58:01
1603966491,True,1,1,0,2026-07-17 02:12:41,2026-07-17 02:12:42
1603966492,True,1,1,0,2026-07-17 02:13:35,2026-07-17 02:13:36
1603966493,True,1,1,0,2026-07-17 02:12:58,2026-07-17 02:13:00
1603966494,True,1,1,0,2026-07-17 02:14:15,2026-07-17 02:14:16
1603966497,True,1,1,0,2026-07-16 01:20:51,2026-07-16 01:20:52
1604302837,True,1,1,0,2026-07-14 22:04:12,2026-07-14 22:04:13
1604302838,True,1,1,0,2026-07-14 22:21:57,2026-07-14 22:21:58
1604302839,True,1,1,0,2026-07-17 14:27:56,2026-07-17 14:27:57
1604302840,True,1,1,0,2026-07-17 14:27:25,2026-07-17 14:27:26
1604302841,True,1,1,0,2026-07-17 14:25:24,2026-07-17 14:25:25
1604302842,True,1,1,0,2026-07-17 14:24:53,2026-07-17 14:24:54
1604306288,True,1,1,0,2026-07-14 22:19:42,2026-07-14 22:19:43
1604306289,True,1,1,0,2026-07-14 22:20:53,2026-07-14 22:20:55
1604306290,True,1,1,0,2026-07-14 22:19:29,2026-07-14 22:19:30
1604306291,True,1,1,0,2026-07-14 22:21:20,2026-07-14 22:21:21
1604306292,True,1,1,0,2026-07-17 14:25:06,2026-07-17 14:25:07
1604306293,True,1,1,0,2026-07-17 14:44:10,2026-07-17 14:44:11
1604306294,True,1,1,0,2026-07-17 14:26:11,2026-07-17 14:26:11
1604306295,True,1,1,0,2026-07-17 14:27:41,2026-07-17 14:27:42
1604306300,True,1,1,0,2026-07-16 01:26:21,2026-07-16 01:26:22
1604310977,True,1,1,0,2026-07-14 22:20:37,2026-07-14 22:20:38
1604310978,True,1,1,0,2026-07-14 22:21:07,2026-07-14 22:21:08
1604310979,True,1,1,0,2026-07-14 22:19:13,2026-07-14 22:19:14
1604310980,True,1,1,0,2026-07-14 22:19:54,2026-07-14 22:19:55
1604310981,True,1,1,0,2026-07-17 02:14:50,2026-07-17 02:14:51
1604310982,True,1,1,0,2026-07-17 14:25:36,2026-07-17 14:25:37
1604310987,True,1,1,0,2026-07-16 01:23:51,2026-07-16 01:23:52
1604314228,True,1,1,0,2026-07-16 01:25:01,2026-07-16 01:25:02
1604314229,True,1,1,0,2026-07-16 01:26:33,2026-07-16 01:26:34
1604314230,True,1,1,0,2026-07-16 01:24:30,2026-07-16 01:24:30
1604314231,True,1,1,0,2026-07-16 01:27:01,2026-07-16 01:27:02
1604314232,True,1,1,0,2026-07-16 01:26:48,2026-07-16 01:26:49
1604317774,True,1,1,0,2026-07-16 01:27:15,2026-07-16 01:27:16
1604317775,True,1,1,0,2026-07-16 01:25:30,2026-07-16 01:25:31
1604677974,True,1,1,0,2026-07-17 14:48:26,2026-07-17 14:48:27
1604677975,True,1,1,0,2026-07-17 14:48:03,2026-07-17 14:48:04
1604677976,True,1,1,0,2026-07-17 14:47:21,2026-07-17 14:47:22
1604677977,True,1,1,0,2026-07-17 14:50:31,2026-07-17 14:50:32
1604677978,True,1,1,0,2026-07-17 14:48:53,2026-07-17 14:48:54
1604677979,True,1,1,0,2026-07-17 14:47:11,2026-07-17 14:47:13
1604677981,True,1,1,0,2026-07-14 22:22:25,2026-07-14 22:22:26
1604677982,True,1,1,0,2026-07-16 01:28:01,2026-07-16 01:28:01
1604677987,True,1,1,0,2026-07-16 01:34:51,2026-07-16 01:34:52
1604677988,True,1,1,0,2026-07-16 01:35:47,2026-07-16 01:35:48
1604681835,True,1,1,0,2026-07-14 22:26:18,2026-07-14 22:26:20
1604681836,True,1,1,0,2026-07-14 22:23:25,2026-07-14 22:23:26
1604681837,True,1,1,0,2026-07-14 22:23:37,2026-07-14 22:23:38
1604681838,True,1,1,0,2026-07-14 22:24:23,2026-07-14 22:24:24
1604681843,True,1,1,0,2026-07-17 14:47:33,2026-07-17 14:47:34
1604681849,True,1,1,0,2026-07-16 01:35:09,2026-07-16 01:35:10
1604681850,True,1,1,0,2026-07-16 01:32:55,2026-07-16 01:32:56
1604681851,True,1,1,0,2026-07-16 01:35:26,2026-07-16 01:35:27
1604684864,True,1,1,0,2026-07-14 22:23:14,2026-07-14 22:23:15
1604684865,True,1,1,0,2026-07-15 00:55:27,2026-07-15 00:55:29
1604684866,True,1,1,0,2026-07-14 22:25:04,2026-07-14 22:25:04
1604684867,True,1,1,0,2026-07-14 22:25:21,2026-07-14 22:25:22
1604684868,True,1,1,0,2026-07-14 22:23:01,2026-07-14 22:23:02
1604684875,True,1,1,0,2026-07-17 14:48:15,2026-07-17 14:48:16
1604684876,True,1,1,0,2026-07-17 14:46:06,2026-07-17 14:46:07
1604684877,True,1,1,0,2026-07-17 14:48:36,2026-07-17 14:48:37
1604684882,True,1,1,0,2026-07-16 01:32:39,2026-07-16 01:32:40
1604684883,True,1,1,0,2026-07-16 01:34:19,2026-07-16 01:34:19
1605039559,True,1,1,0,2026-07-14 22:30:36,2026-07-14 22:30:38
1605039560,True,1,1,0,2026-07-14 22:27:44,2026-07-14 22:27:45
1605039561,True,1,1,0,2026-07-14 22:28:03,2026-07-14 22:28:04
1605039562,True,1,1,0,2026-07-14 22:30:03,2026-07-14 22:30:04
1605039563,True,1,1,0,2026-07-14 22:28:15,2026-07-14 22:28:16
1605039564,True,1,1,0,2026-07-17 14:52:24,2026-07-17 14:52:25
1605039569,True,1,1,0,2026-07-16 01:39:33,2026-07-16 01:39:34
1605039570,True,1,1,0,2026-07-16 15:43:29,2026-07-16 15:43:30
1605039572,True,1,1,0,2026-07-16 01:39:17,2026-07-16 01:39:18
1605039573,True,1,1,0,2026-07-16 15:43:50,2026-07-16 15:43:51
1605039574,True,1,1,0,2026-07-16 15:44:04,2026-07-16 15:44:05
1605039575,True,1,1,0,2026-07-16 01:36:24,2026-07-16 01:36:25
1605045343,True,1,1,0,2026-07-14 22:29:08,2026-07-14 22:29:09
1605045344,True,1,1,0,2026-07-15 00:17:28,2026-07-15 00:17:29
1605045345,True,1,1,0,2026-07-17 14:54:48,2026-07-17 14:54:49
1605045346,True,1,1,0,2026-07-17 14:54:35,2026-07-17 14:54:36
1605045347,True,1,1,0,2026-07-17 14:52:01,2026-07-17 14:52:02
1605045348,True,1,1,0,2026-07-19 15:29:31,2026-07-19 15:29:32
1605045349,True,1,1,0,2026-07-16 01:39:06,2026-07-16 01:39:07
1605045661,True,1,1,0,2026-07-14 22:29:37,2026-07-14 22:29:38
1605045662,True,1,1,0,2026-07-14 22:29:51,2026-07-14 22:29:52
1605045663,True,1,1,0,2026-07-14 22:29:25,2026-07-14 22:29:26
1605045664,True,1,1,0,2026-07-17 14:52:37,2026-07-17 14:52:39
1605045665,True,1,1,0,2026-07-17 14:54:20,2026-07-17 14:54:21
1605045666,True,1,1,0,2026-07-17 14:52:11,2026-07-17 14:52:12
1605045667,True,1,1,0,2026-07-17 14:55:00,2026-07-17 14:55:01
1605045670,True,1,1,0,2026-07-16 15:44:32,2026-07-16 15:44:33
1605045671,True,1,1,0,2026-07-16 15:44:17,2026-07-16 15:44:17
1605060914,True,1,1,0,2026-07-17 14:51:02,2026-07-17 14:51:03
1605445625,True,1,1,0,2026-07-15 00:15:44,2026-07-15 00:15:45
1605445626,True,1,1,0,2026-07-15 00:14:44,2026-07-15 00:14:45
1605445627,True,1,1,0,2026-07-15 00:14:58,2026-07-15 00:14:58
1605445628,True,1,1,0,2026-07-15 00:16:55,2026-07-15 00:16:56
1605445629,True,1,1,0,2026-07-15 00:16:39,2026-07-15 00:16:40
1605445630,True,1,1,0,2026-07-15 00:16:13,2026-07-15 00:16:14
1605445633,True,1,1,0,2026-07-19 15:34:01,2026-07-19 15:34:02
1605445634,True,1,1,0,2026-07-19 15:34:17,2026-07-19 15:34:18
1605445635,True,1,1,0,2026-07-16 15:44:59,2026-07-16 15:45:00
1605445636,True,1,1,0,2026-07-16 15:47:24,2026-07-16 15:47:25
1605445637,True,1,1,0,2026-07-16 15:47:10,2026-07-16 15:47:11
1605452031,True,1,1,0,2026-07-15 00:14:12,2026-07-15 00:14:13
1605452032,True,1,1,0,2026-07-15 00:14:29,2026-07-15 00:14:30
1605452033,True,1,1,0,2026-07-14 22:31:06,2026-07-14 22:31:06
1605452036,True,1,1,0,2026-07-19 15:34:33,2026-07-19 15:34:34
1605452037,True,1,1,0,2026-07-19 15:31:02,2026-07-19 15:31:03
1605452038,True,1,1,0,2026-07-19 15:33:46,2026-07-19 15:33:47
1605452039,True,1,1,0,2026-07-19 15:31:32,2026-07-19 15:31:33
1605452040,True,1,1,0,2026-07-16 15:46:00,2026-07-16 15:46:01
1605452041,True,1,1,0,2026-07-16 15:46:59,2026-07-16 15:47:00
1605457419,True,1,1,0,2026-07-15 00:16:27,2026-07-15 00:16:28
1605457422,True,1,1,0,2026-07-19 15:31:15,2026-07-19 15:31:16
1605457423,True,1,1,0,2026-07-19 15:34:47,2026-07-19 15:34:48
1605457424,True,1,1,0,2026-07-19 15:30:15,2026-07-19 15:30:16
1605457425,True,1,1,0,2026-07-19 15:30:48,2026-07-19 15:30:49
1605457427,True,1,1,0,2026-07-16 15:45:47,2026-07-16 15:45:48
1605457428,True,1,1,0,2026-07-16 15:46:31,2026-07-16 15:46:32
1605457429,True,1,1,0,2026-07-16 15:46:41,2026-07-16 15:46:42
1605457430,True,1,1,0,2026-07-16 15:45:34,2026-07-16 15:45:34
1605863574,True,1,1,0,2026-07-15 00:27:02,2026-07-15 00:27:03
1605863575,True,1,1,0,2026-07-15 00:26:48,2026-07-15 00:26:49
1605863576,True,1,1,0,2026-07-20 17:08:12,2026-07-20 17:08:13
1605863577,True,1,1,0,2026-07-20 17:07:46,2026-07-20 17:07:47
1605863578,True,1,1,0,2026-07-16 16:00:19,2026-07-16 16:00:20
1605863579,True,1,1,0,2026-07-16 15:49:32,2026-07-16 15:49:33
1605867484,True,1,1,0,2026-07-15 00:25:55,2026-07-15 00:25:55
1605867485,True,1,1,0,2026-07-15 00:27:39,2026-07-15 00:27:40
1605867486,True,1,1,0,2026-07-20 17:06:16,2026-07-20 17:06:17
1605867487,True,1,1,0,2026-07-20 17:06:29,2026-07-20 17:06:30
1605867488,True,1,1,0,2026-07-20 17:06:41,2026-07-20 17:06:42
1605867489,True,1,1,0,2026-07-20 17:08:24,2026-07-20 17:08:24
1605867490,True,1,1,0,2026-07-20 17:07:24,2026-07-20 17:07:25
1605867491,True,1,1,0,2026-07-16 16:00:33,2026-07-16 16:00:34
1605867492,True,1,1,0,2026-07-16 15:59:39,2026-07-16 15:59:40
1605867493,True,1,1,0,2026-07-16 15:49:21,2026-07-16 15:49:22
1605868073,True,1,1,0,2026-07-15 00:18:44,2026-07-15 00:18:45
1605868074,True,1,1,0,2026-07-15 00:18:04,2026-07-15 00:18:05
1605868075,True,1,1,0,2026-07-15 00:26:21,2026-07-15 00:26:21
1605868076,True,1,1,0,2026-07-15 00:18:18,2026-07-15 00:18:19
1605868077,True,1,1,0,2026-07-15 00:26:37,2026-07-15 00:26:38
1605868078,True,1,1,0,2026-07-15 00:18:33,2026-07-15 00:18:34
1605868079,True,1,1,0,2026-07-20 17:07:11,2026-07-20 17:07:13
1605868080,True,1,1,0,2026-07-20 17:06:05,2026-07-20 17:06:07
1605868081,True,1,1,0,2026-07-20 17:07:35,2026-07-20 17:07:36
1605868082,True,1,1,0,2026-07-16 15:48:30,2026-07-16 15:48:31
1605868083,True,1,1,0,2026-07-16 16:00:06,2026-07-16 16:00:07
1605868084,True,1,1,0,2026-07-16 15:49:44,2026-07-16 15:49:45
1605868085,True,1,1,0,2026-07-16 15:59:52,2026-07-16 15:59:53
1606341427,True,1,1,0,2026-07-20 17:11:55,2026-07-20 17:11:56
1606341428,True,1,1,0,2026-07-20 17:13:07,2026-07-20 17:13:08
1606341429,True,1,1,0,2026-07-20 17:13:46,2026-07-20 17:13:48
1606341430,True,1,1,0,2026-07-20 17:12:54,2026-07-20 17:12:54
1606341431,True,1,1,0,2026-07-15 00:31:43,2026-07-15 00:31:44
1606348702,True,1,1,0,2026-07-20 17:14:20,2026-07-20 17:14:22
1606348703,True,1,1,0,2026-07-20 17:13:18,2026-07-20 17:13:19
1606348704,True,1,1,0,2026-07-20 17:11:43,2026-07-20 17:11:44
1606348705,True,1,1,0,2026-07-15 00:29:18,2026-07-15 00:29:19
1606348708,True,1,1,0,2026-07-16 16:02:47,2026-07-16 16:02:49
1606348709,True,1,1,0,2026-07-16 16:01:08,2026-07-16 16:01:09
1606360700,True,1,1,0,2026-07-20 17:13:30,2026-07-20 17:13:31
1606360701,True,1,1,0,2026-07-20 17:11:32,2026-07-20 17:11:33
1606360702,True,1,1,0,2026-07-20 17:09:00,2026-07-20 17:09:01
1606360703,True,1,1,0,2026-07-15 00:30:09,2026-07-15 00:30:10
1606360704,True,1,1,0,2026-07-15 00:30:22,2026-07-15 00:30:23
1606360708,True,1,1,0,2026-07-16 16:02:59,2026-07-16 16:03:00
1606360709,True,1,1,0,2026-07-16 16:02:12,2026-07-16 16:02:13
1606363167,True,1,1,0,2026-07-15 00:30:57,2026-07-15 00:30:58
1606363168,True,1,1,0,2026-07-15 00:29:34,2026-07-15 00:29:35
1606363169,True,1,1,0,2026-07-15 00:28:54,2026-07-15 00:28:55
1606363170,True,1,1,0,2026-07-15 00:29:07,2026-07-15 00:29:08
1606363171,True,1,1,0,2026-07-15 00:30:34,2026-07-15 00:30:35
1606363172,True,1,1,0,2026-07-15 00:28:22,2026-07-15 00:28:23
1606363177,True,1,1,0,2026-07-16 16:03:14,2026-07-16 16:03:15
1606363178,True,1,1,0,2026-07-16 16:03:27,2026-07-16 16:03:27
1606363179,True,1,1,0,2026-07-16 16:02:00,2026-07-16 16:02:01
1606363180,True,1,1,0,2026-07-16 16:03:39,2026-07-16 16:03:40
1606363181,True,1,1,0,2026-07-16 16:01:46,2026-07-16 16:01:47
1606927120,True,1,1,0,2026-07-15 00:40:22,2026-07-15 00:40:23
1606927121,True,1,1,0,2026-07-15 00:39:14,2026-07-15 00:39:15
1606927122,True,1,1,0,2026-07-15 00:37:43,2026-07-15 00:37:44
1606927124,True,1,1,0,2026-07-20 19:53:02,2026-07-20 19:53:03
1606927125,True,1,1,0,2026-07-20 19:50:26,2026-07-20 19:50:27
1606927129,True,2,2,0,2026-07-20 19:54:40,2026-07-20 19:54:47
1606927132,True,1,1,0,2026-07-16 16:06:31,2026-07-16 16:06:32
1606927133,True,1,1,0,2026-07-16 16:05:38,2026-07-16 16:05:39
1606927550,True,1,1,0,2026-07-15 00:37:15,2026-07-15 00:37:16
1606927551,True,1,1,0,2026-07-15 00:39:27,2026-07-15 00:39:28
1606927552,True,1,1,0,2026-07-15 00:32:17,2026-07-15 00:32:17
1606927553,True,1,1,0,2026-07-15 00:39:39,2026-07-15 00:39:40
1606927555,True,1,1,0,2026-07-20 19:52:10,2026-07-20 19:52:11
1606927556,True,1,1,0,2026-07-20 19:52:42,2026-07-20 19:52:43
1606927559,True,1,1,0,2026-07-20 19:52:27,2026-07-20 19:52:28
1606927560,True,1,1,0,2026-07-16 16:06:42,2026-07-16 16:06:43
1606927561,True,1,1,0,2026-07-16 16:04:51,2026-07-16 16:04:53
1606927562,True,1,1,0,2026-07-16 16:04:08,2026-07-16 16:04:09
1606927563,True,1,1,0,2026-07-16 16:06:56,2026-07-16 16:06:58
1606927616,True,1,1,0,2026-07-15 00:39:51,2026-07-15 00:39:52
1606927617,True,1,1,0,2026-07-15 00:37:02,2026-07-15 00:37:03
1606927618,True,1,1,0,2026-07-15 00:37:30,2026-07-15 00:37:31
1606927620,True,1,1,0,2026-07-20 19:49:15,2026-07-20 19:49:16
1606927621,True,1,1,0,2026-07-20 19:51:12,2026-07-20 19:51:13
1606927622,True,1,1,0,2026-07-20 19:50:02,2026-07-20 19:50:03
1606927623,True,1,1,0,2026-07-20 19:50:13,2026-07-20 19:50:14
1606927628,True,1,1,0,2026-07-16 16:07:12,2026-07-16 16:07:13
1606927629,True,1,1,0,2026-07-16 16:05:51,2026-07-16 16:05:52
1607202279,True,1,1,0,2026-07-16 16:07:42,2026-07-16 16:07:42
1607204975,True,1,1,0,2026-07-15 00:42:10,2026-07-15 00:42:11
1607245018,True,1,1,0,2026-07-15 00:43:36,2026-07-15 00:43:37
1607248058,True,1,1,0,2026-07-20 19:57:55,2026-07-20 19:57:56
1607252823,True,1,1,0,2026-07-15 00:43:24,2026-07-15 00:43:24
1607252894,True,1,1,0,2026-07-16 16:10:46,2026-07-16 16:10:47
1607262248,True,1,1,0,2026-07-20 19:57:38,2026-07-20 19:57:39
1607263647,True,1,1,0,2026-07-15 00:43:09,2026-07-15 00:43:10
1607266558,True,1,1,0,2026-07-16 16:10:32,2026-07-16 16:10:33
1607270689,True,1,1,0,2026-07-20 19:57:17,2026-07-20 19:57:18
1607275042,True,1,1,0,2026-07-16 16:10:19,2026-07-16 16:10:20
1607275043,True,1,1,0,2026-07-15 00:42:51,2026-07-15 00:42:53
1607331891,True,1,1,0,2026-07-15 00:45:27,2026-07-15 00:45:27
1607336624,True,1,1,0,2026-07-20 20:06:40,2026-07-20 20:06:41
1607336632,True,1,1,0,2026-07-16 16:35:55,2026-07-16 16:35:57
1607344151,True,1,1,0,2026-07-15 00:45:06,2026-07-15 00:45:07
1607346773,True,1,1,0,2026-07-16 16:35:41,2026-07-16 16:35:42
1607347008,True,1,1,0,2026-07-16 16:35:29,2026-07-16 16:35:30
1607347010,True,1,1,0,2026-07-16 16:35:17,2026-07-16 16:35:18
1607349334,True,1,1,0,2026-07-20 20:06:28,2026-07-20 20:06:29
1607349662,True,1,1,0,2026-07-15 00:44:53,2026-07-15 00:44:53
1607361164,True,1,1,0,2026-07-20 20:06:13,2026-07-20 20:06:14
1607361236,True,1,1,0,2026-07-16 16:35:06,2026-07-16 16:35:08
1607366074,True,1,1,0,2026-07-15 00:44:28,2026-07-15 00:44:29
1607405224,True,1,1,0,2026-07-20 20:08:00,2026-07-20 20:08:01
1607405225,True,1,1,0,2026-07-20 20:07:40,2026-07-20 20:07:41
1607405226,True,1,1,0,2026-07-20 20:08:20,2026-07-20 20:08:21
1607405411,True,1,1,0,2026-07-20 20:08:33,2026-07-20 20:08:34
1607405415,True,1,1,0,2026-07-15 00:46:12,2026-07-15 00:46:14
1607500598,True,1,1,0,2026-07-15 00:49:24,2026-07-15 00:49:24
1607500599,True,1,1,0,2026-07-15 00:54:35,2026-07-15 00:54:36
1607500600,True,1,1,0,2026-07-15 00:47:12,2026-07-15 00:47:13
1607520767,True,1,1,0,2026-07-15 00:54:04,2026-07-15 00:54:05
1607520768,True,1,1,0,2026-07-15 00:49:04,2026-07-15 00:49:05
1607520770,True,1,1,0,2026-07-15 00:54:19,2026-07-15 00:54:20
1607520771,True,1,1,0,2026-07-15 00:54:51,2026-07-15 00:54:52
1607520772,True,1,1,0,2026-07-15 00:48:43,2026-07-15 00:48:44
1607520773,True,1,1,0,2026-07-15 00:50:17,2026-07-15 00:50:18
1607520774,True,1,1,0,2026-07-15 00:46:57,2026-07-15 00:46:58
1607707191,True,1,1,0,2026-07-16 16:36:59,2026-07-16 16:37:00
1607715991,True,1,1,0,2026-07-16 16:37:50,2026-07-16 16:37:52
1607733443,True,1,1,0,2026-07-16 16:37:39,2026-07-16 16:37:40
1607733486,True,1,1,0,2026-07-16 16:37:29,2026-07-16 16:37:30
1607803938,True,1,1,0,2026-07-16 16:41:31,2026-07-16 16:41:32
1607815991,True,1,1,0,2026-07-16 16:41:07,2026-07-16 16:41:08
1607816043,True,1,1,0,2026-07-20 20:10:11,2026-07-20 20:10:13
1607816044,True,1,1,0,2026-07-20 20:10:58,2026-07-20 20:10:59
1607821992,True,1,1,0,2026-07-16 16:41:21,2026-07-16 16:41:22
1607821993,True,1,1,0,2026-07-16 16:41:49,2026-07-16 16:41:50
1607822052,True,1,1,0,2026-07-20 20:11:32,2026-07-20 20:11:33
1607822057,True,1,1,0,2026-07-20 20:09:47,2026-07-20 20:09:48
1607822058,True,1,1,0,2026-07-20 20:11:58,2026-07-20 20:12:00
1607822059,True,1,1,0,2026-07-20 20:12:10,2026-07-20 20:12:11
1607822060,True,1,1,0,2026-07-20 20:10:44,2026-07-20 20:10:45
1607822061,True,1,1,0,2026-07-20 20:09:31,2026-07-20 20:09:32
1607822062,True,1,1,0,2026-07-20 20:09:59,2026-07-20 20:10:00
1607825120,True,1,1,0,2026-07-20 20:10:24,2026-07-20 20:10:25
1607825314,True,1,1,0,2026-07-16 16:40:44,2026-07-16 16:40:45
1607881501,True,1,1,0,2026-07-16 16:36:31,2026-07-16 16:36:33
1608130364,True,1,1,0,2026-07-15 00:56:08,2026-07-15 00:56:09
1608175307,True,1,1,0,2026-07-15 00:57:35,2026-07-15 00:57:36
1608183598,True,1,1,0,2026-07-15 00:57:20,2026-07-15 00:57:21
1608187628,True,1,1,0,2026-07-15 00:57:05,2026-07-15 00:57:06
1608187686,True,1,1,0,2026-07-15 00:56:52,2026-07-15 00:56:53
1608187714,True,1,1,0,2026-07-16 16:57:06,2026-07-16 16:57:07
1608187715,True,1,1,0,2026-07-16 16:42:13,2026-07-16 16:42:14
1608187716,True,1,1,0,2026-07-16 16:56:54,2026-07-16 16:56:55
1608187719,True,1,1,0,2026-07-16 16:56:44,2026-07-16 16:56:46
1608211284,True,1,1,0,2026-07-20 20:13:32,2026-07-20 20:13:33
1608211285,True,1,1,0,2026-07-20 20:13:56,2026-07-20 20:13:57
1608221558,True,1,1,0,2026-07-20 20:14:08,2026-07-20 20:14:09
1608221559,True,1,1,0,2026-07-20 20:13:45,2026-07-20 20:13:46
1608221560,True,1,1,0,2026-07-20 20:12:58,2026-07-20 20:12:59
1608267554,True,1,1,0,2026-07-20 20:15:59,2026-07-20 20:16:00
1608267608,True,1,1,0,2026-07-15 00:59:36,2026-07-15 00:59:38
1608269316,True,1,1,0,2026-07-20 20:15:37,2026-07-20 20:15:38
1608269379,True,1,1,0,2026-07-15 00:59:19,2026-07-15 00:59:20
1608271317,True,1,1,0,2026-07-16 17:09:06,2026-07-16 17:09:07
1608277999,True,1,1,0,2026-07-16 17:08:53,2026-07-16 17:08:54
1608278000,True,1,1,0,2026-07-16 17:04:33,2026-07-16 17:04:34
1608278097,True,1,1,0,2026-07-16 17:04:44,2026-07-16 17:04:45
1608278134,True,1,1,0,2026-07-20 20:15:24,2026-07-20 20:15:25
1608284846,True,1,1,0,2026-07-15 00:59:05,2026-07-15 00:59:06
1608284903,True,1,1,0,2026-07-20 20:15:11,2026-07-20 20:15:12
1608284919,True,1,1,0,2026-07-15 00:58:42,2026-07-15 00:58:43
1608285008,True,1,1,0,2026-07-16 17:04:21,2026-07-16 17:04:22
1608311352,True,1,1,0,2026-07-20 20:16:42,2026-07-20 20:16:43
1608311447,True,1,1,0,2026-07-15 01:00:05,2026-07-15 01:00:06
1608588572,True,1,1,0,2026-07-15 01:00:37,2026-07-15 01:00:38
1608638771,True,1,1,0,2026-07-15 01:02:22,2026-07-15 01:02:23
1608645685,True,1,1,0,2026-07-15 01:02:08,2026-07-15 01:02:09
1608645734,True,1,1,0,2026-07-15 01:01:38,2026-07-15 01:01:40
1608650366,True,1,1,0,2026-07-15 01:01:50,2026-07-15 01:01:51
1608650430,True,2,2,0,2026-07-16 17:15:37,2026-07-16 17:22:36
1608650431,True,1,1,0,2026-07-15 01:01:24,2026-07-15 01:01:25
1608663233,True,1,1,0,2026-07-16 17:13:29,2026-07-16 17:13:30
1608663234,True,1,1,0,2026-07-16 17:14:45,2026-07-16 17:14:46
1608663235,True,1,1,0,2026-07-16 17:11:54,2026-07-16 17:11:54
1608663236,True,1,1,0,2026-07-16 17:13:58,2026-07-16 17:13:59
1608663237,True,1,1,0,2026-07-16 17:13:41,2026-07-16 17:13:42
1608663238,True,2,2,0,2026-07-16 17:11:28,2026-07-16 17:22:53
1608663239,True,1,1,0,2026-07-16 17:16:25,2026-07-16 17:16:26
1608663240,True,1,1,0,2026-07-16 17:12:17,2026-07-16 17:12:18
1608731164,True,1,1,0,2026-07-15 01:04:02,2026-07-15 01:04:03
1608737087,True,1,1,0,2026-07-15 01:03:43,2026-07-15 01:03:44
1608743444,True,1,1,0,2026-07-20 20:18:56,2026-07-20 20:18:57
1608743445,True,1,1,0,2026-07-20 20:19:19,2026-07-20 20:19:20
1608743446,True,1,1,0,2026-07-20 20:17:17,2026-07-20 20:17:18
1608743447,True,1,1,0,2026-07-20 20:18:06,2026-07-20 20:18:07
1608743448,True,1,1,0,2026-07-20 20:19:06,2026-07-20 20:19:08
1608743465,True,1,1,0,2026-07-15 01:03:30,2026-07-15 01:03:31
1608743517,True,1,1,0,2026-07-15 01:03:13,2026-07-15 01:03:14
1608744785,True,1,1,0,2026-07-20 20:17:54,2026-07-20 20:17:56
1608744786,True,1,1,0,2026-07-20 20:18:19,2026-07-20 20:18:20
1608744787,True,1,1,0,2026-07-20 20:25:56,2026-07-20 20:25:57
1608744788,True,1,1,0,2026-07-20 20:19:32,2026-07-20 20:19:33
1608744789,True,1,1,0,2026-07-20 20:26:12,2026-07-20 20:26:13
1608842232,True,1,1,0,2026-07-15 01:04:55,2026-07-15 01:04:57
1608842940,True,1,1,0,2026-07-15 01:04:41,2026-07-15 01:04:42
1608843023,True,1,1,0,2026-07-15 01:05:08,2026-07-15 01:05:09
1608864819,True,1,1,0,2026-07-15 01:06:27,2026-07-15 01:06:28
1608864820,True,1,1,0,2026-07-15 01:06:41,2026-07-15 01:06:42
1608865016,True,1,1,0,2026-07-15 01:06:11,2026-07-15 01:06:11
1608927823,True,1,1,0,2026-07-15 01:08:01,2026-07-15 01:08:02
1608945337,True,1,1,0,2026-07-15 01:07:20,2026-07-15 01:07:21
1608956455,True,1,1,0,2026-07-15 01:08:41,2026-07-15 01:08:42
1608956490,True,1,1,0,2026-07-15 01:07:44,2026-07-15 01:07:45
1609074693,True,1,1,0,2026-07-16 17:21:03,2026-07-16 17:21:04
1609074694,True,1,1,0,2026-07-16 17:18:00,2026-07-16 17:18:01
1609074695,True,1,1,0,2026-07-16 17:17:44,2026-07-16 17:17:45
1609074696,True,1,1,0,2026-07-16 17:18:37,2026-07-16 17:18:38
1609074697,True,1,1,0,2026-07-16 17:18:16,2026-07-16 17:18:17
1609080503,True,1,1,0,2026-07-16 17:20:45,2026-07-16 17:20:46
1609080504,True,1,1,0,2026-07-16 17:18:51,2026-07-16 17:18:52
1609080506,True,1,1,0,2026-07-16 17:21:16,2026-07-16 17:21:17
1609086726,True,1,1,0,2026-07-16 17:19:13,2026-07-16 17:19:14
1609156478,True,1,1,0,2026-07-20 20:27:06,2026-07-20 20:27:07
1609156480,True,1,1,0,2026-07-20 20:28:18,2026-07-20 20:28:19
1609161580,True,1,1,0,2026-07-20 20:28:04,2026-07-20 20:28:05
1609161581,True,1,1,0,2026-07-20 20:29:27,2026-07-20 20:29:28
1609161632,True,1,1,0,2026-07-15 01:13:31,2026-07-15 01:13:32
1609161633,True,1,1,0,2026-07-15 01:12:56,2026-07-15 01:12:57
1609161634,True,1,1,0,2026-07-15 01:13:19,2026-07-15 01:13:19
1609161635,True,1,1,0,2026-07-15 01:12:32,2026-07-15 01:12:33
1609161636,True,1,1,0,2026-07-15 01:14:19,2026-07-15 01:14:20
1609168854,True,1,1,0,2026-07-20 20:28:33,2026-07-20 20:28:34
1609168856,True,1,1,0,2026-07-20 20:29:14,2026-07-20 20:29:15
1609168857,True,1,1,0,2026-07-20 20:29:55,2026-07-20 20:29:56
1609168858,True,1,1,0,2026-07-20 20:28:48,2026-07-20 20:28:49
1609168859,True,1,1,0,2026-07-20 20:30:11,2026-07-20 20:30:12
1609168860,True,1,1,0,2026-07-20 20:29:03,2026-07-20 20:29:04
1609168919,True,1,1,0,2026-07-15 01:13:56,2026-07-15 01:13:57
1609168920,True,1,1,0,2026-07-15 01:11:02,2026-07-15 01:11:03
1609168921,True,1,1,0,2026-07-15 01:11:35,2026-07-15 01:11:36
1609169889,True,1,1,0,2026-07-15 01:12:02,2026-07-15 01:12:03
1609169890,True,1,1,0,2026-07-15 01:12:20,2026-07-15 01:12:21
1609554228,True,1,1,0,2026-07-20 20:36:25,2026-07-20 20:36:26
1609554229,True,1,1,0,2026-07-20 20:36:37,2026-07-20 20:36:38
1609554230,True,1,1,0,2026-07-20 20:31:50,2026-07-20 20:31:51
1609554231,True,1,1,0,2026-07-20 20:36:14,2026-07-20 20:36:15
1609554439,True,1,1,0,2026-07-20 20:32:02,2026-07-20 20:32:03
1609554440,True,1,1,0,2026-07-20 20:36:52,2026-07-20 20:36:53
1609554441,True,1,1,0,2026-07-20 20:31:11,2026-07-20 20:31:12
1609555739,True,1,1,0,2026-07-20 20:31:01,2026-07-20 20:31:02
1609555740,True,1,1,0,2026-07-20 20:35:44,2026-07-20 20:35:46
1609555741,True,1,1,0,2026-07-20 20:36:00,2026-07-20 20:36:02
1609563935,True,1,1,0,2026-07-15 01:16:53,2026-07-15 01:16:54
1609564033,True,1,1,0,2026-07-15 01:15:08,2026-07-15 01:15:09
1609564035,True,1,1,0,2026-07-15 01:18:47,2026-07-15 01:18:48
1609564038,True,1,1,0,2026-07-15 01:16:38,2026-07-15 01:16:39
1609564039,True,1,1,0,2026-07-15 01:17:08,2026-07-15 01:17:09
1609565918,True,1,1,0,2026-07-15 01:17:28,2026-07-15 01:17:29
1609565920,True,1,1,0,2026-07-15 01:17:45,2026-07-15 01:17:46
1609565922,True,1,1,0,2026-07-15 01:19:23,2026-07-15 01:19:25
1609565925,True,1,1,0,2026-07-15 01:18:05,2026-07-15 01:18:06
1609565926,True,1,1,0,2026-07-15 01:19:02,2026-07-15 01:19:02
1610764580,True,1,1,0,2026-06-26 16:05:34,2026-06-26 16:05:35
1610764581,True,1,1,0,2026-06-26 16:04:52,2026-06-26 16:04:53
1611253094,True,1,1,0,2026-06-26 21:10:37,2026-06-26 21:10:38
1611253095,True,1,1,0,2026-06-26 21:09:50,2026-06-26 21:09:51
1611253096,True,1,1,0,2026-06-27 23:35:20,2026-06-27 23:35:21
1611253097,True,1,1,0,2026-06-27 23:41:09,2026-06-27 23:41:10
1611253098,True,1,1,0,2026-06-27 23:40:47,2026-06-27 23:40:48
1611253099,True,1,1,0,2026-06-27 23:39:10,2026-06-27 23:39:11
1611255973,True,1,1,0,2026-06-26 21:14:21,2026-06-26 21:14:22
1611255974,True,1,1,0,2026-06-26 21:13:30,2026-06-26 21:13:31
1611255975,True,1,1,0,2026-06-26 21:13:45,2026-06-26 21:13:46
1611255976,True,1,1,0,2026-06-27 23:35:49,2026-06-27 23:35:50
1611255977,True,1,1,0,2026-06-27 23:33:53,2026-06-27 23:33:53
1611256226,True,1,1,0,2026-06-26 21:12:37,2026-06-26 21:12:38
1611256227,True,1,1,0,2026-06-26 21:10:58,2026-06-26 21:10:59
1611256228,True,1,1,0,2026-06-26 21:12:59,2026-06-26 21:13:00
1611256229,True,1,1,0,2026-06-27 23:38:42,2026-06-27 23:38:43
1611256230,True,1,1,0,2026-06-27 23:34:33,2026-06-27 23:34:34
1611256231,True,1,1,0,2026-06-27 23:31:50,2026-06-27 23:31:52
1611375817,True,1,1,0,2026-06-29 21:24:25,2026-06-29 21:24:26
1611380095,True,1,1,0,2026-06-29 21:29:19,2026-06-29 21:29:20
1611380096,True,1,1,0,2026-06-29 21:24:45,2026-06-29 21:24:45
1611394545,True,1,1,0,2026-06-29 21:26:42,2026-06-29 21:26:43
1611394546,True,1,1,0,2026-06-29 21:28:48,2026-06-29 21:28:49
1611394547,True,1,1,0,2026-06-29 21:27:19,2026-06-29 21:27:21
1611394548,True,1,1,0,2026-06-29 21:26:30,2026-06-29 21:26:31
1611395547,True,1,1,0,2026-06-29 21:31:10,2026-06-29 21:31:11
1611395548,True,1,1,0,2026-06-29 21:28:31,2026-06-29 21:28:31
1611395549,True,1,1,0,2026-06-29 21:30:21,2026-06-29 21:30:22
1611901090,True,1,1,0,2026-06-26 21:11:13,2026-06-26 21:11:13
1612741702,True,1,1,0,2026-06-26 21:15:18,2026-06-26 21:15:19
1612741717,True,1,1,0,2026-06-29 21:31:52,2026-06-29 21:31:53
1612813704,True,1,1,0,2026-06-26 21:17:54,2026-06-26 21:17:55
1612818014,True,1,1,0,2026-06-29 21:33:11,2026-06-29 21:33:12
1612819081,True,1,1,0,2026-06-26 21:16:46,2026-06-26 21:16:47
1612819090,True,1,1,0,2026-06-29 21:32:56,2026-06-29 21:32:58
1612824333,True,1,1,0,2026-06-26 21:16:26,2026-06-26 21:16:27
1612828505,True,1,1,0,2026-06-29 21:32:35,2026-06-29 21:32:36
1612926939,True,1,1,0,2026-06-26 21:20:02,2026-06-26 21:20:03
1612926987,True,1,1,0,2026-06-29 21:36:50,2026-06-29 21:36:51
1612926996,True,1,1,0,2026-06-26 21:19:18,2026-06-26 21:19:19
1612929314,True,1,1,0,2026-06-26 21:19:00,2026-06-26 21:19:01
1612929358,True,1,1,0,2026-06-29 21:36:24,2026-06-29 21:36:26
1612929359,True,1,1,0,2026-06-29 21:36:08,2026-06-29 21:36:09
1612929418,True,1,1,0,2026-06-26 21:19:37,2026-06-26 21:19:38
1612936528,True,1,1,0,2026-06-26 21:18:42,2026-06-26 21:18:43
1612936546,True,1,1,0,2026-06-29 21:35:52,2026-06-29 21:35:53
1613013196,True,1,1,0,2026-06-29 21:37:54,2026-06-29 21:37:55
1613014771,True,1,1,0,2026-06-29 21:38:08,2026-06-29 21:38:09
1613213689,True,1,1,0,2026-06-29 21:38:44,2026-06-29 21:38:45
1613234522,True,1,1,0,2026-06-26 16:06:58,2026-06-26 16:06:58
1613234568,True,1,1,0,2026-06-27 23:42:13,2026-06-27 23:42:14
1613234586,True,1,1,0,2026-06-26 16:06:28,2026-06-26 16:06:29
1613234588,True,1,1,0,2026-06-26 21:20:43,2026-06-26 21:20:44
1613237529,True,1,1,0,2026-06-29 21:39:39,2026-06-29 21:39:39
1613269375,True,1,1,0,2026-06-29 21:39:26,2026-06-29 21:39:28
1613293727,True,1,1,0,2026-06-27 23:45:22,2026-06-27 23:45:23
1613315548,True,1,1,0,2026-06-27 23:45:03,2026-06-27 23:45:04
1613315549,True,1,1,0,2026-06-27 23:44:25,2026-06-27 23:44:26
1613315593,True,1,1,0,2026-06-26 21:21:58,2026-06-26 21:21:58
1613321459,True,1,1,0,2026-06-27 23:43:58,2026-06-27 23:43:59
1613321487,True,1,1,0,2026-06-29 21:41:23,2026-06-29 21:41:24
1613321509,True,1,1,0,2026-06-27 23:43:29,2026-06-27 23:43:30
1613324793,True,1,1,0,2026-06-26 16:09:16,2026-06-26 16:09:17
1613324800,True,1,1,0,2026-06-29 21:41:08,2026-06-29 21:41:09
1613324801,True,1,1,0,2026-06-26 21:21:37,2026-06-26 21:21:38
1613331981,True,1,1,0,2026-06-26 16:08:48,2026-06-26 16:08:49
1613332016,True,1,1,0,2026-06-29 21:40:48,2026-06-29 21:40:49
1613332049,True,1,1,0,2026-06-26 21:21:20,2026-06-26 21:21:21
1613338716,True,1,1,0,2026-06-26 16:08:24,2026-06-26 16:08:25
1613338717,True,1,1,0,2026-06-26 16:07:53,2026-06-26 16:07:54
1613338741,True,1,1,0,2026-06-29 21:40:21,2026-06-29 21:40:22
1613437625,True,1,1,0,2026-06-26 21:28:55,2026-06-26 21:28:56
1613437631,True,1,1,0,2026-06-27 23:48:04,2026-06-27 23:48:05
1613440535,True,1,1,0,2026-06-29 21:44:14,2026-06-29 21:44:16
1613440539,True,1,1,0,2026-06-26 21:23:56,2026-06-26 21:23:57
1613440576,True,1,1,0,2026-06-26 16:11:20,2026-06-26 16:11:21
1613440577,True,1,1,0,2026-06-26 16:10:54,2026-06-26 16:10:55
1613440600,True,1,1,0,2026-06-27 23:47:12,2026-06-27 23:47:13
1613440612,True,1,1,0,2026-06-26 16:10:30,2026-06-26 16:10:31
1613441841,True,1,1,0,2026-06-26 21:28:37,2026-06-26 21:28:38
1613441842,True,1,1,0,2026-06-26 21:23:41,2026-06-26 21:23:42
1613441852,True,1,1,0,2026-06-27 23:47:39,2026-06-27 23:47:40
1613441881,True,1,1,0,2026-06-29 21:43:28,2026-06-29 21:43:29
1613441886,True,1,1,0,2026-06-29 21:43:08,2026-06-29 21:43:09
1613441894,True,1,1,0,2026-06-26 21:23:10,2026-06-26 21:23:11
1613441913,True,1,1,0,2026-06-29 21:42:55,2026-06-29 21:42:56
1613446259,True,1,1,0,2026-06-26 16:10:04,2026-06-26 16:10:05
1614003832,True,1,1,0,2026-06-26 16:14:44,2026-06-26 16:14:45
1614003833,True,1,1,0,2026-06-26 16:24:34,2026-06-26 16:24:35
1614003834,True,1,1,0,2026-06-26 21:35:58,2026-06-26 21:35:59
1614003835,True,1,1,0,2026-06-26 21:30:17,2026-06-26 21:30:18
1614003836,True,1,1,0,2026-06-26 22:08:11,2026-06-26 22:08:12
1614003837,True,1,1,0,2026-06-26 21:29:32,2026-06-26 21:29:33
1614003839,True,1,1,0,2026-06-29 21:44:56,2026-06-29 21:44:58
1614003840,True,1,1,0,2026-06-29 21:47:41,2026-06-29 21:47:42
1614003841,True,1,1,0,2026-06-27 23:50:40,2026-06-27 23:50:41
1614003842,True,1,1,0,2026-06-27 23:52:52,2026-06-27 23:52:53
1614003843,True,1,1,0,2026-06-27 23:56:03,2026-06-27 23:56:04
1614031941,True,1,1,0,2026-06-26 16:24:55,2026-06-26 16:24:56
1614031942,True,1,1,0,2026-06-26 16:15:15,2026-06-26 16:15:16
1614031943,True,1,1,0,2026-06-26 16:16:47,2026-06-26 16:16:47
1614031945,True,1,1,0,2026-06-26 21:34:25,2026-06-26 21:34:26
1614031946,True,1,1,0,2026-06-26 21:30:36,2026-06-26 21:30:37
1614031947,True,1,1,0,2026-06-29 21:48:20,2026-06-29 21:48:21
1614031948,True,1,1,0,2026-06-29 21:46:31,2026-06-29 21:46:32
1614031949,True,1,1,0,2026-06-29 21:48:01,2026-06-29 21:48:02
1614031950,True,1,1,0,2026-06-29 21:49:12,2026-06-29 21:49:13
1614031951,True,1,1,0,2026-06-29 21:47:20,2026-06-29 21:47:21
1614031952,True,1,1,0,2026-06-27 23:48:58,2026-06-27 23:48:58
1614031953,True,1,1,0,2026-06-27 23:53:41,2026-06-27 23:53:42
1614031954,True,1,1,0,2026-06-27 23:54:03,2026-06-27 23:54:04
1614031955,True,1,1,0,2026-06-27 23:53:13,2026-06-27 23:53:14
1614037142,True,1,1,0,2026-06-26 16:21:50,2026-06-26 16:21:51
1614037143,True,1,1,0,2026-06-26 16:12:36,2026-06-26 16:12:37
1614037144,True,1,1,0,2026-06-26 16:17:27,2026-06-26 16:17:28
1614037145,True,1,1,0,2026-06-26 16:13:44,2026-06-26 16:13:45
1614037146,True,1,1,0,2026-06-26 16:13:09,2026-06-26 16:13:10
1614037147,True,1,1,0,2026-06-26 22:07:27,2026-06-26 22:07:29
1614037148,True,1,1,0,2026-06-26 21:35:33,2026-06-26 21:35:34
1614037149,True,1,1,0,2026-06-26 21:35:04,2026-06-26 21:35:06
1614037150,True,1,1,0,2026-06-29 21:46:43,2026-06-29 21:46:44
1614037151,True,1,1,0,2026-06-29 21:46:17,2026-06-29 21:46:18
1614037152,True,1,1,0,2026-06-29 21:45:54,2026-06-29 21:45:55
1614037154,True,1,1,0,2026-06-27 23:55:41,2026-06-27 23:55:42
1614037155,True,1,1,0,2026-06-27 23:51:07,2026-06-27 23:51:08
1614588921,True,1,1,0,2026-06-26 16:35:32,2026-06-26 16:35:33
1614588922,True,1,1,0,2026-06-26 16:27:24,2026-06-26 16:27:25
1614588923,True,1,1,0,2026-06-26 16:37:54,2026-06-26 16:37:55
1614588924,True,1,1,0,2026-06-26 16:35:13,2026-06-26 16:35:14
1614588925,True,1,1,0,2026-06-26 16:35:50,2026-06-26 16:35:51
1614588926,True,1,1,0,2026-06-27 23:58:55,2026-06-27 23:58:56
1614588927,True,1,1,0,2026-06-27 23:59:43,2026-06-27 23:59:44
1614588928,True,1,1,0,2026-06-28 00:06:42,2026-06-28 00:06:43
1614588929,True,1,1,0,2026-06-26 22:15:08,2026-06-26 22:15:09
1614588930,True,1,1,0,2026-06-26 22:14:46,2026-06-26 22:14:47
1614588931,True,1,1,0,2026-06-26 22:14:05,2026-06-26 22:14:06
1614588932,True,1,1,0,2026-06-29 21:50:36,2026-06-29 21:50:37
1614588933,True,1,1,0,2026-06-29 21:52:17,2026-06-29 21:52:18
1614588934,True,1,1,0,2026-06-29 21:49:48,2026-06-29 21:49:49
1614588935,True,1,1,0,2026-06-29 21:52:56,2026-06-29 21:52:57
1614588936,True,1,1,0,2026-06-29 21:51:23,2026-06-29 21:51:24
1614589041,True,1,1,0,2026-06-26 16:29:42,2026-06-26 16:29:43
1614589042,True,1,1,0,2026-06-26 16:34:37,2026-06-26 16:34:38
1614589043,True,1,1,0,2026-06-27 23:57:43,2026-06-27 23:57:44
1614589044,True,1,1,0,2026-06-28 00:00:37,2026-06-28 00:00:38
1614589045,True,1,1,0,2026-06-28 00:06:16,2026-06-28 00:06:17
1614589047,True,1,1,0,2026-06-28 00:00:07,2026-06-28 00:00:08
1614589048,True,1,1,0,2026-06-26 22:16:23,2026-06-26 22:16:24
1614589049,True,1,1,0,2026-06-26 22:10:57,2026-06-26 22:10:58
1614589050,True,1,1,0,2026-06-26 22:13:02,2026-06-26 22:13:03
1614589051,True,1,1,0,2026-06-26 22:09:03,2026-06-26 22:09:04
1614589054,True,1,1,0,2026-06-29 21:52:32,2026-06-29 21:52:33
1614589055,True,1,1,0,2026-06-29 21:51:43,2026-06-29 21:51:44
1614589056,True,1,1,0,2026-06-29 21:53:12,2026-06-29 21:53:13
1614593729,True,1,1,0,2026-06-26 16:34:16,2026-06-26 16:34:17
1614593730,True,1,1,0,2026-06-26 16:25:56,2026-06-26 16:25:56
1614593731,True,1,1,0,2026-06-26 16:26:50,2026-06-26 16:26:50
1614593732,True,1,1,0,2026-06-27 23:59:19,2026-06-27 23:59:20
1614593733,True,1,1,0,2026-06-28 00:07:04,2026-06-28 00:07:04
1614593734,True,1,1,0,2026-06-26 22:12:41,2026-06-26 22:12:42
1614593735,True,1,1,0,2026-06-26 22:15:42,2026-06-26 22:15:42
1614593736,True,1,1,0,2026-06-29 21:51:07,2026-06-29 21:51:08
1614593737,True,1,1,0,2026-06-29 21:50:52,2026-06-29 21:50:53
1614889372,True,1,1,0,2026-06-29 21:54:22,2026-06-29 21:54:23
1614889373,True,1,1,0,2026-06-29 21:54:38,2026-06-29 21:54:39
1614897651,True,1,1,0,2026-06-29 21:54:10,2026-06-29 21:54:11
1614899902,True,1,1,0,2026-06-29 21:53:59,2026-06-29 21:54:00
1614938989,True,1,1,0,2026-06-29 21:56:03,2026-06-29 21:56:04
1614954167,True,1,1,0,2026-06-29 21:55:35,2026-06-29 21:55:36
1614954168,True,1,1,0,2026-06-29 21:55:53,2026-06-29 21:55:54
1615009245,True,1,1,0,2026-06-29 21:57:16,2026-06-29 21:57:17
1615009268,True,1,1,0,2026-06-29 21:57:03,2026-06-29 21:57:04
1615101367,True,1,1,0,2026-06-28 00:08:13,2026-06-28 00:08:14
1615104410,True,1,1,0,2026-06-26 22:17:08,2026-06-26 22:17:09
1615104414,True,1,1,0,2026-06-29 21:57:45,2026-06-29 21:57:46
1615166868,True,1,1,0,2026-06-28 00:12:56,2026-06-28 00:12:57
1615166869,True,1,1,0,2026-06-28 00:13:12,2026-06-28 00:13:13
1615166961,True,1,1,0,2026-06-29 22:00:46,2026-06-29 22:00:48
1615166995,True,1,1,0,2026-06-26 16:39:14,2026-06-26 16:39:15
1615167004,True,1,1,0,2026-06-28 00:14:02,2026-06-28 00:14:04
1615167005,True,1,1,0,2026-06-28 00:12:21,2026-06-28 00:12:22
1615172582,True,1,1,0,2026-06-26 22:18:54,2026-06-26 22:18:55
1615172622,True,1,1,0,2026-06-29 21:58:59,2026-06-29 21:59:01
1615174065,True,1,1,0,2026-06-29 21:59:19,2026-06-29 21:59:20
1615174992,True,1,1,0,2026-06-26 16:38:58,2026-06-26 16:38:59
1615175002,True,1,1,0,2026-06-28 00:11:46,2026-06-28 00:11:47
1615175023,True,1,1,0,2026-06-26 22:18:36,2026-06-26 22:18:37
1615183252,True,1,1,0,2026-06-29 21:58:36,2026-06-29 21:58:37
1615193163,True,1,1,0,2026-06-26 16:38:45,2026-06-26 16:38:46
1615193171,True,1,1,0,2026-06-26 22:18:07,2026-06-26 22:18:08
1615277598,True,1,1,0,2026-06-26 16:41:51,2026-06-26 16:41:52
1615284896,True,1,1,0,2026-06-29 22:39:38,2026-06-29 22:39:39
1615290951,True,1,1,0,2026-06-26 16:41:29,2026-06-26 16:41:30
1615290952,True,1,1,0,2026-06-26 16:41:02,2026-06-26 16:41:03
1615290967,True,1,1,0,2026-06-28 00:16:13,2026-06-28 00:16:14
1615296399,True,1,1,0,2026-06-26 22:21:17,2026-06-26 22:21:18
1615300983,True,1,1,0,2026-06-29 22:38:52,2026-06-29 22:38:53
1615301021,True,1,1,0,2026-06-26 22:20:52,2026-06-26 22:20:53
1615301022,True,1,1,0,2026-06-26 22:20:08,2026-06-26 22:20:09
1615303691,True,1,1,0,2026-06-26 22:20:29,2026-06-26 22:20:30
1615303716,True,1,1,0,2026-06-29 22:38:06,2026-06-29 22:38:07
1615303823,True,1,1,0,2026-06-28 00:15:43,2026-06-28 00:15:44
1615303842,True,1,1,0,2026-06-26 16:40:47,2026-06-26 16:40:48
1615308820,True,1,1,0,2026-06-28 00:15:27,2026-06-28 00:15:28
1615308847,True,1,1,0,2026-06-26 22:19:36,2026-06-26 22:19:37
1615313017,True,1,1,0,2026-06-26 16:40:01,2026-06-26 16:40:01
1615313028,True,1,1,0,2026-06-29 22:38:29,2026-06-29 22:38:30
1615393539,True,1,1,0,2026-06-26 16:49:25,2026-06-26 16:49:26
1615394977,True,1,1,0,2026-06-29 22:40:33,2026-06-29 22:40:34
1615396519,True,1,1,0,2026-06-26 16:49:01,2026-06-26 16:49:02
1615646604,True,1,1,0,2026-06-29 22:41:06,2026-06-29 22:41:07
1615652389,True,1,1,0,2026-06-28 00:16:57,2026-06-28 00:16:57
1615652396,True,1,1,0,2026-06-26 22:21:53,2026-06-26 22:21:54
1615652398,True,1,1,0,2026-06-26 16:50:31,2026-06-26 16:50:32
1615709365,True,1,1,0,2026-06-29 22:41:34,2026-06-29 22:41:35
1615709386,True,1,1,0,2026-06-26 16:52:06,2026-06-26 16:52:06
1615709395,True,1,1,0,2026-06-28 00:20:45,2026-06-28 00:20:46
1615713953,True,1,1,0,2026-06-26 16:51:46,2026-06-26 16:51:47
1615713957,True,1,1,0,2026-06-28 00:19:48,2026-06-28 00:19:49
1615713983,True,1,1,0,2026-06-29 22:41:51,2026-06-29 22:41:52
1615716174,True,1,1,0,2026-06-28 00:20:22,2026-06-28 00:20:23
1615719272,True,1,1,0,2026-06-28 00:18:00,2026-06-28 00:18:01
1615719314,True,1,1,0,2026-06-26 22:30:37,2026-06-26 22:30:38
1615719354,True,1,1,0,2026-06-29 22:42:16,2026-06-29 22:42:17
1615719356,True,1,1,0,2026-06-28 00:21:23,2026-06-28 00:21:24
1615722620,True,1,1,0,2026-06-26 16:52:34,2026-06-26 16:52:35
1615724180,True,1,1,0,2026-06-26 22:31:26,2026-06-26 22:31:27
1615731096,True,1,1,0,2026-06-26 16:53:02,2026-06-26 16:53:03
1615731100,True,1,1,0,2026-06-26 22:31:51,2026-06-26 22:31:52
1615731101,True,1,1,0,2026-06-29 22:42:30,2026-06-29 22:42:31
1615836030,True,1,1,0,2026-06-26 16:54:07,2026-06-26 16:54:08
1615839979,True,1,1,0,2026-06-29 22:43:41,2026-06-29 22:43:42
1615840013,True,1,1,0,2026-06-26 16:55:25,2026-06-26 16:55:26
1615845210,True,1,1,0,2026-06-26 16:54:35,2026-06-26 16:54:36
1615845211,True,1,1,0,2026-06-26 22:32:40,2026-06-26 22:32:41
1615845222,True,1,1,0,2026-06-28 00:23:13,2026-06-28 00:23:14
1615847606,True,1,1,0,2026-06-26 22:33:09,2026-06-26 22:33:10
1615847642,True,1,1,0,2026-06-29 22:44:22,2026-06-29 22:44:23
1615847665,True,1,1,0,2026-06-28 00:24:05,2026-06-28 00:24:06
1615848141,True,1,1,0,2026-06-29 22:43:53,2026-06-29 22:43:54
1615848176,True,1,1,0,2026-06-26 22:33:31,2026-06-26 22:33:32
1615848184,True,1,1,0,2026-06-28 00:23:44,2026-06-28 00:23:45
1615850265,True,1,1,0,2026-06-26 22:33:50,2026-06-26 22:33:51
1615850304,True,1,1,0,2026-06-26 16:55:58,2026-06-26 16:55:59
1615850310,True,1,1,0,2026-06-29 22:44:06,2026-06-29 22:44:07
1615856448,True,1,1,0,2026-06-26 16:56:26,2026-06-26 16:56:27
1615859995,True,1,1,0,2026-06-26 22:34:16,2026-06-26 22:34:17
1615860001,True,1,1,0,2026-06-29 22:44:36,2026-06-29 22:44:37
1616788840,True,1,1,0,2026-06-28 00:25:01,2026-06-28 00:25:02
1616788844,True,1,1,0,2026-06-26 22:35:07,2026-06-26 22:35:08
1616796460,True,1,1,0,2026-06-29 22:45:26,2026-06-29 22:45:27
1616818656,True,1,1,0,2026-06-28 00:27:30,2026-06-28 00:27:31
1616818657,True,1,1,0,2026-06-28 00:29:01,2026-06-28 00:29:02
1616818658,True,1,1,0,2026-06-28 00:26:47,2026-06-28 00:26:47
1616851705,True,1,1,0,2026-06-29 22:46:03,2026-06-29 22:46:05
1616851726,True,1,1,0,2026-06-26 16:57:40,2026-06-26 16:57:41
1616851735,True,1,1,0,2026-06-28 00:28:08,2026-06-28 00:28:09
1616854059,True,1,1,0,2026-06-26 16:57:21,2026-06-26 16:57:22
1616854065,True,1,1,0,2026-06-28 00:29:58,2026-06-28 00:29:59
1616854083,True,1,1,0,2026-06-29 22:46:38,2026-06-29 22:46:39
1616854100,True,1,1,0,2026-06-26 22:35:57,2026-06-26 22:35:58
1616854238,True,1,1,0,2026-06-26 22:36:44,2026-06-26 22:36:45
1616864343,True,1,1,0,2026-06-26 16:58:24,2026-06-26 16:58:25
1616864349,True,1,1,0,2026-06-28 00:30:49,2026-06-28 00:30:50
1616869976,True,1,1,0,2026-06-29 22:47:03,2026-06-29 22:47:04
1616870010,True,1,1,0,2026-06-26 16:58:56,2026-06-26 16:58:57
1616870055,True,1,1,0,2026-06-26 22:39:07,2026-06-26 22:39:08
1616870056,True,1,1,0,2026-06-28 00:32:18,2026-06-28 00:32:19
1616870057,True,1,1,0,2026-06-26 17:00:23,2026-06-26 17:00:24
1616870058,True,1,1,0,2026-06-26 17:28:14,2026-06-26 17:28:15
1616870059,True,1,1,0,2026-06-26 17:29:11,2026-06-26 17:29:12
1616870060,True,1,1,0,2026-06-29 22:48:59,2026-06-29 22:49:01
1616870061,True,1,1,0,2026-06-29 22:49:31,2026-06-29 22:49:32
1616873828,True,1,1,0,2026-06-29 22:47:23,2026-06-29 22:47:24
1616873829,True,1,1,0,2026-06-26 22:37:07,2026-06-26 22:37:08
1616873855,True,1,1,0,2026-06-26 22:38:27,2026-06-26 22:38:28
1616873856,True,1,1,0,2026-06-28 00:32:54,2026-06-28 00:32:55
1616873857,True,1,1,0,2026-06-26 17:26:36,2026-06-26 17:26:38
1616873858,True,1,1,0,2026-06-26 17:27:10,2026-06-26 17:27:11
1616873859,True,1,1,0,2026-06-29 22:48:23,2026-06-29 22:48:24
1616873860,True,1,1,0,2026-06-29 22:48:09,2026-06-29 22:48:10
1616873861,True,1,1,0,2026-06-29 22:48:45,2026-06-29 22:48:46
1616879345,True,1,1,0,2026-06-26 22:38:06,2026-06-26 22:38:07
1616879346,True,1,1,0,2026-06-26 16:59:42,2026-06-26 16:59:43
1616982373,True,1,1,0,2026-06-26 22:40:11,2026-06-26 22:40:12
1616984299,True,1,1,0,2026-06-26 22:42:47,2026-06-26 22:42:48
1616984300,True,1,1,0,2026-06-28 00:39:52,2026-06-28 00:39:52
1616984301,True,1,1,0,2026-06-28 00:40:14,2026-06-28 00:40:15
1616984302,True,1,1,0,2026-06-28 00:39:27,2026-06-28 00:39:28
1616984303,True,1,1,0,2026-06-26 17:40:46,2026-06-26 17:40:47
1616984304,True,1,1,0,2026-06-26 17:31:48,2026-06-26 17:31:49
1616984305,True,1,1,0,2026-06-26 17:42:14,2026-06-26 17:42:15
1616984306,True,1,1,0,2026-06-29 22:50:32,2026-06-29 22:50:32
1616984307,True,1,1,0,2026-06-29 22:50:52,2026-06-29 22:50:53
1616984308,True,1,1,0,2026-06-29 22:51:19,2026-06-29 22:51:20
1616984309,True,1,1,0,2026-06-29 22:52:28,2026-06-29 22:52:29
1616984310,True,1,1,0,2026-06-29 22:54:04,2026-06-29 22:54:05
1616990713,True,1,1,0,2026-06-26 22:42:34,2026-06-26 22:42:35
1616990714,True,1,1,0,2026-06-26 22:43:53,2026-06-26 22:43:54
1616990715,True,1,1,0,2026-06-26 22:43:05,2026-06-26 22:43:07
1616990716,True,1,1,0,2026-06-26 22:41:39,2026-06-26 22:41:40
1616990717,True,1,1,0,2026-06-28 00:36:18,2026-06-28 00:36:19
1616990718,True,1,1,0,2026-06-28 00:34:19,2026-06-28 00:34:20
1616990719,True,1,1,0,2026-06-28 00:39:04,2026-06-28 00:39:04
1616990720,True,1,1,0,2026-06-28 00:37:20,2026-06-28 00:37:21
1616990721,True,1,1,0,2026-06-28 00:41:35,2026-06-28 00:41:36
1616990722,True,1,1,0,2026-06-28 00:41:13,2026-06-28 00:41:14
1616990723,True,1,1,0,2026-06-26 17:33:01,2026-06-26 17:33:02
1616990724,True,1,1,0,2026-06-26 17:41:27,2026-06-26 17:41:28
1616990725,True,1,1,0,2026-06-26 17:31:32,2026-06-26 17:31:33
1616990726,True,1,1,0,2026-06-26 17:41:49,2026-06-26 17:41:50
1616990727,True,1,1,0,2026-06-26 17:29:56,2026-06-26 17:29:57
1616990729,True,1,1,0,2026-06-29 22:53:29,2026-06-29 22:53:30
1616990730,True,1,1,0,2026-06-29 22:52:44,2026-06-29 22:52:45
1616990759,True,1,1,0,2026-06-26 22:40:30,2026-06-26 22:40:30
1616994654,True,1,1,0,2026-06-26 22:52:01,2026-06-26 22:52:02
1616994655,True,1,1,0,2026-06-26 22:45:30,2026-06-26 22:45:31
1616994656,True,1,1,0,2026-06-26 22:50:44,2026-06-26 22:50:45
1616994657,True,1,1,0,2026-06-26 22:44:18,2026-06-26 22:44:19
1616994659,True,1,1,0,2026-06-26 17:41:06,2026-06-26 17:41:06
1616994660,True,1,1,0,2026-06-26 17:31:09,2026-06-26 17:31:10
1616994661,True,1,1,0,2026-06-29 22:49:58,2026-06-29 22:49:59
1616994662,True,1,1,0,2026-06-29 22:51:45,2026-06-29 22:51:46
1616994663,True,1,1,0,2026-06-29 22:53:07,2026-06-29 22:53:08
1617374763,True,1,1,0,2026-06-26 17:42:45,2026-06-26 17:42:45
1617375811,True,1,1,0,2026-06-26 17:43:01,2026-06-26 17:43:02
1617405631,True,1,1,0,2026-06-26 17:44:52,2026-06-26 17:44:53
1617413116,True,1,1,0,2026-06-26 22:56:02,2026-06-26 22:56:04
1617413117,True,1,1,0,2026-06-26 22:54:28,2026-06-26 22:54:29
1617413164,True,1,1,0,2026-06-26 17:45:46,2026-06-26 17:45:47
1617413171,True,1,1,0,2026-06-26 22:57:41,2026-06-26 22:57:42
1617413231,True,1,1,0,2026-06-26 17:44:32,2026-06-26 17:44:32
1617413232,True,1,1,0,2026-06-26 17:43:41,2026-06-26 17:43:42
1617413248,True,1,1,0,2026-06-26 22:54:49,2026-06-26 22:54:50
1617413249,True,1,1,0,2026-06-26 22:55:30,2026-06-26 22:55:31
1617413307,True,1,1,0,2026-06-26 17:45:30,2026-06-26 17:45:31
1617413310,True,1,1,0,2026-06-26 22:59:03,2026-06-26 22:59:03
1617422549,True,1,1,0,2026-06-26 17:45:12,2026-06-26 17:45:13
1617422555,True,1,1,0,2026-06-26 22:56:25,2026-06-26 22:56:26
1617422556,True,1,1,0,2026-06-26 22:58:39,2026-06-26 22:58:39
1617422557,True,1,1,0,2026-06-26 22:59:47,2026-06-26 22:59:48
1617496098,True,1,1,0,2026-06-26 17:46:35,2026-06-26 17:46:36
1617518951,True,1,1,0,2026-06-26 17:46:52,2026-06-26 17:46:53
1617575532,True,1,1,0,2026-06-28 00:43:00,2026-06-28 00:43:01
1617585473,True,1,1,0,2026-06-29 22:54:32,2026-06-29 22:54:33
1617628785,True,1,1,0,2026-06-29 22:55:04,2026-06-29 22:55:05
1617635259,True,1,1,0,2026-06-26 17:47:52,2026-06-26 17:47:53
1617635269,True,1,1,0,2026-06-28 00:44:40,2026-06-28 00:44:41
1617635553,True,1,1,0,2026-06-28 00:45:59,2026-06-28 00:46:00
1617635554,True,1,1,0,2026-06-28 00:45:07,2026-06-28 00:45:08
1617635555,True,1,1,0,2026-06-28 00:45:33,2026-06-28 00:45:34
1617635570,True,1,1,0,2026-06-29 22:55:25,2026-06-29 22:55:26
1617635607,True,1,1,0,2026-06-26 23:01:03,2026-06-26 23:01:04
1617641975,True,1,1,0,2026-06-28 00:46:31,2026-06-28 00:46:32
1617646874,True,1,1,0,2026-06-28 00:47:04,2026-06-28 00:47:05
1617646902,True,1,1,0,2026-06-26 23:01:26,2026-06-26 23:01:26
1617652449,True,1,1,0,2026-06-26 17:48:05,2026-06-26 17:48:06
1617652505,True,1,1,0,2026-06-26 17:48:23,2026-06-26 17:48:24
1617652509,True,1,1,0,2026-06-26 23:01:41,2026-06-26 23:01:42
1617657080,True,1,1,0,2026-06-29 22:55:56,2026-06-29 22:55:57
1617664284,True,1,1,0,2026-06-29 22:56:15,2026-06-29 22:56:16
1617778541,True,1,1,0,2026-06-26 17:48:58,2026-06-26 17:48:59
1617778664,True,1,1,0,2026-06-29 22:57:14,2026-06-29 22:57:14
1617778686,True,1,1,0,2026-06-26 23:02:36,2026-06-26 23:02:37
1617778688,True,1,1,0,2026-06-26 17:49:40,2026-06-26 17:49:41
1617779255,True,1,1,0,2026-06-26 17:49:18,2026-06-26 17:49:19
1617781187,True,1,1,0,2026-06-26 23:03:52,2026-06-26 23:03:53
1617781188,True,1,1,0,2026-06-26 23:03:09,2026-06-26 23:03:10
1617781226,True,1,1,0,2026-06-28 00:50:20,2026-06-28 00:50:21
1617781250,True,2,2,0,2026-06-29 22:57:26,2026-06-29 22:57:40
1617781307,True,1,1,0,2026-06-26 23:03:30,2026-06-26 23:03:31
1617781308,True,1,1,0,2026-06-26 23:02:53,2026-06-26 23:02:54
1617782411,True,1,1,0,2026-06-26 17:50:40,2026-06-26 17:50:41
1617782419,True,1,1,0,2026-06-29 22:58:10,2026-06-29 22:58:11
1617782436,True,1,1,0,2026-06-28 00:50:41,2026-06-28 00:50:42
1617782449,True,1,1,0,2026-06-26 17:50:11,2026-06-26 17:50:11
1617788560,True,1,1,0,2026-06-26 23:04:31,2026-06-26 23:04:32
1617861324,True,1,1,0,2026-06-26 18:00:12,2026-06-26 18:00:13
1617862308,True,1,1,0,2026-06-26 18:01:00,2026-06-26 18:01:01
1617866872,True,1,1,0,2026-06-29 22:59:08,2026-06-29 22:59:09
1618108832,True,1,1,0,2026-06-26 23:05:29,2026-06-26 23:05:30
1618111747,True,1,1,0,2026-06-29 12:40:08,2026-06-29 12:40:10
1618111759,True,1,1,0,2026-06-29 22:59:33,2026-06-29 22:59:33
1618125619,True,1,1,0,2026-06-26 18:01:34,2026-06-26 18:01:35
1618172611,True,1,1,0,2026-06-26 18:02:49,2026-06-26 18:02:50
1618172619,True,1,1,0,2026-06-29 12:41:03,2026-06-29 12:41:04
1618172620,True,1,1,0,2026-06-29 12:41:54,2026-06-29 12:41:55
1618172621,True,1,1,0,2026-06-29 12:42:23,2026-06-29 12:42:25
1618174870,True,1,1,0,2026-06-29 23:00:11,2026-06-29 23:00:12
1618174888,True,1,1,0,2026-06-26 18:03:12,2026-06-26 18:03:13
1618174895,True,1,1,0,2026-06-29 12:43:15,2026-06-29 12:43:16
1618180987,True,1,1,0,2026-06-29 23:00:33,2026-06-29 23:00:34
1618181087,True,1,1,0,2026-06-26 23:06:52,2026-06-26 23:06:53
1618181120,True,1,1,0,2026-06-26 18:03:32,2026-06-26 18:03:33
1618192264,True,1,1,0,2026-06-29 23:00:50,2026-06-29 23:00:51
1618192265,True,1,1,0,2026-06-29 12:43:30,2026-06-29 12:43:31
1618203058,True,1,1,0,2026-06-26 18:03:59,2026-06-26 18:04:00
1618203065,True,1,1,0,2026-06-29 23:01:23,2026-06-29 23:01:24
1618206883,True,1,1,0,2026-06-26 23:07:36,2026-06-26 23:07:37
1618211394,True,1,1,0,2026-06-26 23:07:08,2026-06-26 23:07:09
1618298011,True,1,1,0,2026-06-26 18:04:44,2026-06-26 18:04:45
1618303019,True,1,1,0,2026-06-29 23:02:09,2026-06-29 23:02:10
1618303054,True,1,1,0,2026-06-26 18:05:25,2026-06-26 18:05:26
1618303069,True,1,1,0,2026-06-29 12:44:24,2026-06-29 12:44:25
1618304766,True,1,1,0,2026-06-26 23:08:34,2026-06-26 23:08:35
1618307420,True,1,1,0,2026-06-26 18:05:02,2026-06-26 18:05:03
1618313207,True,1,1,0,2026-06-29 23:02:28,2026-06-29 23:02:29
1618314563,True,1,1,0,2026-06-26 23:10:19,2026-06-26 23:10:20
1618314564,True,1,1,0,2026-06-26 23:09:44,2026-06-26 23:09:45
1618314582,True,1,1,0,2026-06-29 12:44:35,2026-06-29 12:44:36
1618315801,True,1,1,0,2026-06-26 23:09:04,2026-06-26 23:09:05
1618323259,True,1,1,0,2026-06-26 18:05:42,2026-06-26 18:05:42
1618323271,True,1,1,0,2026-06-29 23:03:15,2026-06-29 23:03:16
1618323311,True,1,1,0,2026-06-29 12:44:51,2026-06-29 12:44:52
1618323348,True,1,1,0,2026-06-29 23:02:50,2026-06-29 23:02:51
1618329848,True,1,1,0,2026-06-26 23:11:30,2026-06-26 23:11:31
1618329849,True,1,1,0,2026-06-26 18:05:56,2026-06-26 18:05:57
1618333067,True,1,1,0,2026-06-29 23:03:33,2026-06-29 23:03:34
1618899362,True,1,1,0,2026-06-26 23:13:36,2026-06-26 23:13:36
1618899363,True,1,1,0,2026-06-29 12:47:47,2026-06-29 12:47:48
1618899364,True,1,1,0,2026-06-26 18:43:28,2026-06-26 18:43:29
1618899365,True,1,1,0,2026-06-26 18:46:45,2026-06-26 18:46:45
1618899366,True,1,1,0,2026-06-29 12:49:01,2026-06-29 12:49:02
1618899367,True,1,1,0,2026-06-26 23:14:11,2026-06-26 23:14:12
1618899368,True,1,1,0,2026-06-26 23:13:17,2026-06-26 23:13:18
1618899369,True,1,1,0,2026-06-29 12:45:36,2026-06-29 12:45:37
1618899372,True,1,1,0,2026-06-29 12:49:21,2026-06-29 12:49:22
1618899373,True,1,1,0,2026-06-29 12:46:45,2026-06-29 12:46:47
1618899374,True,1,1,0,2026-06-29 23:04:08,2026-06-29 23:04:09
1618899375,True,1,1,0,2026-06-29 23:07:19,2026-06-29 23:07:20
1618899376,True,1,1,0,2026-06-29 23:04:40,2026-06-29 23:04:41
1618917103,True,1,1,0,2026-06-26 23:12:37,2026-06-26 23:12:37
1618917104,True,1,1,0,2026-06-26 18:44:26,2026-06-26 18:44:27
1618917107,True,1,1,0,2026-06-26 18:42:38,2026-06-26 18:42:39
1618917109,True,1,1,0,2026-06-26 18:48:36,2026-06-26 18:48:37
1618917110,True,1,1,0,2026-06-26 23:16:23,2026-06-26 23:16:24
1618917111,True,1,1,0,2026-06-26 23:17:31,2026-06-26 23:17:32
1618917114,True,1,1,0,2026-06-29 12:47:22,2026-06-29 12:47:23
1618917115,True,1,1,0,2026-06-26 18:45:30,2026-06-26 18:45:31
1618917116,True,1,1,0,2026-06-29 12:46:24,2026-06-29 12:46:25
1618917117,True,1,1,0,2026-06-26 18:47:38,2026-06-26 18:47:39
1618917118,True,1,1,0,2026-06-26 18:44:01,2026-06-26 18:44:02
1618917120,True,1,1,0,2026-06-29 23:07:58,2026-06-29 23:07:59
1618917121,True,1,1,0,2026-06-29 23:06:19,2026-06-29 23:06:20
1618917122,True,1,1,0,2026-06-29 23:05:44,2026-06-29 23:05:45
1618917123,True,1,1,0,2026-06-29 23:07:03,2026-06-29 23:07:04
1618918939,True,1,1,0,2026-06-26 23:17:58,2026-06-26 23:17:59
1618918940,True,1,1,0,2026-06-26 23:16:45,2026-06-26 23:16:46
1618918941,True,1,1,0,2026-06-26 23:16:03,2026-06-26 23:16:04
1618918942,True,1,1,0,2026-06-26 18:45:57,2026-06-26 18:45:58
1618918943,True,1,1,0,2026-06-29 12:48:16,2026-06-29 12:48:18
1618918944,True,1,1,0,2026-06-26 18:48:56,2026-06-26 18:48:57
1618918945,True,1,1,0,2026-06-29 12:47:05,2026-06-29 12:47:05
1618918947,True,1,1,0,2026-06-29 23:06:42,2026-06-29 23:06:43
1618918948,True,1,1,0,2026-06-29 23:04:56,2026-06-29 23:04:57
1618921190,True,1,1,0,2026-06-29 23:05:28,2026-06-29 23:05:30
1619454341,True,1,1,0,2026-06-26 23:23:16,2026-06-26 23:23:17
1619454342,True,1,1,0,2026-06-29 12:53:34,2026-06-29 12:53:34
1619454343,True,1,1,0,2026-06-29 12:52:15,2026-06-29 12:52:16
1619454344,True,1,1,0,2026-06-29 12:52:33,2026-06-29 12:52:34
1619454345,True,1,1,0,2026-06-29 12:51:02,2026-06-29 12:51:03
1619454346,True,1,1,0,2026-06-26 18:53:55,2026-06-26 18:53:56
1619454347,True,1,1,0,2026-06-26 18:54:39,2026-06-26 18:54:40
1619454348,True,1,1,0,2026-06-26 18:53:12,2026-06-26 18:53:13
1619454349,True,1,1,0,2026-06-29 23:09:57,2026-06-29 23:09:58
1619454453,True,1,1,0,2026-06-26 18:50:49,2026-06-26 18:50:50
1619454454,True,1,1,0,2026-06-26 18:53:38,2026-06-26 18:53:38
1619454455,True,1,1,0,2026-06-29 23:09:36,2026-06-29 23:09:37
1619454456,True,1,1,0,2026-06-26 23:22:25,2026-06-26 23:22:26
1619454457,True,1,1,0,2026-06-29 23:10:42,2026-06-29 23:10:43
1619454458,True,1,1,0,2026-06-29 23:11:15,2026-06-29 23:11:16
1619454459,True,1,1,0,2026-06-26 18:52:48,2026-06-26 18:52:49
1619456910,True,1,1,0,2026-06-26 23:25:28,2026-06-26 23:25:29
1619456911,True,1,1,0,2026-06-26 23:24:50,2026-06-26 23:24:51
1619456912,True,1,1,0,2026-06-26 23:21:23,2026-06-26 23:21:24
1619456913,True,1,1,0,2026-06-29 12:50:45,2026-06-29 12:50:46
1619456914,True,1,1,0,2026-06-26 18:52:04,2026-06-26 18:52:05
1619456915,True,1,1,0,2026-06-29 23:08:33,2026-06-29 23:08:34
1619456916,True,2,2,0,2026-06-26 23:18:37,2026-06-26 23:18:52
1619456917,True,1,1,0,2026-06-26 23:23:31,2026-06-26 23:23:32
1619456918,True,1,1,0,2026-06-26 18:51:33,2026-06-26 18:51:34
1619456919,True,1,1,0,2026-06-26 18:51:12,2026-06-26 18:51:13
1619456920,True,1,1,0,2026-06-29 23:09:10,2026-06-29 23:09:11
1619456921,True,1,1,0,2026-06-26 18:49:45,2026-06-26 18:49:46
1619456922,True,1,1,0,2026-06-29 23:11:55,2026-06-29 23:11:56
1619456923,True,1,1,0,2026-06-29 23:09:24,2026-06-29 23:09:26
1619457694,True,1,1,0,2026-06-26 23:22:59,2026-06-26 23:22:59
1619457695,True,1,1,0,2026-06-26 23:21:54,2026-06-26 23:21:55
1619457696,True,1,1,0,2026-06-29 12:49:59,2026-06-29 12:50:00
1619457697,True,1,1,0,2026-06-29 12:53:18,2026-06-29 12:53:19
1619457698,True,1,1,0,2026-06-29 12:53:48,2026-06-29 12:53:49
1619457699,True,1,1,0,2026-06-29 12:51:58,2026-06-29 12:51:59
1619457700,True,1,1,0,2026-06-29 23:10:29,2026-06-29 23:10:30
1619457701,True,1,1,0,2026-06-29 23:11:31,2026-06-29 23:11:32
1619883996,True,1,1,0,2026-06-26 23:26:27,2026-06-26 23:26:28
1619884022,True,1,1,0,2026-06-29 12:54:15,2026-06-29 12:54:16
1619884038,True,1,1,0,2026-06-26 23:26:42,2026-06-26 23:26:43
1619902579,True,1,1,0,2026-06-29 23:13:18,2026-06-29 23:13:19
1619926442,True,1,1,0,2026-06-29 23:13:56,2026-06-29 23:13:57
1619926467,True,1,1,0,2026-06-26 18:55:15,2026-06-26 18:55:16
1619926479,True,1,1,0,2026-06-29 12:55:51,2026-06-29 12:55:53
1619940463,True,1,1,0,2026-06-29 12:56:22,2026-06-29 12:56:23
1619940465,True,1,1,0,2026-06-29 12:55:34,2026-06-29 12:55:35
1619940466,True,1,1,0,2026-06-29 12:56:08,2026-06-29 12:56:09
1619942012,True,1,1,0,2026-06-29 12:55:03,2026-06-29 12:55:04
1619944566,True,1,1,0,2026-06-29 23:14:13,2026-06-29 23:14:14
1619944579,True,1,1,0,2026-06-26 23:27:23,2026-06-26 23:27:24
1619944609,True,1,1,0,2026-06-26 18:55:32,2026-06-26 18:55:33
1619944619,True,1,1,0,2026-06-29 23:14:28,2026-06-29 23:14:29
1619950132,True,1,1,0,2026-06-29 12:56:34,2026-06-29 12:56:35
1619950177,True,1,1,0,2026-06-26 18:55:48,2026-06-26 18:55:49
1619950185,True,1,1,0,2026-06-26 23:28:00,2026-06-26 23:28:01
1619954188,True,1,1,0,2026-06-26 23:27:44,2026-06-26 23:27:45
1619954237,True,1,1,0,2026-06-29 23:14:43,2026-06-29 23:14:45
1620020702,True,1,1,0,2026-06-26 18:56:27,2026-06-26 18:56:27
1620031268,True,1,1,0,2026-06-29 23:15:47,2026-06-29 23:15:48
1620041061,True,1,1,0,2026-06-26 18:56:41,2026-06-26 18:56:42
1620041068,True,1,1,0,2026-06-29 12:57:59,2026-06-29 12:58:00
1620041285,True,1,1,0,2026-06-26 23:28:43,2026-06-26 23:28:44
1620053250,True,1,1,0,2026-06-29 23:15:59,2026-06-29 23:16:00
1620053294,True,1,1,0,2026-06-26 23:29:01,2026-06-26 23:29:02
1620053300,True,1,1,0,2026-06-29 12:58:12,2026-06-29 12:58:13
1620056432,True,1,1,0,2026-06-26 23:29:16,2026-06-26 23:29:17
1620062730,True,1,1,0,2026-06-29 23:16:16,2026-06-29 23:16:17
1620062805,True,1,1,0,2026-06-29 23:16:32,2026-06-29 23:16:33
1620062842,True,1,1,0,2026-06-26 18:56:57,2026-06-26 18:56:58
1620062911,True,1,1,0,2026-06-26 18:57:14,2026-06-26 18:57:15
1620066779,True,1,1,0,2026-06-26 23:29:35,2026-06-26 23:29:36
1620122242,True,1,1,0,2026-06-26 18:58:05,2026-06-26 18:58:06
1620122243,True,1,1,0,2026-06-29 23:16:59,2026-06-29 23:17:00
1620128139,True,1,1,0,2026-06-26 18:57:45,2026-06-26 18:57:46
1620128140,True,1,1,0,2026-06-26 18:58:22,2026-06-26 18:58:23
1620133498,True,1,1,0,2026-06-29 23:12:24,2026-06-29 23:12:26
1620133509,True,1,1,0,2026-06-29 23:12:53,2026-06-29 23:12:54
1620331120,True,1,1,0,2026-06-26 18:58:54,2026-06-26 18:58:55
1620344967,True,1,1,0,2026-06-29 12:58:48,2026-06-29 12:58:49
1620344971,True,1,1,0,2026-06-26 23:30:03,2026-06-26 23:30:05
1620344977,True,1,1,0,2026-06-29 23:17:26,2026-06-29 23:17:27
1620372750,True,1,1,0,2026-06-29 23:18:00,2026-06-29 23:18:01
1620376891,True,1,1,0,2026-06-29 12:59:42,2026-06-29 12:59:44
1620376892,True,1,1,0,2026-06-29 12:59:57,2026-06-29 12:59:58
1620395006,True,1,1,0,2026-06-26 18:59:37,2026-06-26 18:59:38
1620395020,True,1,1,0,2026-06-29 13:01:04,2026-06-29 13:01:05
1620398949,True,1,1,0,2026-06-29 13:00:46,2026-06-29 13:00:48
1620398969,True,1,1,0,2026-06-29 23:18:21,2026-06-29 23:18:22
1620398997,True,1,1,0,2026-06-26 23:30:37,2026-06-26 23:30:38
1620399036,True,1,1,0,2026-06-29 23:18:41,2026-06-29 23:18:42
1620401050,True,1,1,0,2026-06-26 19:00:04,2026-06-26 19:00:05
1620401058,True,1,1,0,2026-06-29 13:01:15,2026-06-29 13:01:17
1620405579,True,1,1,0,2026-06-26 23:30:55,2026-06-26 23:30:56
1620409472,True,1,1,0,2026-06-26 19:00:28,2026-06-26 19:00:29
1620409480,True,1,1,0,2026-06-26 23:31:17,2026-06-26 23:31:18
1620412274,True,1,1,0,2026-06-29 23:19:00,2026-06-29 23:19:02
1620456694,True,1,1,0,2026-06-29 23:19:32,2026-06-29 23:19:33
1620481120,True,1,1,0,2026-06-26 19:01:03,2026-06-26 19:01:04
1620488365,True,1,1,0,2026-06-26 23:38:17,2026-06-26 23:38:18
1620488380,True,1,1,0,2026-06-29 13:01:50,2026-06-29 13:01:51
1620490406,True,1,1,0,2026-06-26 19:01:20,2026-06-26 19:01:21
1620490411,True,1,1,0,2026-06-26 19:01:38,2026-06-26 19:01:39
1620490471,True,1,1,0,2026-06-29 23:19:43,2026-06-29 23:19:44
1620492434,True,1,1,0,2026-06-26 23:39:13,2026-06-26 23:39:13
1620492448,True,1,1,0,2026-06-29 13:02:06,2026-06-29 13:02:07
1620500643,True,1,1,0,2026-06-26 23:40:06,2026-06-26 23:40:08
1620500646,True,1,1,0,2026-06-26 23:39:43,2026-06-26 23:39:44
1620500683,True,1,1,0,2026-06-30 14:30:19,2026-06-30 14:30:20
1620501765,True,1,1,0,2026-06-26 19:02:00,2026-06-26 19:02:01
1620501807,True,1,1,0,2026-06-29 13:02:22,2026-06-29 13:02:23
1620508338,True,1,1,0,2026-06-26 19:02:19,2026-06-26 19:02:19
1620508339,True,1,1,0,2026-06-26 23:40:21,2026-06-26 23:40:22
1620508341,True,1,1,0,2026-06-29 23:20:03,2026-06-29 23:20:04
1620572854,True,1,1,0,2026-06-26 19:02:46,2026-06-26 19:02:47
1620572859,True,1,1,0,2026-06-29 23:20:39,2026-06-29 23:20:40
1620777508,True,1,1,0,2026-06-29 13:02:43,2026-06-29 13:02:44
1620779434,True,1,1,0,2026-06-29 23:21:17,2026-06-29 23:21:18
1620803279,True,1,1,0,2026-06-29 23:22:28,2026-06-29 23:22:29
1620807731,True,1,1,0,2026-06-29 13:03:58,2026-06-29 13:03:59
1620807751,True,1,1,0,2026-06-29 23:22:39,2026-06-29 23:22:40
1620818180,True,1,1,0,2026-06-29 13:03:35,2026-06-29 13:03:36
1620818181,True,1,1,0,2026-06-29 13:03:18,2026-06-29 13:03:19
1620818183,True,1,1,0,2026-06-29 13:04:15,2026-06-29 13:04:16
1620818184,True,1,1,0,2026-06-29 13:04:28,2026-06-29 13:04:29
1620818250,True,1,1,0,2026-06-26 19:03:38,2026-06-26 19:03:39
1620834845,True,1,1,0,2026-06-29 13:04:47,2026-06-29 13:04:48
1620834846,True,1,1,0,2026-06-29 23:22:52,2026-06-29 23:22:53
1620834890,True,1,1,0,2026-06-26 19:04:00,2026-06-26 19:04:01
1620865477,True,1,1,0,2026-06-29 23:23:05,2026-06-29 23:23:06
1620889050,True,1,1,0,2026-06-26 19:04:48,2026-06-26 19:04:49
1620899232,True,1,1,0,2026-06-29 23:23:34,2026-06-29 23:23:35
1620916753,True,1,1,0,2026-06-26 19:05:09,2026-06-26 19:05:10
1620916765,True,1,1,0,2026-06-29 13:08:17,2026-06-29 13:08:18
1620925911,True,1,1,0,2026-06-26 19:43:54,2026-06-26 19:43:55
1620925982,True,1,1,0,2026-06-29 23:23:48,2026-06-29 23:23:49
1620932879,True,1,1,0,2026-06-29 23:24:04,2026-06-29 23:24:06
1620936103,True,1,1,0,2026-06-29 13:08:29,2026-06-29 13:08:30
1620936211,True,1,1,0,2026-06-26 19:05:43,2026-06-26 19:05:44
1620936283,True,1,1,0,2026-06-26 19:06:07,2026-06-26 19:06:08
1620944130,True,1,1,0,2026-06-29 23:24:19,2026-06-29 23:24:21
1620995932,True,1,1,0,2026-06-29 23:24:47,2026-06-29 23:24:48
1621171446,True,1,1,0,2026-06-26 19:06:50,2026-06-26 19:06:52
1621178800,True,1,1,0,2026-06-26 19:07:32,2026-06-26 19:07:33
1621178801,True,1,1,0,2026-06-26 19:07:13,2026-06-26 19:07:14
1621210460,True,1,1,0,2026-06-26 19:08:00,2026-06-26 19:08:01
1621210514,True,1,1,0,2026-06-26 19:08:21,2026-06-26 19:08:22
1621244275,True,1,1,0,2026-06-26 19:14:34,2026-06-26 19:14:35
1621256315,True,1,1,0,2026-06-26 19:14:51,2026-06-26 19:14:52
1621280035,True,1,1,0,2026-06-26 19:15:07,2026-06-26 19:15:08
1621284607,True,1,1,0,2026-06-26 19:15:28,2026-06-26 19:15:29
1621313344,True,1,1,0,2026-06-26 23:46:17,2026-06-26 23:46:19
1621313345,True,1,1,0,2026-06-26 23:42:31,2026-06-26 23:42:32
1621313346,True,1,1,0,2026-06-26 23:44:47,2026-06-26 23:44:48
1621313347,True,1,1,0,2026-06-26 23:42:07,2026-06-26 23:42:08
1621313348,True,1,1,0,2026-06-29 23:27:13,2026-06-29 23:27:14
1621313349,True,1,1,0,2026-06-29 23:26:25,2026-06-29 23:26:26
1621313350,True,1,1,0,2026-06-29 23:25:10,2026-06-29 23:25:11
1621313351,True,1,1,0,2026-06-29 23:26:09,2026-06-29 23:26:10
1621313352,True,1,1,0,2026-06-29 13:11:52,2026-06-29 13:11:53
1621316230,True,1,1,0,2026-06-26 19:15:57,2026-06-26 19:15:58
1621316245,True,1,1,0,2026-06-26 23:43:06,2026-06-26 23:43:07
1621316246,True,1,1,0,2026-06-29 23:25:55,2026-06-29 23:25:56
1621316247,True,1,1,0,2026-06-29 23:28:11,2026-06-29 23:28:12
1621316248,True,1,1,0,2026-06-29 23:27:50,2026-06-29 23:27:51
1621316249,True,1,1,0,2026-06-29 23:25:41,2026-06-29 23:25:42
1621316251,True,1,1,0,2026-06-29 13:14:04,2026-06-29 13:14:06
1621316252,True,1,1,0,2026-06-29 13:13:18,2026-06-29 13:13:19
1621316253,True,1,1,0,2026-06-29 13:13:52,2026-06-29 13:13:53
1621317165,True,1,1,0,2026-06-26 23:41:27,2026-06-26 23:41:28
1621317166,True,1,1,0,2026-06-26 23:45:07,2026-06-26 23:45:07
1621317167,True,1,1,0,2026-06-26 23:45:24,2026-06-26 23:45:24
1621317168,True,1,1,0,2026-06-26 23:44:24,2026-06-26 23:44:25
1621317169,True,1,1,0,2026-06-29 23:27:37,2026-06-29 23:27:38
1621317170,True,1,1,0,2026-06-29 23:27:25,2026-06-29 23:27:26
1621317172,True,1,1,0,2026-06-29 13:12:46,2026-06-29 13:12:47
1621317173,True,1,1,0,2026-06-29 13:12:19,2026-06-29 13:12:20
1621317175,True,1,1,0,2026-06-29 13:13:00,2026-06-29 13:13:01
1621460738,True,1,1,0,2026-06-26 19:16:47,2026-06-26 19:16:49
1621465383,True,1,1,0,2026-06-26 19:17:24,2026-06-26 19:17:25
1621474078,True,1,1,0,2026-06-26 19:18:01,2026-06-26 19:18:02
1621474080,True,1,1,0,2026-06-26 19:17:39,2026-06-26 19:17:40
1621502545,True,1,1,0,2026-06-26 19:18:25,2026-06-26 19:18:25
1621502569,True,1,1,0,2026-06-26 19:18:47,2026-06-26 19:18:48
1621533244,True,1,1,0,2026-06-26 19:19:21,2026-06-26 19:19:22
1621546831,True,1,1,0,2026-06-26 19:19:45,2026-06-26 19:19:46
1621546912,True,1,1,0,2026-06-26 19:19:59,2026-06-26 19:20:00
1621571763,True,1,1,0,2026-06-26 19:20:14,2026-06-26 19:20:15
1621583420,True,1,1,0,2026-06-29 13:15:07,2026-06-29 13:15:08
1621583421,True,1,1,0,2026-06-29 13:14:52,2026-06-29 13:14:53
1621583422,True,1,1,0,2026-06-29 13:17:04,2026-06-29 13:17:05
1621583423,True,1,1,0,2026-06-26 23:57:26,2026-06-26 23:57:27
1621583424,True,1,1,0,2026-06-26 23:59:05,2026-06-26 23:59:06
1621586488,True,1,1,0,2026-06-29 13:15:20,2026-06-29 13:15:21
1621586489,True,1,1,0,2026-06-29 13:15:52,2026-06-29 13:15:53
1621586490,True,1,1,0,2026-06-26 23:58:34,2026-06-26 23:58:35
1621587368,True,1,1,0,2026-06-26 23:57:57,2026-06-26 23:57:58
1621587369,True,1,1,0,2026-06-29 13:16:08,2026-06-29 13:16:09
1621587370,True,1,1,0,2026-06-26 23:58:48,2026-06-26 23:58:49
1621587371,True,1,1,0,2026-06-29 13:16:42,2026-06-29 13:16:43
1621587372,True,1,1,0,2026-06-26 23:59:22,2026-06-26 23:59:23
1621591914,True,1,1,0,2026-06-29 13:16:26,2026-06-29 13:16:27
1621591915,True,1,1,0,2026-06-26 23:57:42,2026-06-26 23:57:42
1621591916,True,1,1,0,2026-06-26 23:56:10,2026-06-26 23:56:11
1621591917,True,1,1,0,2026-06-29 19:55:04,2026-06-29 19:55:05
1621591918,True,1,1,0,2026-06-26 23:56:35,2026-06-26 23:56:36
1621596138,True,1,1,0,2026-06-29 23:31:54,2026-06-29 23:31:55
1621596139,True,1,1,0,2026-06-29 23:31:04,2026-06-29 23:31:05
1621596140,True,1,1,0,2026-06-29 23:30:13,2026-06-29 23:30:14
1621596141,True,1,1,0,2026-06-29 23:28:55,2026-06-29 23:28:56
1621597126,True,1,1,0,2026-06-29 23:31:38,2026-06-29 23:31:38
1621597957,True,1,1,0,2026-06-29 23:29:55,2026-06-29 23:29:56
1621597958,True,1,1,0,2026-06-29 23:30:48,2026-06-29 23:30:49
1621597959,True,1,1,0,2026-06-29 23:32:23,2026-06-29 23:32:24
1621600570,True,1,1,0,2026-06-26 19:21:57,2026-06-26 19:21:58
1621600617,True,1,1,0,2026-06-26 19:22:37,2026-06-26 19:22:38
1621605820,True,1,1,0,2026-06-26 19:22:20,2026-06-26 19:22:21
1621619956,True,1,1,0,2026-06-26 19:27:50,2026-06-26 19:27:51
1621643199,True,1,1,0,2026-06-26 19:29:06,2026-06-26 19:29:07
1621646301,True,1,1,0,2026-06-26 19:28:13,2026-06-26 19:28:14
1621646334,True,1,1,0,2026-06-26 19:29:30,2026-06-26 19:29:31
1621646335,True,1,1,0,2026-06-26 19:28:51,2026-06-26 19:28:52
1621654405,True,1,1,0,2026-06-26 19:34:53,2026-06-26 19:34:54
1621654436,True,1,1,0,2026-06-26 19:35:27,2026-06-26 19:35:28
1621690353,True,1,1,0,2026-06-26 19:36:57,2026-06-26 19:36:58
1621690374,True,1,1,0,2026-06-26 19:37:17,2026-06-26 19:37:18
1621694222,True,1,1,0,2026-06-26 19:37:41,2026-06-26 19:37:42
1621698143,True,1,1,0,2026-06-26 19:36:41,2026-06-26 19:36:42
1621714889,True,1,1,0,2026-06-26 19:38:51,2026-06-26 19:38:52
1621717723,True,1,1,0,2026-06-26 19:39:10,2026-06-26 19:39:11
1621748102,True,1,1,0,2026-06-26 19:39:31,2026-06-26 19:39:32
1621759246,True,1,1,0,2026-06-26 19:39:47,2026-06-26 19:39:48
1621769049,True,1,1,0,2026-06-26 19:40:50,2026-06-26 19:40:51
1621778627,True,1,1,0,2026-06-26 19:40:28,2026-06-26 19:40:29
1621901900,True,1,1,0,2026-06-29 13:17:25,2026-06-29 13:17:26
1621901905,True,1,1,0,2026-06-26 19:44:38,2026-06-26 19:44:40
1621901912,True,1,1,0,2026-06-29 23:33:02,2026-06-29 23:33:03
1621916480,True,1,1,0,2026-06-29 23:33:36,2026-06-29 23:33:37
1621931685,True,1,1,0,2026-06-26 19:45:07,2026-06-26 19:45:08
1621931686,True,1,1,0,2026-06-29 13:19:11,2026-06-29 13:19:12
1621931697,True,1,1,0,2026-06-29 13:19:26,2026-06-29 13:19:28
1621931717,True,1,1,0,2026-06-29 23:34:24,2026-06-29 23:34:25
1621931805,True,1,1,0,2026-06-29 13:18:49,2026-06-29 13:18:50
1621931819,True,1,1,0,2026-06-29 13:18:15,2026-06-29 13:18:16
1621931820,True,1,1,0,2026-06-29 23:33:51,2026-06-29 23:33:52
1621931823,True,1,1,0,2026-06-29 13:18:32,2026-06-29 13:18:32
1621931827,True,1,1,0,2026-06-29 13:17:59,2026-06-29 13:18:00
1621931828,True,1,1,0,2026-06-26 19:45:30,2026-06-26 19:45:31
1621931835,True,1,1,0,2026-06-26 19:45:48,2026-06-26 19:45:49
1621935913,True,1,1,0,2026-06-29 23:34:08,2026-06-29 23:34:09
1621960219,True,1,1,0,2026-06-29 23:35:25,2026-06-29 23:35:26
1621962860,True,1,1,0,2026-06-26 19:47:50,2026-06-26 19:47:51
1621975356,True,1,1,0,2026-06-26 19:48:33,2026-06-26 19:48:33
1621975979,True,1,1,0,2026-06-29 13:20:33,2026-06-29 13:20:34
1621976150,True,1,1,0,2026-06-29 13:20:18,2026-06-29 13:20:19
1621976202,True,1,1,0,2026-06-29 23:37:07,2026-06-29 23:37:08
1621983500,True,1,1,0,2026-06-29 23:37:49,2026-06-29 23:37:50
1621983904,True,1,1,0,2026-06-26 19:48:51,2026-06-26 19:48:52
1621990791,True,1,1,0,2026-06-26 19:49:08,2026-06-26 19:49:09
1621990798,True,1,1,0,2026-06-29 23:38:03,2026-06-29 23:38:04
1622010096,True,1,1,0,2026-06-26 19:50:07,2026-06-26 19:50:08
1622010879,True,1,1,0,2026-06-26 19:49:51,2026-06-26 19:49:53
1622010924,True,1,1,0,2026-06-26 23:59:58,2026-06-26 23:59:59
1622010925,True,1,1,0,2026-06-27 00:00:45,2026-06-27 00:00:46
1622010926,True,1,1,0,2026-06-27 00:01:13,2026-06-27 00:01:14
1622010927,True,1,1,0,2026-06-27 00:02:24,2026-06-27 00:02:25
1622012901,True,1,1,0,2026-06-29 23:39:03,2026-06-29 23:39:04
1622012903,True,1,1,0,2026-06-27 00:01:00,2026-06-27 00:01:01
1622012904,True,1,1,0,2026-06-27 00:02:08,2026-06-27 00:02:09
1622013848,True,1,1,0,2026-06-27 00:02:39,2026-06-27 00:02:40
1622013849,True,1,1,0,2026-06-27 00:02:55,2026-06-27 00:02:56
1622013850,True,1,1,0,2026-06-27 00:01:46,2026-06-27 00:01:47
1622108215,True,1,1,0,2026-06-26 19:41:24,2026-06-26 19:41:25
1622109437,True,1,1,0,2026-06-26 19:44:11,2026-06-26 19:44:12
1622110370,True,1,1,0,2026-06-26 19:42:30,2026-06-26 19:42:31
1622129543,True,1,1,0,2026-06-26 19:50:49,2026-06-26 19:50:50
1622133186,True,1,1,0,2026-06-29 13:20:58,2026-06-29 13:20:59
1622144377,True,1,1,0,2026-06-26 19:51:21,2026-06-26 19:51:22
1622144385,True,1,1,0,2026-06-29 13:22:02,2026-06-29 13:22:03
1622150043,True,1,1,0,2026-06-29 13:22:22,2026-06-29 13:22:23
1622150106,True,1,1,0,2026-06-26 19:51:46,2026-06-26 19:51:47
1622152571,True,1,1,0,2026-06-29 13:22:35,2026-06-29 13:22:36
1622152573,True,1,1,0,2026-06-29 13:21:28,2026-06-29 13:21:29
1622152574,True,1,1,0,2026-06-29 13:21:50,2026-06-29 13:21:50
1622167372,True,1,1,0,2026-06-29 13:22:51,2026-06-29 13:22:52
1622177442,True,1,1,0,2026-06-26 19:52:03,2026-06-26 19:52:04
1622212278,True,1,1,0,2026-06-26 19:53:06,2026-06-26 19:53:07
1622212332,True,1,1,0,2026-06-29 23:43:22,2026-06-29 23:43:23
1622212334,True,1,1,0,2026-06-29 23:40:21,2026-06-29 23:40:22
1622221787,True,1,1,0,2026-06-29 23:42:59,2026-06-29 23:43:00
1622221788,True,1,1,0,2026-06-29 23:45:16,2026-06-29 23:45:17
1622221789,True,1,1,0,2026-06-29 23:43:43,2026-06-29 23:43:44
1622221822,True,1,1,0,2026-06-26 19:53:40,2026-06-26 19:53:41
1622221914,True,1,1,0,2026-06-29 23:42:39,2026-06-29 23:42:40
1622221956,True,1,1,0,2026-06-29 13:23:16,2026-06-29 13:23:17
1622223735,True,1,1,0,2026-06-26 19:53:23,2026-06-26 19:53:25
1622230156,True,1,1,0,2026-06-29 23:45:52,2026-06-29 23:45:53
1622232148,True,1,1,0,2026-06-29 13:23:34,2026-06-29 13:23:35
1622236039,True,1,1,0,2026-06-26 19:53:59,2026-06-26 19:54:00
1622236053,True,1,1,0,2026-06-29 23:46:05,2026-06-29 23:46:06
1622239604,True,1,1,0,2026-06-29 23:46:24,2026-06-29 23:46:25
1622243912,True,1,1,0,2026-06-26 19:54:15,2026-06-26 19:54:16
1622269721,True,1,1,0,2026-06-26 19:54:44,2026-06-26 19:54:45
1622272754,True,1,1,0,2026-06-30 14:13:42,2026-06-30 14:13:43
1622315650,True,1,1,0,2026-06-29 13:24:34,2026-06-29 13:24:34
1622315651,True,1,1,0,2026-06-29 13:24:21,2026-06-29 13:24:22
1622446119,True,1,1,0,2026-06-29 13:25:15,2026-06-29 13:25:17
1622449350,True,1,1,0,2026-06-27 00:03:29,2026-06-27 00:03:30
1622449356,True,1,1,0,2026-06-30 14:14:16,2026-06-30 14:14:16
1622462798,True,1,1,0,2026-06-30 14:16:06,2026-06-30 14:16:07
1622485124,True,1,1,0,2026-06-29 13:27:05,2026-06-29 13:27:06
1622485129,True,1,1,0,2026-06-29 13:26:13,2026-06-29 13:26:14
1622495222,True,1,1,0,2026-06-29 13:25:55,2026-06-29 13:25:56
1622495223,True,1,1,0,2026-06-29 13:26:34,2026-06-29 13:26:35
1622495224,True,1,1,0,2026-06-29 13:26:49,2026-06-29 13:26:50
1622495252,True,1,1,0,2026-06-30 14:16:29,2026-06-30 14:16:30
1622502388,True,1,1,0,2026-06-27 00:04:01,2026-06-27 00:04:02
1622502432,True,1,1,0,2026-06-27 00:04:26,2026-06-27 00:04:27
1622502497,True,1,1,0,2026-06-30 14:16:43,2026-06-30 14:16:43
1622502498,True,1,1,0,2026-06-29 13:27:17,2026-06-29 13:27:18
1622502558,True,1,1,0,2026-06-27 00:05:08,2026-06-27 00:05:09
1622515784,True,1,1,0,2026-06-30 14:17:17,2026-06-30 14:17:18
1622543784,True,1,1,0,2026-06-30 14:17:58,2026-06-30 14:17:59
1622562635,True,1,1,0,2026-06-26 19:55:14,2026-06-26 19:55:15
1622562637,True,1,1,0,2026-06-26 19:57:39,2026-06-26 19:57:40
1622562638,True,1,1,0,2026-06-26 19:56:08,2026-06-26 19:56:09
1622562808,True,1,1,0,2026-06-26 19:59:32,2026-06-26 19:59:33
1622562809,True,1,1,0,2026-06-26 19:58:14,2026-06-26 19:58:15
1622562810,True,1,1,0,2026-06-26 19:59:06,2026-06-26 19:59:07
1622562822,True,1,1,0,2026-06-29 13:28:01,2026-06-29 13:28:02
1622564506,True,1,1,0,2026-06-26 19:57:55,2026-06-26 19:57:56
1622564507,True,1,1,0,2026-06-26 19:56:29,2026-06-26 19:56:30
1622564508,True,1,1,0,2026-06-27 00:06:25,2026-06-27 00:06:26
1622564511,True,1,1,0,2026-06-26 19:58:29,2026-06-26 19:58:30
1622564512,True,1,1,0,2026-06-26 19:55:49,2026-06-26 19:55:50
1622571062,True,1,1,0,2026-06-30 14:18:26,2026-06-30 14:18:27
1622572330,True,1,1,0,2026-06-27 00:06:41,2026-06-27 00:06:42
1622572331,True,1,1,0,2026-06-27 00:07:04,2026-06-27 00:07:05
1622572344,True,1,1,0,2026-06-29 13:28:15,2026-06-29 13:28:16
1622572382,True,1,1,0,2026-06-30 14:19:03,2026-06-30 14:19:04
1622572999,True,1,1,0,2026-06-27 00:07:22,2026-06-27 00:07:23
1622578502,True,1,1,0,2026-06-30 14:19:51,2026-06-30 14:19:52
1622579591,True,1,1,0,2026-06-27 00:07:35,2026-06-27 00:07:36
1622626398,True,1,1,0,2026-06-30 14:20:25,2026-06-30 14:20:26
1622820015,True,1,1,0,2026-06-26 20:00:09,2026-06-26 20:00:10
1622825248,True,1,1,0,2026-06-27 00:09:10,2026-06-27 00:09:11
1622825261,True,1,1,0,2026-06-30 14:20:58,2026-06-30 14:20:59
1622825359,True,1,1,0,2026-06-29 13:28:42,2026-06-29 13:28:43
1622846016,True,1,1,0,2026-06-30 14:52:50,2026-06-30 14:52:51
1622861366,True,1,1,0,2026-06-29 13:29:35,2026-06-29 13:29:36
1622865068,True,1,1,0,2026-06-29 13:29:57,2026-06-29 13:29:57
1622865088,True,1,1,0,2026-06-30 14:21:32,2026-06-30 14:21:33
1622865102,True,1,1,0,2026-06-27 00:09:42,2026-06-27 00:09:42
1622872679,True,1,1,0,2026-06-29 13:30:42,2026-06-29 13:30:43
1622872680,True,1,1,0,2026-06-29 13:29:17,2026-06-29 13:29:18
1622872681,True,1,1,0,2026-06-29 13:30:11,2026-06-29 13:30:12
1622872763,True,1,1,0,2026-06-30 14:24:05,2026-06-30 14:24:06
1622883919,True,1,1,0,2026-06-26 20:01:03,2026-06-26 20:01:03
1622883926,True,1,1,0,2026-06-29 13:30:55,2026-06-29 13:30:56
1622883938,True,1,1,0,2026-06-27 00:10:02,2026-06-27 00:10:03
1622883982,True,1,1,0,2026-06-27 00:10:36,2026-06-27 00:10:37
1622890805,True,1,1,0,2026-06-26 20:01:24,2026-06-26 20:01:24
1622895166,True,1,1,0,2026-06-30 14:21:51,2026-06-30 14:21:52
1622934069,True,1,1,0,2026-06-26 20:01:57,2026-06-26 20:01:58
1622945707,True,1,1,0,2026-06-30 14:23:38,2026-06-30 14:23:38
1622945743,True,1,1,0,2026-06-27 00:13:11,2026-06-27 00:13:12
1622959824,True,1,1,0,2026-06-26 20:02:17,2026-06-26 20:02:18
1622959841,True,1,1,0,2026-06-29 13:31:29,2026-06-29 13:31:30
1622959886,True,1,1,0,2026-06-30 14:23:53,2026-06-30 14:23:54
1622959918,True,1,1,0,2026-06-27 00:14:06,2026-06-27 00:14:07
1622959919,True,1,1,0,2026-06-27 00:13:33,2026-06-27 00:13:34
1622963310,True,1,1,0,2026-06-26 20:02:35,2026-06-26 20:02:36
1622968202,True,1,1,0,2026-06-27 00:13:51,2026-06-27 00:13:52
1622968211,True,1,1,0,2026-06-29 13:31:51,2026-06-29 13:31:52
1622968249,True,1,1,0,2026-06-30 14:24:21,2026-06-30 14:24:22
1622971956,True,1,1,0,2026-06-30 14:25:14,2026-06-30 14:25:15
1622973039,True,1,1,0,2026-06-27 00:14:26,2026-06-27 00:14:27
1622973040,True,1,1,0,2026-06-26 20:02:52,2026-06-26 20:02:53
1622978206,True,1,1,0,2026-06-30 14:24:36,2026-06-30 14:24:36
1623016928,True,1,1,0,2026-06-26 20:03:28,2026-06-26 20:03:30
1623026170,True,1,1,0,2026-06-26 20:03:42,2026-06-26 20:03:43
1623234545,True,1,1,0,2026-06-30 14:25:58,2026-06-30 14:25:59
1623235780,True,1,1,0,2026-06-29 13:32:41,2026-06-29 13:32:42
1623269474,True,1,1,0,2026-06-30 14:26:40,2026-06-30 14:26:41
1623269519,True,1,1,0,2026-06-29 19:22:12,2026-06-29 19:22:13
1623269520,True,1,1,0,2026-06-29 19:20:56,2026-06-29 19:20:57
1623269521,True,1,1,0,2026-06-29 19:22:31,2026-06-29 19:22:32
1623277593,True,1,1,0,2026-06-30 14:27:16,2026-06-30 14:27:17
1623286356,True,1,1,0,2026-06-29 19:21:44,2026-06-29 19:21:45
1623286357,True,1,1,0,2026-06-29 19:21:23,2026-06-29 19:21:24
1623286433,True,1,1,0,2026-06-29 19:22:56,2026-06-29 19:22:57
1623293984,True,1,1,0,2026-06-30 14:28:38,2026-06-30 14:28:39
1623307612,True,1,1,0,2026-06-30 14:27:30,2026-06-30 14:27:31
1623356570,True,1,1,0,2026-06-30 14:28:14,2026-06-30 14:28:15
1623373842,True,1,1,0,2026-06-26 20:07:48,2026-06-26 20:07:49
1623373843,True,1,1,0,2026-06-26 20:08:07,2026-06-26 20:08:08
1623373844,True,1,1,0,2026-06-27 00:16:16,2026-06-27 00:16:17
1623373845,True,1,1,0,2026-06-27 00:17:46,2026-06-27 00:17:47
1623373846,True,1,1,0,2026-06-26 20:05:44,2026-06-26 20:05:45
1623382574,True,1,1,0,2026-06-27 00:17:24,2026-06-27 00:17:25
1623382575,True,1,1,0,2026-06-26 20:08:50,2026-06-26 20:08:51
1623382576,True,1,1,0,2026-06-26 20:04:11,2026-06-26 20:04:12
1623382577,True,1,1,0,2026-06-27 00:14:58,2026-06-27 00:14:59
1623382578,True,1,1,0,2026-06-27 00:18:10,2026-06-27 00:18:11
1623382579,True,1,1,0,2026-06-26 20:07:31,2026-06-26 20:07:32
1623382580,True,1,1,0,2026-06-26 20:10:25,2026-06-26 20:10:26
1623382901,True,1,1,0,2026-06-27 00:16:33,2026-06-27 00:16:34
1623382902,True,1,1,0,2026-06-26 20:04:51,2026-06-26 20:04:52
1623382903,True,1,1,0,2026-06-27 00:18:23,2026-06-27 00:18:24
1623382904,True,1,1,0,2026-06-27 00:16:00,2026-06-27 00:16:01
1623382906,True,1,1,0,2026-06-26 20:09:37,2026-06-26 20:09:38
1623382907,True,1,1,0,2026-06-27 00:15:16,2026-06-27 00:15:17
1623382908,True,1,1,0,2026-06-26 20:05:15,2026-06-26 20:05:16
1623382920,True,1,1,0,2026-06-29 19:23:48,2026-06-29 19:23:49
1623385133,True,1,1,0,2026-06-30 14:27:00,2026-06-30 14:27:01
1623389840,True,1,1,0,2026-06-29 19:24:06,2026-06-29 19:24:07
1623394774,True,1,1,0,2026-06-30 14:28:51,2026-06-30 14:28:51
1623396192,True,1,1,0,2026-06-30 14:29:02,2026-06-30 14:29:03
1623441829,True,1,1,0,2026-06-30 14:29:34,2026-06-30 14:29:35
1623533101,True,1,1,0,2026-06-26 20:11:53,2026-06-26 20:11:54
1623660037,True,1,1,0,2026-06-27 00:19:00,2026-06-27 00:19:01
1623660038,True,1,1,0,2026-06-26 20:12:29,2026-06-26 20:12:30
1623660043,True,1,1,0,2026-06-30 14:30:46,2026-06-30 14:30:47
1623687827,True,1,1,0,2026-06-30 14:31:24,2026-06-30 14:31:25
1623687903,True,1,1,0,2026-06-27 00:19:59,2026-06-27 00:20:00
1623698429,True,1,1,0,2026-06-26 20:13:03,2026-06-26 20:13:04
1623698441,True,1,1,0,2026-06-29 19:26:04,2026-06-29 19:26:05
1623698442,True,1,1,0,2026-06-29 19:27:39,2026-06-29 19:27:40
1623698443,True,1,1,0,2026-06-29 19:26:20,2026-06-29 19:26:21
1623703037,True,1,1,0,2026-06-29 19:26:48,2026-06-29 19:26:49
1623703066,True,1,1,0,2026-06-30 14:31:37,2026-06-30 14:31:38
1623723139,True,1,1,0,2026-06-30 14:31:53,2026-06-30 14:31:54
1623734220,True,1,1,0,2026-06-26 20:13:24,2026-06-26 20:13:25
1623734236,True,1,1,0,2026-06-29 19:48:03,2026-06-29 19:48:04
1623734257,True,1,1,0,2026-06-27 00:20:17,2026-06-27 00:20:18
1623734311,True,1,1,0,2026-06-26 20:13:40,2026-06-26 20:13:41
1623745386,True,1,1,0,2026-06-27 00:20:40,2026-06-27 00:20:40
1623745549,True,1,1,0,2026-06-30 14:32:22,2026-06-30 14:32:23
1623770930,True,1,1,0,2026-06-26 20:14:32,2026-06-26 20:14:33
1623793861,True,1,1,0,2026-06-30 14:33:16,2026-06-30 14:33:17
1623793904,True,1,1,0,2026-06-27 00:21:27,2026-06-27 00:21:28
1623793918,True,1,1,0,2026-06-29 19:48:42,2026-06-29 19:48:43
1623794020,True,1,1,0,2026-06-26 20:14:50,2026-06-26 20:14:51
1623808055,True,1,1,0,2026-06-27 00:21:41,2026-06-27 00:21:42
1623808056,True,1,1,0,2026-06-27 00:22:11,2026-06-27 00:22:12
1623808064,True,1,1,0,2026-06-29 19:49:06,2026-06-29 19:49:07
1623808648,True,1,1,0,2026-06-30 14:33:34,2026-06-30 14:33:35
1623808696,True,1,1,0,2026-06-27 00:21:54,2026-06-27 00:21:55
1623817104,True,1,1,0,2026-06-29 19:49:26,2026-06-29 19:49:27
1623817134,True,1,1,0,2026-06-26 20:15:06,2026-06-26 20:15:07
1623817159,True,1,1,0,2026-06-30 14:33:46,2026-06-30 14:33:47
1623826380,True,1,1,0,2026-06-27 00:22:27,2026-06-27 00:22:28
1623826381,True,1,1,0,2026-06-26 20:15:21,2026-06-26 20:15:22
1623830358,True,1,1,0,2026-06-30 14:34:06,2026-06-30 14:34:07
1623869317,True,1,1,0,2026-06-26 20:15:59,2026-06-26 20:16:00
1623874427,True,1,1,0,2026-06-30 14:34:38,2026-06-30 14:34:39
1623875463,True,1,1,0,2026-06-26 20:16:17,2026-06-26 20:16:18
1624075377,True,1,1,0,2026-06-29 19:50:01,2026-06-29 19:50:02
1624088582,True,1,1,0,2026-06-27 00:23:03,2026-06-27 00:23:04
1624088587,True,1,1,0,2026-06-30 14:47:54,2026-06-30 14:47:55
1624098179,True,1,1,0,2026-06-30 14:48:50,2026-06-30 14:48:50
1624124580,True,1,1,0,2026-06-29 19:52:16,2026-06-29 19:52:17
1624124581,True,1,1,0,2026-06-29 19:52:00,2026-06-29 19:52:01
1624124623,True,1,1,0,2026-06-27 00:24:07,2026-06-27 00:24:08
1624128182,True,1,1,0,2026-06-29 19:51:26,2026-06-29 19:51:28
1624128183,True,1,1,0,2026-06-29 19:50:58,2026-06-29 19:50:59
1624128271,True,1,1,0,2026-06-29 19:52:33,2026-06-29 19:52:34
1624128272,True,1,1,0,2026-06-30 14:49:18,2026-06-30 14:49:19
1624160600,True,1,1,0,2026-06-27 00:25:13,2026-06-27 00:25:14
1624176692,True,1,1,0,2026-06-27 00:25:30,2026-06-27 00:25:31
1624176693,True,1,1,0,2026-06-30 14:49:32,2026-06-30 14:49:33
1624212254,True,1,1,0,2026-06-30 14:50:19,2026-06-30 14:50:19
1624220204,True,1,1,0,2026-06-26 20:20:10,2026-06-26 20:20:11
1624220207,True,1,1,0,2026-06-26 20:17:33,2026-06-26 20:17:35
1624220208,True,1,1,0,2026-06-26 20:18:15,2026-06-26 20:18:16
1624221174,True,1,1,0,2026-06-27 00:26:44,2026-06-27 00:26:44
1624221175,True,1,1,0,2026-06-26 20:20:45,2026-06-26 20:20:46
1624221177,True,1,1,0,2026-06-26 20:17:58,2026-06-26 20:17:59
1624221178,True,1,1,0,2026-06-26 20:21:01,2026-06-26 20:21:02
1624221186,True,1,1,0,2026-06-26 20:19:05,2026-06-26 20:19:06
1624226948,True,1,1,0,2026-06-26 20:19:18,2026-06-26 20:19:19
1624226950,True,1,1,0,2026-06-26 20:16:43,2026-06-26 20:16:44
1624226958,True,1,1,0,2026-06-26 20:19:34,2026-06-26 20:19:35
1624226963,True,1,1,0,2026-06-29 19:53:28,2026-06-29 19:53:29
1624234442,True,1,1,0,2026-06-27 00:27:27,2026-06-27 00:27:28
1624234443,True,1,1,0,2026-06-27 00:27:05,2026-06-27 00:27:06
1624237802,True,1,1,0,2026-06-30 14:50:36,2026-06-30 14:50:37
1624237919,True,1,1,0,2026-06-27 00:27:44,2026-06-27 00:27:45
1624237934,True,1,1,0,2026-06-29 19:53:46,2026-06-29 19:53:47
1624242933,True,1,1,0,2026-06-30 14:50:50,2026-06-30 14:50:50
1624243528,True,1,1,0,2026-06-30 14:49:05,2026-06-30 14:49:06
1624243611,True,1,1,0,2026-06-30 14:51:41,2026-06-30 14:51:42
1624243783,True,1,1,0,2026-06-29 19:54:31,2026-06-29 19:54:32
1624243826,True,1,1,0,2026-06-27 00:28:02,2026-06-27 00:28:03
1624297253,True,1,1,0,2026-06-30 14:52:17,2026-06-30 14:52:18
1624503297,True,1,1,0,2026-06-29 19:55:26,2026-06-29 19:55:27
1624503303,True,1,1,0,2026-06-27 00:28:42,2026-06-27 00:28:42
1624503321,True,1,1,0,2026-06-30 14:54:14,2026-06-30 14:54:15
1624530630,True,1,1,0,2026-06-30 14:55:42,2026-06-30 14:55:43
1624530657,True,1,1,0,2026-06-29 19:56:13,2026-06-29 19:56:14
1624530659,True,1,1,0,2026-06-29 19:57:27,2026-06-29 19:57:28
1624535737,True,1,1,0,2026-06-29 19:58:17,2026-06-29 19:58:18
1624540612,True,1,1,0,2026-06-29 19:58:29,2026-06-29 19:58:30
1624540615,True,1,1,0,2026-06-29 19:55:55,2026-06-29 19:55:56
1624540641,True,1,1,0,2026-06-30 14:54:27,2026-06-30 14:54:28
1624540660,True,1,1,0,2026-06-27 00:29:16,2026-06-27 00:29:18
1624573499,True,1,1,0,2026-06-30 14:54:39,2026-06-30 14:54:40
1624573500,True,1,1,0,2026-06-29 19:58:47,2026-06-29 19:58:49
1624579728,True,1,1,0,2026-06-27 00:29:36,2026-06-27 00:29:37
1624579777,True,1,1,0,2026-06-30 14:53:39,2026-06-30 14:53:39
1624589834,True,1,1,0,2026-06-27 00:29:54,2026-06-27 00:29:55
1624644734,True,1,1,0,2026-06-30 14:55:28,2026-06-30 14:55:29
1624664967,True,1,1,0,2026-06-26 20:27:54,2026-06-26 20:27:55
1624664977,True,1,1,0,2026-06-26 20:26:40,2026-06-26 20:26:41
1624665243,True,1,1,0,2026-06-26 20:21:44,2026-06-26 20:21:45
1624665244,True,1,1,0,2026-06-26 20:22:27,2026-06-26 20:22:28
1624665252,True,1,1,0,2026-06-26 20:23:11,2026-06-26 20:23:12
1624670386,True,1,1,0,2026-06-26 20:26:23,2026-06-26 20:26:24
1624670387,True,1,1,0,2026-06-26 20:24:01,2026-06-26 20:24:02
1624670388,True,1,1,0,2026-06-27 00:30:44,2026-06-27 00:30:45
1624670399,True,1,1,0,2026-06-26 20:27:02,2026-06-26 20:27:03
1624670400,True,1,1,0,2026-06-26 20:25:56,2026-06-26 20:25:57
1624670401,True,1,1,0,2026-06-26 20:22:53,2026-06-26 20:22:54
1624670411,True,1,1,0,2026-06-29 20:06:34,2026-06-29 20:06:35
1624679991,True,1,1,0,2026-06-30 14:54:53,2026-06-30 14:54:54
1624683069,True,1,1,0,2026-06-27 00:31:27,2026-06-27 00:31:28
1624683077,True,1,1,0,2026-06-29 20:06:48,2026-06-29 20:06:49
1624683088,True,1,1,0,2026-06-30 14:55:58,2026-06-30 14:55:59
1624683408,True,1,1,0,2026-06-27 00:31:13,2026-06-27 00:31:14
1624688048,True,1,1,0,2026-06-27 00:31:00,2026-06-27 00:31:01
1624701046,True,1,1,0,2026-06-30 14:56:13,2026-06-30 14:56:14
1624703256,True,1,1,0,2026-06-27 00:32:43,2026-06-27 00:32:44
1624742944,True,1,1,0,2026-06-30 14:56:40,2026-06-30 14:56:41
1624979573,True,1,1,0,2026-06-30 14:57:07,2026-06-30 14:57:08
1624979762,True,1,1,0,2026-06-29 20:07:18,2026-06-29 20:07:19
1625019034,True,1,1,0,2026-06-30 14:57:39,2026-06-30 14:57:40
1625049669,True,1,1,0,2026-06-29 20:08:31,2026-06-29 20:08:32
1625049670,True,1,1,0,2026-06-29 20:07:47,2026-06-29 20:07:48
1625049696,True,1,1,0,2026-06-30 14:57:52,2026-06-30 14:57:53
1625049745,True,1,1,0,2026-06-30 14:58:06,2026-06-30 14:58:07
1625049746,True,1,1,0,2026-06-29 20:08:46,2026-06-29 20:08:47
1625051926,True,1,1,0,2026-06-29 20:08:04,2026-06-29 20:08:05
1625051927,True,1,1,0,2026-06-29 20:08:18,2026-06-29 20:08:19
1625080323,True,1,1,0,2026-06-30 14:58:18,2026-06-30 14:58:19
1625124894,True,1,1,0,2026-06-26 20:28:52,2026-06-26 20:28:53
1625124896,True,1,1,0,2026-06-26 20:31:40,2026-06-26 20:31:41
1625124897,True,1,1,0,2026-06-26 20:30:15,2026-06-26 20:30:16
1625124898,True,1,1,0,2026-06-27 00:34:03,2026-06-27 00:34:03
1625136566,True,1,1,0,2026-06-27 00:34:16,2026-06-27 00:34:17
1625136567,True,1,1,0,2026-06-27 00:33:15,2026-06-27 00:33:16
1625136568,True,1,1,0,2026-06-27 00:33:50,2026-06-27 00:33:50
1625136569,True,1,1,0,2026-06-26 20:29:30,2026-06-26 20:29:31
1625154997,True,1,1,0,2026-06-26 20:31:18,2026-06-26 20:31:19
1625155116,True,1,1,0,2026-06-29 20:16:29,2026-06-29 20:16:30
1625155378,True,1,1,0,2026-06-30 14:59:11,2026-06-30 14:59:12
1625155428,True,1,1,0,2026-06-26 20:31:58,2026-06-26 20:31:59
1625155430,True,1,1,0,2026-06-27 00:34:46,2026-06-27 00:34:47
1625172864,True,1,1,0,2026-06-30 14:59:24,2026-06-30 14:59:25
1625172886,False,4,0,4,2026-06-27 00:49:19,2026-06-27 00:51:03
1625172893,True,1,1,0,2026-06-27 00:35:23,2026-06-27 00:35:24
1625172903,True,1,1,0,2026-06-29 20:16:41,2026-06-29 20:16:42
1625178865,True,1,1,0,2026-06-27 00:35:08,2026-06-27 00:35:09
1625185167,True,1,1,0,2026-06-26 20:32:18,2026-06-26 20:32:19
1625186277,True,1,1,0,2026-06-26 20:29:49,2026-06-26 20:29:50
1625186292,True,1,1,0,2026-06-30 14:59:43,2026-06-30 14:59:44
1625186339,True,1,1,0,2026-06-29 20:16:54,2026-06-29 20:16:55
1625186621,True,1,1,0,2026-06-26 20:32:35,2026-06-26 20:32:36
1625198063,True,1,1,0,2026-06-30 15:00:01,2026-06-30 15:00:02
1625201618,True,1,1,0,2026-06-27 00:35:48,2026-06-27 00:35:49
1625249125,True,1,1,0,2026-06-26 20:33:10,2026-06-26 20:33:11
1625249130,True,1,1,0,2026-06-30 15:00:36,2026-06-30 15:00:37
1625486888,True,1,1,0,2026-06-26 20:33:44,2026-06-26 20:33:45
1625518163,True,1,1,0,2026-06-26 20:39:11,2026-06-26 20:39:12
1625518247,True,1,1,0,2026-06-29 20:17:42,2026-06-29 20:17:43
1625518267,True,1,1,0,2026-06-30 15:01:24,2026-06-30 15:01:25
1625550020,True,1,1,0,2026-06-30 15:01:57,2026-06-30 15:01:58
1625550055,True,1,1,0,2026-06-29 20:19:36,2026-06-29 20:19:37
1625550056,True,1,1,0,2026-06-29 20:20:03,2026-06-29 20:20:04
1625552963,True,1,1,0,2026-06-26 20:40:29,2026-06-26 20:40:29
1625552982,True,1,1,0,2026-06-29 20:19:50,2026-06-29 20:19:51
1625552983,True,1,1,0,2026-06-29 20:19:23,2026-06-29 20:19:25
1625553024,True,1,1,0,2026-06-27 00:36:54,2026-06-27 00:36:55
1625556232,True,1,1,0,2026-06-27 00:36:20,2026-06-27 00:36:22
1625587679,True,1,1,0,2026-06-30 15:02:15,2026-06-30 15:02:15
1625597331,True,1,1,0,2026-06-26 20:40:46,2026-06-26 20:40:47
1625597380,True,1,1,0,2026-06-27 00:37:11,2026-06-27 00:37:12
1625597840,True,1,1,0,2026-06-30 15:02:47,2026-06-30 15:02:48
1625597841,True,1,1,0,2026-06-30 15:02:31,2026-06-30 15:02:31
1625610785,True,1,1,0,2026-06-29 20:20:15,2026-06-29 20:20:17
1625618045,True,1,1,0,2026-06-26 20:41:13,2026-06-26 20:41:14
1625618051,True,1,1,0,2026-06-27 00:37:25,2026-06-27 00:37:26
1625618161,True,1,1,0,2026-06-30 15:03:34,2026-06-30 15:03:35
1625656530,True,1,1,0,2026-06-26 20:43:45,2026-06-26 20:43:45
1625674730,True,1,1,0,2026-06-30 15:04:14,2026-06-30 15:04:15
1625674778,True,2,2,0,2026-06-26 20:45:09,2026-06-26 20:49:16
1625674779,True,1,1,0,2026-06-26 20:49:43,2026-06-26 20:49:44
1625674804,True,1,1,0,2026-06-29 20:34:47,2026-06-29 20:34:48
1625690375,True,1,1,0,2026-06-27 00:38:00,2026-06-27 00:38:01
1625690449,True,1,1,0,2026-06-30 15:04:26,2026-06-30 15:04:27
1625693959,True,1,1,0,2026-06-29 20:35:05,2026-06-29 20:35:06
1625696348,True,1,1,0,2026-06-27 00:38:33,2026-06-27 00:38:34
1625696349,True,1,1,0,2026-06-27 00:38:51,2026-06-27 00:38:52
1625701197,True,1,1,0,2026-06-27 00:38:15,2026-06-27 00:38:16
1625701266,True,1,1,0,2026-06-30 15:04:40,2026-06-30 15:04:41
1625705667,True,1,1,0,2026-06-26 20:50:01,2026-06-26 20:50:03
1625711738,True,1,1,0,2026-06-29 20:36:24,2026-06-29 20:36:25
1625711769,True,1,1,0,2026-06-27 00:39:05,2026-06-27 00:39:06
1625715053,True,1,1,0,2026-06-26 20:50:21,2026-06-26 20:50:22
1625715062,True,1,1,0,2026-06-30 15:04:52,2026-06-30 15:04:52
1626173970,True,1,1,0,2026-06-26 20:51:23,2026-06-26 20:51:24
1626173971,True,1,1,0,2026-06-26 20:58:09,2026-06-26 20:58:11
1626177374,True,1,1,0,2026-06-26 20:51:56,2026-06-26 20:51:57
1626177375,True,1,1,0,2026-06-26 20:55:15,2026-06-26 20:55:16
1626177376,True,4,4,0,2026-06-26 20:55:38,2026-06-26 20:55:58
1626177377,True,1,1,0,2026-06-26 21:00:00,2026-06-26 21:00:01
1626177378,True,1,1,0,2026-06-27 00:40:33,2026-06-27 00:40:34
1626177379,True,1,1,0,2026-06-27 00:42:10,2026-06-27 00:42:11
1626177383,True,1,1,0,2026-06-29 20:39:01,2026-06-29 20:39:02
1626177384,True,1,1,0,2026-06-29 20:38:04,2026-06-29 20:38:06
1626177385,True,1,1,0,2026-06-29 20:38:24,2026-06-29 20:38:25
1626177386,True,1,1,0,2026-06-29 20:38:48,2026-06-29 20:38:49
1626177387,True,1,1,0,2026-06-29 20:40:36,2026-06-29 20:40:37
1626180284,True,1,1,0,2026-06-26 20:52:48,2026-06-26 20:52:49
1626180285,True,1,1,0,2026-06-26 20:57:30,2026-06-26 20:57:31
1626180286,True,1,1,0,2026-06-27 00:39:35,2026-06-27 00:39:36
1626180287,True,1,1,0,2026-06-27 00:41:08,2026-06-27 00:41:09
1626180288,True,1,1,0,2026-06-27 00:41:25,2026-06-27 00:41:26
1626180289,True,1,1,0,2026-06-27 00:41:55,2026-06-27 00:41:56
1626180290,True,1,1,0,2026-06-29 20:40:49,2026-06-29 20:40:51
1626180291,True,1,1,0,2026-06-29 20:39:19,2026-06-29 20:39:20
1626180292,True,1,1,0,2026-06-29 20:40:05,2026-06-29 20:40:06
1626180336,True,1,1,0,2026-06-30 15:06:17,2026-06-30 15:06:19
1626186202,True,1,1,0,2026-06-26 20:58:29,2026-06-26 20:58:30
1626186203,True,1,1,0,2026-06-26 20:59:42,2026-06-26 20:59:43
1626186204,True,1,1,0,2026-06-27 00:40:13,2026-06-27 00:40:14
1626186205,True,1,1,0,2026-06-27 00:39:56,2026-06-27 00:39:57
1626186206,True,1,1,0,2026-06-27 00:41:42,2026-06-27 00:41:43
1626186209,True,1,1,0,2026-06-29 20:39:43,2026-06-29 20:39:44
1626186254,True,1,1,0,2026-06-30 15:08:46,2026-06-30 15:08:47
1626186255,True,1,1,0,2026-06-30 15:08:15,2026-06-30 15:08:16
1626186256,True,1,1,0,2026-06-30 15:07:45,2026-06-30 15:07:46
1626186257,True,1,1,0,2026-06-30 15:08:04,2026-06-30 15:08:05
1626186258,True,1,1,0,2026-06-30 15:05:39,2026-06-30 15:05:40
1626195023,True,1,1,0,2026-06-30 15:06:33,2026-06-30 15:06:34
1626195024,True,1,1,0,2026-06-30 15:06:47,2026-06-30 15:06:48
1626195025,True,1,1,0,2026-06-30 15:07:02,2026-06-30 15:07:03
1626195026,True,1,1,0,2026-06-30 15:07:33,2026-06-30 15:07:35
1626745158,True,1,1,0,2026-06-27 00:44:54,2026-06-27 00:44:55
1626745159,True,1,1,0,2026-06-27 00:45:26,2026-06-27 00:45:27
1626745163,True,1,1,0,2026-06-26 21:06:04,2026-06-26 21:06:05
1626745164,True,1,1,0,2026-06-30 15:10:46,2026-06-30 15:10:47
1626745165,True,1,1,0,2026-06-30 15:12:23,2026-06-30 15:12:24
1626745166,True,1,1,0,2026-06-30 15:10:04,2026-06-30 15:10:05
1626745167,True,1,1,0,2026-06-30 15:11:57,2026-06-30 15:11:58
1626759237,True,1,1,0,2026-06-27 00:44:37,2026-06-27 00:44:38
1626759238,True,1,1,0,2026-06-27 00:42:41,2026-06-27 00:42:42
1626759240,True,1,1,0,2026-06-26 21:00:36,2026-06-26 21:00:37
1626759241,True,1,1,0,2026-06-26 21:05:03,2026-06-26 21:05:04
1626759242,True,1,1,0,2026-06-26 21:01:19,2026-06-26 21:01:20
1626759243,True,1,1,0,2026-06-26 21:01:35,2026-06-26 21:01:36
1626759244,True,1,1,0,2026-06-26 21:04:47,2026-06-26 21:04:48
1626759245,True,1,1,0,2026-06-26 21:05:32,2026-06-26 21:05:33
1626759246,True,1,1,0,2026-06-30 15:10:25,2026-06-30 15:10:26
1626759247,True,1,1,0,2026-06-30 15:09:13,2026-06-30 15:09:14
1626759248,True,1,1,0,2026-06-30 15:11:19,2026-06-30 15:11:20
1626759249,True,1,1,0,2026-06-30 15:09:53,2026-06-30 15:09:54
1626759250,True,1,1,0,2026-06-29 20:42:28,2026-06-29 20:42:29
1626759251,True,1,1,0,2026-06-29 20:43:54,2026-06-29 20:43:55
1626759252,True,1,1,0,2026-06-29 20:43:26,2026-06-29 20:43:27
1626759253,True,1,1,0,2026-06-29 20:43:42,2026-06-29 20:43:43
1626759254,True,1,1,0,2026-06-29 20:42:00,2026-06-29 20:42:01
1626759347,True,1,1,0,2026-06-27 00:43:57,2026-06-27 00:43:58
1626759348,True,1,1,0,2026-06-27 00:42:57,2026-06-27 00:42:59
1626759349,True,1,1,0,2026-06-27 00:43:28,2026-06-27 00:43:28
1626759351,True,1,1,0,2026-06-26 21:02:01,2026-06-26 21:02:02
1626759352,True,1,1,0,2026-06-26 21:02:14,2026-06-26 21:02:15
1626759353,True,1,1,0,2026-06-26 21:05:19,2026-06-26 21:05:20
1626759354,True,1,1,0,2026-06-30 15:11:42,2026-06-30 15:11:43
1626759356,True,1,1,0,2026-06-30 15:11:32,2026-06-30 15:11:33
1626759357,True,1,1,0,2026-06-29 20:42:53,2026-06-29 20:42:54
1626759358,True,1,1,0,2026-06-29 20:41:48,2026-06-29 20:41:49
1626759359,True,1,1,0,2026-06-29 20:41:14,2026-06-29 20:41:15
1626759360,True,1,1,0,2026-06-29 20:42:16,2026-06-29 20:42:17
1627388873,True,1,1,0,2026-06-26 21:02:37,2026-06-26 21:02:38
1627388895,True,1,1,0,2026-06-29 20:44:18,2026-06-29 20:44:19
1627388902,True,1,1,0,2026-06-26 21:02:19,2026-06-26 21:02:20
1627445498,True,1,1,0,2026-06-27 00:45:55,2026-06-27 00:45:56
1627454421,True,1,1,0,2026-06-26 21:01:37,2026-06-26 21:01:38
1627492883,True,1,1,0,2026-06-29 20:45:16,2026-06-29 20:45:17
1627492885,True,1,1,0,2026-06-29 20:45:31,2026-06-29 20:45:32
1627492931,True,1,1,0,2026-06-27 00:46:24,2026-06-27 00:46:25
1627492992,True,1,1,0,2026-06-29 20:45:03,2026-06-29 20:45:04
1627492994,True,1,1,0,2026-06-29 20:45:46,2026-06-29 20:45:47
1627493068,True,1,1,0,2026-06-26 21:01:23,2026-06-26 21:01:24
1627505746,True,1,1,0,2026-06-27 00:46:39,2026-06-27 00:46:40
1627512294,True,1,1,0,2026-06-29 20:46:00,2026-06-29 20:46:02
1627512424,True,1,1,0,2026-06-26 21:01:04,2026-06-26 21:01:05
1627546452,True,1,1,0,2026-06-27 00:46:53,2026-06-27 00:46:54
1627602308,True,1,1,0,2026-06-26 21:00:08,2026-06-26 21:00:09
1627611943,True,1,1,0,2026-06-27 00:47:23,2026-06-27 00:47:24
1627616722,True,1,1,0,2026-06-26 20:59:50,2026-06-26 20:59:51
1627628303,True,1,1,0,2026-06-29 20:47:03,2026-06-29 20:47:04
1627635331,True,1,1,0,2026-06-27 00:47:54,2026-06-27 00:47:55
1627644567,True,1,1,0,2026-06-27 00:48:27,2026-06-27 00:48:28
1627644590,True,1,1,0,2026-06-26 20:59:28,2026-06-26 20:59:29
1627644744,True,1,1,0,2026-06-27 00:48:10,2026-06-27 00:48:11
1627644859,True,1,1,0,2026-06-29 20:47:14,2026-06-29 20:47:15
1627649182,True,1,1,0,2026-06-29 20:47:29,2026-06-29 20:47:30
1627652169,True,1,1,0,2026-06-26 20:58:59,2026-06-26 20:58:59
1627655852,True,1,1,0,2026-06-27 00:48:43,2026-06-27 00:48:44
1627684570,True,1,1,0,2026-06-30 15:14:43,2026-06-30 15:14:44
1627684571,True,1,1,0,2026-06-30 15:15:35,2026-06-30 15:15:36
1627684572,True,1,1,0,2026-06-30 15:14:13,2026-06-30 15:14:14
1627684573,True,1,1,0,2026-06-30 15:13:10,2026-06-30 15:13:11
1627688035,True,1,1,0,2026-06-30 15:15:49,2026-06-30 15:15:50
1627688036,True,1,1,0,2026-06-30 15:14:31,2026-06-30 15:14:32
1627688037,True,1,1,0,2026-06-30 15:12:57,2026-06-30 15:12:58
1627688038,True,1,1,0,2026-06-30 15:13:34,2026-06-30 15:13:34
1627688039,True,1,1,0,2026-06-30 15:15:22,2026-06-30 15:15:23
1627688040,True,1,1,0,2026-06-30 15:13:23,2026-06-30 15:13:24
1627730477,True,1,1,0,2026-06-26 20:58:08,2026-06-26 20:58:09
1628028171,True,1,1,0,2026-06-26 20:57:42,2026-06-26 20:57:43
1628028174,True,1,1,0,2026-06-30 15:16:22,2026-06-30 15:16:23
1628029774,True,1,1,0,2026-06-27 00:52:22,2026-06-27 00:52:23
1628050807,True,1,1,0,2026-06-29 21:00:57,2026-06-29 21:00:59
1628050809,True,1,1,0,2026-06-29 20:59:30,2026-06-29 20:59:31
1628052363,True,1,1,0,2026-06-29 20:58:34,2026-06-29 20:58:35
1628070643,True,1,1,0,2026-06-27 00:52:58,2026-06-27 00:52:59
1628070655,True,1,1,0,2026-06-29 20:59:00,2026-06-29 20:59:01
1628071740,True,1,1,0,2026-06-30 15:17:04,2026-06-30 15:17:05
1628071764,True,1,1,0,2026-06-26 20:56:40,2026-06-26 20:56:41
1628071772,True,1,1,0,2026-06-29 20:58:47,2026-06-29 20:58:48
1628101243,True,1,1,0,2026-06-29 20:59:18,2026-06-29 20:59:19
1628101271,True,1,1,0,2026-06-30 15:17:17,2026-06-30 15:17:18
1628101311,True,1,1,0,2026-06-26 20:55:06,2026-06-26 20:55:07
1628101316,True,1,1,0,2026-06-29 20:59:43,2026-06-29 20:59:44
1628105538,True,1,1,0,2026-06-30 15:17:28,2026-06-30 15:17:29
1628105557,True,1,1,0,2026-06-27 00:53:22,2026-06-27 00:53:23
1628132089,True,1,1,0,2026-06-26 20:54:49,2026-06-26 20:54:49
1628132094,True,1,1,0,2026-06-30 15:17:41,2026-06-30 15:17:41
1628136532,True,1,1,0,2026-06-27 00:53:35,2026-06-27 00:53:36
1628222115,True,1,1,0,2026-06-30 15:18:11,2026-06-30 15:18:12
1628222134,True,1,1,0,2026-06-26 20:53:18,2026-06-26 20:53:19
1628222233,True,1,1,0,2026-06-27 00:54:12,2026-06-27 00:54:13
1628225155,True,1,1,0,2026-06-26 20:52:54,2026-06-26 20:52:55
1628238969,True,1,1,0,2026-06-29 21:00:11,2026-06-29 21:00:13
1628244347,True,1,1,0,2026-06-30 15:18:25,2026-06-30 15:18:26
1628250327,True,1,1,0,2026-06-27 00:55:12,2026-06-27 00:55:13
1628250374,True,1,1,0,2026-06-30 15:18:40,2026-06-30 15:18:41
1628252429,True,1,1,0,2026-06-27 00:54:52,2026-06-27 00:54:53
1628252455,True,1,1,0,2026-06-26 20:52:34,2026-06-26 20:52:35
1628252532,True,1,1,0,2026-06-27 00:55:28,2026-06-27 00:55:29
1628261513,True,1,1,0,2026-06-30 15:19:11,2026-06-30 15:19:12
1628262500,True,1,1,0,2026-06-27 00:57:50,2026-06-27 00:57:51
1628262501,True,1,1,0,2026-06-26 20:52:11,2026-06-26 20:52:12
1628304824,True,1,1,0,2026-06-26 20:50:56,2026-06-26 20:50:57
1628305870,True,1,1,0,2026-06-26 20:51:15,2026-06-26 20:51:16
1628305871,True,1,1,0,2026-06-30 15:19:43,2026-06-30 15:19:44
1628598134,True,1,1,0,2026-06-30 15:20:13,2026-06-30 15:20:14
1628638391,True,1,1,0,2026-06-27 00:59:07,2026-06-27 00:59:08
1628638472,True,1,1,0,2026-06-29 21:03:36,2026-06-29 21:03:37
1628640515,True,1,1,0,2026-06-29 21:02:44,2026-06-29 21:02:45
1628640516,True,1,1,0,2026-06-29 21:02:59,2026-06-29 21:03:00
1628649296,True,1,1,0,2026-06-30 15:20:44,2026-06-30 15:20:45
1628669051,True,1,1,0,2026-06-29 21:03:51,2026-06-29 21:03:52
1628669052,True,1,1,0,2026-06-29 21:03:20,2026-06-29 21:03:21
1628669142,True,1,1,0,2026-06-29 21:04:03,2026-06-29 21:04:04
1628674706,True,1,1,0,2026-06-27 01:00:12,2026-06-27 01:00:13
1628681778,True,1,1,0,2026-06-30 15:20:56,2026-06-30 15:20:57
1628681843,True,1,1,0,2026-06-30 15:21:08,2026-06-30 15:21:09
1628681863,True,1,1,0,2026-06-27 01:00:29,2026-06-27 01:00:30
1628695953,True,1,1,0,2026-06-30 15:21:20,2026-06-30 15:21:20
1628695954,True,1,1,0,2026-06-27 01:00:47,2026-06-27 01:00:48
1628775690,True,1,1,0,2026-06-30 15:21:54,2026-06-30 15:21:55
1628786088,True,2,2,0,2026-06-26 20:50:00,2026-06-26 20:51:26
1628786090,True,1,1,0,2026-06-26 19:22:05,2026-06-26 19:22:06
1628786091,True,1,1,0,2026-06-26 19:27:24,2026-06-26 19:27:25
1628786092,True,1,1,0,2026-06-26 19:23:11,2026-06-26 19:23:12
1628786093,True,1,1,0,2026-06-26 19:20:09,2026-06-26 19:20:10
1628786095,True,1,1,0,2026-06-26 19:20:33,2026-06-26 19:20:34
1628786106,True,1,1,0,2026-06-29 21:04:30,2026-06-29 21:04:31
1628790352,True,1,1,0,2026-06-26 19:21:14,2026-06-26 19:21:15
1628790353,True,1,1,0,2026-06-26 19:27:04,2026-06-26 19:27:04
1628790355,True,1,1,0,2026-06-26 19:26:43,2026-06-26 19:26:44
1628790356,True,1,1,0,2026-06-27 01:01:29,2026-06-27 01:01:30
1628791444,True,1,1,0,2026-06-26 19:22:38,2026-06-26 19:22:40
1628801509,True,1,1,0,2026-06-27 01:01:46,2026-06-27 01:01:47
1628801510,True,1,1,0,2026-06-27 01:01:59,2026-06-27 01:02:00
1628801527,True,1,1,0,2026-06-30 15:22:10,2026-06-30 15:22:11
1628804882,True,1,1,0,2026-06-27 01:02:18,2026-06-27 01:02:19
1628804899,True,1,1,0,2026-06-29 21:04:46,2026-06-29 21:04:47
1628806124,True,1,1,0,2026-06-27 01:02:31,2026-06-27 01:02:32
1628810107,True,1,1,0,2026-06-30 15:22:25,2026-06-30 15:22:26
1628810148,True,1,1,0,2026-06-29 21:05:11,2026-06-29 21:05:13
1628810297,True,1,1,0,2026-06-30 15:22:36,2026-06-30 15:22:38
1628857868,True,1,1,0,2026-06-30 15:23:09,2026-06-30 15:23:10
1629179975,True,1,1,0,2026-06-29 21:05:38,2026-06-29 21:05:39
1629184027,True,1,1,0,2026-06-27 01:03:02,2026-06-27 01:03:03
1629184031,True,1,1,0,2026-06-30 15:23:41,2026-06-30 15:23:42
1629210543,True,1,1,0,2026-06-26 19:17:25,2026-06-26 19:17:27
1629239518,True,1,1,0,2026-06-30 15:24:09,2026-06-30 15:24:10
1629239554,True,1,1,0,2026-06-29 21:07:36,2026-06-29 21:07:37
1629239555,True,1,1,0,2026-06-29 21:06:57,2026-06-29 21:06:59
1629239588,True,1,1,0,2026-06-30 15:24:21,2026-06-30 15:24:22
1629239668,True,1,1,0,2026-06-26 19:16:30,2026-06-26 19:16:31
1629239694,True,1,1,0,2026-06-29 21:07:09,2026-06-29 21:07:10
1629254554,True,1,1,0,2026-06-29 21:07:20,2026-06-29 21:07:21
1629254629,True,1,1,0,2026-06-29 21:07:48,2026-06-29 21:07:49
1629254631,True,1,1,0,2026-06-30 15:24:31,2026-06-30 15:24:32
1629271858,True,2,2,0,2026-06-26 19:16:13,2026-06-26 19:25:21
1629275019,True,1,1,0,2026-06-26 19:15:53,2026-06-26 19:15:54
1629285767,True,1,1,0,2026-06-30 15:24:43,2026-06-30 15:24:44
1629360495,True,1,1,0,2026-06-26 19:11:03,2026-06-26 19:11:04
1629375475,True,1,1,0,2026-06-30 15:26:32,2026-06-30 15:26:33
1629375502,True,1,1,0,2026-06-26 21:06:50,2026-06-26 21:06:51
1629375503,True,1,1,0,2026-06-26 19:10:03,2026-06-26 19:10:04
1629375519,True,1,1,0,2026-06-29 21:08:24,2026-06-29 21:08:25
1629385718,True,1,1,0,2026-06-26 19:10:29,2026-06-26 19:10:31
1629398945,True,1,1,0,2026-06-30 15:26:48,2026-06-30 15:26:49
1629401545,True,1,1,0,2026-06-29 21:08:42,2026-06-29 21:08:43
1629401569,True,1,1,0,2026-06-26 19:09:37,2026-06-26 19:09:38
1629405646,True,1,1,0,2026-06-30 15:27:14,2026-06-30 15:27:15
1629405693,True,1,1,0,2026-06-27 01:05:41,2026-06-27 01:05:41
1629405694,True,1,1,0,2026-06-27 01:05:01,2026-06-27 01:05:03
1629410080,True,1,1,0,2026-06-26 19:11:36,2026-06-26 19:11:37
1629410086,True,1,1,0,2026-06-30 15:27:26,2026-06-30 15:27:26
1629410087,True,1,1,0,2026-06-27 01:06:14,2026-06-27 01:06:15
1629410954,True,1,1,0,2026-06-29 21:09:01,2026-06-29 21:09:02
1629410982,True,1,1,0,2026-06-27 01:04:14,2026-06-27 01:04:15
1629410983,True,1,1,0,2026-06-27 01:04:46,2026-06-27 01:04:47
1629410985,True,1,1,0,2026-06-27 01:05:59,2026-06-27 01:06:00
1629410986,True,1,1,0,2026-06-27 01:05:14,2026-06-27 01:05:15
1629442475,True,1,1,0,2026-06-27 01:03:54,2026-06-27 01:03:55
1629442842,True,1,1,0,2026-06-30 15:27:53,2026-06-30 15:27:54
1629487127,True,1,1,0,2026-06-30 15:29:55,2026-06-30 15:29:56
1629487128,True,1,1,0,2026-06-27 01:07:43,2026-06-27 01:07:44
1629487512,True,1,1,0,2026-06-30 15:28:18,2026-06-30 15:28:19
1629487513,True,1,1,0,2026-06-30 15:28:29,2026-06-30 15:28:30
1629487514,True,1,1,0,2026-06-30 15:30:18,2026-06-30 15:30:19
1629487515,True,1,1,0,2026-06-30 15:29:19,2026-06-30 15:29:20
1629487516,True,1,1,0,2026-06-30 15:30:40,2026-06-30 15:30:41
1629495941,True,1,1,0,2026-06-30 15:28:54,2026-06-30 15:28:55
1629495942,True,1,1,0,2026-06-27 01:07:25,2026-06-27 01:07:26
1629495943,True,1,1,0,2026-06-30 15:30:30,2026-06-30 15:30:31
1629495944,True,1,1,0,2026-06-30 15:29:43,2026-06-30 15:29:44
1629495945,True,1,1,0,2026-06-30 15:29:30,2026-06-30 15:29:31
1629791966,True,1,1,0,2026-06-29 21:11:47,2026-06-29 21:11:48
1629791968,True,1,1,0,2026-06-29 21:10:53,2026-06-29 21:10:54
1629804553,True,1,1,0,2026-06-29 21:12:08,2026-06-29 21:12:09
1629804554,True,1,1,0,2026-06-29 21:10:21,2026-06-29 21:10:22
1629804555,True,1,1,0,2026-06-29 21:11:26,2026-06-29 21:11:27
1629809027,True,1,1,0,2026-06-29 21:10:05,2026-06-29 21:10:06
1629809028,True,1,1,0,2026-06-29 21:11:10,2026-06-29 21:11:12
1629809029,True,1,1,0,2026-06-29 21:10:40,2026-06-29 21:10:41
1629913913,True,1,1,0,2026-06-26 19:06:22,2026-06-26 19:06:23
1629913914,True,1,1,0,2026-06-26 19:03:10,2026-06-26 19:03:11
1629913915,True,1,1,0,2026-06-26 19:03:32,2026-06-26 19:03:33
1629916054,True,1,1,0,2026-06-26 19:01:32,2026-06-26 19:01:33
1629916055,True,1,1,0,2026-06-26 19:04:36,2026-06-26 19:04:37
1629931369,True,1,1,0,2026-06-26 19:04:03,2026-06-26 19:04:04
1629931370,True,1,1,0,2026-06-26 19:02:41,2026-06-26 19:02:42
1629931371,True,1,1,0,2026-06-26 19:05:43,2026-06-26 19:05:46
1629931372,True,1,1,0,2026-06-26 18:59:03,2026-06-26 18:59:04
1629931373,True,1,1,0,2026-06-26 19:05:12,2026-06-26 19:05:13
1629944677,True,1,1,0,2026-06-30 15:33:54,2026-06-30 15:33:55
1629944678,True,1,1,0,2026-06-30 15:31:46,2026-06-30 15:31:47
1629949431,True,1,1,0,2026-06-30 15:32:14,2026-06-30 15:32:15
1629949432,True,1,1,0,2026-06-30 15:33:21,2026-06-30 15:33:22
1629949433,True,1,1,0,2026-06-30 15:32:30,2026-06-30 15:32:31
1629949434,True,1,1,0,2026-06-30 15:33:44,2026-06-30 15:33:45
1629949435,True,1,1,0,2026-06-30 15:31:24,2026-06-30 15:31:25
1629949466,True,1,1,0,2026-06-27 01:13:01,2026-06-27 01:13:02
1629949467,True,1,1,0,2026-06-27 01:12:45,2026-06-27 01:12:46
1629949469,True,1,1,0,2026-06-27 01:12:29,2026-06-27 01:12:30
1629949470,True,1,1,0,2026-06-27 01:10:17,2026-06-27 01:10:18
1629949767,True,1,1,0,2026-06-30 15:32:01,2026-06-30 15:32:02
1629949768,True,1,1,0,2026-06-30 15:33:33,2026-06-30 15:33:34
1629949769,True,1,1,0,2026-06-30 15:33:03,2026-06-30 15:33:04
1629949805,True,1,1,0,2026-06-27 01:10:34,2026-06-27 01:10:35
1629949807,True,1,1,0,2026-06-27 01:12:09,2026-06-27 01:12:10
1629949808,True,1,1,0,2026-06-27 01:13:18,2026-06-27 01:13:19
1629949809,True,1,1,0,2026-06-27 01:11:22,2026-06-27 01:11:23
1629956870,True,1,1,0,2026-06-27 01:10:50,2026-06-27 01:10:51
1630451174,True,1,1,0,2026-06-30 15:34:50,2026-06-30 15:34:51
1630909791,True,1,1,0,2026-06-30 15:36:37,2026-06-30 15:36:38
1630909792,True,1,1,0,2026-06-30 15:35:07,2026-06-30 15:35:08
1630909793,True,1,1,0,2026-06-30 15:36:50,2026-06-30 15:36:51
1630909794,True,1,1,0,2026-06-30 15:35:37,2026-06-30 15:35:37
1630920847,True,1,1,0,2026-06-30 15:36:26,2026-06-30 15:36:27
1630920848,True,1,1,0,2026-06-30 15:35:21,2026-06-30 15:35:22
1630920849,True,1,1,0,2026-06-30 15:37:20,2026-06-30 15:37:21
1630920850,True,1,1,0,2026-06-30 15:36:13,2026-06-30 15:36:14
1630929615,True,1,1,0,2026-06-30 15:35:54,2026-06-30 15:35:55
