id_fixture,kickoff,home,away,status,error,open_dt,close_dt,home_odds_open,draw_odds_open,away_odds_open,home_odds_close,draw_odds_close,away_odds_close,closing_ah_home,ah_home_odds_open,ah_away_odds_open,ah_home_odds_close,ah_away_odds_close,closing_total_line,over_odds_open,under_odds_open,over_odds_close,under_odds_close,live_home_odds,live_draw_odds,live_away_odds,live_ah_home_odds,live_ah_away_odds,live_over_odds,live_under_odds,name_status,name_error
1574915092,14.08 22:30,Atletico Madrid,Granada CF,ok,,28.06 15:25,14.08 22:29,1.29,5.4,9.45,1.31,5.9,10.5,-1.5,1.91,1.91,1.96,1.96,3.0,2.19,1.67,2.09,1.83,1.31,5.9,10.5,1.96,1.96,2.09,1.83,ok,
1574915093,12.08 20:30,Las Palmas,Mallorca,ok,,28.06 15:25,12.08 20:19,2.73,2.93,2.88,2.64,2.93,3.32,-0.25,2.29,1.63,2.2,1.77,1.75,1.63,2.26,1.91,2.0,2.64,2.93,3.32,2.2,1.77,1.91,2.0,ok,
1574915094,12.08 22:30,Athletic Club Bilbao,Real Madrid,ok,,28.06 15:19,12.08 22:28,3.38,3.51,2.1,3.46,3.51,2.23,0.25,2.01,1.82,2.0,1.92,2.5,1.8,2.01,1.95,1.95,3.46,3.51,2.23,2.0,1.92,1.95,1.95,ok,
1574915095,13.08 18:00,Celta Vigo,Osasuna,ok,,28.06 15:20,13.08 17:59,2.12,3.2,3.68,2.19,3.2,3.96,-0.25,1.81,2.03,1.85,2.08,2.0,1.7,2.13,1.85,2.07,2.19,3.2,3.95,1.85,2.08,1.84,2.08,ok,
1574915096,12.08 18:00,Real Sociedad,Girona,ok,,28.06 15:22,12.08 17:59,1.61,4.01,5.28,1.85,3.6,4.91,-0.5,1.6,2.34,1.85,2.09,2.25,1.61,2.29,1.93,1.98,1.85,3.59,4.91,1.85,2.09,1.93,1.98,ok,
1574915097,11.08 20:30,Almeria,Rayo Vallecano,ok,,28.06 15:17,11.08 20:29,2.39,3.34,2.96,2.66,3.25,2.96,0.0,1.71,2.13,1.86,2.07,2.25,1.65,2.22,2.03,1.88,2.66,3.25,2.96,1.86,2.07,2.03,1.88,ok,
1574915098,13.08 20:30,Villarreal CF,Real Betis,ok,,28.06 15:24,13.08 20:30,1.83,3.74,4.09,1.74,4.12,4.85,-0.75,2.07,1.76,1.94,1.98,2.75,1.97,1.83,1.96,1.94,1.74,4.12,4.85,1.94,1.98,1.96,1.94,ok,
1574915099,13.08 22:30,Getafe,Barcelona,ok,,28.06 15:21,13.08 22:29,4.93,3.66,1.71,7.45,4.07,1.54,1.0,1.61,2.32,1.94,1.98,2.25,1.81,1.99,2.01,1.9,7.46,4.03,1.55,1.93,1.99,2.04,1.87,ok,
1574915100,14.08 20:30,Cadiz,Alaves,ok,,28.06 15:27,14.08 20:30,2.05,3.12,4.03,2.33,2.96,3.91,-0.25,1.73,2.11,1.95,1.97,1.75,1.64,2.24,1.89,2.02,2.33,2.96,3.91,1.95,1.97,1.89,2.02,ok,
1574915101,11.08 23:00,Sevilla,Valencia,ok,,28.06 15:24,11.08 22:57,2.08,3.29,3.69,1.94,3.46,4.58,-0.5,2.07,1.76,1.94,1.98,2.25,1.89,1.91,2.06,1.85,1.94,3.44,4.58,1.94,1.98,2.09,1.83,ok,
1575269313,19.08 19:30,Frosinone,Napoli,ok,,05.07 23:25,19.08 19:29,6.65,4.77,1.42,6.33,4.36,1.56,1.0,2.21,1.67,1.97,1.95,2.75,1.76,2.05,2.01,1.9,6.35,4.35,1.56,1.97,1.95,2.01,1.9,ok,
1575269314,19.08 19:30,Empoli,Hellas Verona FC,ok,,05.07 23:24,19.08 19:29,2.3,3.36,3.45,2.34,3.42,3.3,-0.25,1.91,1.91,2.01,1.92,2.5,2.19,1.75,2.02,1.88,2.34,3.42,3.3,2.01,1.92,2.02,1.88,ok,
1575269315,21.08 21:45,Bologna,AC Milan,ok,,05.07 23:24,21.08 21:44,3.37,3.37,2.33,3.87,3.44,2.11,0.5,1.68,2.32,1.83,2.11,2.5,2.14,1.78,2.07,1.85,3.87,3.44,2.11,1.83,2.11,2.07,1.85,ok,
1575269316,19.08 21:45,Genoa,Fiorentina,ok,,05.07 23:26,19.08 21:44,3.14,3.29,2.31,3.2,3.23,2.5,0.25,1.84,1.98,1.82,2.13,2.25,1.75,2.06,1.94,1.96,3.19,3.22,2.51,1.81,2.13,1.94,1.96,ok,
1575269317,20.08 21:45,Udinese,Juventus,ok,,05.07 23:24,20.08 21:41,4.33,3.46,1.85,4.05,3.4,2.09,0.5,1.99,1.76,1.86,2.09,2.25,1.92,1.83,1.92,1.98,4.05,3.41,2.07,1.86,2.07,1.92,1.98,ok,
1575269318,20.08 21:45,Lecce,Lazio,ok,,05.07 23:25,20.08 21:46,3.66,3.11,2.28,3.75,3.34,2.19,0.25,1.93,1.88,2.06,1.87,2.25,2.14,1.78,1.99,1.92,3.75,3.34,2.19,2.06,1.87,1.99,1.92,ok,
1575269319,20.08 19:30,Sassuolo,Atalanta BC,ok,,05.07 23:25,20.08 19:31,3.37,3.69,2.14,3.52,3.64,2.16,0.25,2.0,1.83,2.07,1.87,2.75,1.75,2.18,1.94,1.96,3.52,3.64,2.16,2.07,1.87,1.94,1.96,ok,
1575269320,13.08 14:00,Brest,Lens,ok,,05.07 23:22,13.08 13:59,4.41,3.65,1.87,3.71,3.33,2.21,0.25,2.44,1.63,2.04,1.88,2.25,1.68,2.3,2.05,1.86,3.72,3.33,2.2,2.05,1.88,2.04,1.87,ok,
1575269321,13.08 16:00,Clermont,AS Monaco,ok,,05.07 23:22,13.08 16:02,3.61,3.7,1.96,3.07,3.53,2.42,0.25,2.14,1.7,1.85,2.09,2.75,1.91,1.89,2.04,1.87,3.07,3.53,2.42,1.85,2.09,2.04,1.87,ok,
1575269322,11.08 22:00,Nice,Lille,ok,,05.07 23:22,11.08 21:59,3.26,3.41,2.31,2.5,3.48,2.99,-0.25,2.8,1.5,2.15,1.8,2.5,1.84,1.96,1.92,1.99,2.5,3.48,2.99,2.15,1.8,1.92,1.99,ok,
1575269323,20.08 19:30,AS Roma,Salernitana,ok,,05.07 23:25,20.08 19:30,1.52,4.2,7.19,1.54,4.08,7.65,-1.0,1.82,2.01,1.94,1.98,2.25,1.76,2.17,1.98,1.92,1.54,4.08,7.65,1.94,1.98,1.98,1.92,ok,
1575269324,13.08 16:00,Montpellier HSC,Le Havre,ok,,05.07 23:22,13.08 15:58,1.99,3.32,3.95,1.73,3.82,5.41,-0.75,2.32,1.61,1.95,1.97,2.25,1.85,1.95,1.88,2.02,1.73,3.82,5.41,1.95,1.97,1.88,2.02,ok,
1575269325,21.08 19:30,Torino,Cagliari,ok,,05.07 23:26,21.08 19:27,1.86,3.42,4.36,1.6,4.0,6.58,-1.0,2.7,1.47,2.07,1.86,2.25,1.93,1.88,1.91,2.0,1.6,4.0,6.58,2.07,1.86,1.91,2.0,ok,
1575269326,19.08 21:45,FC Internazionale,AC Monza,ok,,05.07 23:25,19.08 21:44,1.38,4.89,7.3,1.41,5.15,7.81,-1.25,1.86,1.96,1.91,2.02,3.0,2.07,1.75,2.0,1.91,1.41,5.16,7.81,1.91,2.02,1.99,1.92,ok,
1575269327,12.08 22:00,Paris Saint Germain,Lorient,ok,,05.07 23:22,12.08 22:00,1.19,7.87,14.04,1.44,4.83,7.92,-1.25,1.36,3.12,1.98,1.94,2.75,1.39,3.16,2.05,1.87,1.44,4.81,7.83,1.99,1.93,2.05,1.86,ok,
1575269328,13.08 16:00,Nantes,Toulouse FC,ok,,05.07 23:22,13.08 15:50,2.27,3.38,3.37,3.09,3.48,2.43,0.25,1.44,2.81,1.85,2.09,2.5,1.91,1.89,1.94,1.96,3.09,3.48,2.43,1.85,2.09,1.94,1.96,ok,
1575269329,12.08 18:00,Marseille,Reims,ok,,05.07 23:22,12.08 18:03,1.53,4.35,5.83,2.02,3.71,3.87,-0.5,1.51,2.57,2.02,1.91,2.5,1.7,2.13,1.86,2.05,2.02,3.71,3.87,2.02,1.91,1.86,2.05,ok,
1575269330,13.08 21:45,Strasbourg,Lyon,ok,,05.07 23:22,13.08 21:44,2.62,3.42,2.63,2.56,3.6,2.83,0.0,1.9,1.92,1.87,2.07,2.75,1.93,1.88,1.89,2.02,2.56,3.6,2.83,1.87,2.07,1.89,2.02,ok,
1575269331,13.08 18:05,Rennes,Metz,ok,,05.07 23:23,13.08 18:07,1.33,5.13,8.52,1.69,4.21,5.14,-0.75,1.39,2.95,1.88,2.05,2.75,1.9,1.9,1.95,1.95,1.69,4.21,5.14,1.88,2.05,1.95,1.95,ok,
1576158467,20.08 22:30,Real Betis,Atletico Madrid,ok,,01.08 16:48,20.08 22:29,3.21,3.09,2.38,3.88,3.54,2.07,0.5,1.59,2.37,1.86,2.07,2.5,2.33,1.59,1.99,1.92,3.86,3.56,2.07,1.86,2.07,1.96,1.94,ok,
1576158468,19.08 22:30,Osasuna,Athletic Club Bilbao,ok,,01.08 16:48,19.08 22:29,2.81,3.02,2.72,2.95,3.01,2.86,0.0,1.94,1.88,1.99,1.93,2.0,1.72,2.1,1.95,1.95,2.95,3.01,2.86,1.99,1.93,1.95,1.95,ok,
1576158469,19.08 18:00,Real Sociedad,Celta Vigo,ok,,01.08 16:47,19.08 17:57,1.71,3.52,5.24,1.69,3.62,6.38,-0.75,1.93,1.88,1.91,2.02,2.0,1.72,2.1,1.92,1.99,1.69,3.62,6.38,1.91,2.02,1.92,1.99,ok,
1576158473,18.08 22:30,Valencia,Las Palmas,ok,,01.08 16:47,18.08 22:30,1.81,3.4,4.71,1.62,3.95,6.33,-1.0,2.6,1.5,2.12,1.85,2.25,2.05,1.78,1.91,2.0,1.63,3.95,6.33,2.12,1.83,1.92,1.99,ok,
1576158476,18.08 20:30,Mallorca,Villarreal CF,ok,,01.08 16:47,18.08 20:30,3.36,3.12,2.29,2.84,3.15,2.84,0.0,2.35,1.59,1.96,1.96,2.25,2.03,1.78,2.01,1.89,2.84,3.15,2.84,1.96,1.96,2.01,1.89,ok,
1576158478,19.08 20:30,Almeria,Real Madrid,ok,,01.08 16:48,19.08 20:29,6.98,4.69,1.41,6.95,5.28,1.44,1.25,1.88,1.93,2.0,1.93,3.25,2.48,1.53,1.91,2.0,6.95,5.28,1.44,2.0,1.93,1.91,2.0,ok,
1576158481,20.08 20:00,Girona,Getafe,ok,,01.08 16:48,20.08 19:59,2.5,2.91,3.22,1.98,3.21,4.84,-0.5,2.49,1.54,1.98,1.94,2.0,2.01,1.81,2.05,1.86,1.98,3.22,4.83,1.98,1.94,2.04,1.87,ok,
1576158482,21.08 22:30,Granada CF,Rayo Vallecano,ok,,01.08 16:49,21.08 22:21,2.67,3.03,2.86,2.94,3.15,2.74,0.0,1.85,1.98,2.03,1.89,2.0,1.72,2.1,1.8,2.13,2.94,3.15,2.74,2.03,1.89,1.8,2.13,ok,
1576158483,20.08 20:30,Barcelona,Cadiz,ok,,01.08 16:48,20.08 20:28,1.23,6.1,10.91,1.27,6.27,12.2,-1.5,1.72,2.1,1.83,2.06,2.75,1.75,2.04,1.87,2.02,1.27,6.25,12.11,1.85,2.07,1.87,2.02,ok,
1576158485,21.08 20:00,Alaves,Sevilla,ok,,01.08 16:49,21.08 19:59,2.92,3.12,2.55,3.4,3.08,2.48,0.25,1.69,2.16,1.85,2.09,2.0,1.98,1.83,2.05,1.86,3.4,3.08,2.48,1.85,2.09,1.96,1.94,ok,
1576467294,26.08 21:45,Hellas Verona FC,AS Roma,ok,,07.08 16:02,26.08 21:44,4.15,3.41,1.91,4.86,3.36,1.91,0.5,1.91,1.91,2.01,1.92,2.0,1.6,2.31,1.93,1.97,4.84,3.35,1.92,2.0,1.93,1.93,1.97,ok,
1576467297,27.08 19:30,Juventus,Bologna,ok,,07.08 16:02,27.08 19:31,1.56,3.97,5.88,1.74,3.88,5.16,-0.75,1.71,2.13,1.96,1.96,2.5,2.01,1.81,2.01,1.9,1.74,3.88,5.16,1.96,1.96,2.01,1.9,ok,
1576467298,26.08 19:30,AC Monza,Empoli,ok,,07.08 16:03,26.08 19:29,1.91,3.5,4.03,1.96,3.77,4.03,-0.5,1.91,1.91,1.96,1.96,2.5,2.01,1.81,1.85,2.06,1.98,3.81,3.9,1.98,1.94,1.85,2.06,ok,
1576467299,27.08 21:45,Lazio,Genoa,ok,,07.08 16:05,27.08 21:46,1.48,4.64,5.85,1.87,3.75,4.43,-0.5,1.47,2.68,1.88,2.05,2.5,1.88,1.92,1.93,1.97,1.87,3.75,4.43,1.88,2.05,1.93,1.97,ok,
1576467300,28.08 19:30,Salernitana,Udinese,ok,,07.08 16:03,28.08 19:31,3.1,3.34,2.34,2.83,3.26,2.77,0.0,2.23,1.67,1.98,1.94,2.25,1.76,2.05,1.93,1.98,2.83,3.26,2.77,1.98,1.94,1.93,1.98,ok,
1576467301,27.08 19:30,Fiorentina,Lecce,ok,,07.08 16:03,27.08 19:31,1.58,3.85,5.97,1.67,3.97,5.61,-0.75,1.74,2.09,1.87,2.06,2.5,2.13,1.7,2.03,1.88,1.67,3.97,5.61,1.87,2.06,2.03,1.88,ok,
1576467302,26.08 21:45,AC Milan,Torino,ok,,07.08 16:03,26.08 21:44,1.65,3.72,5.37,1.78,3.64,5.25,-0.75,1.85,1.97,2.03,1.89,2.25,1.86,1.93,1.95,1.95,1.78,3.64,5.25,2.03,1.89,1.95,1.95,ok,
1576467303,26.08 19:30,Frosinone,Atalanta BC,ok,,07.08 16:04,26.08 19:29,4.14,3.82,1.8,5.52,4.28,1.63,1.0,1.56,2.44,1.86,2.07,2.75,1.9,1.9,1.93,1.98,5.47,4.25,1.64,1.85,2.09,1.93,1.97,ok,
1576467304,27.08 21:45,Napoli,Sassuolo,ok,,07.08 16:03,27.08 21:46,1.29,5.74,8.26,1.35,5.85,8.64,-1.5,1.85,1.97,1.96,1.96,3.25,1.96,1.84,1.97,1.93,1.35,5.85,8.64,1.96,1.96,1.97,1.93,ok,
1576467305,28.08 21:45,Cagliari,FC Internazionale,ok,,07.08 16:03,28.08 21:46,7.15,4.65,1.41,7.57,5.03,1.43,1.25,1.88,1.94,1.97,1.95,2.75,1.96,1.85,1.83,2.08,7.57,5.03,1.43,1.97,1.95,1.83,2.08,ok,
1576535666,18.08 22:00,Metz,Marseille,ok,,11.08 23:57,18.08 21:58,4.68,4.03,1.67,4.86,4.0,1.76,0.75,1.97,1.85,1.95,1.97,2.75,1.85,1.96,1.98,1.93,4.86,4.0,1.76,1.95,1.97,1.98,1.93,ok,
1576578682,19.08 20:00,Lyon,Montpellier HSC,ok,,09.08 23:03,19.08 19:59,1.65,4.28,5.11,1.93,4.08,3.84,-0.5,1.64,2.41,1.93,1.99,3.25,2.14,1.78,2.08,1.84,1.93,4.08,3.85,1.93,2.0,2.08,1.84,ok,
1576598556,19.08 22:00,Toulouse FC,Paris Saint Germain,ok,,10.08 03:34,19.08 21:59,5.42,5.02,1.47,4.82,4.07,1.74,0.75,2.42,1.56,1.98,1.94,2.75,1.33,3.22,1.84,2.08,4.83,4.07,1.74,1.98,1.94,1.84,2.08,ok,
1576629226,20.08 14:00,Lille,Nantes,ok,,10.08 18:34,20.08 13:57,1.45,4.56,6.45,1.47,4.9,7.07,-1.25,2.01,1.81,2.02,1.9,2.75,1.89,1.91,1.84,2.08,1.47,4.9,7.07,2.02,1.9,1.84,2.08,ok,
1576634211,20.08 16:00,Lorient,Nice,ok,,10.08 18:05,20.08 15:57,3.12,3.43,2.38,3.4,3.35,2.33,0.25,1.8,2.05,1.94,1.99,2.25,1.62,2.42,1.9,2.0,3.4,3.35,2.33,1.93,1.99,1.9,2.01,ok,
1576634213,20.08 16:00,Reims,Clermont,ok,,10.08 18:05,20.08 15:50,1.7,4.02,5.03,1.89,3.72,4.4,-0.5,1.69,2.31,1.89,2.03,2.5,1.73,2.22,1.91,2.0,1.88,3.75,4.43,1.88,2.05,1.9,2.0,ok,
1576634215,20.08 16:00,Le Havre,Brest,ok,,11.08 09:45,20.08 15:58,2.81,3.07,2.68,2.95,3.04,2.83,0.0,1.96,1.86,2.01,1.92,2.0,1.66,2.21,1.93,1.97,2.95,3.04,2.83,2.01,1.92,1.93,1.97,ok,
1576634760,20.08 20:00,AS Monaco,Strasbourg,ok,,10.08 18:05,20.08 19:59,1.73,4.02,4.81,1.79,4.24,4.33,-0.75,1.88,1.95,2.01,1.92,3.0,2.15,1.78,1.97,1.93,1.8,4.24,4.31,2.01,1.91,1.96,1.93,ok,
1576634762,20.08 21:45,Lens,Rennes,ok,,10.08 18:05,20.08 21:46,2.02,3.61,3.8,2.44,3.54,3.04,-0.25,1.75,2.2,2.1,1.84,2.5,1.8,2.11,1.93,1.97,2.44,3.54,3.04,2.1,1.84,1.93,1.97,ok,
1576823014,28.08 20:30,Getafe,Alaves,ok,,18.08 13:58,28.08 20:30,2.14,3.13,3.7,2.62,2.71,3.69,-0.25,1.82,2.0,2.14,1.81,1.5,1.55,2.44,1.98,1.96,2.62,2.71,3.69,2.14,1.81,1.98,1.93,ok,
1576823015,26.08 22:30,Sevilla,Girona,ok,,13.08 11:02,26.08 22:30,1.67,3.88,4.9,1.93,3.61,4.42,-0.5,1.66,2.22,1.93,2.0,2.5,1.81,2.0,2.03,1.88,1.93,3.61,4.42,1.93,2.0,2.03,1.88,ok,
1576823016,26.08 22:00,Paris Saint Germain,Lens,ok,,13.08 11:03,26.08 22:02,1.74,4.17,4.5,1.67,4.33,5.07,-0.75,1.88,1.93,1.85,2.09,3.0,1.79,2.13,2.01,1.9,1.67,4.33,5.07,1.85,2.09,2.01,1.9,ok,
1576823017,28.08 22:30,Rayo Vallecano,Atletico Madrid,ok,,13.08 11:02,28.08 22:30,3.6,3.46,2.14,4.03,3.36,2.1,0.5,1.76,2.07,1.84,2.1,2.25,1.68,2.32,2.03,1.88,4.03,3.36,2.1,1.84,2.1,2.03,1.88,ok,
1576823018,26.08 20:00,Cadiz,Almeria,ok,,13.08 11:02,26.08 19:59,2.12,3.4,3.11,2.14,3.53,3.67,-0.25,1.98,1.85,1.85,2.09,2.5,2.01,1.82,2.04,1.88,2.15,3.52,3.67,1.85,2.09,2.04,1.87,ok,
1576823019,27.08 18:05,Lorient,Lille,ok,,13.08 11:03,27.08 18:07,4.13,4.19,1.72,4.1,3.7,1.96,0.5,2.12,1.72,1.96,1.96,2.5,1.64,2.27,1.97,1.93,4.1,3.7,1.96,1.96,1.96,1.97,1.93,ok,
1576823020,27.08 16:00,Strasbourg,Toulouse FC,ok,,13.08 11:03,27.08 16:02,1.91,3.89,3.61,2.17,3.49,3.62,-0.25,1.67,2.2,1.87,2.06,2.5,1.7,2.13,2.06,1.85,2.17,3.49,3.62,1.87,2.06,2.06,1.85,ok,
1576823022,27.08 14:00,Rennes,Le Havre,ok,,22.08 18:39,27.08 13:59,1.43,4.79,7.83,1.56,4.34,6.57,-1.0,1.68,2.28,1.93,1.99,2.5,1.82,2.04,1.91,2.0,1.55,4.37,6.68,1.92,2.01,1.9,2.0,ok,
1576823023,27.08 18:30,Villarreal CF,Barcelona,ok,,13.08 11:02,27.08 18:29,3.0,3.65,2.34,3.57,3.75,2.1,0.5,1.63,2.27,1.84,2.1,3.0,1.84,1.96,2.03,1.88,3.57,3.75,2.1,1.84,2.1,2.03,1.88,ok,
1576823024,25.08 20:30,Las Palmas,Real Sociedad,ok,,18.08 13:59,25.08 20:30,3.99,3.04,2.1,4.74,3.34,1.95,0.5,1.75,2.05,1.97,1.95,2.0,2.0,1.81,1.87,2.03,4.74,3.34,1.95,1.97,1.95,1.88,2.03,ok,
1576823025,26.08 20:00,Marseille,Brest,ok,,13.08 11:03,26.08 19:58,1.31,5.44,8.79,1.52,4.57,6.61,-1.0,1.46,2.73,1.85,2.09,2.75,1.75,2.07,1.93,1.98,1.52,4.57,6.61,1.85,2.09,1.93,1.98,ok,
1576823026,27.08 16:00,Clermont,Metz,ok,,22.08 18:38,27.08 15:58,1.81,3.86,4.45,1.94,3.7,4.18,-0.5,1.81,2.09,1.94,1.97,2.5,1.82,2.04,1.97,1.93,1.94,3.71,4.17,1.94,1.98,1.96,1.94,ok,
1576823027,25.08 22:00,Nantes,AS Monaco,ok,,13.08 11:03,25.08 22:02,3.22,3.54,2.26,4.38,3.78,1.88,0.5,1.68,2.19,2.05,1.88,2.75,1.84,1.95,1.86,2.05,4.38,3.78,1.88,2.05,1.88,1.86,2.05,ok,
1576823028,27.08 21:45,Nice,Lyon,ok,,13.08 11:03,27.08 21:45,2.47,3.51,2.9,2.05,3.71,3.76,-0.5,2.39,1.57,2.05,1.88,2.75,1.82,2.08,1.88,2.02,2.05,3.71,3.76,2.05,1.88,1.88,2.02,ok,
1576823029,26.08 20:30,Granada CF,Mallorca,ok,,18.08 13:58,26.08 20:30,2.5,2.91,3.22,2.77,3.03,3.02,0.0,1.68,2.18,1.88,2.05,2.0,2.01,1.81,2.01,1.9,2.77,3.03,3.02,1.88,2.05,2.01,1.9,ok,
1576823030,27.08 22:30,Athletic Club Bilbao,Real Betis,ok,,13.08 12:07,27.08 22:29,1.78,4.0,4.16,2.0,3.43,4.3,-0.5,1.77,2.07,2.0,1.92,2.25,1.67,2.21,1.98,1.93,2.0,3.43,4.3,2.0,1.92,1.98,1.93,ok,
1576823031,25.08 22:30,Celta Vigo,Real Madrid,ok,,13.08 11:02,25.08 22:29,3.32,3.54,2.22,4.4,3.72,1.9,0.5,1.75,2.21,2.03,1.9,2.5,1.74,2.2,1.88,2.03,4.4,3.72,1.9,2.03,1.9,1.88,2.03,ok,
1576823032,27.08 16:00,Montpellier HSC,Reims,ok,,13.08 11:03,27.08 16:02,2.48,3.48,2.91,2.29,3.62,3.23,-0.25,2.08,1.75,1.98,1.94,2.75,1.82,1.98,1.91,2.0,2.29,3.62,3.23,1.98,1.94,1.91,2.0,ok,
1576823033,27.08 20:30,Valencia,Osasuna,ok,,13.08 11:02,27.08 20:29,1.88,3.51,4.13,1.82,3.42,5.51,-0.75,1.98,1.85,2.1,1.84,2.0,1.61,2.46,1.98,1.93,1.82,3.42,5.51,2.1,1.84,1.98,1.93,ok,
1577234387,03.09 16:00,Lille,Montpellier HSC,ok,,20.08 11:09,03.09 15:59,1.54,4.57,5.16,1.92,3.92,4.07,-0.5,1.53,2.5,1.92,2.01,2.75,1.72,2.1,1.88,2.03,1.92,3.92,4.06,1.92,2.01,1.88,2.03,ok,
1577234388,02.09 22:00,AS Monaco,Lens,ok,,20.08 11:09,02.09 22:02,2.29,3.58,2.94,2.03,3.94,3.61,-0.5,2.28,1.63,2.03,1.89,3.0,2.02,1.79,2.03,1.88,2.03,3.94,3.61,2.03,1.89,2.03,1.88,ok,
1577234389,01.09 23:00,Almeria,Celta Vigo,ok,,20.08 11:02,01.09 22:59,2.25,3.47,3.1,2.94,3.43,2.57,0.0,1.64,2.27,2.1,1.84,2.5,1.79,2.02,1.95,1.95,2.95,3.39,2.58,2.1,1.84,2.0,1.91,ok,
1577234391,02.09 18:00,Brest,Rennes,ok,,20.08 11:03,02.09 18:03,4.22,3.78,1.82,3.61,3.64,2.12,0.25,2.39,1.59,2.1,1.84,2.75,1.97,1.85,2.04,1.87,3.61,3.64,2.12,2.1,1.84,2.04,1.87,ok,
1577234392,02.09 19:30,Udinese,Frosinone,ok,,22.08 16:48,02.09 19:31,1.74,3.72,4.61,1.93,3.62,4.34,-0.5,1.74,2.1,1.93,1.99,2.5,1.92,1.88,2.07,1.85,1.93,3.62,4.34,1.93,1.99,2.07,1.85,ok,
1577234393,02.09 19:30,Bologna,Cagliari,ok,,23.08 13:04,02.09 19:31,1.75,3.49,5.12,1.81,3.87,4.63,-0.75,1.96,1.87,2.05,1.88,2.75,2.11,1.73,2.05,1.86,1.81,3.87,4.63,2.05,1.88,2.05,1.86,ok,
1577234396,01.09 20:30,Cadiz,Villarreal CF,ok,,20.08 11:02,01.09 20:29,3.05,3.43,2.29,3.28,3.63,2.26,0.25,1.84,1.98,1.96,1.96,2.75,2.0,1.79,2.04,1.87,3.27,3.66,2.25,1.97,1.95,1.99,1.92,ok,
1577234398,02.09 15:00,Real Sociedad,Granada CF,ok,,22.08 16:47,02.09 14:58,1.4,4.66,7.4,1.47,4.54,7.92,-1.25,1.93,1.89,2.06,1.88,2.5,1.79,2.01,1.96,1.94,1.46,4.56,7.94,2.05,1.88,1.95,1.95,ok,
1577234399,03.09 15:00,Girona,Las Palmas,ok,,23.08 13:04,03.09 14:47,1.59,3.8,6.07,1.74,3.88,5.15,-0.75,1.78,2.08,1.96,1.96,2.5,2.21,1.67,1.95,1.95,1.74,3.88,5.15,1.96,1.96,1.95,1.95,ok,
1577234400,03.09 16:00,Metz,Reims,ok,,28.08 07:44,03.09 15:59,3.65,3.6,2.07,4.82,3.92,1.78,0.75,1.61,2.41,1.92,2.01,2.75,2.08,1.79,2.03,1.88,4.84,3.93,1.78,1.93,2.0,2.02,1.88,ok,
1577234401,01.09 19:30,Sassuolo,Hellas Verona FC,ok,,20.08 11:04,01.09 19:29,1.95,3.63,3.75,2.04,3.65,3.86,-0.5,1.96,1.88,2.04,1.88,2.5,1.82,2.01,1.86,2.06,2.04,3.65,3.86,2.04,1.88,1.85,2.06,ok,
1577234402,03.09 19:30,FC Internazionale,Fiorentina,ok,,20.08 11:03,03.09 19:28,1.72,3.97,5.0,1.75,3.97,4.88,-0.75,1.86,1.96,1.96,1.96,2.75,1.94,1.88,1.94,1.96,1.75,3.97,4.88,1.96,1.96,1.94,1.96,ok,
1577234404,02.09 21:45,Napoli,Lazio,ok,,20.08 11:03,02.09 21:45,1.72,3.9,5.04,1.67,4.2,5.24,-0.75,1.88,1.95,1.85,2.08,2.75,2.08,1.83,1.96,1.94,1.67,4.2,5.24,1.85,2.08,1.96,1.94,ok,
1577234405,03.09 21:45,Lecce,Salernitana,ok,,20.08 11:14,03.09 21:45,1.92,3.4,4.13,2.02,3.42,4.26,-0.5,1.95,1.9,2.02,1.91,2.25,1.89,1.93,2.01,1.9,2.02,3.42,4.26,2.02,1.91,2.01,1.9,ok,
1577234407,02.09 22:00,Real Betis,Rayo Vallecano,ok,,20.08 11:04,02.09 21:59,1.93,3.5,3.94,2.09,3.35,4.07,-0.5,1.93,1.88,2.09,1.85,2.25,1.75,2.07,2.06,1.85,2.09,3.35,4.07,2.09,1.85,2.06,1.85,ok,
1577234408,03.09 22:00,Osasuna,Barcelona,ok,,20.08 11:04,03.09 21:56,4.58,3.88,1.72,6.73,4.62,1.51,1.0,1.63,2.28,2.11,1.83,2.75,2.01,1.81,1.92,1.99,6.73,4.62,1.51,2.11,1.83,1.92,1.99,ok,
1577234412,01.09 21:45,AS Roma,AC Milan,ok,,20.08 11:03,01.09 21:47,2.73,3.04,2.97,2.94,3.09,2.8,0.0,1.83,2.0,2.01,1.91,2.0,1.76,2.18,1.9,2.01,2.94,3.09,2.8,2.01,1.91,1.9,2.01,ok,
1577234414,03.09 14:00,Toulouse FC,Clermont,ok,,20.08 11:03,03.09 13:57,2.0,3.67,3.89,2.28,3.54,3.32,-0.25,1.65,2.28,1.96,1.96,2.5,1.74,2.16,1.99,1.91,2.29,3.54,3.31,1.97,1.95,1.99,1.91,ok,
1577234417,03.09 18:05,Nice,Strasbourg,ok,,20.08 11:03,03.09 17:59,1.83,3.72,4.08,1.87,3.48,4.97,-0.5,1.83,1.99,1.87,2.06,2.25,1.57,2.39,1.93,1.97,1.85,3.49,5.03,1.85,2.08,1.93,1.97,ok,
1577234418,02.09 21:45,Atalanta BC,AC Monza,ok,,20.08 11:03,02.09 21:46,1.56,4.35,6.1,1.74,4.09,4.79,-0.75,1.69,2.31,1.94,1.97,2.75,1.88,1.93,1.85,2.07,1.74,4.09,4.79,1.94,1.97,1.85,2.07,ok,
1577234421,01.09 22:00,Nantes,Marseille,ok,,20.08 11:03,01.09 22:03,3.93,3.73,1.87,5.81,4.26,1.61,1.0,1.5,2.59,1.9,2.02,2.75,1.93,1.87,1.93,1.98,5.81,4.26,1.61,1.9,2.02,1.93,1.98,ok,
1577234422,03.09 17:15,Mallorca,Athletic Club Bilbao,ok,,21.08 12:25,03.09 17:15,3.13,3.02,2.51,3.24,3.01,2.63,0.0,2.15,1.72,2.19,1.78,2.0,1.87,1.95,2.08,1.84,3.24,3.01,2.63,2.19,1.78,2.08,1.84,ok,
1577234427,03.09 21:45,Empoli,Juventus,ok,,20.08 11:05,03.09 21:45,5.08,3.89,1.65,5.54,4.09,1.66,0.75,1.98,1.85,2.09,1.85,2.5,1.88,1.93,1.89,2.02,5.54,4.09,1.66,2.09,1.85,1.89,2.02,ok,
1577234428,03.09 16:00,Le Havre,Lorient,ok,,24.08 11:05,03.09 15:59,2.47,3.33,2.9,2.68,3.08,3.08,0.0,1.77,2.09,1.83,2.11,2.25,1.72,2.12,2.11,1.82,2.67,3.09,3.09,1.83,2.12,2.1,1.82,ok,
1577234429,03.09 19:30,Torino,Genoa,ok,,22.08 16:48,03.09 19:29,1.73,3.73,4.66,2.08,3.31,4.16,-0.5,1.72,2.12,2.08,1.85,2.25,1.85,1.96,2.08,1.84,2.08,3.31,4.16,2.08,1.85,2.08,1.84,ok,
1577234438,03.09 21:45,Lyon,Paris Saint Germain,ok,,20.08 11:15,03.09 21:46,3.74,4.08,1.97,4.97,4.39,1.67,0.75,1.75,2.05,2.1,1.84,3.0,1.62,2.3,1.93,1.97,4.97,4.39,1.67,2.1,1.84,1.93,1.97,ok,
1577234441,02.09 19:30,Alaves,Valencia,ok,,22.08 16:47,02.09 19:27,3.27,2.96,2.5,3.33,2.98,2.59,0.25,1.77,2.09,1.79,2.16,2.0,2.0,1.91,2.09,1.83,3.33,2.98,2.59,1.79,2.16,2.09,1.83,ok,
1577234442,02.09 17:15,Real Madrid,Getafe,ok,,20.08 11:06,02.09 17:15,1.32,5.19,8.86,1.39,4.82,9.92,-1.25,1.73,2.11,1.93,1.99,2.25,1.53,2.47,1.85,2.07,1.39,4.82,9.92,1.93,1.99,1.85,2.07,ok,
1577722903,17.09 21:45,AS Roma,Empoli,ok,,28.08 18:05,17.09 21:46,1.38,4.48,8.21,1.4,4.86,9.15,-1.25,2.02,1.83,1.92,2.01,2.75,2.05,1.76,2.06,1.85,1.4,4.86,9.15,1.92,2.01,2.06,1.85,ok,
1577722904,17.09 16:00,Strasbourg,Montpellier HSC,ok,,28.08 18:03,17.09 16:01,2.08,3.71,3.29,3.1,3.45,2.44,0.25,1.42,2.87,1.84,2.1,2.5,1.76,2.05,1.93,1.97,3.1,3.45,2.44,1.84,2.1,1.93,1.97,ok,
1577722905,17.09 16:00,AC Monza,Lecce,ok,,28.08 18:03,17.09 15:59,2.15,3.3,3.76,2.46,3.32,3.18,-0.25,1.8,2.05,2.1,1.84,2.25,1.85,1.97,1.84,2.08,2.46,3.32,3.18,2.1,1.84,1.84,2.08,ok,
1577722906,17.09 18:05,Marseille,Toulouse FC,ok,,28.08 18:03,17.09 18:08,1.48,4.86,6.45,1.44,5.05,7.23,-1.25,1.95,1.88,1.95,1.97,3.0,1.78,2.14,1.99,1.92,1.44,5.05,7.23,1.95,1.97,1.99,1.92,ok,
1577722907,16.09 16:00,Juventus,Lazio,ok,,28.08 18:06,16.09 16:00,1.78,3.61,4.6,1.92,3.59,4.47,-0.5,1.77,2.05,1.92,2.01,2.25,1.76,2.04,1.88,2.03,1.92,3.59,4.47,1.92,2.01,1.88,2.03,ok,
1577722908,16.09 19:00,FC Internazionale,AC Milan,ok,,28.08 18:05,16.09 19:01,2.22,3.4,3.2,2.2,3.42,3.63,-0.25,2.07,1.9,1.88,2.05,2.5,1.92,1.9,1.92,1.99,2.2,3.42,3.63,1.88,2.05,1.92,1.99,ok,
1577722909,17.09 16:00,Frosinone,Sassuolo,ok,,29.08 10:55,17.09 16:02,2.85,3.29,2.51,3.16,3.58,2.35,0.25,1.71,2.14,1.9,2.03,2.75,2.17,1.68,1.92,1.99,3.16,3.58,2.35,1.9,2.03,1.92,1.99,ok,
1577722910,17.09 21:45,Lyon,Le Havre,ok,,04.09 11:07,17.09 21:46,1.68,4.03,4.62,1.74,4.13,4.77,-0.75,1.88,1.95,1.94,1.98,2.75,1.87,1.95,1.89,2.02,1.74,4.13,4.77,1.94,1.98,1.89,2.02,ok,
1577722911,16.09 19:30,Celta Vigo,Mallorca,ok,,28.08 18:09,16.09 19:29,1.95,3.17,4.45,2.13,3.13,4.29,-0.5,1.95,1.88,2.13,1.82,2.0,1.92,1.9,2.01,1.9,2.13,3.13,4.29,2.13,1.82,2.01,1.9,ok,
1577722912,18.09 22:00,Granada CF,Girona,ok,,29.08 10:58,18.09 22:00,3.0,3.17,2.5,3.01,3.58,2.43,0.25,1.74,2.12,1.84,2.1,2.75,2.61,1.49,1.91,2.0,3.01,3.58,2.43,1.84,2.1,1.91,2.0,ok,
1577722913,17.09 17:15,Villarreal CF,Almeria,ok,,28.08 18:05,17.09 17:14,1.5,4.64,5.58,1.53,4.98,5.73,-1.25,2.06,1.77,2.09,1.85,3.5,2.24,1.64,2.05,1.87,1.53,4.98,5.73,2.09,1.85,2.05,1.87,ok,
1577722914,17.09 16:00,Reims,Brest,ok,,28.08 18:03,17.09 16:01,1.73,3.6,4.26,2.03,3.6,3.96,-0.5,1.82,2.02,2.03,1.89,2.5,1.72,2.11,1.85,2.06,2.03,3.6,3.96,2.03,1.89,1.85,2.06,ok,
1577722915,17.09 16:00,Clermont,Nantes,ok,,28.08 18:03,17.09 16:01,2.18,3.4,3.59,1.88,3.8,4.34,-0.5,2.17,1.78,1.88,2.04,2.5,1.97,1.85,2.02,1.88,1.88,3.8,4.34,1.88,2.04,2.02,1.88,ok,
1577722916,15.09 22:00,Paris Saint Germain,Nice,ok,,28.08 18:03,15.09 22:04,1.48,4.88,6.58,1.65,4.46,5.08,-1.0,1.73,2.24,2.09,1.85,3.0,1.82,2.08,1.89,2.02,1.65,4.46,5.08,2.09,1.85,1.89,2.02,ok,
1577722919,16.09 22:00,Barcelona,Real Betis,ok,,28.08 18:05,16.09 22:00,1.36,5.18,7.38,1.32,6.05,9.52,-1.5,2.02,1.81,1.86,2.07,3.25,2.2,1.66,1.97,1.93,1.32,6.05,9.52,1.86,2.07,1.97,1.93,ok,
1577722920,17.09 13:30,Cagliari,Udinese,ok,,29.08 10:54,17.09 13:31,2.93,3.25,2.46,3.06,3.2,2.62,0.0,2.09,1.75,2.13,1.82,2.25,1.74,2.08,2.0,1.91,3.06,3.2,2.62,2.13,1.82,2.0,1.91,ok,
1577722924,18.09 21:45,Hellas Verona FC,Bologna,ok,,28.08 19:07,18.09 21:46,3.1,3.38,2.32,3.48,3.41,2.26,0.25,1.84,2.0,1.98,1.94,2.5,2.1,1.74,2.04,1.87,3.48,3.41,2.26,1.98,1.94,2.04,1.87,ok,
1577722925,15.09 22:00,Rayo Vallecano,Alaves,ok,,29.08 10:50,15.09 22:00,1.87,3.22,4.7,2.04,3.27,4.41,-0.5,1.87,1.95,2.04,1.88,2.0,1.94,1.86,1.98,1.93,2.04,3.27,4.41,2.04,1.88,1.98,1.93,ok,
1577722926,16.09 17:15,Valencia,Atletico Madrid,ok,,28.08 18:05,16.09 17:14,2.89,3.42,2.4,3.53,3.22,2.33,0.25,1.77,2.26,1.94,1.98,2.25,1.77,2.03,2.03,1.88,3.53,3.22,2.33,1.94,1.98,2.03,1.88,ok,
1577722927,16.09 15:00,Athletic Club Bilbao,Cadiz,ok,,28.08 18:02,16.09 14:59,1.55,4.04,5.99,1.61,4.01,6.42,-1.0,1.96,1.87,2.09,1.85,2.25,1.76,2.04,1.91,2.0,1.61,4.01,6.42,2.09,1.85,1.91,2.0,ok,
1577722928,16.09 22:00,Lens,Metz,ok,,04.09 12:11,16.09 22:03,1.54,4.36,5.6,1.53,4.52,6.52,-1.0,1.91,1.93,1.87,2.07,2.75,1.87,1.95,1.88,2.03,1.53,4.52,6.52,1.87,2.07,1.88,2.03,ok,
1577722931,16.09 18:00,Rennes,Lille,ok,,28.08 18:03,16.09 18:05,2.09,3.63,3.33,2.11,3.46,3.76,-0.25,1.83,2.02,1.82,2.11,2.5,1.7,2.13,2.01,1.88,2.11,3.46,3.76,1.82,2.11,2.01,1.88,ok,
1577722932,17.09 19:00,Fiorentina,Atalanta BC,ok,,28.08 18:09,17.09 19:02,2.27,3.52,3.04,2.72,3.41,2.77,0.0,1.66,2.23,1.94,1.98,2.5,1.75,2.06,1.94,1.96,2.72,3.41,2.77,1.94,1.98,1.94,1.96,ok,
1577722933,18.09 19:30,Salernitana,Torino,ok,,28.08 18:05,18.09 19:30,3.6,3.53,2.01,3.87,3.11,2.26,0.25,2.1,1.98,2.02,1.9,2.0,1.53,2.51,1.91,2.0,3.87,3.11,2.26,2.02,1.9,1.91,2.0,ok,
1577722934,17.09 19:30,Sevilla,Las Palmas,ok,,29.08 10:53,17.09 19:30,1.75,3.65,4.65,1.59,4.15,6.27,-1.0,2.41,1.57,2.02,1.91,2.5,2.02,1.8,1.9,2.01,1.59,4.15,6.27,2.02,1.91,1.9,2.01,ok,
1577722935,17.09 22:00,Real Madrid,Real Sociedad,ok,,28.08 19:07,17.09 22:00,1.68,3.9,4.97,1.75,3.77,5.23,-0.75,1.88,1.96,1.97,1.94,2.5,1.85,1.97,1.93,1.97,1.75,3.77,5.23,1.97,1.94,1.93,1.97,ok,
1577722936,17.09 14:00,Lorient,AS Monaco,ok,,28.08 18:03,17.09 14:02,3.89,3.9,1.84,4.67,4.2,1.74,0.75,1.75,2.08,1.98,1.94,3.0,1.98,1.84,2.01,1.9,4.67,4.2,1.74,1.98,1.94,2.01,1.9,ok,
1577722937,16.09 21:45,Genoa,Napoli,ok,,29.08 10:50,16.09 21:46,4.83,3.99,1.66,6.09,3.9,1.65,0.75,1.98,1.84,2.11,1.83,2.5,1.74,2.08,2.03,1.88,6.09,3.9,1.65,2.11,1.83,2.03,1.88,ok,
1577722940,17.09 15:00,Getafe,Osasuna,ok,,28.08 18:02,17.09 15:00,2.71,3.1,2.75,2.7,2.94,3.21,0.0,1.81,2.04,1.8,2.15,1.75,1.76,2.08,1.89,2.02,2.7,2.94,3.21,1.8,2.15,1.89,2.02,ok,
1578132523,22.09 22:00,AS Monaco,Nice,ok,,05.09 14:03,22.09 22:02,1.85,4.02,4.15,2.46,3.62,2.95,-0.25,1.63,2.44,2.13,1.82,2.75,1.74,2.2,1.94,1.96,2.46,3.62,2.95,2.13,1.82,1.94,1.96,ok,
1578132524,24.09 21:45,Paris Saint Germain,Marseille,ok,,05.09 15:05,24.09 21:45,1.65,4.27,4.64,1.56,4.57,6.11,-1.0,2.1,1.75,1.87,2.06,3.0,1.81,1.99,1.93,1.98,1.56,4.57,6.11,1.87,2.06,1.93,1.98,ok,
1578132525,24.09 14:00,Metz,Strasbourg,ok,,22.09 11:24,24.09 14:02,2.98,3.29,2.58,2.92,3.19,2.73,0.0,2.11,1.82,2.03,1.9,2.25,1.92,1.97,1.97,1.93,2.92,3.19,2.73,2.03,1.9,1.97,1.93,ok,
1578132527,24.09 16:00,Lens,Toulouse FC,ok,,05.09 14:03,24.09 16:01,1.58,4.22,5.6,1.45,4.73,8.07,-1.25,2.22,1.75,2.0,1.93,2.75,1.68,2.29,2.04,1.87,1.45,4.73,8.07,2.0,1.93,2.04,1.87,ok,
1578132530,24.09 16:00,Le Havre,Clermont,ok,,20.09 21:53,24.09 16:02,2.49,3.26,3.15,2.56,3.08,3.26,-0.25,2.11,1.81,2.15,1.8,2.0,1.64,2.37,1.92,1.99,2.56,3.08,3.26,2.15,1.8,1.92,1.99,ok,
1578132531,24.09 22:00,Atletico Madrid,Real Madrid,ok,,05.09 14:02,24.09 21:57,2.43,3.51,2.79,2.87,3.37,2.65,0.0,1.96,1.87,2.04,1.88,2.5,1.68,2.17,1.99,1.92,2.87,3.37,2.65,2.04,1.88,1.99,1.92,ok,
1578132532,23.09 22:00,Almeria,Valencia,ok,,05.09 15:04,23.09 22:00,2.93,3.18,2.54,2.72,3.43,2.76,0.0,2.07,1.79,1.94,1.98,2.25,1.8,2.03,1.88,2.03,2.72,3.43,2.76,1.94,1.98,1.88,2.03,ok,
1578132534,23.09 22:00,Brest,Lyon,ok,,05.09 14:03,23.09 22:01,2.79,3.67,2.37,2.73,3.43,2.75,0.0,2.07,1.75,1.95,1.97,2.5,1.61,2.29,1.88,2.03,2.73,3.43,2.75,1.95,1.97,1.88,2.03,ok,
1578132535,26.09 22:00,Lille,Reims,ok,,05.09 14:03,26.09 22:02,1.86,4.16,3.83,1.91,3.88,4.13,-0.5,1.86,1.97,1.91,2.02,2.75,1.68,2.3,2.01,1.9,1.91,3.88,4.13,1.91,2.02,2.01,1.9,ok,
1578132540,23.09 18:00,Nantes,Lorient,ok,,05.09 14:03,23.09 18:03,2.19,3.51,3.19,2.35,3.38,3.33,-0.25,1.91,1.93,2.01,1.92,2.5,1.89,1.93,2.1,1.83,2.35,3.38,3.33,2.01,1.92,2.1,1.83,ok,
1578132541,23.09 17:15,Osasuna,Sevilla,ok,,05.09 14:02,23.09 17:15,2.65,3.24,2.75,2.46,3.21,3.29,-0.25,2.06,1.78,2.09,1.85,2.25,1.89,1.93,2.09,1.83,2.46,3.21,3.29,2.09,1.85,2.09,1.83,ok,
1578132543,24.09 18:05,Montpellier HSC,Rennes,ok,,05.09 14:03,24.09 18:04,3.08,3.59,2.37,2.84,3.55,2.57,0.0,2.07,1.79,2.06,1.87,2.75,1.88,1.92,2.05,1.86,2.84,3.55,2.57,2.06,1.87,2.05,1.86,ok,
1578132544,24.09 19:30,Real Betis,Cadiz,ok,,05.09 14:02,24.09 19:28,1.87,3.56,4.54,1.81,3.66,5.07,-0.75,2.09,1.74,2.06,1.87,2.25,1.79,2.12,1.89,2.01,1.81,3.66,5.07,2.06,1.87,1.89,2.01,ok,
1578132548,23.09 19:30,Barcelona,Celta Vigo,ok,,05.09 14:02,23.09 19:30,1.42,4.96,7.7,1.25,6.79,12.32,-1.75,2.5,1.6,1.87,2.05,3.25,2.31,1.68,1.92,1.96,1.25,6.79,12.32,1.87,2.05,1.92,1.96,ok,
1578132550,24.09 21:45,Torino,AS Roma,ok,,05.09 14:02,24.09 21:46,2.74,2.95,2.76,3.25,3.01,2.61,0.25,1.57,2.34,1.78,2.19,2.0,1.87,1.92,1.97,1.93,3.25,3.01,2.61,1.78,2.19,1.97,1.93,ok,
1578132553,22.09 22:00,Alaves,Athletic Club Bilbao,ok,,19.09 21:27,22.09 22:00,3.7,3.19,2.25,4.26,3.1,2.15,0.25,2.0,1.91,2.14,1.81,2.0,1.88,2.01,2.05,1.86,4.26,3.1,2.15,2.14,1.81,2.05,1.86,ok,
1578132554,24.09 17:15,Rayo Vallecano,Villarreal CF,ok,,05.09 14:02,24.09 17:15,2.72,3.42,2.69,2.64,3.53,2.78,0.0,1.93,1.91,1.91,2.01,2.75,1.95,1.87,2.06,1.85,2.64,3.53,2.78,1.91,2.01,2.06,1.85,ok,
1578132555,23.09 19:00,Sassuolo,Juventus,ok,,05.09 14:02,23.09 19:01,3.85,3.76,1.88,4.21,4.13,1.83,0.75,1.71,2.14,1.87,2.06,3.0,2.12,1.71,1.95,1.95,4.21,4.13,1.83,1.87,2.06,1.95,1.95,ok,
1578132556,24.09 13:30,Empoli,FC Internazionale,ok,,05.09 14:02,24.09 13:31,4.98,4.11,1.69,11.25,6.2,1.29,1.5,1.49,2.79,2.06,1.87,3.0,2.0,1.81,1.97,1.93,11.25,6.2,1.29,2.06,1.87,1.97,1.93,ok,
1578132557,22.09 19:30,Salernitana,Frosinone,ok,,21.09 16:44,22.09 19:28,2.49,3.31,3.07,2.45,3.36,3.17,-0.25,2.13,1.8,2.09,1.85,2.25,1.84,2.08,1.85,2.06,2.45,3.36,3.17,2.09,1.85,1.85,2.06,ok,
1578132563,24.09 19:30,Las Palmas,Granada CF,ok,,11.09 15:20,24.09 19:30,2.14,3.58,3.87,1.96,3.73,4.08,-0.5,2.13,1.88,1.96,1.96,2.5,2.06,1.84,1.93,1.97,1.96,3.73,4.08,1.96,1.96,1.93,1.97,ok,
1578132565,24.09 19:00,Bologna,Napoli,ok,,05.09 14:02,24.09 19:00,3.87,4.06,1.67,3.48,3.63,2.18,0.25,2.24,1.73,2.05,1.88,2.5,1.71,2.12,1.85,2.07,3.48,3.63,2.18,2.05,1.88,1.85,2.07,ok,
1578132566,24.09 16:00,Atalanta BC,Cagliari,ok,,11.09 15:30,24.09 16:00,1.33,5.25,8.37,1.43,4.91,7.88,-1.25,1.75,2.1,1.99,1.93,2.75,1.81,2.02,1.98,1.93,1.43,4.91,7.88,1.99,1.93,1.98,1.93,ok,
1578132568,24.09 15:00,Real Sociedad,Getafe,ok,,05.09 14:03,24.09 14:56,1.54,3.7,7.1,1.74,3.36,6.59,-0.75,1.69,2.16,1.99,1.93,1.75,1.62,2.27,1.87,2.04,1.74,3.36,6.59,1.99,1.93,1.87,2.04,ok,
1578132572,23.09 15:00,Girona,Mallorca,ok,,05.09 14:03,23.09 14:58,1.95,3.26,4.28,1.91,3.4,4.88,-0.5,1.95,1.88,1.91,2.02,2.0,1.7,2.13,1.85,2.06,1.91,3.4,4.88,1.91,2.02,1.85,2.06,ok,
1578132575,22.09 21:45,Lecce,Genoa,ok,,14.09 20:27,22.09 21:47,2.47,3.23,3.22,2.63,3.19,3.05,0.0,1.71,2.24,1.83,2.12,2.25,1.97,1.85,2.04,1.87,2.63,3.19,3.05,1.83,2.12,2.04,1.87,ok,
1578132576,24.09 16:00,Udinese,Fiorentina,ok,,05.09 15:04,24.09 16:01,3.35,3.53,2.14,3.3,3.34,2.38,0.25,1.99,1.85,1.89,2.04,2.25,1.59,2.37,1.88,2.03,3.3,3.34,2.38,1.89,2.04,1.88,2.03,ok,
1578132578,23.09 21:45,Lazio,AC Monza,ok,,05.09 14:02,23.09 21:46,1.68,3.95,5.23,1.79,3.94,4.63,-0.75,1.82,2.0,2.02,1.9,2.75,1.98,1.83,1.99,1.91,1.79,3.94,4.63,2.02,1.9,1.99,1.91,ok,
1578758202,26.09 20:00,Sevilla,Almeria,ok,,20.09 22:37,26.09 19:57,1.48,4.38,6.46,1.71,3.97,5.18,-0.75,1.6,2.36,1.93,1.99,2.75,1.88,1.94,2.02,1.89,1.71,3.97,5.18,1.93,1.99,2.02,1.89,ok,
1578768505,26.09 21:45,Juventus,Lecce,ok,,20.09 09:11,26.09 21:46,1.46,4.17,7.55,1.52,4.26,7.35,-1.0,1.79,2.07,1.88,2.05,2.5,1.95,1.87,1.98,1.93,1.52,4.26,7.35,1.88,2.05,1.98,1.93,ok,
1578770627,26.09 22:30,Mallorca,Barcelona,ok,,20.09 10:30,26.09 22:28,5.46,4.05,1.6,7.5,4.4,1.5,1.0,1.81,2.04,2.09,1.85,2.5,1.88,1.93,1.93,1.97,7.5,4.4,1.5,2.09,1.85,1.93,1.97,ok,
1578805336,29.09 22:00,Strasbourg,Lens,ok,,21.09 16:02,29.09 22:04,2.97,3.4,2.38,4.06,3.56,2.02,0.5,1.6,2.37,1.91,2.02,2.25,1.59,2.37,1.85,2.06,4.06,3.56,2.02,1.91,2.02,1.85,2.06,ok,
1578805339,30.09 22:00,AS Monaco,Marseille,ok,,17.09 11:04,30.09 22:01,2.53,3.57,2.79,2.51,3.79,2.79,0.0,1.82,2.0,1.86,2.07,3.0,1.86,1.94,1.94,1.96,2.51,3.79,2.79,1.86,2.07,1.94,1.96,ok,
1578805341,28.09 21:45,Genoa,AS Roma,ok,,23.09 11:33,28.09 21:46,3.92,3.17,2.06,4.1,3.24,2.13,0.5,1.78,2.06,1.82,2.13,2.0,1.8,2.02,1.84,2.08,4.1,3.24,2.13,1.82,2.13,1.84,2.08,ok,
1578805342,30.09 18:00,Clermont,Paris Saint Germain,ok,,17.09 11:04,30.09 18:03,5.07,4.42,1.56,8.76,5.34,1.37,1.5,1.54,2.48,1.85,2.09,3.0,1.8,2.01,2.01,1.9,8.76,5.34,1.37,1.85,2.09,2.01,1.9,ok,
1578805345,01.10 14:00,Reims,Lyon,ok,,17.09 11:04,01.10 14:01,2.25,3.74,3.1,1.93,3.88,4.05,-0.5,2.24,1.73,1.93,2.0,2.75,1.62,2.43,1.88,2.03,1.93,3.88,4.05,1.93,2.0,1.88,2.03,ok,
1578805346,27.09 19:30,Cagliari,AC Milan,ok,,23.09 11:30,27.09 19:31,5.55,4.14,1.56,4.43,3.37,2.0,0.5,2.44,1.56,1.93,2.0,2.25,1.58,2.36,2.04,1.88,4.43,3.37,2.0,1.93,2.0,2.04,1.88,ok,
1578805347,28.09 20:00,Celta Vigo,Alaves,ok,,23.09 11:33,28.09 20:00,1.91,3.27,4.39,1.59,3.99,6.82,-1.0,2.85,1.43,2.05,1.88,2.25,2.11,1.71,1.93,1.97,1.59,3.99,6.82,2.05,1.88,1.93,1.97,ok,
1578805348,27.09 19:30,Empoli,Salernitana,ok,,17.09 11:03,27.09 19:30,2.19,3.25,3.49,2.8,3.19,2.85,0.0,1.55,2.48,1.94,1.98,2.25,1.63,2.26,1.92,1.99,2.8,3.19,2.85,1.94,1.98,1.92,1.99,ok,
1578805349,28.09 22:30,Osasuna,Atletico Madrid,ok,,20.09 02:28,28.09 22:30,3.2,3.5,2.21,4.21,3.48,2.01,0.5,1.68,2.2,1.92,2.01,2.25,1.73,2.11,1.99,1.91,4.21,3.48,2.01,1.92,2.01,1.99,1.91,ok,
1578805350,27.09 20:00,Villarreal CF,Girona,ok,,17.09 11:02,27.09 19:52,2.08,3.5,3.51,2.17,3.72,3.42,-0.25,1.8,2.05,1.88,2.05,3.0,1.87,1.93,2.05,1.87,2.17,3.72,3.42,1.88,2.05,2.05,1.87,ok,
1578805352,01.10 16:00,Toulouse FC,Metz,ok,,23.09 19:49,01.10 16:02,1.9,3.67,3.85,1.87,3.73,4.54,-0.5,1.9,1.92,1.87,2.06,2.5,1.77,2.04,1.99,1.92,1.87,3.73,4.54,1.87,2.06,1.99,1.92,ok,
1578805354,27.09 21:45,Lazio,Torino,ok,,17.09 11:03,27.09 21:46,1.89,3.5,4.5,2.3,3.27,3.54,-0.25,1.63,2.42,1.96,1.96,2.25,1.81,2.0,2.04,1.87,2.3,3.27,3.54,1.96,1.96,2.04,1.87,ok,
1578805355,01.10 16:00,Nice,Brest,ok,,17.09 11:04,01.10 16:02,1.65,4.1,5.4,1.84,3.71,4.74,-0.5,1.64,2.41,1.83,2.09,2.5,1.74,2.2,2.04,1.88,1.84,3.71,4.74,1.83,2.09,2.04,1.88,ok,
1578805357,28.09 19:30,AC Monza,Bologna,ok,,17.09 11:03,28.09 19:31,2.48,3.25,2.95,2.31,3.45,3.35,-0.25,2.09,1.74,1.98,1.94,2.5,2.01,1.82,1.91,2.0,2.31,3.45,3.35,1.98,1.94,1.91,2.0,ok,
1578805358,01.10 18:05,Lorient,Montpellier HSC,ok,,20.09 09:05,01.10 18:07,3.01,3.59,2.28,3.26,3.53,2.31,0.25,1.85,1.98,1.93,1.99,2.5,1.75,2.08,1.93,1.98,3.26,3.53,2.31,1.93,1.99,1.93,1.98,ok,
1578805359,27.09 22:30,Valencia,Real Sociedad,ok,,17.09 11:02,27.09 22:30,2.67,2.97,2.84,2.57,3.02,3.31,-0.25,2.26,1.65,2.16,1.8,2.0,1.79,2.02,2.03,1.88,2.57,3.02,3.31,2.16,1.8,2.03,1.88,ok,
1578805360,27.09 20:00,Real Madrid,Las Palmas,ok,,23.09 11:28,27.09 20:00,1.27,5.95,8.87,1.18,8.0,16.5,-2.0,2.33,1.6,1.88,2.03,3.25,1.93,1.86,2.0,1.89,1.18,8.0,16.5,1.88,2.03,2.0,1.89,ok,
1578805362,27.09 21:45,Napoli,Udinese,ok,,17.09 11:03,27.09 21:46,1.35,5.18,7.71,1.43,5.11,7.57,-1.25,1.76,2.06,1.93,1.99,3.0,1.93,1.87,1.97,1.93,1.43,5.11,7.57,1.93,1.99,1.97,1.93,ok,
1578805365,27.09 20:00,Athletic Club Bilbao,Getafe,ok,,17.09 11:02,27.09 19:50,1.71,3.42,5.44,1.53,4.06,7.73,-1.0,2.4,1.57,1.93,2.0,2.25,2.21,1.66,1.92,1.98,1.53,4.06,7.73,1.93,2.0,1.92,1.98,ok,
1578805371,27.09 22:30,Cadiz,Rayo Vallecano,ok,,17.09 11:02,27.09 22:30,2.59,3.06,3.11,2.72,3.12,3.0,0.0,1.75,2.1,1.87,2.07,2.25,2.01,1.8,2.1,1.83,2.72,3.12,3.0,1.87,2.07,2.1,1.83,ok,
1578805372,27.09 19:30,Hellas Verona FC,Atalanta BC,ok,,17.09 11:03,27.09 19:31,3.96,3.76,1.85,4.48,3.66,1.9,0.5,1.97,1.85,2.03,1.9,2.5,1.7,2.13,2.08,1.84,4.48,3.66,1.9,2.03,1.9,2.08,1.84,ok,
1578805373,28.09 20:00,Granada CF,Real Betis,ok,,23.09 11:34,28.09 20:00,3.2,3.37,2.24,2.79,3.45,2.67,0.0,2.31,1.61,2.01,1.92,2.5,1.98,1.83,1.99,1.92,2.79,3.45,2.67,2.01,1.92,1.99,1.92,ok,
1578805377,01.10 21:45,Rennes,Nantes,ok,,17.09 11:04,01.10 21:46,1.51,4.51,6.57,1.68,4.0,5.44,-0.75,1.62,2.46,1.88,2.06,2.5,1.68,2.3,1.91,2.0,1.68,4.0,5.44,1.88,2.06,1.91,2.0,ok,
1578805378,27.09 21:45,FC Internazionale,Sassuolo,ok,,17.09 11:03,27.09 21:45,1.41,5.51,7.96,1.28,6.79,9.97,-1.75,2.2,1.68,1.88,2.03,4.0,2.72,1.45,2.05,1.85,1.28,6.79,9.97,1.88,2.03,2.05,1.85,ok,
1578805379,28.09 19:30,Frosinone,Fiorentina,ok,,23.09 11:32,28.09 19:32,4.62,3.93,1.69,3.96,3.64,2.01,0.5,2.17,1.69,1.91,2.01,2.5,1.76,2.05,1.9,2.01,3.96,3.64,2.01,1.91,2.01,1.9,2.01,ok,
1578805380,01.10 16:00,Le Havre,Lille,ok,,23.09 19:50,01.10 16:03,4.05,3.61,1.87,4.86,3.75,1.81,0.75,1.71,2.14,1.86,2.07,2.5,1.88,1.92,2.08,1.84,4.86,3.75,1.81,1.86,2.07,2.08,1.84,ok,
1578928904,29.09 22:00,Barcelona,Sevilla,ok,,20.09 08:50,29.09 22:00,1.38,5.09,7.21,1.36,5.71,8.63,-1.5,2.07,1.77,1.97,1.95,3.25,2.13,1.71,1.89,2.02,1.36,5.71,8.63,1.97,1.95,1.89,2.02,ok,
1578977375,30.09 15:00,Getafe,Villarreal CF,ok,,20.09 19:02,30.09 15:00,2.9,3.19,2.56,2.82,3.14,2.87,0.0,2.04,1.79,1.94,1.98,2.25,1.83,1.99,2.06,1.86,2.82,3.14,2.87,1.94,1.98,2.06,1.86,ok,
1578985991,30.09 16:00,Lecce,Napoli,ok,,20.09 19:03,30.09 16:00,4.62,3.9,1.7,5.05,3.77,1.78,0.75,1.91,1.91,1.91,2.01,2.5,1.83,1.98,2.08,1.84,5.05,3.77,1.78,1.91,2.01,2.08,1.84,ok,
1579001977,30.09 17:15,Rayo Vallecano,Mallorca,ok,,26.09 00:35,30.09 17:15,2.22,2.99,3.79,2.03,3.26,4.46,-0.5,2.21,1.68,2.03,1.89,2.0,1.86,1.96,1.93,1.98,2.03,3.26,4.46,2.03,1.89,1.93,1.98,ok,
1579014577,30.09 19:00,AC Milan,Lazio,ok,,20.09 23:02,30.09 19:01,1.81,3.71,4.25,1.79,3.77,4.96,-0.75,2.04,1.78,2.03,1.89,2.5,1.83,1.97,1.98,1.92,1.79,3.77,4.96,2.03,1.89,1.98,1.92,ok,
1579016998,30.09 19:30,Girona,Real Madrid,ok,,20.09 23:05,30.09 19:28,3.41,3.65,2.04,4.08,4.06,1.88,0.5,1.79,2.04,2.05,1.88,3.0,2.04,1.76,1.99,1.91,4.08,4.06,1.88,2.05,1.88,1.99,1.91,ok,
1579029057,30.09 21:45,Salernitana,FC Internazionale,ok,,21.09 12:58,30.09 21:46,6.29,4.59,1.47,8.11,5.03,1.41,1.25,1.81,2.03,2.01,1.92,2.75,1.79,2.03,1.88,2.02,8.11,5.03,1.41,2.01,1.92,1.88,2.02,ok,
1579029378,30.09 22:00,Real Sociedad,Athletic Club Bilbao,ok,,21.09 12:16,30.09 22:00,2.23,3.29,3.36,2.34,3.13,3.63,-0.25,1.91,1.93,1.98,1.94,2.0,1.67,2.21,1.92,1.99,2.34,3.13,3.63,1.98,1.94,1.92,1.99,ok,
1579059332,01.10 13:30,Bologna,Empoli,ok,,21.09 19:04,01.10 13:32,1.59,4.11,5.28,1.76,4.01,4.75,-0.75,1.75,2.09,1.98,1.94,2.75,1.91,1.89,2.02,1.89,1.76,4.01,4.75,1.98,1.94,2.02,1.89,ok,
1579064823,01.10 15:00,Almeria,Granada CF,ok,,26.09 08:43,01.10 14:59,1.91,3.69,3.81,1.98,3.73,3.99,-0.5,1.91,1.91,1.98,1.94,2.75,1.94,1.86,1.96,1.94,1.98,3.73,3.99,1.98,1.94,1.96,1.94,ok,
1579069107,01.10 16:00,Udinese,Genoa,ok,,26.09 00:38,01.10 16:02,2.13,3.24,3.59,2.24,3.29,3.68,-0.25,1.83,2.0,1.91,2.02,2.25,1.94,1.86,1.93,1.97,2.24,3.29,3.68,1.91,2.02,1.93,1.97,ok,
1579072742,01.10 17:15,Alaves,Osasuna,ok,,26.09 08:43,01.10 17:14,2.65,2.93,2.92,2.59,2.99,3.32,-0.25,2.22,1.64,2.17,1.79,2.0,1.91,1.89,2.12,1.81,2.59,2.99,3.32,2.17,1.79,2.12,1.81,ok,
1579080841,01.10 21:45,AS Roma,Frosinone,ok,,26.09 00:38,01.10 21:42,1.42,4.46,7.39,1.41,5.03,8.39,-1.25,1.99,1.83,1.91,2.01,2.75,2.17,1.68,1.98,1.92,1.41,5.03,8.39,1.91,2.01,1.98,1.92,ok,
1579080842,01.10 19:00,Atalanta BC,Juventus,ok,,22.09 00:03,01.10 19:00,2.58,3.36,2.87,2.37,3.38,3.29,-0.25,2.15,1.7,2.03,1.9,2.5,1.83,2.07,2.09,1.82,2.37,3.38,3.29,2.03,1.9,2.09,1.82,ok,
1579092600,01.10 22:00,Atletico Madrid,Cadiz,ok,,22.09 00:02,01.10 21:59,1.35,5.24,9.25,1.34,5.31,10.48,-1.5,1.96,1.85,2.07,1.86,2.75,1.8,2.01,2.05,1.87,1.34,5.31,10.48,2.07,1.86,2.05,1.87,ok,
1579140883,02.10 19:30,Sassuolo,AC Monza,ok,,22.09 21:03,02.10 19:23,2.06,3.76,3.27,2.16,3.87,3.31,-0.25,1.81,2.02,1.89,2.04,3.0,1.99,1.83,1.97,1.93,2.16,3.87,3.31,1.89,2.04,1.97,1.93,ok,
1579140885,02.10 19:30,Torino,Hellas Verona FC,ok,,22.09 21:03,02.10 19:29,1.67,3.69,5.24,1.76,3.47,5.81,-0.75,1.88,1.93,2.02,1.91,2.0,1.58,2.37,1.82,2.1,1.76,3.47,5.81,2.02,1.91,1.82,2.1,ok,
1579151198,02.10 21:45,Fiorentina,Cagliari,ok,,26.09 00:36,02.10 21:44,1.44,4.58,6.56,1.56,4.2,6.8,-1.0,1.72,2.12,2.0,1.93,2.5,1.75,2.06,1.95,1.95,1.56,4.2,6.8,2.0,1.93,1.95,1.95,ok,
1579151726,02.10 22:00,Las Palmas,Celta Vigo,ok,,26.09 08:43,02.10 21:56,2.66,3.08,2.77,3.02,3.09,2.72,0.0,1.87,1.95,2.07,1.86,2.25,1.97,1.84,2.08,1.84,3.02,3.09,2.72,2.07,1.86,2.08,1.84,ok,
1579259225,07.10 18:00,Metz,Nice,ok,,28.09 16:31,07.10 18:05,4.49,3.76,1.75,6.38,4.12,1.59,1.0,1.59,2.37,1.89,2.04,2.5,1.85,1.94,2.03,1.88,6.38,4.12,1.59,1.89,2.04,2.03,1.88,ok,
1579259226,08.10 18:05,Lens,Lille,ok,,24.09 12:04,08.10 18:06,2.24,3.56,3.05,2.49,3.34,3.12,-0.25,1.94,1.88,2.13,1.82,2.25,1.5,2.57,1.85,2.07,2.49,3.34,3.12,2.13,1.82,1.85,2.07,ok,
1579259229,07.10 22:00,Reims,AS Monaco,ok,,24.09 12:04,07.10 21:55,2.55,3.64,2.73,2.73,3.76,2.56,0.0,1.85,1.97,2.03,1.9,3.0,1.79,2.13,1.9,2.01,2.73,3.76,2.56,2.03,1.9,1.9,2.01,ok,
1579259230,06.10 22:00,Strasbourg,Nantes,ok,,24.09 12:04,06.10 22:05,1.74,3.89,4.88,2.37,3.15,3.54,-0.25,1.53,2.7,2.0,1.93,2.25,1.59,2.49,2.02,1.89,2.37,3.15,3.54,2.0,1.93,2.02,1.89,ok,
1579259231,08.10 16:00,Montpellier HSC,Clermont,ok,,24.09 12:04,08.10 16:03,1.89,3.76,4.15,1.98,3.59,4.16,-0.5,1.84,1.97,1.98,1.94,2.5,1.75,2.19,2.01,1.9,1.98,3.59,4.16,1.98,1.94,2.01,1.9,ok,
1579259232,08.10 16:00,Brest,Toulouse FC,ok,,24.09 12:04,08.10 16:02,2.36,3.47,3.11,1.73,3.9,5.25,-0.75,2.8,1.5,1.94,1.98,2.5,1.76,2.16,2.07,1.85,1.73,3.9,5.25,1.94,1.98,2.07,1.85,ok,
1579259234,08.10 21:45,Rennes,Paris Saint Germain,ok,,24.09 12:04,08.10 21:45,3.07,3.58,2.33,4.19,4.01,1.87,0.5,1.68,2.32,2.07,1.87,3.0,1.97,1.83,2.04,1.87,4.19,4.01,1.87,2.07,1.87,2.04,1.87,ok,
1579259236,08.10 16:00,Lyon,Lorient,ok,,24.09 12:04,08.10 16:03,1.6,4.37,5.45,1.79,3.93,4.66,-0.75,1.74,2.23,2.02,1.91,2.75,1.7,2.26,1.9,2.01,1.79,3.93,4.66,2.02,1.91,1.9,2.01,ok,
1579259240,08.10 14:00,Marseille,Le Havre,ok,,28.09 16:32,08.10 14:03,1.55,4.24,5.53,1.48,4.61,7.28,-1.25,2.23,1.66,2.08,1.86,2.75,1.9,1.9,1.94,1.96,1.48,4.61,7.28,2.08,1.86,1.94,1.96,ok,
1579266686,01.10 22:00,Real Betis,Valencia,ok,,24.09 19:02,01.10 21:57,2.5,3.19,3.11,2.07,3.41,4.04,-0.5,2.49,1.6,2.07,1.86,2.25,1.82,1.98,2.07,1.85,2.07,3.41,4.04,2.07,1.86,2.07,1.85,ok,
1579385243,06.10 22:00,Athletic Club Bilbao,Almeria,ok,,27.09 01:02,06.10 22:00,1.52,4.48,6.48,1.31,5.93,10.5,-1.75,2.75,1.44,2.08,1.85,3.0,2.13,1.79,1.88,2.02,1.31,5.93,10.5,2.08,1.85,1.88,2.02,ok,
1579424129,07.10 15:00,Cadiz,Girona,ok,,27.09 17:02,07.10 15:00,2.78,3.32,2.54,3.53,3.45,2.23,0.25,1.68,2.18,2.01,1.91,2.5,1.97,1.83,2.05,1.87,3.53,3.45,2.23,2.01,1.91,2.05,1.87,ok,
1579444608,07.10 17:15,Real Madrid,Osasuna,ok,,27.09 19:02,07.10 17:15,1.33,5.53,9.41,1.27,6.43,11.78,-1.75,2.19,1.76,2.01,1.92,3.0,1.87,1.93,1.93,1.97,1.27,6.43,11.78,2.01,1.92,1.93,1.97,ok,
1579456286,07.10 19:30,Mallorca,Valencia,ok,,27.09 21:02,07.10 19:31,2.92,2.86,2.92,2.57,3.0,3.34,-0.25,2.43,1.63,2.15,1.8,2.0,1.98,1.83,2.06,1.85,2.57,3.0,3.34,2.15,1.8,2.06,1.85,ok,
1579472070,08.10 16:00,Lazio,Atalanta BC,ok,,28.09 01:02,08.10 16:00,2.33,3.53,2.92,3.06,3.23,2.59,0.0,1.7,2.15,2.14,1.81,2.25,1.52,2.51,1.91,2.0,3.06,3.23,2.59,2.14,1.81,1.91,2.0,ok,
1579472071,08.10 13:30,AC Monza,Salernitana,ok,,28.09 01:02,08.10 13:27,1.74,3.87,4.92,1.75,3.91,5.0,-0.75,1.9,1.92,1.96,1.96,2.5,1.83,2.08,1.86,2.05,1.75,3.91,5.0,1.96,1.96,1.86,2.05,ok,
1579472072,07.10 19:00,Juventus,Torino,ok,,28.09 01:02,07.10 19:02,1.56,3.94,5.94,2.08,3.2,4.37,-0.5,1.56,2.44,2.08,1.85,2.0,1.51,2.53,2.02,1.88,2.08,3.2,4.37,2.08,1.85,2.02,1.88,ok,
1579472074,07.10 16:00,FC Internazionale,Bologna,ok,,28.09 01:02,07.10 15:59,1.48,4.48,6.05,1.32,5.7,10.25,-1.5,2.35,1.6,1.99,1.93,3.0,2.08,1.74,2.03,1.88,1.32,5.7,10.25,1.99,1.93,2.03,1.88,ok,
1579472075,08.10 16:00,Frosinone,Hellas Verona FC,ok,,01.10 22:28,08.10 16:01,2.1,3.36,3.56,2.24,3.46,3.48,-0.25,1.8,2.03,1.93,2.0,2.5,2.04,1.77,2.0,1.91,2.24,3.46,3.48,1.93,2.0,2.0,1.91,ok,
1579472076,08.10 19:00,Cagliari,AS Roma,ok,,01.10 22:28,08.10 19:01,4.01,3.31,1.98,5.02,3.52,1.84,0.5,1.85,1.98,2.09,1.85,2.25,1.95,1.85,1.98,1.93,5.02,3.52,1.84,2.09,1.85,1.98,1.93,ok,
1579472077,08.10 21:45,Napoli,Fiorentina,ok,,28.09 01:02,08.10 21:39,1.58,4.18,5.25,1.6,4.53,5.54,-1.0,2.0,1.83,1.98,1.94,3.0,2.13,1.7,2.03,1.88,1.6,4.53,5.54,1.98,1.94,2.03,1.88,ok,
1579472078,06.10 19:30,Empoli,Udinese,ok,,28.09 01:02,06.10 19:31,2.55,3.41,2.7,2.9,3.37,2.63,0.0,1.85,1.97,2.06,1.87,2.5,1.79,2.01,1.92,1.99,2.9,3.37,2.63,2.06,1.87,1.92,1.99,ok,
1579472100,07.10 21:45,Genoa,AC Milan,ok,,01.10 22:19,07.10 21:47,3.67,3.57,2.02,4.5,3.44,1.96,0.5,1.85,2.06,1.96,1.96,2.25,1.69,2.14,2.01,1.9,4.5,3.44,1.96,1.96,1.96,2.01,1.9,ok,
1579472101,06.10 21:45,Lecce,Sassuolo,ok,,28.09 01:02,06.10 21:46,2.42,3.56,2.77,2.75,3.44,2.73,0.0,1.79,2.05,1.97,1.95,2.5,1.74,2.08,1.92,1.99,2.75,3.44,2.73,1.97,1.95,1.92,1.99,ok,
1579473503,07.10 22:00,Sevilla,Rayo Vallecano,ok,,28.09 01:02,07.10 22:01,1.94,3.48,3.9,1.82,3.81,4.7,-0.75,2.25,1.65,2.07,1.86,2.5,2.05,1.76,2.02,1.89,1.82,3.81,4.7,2.07,1.86,2.02,1.89,ok,
1579513559,08.10 15:00,Villarreal CF,Las Palmas,ok,,01.10 22:24,08.10 15:01,1.49,4.37,6.18,1.65,4.11,5.57,-0.75,1.61,2.33,1.83,2.11,2.75,1.96,1.85,2.04,1.88,1.65,4.11,5.57,1.83,2.11,2.04,1.88,ok,
1579514573,08.10 17:15,Atletico Madrid,Real Sociedad,ok,,28.09 17:02,08.10 17:15,1.87,3.51,4.63,2.04,3.36,4.25,-0.5,1.82,2.0,2.04,1.88,2.25,1.83,1.97,1.94,1.96,2.04,3.36,4.25,2.04,1.88,1.94,1.96,ok,
1579514574,08.10 19:30,Alaves,Real Betis,ok,,01.10 22:25,08.10 19:30,2.8,3.04,2.72,2.51,3.27,3.15,-0.25,2.36,1.59,2.14,1.81,2.25,2.17,1.68,2.01,1.9,2.51,3.27,3.15,2.14,1.81,2.01,1.9,ok,
1579514575,08.10 22:00,Granada CF,Barcelona,ok,,01.10 22:26,08.10 22:01,7.35,5.22,1.36,7.05,5.27,1.43,1.25,2.05,1.77,2.03,1.9,3.25,2.06,1.75,1.99,1.92,7.05,5.27,1.43,2.03,1.9,1.99,1.92,ok,
1579514576,08.10 19:30,Celta Vigo,Getafe,ok,,28.09 17:02,08.10 19:30,1.92,3.25,4.85,2.04,3.28,4.38,-0.5,1.87,1.95,2.04,1.89,2.25,2.26,1.7,2.1,1.82,2.04,3.28,4.38,2.04,1.89,2.1,1.82,ok,
1579747219,22.10 16:00,Bologna,Frosinone,ok,,06.10 11:06,22.10 16:02,1.67,3.9,5.49,1.74,3.92,5.09,-0.75,1.81,2.02,1.95,1.97,2.5,1.88,1.92,1.86,2.06,1.74,3.92,5.09,1.95,1.97,1.86,2.06,ok,
1579747220,22.10 19:00,Atalanta BC,Genoa,ok,,06.10 11:06,22.10 19:01,1.54,4.2,5.74,1.55,4.38,6.52,-1.0,1.92,1.9,1.92,2.01,2.5,1.78,2.02,1.88,2.03,1.55,4.38,6.52,1.92,2.01,1.88,2.03,ok,
1579747221,21.10 22:00,Celta Vigo,Atletico Madrid,ok,,02.10 01:02,21.10 21:59,3.25,3.3,2.25,3.43,3.54,2.23,0.25,1.88,1.93,2.0,1.93,2.5,2.02,1.8,1.97,1.93,3.43,3.54,2.23,2.0,1.93,1.97,1.93,ok,
1579747222,21.10 19:30,Sevilla,Real Madrid,ok,,02.10 01:02,21.10 19:30,3.32,3.53,2.22,4.82,4.14,1.74,0.75,1.56,2.6,1.99,1.93,3.0,2.24,1.71,1.99,1.91,4.82,4.14,1.74,1.99,1.93,1.99,1.91,ok,
1579747223,22.10 21:45,AC Milan,Juventus,ok,,02.10 01:02,22.10 21:46,2.22,3.29,3.55,2.16,3.35,3.84,-0.25,1.85,1.96,1.85,2.09,2.25,1.8,2.01,1.93,1.98,2.16,3.35,3.84,1.85,2.09,1.93,1.98,ok,
1579747224,22.10 17:15,Girona,Almeria,ok,,02.10 01:02,22.10 17:16,1.68,4.15,5.05,1.39,5.33,8.2,-1.5,2.75,1.5,2.08,1.86,3.0,1.97,1.83,1.86,2.05,1.39,5.33,8.2,2.08,1.86,1.86,2.05,ok,
1579747225,22.10 16:00,Salernitana,Cagliari,ok,,06.10 11:06,22.10 16:02,2.47,3.27,2.91,2.34,3.38,3.34,-0.25,2.11,1.73,2.0,1.92,2.5,2.05,1.76,1.98,1.92,2.34,3.38,3.34,2.0,1.92,1.98,1.92,ok,
1579747226,21.10 16:00,Hellas Verona FC,Napoli,ok,,02.10 01:02,21.10 15:59,5.59,4.16,1.56,5.86,4.18,1.62,1.0,1.86,1.96,1.88,2.05,2.75,1.97,1.83,2.05,1.86,5.86,4.18,1.62,1.88,2.05,2.05,1.86,ok,
1579747227,23.10 19:30,Udinese,Lecce,ok,,02.10 01:02,23.10 19:28,2.21,3.29,3.59,2.17,3.24,3.86,-0.25,1.84,1.97,1.85,2.08,2.25,1.81,2.0,1.96,1.94,2.17,3.24,3.86,1.85,2.08,1.96,1.94,ok,
1579747228,23.10 21:45,Fiorentina,Empoli,ok,,02.10 01:02,23.10 21:46,1.5,4.55,6.59,1.43,4.88,7.68,-1.25,2.02,1.81,1.98,1.94,3.0,2.02,1.79,2.05,1.87,1.43,4.88,7.68,1.98,1.94,2.05,1.87,ok,
1579747229,21.10 15:00,Real Sociedad,Mallorca,ok,,02.10 01:02,21.10 15:00,1.54,3.81,7.94,1.7,3.57,6.28,-0.75,1.65,2.25,1.93,2.0,2.0,1.83,1.96,1.99,1.92,1.7,3.57,6.28,1.93,2.0,1.99,1.92,ok,
1579747230,21.10 17:15,Getafe,Real Betis,ok,,02.10 01:02,21.10 17:15,2.55,2.97,3.28,2.5,3.13,3.31,-0.25,2.09,1.76,2.11,1.83,2.0,1.87,1.93,1.81,2.13,2.5,3.13,3.31,2.11,1.83,1.81,2.13,ok,
1579747231,20.10 22:00,Osasuna,Granada CF,ok,,06.10 11:03,20.10 22:01,1.78,3.72,4.36,1.7,3.87,5.6,-0.75,2.02,1.81,1.9,2.02,2.25,1.7,2.14,1.83,2.09,1.7,3.87,5.6,1.9,2.02,1.83,2.09,ok,
1579747235,23.10 22:00,Valencia,Cadiz,ok,,02.10 01:02,23.10 22:01,1.63,3.77,5.43,1.68,3.67,6.05,-0.75,1.83,2.0,1.91,2.02,2.25,1.83,1.98,2.06,1.85,1.68,3.67,6.05,1.91,2.02,2.06,1.85,ok,
1579747237,22.10 22:00,Barcelona,Athletic Club Bilbao,ok,,02.10 01:02,22.10 22:00,1.5,4.52,6.73,1.88,3.77,4.44,-0.5,1.49,2.81,1.88,2.06,2.75,1.83,1.96,1.97,1.93,1.88,3.77,4.44,1.88,2.06,1.97,1.93,ok,
1579747238,21.10 21:45,Sassuolo,Lazio,ok,,02.10 01:02,21.10 21:46,2.84,3.59,2.35,2.87,3.56,2.55,0.0,2.1,1.74,2.09,1.85,2.75,1.74,2.07,1.93,1.97,2.87,3.56,2.55,2.09,1.85,1.93,1.97,ok,
1579747240,22.10 13:30,AS Roma,AC Monza,ok,,02.10 01:02,22.10 13:32,1.66,3.88,5.66,1.78,3.77,5.01,-0.75,1.8,2.03,2.0,1.93,2.5,1.93,1.86,1.99,1.92,1.78,3.77,5.01,2.0,1.93,1.99,1.92,ok,
1579747242,21.10 19:00,Torino,FC Internazionale,ok,,02.10 01:02,21.10 19:01,3.68,3.48,2.01,5.48,3.81,1.72,0.75,1.6,2.33,1.99,1.93,2.5,1.93,1.88,2.09,1.83,5.48,3.81,1.72,1.99,1.93,2.09,1.83,ok,
1579747243,22.10 16:00,Nantes,Montpellier HSC,ok,,02.10 01:03,22.10 16:01,2.86,3.42,2.42,3.16,3.65,2.32,0.25,1.75,2.08,1.92,2.01,2.75,2.0,1.81,1.99,1.91,3.16,3.65,2.32,1.92,2.01,1.99,1.91,ok,
1579747244,21.10 22:00,Nice,Marseille,ok,,02.10 01:03,21.10 22:02,2.36,3.49,2.9,2.38,3.34,3.3,-0.25,2.04,1.79,2.04,1.89,2.25,1.52,2.52,1.83,2.09,2.38,3.34,3.3,2.04,1.89,1.83,2.09,ok,
1579747245,22.10 16:00,Lille,Brest,ok,,02.10 01:03,22.10 16:03,1.52,4.48,6.48,1.9,3.55,4.62,-0.5,1.51,2.76,1.9,2.02,2.5,1.69,2.29,2.04,1.87,1.9,3.55,4.62,1.9,2.02,2.04,1.87,ok,
1579747246,22.10 21:45,Lyon,Clermont,ok,,02.10 01:03,22.10 21:43,1.67,4.1,4.61,1.94,3.64,4.28,-0.5,1.66,2.22,1.94,1.98,2.5,1.64,2.24,1.93,1.97,1.94,3.64,4.28,1.94,1.98,1.93,1.97,ok,
1579747250,22.10 15:00,Las Palmas,Rayo Vallecano,ok,,04.10 12:21,22.10 15:01,2.75,3.06,2.75,2.64,3.04,3.18,0.0,1.91,1.91,1.79,2.16,2.0,1.67,2.19,1.95,1.95,2.64,3.04,3.18,1.79,2.16,1.95,1.95,ok,
1579747251,22.10 19:30,Villarreal CF,Alaves,ok,,04.10 12:22,22.10 19:30,1.76,3.78,4.41,2.11,3.35,4.0,-0.5,1.75,2.08,2.11,1.83,2.25,1.75,2.06,1.86,2.05,2.11,3.35,4.0,2.11,1.83,1.86,2.05,ok,
1579747254,22.10 16:00,Toulouse FC,Reims,ok,,02.10 01:03,22.10 16:03,2.68,3.48,2.54,2.73,3.4,2.76,0.0,1.96,1.85,1.95,1.97,2.5,1.65,2.21,1.97,1.93,2.73,3.4,2.76,1.95,1.97,1.97,1.93,ok,
1579747255,22.10 14:00,Lorient,Rennes,ok,,02.10 01:03,22.10 14:04,3.75,3.6,2.04,4.28,3.84,1.88,0.5,1.84,1.98,2.04,1.88,2.5,1.79,2.13,1.93,1.98,4.28,3.84,1.88,2.04,1.88,1.93,1.98,ok,
1579747261,20.10 22:00,Le Havre,Lens,ok,,06.10 11:05,20.10 22:05,3.57,3.42,2.17,4.66,3.63,1.88,0.5,1.78,2.16,2.06,1.88,2.25,1.7,2.26,1.89,2.01,4.66,3.63,1.88,2.06,1.88,1.89,2.01,ok,
1579747262,22.10 18:05,AS Monaco,Metz,ok,,06.10 11:05,22.10 18:09,1.4,5.27,7.62,1.33,5.98,9.13,-1.5,1.99,1.83,1.9,2.02,3.25,1.92,1.88,1.91,2.0,1.33,5.98,9.13,1.9,2.02,1.91,2.0,ok,
1579747263,21.10 18:00,Paris Saint Germain,Strasbourg,ok,,02.10 01:03,21.10 18:01,1.26,6.0,9.35,1.22,7.5,13.0,-2.0,2.31,1.6,2.05,1.86,3.25,2.0,1.8,1.99,1.9,1.22,7.5,13.0,2.05,1.86,1.99,1.9,ok,
1580147758,28.10 18:00,Reims,Lorient,ok,,10.10 15:03,28.10 18:03,1.67,4.09,5.16,1.75,3.98,4.79,-0.75,1.8,2.03,1.97,1.95,2.75,1.83,1.97,2.02,1.88,1.75,3.98,4.79,1.97,1.95,2.02,1.88,ok,
1580147759,29.10 17:00,Lille,AS Monaco,ok,,10.10 15:03,29.10 17:04,2.01,3.81,3.62,2.5,3.73,2.78,0.0,1.52,2.74,1.86,2.07,3.0,1.86,1.94,2.02,1.89,2.5,3.73,2.78,1.86,2.07,2.02,1.89,ok,
1580147760,30.10 20:30,Empoli,Atalanta BC,ok,,10.10 15:03,30.10 20:32,5.0,4.17,1.61,5.02,4.13,1.69,0.75,2.06,1.77,2.03,1.89,2.75,1.76,2.04,1.94,1.96,5.02,4.13,1.69,2.03,1.89,1.94,1.96,ok,
1580147761,29.10 15:00,Brest,Paris Saint Germain,ok,,10.10 15:03,29.10 15:00,4.83,4.33,1.6,5.51,4.38,1.61,1.0,1.82,2.01,1.88,2.04,2.75,1.66,2.2,1.9,2.01,5.51,4.38,1.61,1.88,2.04,1.9,2.01,ok,
1580147762,28.10 22:00,Lens,Nantes,ok,,10.10 15:03,28.10 22:00,1.46,4.64,7.27,1.61,4.27,5.64,-1.0,1.72,2.25,2.04,1.88,2.75,1.85,1.95,1.96,1.94,1.61,4.27,5.64,2.04,1.88,1.96,1.94,ok,
1580147763,29.10 19:05,Rennes,Strasbourg,ok,,10.10 15:03,29.10 19:07,1.63,4.13,5.58,1.5,4.49,7.15,-1.0,2.0,1.82,1.83,2.12,2.5,1.76,2.17,1.9,2.01,1.5,4.49,7.15,1.83,2.12,1.9,2.01,ok,
1580147764,29.10 17:00,Metz,Le Havre,ok,,11.10 15:12,29.10 16:59,2.43,3.32,2.92,2.95,3.09,2.74,0.0,1.74,2.09,2.04,1.89,2.25,1.74,2.08,2.12,1.81,2.95,3.09,2.74,2.04,1.89,2.12,1.81,ok,
1580147765,29.10 14:30,Cagliari,Frosinone,ok,,11.10 15:10,29.10 14:29,2.4,3.36,3.14,2.19,3.46,3.54,-0.25,2.01,1.82,1.89,2.04,2.5,1.88,1.92,1.94,1.96,2.19,3.46,3.54,1.89,2.04,1.94,1.96,ok,
1580147768,29.10 16:00,Real Betis,Osasuna,ok,,10.10 15:03,29.10 16:00,1.99,3.42,4.17,1.99,3.47,4.21,-0.5,1.93,1.88,2.0,1.93,2.25,1.81,2.0,1.92,1.99,1.99,3.47,4.21,2.0,1.93,1.92,1.99,ok,
1580147769,30.10 22:45,Lazio,Fiorentina,ok,,10.10 15:02,30.10 22:44,2.17,3.51,3.24,2.33,3.38,3.31,-0.25,1.88,1.94,2.0,1.92,2.5,1.84,1.96,2.01,1.9,2.33,3.38,3.31,2.0,1.92,2.01,1.9,ok,
1580147770,30.10 23:00,Granada CF,Villarreal CF,ok,,10.10 15:34,30.10 23:01,3.27,3.51,2.15,2.99,3.64,2.39,0.25,1.95,1.86,1.85,2.08,3.0,2.45,1.54,2.08,1.84,2.99,3.64,2.39,1.85,2.08,2.08,1.84,ok,
1580147771,28.10 19:00,Lecce,Torino,ok,,10.10 15:02,28.10 18:58,2.99,2.95,2.77,2.79,2.93,3.05,0.0,1.98,1.84,1.88,2.06,2.0,1.83,1.97,2.06,1.85,2.79,2.93,3.05,1.88,2.06,2.06,1.85,ok,
1580147774,29.10 22:45,Napoli,AC Milan,ok,,10.10 15:02,29.10 22:46,1.97,3.59,4.01,2.27,3.43,3.39,-0.25,1.7,2.28,1.95,1.97,2.5,1.83,1.97,1.97,1.93,2.27,3.43,3.39,1.95,1.97,1.97,1.93,ok,
1580147776,29.10 17:00,Montpellier HSC,Toulouse FC,ok,,10.10 15:03,29.10 17:04,1.67,4.05,4.64,1.89,3.81,4.21,-0.5,1.67,2.21,1.9,2.03,2.5,1.64,2.24,1.85,2.06,1.89,3.81,4.21,1.9,2.03,1.85,2.06,ok,
1580147778,27.10 22:00,Clermont,Nice,ok,,10.10 15:03,27.10 21:59,3.18,3.4,2.24,3.81,3.19,2.21,0.25,1.88,1.93,2.05,1.88,2.25,1.64,2.24,2.1,1.83,3.81,3.19,2.21,2.05,1.88,2.1,1.83,ok,
1580147781,29.10 18:15,Rayo Vallecano,Real Sociedad,ok,,10.10 15:03,29.10 18:17,2.86,3.06,2.65,3.42,3.15,2.39,0.25,1.65,2.23,1.89,2.03,2.0,1.75,2.07,1.83,2.09,3.42,3.15,2.39,1.89,2.03,1.83,2.09,ok,
1580147782,28.10 15:00,Almeria,Las Palmas,ok,,10.10 15:29,28.10 15:00,2.28,3.35,3.15,2.32,3.29,3.42,-0.25,1.96,1.86,1.99,1.93,2.25,1.69,2.15,1.95,1.95,2.32,3.29,3.42,1.99,1.93,1.95,1.95,ok,
1580147783,28.10 19:30,Mallorca,Getafe,ok,,10.10 15:03,28.10 19:26,2.19,2.95,4.19,2.32,2.94,3.9,-0.25,1.78,2.04,1.94,1.98,1.75,1.79,2.03,1.92,1.99,2.32,2.94,3.9,1.94,1.98,1.92,1.99,ok,
1580147785,29.10 23:00,Atletico Madrid,Alaves,ok,,10.10 15:31,29.10 23:00,1.33,4.96,9.22,1.45,4.57,8.2,-1.25,1.77,2.05,2.08,1.85,2.5,1.89,1.91,2.0,1.91,1.45,4.57,8.2,2.08,1.85,2.0,1.91,ok,
1580147786,27.10 22:00,Girona,Celta Vigo,ok,,10.10 15:03,27.10 22:00,2.01,3.56,3.89,1.75,4.12,4.63,-0.75,2.32,1.68,1.97,1.95,2.75,2.09,1.81,1.86,2.05,1.75,4.12,4.63,1.97,1.95,1.86,2.05,ok,
1580147791,28.10 22:00,Cadiz,Sevilla,ok,,10.10 15:03,28.10 21:58,2.93,3.18,2.65,3.9,3.49,2.06,0.5,1.51,2.56,1.86,2.07,2.25,1.81,2.01,1.92,1.98,3.9,3.49,2.06,1.86,2.07,1.92,1.98,ok,
1580147795,28.10 21:45,Juventus,Hellas Verona FC,ok,,10.10 15:02,28.10 21:44,1.43,4.67,8.08,1.41,4.84,8.69,-1.25,1.91,1.91,1.96,1.96,2.5,1.81,2.09,1.88,2.03,1.41,4.84,8.69,1.96,1.96,1.88,2.03,ok,
1580147797,29.10 20:30,Athletic Club Bilbao,Valencia,ok,,10.10 15:03,29.10 20:31,1.69,3.67,5.04,1.65,3.97,5.83,-0.75,1.92,1.9,1.84,2.1,2.25,1.83,1.98,1.85,2.07,1.65,3.97,5.83,1.84,2.1,1.85,2.07,ok,
1580147798,29.10 20:00,FC Internazionale,AS Roma,ok,,10.10 15:02,29.10 19:59,1.74,3.82,5.02,1.54,4.21,6.83,-1.0,2.31,1.69,1.95,1.97,2.5,1.86,1.94,1.99,1.92,1.54,4.21,6.83,1.95,1.97,1.99,1.92,ok,
1580147799,28.10 16:00,Sassuolo,Bologna,ok,,10.10 15:02,28.10 16:12,2.4,3.51,3.01,2.58,3.46,2.85,0.0,1.75,2.2,1.87,2.06,2.75,1.83,1.97,2.04,1.88,2.58,3.46,2.85,1.87,2.06,2.04,1.88,ok,
1580147801,29.10 17:00,AC Monza,Udinese,ok,,10.10 15:02,29.10 17:03,2.04,3.56,3.51,2.13,3.53,3.64,-0.25,1.76,2.06,1.84,2.1,2.5,1.79,2.01,2.0,1.91,2.13,3.53,3.64,1.84,2.1,2.0,1.91,ok,
1580147804,27.10 21:45,Genoa,Salernitana,ok,,11.10 15:10,27.10 21:45,1.66,3.86,5.0,1.75,3.7,5.3,-0.75,1.85,1.96,1.99,1.93,2.25,1.69,2.15,1.93,1.97,1.75,3.7,5.3,1.99,1.93,1.93,1.97,ok,
1580147805,28.10 17:15,Barcelona,Real Madrid,ok,,10.10 15:03,28.10 17:17,1.94,3.89,3.8,2.58,3.49,2.83,0.0,1.47,2.89,1.88,2.05,2.75,1.68,2.31,1.99,1.92,2.58,3.49,2.83,1.88,2.05,1.99,1.92,ok,
1580563413,03.11 22:45,Bologna,Lazio,ok,,20.10 01:03,03.11 22:48,2.5,3.45,2.74,2.76,3.09,2.92,0.0,1.83,2.0,1.91,2.02,2.25,1.63,2.25,2.12,1.81,2.76,3.09,2.92,1.91,2.02,2.12,1.81,ok,
1580710690,05.11 15:00,Lyon,Metz,ok,,23.10 16:51,05.11 15:04,1.55,4.34,5.35,1.67,3.94,5.61,-0.75,1.68,2.18,1.86,2.07,2.5,1.62,2.27,1.9,2.01,1.67,3.94,5.61,1.86,2.07,1.9,2.01,ok,
1580710692,05.11 19:05,AS Monaco,Brest,ok,,22.10 13:05,05.11 19:07,1.6,4.32,5.53,1.77,4.0,4.64,-0.75,1.69,2.16,2.0,1.93,2.75,1.76,2.05,1.98,1.93,1.77,4.0,4.64,2.0,1.93,1.98,1.93,ok,
1580710693,05.11 22:45,Nice,Rennes,ok,,22.10 13:05,05.11 22:46,2.2,3.43,3.22,2.15,3.35,3.78,-0.25,1.9,1.92,1.85,2.09,2.25,1.62,2.28,1.96,1.94,2.15,3.35,3.78,1.85,2.09,1.96,1.94,ok,
1580710694,04.11 18:15,Real Betis,Mallorca,ok,,22.10 13:02,04.11 18:13,1.97,3.28,4.51,1.9,3.45,4.68,-0.5,1.92,1.9,1.91,2.02,2.25,2.07,1.76,2.05,1.86,1.9,3.45,4.68,1.91,2.02,2.05,1.86,ok,
1580710695,04.11 23:00,Real Sociedad,Barcelona,ok,,22.10 13:02,04.11 23:01,3.21,3.4,2.22,3.38,3.29,2.34,0.25,1.9,1.92,1.92,2.0,2.25,1.63,2.25,1.86,2.05,3.38,3.29,2.34,1.92,2.0,1.86,2.05,ok,
1580710696,03.11 23:00,Paris Saint Germain,Montpellier HSC,ok,,22.10 13:05,03.11 23:03,1.32,5.73,7.59,1.26,6.79,10.44,-1.75,2.1,1.74,1.91,2.0,3.5,1.98,1.83,1.87,2.02,1.26,6.79,10.44,1.91,2.0,1.87,2.02,ok,
1580710697,05.11 18:15,Valencia,Granada CF,ok,,22.10 13:02,05.11 18:15,1.54,4.19,5.77,1.65,4.17,5.36,-0.75,1.68,2.19,1.84,2.1,2.5,1.84,1.97,1.85,2.06,1.65,4.17,5.36,1.84,2.1,1.85,2.06,ok,
1580710698,06.11 22:45,Torino,Sassuolo,ok,,22.10 13:04,06.11 22:43,1.89,3.69,4.23,2.09,3.45,3.86,-0.5,1.84,1.97,2.1,1.84,2.5,1.83,2.08,2.06,1.85,2.09,3.45,3.86,2.1,1.84,2.06,1.85,ok,
1580710699,04.11 23:00,Marseille,Lille,ok,,22.10 13:05,04.11 23:04,1.94,3.67,3.71,1.93,3.72,4.16,-0.5,1.94,1.88,1.93,1.99,2.5,1.71,2.11,1.95,1.95,1.93,3.72,4.16,1.93,1.99,1.95,1.95,ok,
1580710700,04.11 22:45,AC Milan,Udinese,ok,,22.10 13:04,04.11 22:45,1.5,4.44,6.86,1.44,4.58,8.23,-1.25,2.05,1.78,2.06,1.87,2.5,1.78,2.14,1.9,2.0,1.44,4.58,8.23,2.06,1.87,1.9,2.0,ok,
1580710701,03.11 23:00,Las Palmas,Atletico Madrid,ok,,23.10 16:49,03.11 23:01,4.17,3.59,1.85,5.72,3.73,1.7,0.75,1.72,2.11,2.0,1.92,2.25,1.7,2.13,1.9,2.01,5.72,3.73,1.7,2.0,1.92,1.9,2.01,ok,
1580710702,06.11 23:00,Getafe,Cadiz,ok,,22.10 13:02,06.11 23:01,1.93,3.19,4.87,2.08,3.1,4.41,-0.5,1.88,1.93,2.09,1.85,2.0,1.93,1.87,2.08,1.84,2.08,3.1,4.41,2.09,1.85,2.08,1.84,ok,
1580710703,05.11 20:00,AS Roma,Lecce,ok,,22.10 13:04,05.11 20:01,1.49,4.12,6.82,1.56,4.01,7.2,-1.0,1.86,1.96,1.99,1.93,2.25,1.78,2.03,1.94,1.96,1.56,4.01,7.2,1.99,1.93,1.94,1.96,ok,
1580710704,05.11 14:30,Hellas Verona FC,AC Monza,ok,,22.10 13:04,05.11 14:32,2.58,3.3,2.74,3.21,3.15,2.51,0.25,1.6,2.35,1.81,2.14,2.25,1.7,2.13,1.98,1.93,3.21,3.15,2.51,1.81,2.14,1.98,1.93,ok,
1580710707,04.11 19:00,Lorient,Lens,ok,,22.10 13:05,04.11 19:05,3.88,3.64,1.99,4.52,3.62,1.88,0.5,1.88,1.93,2.04,1.88,2.5,1.79,2.12,2.08,1.84,4.52,3.62,1.88,2.04,1.88,2.08,1.84,ok,
1580710708,05.11 17:00,Nantes,Reims,ok,,22.10 13:05,05.11 17:01,2.96,3.44,2.47,2.93,3.3,2.61,0.0,2.15,1.79,2.09,1.85,2.5,1.76,2.17,2.08,1.84,2.93,3.3,2.61,2.09,1.85,2.08,1.84,ok,
1580710710,05.11 17:00,Strasbourg,Clermont,ok,,22.10 13:05,05.11 17:03,2.0,3.45,4.06,2.33,3.22,3.47,-0.25,1.72,2.25,1.99,1.93,2.25,1.79,2.12,2.04,1.87,2.33,3.22,3.47,1.99,1.93,2.04,1.87,ok,
1580710711,04.11 20:30,Celta Vigo,Sevilla,ok,,22.10 13:02,04.11 20:30,2.13,3.4,3.43,2.42,3.41,3.11,-0.25,1.83,1.99,2.09,1.85,2.5,1.96,1.85,2.05,1.86,2.42,3.41,3.11,2.09,1.85,2.05,1.86,ok,
1580710712,05.11 16:00,Alaves,Almeria,ok,,23.10 16:50,05.11 15:59,1.87,3.64,4.43,1.72,3.8,5.4,-0.75,2.1,1.75,1.93,1.99,2.5,1.89,1.91,2.07,1.85,1.72,3.8,5.4,1.93,1.99,2.07,1.85,ok,
1580710713,05.11 23:00,Real Madrid,Rayo Vallecano,ok,,22.10 13:02,05.11 23:00,1.3,5.81,10.18,1.22,6.9,13.8,-1.75,2.09,1.83,1.86,2.05,3.0,1.83,1.97,1.81,2.07,1.22,6.9,13.8,1.86,2.05,1.81,2.07,ok,
1580710715,05.11 17:00,Toulouse FC,Le Havre,ok,,23.10 16:51,05.11 17:03,2.17,3.41,3.56,2.01,3.47,4.1,-0.5,2.16,1.78,2.02,1.9,2.25,1.71,2.24,1.91,2.0,2.01,3.47,4.1,2.02,1.9,1.91,2.0,ok,
1580710716,04.11 16:00,Osasuna,Girona,ok,,22.10 13:02,04.11 16:00,2.39,3.31,3.19,2.99,3.31,2.56,0.0,1.66,2.22,2.13,1.82,2.25,1.72,2.11,1.85,2.07,2.99,3.31,2.56,2.13,1.82,1.85,2.07,ok,
1580710717,05.11 20:30,Villarreal CF,Athletic Club Bilbao,ok,,22.10 13:02,05.11 20:29,2.5,3.56,2.68,3.8,3.94,1.95,0.5,1.48,2.66,1.96,1.96,2.75,1.93,1.87,1.83,2.08,3.8,3.94,1.95,1.96,1.96,1.83,2.08,ok,
1580710718,04.11 17:00,Salernitana,Napoli,ok,,22.10 13:04,04.11 17:01,5.76,4.37,1.57,8.15,5.28,1.39,1.25,1.74,2.22,2.07,1.87,3.0,1.95,1.85,1.95,1.95,8.15,5.28,1.39,2.07,1.87,1.95,1.95,ok,
1580710719,05.11 22:45,Fiorentina,Juventus,ok,,22.10 13:04,05.11 22:46,2.77,3.21,2.77,2.9,3.14,2.75,0.0,1.91,1.91,2.02,1.91,2.25,1.77,2.15,2.01,1.9,2.9,3.14,2.75,2.02,1.91,2.01,1.9,ok,
1580710720,06.11 20:30,Frosinone,Empoli,ok,,23.10 16:51,06.11 20:31,1.98,3.56,3.68,2.18,3.59,3.44,-0.25,1.71,2.13,1.89,2.03,2.75,2.04,1.76,2.01,1.89,2.18,3.59,3.44,1.89,2.03,2.01,1.89,ok,
1580710721,05.11 17:00,Cagliari,Genoa,ok,,23.10 16:50,05.11 17:03,2.6,3.21,2.79,2.73,2.98,3.07,0.0,1.85,1.98,1.85,2.09,2.0,1.53,2.47,1.86,2.05,2.73,2.98,3.07,1.85,2.09,1.86,2.05,ok,
1580710722,04.11 20:00,Atalanta BC,FC Internazionale,ok,,22.10 13:04,04.11 20:01,2.75,3.43,2.64,3.61,3.5,2.15,0.25,1.71,2.27,2.08,1.86,2.5,1.72,2.23,1.89,2.02,3.61,3.5,2.15,2.08,1.86,1.89,2.02,ok,
1581151564,12.11 23:00,Atletico Madrid,Villarreal CF,ok,,29.10 13:02,12.11 23:01,1.58,4.3,5.54,1.34,5.79,8.85,-1.5,2.56,1.58,1.93,1.99,3.25,2.27,1.7,1.99,1.92,1.34,5.79,8.85,1.93,1.99,1.99,1.92,ok,
1581151565,11.11 16:00,Rayo Vallecano,Girona,ok,,29.10 13:02,11.11 16:00,2.47,3.32,2.99,2.99,3.48,2.46,0.25,1.57,2.58,1.81,2.13,2.5,1.85,1.95,1.93,1.98,2.99,3.48,2.46,1.81,2.13,1.93,1.98,ok,
1581151566,12.11 16:00,Mallorca,Cadiz,ok,,29.10 13:02,06.11 19:46,1.87,3.29,4.96,1.84,3.36,5.1,-0.5,1.83,2.0,1.85,2.06,2.0,1.83,1.97,1.96,1.92,1.84,3.36,5.1,1.85,2.06,1.96,1.92,ok,
1581151567,11.11 20:30,Granada CF,Getafe,ok,,29.10 13:02,11.11 20:31,2.52,3.01,3.22,2.44,3.21,3.28,-0.25,2.08,1.76,2.08,1.85,2.25,2.15,1.78,2.03,1.88,2.44,3.21,3.28,2.08,1.85,2.03,1.88,ok,
1581151568,11.11 18:15,Almeria,Real Sociedad,ok,,29.10 13:02,11.11 18:17,3.94,3.57,1.97,4.45,3.83,1.84,0.5,1.89,1.93,2.09,1.85,2.5,1.81,1.99,1.86,2.05,4.45,3.83,1.84,2.09,1.85,1.86,2.05,ok,
1581151569,11.11 20:30,Osasuna,Las Palmas,ok,,29.10 13:02,11.11 20:28,1.79,3.56,4.92,1.97,3.36,4.47,-0.5,1.79,2.14,1.98,1.94,2.25,1.83,1.98,2.12,1.81,1.97,3.36,4.47,1.98,1.94,2.12,1.81,ok,
1581151571,12.11 20:30,Sevilla,Real Betis,ok,,29.10 13:02,12.11 20:28,1.95,3.54,4.07,2.24,3.46,3.42,-0.25,1.69,2.3,1.93,1.99,2.5,1.88,1.92,1.94,1.96,2.24,3.46,3.42,1.93,1.99,1.94,1.96,ok,
1581151572,12.11 18:15,Barcelona,Alaves,ok,,29.10 13:02,12.11 18:16,1.23,6.57,12.29,1.25,6.54,12.19,-1.75,1.81,2.0,2.0,1.91,3.0,1.74,2.2,2.0,1.89,1.25,6.54,12.19,2.0,1.91,2.0,1.89,ok,
1581151573,10.11 23:00,Athletic Club Bilbao,Celta Vigo,ok,,29.10 13:02,10.11 23:00,1.54,4.02,5.82,1.7,4.04,5.1,-0.75,1.7,2.16,1.91,2.02,2.75,2.16,1.68,1.95,1.95,1.7,4.04,5.1,1.91,2.02,1.95,1.95,ok,
1581151574,11.11 23:00,Real Madrid,Valencia,ok,,29.10 13:02,11.11 23:00,1.41,4.84,7.79,1.32,5.77,10.07,-1.5,2.16,1.78,1.94,1.98,3.0,2.11,1.81,2.0,1.9,1.32,5.77,10.07,1.94,1.98,2.0,1.9,ok,
1581151945,12.11 19:05,Rennes,Lyon,ok,,29.10 13:04,12.11 19:08,1.7,4.01,4.38,1.91,3.85,4.05,-0.5,1.7,2.16,1.92,2.0,2.75,1.73,2.09,1.99,1.92,1.91,3.85,4.05,1.92,2.0,1.99,1.92,ok,
1581151948,11.11 19:00,Reims,Paris Saint Germain,ok,,29.10 13:04,11.11 19:04,4.39,4.13,1.75,4.98,4.35,1.67,0.75,1.92,1.9,2.09,1.85,3.0,1.78,2.14,1.95,1.95,4.98,4.35,1.67,2.09,1.85,1.95,1.95,ok,
1581151951,12.11 17:00,Udinese,Atalanta BC,ok,,29.10 13:04,12.11 17:02,3.25,3.45,2.26,3.51,3.46,2.2,0.25,1.96,1.96,2.03,1.9,2.5,1.8,2.11,2.0,1.91,3.51,3.46,2.2,2.03,1.9,2.0,1.91,ok,
1581151952,10.11 20:30,Sassuolo,Salernitana,ok,,29.10 13:04,10.11 20:33,1.76,3.97,4.52,1.75,4.01,4.74,-0.75,1.92,1.9,1.97,1.95,2.75,1.8,2.11,1.92,1.98,1.75,4.01,4.74,1.97,1.95,1.92,1.98,ok,
1581151954,11.11 20:00,Juventus,Cagliari,ok,,29.10 13:23,11.11 20:03,1.41,4.73,8.19,1.44,4.6,8.18,-1.25,1.88,1.94,2.09,1.85,2.5,1.79,2.12,1.97,1.93,1.44,4.6,8.18,2.09,1.85,1.97,1.93,ok,
1581151956,12.11 14:30,Napoli,Empoli,ok,,29.10 13:04,12.11 14:30,1.23,6.74,11.59,1.29,6.3,10.0,-1.75,1.82,2.11,2.06,1.85,3.25,1.8,2.12,1.93,1.95,1.29,6.3,10.0,2.06,1.85,1.93,1.95,ok,
1581151957,10.11 22:45,Genoa,Hellas Verona FC,ok,,29.10 13:04,10.11 22:47,1.95,3.43,4.21,1.85,3.35,5.21,-0.5,1.91,1.91,1.86,2.07,2.0,1.56,2.58,1.98,1.93,1.85,3.35,5.21,1.86,2.07,1.98,1.93,ok,
1581151958,12.11 17:00,Lille,Toulouse FC,ok,,29.10 13:04,12.11 17:01,1.52,4.5,6.22,1.58,4.31,6.03,-1.0,1.78,2.05,2.0,1.93,2.5,1.63,2.41,1.87,2.04,1.58,4.31,6.03,2.0,1.93,1.87,2.04,ok,
1581151959,11.11 23:00,Le Havre,AS Monaco,ok,,29.10 13:24,11.11 23:02,3.82,3.65,1.98,4.84,4.06,1.73,0.75,1.71,2.28,1.98,1.94,2.75,1.88,1.92,1.95,1.95,4.84,4.06,1.73,1.98,1.94,1.95,1.95,ok,
1581151960,12.11 22:45,Lens,Marseille,ok,,29.10 13:04,12.11 22:44,2.36,3.42,3.08,2.32,3.43,3.27,-0.25,1.99,1.83,2.0,1.93,2.5,1.79,2.12,1.94,1.96,2.32,3.43,3.27,2.0,1.93,1.94,1.96,ok,
1581151961,12.11 17:00,Metz,Nantes,ok,,29.10 13:24,12.11 17:03,2.77,3.33,2.5,3.46,3.24,2.33,0.25,1.7,2.16,1.93,1.99,2.25,1.68,2.17,1.89,2.01,3.46,3.24,2.33,1.93,1.99,1.89,2.01,ok,
1581151963,10.11 23:00,Montpellier HSC,Nice,ok,,29.10 13:04,10.11 23:04,2.74,3.32,2.68,3.71,3.36,2.17,0.25,1.69,2.3,2.07,1.86,2.5,1.83,2.07,2.09,1.82,3.71,3.36,2.17,2.07,1.86,2.09,1.82,ok,
1581151966,11.11 17:00,Lecce,AC Milan,ok,,29.10 13:04,11.11 17:01,4.17,3.42,1.96,5.15,3.57,1.8,0.75,1.71,2.28,1.86,2.07,2.25,1.79,2.02,1.99,1.91,5.15,3.57,1.8,1.86,2.07,1.99,1.91,ok,
1581151967,12.11 17:00,Clermont,Lorient,ok,,29.10 13:04,12.11 17:02,2.04,3.42,3.86,2.31,3.3,3.42,-0.25,1.76,2.18,1.98,1.94,2.25,1.76,2.17,1.9,2.0,2.31,3.3,3.42,1.98,1.94,1.9,2.0,ok,
1581151970,12.11 20:00,Lazio,AS Roma,ok,,29.10 13:04,12.11 20:01,2.6,3.19,2.93,2.98,2.91,2.87,0.0,1.8,2.03,2.0,1.93,2.0,1.56,2.41,1.99,1.92,2.98,2.91,2.87,2.0,1.93,1.99,1.92,ok,
1581151971,11.11 22:45,AC Monza,Torino,ok,,29.10 13:04,11.11 22:46,2.33,3.25,3.08,2.79,3.13,2.86,0.0,1.66,2.22,1.93,1.99,2.25,1.8,2.01,2.03,1.88,2.79,3.13,2.86,1.93,1.99,2.03,1.88,ok,
1581151972,12.11 22:45,FC Internazionale,Frosinone,ok,,29.10 13:24,12.11 22:36,1.24,6.54,11.61,1.17,8.5,16.0,-2.25,2.44,1.63,2.08,1.84,3.5,2.13,1.79,1.94,1.94,1.17,8.5,16.0,2.08,1.84,1.94,1.94,ok,
1581151973,12.11 17:00,Fiorentina,Bologna,ok,,29.10 13:04,12.11 16:56,1.86,3.71,4.26,2.03,3.49,4.0,-0.5,1.86,1.95,2.04,1.88,2.25,1.56,2.4,1.87,2.04,2.03,3.49,4.0,2.04,1.88,1.87,2.04,ok,
1581559751,26.11 22:45,Lyon,Lille,ok,,05.11 13:04,26.11 22:45,2.58,3.46,2.75,3.02,3.58,2.4,0.25,1.65,2.39,1.85,2.08,2.75,1.79,2.02,2.0,1.91,3.02,3.58,2.4,1.85,2.08,2.0,1.91,ok,
1581559753,26.11 15:00,Nice,Toulouse FC,ok,,05.11 13:05,26.11 15:03,1.56,4.29,5.98,1.53,4.29,6.95,-1.0,1.88,1.94,1.89,2.03,2.5,1.71,2.26,1.99,1.92,1.53,4.29,6.95,1.89,2.03,1.99,1.92,ok,
1581559754,26.11 19:05,Rennes,Reims,ok,,05.11 13:05,26.11 19:09,1.72,3.79,4.78,2.14,3.62,3.52,-0.25,1.52,2.72,1.86,2.07,2.75,1.83,1.97,2.04,1.88,2.14,3.62,3.52,1.86,2.07,2.04,1.88,ok,
1581559755,26.11 17:00,Lorient,Metz,ok,,05.11 13:05,26.11 17:04,1.88,3.63,4.25,2.1,3.34,3.94,-0.5,1.84,1.97,2.11,1.83,2.25,1.65,2.36,2.01,1.9,2.1,3.34,3.94,2.11,1.83,2.01,1.9,ok,
1581559756,26.11 17:00,Montpellier HSC,Brest,ok,,05.11 13:05,26.11 17:04,1.97,3.58,3.93,2.34,3.44,3.23,-0.25,1.71,2.26,2.02,1.91,2.5,1.81,2.0,2.0,1.91,2.34,3.44,3.23,2.02,1.91,2.0,1.91,ok,
1581559759,25.11 19:00,Clermont,Lens,ok,,05.11 13:05,25.11 19:02,3.44,3.4,2.2,4.03,3.51,2.02,0.5,1.75,2.2,1.9,2.03,2.5,1.88,1.92,2.07,1.85,4.03,3.51,2.02,1.9,2.03,2.07,1.85,ok,
1581559760,26.11 18:15,Real Sociedad,Sevilla,ok,,05.11 13:02,26.11 18:17,1.77,3.6,5.01,1.63,3.95,6.07,-0.75,1.95,1.85,1.82,2.13,2.25,1.81,2.0,1.85,2.07,1.63,3.95,6.07,1.82,2.13,1.85,2.07,ok,
1581559761,25.11 23:00,Strasbourg,Marseille,ok,,05.11 13:05,25.11 23:01,4.03,3.66,1.93,4.26,3.6,1.93,0.5,1.93,1.88,1.98,1.94,2.5,1.79,2.12,2.03,1.88,4.26,3.6,1.93,1.98,1.94,2.03,1.88,ok,
1581559763,26.11 23:00,Real Betis,Las Palmas,ok,,05.11 13:02,26.11 23:00,1.75,3.71,4.97,1.71,3.75,5.54,-0.75,1.93,1.89,1.93,1.98,2.25,1.74,2.2,1.92,1.99,1.71,3.75,5.54,1.93,1.98,1.92,1.99,ok,
1581559771,26.11 17:00,Frosinone,Genoa,ok,,05.11 13:04,26.11 17:04,2.59,3.24,2.91,2.48,3.22,3.18,-0.25,2.16,1.7,2.12,1.83,2.25,1.74,2.21,1.95,1.95,2.48,3.22,3.18,2.12,1.83,1.95,1.95,ok,
1581559776,25.11 18:15,Valencia,Celta Vigo,ok,,05.11 13:02,25.11 18:16,2.0,3.38,4.1,2.3,3.32,3.44,-0.25,1.72,2.25,1.97,1.95,2.25,1.83,1.97,1.9,2.01,2.3,3.32,3.44,1.97,1.95,1.9,2.01,ok,
1581559778,27.11 20:30,Hellas Verona FC,Lecce,ok,,05.11 13:04,27.11 20:31,2.6,3.04,3.07,2.88,3.02,2.87,0.0,1.76,2.09,1.97,1.95,2.0,1.74,2.21,1.9,2.01,2.88,3.02,2.87,1.97,1.95,1.9,2.01,ok,
1581559780,26.11 17:00,Nantes,Le Havre,ok,,05.11 13:05,26.11 17:05,2.18,3.31,3.57,2.0,3.36,4.35,-0.5,2.18,1.76,2.01,1.92,2.0,1.54,2.64,1.81,2.12,2.0,3.36,4.35,2.01,1.92,1.81,2.12,ok,
1581559781,25.11 16:00,Rayo Vallecano,Barcelona,ok,,05.11 13:02,25.11 16:01,4.22,3.78,1.85,5.02,4.26,1.68,0.75,1.83,2.1,2.08,1.86,2.75,1.87,1.93,1.84,2.08,5.02,4.26,1.68,2.08,1.86,1.84,2.08,ok,
1581559782,24.11 23:00,Alaves,Granada CF,ok,,05.11 13:02,24.11 23:01,1.86,3.54,4.51,1.73,3.69,5.51,-0.75,2.13,1.8,1.96,1.96,2.25,1.79,2.12,2.04,1.87,1.73,3.69,5.51,1.96,1.96,2.04,1.87,ok,
1581559783,24.11 23:00,Paris Saint Germain,AS Monaco,ok,,05.11 13:05,24.11 23:04,1.49,4.92,5.91,1.49,5.09,6.09,-1.25,1.94,1.88,2.01,1.91,3.5,1.92,1.88,1.93,1.97,1.49,5.09,6.09,2.01,1.91,1.93,1.97,ok,
1581559784,27.11 22:45,Bologna,Torino,ok,,05.11 13:04,27.11 22:44,2.34,3.17,3.36,2.38,3.07,3.56,-0.25,1.95,1.87,2.01,1.92,2.0,1.64,2.39,1.97,1.93,2.38,3.07,3.56,2.01,1.92,1.97,1.93,ok,
1581559785,25.11 20:30,Getafe,Almeria,ok,,05.11 13:02,25.11 20:31,1.79,3.58,4.88,1.78,3.67,5.1,-0.75,1.99,1.83,2.03,1.89,2.25,1.8,2.01,1.88,2.04,1.78,3.67,5.1,2.03,1.89,1.88,2.04,ok,
1581559786,26.11 14:30,Cagliari,AC Monza,ok,,05.11 13:04,26.11 14:33,2.68,3.3,2.76,2.73,3.25,2.83,0.0,1.88,1.93,1.93,2.0,2.5,1.83,1.97,2.04,1.87,2.73,3.25,2.83,1.93,2.0,2.04,1.87,ok,
1581559787,26.11 16:00,Villarreal CF,Osasuna,ok,,05.11 13:02,26.11 16:01,1.76,3.86,4.69,2.19,3.44,3.57,-0.25,1.55,2.64,1.88,2.04,2.5,1.77,2.16,2.04,1.88,2.19,3.44,3.57,1.88,2.04,2.04,1.88,ok,
1581559789,26.11 20:00,AS Roma,Udinese,ok,,05.11 13:04,26.11 20:02,1.66,3.83,5.57,1.65,3.86,5.97,-0.75,1.81,2.02,1.86,2.08,2.25,1.76,2.17,1.9,2.0,1.65,3.86,5.97,1.86,2.08,1.9,2.0,ok,
1581559790,25.11 23:00,Atletico Madrid,Mallorca,ok,,05.11 13:02,25.11 23:00,1.43,4.44,8.35,1.36,5.07,9.9,-1.25,1.95,1.85,1.86,2.08,2.5,1.95,1.84,1.92,1.99,1.36,5.07,9.9,1.86,2.08,1.92,1.99,ok,
1581559791,27.11 23:00,Girona,Athletic Club Bilbao,ok,,05.11 13:02,27.11 23:01,2.61,3.31,2.82,2.28,3.64,3.19,-0.25,2.25,1.72,1.98,1.94,2.75,2.09,1.82,1.95,1.95,2.28,3.64,3.19,1.98,1.94,1.95,1.95,ok,
1581559793,26.11 17:00,Empoli,Sassuolo,ok,,05.11 13:04,26.11 17:02,2.81,3.52,2.51,2.67,3.55,2.69,0.0,2.02,1.81,1.95,1.97,2.75,1.77,2.16,1.86,2.06,2.67,3.55,2.69,1.95,1.97,1.86,2.06,ok,
1581559794,25.11 20:00,Atalanta BC,Napoli,ok,,05.11 13:04,25.11 20:02,2.6,3.41,2.77,2.53,3.42,2.94,0.0,1.85,1.97,1.82,2.13,2.75,1.88,1.93,2.02,1.89,2.53,3.42,2.94,1.82,2.13,2.02,1.89,ok,
1581559795,26.11 20:30,Cadiz,Real Madrid,ok,,05.11 13:02,26.11 20:29,5.82,4.35,1.56,6.9,4.7,1.48,1.25,1.75,2.21,1.84,2.1,2.75,1.79,2.12,2.03,1.88,6.9,4.7,1.48,1.84,2.1,2.03,1.88,ok,
1581559796,25.11 17:00,Salernitana,Lazio,ok,,05.11 13:04,25.11 17:04,3.75,3.47,2.06,4.57,3.46,1.92,0.5,1.81,2.01,2.0,1.93,2.25,1.68,2.3,2.03,1.88,4.57,3.46,1.92,2.0,1.93,2.03,1.88,ok,
1581559797,25.11 22:45,AC Milan,Fiorentina,ok,,05.11 13:04,25.11 22:46,1.72,3.84,5.02,2.13,3.36,3.82,-0.25,1.51,2.75,1.83,2.11,2.25,1.65,2.38,1.93,1.98,2.13,3.36,3.82,1.83,2.11,1.93,1.98,ok,
1581559799,26.11 22:45,Juventus,FC Internazionale,ok,,05.11 13:04,26.11 22:42,2.78,3.27,2.68,3.59,3.16,2.31,0.25,1.7,2.3,1.96,1.96,2.25,1.68,2.32,2.06,1.85,3.59,3.16,2.31,1.96,1.96,2.06,1.85,ok,
1582046701,01.12 23:00,Reims,Strasbourg,ok,,15.11 18:04,01.12 23:02,1.84,3.75,4.33,1.74,3.83,5.13,-0.75,2.08,1.83,1.96,1.96,2.5,1.79,2.13,1.92,1.99,1.74,3.83,5.13,1.96,1.96,1.92,1.99,ok,
1582046702,02.12 19:00,Lens,Lyon,ok,,15.11 18:04,02.12 19:01,1.59,4.14,5.05,1.72,3.93,5.09,-0.75,1.75,2.08,1.94,1.98,2.5,1.63,2.25,1.9,2.01,1.72,3.93,5.09,1.94,1.98,1.9,2.01,ok,
1582046704,02.12 23:00,Osasuna,Real Sociedad,ok,,15.11 18:03,02.12 23:00,3.02,3.01,2.52,4.02,3.15,2.16,0.25,1.71,2.13,2.1,1.84,2.0,1.78,2.04,1.95,1.95,4.02,3.15,2.16,2.1,1.84,1.95,1.95,ok,
1582046705,03.12 14:30,Lecce,Bologna,ok,,15.11 18:03,03.12 14:31,2.68,3.1,2.75,3.15,3.05,2.62,0.0,1.88,1.93,2.16,1.79,2.0,1.6,2.32,1.94,1.96,3.15,3.05,2.62,2.16,1.79,1.94,1.96,ok,
1582046707,03.12 17:00,Toulouse FC,Lorient,ok,,15.11 18:04,03.12 17:03,2.05,3.53,3.72,2.02,3.47,4.08,-0.5,2.0,1.82,2.03,1.9,2.5,1.81,2.0,1.99,1.92,2.02,3.47,4.08,2.03,1.9,1.99,1.92,ok,
1582046708,03.12 23:00,Barcelona,Atletico Madrid,ok,,15.11 18:03,03.12 23:00,1.78,4.0,3.93,1.95,3.92,3.83,-0.5,1.78,2.03,1.96,1.96,2.75,1.85,1.96,1.85,2.07,1.95,3.92,3.83,1.96,1.96,1.85,2.07,ok,
1582046712,03.12 22:45,Marseille,Rennes,ok,,15.11 18:04,03.12 22:46,1.94,3.66,3.94,1.94,3.83,3.96,-0.5,1.9,1.92,1.95,1.97,2.5,1.78,2.15,1.92,1.99,1.94,3.83,3.96,1.95,1.97,1.92,1.99,ok,
1582046713,03.12 17:00,Brest,Clermont,ok,,15.11 18:04,03.12 17:05,2.0,3.41,4.06,1.71,3.84,5.33,-0.75,2.32,1.68,1.93,1.99,2.5,2.09,1.82,2.05,1.86,1.71,3.84,5.33,1.93,1.99,2.05,1.86,ok,
1582046714,02.12 20:30,Real Madrid,Granada CF,ok,,15.11 18:03,02.12 20:31,1.1,10.2,18.47,1.18,8.0,15.5,-2.25,1.71,2.12,2.06,1.85,3.5,1.83,1.95,1.93,1.95,1.18,8.0,15.5,2.06,1.85,1.93,1.95,ok,
1582046715,03.12 20:00,Sassuolo,AS Roma,ok,,15.11 18:03,03.12 20:02,3.12,3.42,2.34,3.63,3.5,2.14,0.25,1.84,1.97,2.09,1.85,2.5,1.8,2.11,1.97,1.93,3.63,3.5,2.14,2.09,1.85,1.97,1.93,ok,
1582046716,02.12 18:15,Athletic Club Bilbao,Rayo Vallecano,ok,,15.11 18:03,02.12 18:17,1.4,4.61,7.15,1.48,4.77,6.9,-1.25,1.94,1.87,2.05,1.88,2.75,1.93,1.88,1.89,2.02,1.48,4.77,6.9,2.05,1.88,1.89,2.02,ok,
1582046717,01.12 22:45,AC Monza,Juventus,ok,,15.11 18:03,01.12 22:47,3.29,3.37,2.17,4.37,3.43,1.96,0.5,1.69,2.17,1.95,1.97,2.25,1.67,2.18,2.01,1.89,4.37,3.43,1.96,1.95,1.97,2.01,1.89,ok,
1582046718,04.12 22:45,Torino,Atalanta BC,ok,,15.11 18:03,04.12 22:45,2.98,3.23,2.41,3.01,3.21,2.61,0.0,2.13,1.71,2.11,1.83,2.25,1.8,2.02,2.03,1.88,3.01,3.21,2.61,2.11,1.83,2.03,1.88,ok,
1582046719,03.12 16:00,Mallorca,Alaves,ok,,15.11 18:03,03.12 16:01,2.11,3.03,3.87,2.75,2.9,3.14,0.0,1.46,2.72,1.84,2.1,1.75,1.68,2.17,1.85,2.06,2.75,2.9,3.14,1.84,2.1,1.85,2.06,ok,
1582046720,03.12 17:00,Fiorentina,Salernitana,ok,,15.11 18:03,03.12 16:59,1.47,4.53,6.92,1.43,4.88,7.95,-1.25,1.99,1.83,1.97,1.95,2.75,1.86,1.94,2.02,1.88,1.43,4.88,7.95,1.97,1.95,2.02,1.88,ok,
1582046721,03.12 17:00,AS Monaco,Montpellier HSC,ok,,15.11 18:04,03.12 17:05,1.66,4.25,4.89,1.61,4.52,5.33,-1.0,2.04,1.79,2.01,1.91,3.0,1.83,2.08,1.86,2.05,1.61,4.52,5.33,2.01,1.91,1.86,2.05,ok,
1582046723,03.12 15:00,Le Havre,Paris Saint Germain,ok,,15.11 18:04,03.12 15:03,8.0,5.3,1.37,8.76,5.58,1.35,1.5,1.87,1.95,1.89,2.03,3.0,1.77,2.15,1.86,2.05,8.76,5.58,1.35,1.89,2.03,1.86,2.05,ok,
1582046724,01.12 23:00,Las Palmas,Getafe,ok,,15.11 18:03,01.12 23:00,2.35,2.97,3.36,2.4,2.98,3.63,-0.25,1.99,1.83,2.02,1.91,1.75,1.68,2.17,1.87,2.04,2.4,2.98,3.63,2.02,1.91,1.87,2.04,ok,
1582046725,02.12 22:45,AC Milan,Frosinone,ok,,15.11 18:03,02.12 22:47,1.28,5.53,9.27,1.45,4.88,7.17,-1.25,1.64,2.26,2.0,1.92,2.75,1.8,2.01,1.84,2.08,1.45,4.88,7.17,2.0,1.92,1.84,2.08,ok,
1582046726,03.12 20:30,Sevilla,Villarreal CF,ok,,15.11 18:03,03.12 20:30,1.79,3.92,3.96,1.9,3.94,3.99,-0.5,1.8,2.03,1.91,2.01,2.75,1.72,2.1,1.87,2.04,1.9,3.94,3.99,1.91,2.01,1.87,2.04,ok,
1582046728,03.12 22:45,Napoli,FC Internazionale,ok,,15.11 18:03,03.12 22:46,2.58,3.47,2.6,3.06,3.56,2.38,0.25,1.64,2.26,1.86,2.07,2.75,1.89,1.91,2.01,1.89,3.06,3.56,2.38,1.86,2.07,2.01,1.89,ok,
1582046731,03.12 18:15,Almeria,Real Betis,ok,,15.11 18:03,03.12 18:16,3.04,3.43,2.27,3.54,3.81,2.07,0.5,1.63,2.27,1.85,2.08,2.75,2.01,1.81,1.91,1.99,3.54,3.81,2.07,1.85,2.08,1.91,1.99,ok,
1582046732,02.12 17:00,Genoa,Empoli,ok,,15.11 18:03,02.12 17:05,1.76,3.48,4.78,2.03,3.41,4.11,-0.5,1.76,2.07,2.04,1.88,2.25,1.71,2.12,2.06,1.86,2.03,3.41,4.11,2.04,1.88,2.06,1.86,ok,
1582046733,02.12 23:00,Nantes,Nice,ok,,15.11 18:04,02.12 23:01,3.78,3.5,1.95,3.8,3.24,2.19,0.25,2.17,1.69,2.06,1.87,2.25,1.68,2.16,2.03,1.88,3.8,3.24,2.19,2.06,1.87,2.03,1.88,ok,
1582046734,03.12 17:00,Udinese,Hellas Verona FC,ok,,15.11 18:03,03.12 17:04,1.72,3.61,4.82,1.84,3.63,4.73,-0.5,1.72,2.12,1.85,2.09,2.5,2.05,1.76,2.05,1.86,1.84,3.63,4.73,1.85,2.09,2.05,1.86,ok,
1582046735,02.12 16:00,Girona,Valencia,ok,,15.11 18:03,02.12 16:01,1.83,3.66,4.12,1.67,4.01,5.46,-0.75,2.08,1.75,1.86,2.07,2.5,1.84,1.96,1.91,2.0,1.67,4.01,5.46,1.86,2.07,1.91,2.0,ok,
1582046736,02.12 20:00,Lazio,Cagliari,ok,,15.11 18:03,02.12 20:03,1.55,4.07,5.61,1.72,3.85,5.22,-0.75,1.7,2.15,1.96,1.96,2.5,1.85,1.96,2.06,1.85,1.72,3.85,5.22,1.96,1.96,2.06,1.85,ok,
1582046737,04.12 23:00,Celta Vigo,Cadiz,ok,,15.11 18:03,04.12 23:01,1.52,4.11,5.91,1.54,4.29,6.66,-1.0,1.93,1.89,1.93,2.0,2.5,1.85,1.96,1.92,1.99,1.54,4.29,6.66,1.93,2.0,1.92,1.99,ok,
1582046738,03.12 19:05,Lille,Metz,ok,,15.11 18:04,03.12 19:08,1.3,5.43,8.77,1.44,4.77,7.78,-1.25,1.67,2.21,1.99,1.93,2.5,1.61,2.29,1.85,2.06,1.44,4.77,7.78,1.99,1.93,1.85,2.06,ok,
1582578060,10.12 17:00,Strasbourg,Le Havre,ok,,26.11 10:05,10.12 17:05,2.03,3.52,3.5,2.4,3.14,3.43,-0.25,1.76,2.06,2.04,1.89,2.0,1.53,2.48,1.84,2.08,2.4,3.14,3.43,2.04,1.89,1.84,2.08,ok,
1582578061,10.12 17:00,Clermont,Lille,ok,,26.11 10:05,10.12 17:05,3.56,3.46,2.13,4.43,3.59,1.91,0.5,1.81,2.13,2.01,1.92,2.5,1.83,1.96,1.95,1.95,4.43,3.59,1.91,2.01,1.92,1.95,1.95,ok,
1582578062,11.12 20:30,Empoli,Lecce,ok,,26.11 10:04,11.12 20:32,2.58,3.21,2.94,2.48,3.17,3.23,-0.25,2.21,1.75,2.12,1.83,2.25,1.78,2.15,1.99,1.92,2.48,3.17,3.23,2.12,1.83,1.99,1.92,ok,
1582578063,10.12 14:30,Frosinone,Torino,ok,,26.11 10:04,10.12 14:33,3.39,3.25,2.29,3.98,3.41,2.06,0.5,1.7,2.29,1.86,2.07,2.25,1.8,2.01,1.93,1.98,3.98,3.41,2.06,1.86,2.07,1.93,1.98,ok,
1582578064,09.12 19:00,Rennes,AS Monaco,ok,,26.11 10:05,09.12 19:07,2.49,3.69,2.58,2.86,3.61,2.49,0.0,1.87,1.94,2.11,1.83,2.75,1.84,1.97,1.88,2.04,2.86,3.61,2.49,2.11,1.83,1.88,2.04,ok,
1582578065,08.12 22:45,Juventus,Napoli,ok,,26.11 10:04,08.12 22:47,2.53,3.31,2.92,2.29,3.28,3.48,-0.25,2.18,1.77,1.96,1.96,2.25,1.65,2.37,1.95,1.95,2.29,3.28,3.48,1.96,1.96,1.95,1.95,ok,
1582578066,09.12 17:00,Hellas Verona FC,Lazio,ok,,26.11 10:04,09.12 17:04,3.41,3.28,2.26,4.71,3.51,1.88,0.5,1.71,2.26,2.04,1.88,2.25,1.8,2.11,2.04,1.87,4.71,3.51,1.88,2.04,1.88,2.04,1.87,ok,
1582578067,10.12 15:00,Nice,Reims,ok,,26.11 10:05,10.12 15:03,1.7,3.81,4.63,1.99,3.39,4.33,-0.5,1.7,2.15,2.0,1.93,2.25,1.61,2.31,1.97,1.93,1.99,3.39,4.33,2.0,1.93,1.97,1.93,ok,
1582578068,09.12 22:45,FC Internazionale,Udinese,ok,,26.11 10:04,09.12 22:46,1.28,5.85,10.56,1.23,6.68,13.9,-1.75,1.97,1.83,1.95,1.95,3.0,1.81,1.97,2.05,1.85,1.23,6.68,13.9,1.95,1.95,2.05,1.85,ok,
1582578069,10.12 17:00,Metz,Brest,ok,,26.11 10:05,10.12 17:06,2.92,3.24,2.57,3.69,3.25,2.23,0.25,1.74,2.23,2.02,1.9,2.25,1.75,2.18,2.03,1.88,3.69,3.25,2.23,2.02,1.9,2.03,1.88,ok,
1582578070,10.12 17:00,AC Monza,Genoa,ok,,26.11 10:04,10.12 16:56,2.17,3.33,3.58,2.28,3.21,3.6,-0.25,1.83,2.0,1.94,1.98,2.25,1.79,2.13,1.95,1.95,2.28,3.21,3.6,1.94,1.98,1.95,1.95,ok,
1582578071,10.12 20:30,Cadiz,Osasuna,ok,,26.11 10:02,10.12 20:30,2.83,3.12,2.59,2.84,3.06,2.86,0.0,2.0,1.83,1.95,1.97,2.0,1.72,2.1,1.9,2.01,2.84,3.06,2.86,1.95,1.97,1.9,2.01,ok,
1582578072,10.12 18:15,Granada CF,Athletic Club Bilbao,ok,,26.11 10:02,10.12 18:14,3.95,3.68,1.93,4.16,3.68,1.93,0.5,1.93,1.89,1.98,1.94,2.5,1.75,2.19,1.88,2.03,4.16,3.68,1.93,1.98,1.94,1.88,2.03,ok,
1582578073,09.12 20:30,Villarreal CF,Real Sociedad,ok,,26.11 10:02,09.12 20:31,2.65,3.31,2.78,3.52,3.48,2.19,0.25,1.65,2.39,2.03,1.89,2.5,1.81,1.99,2.05,1.87,3.52,3.48,2.19,2.03,1.89,2.05,1.87,ok,
1582578074,09.12 20:00,Atalanta BC,AC Milan,ok,,26.11 10:04,09.12 20:05,2.45,3.3,3.04,2.53,3.33,3.01,0.0,1.76,2.19,1.8,2.15,2.5,1.88,1.92,2.08,1.84,2.53,3.33,3.01,1.8,2.15,2.08,1.84,ok,
1582578075,11.12 22:45,Cagliari,Sassuolo,ok,,26.11 10:04,11.12 22:46,2.56,3.42,2.81,2.56,3.39,2.93,0.0,1.82,2.0,1.83,2.1,2.75,1.87,1.93,2.01,1.9,2.56,3.39,2.93,1.83,2.1,2.01,1.9,ok,
1582578076,10.12 20:00,Salernitana,Bologna,ok,,26.11 10:04,10.12 20:05,3.23,3.31,2.33,4.81,3.58,1.84,0.5,1.68,2.33,2.08,1.85,2.25,1.72,2.24,1.97,1.93,4.81,3.58,1.84,2.08,1.85,1.97,1.93,ok,
1582578077,09.12 23:00,Paris Saint Germain,Nantes,ok,,26.11 10:05,09.12 23:02,1.21,7.23,13.11,1.28,6.4,10.36,-1.5,1.6,2.51,1.86,2.07,3.25,1.85,1.91,1.87,2.04,1.28,6.4,10.36,1.86,2.07,1.87,2.04,ok,
1582578078,10.12 23:00,Barcelona,Girona,ok,,26.11 10:02,10.12 23:02,1.45,5.12,5.47,1.46,5.35,6.27,-1.25,1.93,1.88,1.93,2.0,3.5,2.1,1.72,1.96,1.94,1.46,5.35,6.27,1.93,2.0,1.96,1.94,ok,
1582578079,08.12 23:00,Montpellier HSC,Lens,ok,,26.11 10:05,08.12 23:02,3.05,3.42,2.39,3.69,3.59,2.09,0.5,1.65,2.39,1.84,2.1,2.5,1.8,2.12,1.96,1.93,3.69,3.59,2.09,1.84,2.1,1.96,1.93,ok,
1582578081,10.12 22:45,AS Roma,Fiorentina,ok,,26.11 10:04,10.12 22:46,1.96,3.44,4.14,1.95,3.48,4.36,-0.5,1.92,1.9,1.96,1.96,2.25,1.8,2.11,1.93,1.97,1.95,3.48,4.36,1.96,1.96,1.93,1.97,ok,
1582578082,09.12 16:00,Alaves,Las Palmas,ok,,26.11 10:02,09.12 16:01,1.88,3.36,4.75,2.02,3.23,4.45,-0.5,1.83,1.99,2.03,1.9,2.0,1.75,2.19,1.93,1.98,2.02,3.23,4.45,2.03,1.9,1.93,1.98,ok,
1582578084,11.12 23:00,Rayo Vallecano,Celta Vigo,ok,,26.11 10:02,11.12 23:01,2.36,3.25,3.26,2.74,3.19,2.87,0.0,1.68,2.33,1.92,2.01,2.25,1.81,2.1,1.92,1.99,2.74,3.19,2.87,1.92,2.01,1.92,1.99,ok,
1582578085,10.12 22:45,Lorient,Marseille,ok,,26.11 10:05,10.12 22:47,4.01,3.72,1.91,5.05,3.8,1.76,0.75,1.72,2.12,1.93,1.99,2.5,1.69,2.15,2.03,1.88,5.05,3.8,1.76,1.93,1.99,2.03,1.88,ok,
1582578087,08.12 23:00,Getafe,Valencia,ok,,26.11 10:02,08.12 22:59,2.64,2.88,3.19,2.67,2.94,3.19,0.0,1.74,2.11,1.8,2.16,1.75,1.72,2.23,1.81,2.11,2.67,2.94,3.19,1.8,2.16,1.81,2.11,ok,
1582578088,09.12 23:00,Mallorca,Sevilla,ok,,26.11 10:02,09.12 23:00,2.61,3.01,3.09,2.61,3.06,3.15,0.0,1.76,2.09,1.79,2.17,2.0,1.75,2.08,1.93,1.97,2.61,3.06,3.15,1.79,2.17,1.93,1.97,ok,
1582578091,10.12 19:05,Lyon,Toulouse FC,ok,,26.11 10:05,10.12 19:09,1.75,3.98,4.53,1.77,4.1,4.54,-0.75,1.91,1.91,1.99,1.93,2.75,1.83,2.08,1.88,2.03,1.77,4.1,4.54,1.99,1.93,1.88,2.03,ok,
1582578095,09.12 18:15,Real Betis,Real Madrid,ok,,26.11 10:02,09.12 18:15,4.09,3.8,1.88,4.75,4.19,1.72,0.75,1.81,2.12,2.0,1.93,2.75,1.8,2.01,1.88,2.04,4.75,4.19,1.72,2.0,1.93,1.88,2.04,ok,
1582578096,10.12 16:00,Atletico Madrid,Almeria,ok,,26.11 10:02,10.12 16:01,1.27,6.23,10.27,1.2,7.84,12.75,-2.0,2.24,1.73,1.97,1.93,3.5,2.06,1.84,2.01,1.88,1.2,7.84,12.75,1.97,1.93,2.01,1.88,ok,
1582615825,07.12 22:30,Brest,Strasbourg,ok,,27.11 18:05,07.12 22:32,2.08,3.3,3.6,1.9,3.43,4.61,-0.5,2.08,1.75,1.91,2.0,2.25,1.83,1.97,1.92,1.97,1.9,3.43,4.61,1.91,2.0,1.92,1.97,ok,
1582615826,06.12 23:00,Marseille,Lyon,ok,,27.11 18:05,06.12 23:01,1.67,4.0,4.62,1.98,3.69,3.94,-0.5,1.67,2.21,1.99,1.93,2.75,1.83,1.98,1.91,2.0,1.98,3.69,3.94,1.99,1.93,1.91,2.0,ok,
1582948862,17.12 22:45,Lille,Paris Saint Germain,ok,,03.12 12:05,17.12 22:44,3.51,3.74,1.94,3.98,3.98,1.9,0.5,1.87,1.95,2.02,1.91,3.0,1.95,1.84,2.0,1.9,3.98,3.98,1.9,2.02,1.91,2.0,1.9,ok,
1582948863,16.12 23:00,Lens,Reims,ok,,03.12 12:05,16.12 23:01,1.71,3.88,4.41,2.42,3.37,3.15,-0.25,1.55,2.64,2.08,1.85,2.5,1.75,2.19,2.01,1.89,2.42,3.37,3.15,2.08,1.85,2.01,1.89,ok,
1582948864,17.12 19:05,Marseille,Clermont,ok,,03.12 12:05,17.12 19:07,1.43,4.52,6.61,1.49,4.4,7.48,-1.0,1.71,2.13,1.83,2.12,2.5,1.73,2.09,1.96,1.94,1.49,4.4,7.48,1.83,2.12,1.96,1.94,ok,
1582948865,17.12 15:00,Nantes,Brest,ok,,03.12 12:05,17.12 15:02,2.48,3.28,2.84,2.84,3.15,2.79,0.0,1.79,2.05,1.98,1.94,2.25,1.76,2.05,1.96,1.94,2.84,3.15,2.79,1.98,1.94,1.96,1.94,ok,
1582948867,17.12 22:45,Lazio,FC Internazionale,ok,,03.12 12:04,17.12 22:43,4.21,3.64,1.81,4.45,3.5,1.93,0.5,2.01,1.82,1.99,1.93,2.25,1.63,2.25,1.93,1.98,4.45,3.5,1.93,1.99,1.93,1.93,1.98,ok,
1582948868,16.12 22:45,Torino,Empoli,ok,,03.12 12:04,16.12 22:45,1.67,3.74,5.04,1.6,4.05,6.36,-1.0,2.23,1.66,2.04,1.88,2.5,2.01,1.8,2.07,1.85,1.6,4.05,6.36,2.04,1.88,2.07,1.85,ok,
1582948869,17.12 17:00,Lorient,Strasbourg,ok,,03.12 12:05,17.12 17:01,2.31,3.25,3.09,2.44,3.2,3.28,-0.25,1.99,1.83,2.08,1.85,2.25,1.79,2.12,1.95,1.95,2.44,3.2,3.28,2.08,1.85,1.95,1.95,ok,
1582948870,16.12 19:00,Le Havre,Nice,ok,,03.12 12:05,16.12 18:57,4.16,3.42,1.88,4.16,3.04,2.18,0.25,2.29,1.63,2.1,1.84,2.0,1.57,2.38,2.08,1.84,4.16,3.04,2.18,2.1,1.84,2.08,1.84,ok,
1582948871,15.12 23:00,AS Monaco,Lyon,ok,,03.12 12:05,15.12 23:02,1.58,4.42,4.77,1.78,4.1,4.47,-0.75,1.72,2.11,2.0,1.93,3.0,1.62,2.28,2.0,1.9,1.78,4.1,4.47,2.0,1.93,2.0,1.9,ok,
1582948872,17.12 17:00,Toulouse FC,Rennes,ok,,03.12 12:05,17.12 17:01,3.21,3.49,2.14,3.43,3.35,2.28,0.25,1.95,1.87,1.96,1.96,2.5,1.79,2.13,2.09,1.83,3.43,3.35,2.28,1.96,1.96,2.09,1.83,ok,
1582948873,17.12 20:30,Las Palmas,Cadiz,ok,,03.12 12:02,17.12 20:29,1.94,3.28,4.04,2.01,3.3,4.38,-0.5,1.95,1.87,2.02,1.91,2.0,1.72,2.23,1.88,2.02,2.01,3.3,4.38,2.02,1.91,1.88,2.02,ok,
1582948874,17.12 20:00,Bologna,AS Roma,ok,,03.12 12:04,17.12 20:01,2.81,3.1,2.6,2.55,2.89,3.45,-0.25,2.47,1.61,2.13,1.81,1.75,1.48,2.84,1.84,2.08,2.55,2.89,3.45,2.13,1.81,1.84,2.08,ok,
1582948875,17.12 17:00,Metz,Montpellier HSC,ok,,03.12 12:05,17.12 17:03,3.55,3.59,1.99,3.29,3.28,2.39,0.25,2.1,1.73,1.88,2.04,2.25,1.56,2.42,1.91,1.99,3.29,3.28,2.39,1.88,2.04,1.91,1.99,ok,
1582948876,17.12 18:15,Real Sociedad,Real Betis,ok,,03.12 12:02,17.12 18:16,1.7,3.88,4.56,1.57,4.2,6.3,-1.0,2.28,1.63,2.0,1.93,2.5,2.0,1.81,2.0,1.9,1.57,4.2,6.3,2.0,1.93,2.0,1.9,ok,
1582948877,18.12 22:45,Atalanta BC,Salernitana,ok,,03.12 12:04,18.12 22:44,1.33,5.76,9.29,1.26,6.31,11.77,-1.75,2.21,1.75,2.0,1.9,3.0,1.93,1.88,1.98,1.91,1.26,6.31,11.77,2.0,1.9,1.98,1.91,ok,
1582948878,17.12 17:00,Udinese,Sassuolo,ok,,03.12 12:04,17.12 17:01,2.14,3.54,3.17,2.56,3.43,2.9,0.0,1.62,2.45,1.85,2.09,2.5,1.71,2.24,1.89,2.01,2.56,3.43,2.9,1.85,2.09,1.89,2.01,ok,
1582948879,16.12 18:15,Athletic Club Bilbao,Atletico Madrid,ok,,03.12 12:02,16.12 18:15,2.28,3.32,3.06,2.63,3.34,2.88,0.0,1.65,2.24,1.88,2.06,2.5,1.9,1.9,1.92,1.99,2.63,3.34,2.88,1.88,2.06,1.92,1.99,ok,
1582948880,17.12 17:00,Fiorentina,Hellas Verona FC,ok,,03.12 12:04,17.12 17:02,1.47,4.28,6.17,1.51,4.42,6.95,-1.0,1.82,2.01,1.87,2.06,2.5,1.8,2.01,1.95,1.95,1.51,4.42,6.95,1.87,2.06,1.95,1.95,ok,
1582948881,17.12 14:30,AC Milan,AC Monza,ok,,03.12 12:04,17.12 14:31,1.48,4.32,6.04,1.57,4.4,6.0,-1.0,1.81,2.01,1.98,1.94,2.75,1.94,1.86,1.94,1.96,1.57,4.4,6.0,1.98,1.94,1.94,1.96,ok,
1582948882,15.12 22:45,Genoa,Juventus,ok,,03.12 12:04,15.12 22:46,3.73,3.27,2.05,4.63,2.95,2.11,0.5,1.78,2.06,1.83,2.12,1.75,1.47,2.66,1.93,1.97,4.63,2.95,2.11,1.83,2.12,1.93,1.97,ok,
1582948883,17.12 23:00,Real Madrid,Villarreal CF,ok,,03.12 12:02,17.12 23:00,1.26,6.04,7.85,1.23,7.13,11.88,-2.0,2.32,1.68,2.08,1.84,3.5,1.82,1.97,1.93,1.95,1.23,7.13,11.88,2.08,1.84,1.93,1.95,ok,
1582948884,16.12 17:00,Lecce,Frosinone,ok,,03.12 12:04,16.12 17:02,1.91,3.44,3.95,2.23,3.31,3.61,-0.25,1.7,2.29,1.91,2.02,2.25,1.8,2.11,1.94,1.96,2.23,3.31,3.61,1.91,2.02,1.94,1.96,ok,
1582948886,15.12 23:00,Osasuna,Rayo Vallecano,ok,,03.12 12:02,15.12 23:00,1.95,3.33,3.92,2.29,3.17,3.61,-0.25,1.73,2.24,1.95,1.97,2.0,1.64,2.4,1.85,2.06,2.29,3.17,3.61,1.95,1.97,1.85,2.06,ok,
1582948887,17.12 16:00,Almeria,Mallorca,ok,,03.12 12:02,17.12 15:59,2.64,3.27,2.67,2.4,3.1,3.47,-0.25,2.27,1.64,2.03,1.89,2.0,1.52,2.5,1.85,2.06,2.4,3.1,3.47,2.03,1.89,1.85,2.06,ok,
1582948888,16.12 20:30,Sevilla,Getafe,ok,,03.12 12:02,16.12 20:31,1.64,3.72,5.37,1.82,3.45,5.23,-0.75,1.84,1.98,2.11,1.83,2.0,1.59,2.35,1.85,2.06,1.82,3.45,5.23,2.11,1.83,1.85,2.06,ok,
1582948889,16.12 16:00,Celta Vigo,Granada CF,ok,,03.12 12:02,16.12 16:01,1.55,4.18,5.33,1.71,3.82,5.39,-0.75,1.7,2.16,1.93,2.0,2.5,1.69,2.15,2.01,1.89,1.71,3.82,5.39,1.93,2.0,2.01,1.89,ok,
1582948890,16.12 23:00,Valencia,Barcelona,ok,,03.12 12:02,16.12 23:00,3.67,3.63,1.93,6.04,4.55,1.55,1.0,1.49,2.83,2.03,1.9,3.0,2.28,1.69,2.0,1.91,6.04,4.55,1.55,2.03,1.9,2.0,1.91,ok,
1582986941,18.12 23:00,Girona,Alaves,ok,,04.12 18:03,18.12 23:00,1.65,3.88,4.84,1.62,4.11,5.83,-1.0,2.23,1.74,2.11,1.83,2.75,2.09,1.82,2.06,1.85,1.62,4.11,5.83,2.11,1.83,2.06,1.85,ok,
1583249410,19.12 21:00,Rayo Vallecano,Valencia,ok,,10.12 00:02,19.12 21:01,2.24,3.22,3.25,2.29,3.18,3.62,-0.25,1.93,1.89,1.95,1.97,2.25,1.83,1.97,2.05,1.86,2.29,3.18,3.62,1.95,1.97,2.05,1.86,ok,
1583260338,19.12 23:30,Granada CF,Sevilla,ok,,10.12 02:02,19.12 23:30,2.76,3.33,2.48,3.12,3.19,2.55,0.25,1.75,2.21,1.79,2.17,2.25,1.62,2.43,2.03,1.88,3.12,3.19,2.55,1.79,2.17,2.03,1.88,ok,
1583260339,19.12 23:30,Atletico Madrid,Getafe,ok,,10.12 02:02,19.12 23:30,1.31,4.91,9.0,1.49,4.51,7.34,-1.0,1.51,2.56,1.84,2.1,2.75,2.11,1.72,2.05,1.86,1.49,4.51,7.34,1.84,2.1,2.05,1.86,ok,
1583274778,23.12 20:00,Hellas Verona FC,Cagliari,ok,,10.12 12:04,23.12 20:00,2.53,3.33,2.74,2.46,3.27,3.17,-0.25,2.18,1.68,2.11,1.83,2.25,1.79,2.02,1.94,1.96,2.46,3.27,3.17,2.11,1.83,1.94,1.96,ok,
1583274779,23.12 22:45,AS Roma,Napoli,ok,,10.12 12:04,23.12 22:45,2.58,3.22,2.74,3.07,3.08,2.66,0.0,1.85,1.97,2.12,1.83,2.25,1.75,2.19,1.98,1.93,3.07,3.08,2.66,2.12,1.83,1.98,1.93,ok,
1583274780,22.12 22:45,AC Monza,Fiorentina,ok,,10.12 12:04,22.12 22:44,2.77,3.32,2.49,2.89,3.34,2.62,0.0,2.02,1.81,2.07,1.87,2.5,1.81,1.99,2.07,1.85,2.89,3.34,2.62,2.07,1.87,2.07,1.85,ok,
1583274781,23.12 20:00,FC Internazionale,Lecce,ok,,10.12 12:04,23.12 20:00,1.2,6.24,11.21,1.3,5.66,11.64,-1.5,1.73,2.24,2.02,1.9,2.5,1.62,2.43,1.89,2.02,1.3,5.66,11.64,2.02,1.9,1.89,2.02,ok,
1583274782,23.12 17:00,Torino,Udinese,ok,,10.12 12:04,23.12 16:59,1.88,3.37,4.23,1.65,3.76,6.23,-0.75,2.19,1.68,1.85,2.08,2.25,1.93,1.87,1.97,1.93,1.65,3.76,6.23,1.85,2.08,1.97,1.93,ok,
1583274783,22.12 20:30,Empoli,Lazio,ok,,10.12 12:04,22.12 20:31,3.36,3.49,2.08,4.62,3.53,1.88,0.5,1.8,2.14,2.03,1.9,2.25,1.61,2.46,1.91,2.0,4.62,3.53,1.88,2.03,1.9,1.91,2.0,ok,
1583274784,22.12 22:45,Salernitana,AC Milan,ok,,10.12 12:04,22.12 22:45,5.3,4.1,1.56,6.6,4.72,1.5,1.25,1.67,2.36,1.83,2.12,2.75,1.93,1.87,1.84,2.08,6.6,4.72,1.5,1.83,2.12,1.84,2.08,ok,
1583274785,22.12 20:30,Sassuolo,Genoa,ok,,10.12 12:04,22.12 20:31,2.0,3.54,3.52,2.58,3.11,3.15,0.0,1.52,2.72,1.78,2.18,2.25,1.61,2.46,2.01,1.89,2.58,3.11,3.15,1.78,2.18,2.01,1.89,ok,
1583274786,23.12 17:00,Bologna,Atalanta BC,ok,,10.12 12:04,23.12 17:00,2.77,3.3,2.49,2.84,3.11,2.83,0.0,2.02,1.81,1.96,1.96,2.0,1.39,2.96,1.83,2.1,2.84,3.11,2.83,1.96,1.96,1.83,2.1,ok,
1583274787,21.12 23:30,Mallorca,Osasuna,ok,,10.12 12:03,21.12 23:30,2.22,3.02,3.52,2.25,2.93,4.15,-0.25,1.89,1.93,1.88,2.05,1.75,1.67,2.34,1.94,1.96,2.25,2.93,4.15,1.88,2.05,1.94,1.96,ok,
1583274788,21.12 23:30,Alaves,Real Madrid,ok,,10.12 12:03,21.12 23:30,4.68,4.03,1.76,6.04,4.13,1.6,1.0,1.67,2.35,1.85,2.09,2.5,1.78,2.14,1.88,2.02,6.04,4.13,1.6,1.85,2.09,1.88,2.02,ok,
1583274789,21.12 21:00,Cadiz,Real Sociedad,ok,,10.12 12:03,21.12 21:02,4.08,3.38,1.9,6.29,3.59,1.68,0.75,1.71,2.27,2.01,1.91,2.0,1.63,2.42,1.85,2.07,6.29,3.59,1.68,2.01,1.91,1.85,2.07,ok,
1583274790,20.12 23:30,Villarreal CF,Celta Vigo,ok,,10.12 12:02,20.12 23:29,2.14,3.73,3.06,2.45,3.38,3.09,-0.25,1.88,1.93,2.11,1.83,2.5,1.68,2.17,2.06,1.85,2.45,3.38,3.09,2.11,1.83,2.06,1.85,ok,
1583274791,21.12 21:00,Real Betis,Girona,ok,,10.12 12:03,21.12 21:02,2.31,3.42,2.96,2.64,3.55,2.72,0.0,1.73,2.24,1.93,1.99,2.75,1.94,1.85,1.99,1.91,2.64,3.55,2.72,1.93,1.99,1.99,1.91,ok,
1583274792,20.12 23:30,Athletic Club Bilbao,Las Palmas,ok,,10.12 12:02,20.12 23:27,1.4,5.15,8.25,1.38,5.19,8.59,-1.25,1.83,1.99,1.86,2.07,2.75,1.92,1.99,1.93,1.97,1.38,5.19,8.59,1.86,2.07,1.93,1.97,ok,
1583274793,20.12 21:00,Barcelona,Almeria,ok,,10.12 12:02,20.12 21:01,1.09,10.38,15.35,1.14,9.0,19.0,-2.25,1.74,2.22,1.95,1.95,3.75,1.78,2.14,1.92,1.97,1.14,9.0,19.0,1.95,1.95,1.92,1.97,ok,
1583274794,23.12 14:30,Frosinone,Juventus,ok,,10.12 12:04,23.12 14:28,4.41,3.73,1.74,5.5,3.66,1.74,0.75,1.84,1.97,1.94,1.98,2.25,1.66,2.35,1.9,2.0,5.5,3.66,1.74,1.94,1.98,1.9,2.0,ok,
1583274804,20.12 23:00,Brest,Lorient,ok,,10.12 12:06,20.12 22:59,1.61,3.9,5.29,1.74,3.64,5.52,-0.75,1.79,2.04,1.97,1.95,2.5,1.89,1.91,2.05,1.86,1.74,3.64,5.52,1.97,1.95,2.05,1.86,ok,
1583274805,20.12 23:00,Montpellier HSC,Marseille,ok,,10.12 12:06,20.12 22:51,3.06,3.49,2.21,4.05,3.66,1.97,0.5,1.7,2.28,1.94,1.97,2.5,1.74,2.2,1.92,1.98,4.05,3.66,1.97,1.94,1.97,1.92,1.98,ok,
1583274807,20.12 23:00,Strasbourg,Lille,ok,,10.12 12:06,20.12 23:01,3.91,3.62,1.88,3.9,3.52,2.05,0.5,1.93,1.89,1.88,2.06,2.5,1.83,1.98,2.05,1.86,3.9,3.52,2.05,1.88,2.06,2.05,1.86,ok,
1583274808,20.12 23:00,Clermont,Rennes,ok,,10.12 12:06,20.12 22:58,3.3,3.41,2.14,3.26,3.19,2.46,0.25,1.96,1.85,1.85,2.09,2.25,1.67,2.32,2.08,1.84,3.26,3.19,2.46,1.85,2.09,2.08,1.84,ok,
1583274809,20.12 23:00,Lyon,Nantes,ok,,10.12 12:06,20.12 22:59,1.81,3.94,3.85,1.93,3.6,4.27,-0.5,1.82,2.0,1.94,1.98,2.5,1.73,2.09,2.02,1.89,1.93,3.6,4.27,1.94,1.98,2.02,1.89,ok,
1583274810,20.12 23:00,Toulouse FC,AS Monaco,ok,,10.12 12:06,20.12 23:01,3.47,3.78,1.94,3.92,3.99,1.91,0.5,1.87,1.95,2.01,1.92,3.0,1.87,1.93,1.97,1.93,3.92,3.99,1.91,2.01,1.92,1.97,1.93,ok,
1583274811,20.12 23:00,Paris Saint Germain,Metz,ok,,10.12 12:06,20.12 22:57,1.09,10.16,16.33,1.12,10.25,22.15,-2.25,1.79,2.15,1.88,2.03,3.5,1.8,2.11,2.05,1.85,1.12,10.25,22.15,1.88,2.03,2.05,1.85,ok,
1583274812,20.12 23:00,Reims,Le Havre,ok,,10.12 12:06,20.12 22:58,1.58,4.08,5.14,1.77,3.82,4.92,-0.75,1.79,2.14,2.01,1.92,2.5,1.76,2.17,1.98,1.93,1.77,3.82,4.92,2.01,1.92,1.98,1.93,ok,
1583405655,23.12 18:15,Atletico Madrid,Sevilla,ok,,13.12 20:03,23.12 18:17,1.41,4.64,6.5,1.59,4.26,5.97,-1.0,1.72,2.25,2.04,1.88,2.75,1.79,2.02,2.05,1.87,1.59,4.26,5.97,2.04,1.88,2.05,1.87,ok,
1583582516,14.01 22:45,Lens,Paris Saint Germain,ok,,17.12 20:03,14.01 22:46,3.24,3.57,2.1,3.85,3.79,1.98,0.5,1.78,2.16,1.93,1.99,2.75,1.83,1.96,1.88,2.03,3.85,3.79,1.98,1.93,1.99,1.88,2.03,ok,
1583582517,02.01 23:30,Valencia,Villarreal CF,ok,,17.12 20:03,02.01 23:30,2.0,3.56,3.49,2.23,3.41,3.49,-0.25,1.79,2.14,1.93,2.0,2.5,1.79,2.13,2.05,1.86,2.23,3.41,3.49,1.93,2.0,2.05,1.86,ok,
1583582518,03.01 19:00,Granada CF,Cadiz,ok,,17.12 20:03,03.01 19:02,1.78,3.61,4.41,2.25,3.1,3.82,-0.25,1.55,2.45,1.91,2.02,2.0,1.48,2.63,1.87,2.05,2.25,3.1,3.82,1.91,2.02,1.87,2.05,ok,
1583582519,03.01 23:30,Girona,Atletico Madrid,ok,,17.12 20:03,03.01 23:29,2.65,3.4,2.55,2.68,3.71,2.6,0.0,1.94,1.88,1.99,1.93,3.0,2.21,1.74,2.01,1.9,2.68,3.71,2.6,1.99,1.93,2.01,1.9,ok,
1583582520,04.01 19:00,Osasuna,Almeria,ok,,17.12 20:03,04.01 19:01,1.63,3.92,4.93,1.74,3.82,5.21,-0.75,1.82,2.0,1.95,1.97,2.5,1.8,2.01,1.98,1.93,1.74,3.82,5.21,1.95,1.97,1.98,1.93,ok,
1583582521,03.01 21:15,Celta Vigo,Real Betis,ok,,17.12 20:03,03.01 21:15,1.95,3.47,3.77,2.22,3.31,3.64,-0.25,1.74,2.23,1.9,2.03,2.25,1.72,2.22,1.85,2.07,2.22,3.31,3.64,1.9,2.03,1.85,2.07,ok,
1583582522,14.01 19:05,Le Havre,Lyon,ok,,17.12 20:03,14.01 19:08,2.88,3.33,2.4,3.18,3.13,2.54,0.25,1.76,2.08,1.8,2.16,2.25,1.65,2.37,2.05,1.87,3.18,3.13,2.54,1.8,2.16,2.05,1.87,ok,
1583582523,14.01 17:00,Metz,Toulouse FC,ok,,17.12 20:03,14.01 17:03,2.55,3.26,2.74,3.0,3.12,2.68,0.0,1.84,1.98,2.08,1.85,2.25,1.69,2.28,2.09,1.83,3.0,3.12,2.68,2.08,1.85,2.09,1.83,ok,
1583582524,04.01 23:30,Las Palmas,Barcelona,ok,,17.12 20:03,04.01 23:31,5.22,4.28,1.54,6.35,4.69,1.51,1.25,1.71,2.27,1.84,2.1,3.0,2.09,1.7,1.99,1.91,6.35,4.69,1.51,1.84,2.1,1.99,1.91,ok,
1583582525,13.01 19:00,AS Monaco,Reims,ok,,17.12 20:03,13.01 19:03,1.66,4.12,4.43,1.71,4.18,4.87,-0.75,1.85,1.97,1.9,2.02,3.0,1.85,1.95,2.08,1.84,1.71,4.18,4.87,1.9,2.02,2.08,1.84,ok,
1583582526,29.12 22:45,Genoa,FC Internazionale,ok,,17.12 20:03,29.12 22:45,5.69,4.34,1.6,6.33,3.61,1.68,0.75,2.2,1.75,2.03,1.89,2.25,1.56,2.56,2.09,1.83,6.33,3.61,1.68,2.03,1.89,2.09,1.83,ok,
1583582527,29.12 22:45,Lazio,Frosinone,ok,,17.12 20:04,29.12 22:45,1.51,4.27,5.74,1.61,4.13,5.99,-1.0,1.87,1.95,2.07,1.86,2.5,1.71,2.11,1.95,1.95,1.61,4.13,5.99,2.07,1.86,1.95,1.95,ok,
1583582528,30.12 14:30,Atalanta BC,Lecce,ok,,17.12 20:04,30.12 14:30,1.46,4.36,6.28,1.37,5.19,9.09,-1.5,2.42,1.63,2.09,1.83,2.75,1.97,1.83,1.93,1.98,1.37,5.19,9.09,2.09,1.83,1.93,1.98,ok,
1583582529,30.12 20:00,Hellas Verona FC,Salernitana,ok,,17.12 20:04,30.12 20:00,1.93,3.42,3.94,1.95,3.49,4.35,-0.5,1.93,1.88,1.96,1.96,2.5,2.1,1.81,2.09,1.82,1.95,3.49,4.35,1.96,1.96,2.09,1.82,ok,
1583582530,29.12 20:30,Fiorentina,Torino,ok,,17.12 20:03,29.12 20:30,1.93,3.37,3.99,2.18,3.19,3.89,-0.25,1.7,2.28,1.86,2.07,2.0,1.62,2.44,1.83,2.09,2.18,3.19,3.89,1.86,2.07,1.83,2.09,ok,
1583582531,02.01 19:00,Getafe,Rayo Vallecano,ok,,17.12 20:03,02.01 19:00,2.22,3.03,3.52,2.41,2.96,3.64,-0.25,1.89,1.93,2.03,1.9,2.0,1.87,1.93,2.12,1.81,2.41,2.96,3.64,2.03,1.9,2.12,1.81,ok,
1583582532,13.01 23:00,Rennes,Nice,ok,,17.12 20:03,13.01 23:02,2.63,3.44,2.57,2.49,3.21,3.18,-0.25,2.28,1.63,2.13,1.82,2.25,1.77,2.03,2.02,1.88,2.49,3.21,3.18,2.13,1.82,2.02,1.88,ok,
1583582533,02.01 21:15,Real Sociedad,Alaves,ok,,17.12 20:03,02.01 21:13,1.55,3.92,5.92,1.53,3.87,8.34,-1.0,2.02,1.81,1.98,1.94,2.25,1.99,1.82,2.09,1.83,1.53,3.87,8.34,1.98,1.94,2.09,1.83,ok,
1583582534,03.01 21:15,Real Madrid,Mallorca,ok,,17.12 20:03,03.01 21:15,1.17,6.63,12.67,1.22,6.74,13.92,-1.75,1.79,2.02,1.95,1.95,3.0,1.98,1.81,2.04,1.85,1.22,6.74,13.92,1.95,1.95,2.04,1.85,ok,
1583582535,14.01 17:00,Brest,Montpellier HSC,ok,,17.12 20:03,14.01 17:03,2.1,3.42,3.36,1.82,3.67,4.79,-0.75,2.54,1.58,2.09,1.85,2.5,1.86,1.94,2.07,1.85,1.82,3.67,4.79,2.09,1.85,2.07,1.85,ok,
1583582536,14.01 15:00,Lille,Lorient,ok,,17.12 20:03,14.01 15:03,1.4,4.64,6.73,1.29,5.8,11.93,-1.5,2.25,1.72,1.9,2.02,2.75,1.84,1.95,2.04,1.87,1.29,5.8,11.93,1.9,2.02,2.04,1.87,ok,
1583582537,14.01 17:00,Nantes,Clermont,ok,,17.12 20:03,14.01 17:02,1.99,3.37,3.75,1.94,3.62,4.19,-0.5,2.0,1.83,1.95,1.97,2.5,2.1,1.81,1.97,1.93,1.94,3.62,4.19,1.95,1.97,1.97,1.93,ok,
1583582538,04.01 21:15,Sevilla,Athletic Club Bilbao,ok,,17.12 20:03,04.01 21:16,2.69,3.27,2.59,3.12,3.26,2.49,0.25,1.7,2.3,1.81,2.13,2.25,1.68,2.32,1.85,2.07,3.12,3.26,2.49,1.81,2.13,1.85,2.07,ok,
1583582539,30.12 20:00,AC Milan,Sassuolo,ok,,17.12 20:04,30.12 20:00,1.44,4.64,6.05,1.5,4.92,6.19,-1.25,1.98,1.83,2.07,1.87,3.25,2.22,1.73,1.94,1.96,1.5,4.92,6.19,2.07,1.87,1.94,1.96,ok,
1583582540,30.12 17:00,Udinese,Bologna,ok,,17.12 20:04,30.12 17:00,2.47,3.22,2.9,3.57,3.08,2.36,0.25,1.54,2.49,1.93,2.0,2.0,1.5,2.58,1.87,2.05,3.57,3.08,2.36,1.93,2.0,1.87,2.05,ok,
1583582541,30.12 22:45,Juventus,AS Roma,ok,,17.12 20:04,30.12 22:45,1.93,3.23,4.18,2.17,2.98,4.3,-0.25,1.7,2.29,1.83,2.12,1.75,1.6,2.48,1.83,2.1,2.17,2.98,4.3,1.83,2.12,1.83,2.1,ok,
1583582542,29.12 20:30,Napoli,AC Monza,ok,,17.12 20:03,29.12 20:30,1.42,4.65,6.36,1.58,4.28,6.03,-1.0,1.68,2.18,1.98,1.94,2.75,1.79,2.12,1.92,1.99,1.58,4.28,6.03,1.98,1.94,1.92,1.99,ok,
1583582543,30.12 17:00,Cagliari,Empoli,ok,,17.12 20:04,30.12 16:59,1.91,3.53,3.92,2.07,3.61,3.72,-0.5,1.92,1.9,2.08,1.85,2.5,1.91,1.89,1.87,2.05,2.07,3.61,3.72,2.08,1.85,1.87,2.05,ok,
1583724383,14.01 18:15,Cadiz,Valencia,ok,,22.12 15:03,14.01 18:16,2.7,3.02,2.77,3.17,2.85,2.76,0.0,1.88,1.93,2.11,1.83,1.75,1.54,2.63,1.85,2.06,3.17,2.85,2.76,2.11,1.83,1.85,2.06,ok,
1583724384,13.01 16:00,Las Palmas,Villarreal CF,ok,,22.12 15:03,13.01 16:01,2.34,3.36,2.95,2.71,3.49,2.69,0.0,1.7,2.16,1.97,1.95,2.75,2.04,1.77,2.06,1.86,2.71,3.49,2.69,1.97,1.95,2.06,1.86,ok,
1583724385,13.01 18:15,Mallorca,Celta Vigo,ok,,22.12 15:03,13.01 18:15,2.43,3.0,3.14,2.41,2.95,3.66,-0.25,2.07,1.77,2.02,1.91,2.0,1.81,2.0,2.13,1.8,2.41,2.95,3.66,2.02,1.91,2.13,1.8,ok,
1583724386,13.01 20:30,Athletic Club Bilbao,Real Sociedad,ok,,22.12 15:03,13.01 20:31,2.01,3.33,3.7,2.15,3.08,4.17,-0.25,1.74,2.1,1.82,2.12,2.0,1.58,2.52,1.98,1.93,2.15,3.08,4.17,1.82,2.12,1.98,1.93,ok,
1583724387,31.01 21:00,Barcelona,Osasuna,ok,,22.12 15:03,31.01 21:02,1.22,6.08,9.74,1.34,5.82,8.99,-1.5,1.77,2.18,1.95,1.97,3.25,2.02,1.78,2.09,1.83,1.34,5.82,8.99,1.95,1.97,2.09,1.83,ok,
1583724388,14.01 16:00,Almeria,Girona,ok,,22.12 15:02,14.01 16:00,3.56,3.9,1.9,3.77,3.78,2.0,0.5,1.91,1.91,1.91,2.01,3.0,1.81,2.01,2.03,1.88,3.77,3.78,2.0,1.91,2.01,2.03,1.88,ok,
1583724389,01.02 23:00,Getafe,Real Madrid,ok,,22.12 15:02,01.02 22:58,5.0,3.86,1.63,6.63,3.83,1.62,1.0,1.75,2.2,1.82,2.13,2.5,1.88,1.93,2.08,1.84,6.63,3.83,1.62,1.82,2.13,2.08,1.84,ok,
1583724390,31.01 23:00,Atletico Madrid,Rayo Vallecano,ok,,22.12 15:03,31.01 23:01,1.29,5.33,8.45,1.64,3.81,6.25,-0.75,1.36,3.09,1.84,2.1,2.5,1.6,2.32,2.03,1.88,1.64,3.81,6.25,1.84,2.1,2.03,1.88,ok,
1583724391,12.01 23:00,Sevilla,Alaves,ok,,22.12 15:02,12.01 23:00,1.79,3.51,4.45,2.08,3.21,4.23,-0.5,1.8,2.03,2.09,1.85,2.0,1.59,2.5,1.86,2.06,2.08,3.21,4.23,2.09,1.85,1.86,2.06,ok,
1583724392,13.01 23:00,Real Betis,Granada CF,ok,,22.12 15:03,13.01 23:01,1.56,4.14,5.31,1.75,3.8,5.14,-0.75,1.76,2.2,1.97,1.94,2.5,1.76,2.18,1.98,1.93,1.75,3.8,5.14,1.97,1.94,1.98,1.93,ok,
1583785760,07.01 17:00,Udinese,Lazio,ok,,24.12 01:02,07.01 17:00,2.95,3.23,2.4,3.63,3.24,2.25,0.25,1.77,2.08,2.0,1.93,2.25,1.74,2.07,2.06,1.85,3.63,3.24,2.25,2.0,1.93,2.06,1.85,ok,
1583785763,06.01 20:00,Lecce,Cagliari,ok,,24.12 01:02,06.01 20:01,2.39,3.32,2.93,2.27,3.16,3.69,-0.25,2.07,1.77,1.93,1.99,2.25,1.85,1.95,1.93,1.98,2.27,3.16,3.69,1.93,1.99,1.93,1.98,ok,
1583785764,07.01 22:45,AS Roma,Atalanta BC,ok,,24.12 01:02,07.01 22:44,2.3,3.22,3.13,2.29,3.22,3.56,-0.25,1.98,1.83,1.95,1.97,2.25,1.8,2.01,2.06,1.85,2.29,3.22,3.56,1.95,1.97,2.06,1.85,ok,
1583785765,05.01 22:45,Bologna,Genoa,ok,,24.12 01:02,05.01 22:45,1.86,3.34,4.37,2.32,2.99,3.8,-0.25,1.64,2.41,1.95,1.97,2.0,1.73,2.22,2.04,1.87,2.32,2.99,3.8,1.95,1.97,2.04,1.87,ok,
1583785766,07.01 20:00,Salernitana,Juventus,ok,,24.12 01:02,07.01 19:59,6.31,4.28,1.48,7.28,4.2,1.52,1.0,2.0,1.83,2.01,1.92,2.5,1.8,2.01,2.06,1.85,7.28,4.2,1.52,2.01,1.92,2.06,1.85,ok,
1583785767,06.01 22:45,Sassuolo,Fiorentina,ok,,24.12 01:02,06.01 22:45,2.71,3.42,2.49,3.54,3.65,2.12,0.25,1.74,2.22,2.09,1.85,2.75,1.86,1.94,1.98,1.93,3.54,3.65,2.12,2.09,1.85,1.98,1.93,ok,
1583785769,07.01 17:00,Torino,Napoli,ok,,24.12 01:02,07.01 17:01,3.25,3.31,2.2,2.64,3.11,3.05,0.0,2.44,1.63,1.83,2.11,2.25,1.76,2.17,2.09,1.83,2.64,3.11,3.05,1.83,2.11,2.09,1.83,ok,
1583785771,06.01 14:30,FC Internazionale,Hellas Verona FC,ok,,24.12 01:02,06.01 14:30,1.16,7.47,13.53,1.17,8.5,17.0,-2.0,1.88,1.93,1.94,1.96,3.25,2.01,1.79,2.0,1.89,1.17,8.5,17.0,1.94,1.96,2.0,1.89,ok,
1583785772,07.01 14:30,Empoli,AC Milan,ok,,24.12 01:02,07.01 14:30,4.51,3.88,1.69,5.6,4.1,1.65,0.75,1.92,1.9,2.09,1.85,2.75,1.92,1.88,1.95,1.95,5.6,4.1,1.65,2.09,1.85,1.95,1.95,ok,
1583785774,06.01 17:00,Frosinone,AC Monza,ok,,24.12 01:02,06.01 17:01,2.47,3.33,2.77,2.49,3.49,2.95,0.0,1.8,2.03,1.81,2.14,2.75,2.06,1.84,2.04,1.87,2.49,3.49,2.95,1.81,2.14,2.04,1.87,ok,
1583879758,12.01 23:00,Marseille,Strasbourg,ok,,29.12 01:04,12.01 23:02,1.44,4.59,6.31,1.66,3.89,5.79,-0.75,1.55,2.45,1.86,2.07,2.25,1.53,2.47,1.88,2.02,1.66,3.89,5.79,1.86,2.07,1.88,2.02,ok,
1583921459,13.01 17:00,Genoa,Torino,ok,,31.12 10:07,13.01 17:02,2.79,2.92,2.79,3.36,2.92,2.58,0.25,1.6,2.35,1.79,2.16,1.75,1.62,2.28,1.83,2.09,3.36,2.92,2.58,1.79,2.16,1.83,2.09,ok,
1583921466,13.01 20:00,Hellas Verona FC,Empoli,ok,,31.12 10:07,13.01 20:03,2.23,3.2,3.33,2.22,3.29,3.65,-0.25,1.92,1.9,1.9,2.03,2.25,1.89,1.91,1.89,2.02,2.22,3.29,3.65,1.9,2.03,1.89,2.02,ok,
1583922137,14.01 17:00,Cagliari,Bologna,ok,,31.12 10:08,14.01 17:02,3.36,3.18,2.23,3.2,3.05,2.58,0.25,1.91,1.91,1.78,2.18,2.0,1.66,2.21,1.92,1.98,3.2,3.05,2.58,1.78,2.18,1.92,1.98,ok,
1583922340,13.01 22:45,AC Monza,FC Internazionale,ok,,31.12 10:07,13.01 22:46,6.76,4.31,1.45,8.34,5.1,1.4,1.25,1.75,2.08,2.06,1.87,2.75,2.09,1.73,1.88,2.03,8.34,5.1,1.4,2.06,1.87,1.88,2.03,ok,
1583922341,13.01 17:00,Napoli,Salernitana,ok,,31.12 10:08,13.01 16:58,1.27,5.7,9.42,1.32,5.75,10.25,-1.5,1.83,1.99,1.95,1.97,2.75,1.66,2.21,1.91,2.0,1.32,5.75,10.25,1.95,1.97,1.91,2.0,ok,
1583922342,14.01 14:30,Lazio,Lecce,ok,,31.12 10:08,14.01 14:28,1.68,3.57,5.24,1.59,3.95,6.75,-1.0,2.3,1.62,2.09,1.85,2.25,1.97,1.84,1.98,1.93,1.59,3.95,6.75,2.09,1.85,1.98,1.93,ok,
1583926313,14.01 20:00,Fiorentina,Udinese,ok,,31.12 10:09,14.01 20:02,1.65,3.85,4.98,1.67,3.91,5.73,-0.75,1.85,1.97,1.86,2.07,2.5,1.89,1.91,2.06,1.85,1.67,3.91,5.73,1.86,2.07,2.06,1.85,ok,
1583928977,14.01 22:45,AC Milan,AS Roma,ok,,31.12 10:10,14.01 22:45,2.04,3.39,3.61,2.13,3.21,4.05,-0.5,2.05,1.79,2.13,1.81,2.25,1.93,1.87,2.04,1.87,2.13,3.21,4.05,2.13,1.81,2.04,1.87,ok,
1583936400,15.01 22:45,Atalanta BC,Frosinone,ok,,31.12 10:16,15.01 22:46,1.45,4.52,6.23,1.39,5.25,8.32,-1.25,2.03,1.8,1.88,2.06,3.0,2.1,1.72,1.98,1.93,1.39,5.25,8.32,1.88,2.06,1.98,1.93,ok,
1583936401,16.01 22:45,Juventus,Sassuolo,ok,,31.12 10:17,16.01 22:45,1.44,4.58,6.4,1.4,5.01,8.51,-1.25,2.0,1.83,1.97,1.95,2.75,1.83,1.98,1.95,1.95,1.4,5.01,8.51,1.97,1.95,1.95,1.95,ok,
1583986866,27.01 23:00,Marseille,AS Monaco,ok,,03.01 12:53,27.01 23:03,2.09,3.8,3.14,2.38,3.6,3.04,-0.25,1.84,1.98,2.07,1.87,2.75,1.81,2.0,1.93,1.98,2.38,3.6,3.04,2.07,1.87,1.93,1.98,ok,
1583986867,28.01 17:00,Clermont,Strasbourg,ok,,03.01 12:53,28.01 17:02,2.4,3.12,3.05,3.15,3.33,2.44,0.25,1.49,2.62,1.84,2.1,2.25,1.92,1.88,1.84,2.08,3.15,3.33,2.44,1.84,2.1,1.84,2.08,ok,
1583986875,28.01 19:05,Toulouse FC,Lens,ok,,03.01 12:53,28.01 19:07,3.58,3.42,2.02,3.7,3.6,2.08,0.5,1.8,2.03,1.85,2.09,2.5,1.93,1.88,1.92,1.99,3.7,3.6,2.08,1.85,2.09,1.92,1.99,ok,
1583986876,28.01 17:00,Lorient,Le Havre,ok,,03.01 12:53,28.01 17:03,2.41,3.14,3.03,3.25,3.07,2.54,0.25,1.54,2.68,1.81,2.15,2.0,1.63,2.4,1.97,1.93,3.25,3.07,2.54,1.81,2.15,1.97,1.93,ok,
1583986877,28.01 15:00,Montpellier HSC,Lille,ok,,03.01 12:53,28.01 15:02,3.11,3.31,2.26,3.84,3.47,2.09,0.5,1.68,2.33,1.84,2.1,2.5,1.92,1.88,2.07,1.85,3.84,3.47,2.09,1.84,2.1,2.07,1.85,ok,
1583986882,26.01 23:00,Lyon,Rennes,ok,,03.01 12:53,26.01 23:04,2.29,3.38,3.02,2.62,3.42,2.83,0.0,1.71,2.27,1.89,2.04,2.5,1.81,1.99,2.01,1.89,2.62,3.42,2.83,1.89,2.04,2.01,1.89,ok,
1583986883,28.01 22:45,Paris Saint Germain,Brest,ok,,03.01 12:53,28.01 22:46,1.31,5.34,7.91,1.45,4.96,7.17,-1.25,1.75,2.21,2.0,1.93,3.0,1.84,1.95,1.96,1.93,1.45,4.96,7.17,2.0,1.93,1.96,1.93,ok,
1583986884,27.01 19:00,Nice,Metz,ok,,03.01 12:53,27.01 19:08,1.37,4.56,7.73,1.45,4.24,9.35,-1.0,1.67,2.35,1.82,2.13,2.25,1.7,2.27,2.11,1.81,1.45,4.24,9.35,1.82,2.13,2.11,1.81,ok,
1583986885,28.01 17:00,Reims,Nantes,ok,,03.01 12:53,28.01 16:59,1.69,3.76,4.69,1.99,3.5,4.14,-0.5,1.75,2.01,2.0,1.92,2.5,1.94,1.81,2.05,1.87,1.99,3.5,4.14,2.0,1.92,2.05,1.87,ok,
1584040400,22.01 23:00,Granada CF,Atletico Madrid,ok,,05.01 09:48,22.01 23:00,4.22,3.79,1.76,5.3,4.1,1.67,0.75,1.83,1.99,2.06,1.87,2.75,1.92,1.88,2.0,1.91,5.3,4.1,1.67,2.06,1.87,2.0,1.91,ok,
1584040402,19.01 23:00,Alaves,Cadiz,ok,,05.01 09:47,19.01 23:01,1.62,3.59,5.83,1.67,3.58,6.54,-0.75,1.83,1.99,1.89,2.03,2.0,1.77,2.06,2.0,1.91,1.67,3.58,6.54,1.89,2.03,2.0,1.91,ok,
1584040403,21.01 23:00,Girona,Sevilla,ok,,05.01 09:49,21.01 23:00,1.64,4.03,4.73,1.86,3.95,4.19,-0.5,1.68,2.32,1.86,2.08,2.75,1.83,1.96,1.84,2.08,1.86,3.95,4.19,1.86,2.08,1.84,2.08,ok,
1584040404,20.01 23:00,Celta Vigo,Real Sociedad,ok,,05.01 09:48,20.01 22:59,2.89,3.0,2.6,2.52,2.97,3.4,-0.25,2.53,1.59,2.12,1.83,2.0,1.79,2.13,2.12,1.81,2.52,2.97,3.4,2.12,1.83,2.12,1.81,ok,
1584040405,21.01 20:30,Real Betis,Barcelona,ok,,05.01 09:49,21.01 20:30,3.23,3.76,2.05,4.11,4.12,1.84,0.75,1.58,2.38,1.85,2.08,3.0,2.09,1.73,1.93,1.98,4.11,4.12,1.84,1.85,2.08,1.93,1.98,ok,
1584040412,21.01 16:00,Osasuna,Getafe,ok,,05.01 09:49,21.01 16:01,2.16,3.02,3.7,2.5,2.86,3.6,-0.25,1.83,1.98,2.09,1.85,1.75,1.69,2.28,1.93,1.98,2.5,2.86,3.6,2.09,1.85,1.93,1.98,ok,
1584040413,20.01 20:30,Valencia,Athletic Club Bilbao,ok,,05.01 09:48,20.01 20:29,4.06,3.59,1.85,3.55,3.22,2.29,0.25,2.31,1.62,1.96,1.96,2.25,1.68,2.17,2.12,1.81,3.55,3.22,2.29,1.96,1.96,2.12,1.81,ok,
1584040414,20.01 16:00,Rayo Vallecano,Las Palmas,ok,,05.01 09:48,20.01 16:01,1.95,3.22,4.1,1.74,3.7,5.45,-0.75,2.36,1.67,1.97,1.95,2.25,2.07,1.75,1.91,2.0,1.74,3.7,5.45,1.97,1.95,1.91,2.0,ok,
1584040415,21.01 18:15,Real Madrid,Almeria,ok,,05.01 09:49,21.01 18:14,1.14,8.3,12.32,1.13,9.75,23.0,-2.5,2.23,1.74,1.96,1.94,3.75,1.9,1.88,1.98,1.91,1.13,9.75,23.0,1.96,1.94,1.98,1.91,ok,
1584040416,20.01 18:15,Villarreal CF,Mallorca,ok,,05.01 09:49,20.01 18:16,1.93,3.43,3.91,2.1,3.4,3.88,-0.5,1.93,1.88,2.11,1.83,2.25,1.81,2.11,1.91,1.99,2.1,3.4,3.88,2.11,1.83,1.91,1.99,ok,
1584094805,20.01 22:45,Udinese,AC Milan,ok,,07.01 11:16,20.01 22:46,4.07,3.59,1.85,4.25,3.65,1.93,0.5,1.96,1.86,1.99,1.93,2.5,1.9,1.9,1.95,1.95,4.25,3.65,1.93,1.99,1.93,1.95,1.95,ok,
1584094807,21.01 20:00,Salernitana,Genoa,ok,,07.01 11:16,21.01 20:01,3.78,3.26,2.04,3.33,2.99,2.55,0.25,2.09,1.75,1.81,2.15,2.0,1.67,2.19,2.07,1.85,3.33,2.99,2.55,1.81,2.15,2.07,1.85,ok,
1584094808,21.01 14:30,Frosinone,Cagliari,ok,,07.01 11:16,21.01 14:30,2.76,3.34,2.51,2.39,3.42,3.16,-0.25,2.38,1.58,2.06,1.87,2.5,1.95,1.85,1.94,1.96,2.39,3.42,3.16,2.06,1.87,1.94,1.96,ok,
1584094812,21.01 17:00,Empoli,AC Monza,ok,,07.01 11:16,21.01 16:59,2.94,3.26,2.42,2.65,3.23,2.93,0.0,2.11,1.73,1.87,2.07,2.25,1.77,2.03,1.86,2.06,2.65,3.23,2.93,1.87,2.07,1.86,2.06,ok,
1584094813,21.01 22:45,Lecce,Juventus,ok,,07.01 11:16,21.01 22:45,5.5,3.44,1.68,5.59,3.47,1.78,0.75,1.89,1.93,1.88,2.04,2.0,1.85,1.96,1.83,2.1,5.59,3.47,1.78,1.88,2.04,1.83,2.1,ok,
1584094814,20.01 20:00,AS Roma,Hellas Verona FC,ok,,07.01 11:16,20.01 20:02,1.51,3.96,6.57,1.44,4.65,8.29,-1.25,2.25,1.65,2.05,1.88,2.5,2.15,1.69,1.91,2.0,1.44,4.65,8.29,2.05,1.88,1.91,2.0,ok,
1584317891,26.01 22:45,Cagliari,Torino,ok,,15.01 13:20,26.01 22:46,3.0,3.09,2.46,3.94,3.05,2.24,0.25,1.75,2.1,2.03,1.89,2.0,1.68,2.3,2.03,1.88,3.94,3.05,2.24,2.03,1.89,2.03,1.88,ok,
1584317892,29.01 22:45,Salernitana,AS Roma,ok,,15.01 13:20,29.01 22:46,4.91,3.62,1.69,5.31,3.84,1.72,0.75,1.89,1.93,1.98,1.94,2.5,2.14,1.78,2.07,1.85,5.31,3.84,1.72,1.98,1.94,2.07,1.85,ok,
1584317893,27.01 20:00,Juventus,Empoli,ok,,15.01 13:20,27.01 20:04,1.27,5.36,9.58,1.27,5.87,14.13,-1.5,1.89,1.93,1.92,2.01,2.5,1.76,2.16,1.92,1.99,1.27,5.87,14.13,1.92,2.01,1.92,1.99,ok,
1584317894,28.01 16:00,Celta Vigo,Girona,ok,,15.01 13:24,28.01 16:01,2.53,3.37,2.69,2.79,3.55,2.58,0.0,1.85,1.97,2.04,1.88,2.75,1.93,1.87,1.91,2.0,2.79,3.55,2.58,2.04,1.88,1.91,2.0,ok,
1584317895,28.01 20:30,Sevilla,Osasuna,ok,,15.01 13:24,28.01 20:30,1.89,3.38,4.19,2.13,3.23,4.03,-0.25,1.63,2.28,1.81,2.13,2.0,1.62,2.28,1.86,2.05,2.13,3.23,4.03,1.81,2.13,1.86,2.05,ok,
1584317896,28.01 20:00,Lazio,Napoli,ok,,15.01 13:20,28.01 20:01,2.68,3.24,2.62,2.43,3.06,3.45,-0.25,2.37,1.66,2.06,1.88,2.0,1.47,2.89,1.93,1.97,2.43,3.06,3.45,2.06,1.88,1.93,1.97,ok,
1584317897,27.01 20:30,Barcelona,Villarreal CF,ok,,15.01 13:24,27.01 20:31,1.3,5.8,7.75,1.36,6.05,7.68,-1.5,1.84,1.98,1.93,2.0,3.5,1.97,1.83,1.89,2.02,1.36,6.05,7.68,1.93,2.0,1.89,2.02,ok,
1584317898,29.01 23:00,Getafe,Granada CF,ok,,15.01 13:24,29.01 23:01,1.75,3.42,4.94,1.87,3.44,4.92,-0.5,1.79,2.15,1.88,2.05,2.25,2.06,1.76,2.13,1.81,1.87,3.44,4.92,1.88,2.05,2.13,1.81,ok,
1584317899,27.01 23:00,Mallorca,Real Betis,ok,,15.01 13:24,27.01 22:56,2.37,2.96,3.28,2.27,3.14,3.71,-0.25,2.01,1.81,1.93,2.0,2.0,1.89,1.91,1.85,2.06,2.27,3.14,3.71,1.93,2.0,1.85,2.06,ok,
1584317900,27.01 22:45,AC Milan,Bologna,ok,,15.01 13:20,27.01 22:47,1.83,3.7,4.07,1.75,3.66,5.45,-0.75,2.09,1.75,1.99,1.93,2.25,1.79,2.03,1.9,2.01,1.75,3.66,5.45,1.99,1.93,1.9,2.01,ok,
1584317902,28.01 14:30,Genoa,Lecce,ok,,15.01 13:20,28.01 14:32,1.96,3.13,4.18,2.21,3.08,3.99,-0.25,1.72,2.25,1.87,2.06,2.0,1.9,1.9,1.97,1.93,2.21,3.08,3.99,1.87,2.06,1.97,1.93,ok,
1584317903,27.01 16:00,Real Sociedad,Rayo Vallecano,ok,,15.01 13:24,27.01 16:02,1.47,4.08,6.92,1.82,3.3,5.62,-0.5,1.47,2.68,1.83,2.11,2.0,1.6,2.32,2.13,1.81,1.82,3.3,5.62,1.83,2.11,2.13,1.81,ok,
1584317904,28.01 17:00,AC Monza,Sassuolo,ok,,15.01 13:20,28.01 17:02,2.09,3.55,3.28,2.18,3.42,3.6,-0.25,1.83,1.99,1.88,2.05,2.5,1.73,2.22,1.93,1.98,2.18,3.42,3.6,1.88,2.05,1.93,1.98,ok,
1584317905,28.01 23:00,Atletico Madrid,Valencia,ok,,15.01 13:24,28.01 22:57,1.41,4.57,6.79,1.6,4.04,6.33,-1.0,1.72,2.26,2.07,1.86,2.5,1.76,2.17,2.02,1.89,1.6,4.04,6.33,2.07,1.86,2.02,1.89,ok,
1584317906,27.01 18:15,Las Palmas,Real Madrid,ok,,15.01 13:24,27.01 18:17,5.2,4.01,1.6,6.72,4.83,1.48,1.25,1.58,2.37,1.86,2.07,3.0,2.34,1.59,2.07,1.85,6.72,4.83,1.48,1.86,2.07,2.07,1.85,ok,
1584317907,28.01 22:45,Fiorentina,FC Internazionale,ok,,15.01 13:20,28.01 22:44,4.22,3.71,1.79,4.51,3.53,1.91,0.5,2.03,1.8,2.01,1.92,2.25,1.6,2.33,1.94,1.96,4.51,3.53,1.91,2.01,1.92,1.94,1.96,ok,
1584317908,28.01 18:15,Cadiz,Athletic Club Bilbao,ok,,15.01 13:24,28.01 18:15,5.14,3.77,1.65,5.13,3.36,1.86,0.5,2.24,1.65,2.06,1.87,2.0,1.49,2.59,1.83,2.08,5.13,3.36,1.86,2.06,1.87,1.83,2.08,ok,
1584317909,28.01 17:00,Hellas Verona FC,Frosinone,ok,,15.01 13:20,28.01 17:02,2.38,3.41,2.87,2.21,3.36,3.6,-0.25,2.07,1.77,1.9,2.03,2.25,1.72,2.1,1.89,2.02,2.21,3.36,3.6,1.9,2.03,1.89,2.02,ok,
1584317910,26.01 23:00,Almeria,Alaves,ok,,15.01 13:24,26.01 23:01,2.83,3.27,2.49,2.87,3.1,2.81,0.0,2.04,1.79,1.98,1.93,2.25,1.8,2.02,2.11,1.81,2.87,3.1,2.81,1.98,1.93,2.11,1.81,ok,
1584317911,27.01 17:00,Atalanta BC,Udinese,ok,,15.01 13:20,27.01 17:04,1.49,4.31,5.91,1.49,4.57,7.04,-1.0,1.83,1.99,1.83,2.12,2.75,1.92,1.88,1.92,1.99,1.49,4.57,7.04,1.83,2.12,1.92,1.99,ok,
1584600453,04.02 14:30,Torino,Salernitana,ok,,22.01 00:10,04.02 14:32,1.35,4.64,8.38,1.59,4.0,6.45,-1.0,1.63,2.45,2.1,1.84,2.25,1.74,2.2,1.83,2.09,1.59,4.0,6.45,2.1,1.84,1.83,2.09,ok,
1584600454,02.02 22:45,Lecce,Fiorentina,ok,,22.01 00:08,02.02 22:46,3.17,3.07,2.36,3.61,3.21,2.28,0.25,1.81,2.01,1.98,1.94,2.25,2.02,1.79,2.04,1.87,3.61,3.21,2.28,1.98,1.94,2.04,1.87,ok,
1584600455,04.02 18:15,Osasuna,Celta Vigo,ok,,22.01 00:14,04.02 18:15,2.34,3.09,3.22,2.19,3.12,4.0,-0.25,2.0,1.83,1.85,2.08,2.0,1.7,2.13,2.0,1.91,2.19,3.12,4.0,1.85,2.08,2.0,1.91,ok,
1584600456,04.02 17:00,Napoli,Hellas Verona FC,ok,,22.01 00:10,04.02 17:00,1.39,4.65,6.95,1.48,4.45,7.6,-1.0,1.69,2.31,1.85,2.09,2.5,1.74,2.2,1.98,1.93,1.48,4.45,7.6,1.85,2.09,1.98,1.93,ok,
1584600457,03.02 22:45,Bologna,Sassuolo,ok,,22.01 00:09,03.02 22:46,1.75,3.73,4.37,1.63,3.93,6.08,-0.75,1.98,1.84,1.82,2.12,2.5,1.83,1.97,2.07,1.85,1.63,3.93,6.08,1.82,2.12,2.07,1.85,ok,
1584600458,03.02 18:15,Granada CF,Las Palmas,ok,,22.01 00:16,03.02 18:16,2.27,3.17,3.24,2.21,3.32,3.66,-0.25,1.95,1.87,1.84,2.09,2.25,1.91,1.89,1.92,1.98,2.21,3.32,3.66,1.84,2.09,1.92,1.98,ok,
1584600459,03.02 20:00,Frosinone,AC Milan,ok,,22.01 00:09,03.02 20:02,4.9,4.14,1.6,4.68,3.96,1.78,0.75,2.12,1.81,1.92,2.0,2.75,1.82,2.08,1.88,2.03,4.68,3.96,1.78,1.92,2.0,1.88,2.03,ok,
1584600460,04.02 22:45,FC Internazionale,Juventus,ok,,22.01 00:10,04.02 22:45,1.68,3.66,4.97,1.85,3.42,5.09,-0.5,1.72,2.24,1.85,2.08,2.0,1.58,2.52,1.87,2.04,1.85,3.42,5.09,1.85,2.08,1.87,2.04,ok,
1584600461,04.02 20:00,Atalanta BC,Lazio,ok,,22.01 00:10,04.02 20:00,1.93,3.46,3.82,2.05,3.39,4.06,-0.5,1.94,1.87,2.06,1.87,2.25,1.75,2.19,2.0,1.91,2.05,3.39,4.06,2.06,1.87,2.0,1.91,ok,
1584600462,03.02 17:00,Empoli,Genoa,ok,,22.01 00:09,03.02 17:02,2.83,2.99,2.66,2.9,2.95,2.92,0.0,1.97,1.85,1.95,1.97,2.0,1.78,2.14,2.04,1.87,2.9,2.95,2.92,1.95,1.97,2.04,1.87,ok,
1584600463,03.02 17:00,Udinese,AC Monza,ok,,22.01 00:09,03.02 17:01,2.17,3.42,3.21,2.15,3.27,3.88,-0.25,1.89,1.93,1.84,2.1,2.25,1.65,2.38,1.97,1.93,2.15,3.27,3.88,1.84,2.1,1.97,1.93,ok,
1584600464,04.02 23:00,Real Madrid,Atletico Madrid,ok,,22.01 00:16,04.02 22:59,1.54,4.28,5.27,1.72,4.15,4.81,-0.75,1.73,2.24,1.93,2.0,3.0,2.0,1.81,2.07,1.85,1.72,4.15,4.81,1.93,2.0,2.07,1.85,ok,
1584600465,02.02 23:00,Athletic Club Bilbao,Mallorca,ok,,22.01 00:13,02.02 22:55,1.41,4.23,7.55,1.52,3.92,8.33,-1.0,1.77,2.18,1.96,1.96,2.0,1.61,2.45,1.88,2.03,1.52,3.92,8.33,1.96,1.96,1.88,2.03,ok,
1584600466,04.02 16:00,Villarreal CF,Cadiz,ok,,22.01 00:16,04.02 16:01,1.59,4.05,5.1,1.61,4.15,5.84,-1.0,2.04,1.79,2.06,1.88,2.75,1.93,1.87,2.05,1.86,1.61,4.15,5.84,2.06,1.88,2.05,1.86,ok,
1584600467,03.02 20:30,Alaves,Barcelona,ok,,22.01 00:14,03.02 20:30,4.32,3.78,1.76,4.34,3.58,1.93,0.5,2.07,1.76,1.99,1.93,2.5,1.77,2.04,1.99,1.92,4.34,3.58,1.93,1.99,1.93,1.99,1.92,ok,
1584600468,04.02 20:30,Real Betis,Getafe,ok,,22.01 00:16,04.02 20:30,1.76,3.39,4.83,2.07,3.23,4.24,-0.5,1.81,2.11,2.08,1.85,2.25,2.07,1.76,2.08,1.84,2.07,3.23,4.24,2.08,1.85,2.08,1.84,ok,
1584600469,03.02 23:00,Girona,Real Sociedad,ok,,22.01 00:14,03.02 22:59,2.21,3.26,3.29,2.01,3.51,4.08,-0.5,2.27,1.71,2.02,1.91,2.5,2.1,1.81,2.04,1.87,2.01,3.51,4.08,2.02,1.91,2.04,1.87,ok,
1584600470,03.02 16:00,Valencia,Almeria,ok,,22.01 00:14,03.02 16:01,1.53,4.1,5.74,1.74,3.79,5.21,-0.75,1.72,2.26,1.97,1.95,2.5,1.83,1.96,2.08,1.84,1.74,3.79,5.21,1.97,1.95,2.08,1.84,ok,
1584600781,04.02 15:00,AS Monaco,Le Havre,ok,,22.01 00:11,04.02 15:03,1.47,4.45,5.96,1.59,4.23,6.0,-1.0,1.78,2.05,2.02,1.91,2.75,1.81,1.99,1.98,1.93,1.59,4.23,6.0,2.02,1.91,1.98,1.93,ok,
1584600782,03.02 19:00,Rennes,Montpellier HSC,ok,,22.01 00:10,03.02 19:04,1.6,3.98,5.14,1.55,4.24,6.72,-1.0,2.11,1.81,1.93,1.99,2.5,1.81,2.0,1.97,1.93,1.55,4.24,6.72,1.93,1.99,1.97,1.93,ok,
1584600784,02.02 23:00,Strasbourg,Paris Saint Germain,ok,,22.01 00:08,02.02 23:02,5.5,4.44,1.5,6.03,4.42,1.56,1.0,1.98,1.83,1.98,1.94,3.0,1.91,1.89,2.04,1.87,6.03,4.42,1.56,1.98,1.94,2.04,1.87,ok,
1584600786,03.02 23:00,Nantes,Lens,ok,,22.01 00:10,03.02 22:54,3.03,3.42,2.28,3.78,3.47,2.1,0.5,1.63,2.28,1.83,2.11,2.5,2.02,1.79,2.06,1.85,3.78,3.47,2.1,1.83,2.11,2.06,1.85,ok,
1584600787,04.02 17:00,Lille,Clermont,ok,,22.01 00:11,04.02 17:04,1.37,4.75,7.36,1.46,4.66,7.63,-1.25,1.88,1.94,2.06,1.88,2.75,1.91,1.89,2.06,1.85,1.46,4.66,7.63,2.06,1.88,2.06,1.85,ok,
1584600788,04.02 17:00,Metz,Lorient,ok,,22.01 00:11,04.02 17:03,2.17,3.29,3.38,2.1,3.16,4.24,-0.5,2.17,1.69,2.11,1.83,2.0,1.53,2.47,1.93,1.98,2.1,3.16,4.24,2.11,1.83,1.93,1.98,ok,
1584600789,04.02 17:00,Reims,Toulouse FC,ok,,22.01 00:11,04.02 17:04,1.67,3.89,4.65,1.84,3.69,4.63,-0.5,1.72,2.26,1.85,2.08,2.5,1.8,2.12,1.97,1.93,1.84,3.69,4.63,1.85,2.08,1.97,1.93,ok,
1584610488,04.02 19:05,Brest,Nice,ok,,22.01 00:11,04.02 19:07,2.49,3.04,3.01,2.99,2.84,2.94,0.0,1.74,2.12,1.98,1.94,1.75,1.56,2.59,1.88,2.03,2.99,2.84,2.94,1.98,1.94,1.88,2.03,ok,
1584610490,04.02 22:45,Lyon,Marseille,ok,,22.01 00:11,04.02 22:46,2.9,3.4,2.35,2.94,3.34,2.58,0.0,2.2,1.76,2.1,1.84,2.5,1.8,2.11,2.02,1.89,2.94,3.34,2.58,2.1,1.84,2.02,1.89,ok,
1584618967,05.02 23:00,Rayo Vallecano,Sevilla,ok,,22.01 00:17,05.02 23:01,2.37,3.19,3.08,2.15,3.26,3.91,-0.25,2.03,1.8,1.83,2.11,2.25,1.88,1.92,2.1,1.83,2.15,3.26,3.91,1.83,2.11,2.1,1.83,ok,
1584619306,05.02 22:45,AS Roma,Cagliari,ok,,22.01 00:19,05.02 22:45,1.52,3.97,6.16,1.5,4.38,7.31,-1.0,1.93,1.88,1.86,2.07,2.5,2.1,1.81,1.87,2.05,1.5,4.38,7.31,1.86,2.07,1.87,2.05,ok,
1584906496,10.02 16:00,Alaves,Villarreal CF,ok,,29.01 00:11,10.02 16:00,2.12,3.57,3.22,2.22,3.48,3.45,-0.25,1.85,1.96,1.92,2.01,2.5,1.83,1.99,2.0,1.91,2.22,3.48,3.45,1.92,2.01,2.0,1.91,ok,
1584906497,11.02 23:00,Barcelona,Granada CF,ok,,29.01 00:13,11.02 22:59,1.17,7.64,11.14,1.19,8.06,14.16,-2.0,1.85,1.94,1.97,1.93,3.5,1.85,1.93,2.05,1.85,1.19,8.06,14.16,1.97,1.93,2.05,1.85,ok,
1584906498,11.02 20:30,Sevilla,Atletico Madrid,ok,,29.01 00:13,11.02 20:30,3.09,3.44,2.22,3.78,3.62,2.05,0.5,1.7,2.29,1.87,2.06,2.5,1.81,2.11,1.87,2.05,3.78,3.62,2.05,1.87,2.06,1.87,2.05,ok,
1584906499,12.02 23:00,Almeria,Athletic Club Bilbao,ok,,29.01 00:14,12.02 23:01,4.21,3.8,1.76,4.75,3.6,1.85,0.5,2.12,1.81,2.08,1.85,2.25,1.56,2.59,1.88,2.02,4.75,3.6,1.85,2.08,1.85,1.88,2.02,ok,
1584906500,11.02 18:15,Mallorca,Rayo Vallecano,ok,,29.01 00:13,11.02 18:15,2.04,3.05,4.03,2.59,2.77,3.58,-0.25,1.73,2.11,2.14,1.81,1.75,1.68,2.17,2.09,1.83,2.59,2.77,3.58,2.14,1.81,2.09,1.83,ok,
1584906501,10.02 20:30,Real Madrid,Girona,ok,,29.01 00:11,10.02 20:30,1.47,4.71,5.62,1.43,5.48,6.55,-1.25,2.01,1.81,1.88,2.05,3.5,2.14,1.7,1.87,2.04,1.43,5.48,6.55,1.88,2.05,1.87,2.04,ok,
1584906502,11.02 16:00,Getafe,Celta Vigo,ok,,29.01 00:13,11.02 16:00,2.46,2.96,3.14,2.25,3.05,3.9,-0.25,2.09,1.76,1.9,2.02,1.75,1.65,2.36,1.81,2.12,2.25,3.05,3.9,1.9,2.02,1.81,2.12,ok,
1584906503,10.02 18:15,Real Sociedad,Osasuna,ok,,29.01 00:11,10.02 18:13,1.52,3.77,6.68,1.76,3.33,6.18,-0.75,1.73,2.24,2.03,1.89,1.75,1.6,2.48,1.81,2.12,1.76,3.33,6.18,2.03,1.89,1.81,2.12,ok,
1584906504,09.02 23:00,Cadiz,Real Betis,ok,,29.01 00:09,09.02 22:58,3.35,3.23,2.21,3.06,3.02,2.71,0.0,2.41,1.57,2.09,1.85,2.0,1.61,2.29,2.0,1.9,3.06,3.02,2.71,2.09,1.85,2.0,1.9,ok,
1584906505,10.02 23:00,Las Palmas,Valencia,ok,,29.01 00:11,10.02 22:52,2.56,2.96,3.02,2.6,3.0,3.23,-0.25,2.16,1.7,2.19,1.78,2.0,1.83,1.97,1.97,1.93,2.6,3.0,3.23,2.19,1.78,1.97,1.93,ok,
1584906522,11.02 19:05,Montpellier HSC,Lyon,ok,,29.01 00:13,11.02 19:07,2.47,3.36,2.77,2.8,3.35,2.69,0.0,1.8,2.03,2.0,1.93,2.5,1.81,2.09,2.02,1.89,2.8,3.35,2.69,2.0,1.93,2.02,1.89,ok,
1584906523,11.02 15:00,Le Havre,Rennes,ok,,29.01 00:13,11.02 15:02,3.27,3.23,2.22,4.08,3.33,2.07,0.5,1.7,2.29,1.85,2.08,2.25,1.83,1.97,2.04,1.88,4.08,3.33,2.07,1.85,2.08,2.04,1.88,ok,
1584906524,09.02 23:00,Marseille,Metz,ok,,29.01 00:09,09.02 23:02,1.26,5.57,9.64,1.42,4.74,8.53,-1.25,1.66,2.37,2.01,1.92,2.5,1.69,2.29,1.91,2.0,1.42,4.74,8.53,2.01,1.92,1.91,2.0,ok,
1584906525,11.02 17:00,Toulouse FC,Nantes,ok,,29.01 00:13,11.02 16:58,2.2,3.25,3.33,2.11,3.47,3.77,-0.5,2.26,1.72,2.12,1.83,2.5,2.14,1.78,2.04,1.87,2.11,3.47,3.77,2.12,1.83,2.04,1.87,ok,
1584906529,10.02 17:00,Cagliari,Lazio,ok,,29.01 00:11,10.02 17:01,3.45,3.28,2.13,3.69,3.36,2.18,0.25,1.99,1.83,2.06,1.87,2.25,1.83,1.98,1.9,2.0,3.69,3.36,2.18,2.06,1.87,1.9,2.0,ok,
1584906530,11.02 17:00,Bologna,Lecce,ok,,29.01 00:13,11.02 17:01,1.7,3.54,5.06,1.67,3.71,6.13,-0.75,1.93,1.88,1.88,2.05,2.25,1.95,1.85,1.93,1.97,1.67,3.71,6.13,1.88,2.05,1.93,1.97,ok,
1584906531,10.02 22:45,Sassuolo,Torino,ok,,29.01 00:11,10.02 22:45,2.94,3.19,2.43,3.42,3.27,2.33,0.25,1.75,2.09,1.93,1.99,2.25,1.78,2.04,1.91,2.0,3.42,3.27,2.33,1.93,1.99,1.91,2.0,ok,
1584906532,11.02 17:00,Lorient,Reims,ok,,29.01 00:13,11.02 17:02,3.39,3.5,2.06,4.18,3.73,1.92,0.5,1.81,2.12,2.0,1.93,2.5,1.82,2.08,1.91,2.0,4.18,3.73,1.92,2.0,1.93,1.91,2.0,ok,
1584906535,09.02 22:45,Salernitana,Empoli,ok,,29.01 00:09,09.02 22:46,2.39,3.27,2.96,2.49,3.14,3.24,-0.25,2.04,1.79,2.12,1.83,2.25,1.78,2.14,2.08,1.84,2.49,3.14,3.24,2.12,1.83,2.08,1.84,ok,
1584906536,11.02 20:00,Genoa,Atalanta BC,ok,,29.01 00:13,11.02 20:02,3.36,3.24,2.18,4.21,3.34,2.03,0.5,1.73,2.24,1.88,2.04,2.25,1.83,1.97,2.04,1.88,4.21,3.34,2.03,1.88,2.04,2.04,1.88,ok,
1584906537,11.02 22:45,Nice,AS Monaco,ok,,29.01 00:13,11.02 22:45,2.29,3.37,3.02,2.43,3.19,3.31,-0.25,1.98,1.83,2.07,1.87,2.25,1.64,2.38,2.04,1.88,2.43,3.19,3.31,2.07,1.87,2.04,1.88,ok,
1584906538,10.02 19:00,Lens,Strasbourg,ok,,29.01 00:10,10.02 19:04,1.51,4.13,5.95,1.7,3.92,5.34,-0.75,1.69,2.3,1.92,2.01,2.5,1.86,1.93,1.94,1.96,1.7,3.92,5.34,1.92,2.01,1.94,1.96,ok,
1584906540,10.02 23:00,Paris Saint Germain,Lille,ok,,29.01 00:10,10.02 23:00,1.5,4.82,6.27,1.83,3.71,4.68,-0.75,1.58,2.39,2.09,1.85,2.5,1.58,2.37,1.94,1.96,1.83,3.71,4.68,2.09,1.85,1.94,1.96,ok,
1584906542,10.02 20:00,AS Roma,FC Internazionale,ok,,29.01 00:11,10.02 20:02,3.73,3.33,2.01,4.62,3.65,1.85,0.5,1.81,2.02,2.07,1.86,2.5,2.15,1.78,1.99,1.92,4.62,3.65,1.85,2.07,1.86,1.99,1.92,ok,
1584906543,11.02 17:00,Clermont,Brest,ok,,29.01 00:13,11.02 17:02,3.35,3.27,2.36,3.79,3.37,2.14,0.25,1.91,2.02,2.1,1.84,2.25,1.98,1.93,1.94,1.96,3.79,3.37,2.14,2.1,1.84,1.94,1.96,ok,
1584906546,11.02 22:45,AC Milan,Napoli,ok,,29.01 00:13,11.02 22:45,1.89,3.66,3.76,1.97,3.57,4.14,-0.5,1.9,1.92,1.98,1.94,2.5,1.76,2.17,2.03,1.88,1.97,3.57,4.14,1.98,1.94,2.03,1.88,ok,
1584906547,11.02 14:30,Fiorentina,Frosinone,ok,,29.01 00:13,11.02 14:31,1.49,4.33,5.95,1.56,4.5,6.0,-1.0,1.83,1.99,1.94,1.98,2.75,1.93,1.87,1.87,2.04,1.56,4.5,6.0,1.94,1.98,1.87,2.04,ok,
1584906548,12.02 22:45,Juventus,Udinese,ok,,29.01 00:14,12.02 22:45,1.33,4.83,8.62,1.46,4.32,8.73,-1.0,1.58,2.56,1.83,2.11,2.25,1.68,2.3,1.93,1.98,1.46,4.32,8.73,1.83,2.11,1.93,1.98,ok,
1584906549,11.02 17:00,AC Monza,Hellas Verona FC,ok,,29.01 00:13,11.02 17:01,1.95,3.42,3.81,2.35,3.15,3.51,-0.25,1.74,2.23,2.0,1.93,2.25,1.78,2.14,2.04,1.87,2.35,3.15,3.51,2.0,1.93,2.04,1.87,ok,
1585238528,18.02 22:45,AC Monza,AC Milan,ok,,05.02 00:42,18.02 22:46,3.86,3.65,1.88,5.16,3.71,1.76,0.75,1.75,2.2,1.92,2.01,2.5,1.81,2.1,1.98,1.93,5.16,3.71,1.76,1.92,2.01,1.98,1.93,ok,
1585238529,18.02 19:05,Reims,Lens,ok,,05.02 00:43,18.02 19:00,2.23,3.37,3.17,2.25,3.35,3.5,-0.25,1.93,1.89,1.93,1.99,2.5,1.93,1.87,2.09,1.83,2.25,3.35,3.5,1.93,1.99,2.09,1.83,ok,
1585238530,18.02 22:45,Brest,Marseille,ok,,05.02 00:43,18.02 22:46,2.67,3.19,2.65,2.5,3.26,3.12,-0.25,2.36,1.66,2.14,1.81,2.5,1.98,1.82,2.08,1.84,2.5,3.26,3.12,2.14,1.81,2.08,1.84,ok,
1585238531,18.02 17:00,Montpellier HSC,Metz,ok,,05.02 00:43,18.02 17:02,1.72,3.6,4.73,1.67,3.89,5.72,-0.75,1.95,1.85,1.87,2.06,2.25,1.81,2.0,1.86,2.05,1.67,3.89,5.72,1.87,2.06,1.86,2.05,ok,
1585238532,17.02 18:15,Osasuna,Cadiz,ok,,05.02 00:41,17.02 18:16,1.62,3.61,5.69,1.82,3.39,5.39,-0.75,1.83,2.0,2.11,1.83,2.0,1.76,2.17,2.0,1.9,1.82,3.39,5.39,2.11,1.83,2.0,1.9,ok,
1585238533,17.02 16:00,Atletico Madrid,Las Palmas,ok,,05.02 00:41,17.02 16:01,1.33,5.14,8.05,1.47,4.45,7.75,-1.0,1.51,2.55,1.82,2.12,2.5,1.65,2.23,2.03,1.88,1.47,4.45,7.75,1.82,2.12,2.03,1.88,ok,
1585238534,18.02 14:30,Lazio,Bologna,ok,,05.02 00:42,18.02 14:30,1.91,3.27,4.24,2.57,3.03,3.25,-0.25,1.68,2.33,2.17,1.79,2.0,1.78,2.14,1.95,1.95,2.57,3.03,3.25,2.17,1.79,1.95,1.95,ok,
1585238535,17.02 20:00,Hellas Verona FC,Juventus,ok,,05.02 00:41,17.02 20:03,5.4,3.65,1.63,6.18,3.54,1.7,0.75,1.97,1.84,1.96,1.96,2.0,1.67,2.33,1.85,2.07,6.18,3.54,1.7,1.96,1.96,1.85,2.07,ok,
1585238539,18.02 23:00,Real Betis,Alaves,ok,,05.02 00:42,18.02 23:00,1.99,3.3,3.82,2.46,3.08,3.38,-0.25,1.76,2.19,2.08,1.85,2.0,1.64,2.38,1.94,1.96,2.46,3.08,3.38,2.08,1.85,1.94,1.96,ok,
1585238540,16.02 23:00,Lyon,Nice,ok,,05.02 00:41,16.02 23:03,2.63,3.19,2.73,2.8,3.28,2.73,0.0,1.88,1.94,1.99,1.93,2.25,1.78,2.03,1.95,1.95,2.8,3.28,2.73,1.99,1.93,1.95,1.95,ok,
1585238541,17.02 22:45,Atalanta BC,Sassuolo,ok,,05.02 00:41,17.02 22:46,1.34,5.18,7.15,1.32,5.92,9.51,-1.5,1.99,1.83,1.94,1.98,3.25,2.01,1.8,2.01,1.89,1.32,5.92,9.51,1.94,1.98,2.01,1.89,ok,
1585238542,16.02 21:00,Torino,Lecce,ok,,05.02 00:39,16.02 21:04,1.56,3.66,6.35,1.93,3.27,4.88,-0.5,1.6,2.49,1.93,1.99,2.0,1.8,2.01,1.93,1.98,1.93,3.27,4.88,1.93,1.99,1.93,1.98,ok,
1585238543,18.02 20:00,Frosinone,AS Roma,ok,,05.02 00:42,18.02 20:02,3.77,3.53,1.93,3.87,3.58,2.04,0.5,1.88,1.93,1.88,2.05,2.75,2.15,1.78,1.9,2.01,3.87,3.58,2.04,1.88,2.05,1.9,2.01,ok,
1585238544,19.02 23:00,Athletic Club Bilbao,Girona,ok,,05.02 00:45,19.02 22:59,1.85,3.68,3.91,1.87,3.66,4.5,-0.5,1.85,1.96,1.88,2.05,2.5,1.79,2.13,1.93,1.97,1.87,3.66,4.5,1.88,2.05,1.93,1.97,ok,
1585238545,18.02 18:15,Granada CF,Almeria,ok,,05.02 00:42,18.02 18:16,2.04,3.68,3.76,2.3,3.42,3.34,-0.25,1.77,2.18,1.98,1.94,2.25,1.64,2.4,1.83,2.09,2.3,3.42,3.34,1.98,1.94,1.83,2.09,ok,
1585238552,18.02 17:00,AS Monaco,Toulouse FC,ok,,05.02 00:42,18.02 17:02,1.43,4.69,6.05,1.61,4.26,5.74,-1.0,1.75,2.21,2.05,1.88,2.75,1.69,2.28,2.03,1.88,1.61,4.26,5.74,2.05,1.88,2.03,1.88,ok,
1585238554,17.02 23:00,Nantes,Paris Saint Germain,ok,,05.02 00:41,17.02 23:02,5.31,4.31,1.53,7.88,4.53,1.46,1.25,1.68,2.18,1.85,2.08,2.5,1.64,2.39,1.88,2.03,7.88,4.53,1.46,1.85,2.08,1.88,2.03,ok,
1585238555,18.02 17:00,Empoli,Fiorentina,ok,,05.02 00:42,18.02 17:02,3.59,3.42,2.02,3.66,3.36,2.19,0.25,2.14,1.8,2.05,1.88,2.25,1.74,2.2,1.92,1.99,3.66,3.36,2.19,2.05,1.88,1.92,1.99,ok,
1585238556,18.02 17:00,Rennes,Clermont,ok,,05.02 00:42,18.02 17:03,1.49,4.22,6.01,1.58,4.2,6.21,-1.0,1.85,1.97,2.02,1.91,2.5,1.81,2.0,1.93,1.97,1.58,4.2,6.21,2.02,1.91,1.93,1.97,ok,
1585238557,17.02 19:00,Lille,Le Havre,ok,,05.02 00:41,17.02 18:59,1.44,4.31,6.66,1.51,4.27,7.43,-1.0,1.81,2.12,1.89,2.03,2.25,1.68,2.29,1.88,2.02,1.51,4.27,7.43,1.89,2.03,1.88,2.02,ok,
1585238560,18.02 17:00,Udinese,Cagliari,ok,,05.02 00:42,18.02 16:53,2.07,3.34,3.54,1.88,3.59,4.56,-0.5,2.13,1.8,1.89,2.04,2.5,2.02,1.79,2.09,1.83,1.88,3.59,4.56,1.89,2.04,2.09,1.83,ok,
1585238561,18.02 15:00,Strasbourg,Lorient,ok,,05.02 00:42,18.02 15:00,1.74,3.67,4.54,1.74,3.75,5.3,-0.75,1.97,1.85,1.97,1.95,2.25,1.74,2.21,1.84,2.08,1.74,3.75,5.3,1.97,1.95,1.84,2.08,ok,
1585238562,18.02 20:30,Mallorca,Real Sociedad,ok,,05.02 00:42,18.02 20:31,3.3,2.77,2.5,3.89,2.81,2.41,0.25,1.8,1.94,1.92,2.01,1.5,1.68,2.31,1.87,2.05,3.89,2.81,2.41,1.92,2.01,1.87,2.05,ok,
1585238563,17.02 20:30,Celta Vigo,Barcelona,ok,,05.02 00:41,17.02 20:29,3.54,3.7,1.94,3.94,3.75,1.97,0.5,1.87,1.95,1.94,1.98,2.75,1.79,2.02,1.98,1.93,3.94,3.75,1.97,1.94,1.98,1.98,1.93,ok,
1585238564,18.02 16:00,Rayo Vallecano,Real Madrid,ok,,05.02 00:43,18.02 16:01,4.69,3.82,1.68,5.43,3.94,1.69,0.75,1.93,1.89,2.03,1.89,2.75,2.1,1.81,2.05,1.87,5.43,3.94,1.69,2.03,1.89,2.05,1.87,ok,
1585238565,17.02 17:00,Napoli,Genoa,ok,,05.02 00:41,17.02 17:02,1.6,3.81,5.5,1.74,3.7,5.45,-0.75,1.78,2.05,1.99,1.93,2.25,1.79,2.03,1.85,2.07,1.74,3.7,5.45,1.99,1.93,1.85,2.07,ok,
1585238566,17.02 23:00,Valencia,Sevilla,ok,,05.02 00:41,17.02 22:56,1.99,3.32,3.79,2.31,3.17,3.58,-0.25,1.76,2.19,1.96,1.96,2.0,1.61,2.44,1.86,2.05,2.31,3.17,3.58,1.96,1.96,1.86,2.05,ok,
1585238567,14.02 21:00,Bologna,Fiorentina,ok,,05.02 00:37,14.02 21:00,2.3,3.19,3.17,2.59,3.14,3.1,0.0,1.68,2.34,1.79,2.16,2.0,1.6,2.48,1.83,2.09,2.59,3.14,3.1,1.79,2.16,1.83,2.09,ok,
1585238568,16.02 23:00,Villarreal CF,Getafe,ok,,05.02 00:39,16.02 22:59,2.09,3.63,3.26,2.08,3.57,3.73,-0.5,2.09,1.75,2.09,1.85,2.5,1.85,1.95,1.93,1.98,2.08,3.57,3.73,2.09,1.85,1.93,1.98,ok,
1585238570,16.02 23:00,FC Internazionale,Salernitana,ok,,05.02 00:39,16.02 23:02,1.12,8.61,14.65,1.12,10.57,24.05,-2.25,1.98,1.93,1.86,2.05,3.25,1.8,2.11,1.85,2.04,1.12,10.57,24.05,1.86,2.05,1.85,2.04,ok,
1585583096,25.02 16:00,Cadiz,Celta Vigo,ok,,12.02 00:33,25.02 15:57,3.18,3.0,2.4,3.41,3.02,2.48,0.25,1.79,2.04,1.85,2.09,2.0,1.82,1.99,2.06,1.85,3.41,3.02,2.48,1.85,2.09,2.06,1.85,ok,
1585583097,26.02 23:00,Girona,Rayo Vallecano,ok,,12.02 00:36,26.02 23:01,1.56,4.14,5.31,1.66,4.09,5.43,-0.75,1.76,2.2,1.85,2.09,2.75,1.9,1.9,2.01,1.89,1.66,4.09,5.43,1.85,2.09,2.01,1.89,ok,
1585583098,24.02 23:00,Almeria,Atletico Madrid,ok,,12.02 00:31,24.02 23:01,4.31,3.93,1.71,5.44,3.99,1.68,0.75,1.89,1.93,2.06,1.88,2.75,1.8,2.01,2.06,1.86,5.44,3.99,1.68,2.06,1.88,2.06,1.86,ok,
1585583099,24.02 20:30,Alaves,Mallorca,ok,,12.02 00:31,24.02 20:30,1.95,3.09,4.3,1.93,3.09,5.37,-0.5,1.96,1.85,1.93,1.99,1.75,1.74,2.21,1.96,1.94,1.93,3.09,5.37,1.93,1.99,1.96,1.94,ok,
1585583100,23.02 23:00,Real Sociedad,Villarreal CF,ok,,12.02 00:29,23.02 23:00,1.57,4.0,5.43,1.66,4.03,5.56,-0.75,1.78,2.17,1.85,2.09,2.5,1.85,1.95,1.89,2.02,1.66,4.03,5.56,1.85,2.09,1.89,2.02,ok,
1585583102,24.02 18:15,Barcelona,Getafe,ok,,12.02 00:31,24.02 18:16,1.28,5.6,8.96,1.42,4.96,8.01,-1.25,1.64,2.26,1.95,1.97,2.75,1.71,2.11,1.95,1.95,1.42,4.96,8.01,1.95,1.97,1.95,1.95,ok,
1585583103,25.02 20:30,Las Palmas,Osasuna,ok,,12.02 00:33,25.02 20:30,2.44,3.01,3.1,2.46,3.11,3.33,-0.25,2.08,1.76,2.09,1.85,2.0,1.77,2.05,1.89,2.02,2.46,3.11,3.33,2.09,1.85,1.89,2.02,ok,
1585583104,25.02 18:15,Real Betis,Athletic Club Bilbao,ok,,12.02 00:33,25.02 18:16,3.14,3.37,2.42,4.03,3.32,2.09,0.5,1.63,2.42,1.84,2.1,2.25,1.79,2.13,1.96,1.94,4.03,3.32,2.09,1.84,2.1,1.96,1.94,ok,
1585583120,24.02 19:00,Lorient,Nantes,ok,,12.02 00:32,24.02 19:05,2.76,3.11,2.63,3.09,3.08,2.64,0.0,1.95,1.85,2.13,1.82,2.0,1.61,2.46,1.82,2.1,3.09,3.08,2.64,2.13,1.82,1.82,2.1,ok,
1585583123,25.02 17:00,Nice,Clermont,ok,,12.02 00:34,25.02 17:03,1.4,4.4,7.83,1.47,4.51,7.8,-1.25,1.99,1.83,2.09,1.85,2.5,1.98,1.83,1.94,1.96,1.47,4.51,7.8,2.09,1.85,1.94,1.96,ok,
1585583124,24.02 20:00,Salernitana,AC Monza,ok,,12.02 00:31,24.02 20:01,2.76,3.17,2.59,3.34,3.19,2.39,0.25,1.7,2.28,1.88,2.04,2.25,1.78,2.04,1.89,2.01,3.34,3.19,2.39,1.88,2.04,1.89,2.01,ok,
1585583125,24.02 17:00,Sassuolo,Empoli,ok,,12.02 00:31,24.02 17:02,1.88,3.69,3.82,2.27,3.38,3.42,-0.25,1.68,2.32,1.96,1.96,2.5,1.76,2.17,1.98,1.93,2.27,3.38,3.42,1.96,1.96,1.98,1.93,ok,
1585583126,25.02 23:00,Real Madrid,Sevilla,ok,,12.02 00:34,25.02 22:58,1.21,6.21,9.88,1.29,6.17,10.02,-1.75,1.88,1.92,2.06,1.86,3.25,1.96,1.83,2.04,1.85,1.29,6.17,10.02,2.06,1.86,2.04,1.85,ok,
1585583127,25.02 14:30,Juventus,Frosinone,ok,,12.02 00:33,25.02 14:26,1.23,5.78,10.07,1.31,5.8,10.5,-1.5,1.82,2.11,2.01,1.92,2.75,1.81,2.1,1.85,2.07,1.31,5.8,10.5,2.01,1.92,1.85,2.07,ok,
1585583128,23.02 22:45,Bologna,Hellas Verona FC,ok,,12.02 00:29,23.02 22:47,1.66,3.68,5.06,1.67,3.63,6.35,-0.75,1.88,1.93,1.89,2.04,2.25,1.81,2.0,1.99,1.92,1.67,3.63,6.35,1.89,2.04,1.99,1.92,ok,
1585583129,24.02 22:45,Genoa,Udinese,ok,,12.02 00:31,24.02 22:49,1.97,3.21,4.01,2.52,2.97,3.4,-0.25,1.69,2.17,2.12,1.83,2.0,1.74,2.08,2.04,1.87,2.52,2.97,3.4,2.12,1.83,2.04,1.87,ok,
1585583131,25.02 17:00,Toulouse FC,Lille,ok,,12.02 00:34,25.02 17:03,3.7,3.52,1.95,3.85,3.44,2.09,0.5,1.85,1.96,1.83,2.1,2.5,1.85,1.95,2.05,1.86,3.85,3.44,2.09,1.83,2.1,2.05,1.86,ok,
1585583134,25.02 22:45,Marseille,Montpellier HSC,ok,,12.02 00:34,25.02 22:44,1.52,4.19,5.61,1.7,4.03,5.14,-0.75,1.71,2.27,1.9,2.03,2.75,1.93,1.86,1.95,1.95,1.7,4.03,5.14,1.9,2.03,1.95,1.95,ok,
1585583135,25.02 15:00,Lens,AS Monaco,ok,,12.02 00:34,25.02 15:04,2.22,3.63,2.99,2.29,3.56,3.22,-0.25,1.94,1.88,1.99,1.93,2.75,1.92,1.88,2.0,1.91,2.29,3.56,3.22,1.99,1.93,2.0,1.91,ok,
1585583136,23.02 23:00,Metz,Lyon,ok,,12.02 00:29,23.02 23:04,3.36,3.32,2.15,4.17,3.43,2.01,0.5,1.75,2.21,1.91,2.02,2.25,1.78,2.14,1.83,2.09,4.17,3.43,2.01,1.91,2.02,1.83,2.09,ok,
1585583137,26.02 20:30,AS Roma,Torino,ok,,12.02 00:36,26.02 20:32,2.0,3.14,4.01,2.02,3.19,4.54,-0.5,2.01,1.81,2.03,1.9,2.0,1.83,1.97,1.9,2.01,2.02,3.19,4.54,2.03,1.9,1.9,2.01,ok,
1585583138,25.02 17:00,Cagliari,Napoli,ok,,12.02 00:33,25.02 17:01,3.71,3.59,1.93,4.65,3.71,1.83,0.5,1.88,1.93,2.08,1.83,2.75,1.98,1.82,2.07,1.85,4.65,3.71,1.83,2.08,1.83,2.07,1.85,ok,
1585583140,26.02 22:45,Fiorentina,Lazio,ok,,12.02 00:36,26.02 22:45,2.3,3.17,3.18,2.13,3.4,3.77,-0.25,1.97,1.84,1.84,2.1,2.25,1.88,1.93,1.88,2.03,2.13,3.4,3.77,1.84,2.1,1.88,2.03,ok,
1585583141,25.02 20:00,Lecce,FC Internazionale,ok,,12.02 00:33,25.02 20:02,6.42,4.32,1.46,7.1,4.35,1.51,1.0,2.05,1.78,2.01,1.91,2.5,1.82,1.99,1.93,1.98,7.1,4.35,1.51,2.01,1.91,1.93,1.98,ok,
1585583142,24.02 23:00,Strasbourg,Brest,ok,,12.02 00:32,24.02 23:03,2.79,3.07,2.63,2.73,3.21,2.86,0.0,1.97,1.85,1.92,2.01,2.25,1.93,1.88,1.96,1.94,2.73,3.21,2.86,1.92,2.01,1.96,1.94,ok,
1585583143,22.02 22:45,Torino,Lazio,ok,,12.02 00:27,22.02 22:47,2.48,2.93,3.13,2.82,2.93,3.01,0.0,1.74,2.22,1.9,2.03,2.0,1.89,1.91,2.11,1.82,2.82,2.93,3.01,1.9,2.03,2.11,1.82,ok,
1585583145,25.02 22:45,AC Milan,Atalanta BC,ok,,12.02 00:33,25.02 22:45,2.12,3.52,3.25,2.37,3.5,3.13,-0.25,1.85,1.97,2.05,1.88,2.75,1.92,1.88,2.03,1.88,2.37,3.5,3.13,2.05,1.88,2.03,1.88,ok,
1585583147,25.02 19:05,Paris Saint Germain,Rennes,ok,,12.02 00:34,25.02 19:08,1.46,4.57,5.9,1.34,5.73,9.17,-1.5,2.34,1.67,1.89,2.04,3.25,2.23,1.72,1.86,2.05,1.34,5.73,9.17,1.89,2.04,1.86,2.05,ok,
1585583148,25.02 17:00,Le Havre,Reims,ok,,12.02 00:34,25.02 17:03,2.74,3.17,2.61,3.41,3.34,2.3,0.25,1.69,2.3,1.95,1.97,2.5,2.09,1.81,2.07,1.85,3.41,3.34,2.3,1.95,1.97,2.07,1.85,ok,
1586000345,28.02 20:00,Sassuolo,Napoli,ok,,19.02 00:40,28.02 20:02,3.42,3.63,2.01,4.47,4.01,1.79,0.75,1.65,2.39,1.88,2.04,2.75,1.83,1.97,1.91,2.0,4.47,4.01,1.79,1.88,2.04,1.91,2.0,ok,
1586008480,28.02 22:45,FC Internazionale,Atalanta BC,ok,,19.02 00:40,28.02 22:45,1.62,4.02,4.92,1.62,4.06,6.01,-1.0,2.14,1.8,2.11,1.83,2.75,1.91,1.89,1.99,1.92,1.62,4.06,6.01,2.11,1.83,1.99,1.92,ok,
1586009295,02.03 20:30,Getafe,Las Palmas,ok,,19.02 00:56,02.03 20:30,1.91,3.24,4.28,2.06,3.26,4.23,-0.5,1.92,1.9,2.07,1.86,2.25,2.15,1.77,2.09,1.83,2.06,3.26,4.23,2.07,1.86,2.09,1.83,ok,
1586009296,02.03 18:15,Rayo Vallecano,Cadiz,ok,,19.02 00:56,02.03 18:08,1.54,3.77,6.3,1.76,3.51,5.63,-0.75,1.76,2.2,2.02,1.91,2.0,1.74,2.2,1.85,2.06,1.76,3.51,5.63,2.02,1.91,1.85,2.06,ok,
1586009297,01.03 23:00,Celta Vigo,Almeria,ok,,19.02 00:54,01.03 22:57,1.54,4.13,5.45,1.82,3.86,4.52,-0.75,1.74,2.22,2.08,1.86,2.5,1.79,2.13,1.91,2.0,1.82,3.86,4.52,2.08,1.86,1.91,2.0,ok,
1586009298,03.03 23:00,Athletic Club Bilbao,Barcelona,ok,,19.02 00:59,03.03 22:59,2.48,3.43,2.73,3.31,3.48,2.28,0.25,1.59,2.37,1.95,1.97,2.5,1.72,2.1,1.93,1.97,3.31,3.48,2.28,1.95,1.97,1.93,1.97,ok,
1586009299,03.03 17:00,Brest,Le Havre,ok,,19.02 01:01,03.03 17:01,1.72,3.54,4.84,1.62,3.78,6.66,-0.75,1.96,1.85,1.81,2.13,2.25,1.89,1.91,2.04,1.88,1.62,3.78,6.66,1.81,2.13,2.04,1.88,ok,
1586009300,02.03 23:00,Clermont,Marseille,ok,,19.02 00:57,02.03 23:03,4.07,3.59,1.84,5.52,4.17,1.64,1.0,1.54,2.67,1.84,2.1,2.75,2.18,1.75,1.85,2.06,5.52,4.17,1.64,1.84,2.1,1.85,2.06,ok,
1586009301,03.03 17:00,Montpellier HSC,Strasbourg,ok,,19.02 01:01,03.03 17:01,2.21,3.28,3.25,2.0,3.71,3.86,-0.5,2.28,1.71,2.01,1.92,2.75,2.38,1.64,1.98,1.92,2.0,3.71,3.86,2.01,1.92,1.98,1.92,ok,
1586009302,01.03 23:00,AS Monaco,Paris Saint Germain,ok,,19.02 00:55,01.03 23:03,2.69,3.84,2.33,3.5,4.1,2.0,0.5,1.61,2.33,1.91,2.01,3.5,2.3,1.61,2.06,1.85,3.5,4.1,2.0,1.91,2.01,2.06,1.85,ok,
1586009303,04.03 23:00,Osasuna,Alaves,ok,,19.02 01:00,04.03 22:59,2.04,3.12,3.97,2.39,3.09,3.51,-0.25,1.74,2.1,2.02,1.9,2.0,1.89,1.91,2.04,1.87,2.39,3.09,3.51,2.02,1.9,2.04,1.87,ok,
1586009304,03.03 17:00,Nantes,Metz,ok,,19.02 01:01,03.03 17:04,1.86,3.32,4.39,1.91,3.34,4.82,-0.5,1.87,1.95,1.93,2.0,2.0,1.75,2.18,1.91,2.0,1.91,3.34,4.82,1.93,2.0,1.91,2.0,ok,
1586009305,03.03 20:00,Atalanta BC,Bologna,ok,,19.02 01:00,03.03 20:01,1.65,3.88,4.84,2.08,3.45,3.88,-0.5,1.7,2.3,2.09,1.85,2.5,1.82,1.99,2.05,1.86,2.08,3.45,3.88,2.09,1.85,2.05,1.86,ok,
1586009306,02.03 22:45,Torino,Fiorentina,ok,,19.02 00:56,02.03 22:47,2.34,3.08,3.26,2.65,3.03,3.13,0.0,1.63,2.29,1.81,2.15,2.0,1.74,2.08,1.88,2.03,2.65,3.03,3.13,1.81,2.15,1.88,2.03,ok,
1586009307,02.03 17:00,Udinese,Salernitana,ok,,19.02 00:56,02.03 17:02,1.69,3.71,4.77,1.68,3.85,5.71,-0.75,1.92,1.9,1.89,2.04,2.5,1.94,1.85,2.01,1.9,1.68,3.85,5.71,1.89,2.04,2.01,1.9,ok,
1586009308,02.03 16:00,Sevilla,Real Sociedad,ok,,19.02 00:56,02.03 16:02,2.56,2.92,3.06,2.81,2.89,3.07,0.0,1.75,2.1,1.88,2.05,1.75,1.62,2.28,1.85,2.07,2.81,2.89,3.07,1.88,2.05,1.85,2.07,ok,
1586009309,03.03 18:15,Atletico Madrid,Real Betis,ok,,19.02 00:59,03.03 18:16,1.43,4.59,6.41,1.53,4.33,6.72,-1.0,1.75,2.21,1.91,2.02,2.5,1.68,2.3,1.88,2.03,1.53,4.33,6.72,1.91,2.02,1.88,2.03,ok,
1586009310,03.03 20:30,Mallorca,Girona,ok,,19.02 00:59,03.03 20:30,2.93,3.16,2.46,3.74,3.32,2.17,0.25,1.78,2.17,2.07,1.87,2.25,1.83,1.97,1.93,1.97,3.74,3.32,2.17,2.07,1.87,1.93,1.97,ok,
1586009311,03.03 16:00,Villarreal CF,Granada CF,ok,,19.02 00:59,03.03 16:00,1.58,4.24,5.02,1.78,3.96,4.63,-0.75,1.74,2.1,2.01,1.92,2.75,1.77,2.03,1.87,2.04,1.78,3.96,4.63,2.01,1.92,1.87,2.04,ok,
1586009313,03.03 15:00,Toulouse FC,Nice,ok,,19.02 01:01,03.03 15:09,3.32,3.2,2.23,3.62,3.25,2.25,0.25,1.9,1.92,2.0,1.93,2.25,1.9,1.9,2.02,1.88,3.62,3.25,2.25,2.0,1.93,2.02,1.88,ok,
1586009314,03.03 22:45,Lyon,Lens,ok,,19.02 01:01,03.03 22:41,2.63,3.23,2.67,2.66,3.32,2.85,0.0,1.89,1.93,1.89,2.03,2.5,1.92,1.88,1.98,1.93,2.66,3.32,2.85,1.89,2.03,1.98,1.93,ok,
1586009315,03.03 19:05,Rennes,Lorient,ok,,19.02 01:01,03.03 19:06,1.34,4.89,7.77,1.5,4.5,7.1,-1.0,1.6,2.5,1.83,2.12,2.5,1.75,2.19,1.85,2.07,1.5,4.5,7.1,1.83,2.12,1.85,2.07,ok,
1586009316,02.03 23:00,Valencia,Real Madrid,ok,,19.02 00:56,02.03 22:58,4.8,3.72,1.7,5.72,4.01,1.65,0.75,1.9,1.92,2.1,1.84,2.5,1.95,1.85,1.98,1.93,5.72,4.01,1.65,2.1,1.84,1.98,1.93,ok,
1586009317,02.03 19:00,Reims,Lille,ok,,19.02 00:57,02.03 19:05,2.68,3.25,2.61,2.95,3.44,2.51,0.0,1.93,1.89,2.14,1.81,2.5,1.9,1.9,1.88,2.03,2.95,3.44,2.51,2.14,1.81,1.88,2.03,ok,
1586009318,03.03 14:30,Hellas Verona FC,Sassuolo,ok,,19.02 01:00,03.03 14:32,2.05,3.47,3.45,2.39,3.39,3.17,-0.25,1.78,2.05,2.06,1.87,2.5,1.83,1.97,1.93,1.98,2.39,3.39,3.17,2.06,1.87,1.93,1.98,ok,
1586009319,02.03 20:00,AC Monza,AS Roma,ok,,19.02 00:56,02.03 20:01,3.49,3.3,2.11,3.9,3.45,2.08,0.5,1.78,2.17,1.85,2.09,2.5,2.11,1.8,1.98,1.93,3.9,3.45,2.08,1.85,2.09,1.98,1.93,ok,
1586009320,01.03 22:45,Lazio,AC Milan,ok,,19.02 00:54,01.03 22:50,2.6,3.16,2.75,3.27,3.24,2.42,0.25,1.63,2.43,1.86,2.07,2.25,1.79,2.02,1.89,2.02,3.27,3.24,2.42,1.86,2.07,1.89,2.02,ok,
1586009321,04.03 22:45,FC Internazionale,Genoa,ok,,19.02 01:01,04.03 22:46,1.2,5.98,11.66,1.27,6.01,13.05,-1.5,1.77,2.18,1.9,2.03,2.75,1.88,1.9,1.95,1.95,1.27,6.01,13.05,1.9,2.03,1.95,1.95,ok,
1586009322,03.03 22:45,Napoli,Juventus,ok,,19.02 01:00,03.03 22:43,2.7,3.01,2.77,2.31,3.2,3.54,-0.25,2.36,1.66,1.97,1.95,2.25,2.03,1.79,2.09,1.83,2.31,3.2,3.54,1.97,1.95,2.09,1.83,ok,
1586009324,03.03 17:00,Frosinone,Lecce,ok,,19.02 01:00,03.03 16:58,2.2,3.39,3.17,2.32,3.35,3.35,-0.25,1.91,1.91,2.0,1.93,2.5,1.85,1.95,1.99,1.92,2.32,3.35,3.35,2.0,1.93,1.99,1.92,ok,
1586009325,03.03 17:00,Empoli,Cagliari,ok,,19.02 01:00,03.03 17:03,2.1,3.4,3.43,2.37,3.27,3.33,-0.25,1.82,2.01,2.03,1.9,2.25,1.71,2.12,1.83,2.1,2.37,3.27,3.33,2.03,1.9,1.83,2.1,ok,
1586426147,09.03 19:00,Lorient,Lyon,ok,,26.02 00:48,09.03 19:06,3.29,3.42,2.14,3.52,3.46,2.2,0.25,1.96,1.85,2.03,1.9,2.5,1.83,1.96,1.97,1.93,3.52,3.46,2.2,2.03,1.9,1.97,1.93,ok,
1586426148,10.03 17:00,Le Havre,Toulouse FC,ok,,26.02 00:51,10.03 16:57,2.24,3.21,3.26,2.98,3.1,2.71,0.0,1.64,2.42,2.06,1.87,2.25,1.85,1.95,2.11,1.82,2.98,3.1,2.71,2.06,1.87,2.11,1.82,ok,
1586426149,10.03 19:00,Lille,Rennes,ok,,26.02 00:48,10.03 19:02,2.01,3.4,3.64,1.92,3.53,4.45,-0.5,2.02,1.81,1.93,2.0,2.25,1.76,2.16,1.89,2.02,1.92,3.53,4.45,1.93,2.0,1.89,2.02,ok,
1586426150,10.03 20:00,Juventus,Atalanta BC,ok,,26.02 00:50,10.03 20:03,2.19,3.26,3.35,2.27,3.27,3.47,-0.25,1.88,1.93,1.95,1.97,2.25,1.83,1.97,2.04,1.87,2.27,3.27,3.47,1.95,1.97,2.04,1.87,ok,
1586426151,09.03 17:00,Cagliari,Salernitana,ok,,26.02 00:50,09.03 17:02,1.79,3.62,4.28,1.83,3.65,4.77,-0.5,1.8,2.03,1.83,2.09,2.5,1.92,1.88,2.03,1.88,1.83,3.65,4.77,1.83,2.09,2.03,1.88,ok,
1586426152,09.03 16:00,Valencia,Getafe,ok,,26.02 00:45,09.03 16:03,1.95,3.21,4.17,1.87,3.26,5.29,-0.5,1.96,1.86,1.88,2.05,2.0,1.78,2.04,2.1,1.83,1.87,3.26,5.29,1.88,2.05,2.1,1.83,ok,
1586426153,09.03 22:45,Genoa,AC Monza,ok,,26.02 00:50,09.03 22:46,2.11,3.14,3.7,2.12,3.2,4.01,-0.25,1.81,2.02,1.81,2.13,2.25,2.08,1.74,2.12,1.81,2.12,3.2,4.01,1.81,2.13,2.12,1.81,ok,
1586426154,09.03 18:15,Cadiz,Atletico Madrid,ok,,26.02 00:45,09.03 18:12,4.7,3.64,1.73,4.97,3.69,1.79,0.75,1.85,1.96,1.88,2.04,2.25,1.77,2.04,1.84,2.08,4.97,3.69,1.79,1.88,2.04,1.84,2.08,ok,
1586426155,08.03 22:45,Napoli,Torino,ok,,26.02 00:50,08.03 22:46,1.85,3.39,4.4,1.7,3.75,5.69,-0.75,2.13,1.71,1.93,2.0,2.25,1.96,1.84,1.97,1.93,1.7,3.75,5.69,1.93,2.0,1.97,1.93,ok,
1586426156,10.03 15:00,Paris Saint Germain,Reims,ok,,26.02 00:51,10.03 15:04,1.34,5.37,7.3,1.49,4.88,6.47,-1.25,1.73,2.11,2.09,1.85,3.0,1.78,2.03,1.98,1.93,1.49,4.88,6.47,2.09,1.85,1.98,1.93,ok,
1586426157,09.03 20:30,Granada CF,Real Sociedad,ok,,26.02 00:45,09.03 20:28,3.43,3.28,2.15,4.75,3.35,1.93,0.5,1.7,2.15,1.99,1.93,2.0,1.69,2.14,1.93,1.98,4.75,3.35,1.93,1.99,1.93,1.93,1.98,ok,
1586426158,09.03 23:00,Lens,Brest,ok,,26.02 00:48,09.03 23:03,1.93,3.37,4.0,2.24,3.18,3.74,-0.25,1.67,2.21,1.91,2.02,2.25,1.87,1.93,2.08,1.84,2.24,3.18,3.74,1.91,2.02,2.08,1.84,ok,
1586426159,09.03 17:00,Sassuolo,Frosinone,ok,,26.02 00:50,09.03 17:02,1.93,3.79,3.51,2.45,3.47,3.01,-0.25,1.74,2.22,2.12,1.83,2.75,1.71,2.25,2.05,1.86,2.45,3.47,3.01,2.12,1.83,2.05,1.86,ok,
1586426160,10.03 18:15,Las Palmas,Athletic Club Bilbao,ok,,26.02 00:47,10.03 18:17,3.88,3.31,1.99,4.84,3.5,1.86,0.5,1.83,2.0,2.06,1.87,2.25,1.91,1.89,1.92,1.99,4.84,3.5,1.86,2.06,1.87,1.92,1.99,ok,
1586426162,08.03 23:00,Barcelona,Mallorca,ok,,26.02 00:43,08.03 23:02,1.22,5.93,10.03,1.45,4.65,7.8,-1.25,1.59,2.53,2.07,1.86,2.5,1.6,2.47,1.92,1.99,1.45,4.65,7.8,2.07,1.86,1.92,1.99,ok,
1586426164,10.03 14:30,Lecce,Hellas Verona FC,ok,,26.02 00:50,10.03 14:31,2.16,3.14,3.54,2.21,3.15,3.88,-0.25,1.84,1.97,1.88,2.05,2.0,1.75,2.18,1.85,2.06,2.21,3.15,3.88,1.88,2.05,1.85,2.06,ok,
1586426165,10.03 20:30,Real Madrid,Celta Vigo,ok,,26.02 00:47,10.03 20:32,1.22,6.08,9.74,1.32,5.83,9.79,-1.5,1.77,2.18,1.99,1.93,3.0,1.82,2.08,1.96,1.94,1.32,5.83,9.79,1.99,1.93,1.96,1.94,ok,
1586426166,11.03 22:45,Lazio,Udinese,ok,,26.02 00:50,11.03 22:46,1.59,3.81,5.56,1.91,3.43,4.69,-0.5,1.63,2.42,1.92,2.01,2.25,1.8,2.01,1.96,1.94,1.91,3.43,4.69,1.92,2.01,1.96,1.94,ok,
1586426167,10.03 17:00,Metz,Clermont,ok,,26.02 00:51,10.03 16:57,2.44,3.14,2.98,2.23,3.28,3.64,-0.25,2.09,1.75,1.91,2.02,2.25,1.88,1.93,1.97,1.93,2.23,3.28,3.64,1.91,2.02,1.97,1.93,ok,
1586426168,09.03 23:00,Girona,Osasuna,ok,,26.02 00:45,09.03 23:01,1.63,3.94,4.89,1.53,4.5,6.43,-1.0,2.18,1.77,1.88,2.05,2.75,1.98,1.83,1.99,1.92,1.53,4.5,6.43,1.88,2.05,1.99,1.92,ok,
1586426169,10.03 16:00,Alaves,Rayo Vallecano,ok,,26.02 00:47,10.03 16:02,2.03,3.13,3.93,2.12,3.1,4.26,-0.5,2.04,1.79,2.13,1.81,2.0,1.83,1.97,2.02,1.89,2.12,3.1,4.26,2.13,1.81,2.02,1.89,ok,
1586426170,10.03 17:00,AC Milan,Empoli,ok,,26.02 00:50,10.03 17:01,1.33,5.11,7.55,1.43,4.74,8.3,-1.25,1.81,2.12,2.04,1.88,2.5,1.61,2.45,1.89,2.01,1.43,4.74,8.3,2.04,1.88,1.89,2.01,ok,
1586426171,09.03 20:00,Bologna,FC Internazionale,ok,,26.02 00:50,09.03 20:01,3.59,3.42,2.02,4.06,3.3,2.09,0.5,1.8,2.03,1.84,2.1,2.25,1.74,2.2,2.06,1.86,4.06,3.3,2.09,1.84,2.1,2.06,1.86,ok,
1586426172,08.03 23:00,Nice,Montpellier HSC,ok,,26.02 00:48,08.03 23:04,1.65,3.7,5.23,1.81,3.92,4.52,-0.75,1.86,1.96,2.05,1.88,2.5,2.08,1.74,1.85,2.06,1.81,3.92,4.52,2.05,1.88,1.85,2.06,ok,
1586426174,10.03 22:45,Marseille,Nantes,ok,,26.02 00:48,10.03 22:43,1.5,4.15,6.09,1.5,4.3,7.51,-1.0,1.87,1.94,1.88,2.06,2.5,1.88,1.93,2.06,1.86,1.5,4.3,7.51,1.88,2.06,2.06,1.86,ok,
1586426175,10.03 23:00,Real Betis,Villarreal CF,ok,,26.02 00:47,10.03 22:57,2.03,3.6,3.39,2.15,3.58,3.46,-0.25,1.82,2.11,1.88,2.05,2.75,1.85,1.95,2.07,1.85,2.15,3.58,3.46,1.88,2.05,2.07,1.85,ok,
1586426176,10.03 22:45,Fiorentina,AS Roma,ok,,26.02 00:50,10.03 22:44,2.43,3.23,2.9,2.61,3.24,2.98,0.0,1.79,2.15,1.84,2.1,2.25,1.76,2.16,1.93,1.98,2.61,3.24,2.98,1.84,2.1,1.93,1.98,ok,
1586426177,11.03 23:00,Almeria,Sevilla,ok,,26.02 00:49,11.03 23:00,2.63,3.29,2.63,3.51,3.45,2.21,0.25,1.68,2.34,2.02,1.91,2.5,1.83,1.97,2.05,1.87,3.51,3.45,2.21,2.02,1.91,2.05,1.87,ok,
1586426178,10.03 17:00,Strasbourg,AS Monaco,ok,,26.02 00:48,10.03 17:03,3.22,3.52,2.13,3.49,3.89,2.06,0.5,1.76,2.19,1.86,2.07,3.0,2.26,1.7,1.95,1.95,3.49,3.89,2.06,1.86,2.07,1.95,1.95,ok,
1586889869,16.03 19:00,Nantes,Strasbourg,ok,,03.03 21:20,16.03 19:05,2.31,3.22,3.16,2.14,3.3,3.87,-0.25,1.98,1.84,1.83,2.11,2.25,1.89,1.91,1.99,1.92,2.14,3.3,3.87,1.83,2.11,1.99,1.92,ok,
1586889870,16.03 17:00,Udinese,Torino,ok,,03.03 21:19,16.03 16:58,2.8,2.92,2.74,2.99,2.96,2.81,0.0,1.93,1.89,2.02,1.9,2.0,1.84,1.96,1.88,2.03,2.99,2.96,2.81,2.02,1.9,1.88,2.03,ok,
1586889871,16.03 23:00,Lens,Nice,ok,,03.03 21:20,16.03 23:02,2.26,3.22,3.25,2.0,3.45,4.19,-0.5,2.26,1.64,2.01,1.92,2.25,2.03,1.79,1.83,2.09,2.0,3.45,4.19,2.01,1.92,1.83,2.09,ok,
1586889872,17.03 17:00,Reims,Metz,ok,,03.03 21:23,17.03 17:02,1.52,4.09,6.06,1.77,3.85,4.89,-0.75,1.66,2.22,2.01,1.92,2.5,1.93,1.87,1.95,1.95,1.77,3.85,4.89,2.01,1.92,1.95,1.95,ok,
1586889873,16.03 22:45,Frosinone,Lazio,ok,,03.03 21:19,16.03 22:46,3.37,3.52,2.06,3.34,3.42,2.29,0.25,2.03,1.8,1.94,1.98,2.5,1.8,2.12,2.0,1.91,3.34,3.42,2.29,1.94,1.98,2.0,1.91,ok,
1586889874,17.03 20:30,Rayo Vallecano,Real Betis,ok,,03.03 21:21,17.03 20:30,2.11,3.25,3.54,2.59,3.12,3.11,0.0,1.54,2.65,1.79,2.16,2.0,1.63,2.4,1.81,2.13,2.59,3.12,3.11,1.79,2.16,1.81,2.13,ok,
1586889875,16.03 18:15,Osasuna,Real Madrid,ok,,03.03 21:18,16.03 18:15,5.07,3.92,1.62,7.3,4.45,1.49,1.0,1.78,2.16,2.12,1.83,2.5,1.83,1.96,1.88,2.02,7.3,4.45,1.49,2.12,1.83,1.88,2.02,ok,
1586889876,16.03 20:30,Getafe,Girona,ok,,03.03 21:18,16.03 20:26,2.82,3.32,2.48,3.73,3.43,2.13,0.25,1.71,2.13,2.1,1.84,2.5,1.87,1.93,2.05,1.86,3.73,3.43,2.13,2.1,1.84,2.05,1.86,ok,
1586889877,17.03 20:00,Atalanta BC,Fiorentina,ok,,03.03 21:22,17.03 19:06,1.73,3.84,4.35,1.93,3.64,4.24,-0.5,1.78,2.17,1.93,1.99,2.5,1.76,2.17,1.99,1.92,1.93,3.64,4.24,1.93,1.99,1.99,1.92,ok,
1586889878,16.03 16:00,Mallorca,Granada CF,ok,,03.03 21:18,16.03 15:58,1.8,3.4,4.66,1.86,3.35,5.16,-0.5,1.81,2.02,1.87,2.06,2.0,1.69,2.14,1.93,1.98,1.86,3.35,5.16,1.87,2.06,1.93,1.98,ok,
1586889879,17.03 17:00,Clermont,Le Havre,ok,,03.03 21:23,17.03 17:02,2.44,3.14,2.98,2.88,3.13,2.77,0.0,1.77,2.18,2.0,1.92,2.25,1.88,1.93,2.06,1.85,2.88,3.13,2.77,2.0,1.92,2.06,1.85,ok,
1586889880,15.03 23:00,Real Sociedad,Cadiz,ok,,03.03 16:09,15.03 23:01,1.4,4.23,8.54,1.45,4.27,9.43,-1.25,2.02,1.81,2.12,1.83,2.25,2.01,1.81,2.12,1.81,1.45,4.27,9.43,2.12,1.83,2.12,1.81,ok,
1586889881,16.03 20:00,Salernitana,Lecce,ok,,03.03 21:19,16.03 20:01,2.74,3.12,2.68,3.68,3.29,2.18,0.25,1.63,2.28,2.05,1.88,2.25,1.88,1.93,1.91,2.0,3.68,3.29,2.18,2.05,1.88,1.91,2.0,ok,
1586889882,17.03 22:45,FC Internazionale,Napoli,ok,,03.03 21:22,17.03 22:45,1.45,4.6,5.98,1.58,4.27,6.07,-1.0,1.78,2.16,2.02,1.91,2.75,1.74,2.21,2.0,1.91,1.58,4.27,6.07,2.02,1.91,2.0,1.91,ok,
1586889884,17.03 15:00,Brest,Lille,ok,,03.03 21:23,17.03 15:01,2.69,3.11,2.73,2.59,2.99,3.25,-0.25,2.29,1.63,2.18,1.78,2.0,1.58,2.37,1.98,1.93,2.59,2.99,3.25,2.18,1.78,1.98,1.93,ok,
1586889885,17.03 22:45,Montpellier HSC,Paris Saint Germain,ok,,03.03 21:23,17.03 22:43,5.01,4.41,1.56,7.1,5.27,1.43,1.25,1.67,2.21,2.02,1.9,3.25,2.1,1.72,1.91,2.0,7.1,5.27,1.43,2.02,1.9,1.91,2.0,ok,
1586889886,17.03 20:00,AS Roma,Sassuolo,ok,,03.03 21:22,17.03 19:59,1.31,5.57,8.0,1.4,4.94,8.86,-1.25,1.66,2.22,1.95,1.97,2.75,1.56,2.41,2.04,1.87,1.4,4.94,8.86,1.95,1.97,2.04,1.87,ok,
1586889887,15.03 23:00,Toulouse FC,Lyon,ok,,03.03 16:13,15.03 23:04,2.64,3.31,2.64,2.86,3.2,2.75,0.0,1.91,1.91,2.0,1.93,2.5,1.83,1.98,2.05,1.86,2.86,3.2,2.75,2.0,1.93,2.05,1.86,ok,
1586889888,17.03 17:00,AS Monaco,Lorient,ok,,03.03 21:23,17.03 17:02,1.3,5.44,8.17,1.37,5.63,7.94,-1.5,1.9,1.92,2.04,1.89,3.25,2.08,1.74,1.99,1.92,1.37,5.63,7.94,2.04,1.89,1.99,1.92,ok,
1586889889,17.03 19:05,Rennes,Marseille,ok,,03.03 21:23,17.03 19:06,2.28,3.44,3.02,2.7,3.49,2.69,0.0,1.66,2.22,1.96,1.96,2.75,2.04,1.77,2.06,1.86,2.7,3.49,2.69,1.96,1.96,2.06,1.86,ok,
1586889890,15.03 22:45,Empoli,Bologna,ok,,03.03 16:10,15.03 22:47,3.23,3.29,2.21,4.06,3.21,2.1,0.5,1.7,2.28,1.83,2.12,2.25,1.79,2.12,2.13,1.8,4.06,3.21,2.1,1.83,2.12,2.13,1.8,ok,
1586889891,17.03 17:00,Hellas Verona FC,AC Milan,ok,,03.03 21:22,17.03 16:59,4.32,3.69,1.78,6.51,4.0,1.6,1.0,1.55,2.45,1.83,2.11,2.5,1.87,1.93,2.01,1.89,6.51,4.0,1.6,1.83,2.11,2.01,1.89,ok,
1586889892,17.03 23:00,Atletico Madrid,Barcelona,ok,,03.03 21:21,17.03 23:00,2.29,3.62,2.88,2.24,3.59,3.3,-0.25,2.01,1.82,1.95,1.97,2.75,1.69,2.14,1.93,1.98,2.24,3.59,3.3,1.95,1.97,1.93,1.98,ok,
1586889893,17.03 16:00,Sevilla,Celta Vigo,ok,,03.03 21:21,17.03 15:59,1.99,3.37,3.75,2.01,3.58,3.99,-0.5,2.0,1.83,2.01,1.91,2.5,2.1,1.81,1.93,1.97,2.01,3.58,3.99,2.01,1.91,1.93,1.97,ok,
1586889895,17.03 18:15,Las Palmas,Almeria,ok,,03.03 21:21,17.03 18:15,1.95,3.54,3.75,1.76,3.95,4.75,-0.75,2.25,1.65,1.99,1.93,2.75,2.09,1.73,1.95,1.95,1.76,3.95,4.75,1.99,1.93,1.95,1.95,ok,
1586889896,16.03 17:00,AC Monza,Cagliari,ok,,03.03 21:19,16.03 16:58,1.93,3.51,3.77,2.01,3.61,3.95,-0.5,1.94,1.88,2.01,1.91,2.5,1.89,1.91,1.87,2.04,2.01,3.61,3.95,2.01,1.91,1.87,2.04,ok,
1586889897,17.03 18:15,Villarreal CF,Valencia,ok,,03.03 21:21,17.03 18:13,1.98,3.51,3.62,2.24,3.4,3.41,-0.25,1.77,2.18,1.94,1.98,2.5,1.84,1.95,2.05,1.86,2.24,3.4,3.41,1.94,1.98,2.05,1.86,ok,
1586889898,17.03 14:30,Juventus,Genoa,ok,,03.03 21:22,17.03 14:30,1.44,4.19,7.39,1.48,4.35,8.1,-1.0,1.75,2.07,1.88,2.05,2.5,2.08,1.74,2.08,1.84,1.48,4.35,8.1,1.88,2.05,2.08,1.84,ok,
1586909449,16.03 23:00,Athletic Club Bilbao,Alaves,ok,,03.03 21:32,16.03 22:58,1.53,3.88,6.23,1.61,3.77,6.95,-1.0,1.96,1.85,2.14,1.81,2.25,1.88,1.92,2.07,1.85,1.61,3.77,6.95,2.14,1.81,2.07,1.85,ok,
1587357574,30.03 22:45,Fiorentina,AC Milan,ok,,10.03 23:56,30.03 22:44,2.64,3.27,2.64,2.97,3.44,2.5,0.0,1.91,1.91,2.15,1.8,2.5,1.87,1.93,1.94,1.96,2.97,3.44,2.5,2.15,1.8,1.94,1.96,ok,
1587357575,30.03 20:00,Lazio,Juventus,ok,,10.03 23:56,30.03 19:59,2.76,2.94,2.76,3.32,3.11,2.44,0.25,1.64,2.41,1.85,2.08,2.0,1.81,2.0,1.85,2.06,3.32,3.11,2.44,1.85,2.08,1.85,2.06,ok,
1587357577,30.03 14:30,Napoli,Atalanta BC,ok,,10.03 23:56,30.03 14:30,2.06,3.57,3.32,2.11,3.59,3.61,-0.25,1.81,2.02,1.83,2.1,2.5,1.72,2.22,1.9,2.01,2.11,3.59,3.61,1.83,2.1,1.9,2.01,ok,
1587357579,30.03 20:30,Valencia,Mallorca,ok,,10.03 23:56,30.03 20:29,1.92,3.08,4.61,2.17,3.02,4.23,-0.25,1.63,2.29,1.83,2.11,1.75,1.77,2.05,1.84,2.08,2.17,3.02,4.23,1.83,2.11,1.84,2.08,ok,
1587357580,30.03 17:00,Torino,AC Monza,ok,,10.03 23:56,30.03 16:59,1.75,3.53,4.72,1.93,3.29,4.85,-0.5,1.79,2.14,1.93,1.99,2.25,1.88,1.93,2.1,1.82,1.93,3.29,4.85,1.93,1.99,2.1,1.82,ok,
1587357581,01.04 22:00,Villarreal CF,Atletico Madrid,ok,,10.03 23:58,01.04 21:55,2.83,3.68,2.48,3.51,3.69,2.12,0.25,1.78,2.16,2.09,1.85,2.75,1.75,2.18,1.96,1.94,3.51,3.69,2.12,2.09,1.85,1.96,1.94,ok,
1587357582,31.03 17:15,Girona,Real Betis,ok,,10.03 23:58,31.03 17:14,1.63,4.11,4.75,1.73,4.07,4.84,-0.75,1.81,2.02,1.93,1.99,2.75,1.79,2.03,1.87,2.05,1.73,4.07,4.84,1.93,1.99,1.87,2.05,ok,
1587357583,01.04 16:00,Sassuolo,Udinese,ok,,10.03 23:58,01.04 16:00,2.49,3.33,2.76,2.92,3.29,2.62,0.0,1.81,2.01,2.08,1.86,2.5,1.81,2.0,2.02,1.89,2.92,3.29,2.62,2.08,1.86,2.02,1.89,ok,
1587357587,31.03 22:00,Real Madrid,Athletic Club Bilbao,ok,,10.03 23:58,31.03 22:00,1.53,4.19,5.71,1.58,4.28,6.08,-1.0,1.92,1.9,2.0,1.93,2.75,1.98,1.83,2.0,1.91,1.58,4.28,6.08,2.0,1.93,2.0,1.91,ok,
1587357588,01.04 16:00,Cagliari,Hellas Verona FC,ok,,10.03 23:58,01.04 15:59,2.14,3.29,3.42,2.21,3.13,3.9,-0.25,1.84,1.97,1.88,2.05,2.25,1.79,2.02,1.99,1.91,2.21,3.13,3.9,1.88,2.05,1.99,1.91,ok,
1587357592,29.03 23:00,Cadiz,Granada CF,ok,,10.03 23:55,29.03 23:00,2.07,3.25,3.66,1.86,3.36,5.11,-0.5,2.13,1.81,1.88,2.06,2.0,1.66,2.35,2.0,1.9,1.86,3.36,5.11,1.88,2.06,2.0,1.9,ok,
1587357596,30.03 23:00,Barcelona,Las Palmas,ok,,10.03 23:56,30.03 23:00,1.31,5.6,7.78,1.25,6.73,10.96,-1.75,2.19,1.68,1.97,1.95,3.25,2.03,1.78,1.89,1.99,1.25,6.73,10.96,1.97,1.95,1.89,1.99,ok,
1587357598,01.04 13:30,Bologna,Salernitana,ok,,10.03 23:58,01.04 13:29,1.27,5.29,9.65,1.28,5.86,12.23,-1.5,1.91,1.91,1.93,1.99,2.75,1.97,1.83,1.98,1.92,1.28,5.86,12.23,1.93,1.99,1.98,1.92,ok,
1587357600,31.03 19:30,Alaves,Real Sociedad,ok,,10.03 23:58,31.03 19:30,2.76,2.87,2.84,4.19,3.03,2.18,0.25,1.62,2.46,2.11,1.83,2.0,1.95,1.85,2.12,1.81,4.19,3.03,2.18,2.11,1.83,2.12,1.81,ok,
1587357601,30.03 17:00,Genoa,Frosinone,ok,,10.03 23:56,30.03 16:59,1.84,3.79,4.5,1.88,3.6,4.58,-0.5,1.85,2.09,1.88,2.05,2.5,1.95,1.95,2.05,1.87,1.88,3.6,4.58,1.88,2.05,2.05,1.87,ok,
1587357602,01.04 21:45,FC Internazionale,Empoli,ok,,10.03 23:58,01.04 21:48,1.13,7.95,13.76,1.17,8.21,17.09,-2.0,1.83,2.1,1.93,1.97,3.25,1.84,1.93,1.95,1.93,1.17,8.21,17.09,1.93,1.97,1.95,1.93,ok,
1587357606,30.03 18:15,Almeria,Osasuna,ok,,10.03 23:56,30.03 18:13,2.43,3.16,2.97,2.53,3.27,3.07,-0.25,2.09,1.75,2.16,1.79,2.25,1.84,1.96,1.85,2.07,2.53,3.27,3.07,2.16,1.79,1.85,2.07,ok,
1587357609,30.03 16:00,Getafe,Sevilla,ok,,10.03 23:56,30.03 15:58,2.32,3.04,3.27,2.71,3.0,3.08,0.0,1.66,2.37,1.84,2.1,2.0,1.76,2.06,1.85,2.07,2.71,3.0,3.08,1.84,2.1,1.85,2.07,ok,
1587357610,01.04 19:00,Lecce,AS Roma,ok,,10.03 23:58,01.04 19:04,3.97,3.47,1.9,3.92,3.07,2.24,0.25,2.31,1.69,2.04,1.89,2.0,1.53,2.68,1.88,2.03,3.92,3.07,2.24,2.04,1.89,1.88,2.03,ok,
1587357611,31.03 15:00,Celta Vigo,Rayo Vallecano,ok,,10.03 23:58,31.03 11:44,2.09,3.41,3.45,1.94,3.43,4.5,-0.5,2.09,1.74,1.95,1.97,2.25,1.88,1.92,2.01,1.89,1.94,3.43,4.5,1.95,1.97,2.01,1.89,ok,
1587358323,30.03 23:00,Lyon,Reims,ok,,10.03 23:57,30.03 22:59,2.18,3.51,3.14,2.08,3.66,3.64,-0.5,2.18,1.68,2.09,1.85,2.75,2.0,1.81,1.87,2.04,2.08,3.66,3.64,2.09,1.85,1.87,2.04,ok,
1587358324,30.03 19:00,Metz,AS Monaco,ok,,10.03 23:57,30.03 18:58,4.73,3.96,1.65,5.53,4.32,1.62,1.0,1.75,2.21,1.88,2.05,2.75,1.9,1.9,1.85,2.07,5.53,4.32,1.62,1.88,2.05,1.85,2.07,ok,
1587358325,31.03 18:05,Strasbourg,Rennes,ok,,10.03 23:59,31.03 17:46,3.2,3.32,2.21,3.16,3.4,2.4,0.25,1.9,1.92,1.87,2.07,2.5,1.93,1.86,2.03,1.88,3.16,3.4,2.4,1.87,2.07,2.03,1.88,ok,
1587358326,31.03 14:00,Lorient,Brest,ok,,10.03 23:59,31.03 11:00,3.92,3.31,1.96,4.25,3.42,1.97,0.5,1.85,1.97,1.93,1.98,2.25,1.9,1.9,1.94,1.94,4.25,3.42,1.97,1.93,1.98,1.94,1.94,ok,
1587358328,31.03 16:00,Clermont,Toulouse FC,ok,,10.03 23:59,31.03 08:46,2.73,3.22,2.58,3.29,3.39,2.3,0.25,1.7,2.29,1.93,1.98,2.5,1.94,1.86,2.04,1.85,3.29,3.39,2.3,1.93,1.98,2.04,1.85,ok,
1587358329,29.03 23:00,Lille,Lens,ok,,10.03 23:55,29.03 22:58,1.98,3.44,3.67,2.21,3.31,3.67,-0.25,1.77,2.18,1.89,2.04,2.25,1.74,2.21,1.9,2.01,2.21,3.31,3.67,1.89,2.04,1.9,2.01,ok,
1587358330,31.03 16:00,Nice,Nantes,ok,,10.03 23:59,31.03 10:31,1.58,3.67,5.96,1.78,3.6,5.1,-0.75,1.77,2.06,2.04,1.88,2.25,2.01,1.8,2.01,1.88,1.78,3.6,5.1,2.04,1.88,2.01,1.88,ok,
1587358331,31.03 16:00,Le Havre,Montpellier HSC,ok,,10.03 23:59,31.03 08:46,2.44,3.2,2.92,2.67,3.28,2.83,0.0,1.79,2.15,1.89,2.01,2.5,2.02,1.79,2.07,1.83,2.67,3.28,2.83,1.89,2.01,2.07,1.83,ok,
1587358332,31.03 21:45,Marseille,Paris Saint Germain,ok,,10.03 23:59,31.03 21:45,3.16,3.73,2.1,3.76,3.73,2.02,0.5,1.74,2.1,1.89,2.03,2.75,1.78,2.02,1.94,1.96,3.76,3.73,2.02,1.89,2.03,1.94,1.96,ok,
1587775839,07.04 21:45,Nantes,Lyon,ok,,18.03 00:24,07.04 21:43,2.87,3.18,2.5,3.52,3.36,2.24,0.25,1.75,2.2,2.0,1.93,2.25,1.82,2.09,1.88,2.03,3.52,3.36,2.24,2.0,1.93,1.88,2.03,ok,
1587775840,07.04 18:05,AS Monaco,Rennes,ok,,18.03 00:24,07.04 18:07,1.93,3.69,3.59,1.82,4.23,4.12,-0.75,2.28,1.71,2.04,1.88,3.25,2.41,1.63,2.03,1.88,1.82,4.23,4.12,2.04,1.88,2.03,1.88,ok,
1587775843,06.04 18:00,Lens,Le Havre,ok,,18.03 00:24,06.04 18:09,1.45,4.29,6.48,1.49,4.38,7.47,-1.0,1.78,2.05,1.84,2.1,2.5,1.84,1.95,2.0,1.91,1.49,4.38,7.47,1.84,2.1,2.0,1.91,ok,
1587775844,07.04 16:00,Montpellier HSC,Lorient,ok,,18.03 00:26,07.04 15:58,1.7,3.84,4.55,1.83,4.0,4.28,-0.75,1.91,1.91,2.07,1.86,3.0,2.39,1.64,2.0,1.9,1.83,4.0,4.28,2.07,1.86,2.0,1.9,ok,
1587775847,07.04 16:00,Reims,Nice,ok,,18.03 00:26,07.04 16:10,2.45,3.17,2.94,2.73,3.24,2.84,0.0,1.75,2.11,1.93,2.0,2.25,1.83,1.97,1.88,2.04,2.73,3.24,2.84,1.93,2.0,1.88,2.04,ok,
1587775848,07.04 14:00,Brest,Metz,ok,,18.03 00:26,07.04 14:08,1.48,4.04,6.68,1.51,4.2,7.65,-1.0,1.85,1.96,1.91,2.02,2.25,1.83,1.97,1.89,2.02,1.51,4.2,7.65,1.91,2.02,1.89,2.02,ok,
1587775849,05.04 22:00,Lille,Marseille,ok,,18.03 00:22,05.04 22:07,2.13,3.41,3.32,1.96,3.54,4.22,-0.5,2.19,1.76,1.97,1.95,2.5,1.88,1.93,2.05,1.87,1.96,3.54,4.22,1.97,1.95,2.05,1.87,ok,
1587775854,07.04 16:00,Toulouse FC,Strasbourg,ok,,18.03 00:26,07.04 16:11,1.98,3.53,3.6,2.24,3.38,3.5,-0.25,1.77,2.18,1.93,2.0,2.5,1.82,1.99,2.05,1.86,2.24,3.38,3.5,1.93,2.0,2.05,1.86,ok,
1587775857,06.04 22:00,Paris Saint Germain,Clermont,ok,,18.03 00:24,06.04 21:59,1.13,8.3,13.67,1.33,5.73,9.42,-1.5,1.49,2.79,2.04,1.89,3.0,1.56,2.59,1.97,1.93,1.33,5.73,9.42,2.04,1.89,1.97,1.93,ok,
1587775859,14.04 19:30,Athletic Club Bilbao,Villarreal CF,ok,,18.03 00:31,14.04 19:35,1.48,4.5,5.64,1.62,4.27,5.58,-1.0,1.8,2.03,2.05,1.88,2.75,1.72,2.23,1.89,2.02,1.62,4.27,5.58,2.05,1.88,1.89,2.02,ok,
1587775861,13.04 19:30,Mallorca,Real Madrid,ok,,18.03 00:31,13.04 19:31,5.65,3.92,1.56,5.2,3.54,1.8,0.75,2.17,1.78,1.87,2.07,2.25,1.78,2.15,1.98,1.93,5.2,3.54,1.8,1.87,2.07,1.98,1.93,ok,
1587775862,13.04 15:00,Atletico Madrid,Girona,ok,,18.03 00:31,13.04 14:56,1.69,4.03,4.33,1.9,3.9,4.06,-0.5,1.74,2.22,1.91,2.02,2.75,1.75,2.18,1.86,2.06,1.9,3.9,4.06,1.91,2.02,1.86,2.06,ok,
1587775863,13.04 17:15,Rayo Vallecano,Getafe,ok,,18.03 00:31,13.04 17:16,1.99,3.17,4.02,2.55,2.99,3.32,-0.25,1.75,2.21,2.15,1.8,2.0,1.8,2.01,2.04,1.87,2.55,2.99,3.32,2.15,1.8,2.04,1.87,ok,
1587775864,12.04 22:00,Real Betis,Celta Vigo,ok,,18.03 00:31,12.04 22:03,2.01,3.42,3.63,1.88,3.65,4.47,-0.5,2.02,1.81,1.89,2.04,2.5,1.95,1.85,2.06,1.85,1.88,3.65,4.47,1.89,2.04,2.06,1.85,ok,
1587775866,14.04 15:00,Las Palmas,Sevilla,ok,,18.03 00:31,14.04 15:04,2.69,3.16,2.69,2.82,3.24,2.74,0.0,1.91,1.91,1.99,1.93,2.5,2.05,1.76,2.06,1.85,2.82,3.24,2.74,1.99,1.93,2.06,1.85,ok,
1587775867,15.04 22:00,Osasuna,Valencia,ok,,18.03 00:31,15.04 21:53,2.23,3.01,3.54,2.44,3.04,3.45,-0.25,1.89,1.93,2.07,1.88,2.0,1.9,1.9,2.04,1.88,2.44,3.04,3.45,2.07,1.88,2.04,1.88,ok,
1587775869,14.04 17:15,Granada CF,Alaves,ok,,18.03 00:31,14.04 17:18,2.64,3.05,2.79,2.71,3.04,3.03,0.0,1.85,1.96,1.86,2.08,2.0,1.68,2.31,1.81,2.11,2.71,3.04,3.03,1.86,2.08,1.81,2.11,ok,
1587775870,14.04 22:00,Real Sociedad,Almeria,ok,,18.03 00:31,14.04 21:57,1.37,4.67,7.44,1.29,5.63,12.55,-1.5,2.21,1.75,1.94,1.98,2.75,1.98,1.83,1.9,2.01,1.29,5.63,12.55,1.94,1.98,1.9,2.01,ok,
1587775871,13.04 22:00,Cadiz,Barcelona,ok,,18.03 00:31,13.04 22:03,5.42,4.19,1.54,3.73,3.42,2.14,0.25,3.14,1.41,2.1,1.84,2.25,1.54,2.63,1.84,2.08,3.73,3.42,2.14,2.1,1.84,1.84,2.08,ok,
1587775874,04.04 21:00,Granada CF,Valencia,ok,,18.03 00:06,04.04 20:59,3.01,3.12,2.45,3.14,3.16,2.51,0.25,1.75,2.1,1.8,2.15,2.25,1.87,1.93,1.99,1.92,3.14,3.16,2.51,1.8,2.15,1.99,1.92,ok,
1587787693,07.04 13:30,Frosinone,Bologna,ok,,18.03 00:26,07.04 13:34,3.79,3.51,1.93,4.43,3.56,1.93,0.5,1.88,1.94,2.0,1.93,2.5,1.89,1.91,2.02,1.88,4.43,3.56,1.93,2.0,1.93,2.02,1.88,ok,
1587787694,06.04 16:00,AC Milan,Lecce,ok,,18.03 00:26,06.04 16:12,1.37,4.87,7.38,1.35,5.37,9.56,-1.5,2.11,1.73,2.07,1.87,2.75,1.93,1.86,1.86,2.06,1.35,5.37,9.56,2.07,1.87,1.86,2.06,ok,
1587787695,07.04 19:00,Cagliari,Atalanta BC,ok,,18.03 00:26,07.04 18:59,4.08,3.82,1.79,4.64,3.76,1.83,0.75,1.81,2.02,1.85,2.08,2.5,1.68,2.18,1.89,2.01,4.64,3.76,1.83,1.85,2.08,1.89,2.01,ok,
1587787696,07.04 16:00,AC Monza,Napoli,ok,,18.03 00:26,07.04 16:08,3.87,3.69,1.86,4.6,3.78,1.83,0.75,1.76,2.18,1.86,2.08,2.5,1.77,2.16,1.86,2.05,4.6,3.78,1.83,1.86,2.08,1.86,2.05,ok,
1587787697,08.04 21:45,Udinese,FC Internazionale,ok,,18.03 00:26,08.04 21:48,5.89,4.27,1.49,8.2,4.84,1.42,1.25,1.75,2.2,1.91,2.02,2.75,1.95,1.85,1.94,1.96,8.2,4.84,1.42,1.91,2.02,1.94,1.96,ok,
1587787703,07.04 19:00,Hellas Verona FC,Genoa,ok,,18.03 00:26,07.04 18:59,2.74,2.98,2.78,2.73,2.93,3.13,0.0,1.89,1.93,1.83,2.11,2.0,1.81,2.0,2.02,1.88,2.73,2.93,3.13,1.83,2.11,2.02,1.88,ok,
1587787704,07.04 21:45,Juventus,Fiorentina,ok,,18.03 00:26,07.04 21:45,1.79,3.53,4.43,1.78,3.62,5.26,-0.75,2.1,1.82,2.02,1.9,2.25,1.81,2.0,1.83,2.09,1.78,3.62,5.26,2.02,1.9,1.83,2.09,ok,
1587787705,06.04 19:00,AS Roma,Lazio,ok,,18.03 00:26,06.04 19:08,1.78,3.58,4.41,2.14,3.24,3.97,-0.25,1.59,2.52,1.83,2.12,2.25,1.78,2.13,1.94,1.96,2.14,3.24,3.97,1.83,2.12,1.94,1.96,ok,
1587787708,05.04 21:45,Salernitana,Sassuolo,ok,,18.03 00:26,05.04 21:49,2.57,3.38,2.64,3.12,3.51,2.37,0.25,1.66,2.36,1.88,2.05,2.75,1.91,1.89,2.05,1.86,3.12,3.51,2.37,1.88,2.05,2.05,1.86,ok,
1587787709,06.04 21:45,Empoli,Torino,ok,,18.03 00:26,06.04 21:44,3.17,3.02,2.4,3.85,3.24,2.18,0.25,1.79,2.05,2.08,1.86,2.0,1.78,2.04,1.86,2.06,3.85,3.24,2.18,2.08,1.86,1.86,2.06,ok,
1588520363,21.04 17:15,Almeria,Villarreal CF,ok,,01.04 00:45,21.04 17:15,2.66,3.51,2.48,3.54,4.06,2.0,0.5,1.58,2.56,1.92,2.01,3.25,2.24,1.72,1.97,1.93,3.54,4.06,2.0,1.92,2.01,1.97,1.93,ok,
1588520364,20.04 22:00,Girona,Cadiz,ok,,01.04 00:44,20.04 21:58,1.34,4.98,7.55,1.41,4.88,8.39,-1.25,1.8,2.03,1.95,1.97,2.75,1.79,2.02,1.93,1.98,1.41,4.88,8.39,1.95,1.97,1.93,1.98,ok,
1588520365,21.04 15:00,Getafe,Real Sociedad,ok,,01.04 00:45,21.04 15:04,3.06,2.9,2.55,3.91,3.08,2.24,0.25,1.75,2.21,2.04,1.89,2.0,1.93,1.88,2.09,1.83,3.91,3.08,2.24,2.04,1.89,2.09,1.83,ok,
1588520366,20.04 17:15,Rayo Vallecano,Osasuna,ok,,01.04 00:44,20.04 17:16,2.01,3.17,3.92,2.13,3.08,4.28,-0.5,2.02,1.81,2.14,1.82,2.0,1.77,2.05,2.09,1.83,2.13,3.08,4.28,2.14,1.82,2.09,1.83,ok,
1588520367,21.04 22:00,Real Madrid,Barcelona,ok,,01.04 00:45,21.04 22:02,1.75,4.04,4.06,1.74,4.36,4.5,-0.75,1.96,1.85,1.93,2.0,3.25,2.0,1.81,2.03,1.88,1.74,4.36,4.5,1.93,2.0,2.03,1.88,ok,
1588520368,21.04 19:30,Alaves,Atletico Madrid,ok,,01.04 00:45,21.04 19:32,3.23,3.21,2.25,5.4,3.45,1.8,0.75,1.5,2.8,1.86,2.07,2.25,1.83,1.97,2.07,1.85,5.4,3.45,1.8,1.86,2.07,2.07,1.85,ok,
1588520369,19.04 22:00,Athletic Club Bilbao,Granada CF,ok,,01.04 00:43,19.04 22:03,1.21,6.14,10.7,1.28,6.0,11.82,-1.5,1.75,2.21,1.93,2.0,2.75,1.75,2.19,1.88,2.03,1.28,6.0,11.82,1.93,2.0,1.88,2.03,ok,
1588520370,20.04 15:00,Celta Vigo,Las Palmas,ok,,01.04 00:44,20.04 15:04,1.74,3.68,4.52,1.68,3.94,5.45,-0.75,1.97,1.85,1.89,2.05,2.5,1.92,1.88,1.95,1.95,1.68,3.94,5.45,1.89,2.05,1.95,1.95,ok,
1588520371,22.04 22:00,Sevilla,Mallorca,ok,,01.04 00:47,22.04 22:03,1.86,3.25,4.51,2.13,3.13,4.19,-0.5,1.87,1.95,2.14,1.81,2.0,1.83,1.98,1.91,2.0,2.13,3.13,4.19,2.14,1.81,1.91,2.0,ok,
1588520372,20.04 19:30,Valencia,Real Betis,ok,,01.04 00:44,20.04 19:28,1.99,3.27,3.86,2.82,3.08,2.87,0.0,1.47,2.91,1.94,1.98,2.0,1.69,2.29,2.01,1.89,2.82,3.08,2.87,1.94,1.98,2.01,1.89,ok,
1588520532,14.04 14:00,Le Havre,Nantes,ok,,01.04 00:41,14.04 14:16,2.3,3.04,3.32,2.52,2.99,3.37,-0.25,1.95,1.85,2.12,1.82,2.0,1.78,2.04,2.06,1.85,2.52,2.99,3.37,2.12,1.82,2.06,1.85,ok,
1588520533,14.04 21:45,Lyon,Brest,ok,,01.04 00:41,14.04 21:44,2.31,3.24,3.09,2.07,3.44,3.92,-0.5,2.38,1.65,2.08,1.85,2.5,2.03,1.79,2.04,1.88,2.07,3.44,3.92,2.08,1.85,2.04,1.88,ok,
1588520536,13.04 22:00,Rennes,Toulouse FC,ok,,01.04 00:39,13.04 22:06,1.63,3.96,4.85,1.86,3.73,4.48,-0.5,1.68,2.33,1.87,2.07,2.5,1.79,2.13,2.0,1.91,1.86,3.73,4.48,1.87,2.07,2.0,1.91,ok,
1588520537,12.04 22:00,Metz,Lens,ok,,01.04 00:38,12.04 22:05,4.15,3.64,1.81,6.36,4.26,1.56,1.0,1.56,2.6,1.94,1.98,2.5,1.86,1.94,1.9,2.01,6.36,4.26,1.56,1.94,1.98,1.9,2.01,ok,
1588520538,14.04 16:00,Clermont,Montpellier HSC,ok,,01.04 00:41,14.04 16:07,2.81,3.39,2.44,3.24,3.75,2.21,0.25,1.73,2.11,1.99,1.93,3.0,2.3,1.61,2.05,1.86,3.24,3.75,2.21,1.99,1.93,2.05,1.86,ok,
1588520542,12.04 21:45,Lazio,Salernitana,ok,,01.04 00:38,12.04 21:49,1.31,5.07,8.75,1.33,5.4,10.51,-1.5,1.98,1.83,2.08,1.85,2.75,1.95,1.84,2.0,1.91,1.33,5.4,10.51,2.08,1.85,2.0,1.91,ok,
1588520543,13.04 18:00,Strasbourg,Reims,ok,,01.04 00:39,13.04 18:09,2.77,3.32,2.51,2.52,3.35,3.01,0.0,2.01,1.82,1.8,2.15,2.5,1.85,1.95,1.99,1.92,2.52,3.35,3.01,1.8,2.15,1.99,1.92,ok,
1588520544,15.04 19:30,Fiorentina,Genoa,ok,,01.04 00:42,15.04 19:33,1.72,3.64,4.67,1.82,3.58,5.06,-0.75,1.95,1.85,2.09,1.85,2.25,1.8,2.11,1.95,1.95,1.82,3.58,5.06,2.09,1.85,1.95,1.95,ok,
1588520545,15.04 21:45,Atalanta BC,Hellas Verona FC,ok,,01.04 00:42,15.04 21:46,1.29,5.37,8.78,1.44,4.87,7.63,-1.25,1.71,2.26,2.01,1.93,2.75,1.79,2.03,1.9,2.01,1.44,4.87,7.63,2.01,1.93,1.9,2.01,ok,
1588520546,13.04 19:00,Torino,Juventus,ok,,01.04 00:39,13.04 18:55,3.01,2.9,2.61,3.78,2.89,2.4,0.25,1.68,2.2,1.93,2.01,1.75,1.65,2.15,1.88,2.03,3.78,2.89,2.4,1.93,2.01,1.88,2.03,ok,
1588520547,14.04 13:30,Napoli,Frosinone,ok,,01.04 00:41,14.04 13:34,1.35,5.32,7.14,1.32,5.9,9.5,-1.5,1.97,1.85,2.0,1.93,3.25,1.92,1.88,1.96,1.94,1.32,5.9,9.5,2.0,1.93,1.96,1.94,ok,
1588520548,13.04 21:45,Bologna,AC Monza,ok,,01.04 00:39,13.04 21:47,1.55,3.94,5.72,1.52,4.17,7.35,-1.0,1.99,1.83,1.93,1.99,2.25,1.77,2.16,1.85,2.07,1.52,4.17,7.35,1.93,1.99,1.85,2.07,ok,
1588520549,14.04 19:00,Udinese,AS Roma,ok,,01.04 00:41,14.04 19:06,3.32,3.29,2.18,3.58,3.05,2.38,0.25,1.93,1.88,1.92,2.01,2.25,1.81,2.1,2.09,1.83,3.58,3.05,2.38,1.92,2.01,2.09,1.83,ok,
1588520552,13.04 16:00,Lecce,Empoli,ok,,01.04 00:39,13.04 16:06,1.99,3.31,3.81,2.18,2.97,4.31,-0.25,1.76,2.19,1.83,2.12,2.0,1.63,2.41,1.86,2.05,2.18,2.97,4.31,1.83,2.12,1.86,2.05,ok,
1588520553,14.04 21:45,FC Internazionale,Cagliari,ok,,01.04 00:41,14.04 21:48,1.14,7.88,13.31,1.18,7.69,17.02,-2.0,1.79,2.03,2.02,1.88,3.0,1.63,2.41,1.89,2.0,1.18,7.69,17.02,2.02,1.88,1.89,2.0,ok,
1588520556,14.04 16:00,Sassuolo,AC Milan,ok,,01.04 00:41,14.04 15:59,4.46,4.03,1.67,4.51,3.96,1.8,0.75,1.95,1.87,1.9,2.04,2.75,1.79,2.13,1.83,2.09,4.51,3.96,1.8,1.9,2.04,1.83,2.09,ok,
1589054658,21.04 16:00,Lille,Strasbourg,ok,,07.04 22:26,21.04 16:06,1.48,4.34,5.99,1.61,4.02,6.28,-1.0,1.81,2.01,2.07,1.87,2.5,1.76,2.17,2.01,1.9,1.61,4.02,6.28,2.07,1.87,2.01,1.9,ok,
1589054659,21.04 16:00,Reims,Montpellier HSC,ok,,07.04 22:26,21.04 16:03,1.81,3.81,3.94,2.24,3.72,3.2,-0.25,1.64,2.42,1.96,1.96,3.0,2.1,1.81,2.02,1.88,2.24,3.72,3.2,1.96,1.96,2.02,1.88,ok,
1589054660,19.04 22:00,Nice,Lorient,ok,,07.04 22:22,19.04 22:08,1.45,4.27,6.88,1.57,4.29,6.16,-1.0,1.78,2.06,1.98,1.94,2.5,1.95,1.85,1.88,2.03,1.57,4.29,6.16,1.98,1.94,1.88,2.03,ok,
1589054661,21.04 22:00,Paris Saint Germain,Lyon,ok,,07.04 22:26,21.04 22:05,1.32,5.49,7.4,1.61,4.64,5.15,-1.0,1.52,2.72,2.0,1.93,3.25,1.86,1.94,1.97,1.93,1.61,4.64,5.15,2.0,1.93,1.97,1.93,ok,
1589054664,20.04 22:00,Lens,Clermont,ok,,07.04 22:25,20.04 22:07,1.35,4.86,7.55,1.37,5.11,9.59,-1.25,1.83,1.99,1.83,2.09,2.75,1.87,1.93,1.87,2.04,1.37,5.11,9.59,1.83,2.09,1.87,2.04,ok,
1589054666,20.04 21:45,Hellas Verona FC,Udinese,ok,,07.04 22:23,20.04 21:47,2.51,3.11,2.91,2.84,2.92,3.0,0.0,1.77,2.07,1.91,2.02,2.0,1.63,2.4,1.98,1.92,2.84,2.92,3.0,1.91,2.02,1.98,1.92,ok,
1589054668,20.04 19:00,Empoli,Napoli,ok,,07.04 22:23,20.04 18:56,4.08,3.73,1.81,5.33,4.13,1.66,0.75,1.83,2.1,2.08,1.85,2.75,1.94,1.85,2.05,1.87,5.33,4.13,1.66,2.08,1.85,2.05,1.87,ok,
1589054669,19.04 21:45,Cagliari,Juventus,ok,,07.04 22:20,19.04 21:51,3.89,3.42,1.93,4.57,3.34,1.96,0.5,1.88,1.94,1.95,1.97,2.25,1.78,2.03,2.08,1.83,4.57,3.34,1.96,1.95,1.97,2.08,1.83,ok,
1589054670,22.04 19:30,AS Roma,Bologna,ok,,07.04 22:28,22.04 19:34,2.01,3.21,3.88,2.41,2.98,3.61,-0.25,1.77,2.18,2.02,1.9,2.0,1.76,2.18,2.0,1.91,2.41,2.98,3.61,2.02,1.9,2.0,1.91,ok,
1589054671,21.04 16:00,Torino,Frosinone,ok,,07.04 22:25,21.04 15:57,1.59,3.95,5.32,1.72,3.77,5.44,-0.75,1.8,2.13,1.94,1.98,2.25,1.68,2.3,1.84,2.08,1.72,3.77,5.44,1.94,1.98,1.84,2.08,ok,
1589054672,21.04 18:05,Brest,AS Monaco,ok,,07.04 22:26,21.04 18:09,2.53,3.32,2.73,2.7,3.43,2.73,0.0,1.83,1.98,1.95,1.97,2.75,2.07,1.83,2.04,1.88,2.7,3.43,2.73,1.95,1.97,2.04,1.88,ok,
1589054674,21.04 16:00,Le Havre,Metz,ok,,07.04 22:26,21.04 16:03,1.98,3.23,3.95,2.26,3.13,3.76,-0.25,1.75,2.21,1.92,2.01,2.0,1.75,2.19,1.89,2.02,2.26,3.13,3.76,1.92,2.01,1.89,2.02,ok,
1589054679,22.04 21:45,AC Milan,FC Internazionale,ok,,07.04 22:27,22.04 21:49,3.0,3.36,2.33,3.95,3.44,2.06,0.5,1.61,2.33,1.87,2.08,2.5,1.81,2.0,1.91,2.0,3.95,3.44,2.06,1.87,2.08,1.91,2.0,ok,
1589054680,21.04 21:45,AC Monza,Atalanta BC,ok,,07.04 22:25,21.04 21:48,3.79,3.67,1.88,4.28,3.83,1.87,0.5,1.93,1.89,2.05,1.88,2.5,1.76,2.17,1.85,2.06,4.28,3.83,1.87,2.05,1.88,1.85,2.06,ok,
1589054681,21.04 13:30,Sassuolo,Lecce,ok,,07.04 22:25,21.04 13:26,2.21,3.37,3.16,2.31,3.27,3.46,-0.25,1.93,1.89,1.98,1.95,2.5,1.87,1.93,2.06,1.85,2.31,3.27,3.46,1.98,1.95,2.06,1.85,ok,
1589054682,20.04 18:00,Nantes,Rennes,ok,,07.04 22:25,20.04 17:52,3.13,3.22,2.3,3.26,3.18,2.46,0.25,1.83,1.98,1.84,2.1,2.25,1.8,2.01,2.04,1.88,3.26,3.18,2.46,1.84,2.1,2.04,1.88,ok,
1589054683,19.04 19:30,Genoa,Lazio,ok,,07.04 22:20,19.04 19:36,2.75,2.96,2.75,3.2,3.25,2.46,0.25,1.65,2.4,1.84,2.1,2.25,2.15,1.77,2.09,1.83,3.2,3.25,2.46,1.84,2.1,2.09,1.83,ok,
1589054684,21.04 19:00,Salernitana,Fiorentina,ok,,07.04 22:25,21.04 19:07,4.41,3.82,1.72,5.74,4.21,1.61,1.0,1.66,2.37,1.88,2.05,2.75,1.95,1.84,1.98,1.93,5.74,4.21,1.61,1.88,2.05,1.98,1.93,ok,
1589565934,28.04 15:00,Cadiz,Mallorca,ok,,14.04 23:13,28.04 14:56,2.53,2.74,3.3,2.86,2.78,3.14,0.0,1.67,2.21,1.87,2.06,1.75,1.9,1.9,2.07,1.85,2.86,2.78,3.14,1.87,2.06,2.07,1.85,ok,
1589565935,29.04 22:00,Barcelona,Valencia,ok,,14.04 23:13,29.04 22:00,1.33,5.31,7.55,1.33,5.88,9.24,-1.5,1.97,1.85,1.94,1.98,3.25,2.18,1.67,1.99,1.91,1.33,5.88,9.24,1.94,1.98,1.99,1.91,ok,
1589565936,27.04 15:00,Las Palmas,Girona,ok,,14.04 23:18,27.04 15:00,3.25,3.55,2.12,5.28,4.11,1.67,0.75,1.54,2.48,2.08,1.86,2.75,1.88,1.92,1.9,2.0,5.28,4.11,1.67,2.08,1.86,1.9,2.0,ok,
1589565937,28.04 19:30,Villarreal CF,Rayo Vallecano,ok,,14.04 23:13,28.04 19:30,1.86,3.9,4.24,1.79,3.79,4.81,-0.75,2.11,1.81,2.04,1.89,2.5,1.78,2.14,2.02,1.89,1.79,3.79,4.81,2.04,1.89,2.02,1.89,ok,
1589565938,28.04 17:15,Granada CF,Osasuna,ok,,14.04 23:18,28.04 17:16,2.63,3.13,2.78,2.42,3.11,3.41,-0.25,2.24,1.65,2.05,1.88,2.0,1.56,2.4,1.83,2.09,2.42,3.11,3.41,2.05,1.88,1.83,2.09,ok,
1589565940,28.04 22:00,Real Betis,Sevilla,ok,,14.04 23:18,28.04 21:59,2.31,3.36,3.03,1.98,3.51,4.19,-0.5,2.31,1.61,1.99,1.94,2.25,1.68,2.17,1.87,2.04,1.98,3.51,4.19,1.99,1.94,1.87,2.04,ok,
1589565941,26.04 22:00,Real Sociedad,Real Madrid,ok,,14.04 23:13,26.04 22:00,3.34,3.27,2.18,2.37,3.24,3.36,-0.25,2.99,1.45,2.03,1.9,2.0,1.57,2.55,1.81,2.12,2.37,3.24,3.36,2.03,1.9,1.81,2.12,ok,
1589565942,27.04 22:00,Atletico Madrid,Athletic Club Bilbao,ok,,14.04 23:13,27.04 22:00,1.94,3.53,3.77,1.97,3.49,4.24,-0.5,1.95,1.86,1.98,1.94,2.25,1.65,2.22,1.86,2.05,1.97,3.49,4.24,1.98,1.94,1.86,2.05,ok,
1589565943,27.04 19:30,Alaves,Celta Vigo,ok,,14.04 23:13,27.04 19:29,2.16,3.15,3.57,2.66,3.11,3.02,0.0,1.52,2.54,1.84,2.1,2.25,2.05,1.77,2.04,1.87,2.66,3.11,3.02,1.84,2.1,2.04,1.87,ok,
1589565945,27.04 17:15,Almeria,Getafe,ok,,14.04 23:13,27.04 17:17,2.43,3.15,2.98,2.6,3.25,2.99,0.0,1.72,2.12,1.83,2.11,2.25,1.85,1.94,1.93,1.98,2.6,3.25,2.99,1.83,2.11,1.93,1.98,ok,
1589566237,24.04 22:00,AS Monaco,Lille,ok,,14.04 23:12,24.04 22:07,2.16,3.56,3.12,2.51,3.67,2.81,0.0,1.64,2.41,1.85,2.08,2.75,1.81,2.0,1.9,2.01,2.51,3.67,2.81,1.85,2.08,1.9,2.01,ok,
1589566238,27.04 22:00,Paris Saint Germain,Le Havre,ok,,14.04 23:18,27.04 22:00,1.18,7.18,11.31,1.33,5.86,9.23,-1.5,1.57,2.37,1.94,1.98,3.25,1.92,1.86,2.01,1.89,1.33,5.86,9.23,1.94,1.98,2.01,1.89,ok,
1589566239,28.04 14:00,Metz,Lille,ok,,14.04 23:18,28.04 13:59,4.8,3.88,1.66,5.54,3.99,1.67,0.75,1.96,1.85,2.07,1.86,2.5,1.81,2.0,1.96,1.94,5.54,3.99,1.67,2.07,1.86,1.96,1.94,ok,
1589566240,28.04 18:05,Rennes,Brest,ok,,14.04 23:18,28.04 18:03,2.44,3.36,2.84,2.21,3.34,3.61,-0.25,2.1,1.74,1.9,2.03,2.25,1.82,1.99,1.92,1.99,2.21,3.34,3.61,1.9,2.03,1.92,1.99,ok,
1589566241,28.04 22:00,Marseille,Lens,ok,,14.04 23:18,28.04 21:58,2.08,3.59,3.31,2.24,3.52,3.36,-0.25,1.81,2.01,1.94,1.98,2.75,1.99,1.82,2.05,1.86,2.24,3.52,3.36,1.94,1.98,2.05,1.86,ok,
1589566242,26.04 22:00,Montpellier HSC,Nantes,ok,,14.04 23:18,26.04 21:49,1.91,3.59,3.78,2.07,3.53,3.82,-0.5,1.92,1.9,2.08,1.85,2.5,1.8,2.01,2.01,1.9,2.07,3.53,3.82,2.08,1.85,2.01,1.9,ok,
1589566245,28.04 20:00,Lyon,AS Monaco,ok,,14.04 23:18,28.04 20:00,2.78,3.61,2.36,2.26,4.06,2.94,-0.25,2.43,1.56,2.0,1.92,3.5,2.33,1.6,1.92,1.99,2.26,4.06,2.94,2.0,1.92,1.92,1.99,ok,
1589566247,28.04 16:00,Clermont,Reims,ok,,14.04 23:18,28.04 15:59,3.5,3.54,2.02,3.52,3.8,2.08,0.5,1.8,2.03,1.85,2.09,3.0,2.36,1.58,2.06,1.85,3.52,3.8,2.08,1.85,2.09,2.06,1.85,ok,
1589566250,24.04 22:00,Marseille,Nice,ok,,14.04 23:12,24.04 22:07,2.05,3.43,3.55,2.25,3.29,3.57,-0.25,1.77,2.05,1.93,1.99,2.25,1.76,2.04,2.03,1.88,2.25,3.29,3.57,1.93,1.99,2.03,1.88,ok,
1589566251,28.04 16:00,Lorient,Toulouse FC,ok,,14.04 23:18,28.04 15:57,2.91,3.2,2.45,2.46,3.5,2.98,-0.25,2.58,1.57,2.13,1.81,2.5,2.03,1.79,1.93,1.98,2.46,3.5,2.98,2.13,1.81,1.93,1.98,ok,
1589566252,24.04 20:00,Lorient,Paris Saint Germain,ok,,14.04 23:12,24.04 19:59,6.78,5.17,1.37,6.68,5.14,1.44,1.25,2.02,1.81,1.96,1.96,3.25,1.99,1.82,1.97,1.93,6.68,5.14,1.44,1.96,1.96,1.97,1.93,ok,
1589566253,28.04 16:00,Strasbourg,Nice,ok,,14.04 23:18,28.04 15:59,2.92,3.15,2.5,3.52,3.29,2.27,0.25,1.71,2.13,1.98,1.94,2.25,1.85,1.94,1.94,1.96,3.52,3.29,2.27,1.98,1.94,1.94,1.96,ok,
1589566328,28.04 13:30,FC Internazionale,Torino,ok,,14.04 23:15,28.04 13:28,1.3,5.12,8.9,1.58,4.05,6.6,-1.0,1.52,2.73,2.08,1.86,2.25,1.59,2.5,1.85,2.07,1.58,4.05,6.6,2.08,1.86,1.85,2.07,ok,
1589566329,28.04 21:45,Fiorentina,Sassuolo,ok,,14.04 23:15,28.04 21:45,1.45,4.61,5.95,1.56,4.24,6.41,-1.0,1.78,2.16,1.95,1.97,2.75,1.72,2.23,1.95,1.95,1.56,4.24,6.41,1.95,1.97,1.95,1.95,ok,
1589566330,28.04 19:00,Napoli,AS Roma,ok,,14.04 23:15,28.04 19:00,1.93,3.57,3.7,1.99,3.68,3.94,-0.5,1.94,1.88,2.0,1.93,2.5,1.83,2.07,1.86,2.05,1.99,3.68,3.94,2.0,1.93,1.86,2.05,ok,
1589566334,28.04 16:00,Bologna,Udinese,ok,,14.04 23:15,28.04 16:00,1.55,3.88,5.88,1.65,3.78,6.19,-0.75,1.76,2.19,1.87,2.06,2.25,1.81,2.0,1.99,1.92,1.65,3.78,6.19,1.87,2.06,1.99,1.92,ok,
1589566336,29.04 21:45,Genoa,Cagliari,ok,,14.04 23:16,29.04 21:45,1.98,3.38,3.83,2.19,3.28,3.76,-0.25,1.7,2.15,1.87,2.06,2.25,1.85,1.95,1.96,1.94,2.19,3.28,3.76,1.87,2.06,1.96,1.94,ok,
1589566338,26.04 21:45,Frosinone,Salernitana,ok,,14.04 23:16,26.04 21:45,1.63,4.07,4.74,1.39,5.15,8.56,-1.5,2.79,1.49,2.08,1.85,3.0,2.11,1.8,1.9,2.01,1.39,5.15,8.56,2.08,1.85,1.9,2.01,ok,
1589566339,27.04 16:00,Lecce,AC Monza,ok,,14.04 23:16,27.04 16:00,2.12,3.27,3.49,2.01,3.4,4.29,-0.5,2.18,1.77,2.02,1.92,2.25,1.83,1.96,1.95,1.95,2.01,3.4,4.29,2.02,1.92,1.95,1.95,ok,
1589566341,27.04 21:45,Lazio,Hellas Verona FC,ok,,14.04 23:16,27.04 21:44,1.51,4.05,6.09,1.61,4.12,6.01,-1.0,1.91,1.91,2.06,1.87,2.5,1.96,1.84,1.92,1.98,1.61,4.12,6.01,2.06,1.87,1.92,1.98,ok,
1589566342,28.04 19:00,Atalanta BC,Empoli,ok,,14.04 23:16,28.04 19:00,1.3,5.39,8.04,1.5,4.55,6.95,-1.0,1.51,2.77,1.84,2.1,2.75,1.69,2.29,2.02,1.89,1.5,4.55,6.95,1.84,2.1,2.02,1.89,ok,
1589566343,27.04 19:00,Juventus,AC Milan,ok,,14.04 23:16,27.04 19:00,2.22,3.22,3.3,2.19,3.34,3.67,-0.25,1.91,1.91,1.88,2.05,2.5,2.17,1.76,2.03,1.88,2.19,3.34,3.67,1.88,2.05,2.03,1.88,ok,
1589901252,06.05 21:45,Udinese,Napoli,ok,,21.04 23:32,06.05 21:44,3.46,3.62,2.01,4.17,3.79,1.9,0.5,1.81,2.02,2.02,1.91,2.5,1.78,2.02,1.85,2.06,4.17,3.79,1.9,2.02,1.91,1.85,2.06,ok,
1589901254,05.05 21:45,AS Roma,Juventus,ok,,21.04 23:32,05.05 21:45,2.63,3.01,2.88,2.99,3.16,2.66,0.0,1.83,2.0,2.08,1.85,2.25,2.07,1.76,1.95,1.95,2.99,3.16,2.66,2.08,1.85,1.95,1.95,ok,
1589901255,04.05 21:45,Sassuolo,FC Internazionale,ok,,21.04 23:32,04.05 21:44,6.13,5.14,1.4,6.29,4.86,1.5,1.25,1.96,1.86,1.86,2.07,3.0,1.67,2.19,1.9,2.01,6.29,4.86,1.5,1.86,2.07,1.9,2.01,ok,
1589901256,05.05 13:30,Cagliari,Lecce,ok,,21.04 23:32,05.05 13:29,2.03,3.31,3.66,2.21,3.22,3.77,-0.25,1.8,2.13,1.88,2.04,2.25,1.83,1.97,2.09,1.83,2.21,3.22,3.77,1.88,2.04,2.09,1.83,ok,
1589901257,05.05 19:00,AC Milan,Genoa,ok,,21.04 23:32,05.05 18:58,1.36,4.71,7.6,1.42,5.01,7.87,-1.25,1.88,1.94,1.93,2.0,3.0,2.41,1.63,1.96,1.94,1.42,5.01,7.87,1.93,2.0,1.96,1.94,ok,
1589901260,04.05 19:00,AC Monza,Lazio,ok,,21.04 23:32,04.05 18:58,3.32,3.36,2.16,4.69,3.64,1.85,0.5,1.69,2.16,2.08,1.85,2.5,1.98,1.83,1.94,1.96,4.69,3.64,1.85,2.08,1.85,1.94,1.96,ok,
1589901262,05.05 16:00,Empoli,Frosinone,ok,,21.04 23:32,05.05 15:49,2.17,3.43,3.2,2.53,3.26,3.07,-0.25,1.89,1.93,2.17,1.79,2.5,1.81,2.0,2.07,1.85,2.53,3.26,3.07,2.17,1.79,2.07,1.85,ok,
1589901263,04.05 22:00,Mallorca,Atletico Madrid,ok,,21.04 23:28,04.05 21:59,3.53,3.19,2.14,3.9,3.06,2.25,0.25,1.98,1.83,2.03,1.9,2.0,1.68,2.3,2.05,1.86,3.9,3.06,2.25,2.03,1.9,2.05,1.86,ok,
1589901264,03.05 21:45,Torino,Bologna,ok,,21.04 23:32,03.05 21:42,2.73,2.97,2.81,2.78,2.91,3.08,0.0,1.88,1.93,1.87,2.07,2.0,1.91,1.89,2.09,1.83,2.78,2.91,3.08,1.87,2.07,2.09,1.83,ok,
1589901265,04.05 17:15,Real Madrid,Cadiz,ok,,21.04 23:28,04.05 17:15,1.15,7.78,13.66,1.37,4.98,9.69,-1.25,1.35,3.12,1.92,2.01,2.5,1.46,2.63,1.94,1.96,1.37,4.98,9.69,1.92,2.01,1.94,1.96,ok,
1589901266,04.05 15:00,Real Sociedad,Las Palmas,ok,,21.04 23:28,04.05 15:00,1.34,4.79,8.03,1.35,5.09,10.7,-1.5,2.14,1.79,2.06,1.87,2.5,1.8,2.01,1.97,1.93,1.35,5.09,10.7,2.06,1.87,1.97,1.93,ok,
1589901267,05.05 22:00,Sevilla,Granada CF,ok,,21.04 23:30,05.05 21:59,1.49,4.23,5.98,1.74,3.91,5.02,-0.75,1.67,2.35,1.96,1.96,2.5,1.83,2.07,1.96,1.94,1.74,3.91,5.02,1.96,1.96,1.96,1.94,ok,
1589901281,05.05 16:00,Hellas Verona FC,Fiorentina,ok,,21.04 23:32,05.05 15:55,2.92,3.32,2.4,3.58,3.25,2.27,0.25,1.78,2.06,1.98,1.94,2.25,1.76,2.05,1.95,1.95,3.58,3.25,2.27,1.98,1.94,1.95,1.95,ok,
1589901283,05.05 19:30,Valencia,Alaves,ok,,21.04 23:30,05.05 19:30,1.95,3.12,4.31,2.22,3.11,3.91,-0.25,1.66,2.22,1.88,2.05,2.0,1.95,1.85,1.91,2.0,2.22,3.11,3.91,1.88,2.05,1.91,2.0,ok,
1589901285,05.05 15:00,Osasuna,Real Betis,ok,,21.04 23:30,05.05 14:59,2.32,3.19,3.12,3.42,3.25,2.34,0.25,1.51,2.78,1.93,2.01,2.25,1.83,1.97,2.07,1.85,3.42,3.25,2.34,1.93,2.01,2.07,1.85,ok,
1589901286,06.05 19:00,Salernitana,Atalanta BC,ok,,21.04 23:32,06.05 19:00,5.29,4.37,1.53,11.74,6.36,1.26,1.75,1.44,2.98,1.93,1.97,3.25,2.22,1.73,2.02,1.87,11.74,6.36,1.26,1.93,1.97,2.02,1.87,ok,
1589901290,04.05 19:30,Girona,Barcelona,ok,,21.04 23:28,04.05 19:29,2.51,3.64,2.56,2.93,3.89,2.33,0.25,1.69,2.3,1.88,2.05,3.25,1.91,1.89,1.98,1.93,2.93,3.89,2.33,1.88,2.05,1.98,1.93,ok,
1589901292,05.05 17:15,Celta Vigo,Villarreal CF,ok,,21.04 23:30,05.05 17:15,2.1,3.66,3.21,2.83,3.65,2.5,0.0,1.56,2.42,2.1,1.85,3.0,2.05,1.76,2.05,1.87,2.83,3.65,2.5,2.1,1.85,2.05,1.87,ok,
1589901297,05.05 22:00,Rayo Vallecano,Almeria,ok,,21.04 23:30,05.05 22:00,1.62,3.93,5.0,1.68,3.92,5.53,-0.75,1.81,2.02,1.89,2.04,2.5,1.81,2.0,2.04,1.87,1.68,3.92,5.53,1.89,2.04,2.04,1.87,ok,
1589901298,03.05 22:00,Getafe,Athletic Club Bilbao,ok,,21.04 23:28,03.05 22:00,3.39,3.13,2.24,3.93,3.12,2.2,0.25,1.9,1.92,2.07,1.88,2.0,1.71,2.11,1.95,1.95,3.93,3.12,2.2,2.07,1.88,1.95,1.95,ok,
1590187418,03.05 20:00,Toulouse FC,Montpellier HSC,ok,,25.04 15:53,03.05 20:00,2.09,3.56,3.3,2.04,3.79,3.65,-0.5,2.15,1.79,2.05,1.88,3.0,2.25,1.71,2.04,1.88,2.04,3.79,3.65,2.05,1.88,2.04,1.88,ok,
1590198799,03.05 22:00,Lens,Lorient,ok,,25.04 15:53,03.05 21:58,1.34,5.05,7.81,1.46,5.02,6.78,-1.25,1.83,2.1,1.99,1.93,3.0,2.13,1.79,1.91,2.0,1.46,5.02,6.78,1.99,1.93,1.91,2.0,ok,
1590247403,04.05 16:00,Le Havre,Strasbourg,ok,,25.04 15:53,04.05 15:59,2.17,3.23,3.45,2.61,3.13,3.08,0.0,1.54,2.48,1.81,2.14,2.25,1.99,1.82,2.05,1.86,2.61,3.13,3.08,1.81,2.14,2.05,1.86,ok,
1590263510,04.05 18:00,AS Monaco,Clermont,ok,,25.04 15:53,04.05 18:00,1.29,5.9,8.13,1.3,6.45,8.63,-1.75,2.07,1.85,2.03,1.88,3.75,2.33,1.67,1.96,1.93,1.3,6.45,8.63,2.03,1.88,1.96,1.93,ok,
1590276825,04.05 20:00,Metz,Rennes,ok,,25.04 15:53,04.05 20:00,3.19,3.52,2.16,3.95,3.72,1.97,0.5,1.7,2.16,1.94,1.98,2.5,1.91,1.89,1.91,2.0,3.95,3.72,1.97,1.94,1.98,1.91,2.0,ok,
1590283970,04.05 22:00,Brest,Nantes,ok,,25.04 15:53,04.05 22:00,1.61,3.82,5.47,1.75,3.66,5.4,-0.75,1.8,2.03,1.99,1.93,2.25,1.79,2.02,1.93,1.97,1.75,3.66,5.4,1.99,1.93,1.93,1.97,ok,
1590321098,06.05 22:00,Lille,Lyon,ok,,25.04 18:13,06.05 21:53,1.77,3.76,4.27,2.11,3.78,3.45,-0.25,1.55,2.45,1.85,2.09,3.0,2.32,1.6,2.03,1.88,2.11,3.78,3.45,1.85,2.09,2.03,1.88,ok,
1590563806,12.05 22:00,Marseille,Lorient,ok,,28.04 23:10,12.05 22:00,1.33,5.33,7.8,1.51,4.71,6.34,-1.0,1.53,2.69,1.83,2.11,3.0,1.84,1.97,2.02,1.88,1.51,4.71,6.34,1.83,2.11,2.02,1.88,ok,
1590563808,13.05 22:00,Barcelona,Real Sociedad,ok,,28.04 23:12,13.05 22:00,1.68,3.8,4.78,1.72,3.99,5.06,-0.75,1.9,1.92,1.93,2.0,2.75,2.19,1.75,2.04,1.87,1.72,3.99,5.06,1.93,2.0,2.04,1.87,ok,
1590563809,12.05 15:00,Cadiz,Getafe,ok,,28.04 23:12,12.05 15:00,2.39,2.95,3.28,2.13,3.21,4.04,-0.25,2.02,1.81,1.82,2.13,2.0,1.93,1.88,1.93,1.97,2.13,3.21,4.04,1.82,2.13,1.93,1.97,ok,
1590563813,13.05 21:45,Fiorentina,AC Monza,ok,,28.04 23:12,13.05 21:45,1.57,4.15,5.29,1.52,4.46,6.6,-1.0,1.98,1.84,1.86,2.08,2.75,1.91,1.89,1.9,2.01,1.52,4.46,6.6,1.86,2.08,1.9,2.01,ok,
1590563817,12.05 22:00,Nantes,Lille,ok,,28.04 23:10,12.05 22:00,3.96,3.43,1.93,5.15,3.87,1.73,0.75,1.7,2.3,1.96,1.96,2.5,2.1,1.81,2.03,1.88,5.15,3.87,1.73,1.96,1.96,2.03,1.88,ok,
1590563818,12.05 22:00,Paris Saint Germain,Toulouse FC,ok,,28.04 23:10,12.05 21:59,1.25,6.22,8.61,1.36,5.91,7.72,-1.5,1.76,2.18,1.93,2.0,3.5,1.91,1.88,1.88,2.03,1.36,5.91,7.72,1.93,2.0,1.88,2.03,ok,
1590563820,10.05 22:00,Nice,Le Havre,ok,,28.04 23:06,10.05 22:00,1.48,4.18,6.49,1.58,4.1,6.46,-1.0,1.83,1.98,2.02,1.9,2.5,1.94,1.86,2.06,1.85,1.58,4.1,6.46,2.02,1.9,2.06,1.85,ok,
1590563825,12.05 22:00,Montpellier HSC,AS Monaco,ok,,28.04 23:12,12.05 21:58,3.03,3.82,2.12,4.31,4.53,1.73,0.75,1.59,2.53,2.02,1.91,3.75,2.41,1.63,2.02,1.88,4.31,4.53,1.73,2.02,1.91,2.02,1.88,ok,
1590563826,10.05 22:00,Brest,Reims,ok,,28.04 23:12,10.05 21:56,1.94,3.54,3.74,1.64,4.2,5.52,-1.0,2.92,1.47,2.08,1.85,2.75,2.15,1.77,1.88,2.03,1.64,4.2,5.52,2.08,1.85,1.88,2.03,ok,
1590563827,12.05 22:00,Strasbourg,Metz,ok,,28.04 23:12,12.05 21:59,1.76,3.81,4.24,2.18,3.55,3.47,-0.25,1.55,2.45,1.89,2.03,2.5,1.85,1.95,1.96,1.94,2.18,3.55,3.47,1.89,2.03,1.96,1.94,ok,
1590563829,12.05 22:00,Real Betis,Almeria,ok,,28.04 23:12,12.05 21:54,1.48,4.56,5.78,1.4,5.3,7.8,-1.25,2.1,1.82,1.89,2.04,3.0,1.9,1.9,1.88,2.03,1.4,5.3,7.8,1.89,2.04,1.88,2.03,ok,
1590563831,11.05 19:30,Granada CF,Real Madrid,ok,,28.04 23:12,11.05 19:30,6.35,4.85,1.42,5.76,4.6,1.56,1.0,2.29,1.7,1.99,1.93,3.0,1.82,1.98,2.08,1.84,5.76,4.6,1.56,1.99,1.93,2.08,1.84,ok,
1590563834,10.05 21:45,Frosinone,FC Internazionale,ok,,28.04 23:12,10.05 21:45,4.99,4.62,1.53,4.31,4.01,1.83,0.75,2.22,1.66,1.86,2.07,2.75,1.58,2.35,1.9,2.01,4.31,4.01,1.83,1.86,2.07,1.9,2.01,ok,
1590563835,12.05 13:30,Lazio,Empoli,ok,,28.04 23:12,12.05 13:30,1.5,4.2,6.04,1.67,3.87,5.72,-0.75,1.68,2.33,1.88,2.07,2.5,1.84,1.97,2.03,1.88,1.67,3.87,5.72,1.88,2.07,2.03,1.88,ok,
1590563836,11.05 19:00,Napoli,Bologna,ok,,28.04 23:12,11.05 19:00,2.15,3.53,3.19,1.95,3.45,4.39,-0.5,2.15,1.7,1.96,1.96,2.5,1.96,1.85,2.02,1.89,1.95,3.45,4.39,1.96,1.96,2.02,1.89,ok,
1590563837,12.05 17:15,Atletico Madrid,Celta Vigo,ok,,28.04 23:12,12.05 17:14,1.39,4.83,6.93,1.39,5.09,8.71,-1.25,1.89,1.93,1.9,2.03,3.0,1.96,1.85,1.97,1.93,1.39,5.09,8.71,1.9,2.03,1.97,1.93,ok,
1590563839,12.05 22:00,Clermont,Lyon,ok,,28.04 23:10,12.05 21:59,3.42,3.68,2.01,5.02,4.4,1.65,1.0,1.45,2.98,1.87,2.06,3.25,2.37,1.65,1.88,2.03,5.02,4.4,1.65,1.87,2.06,1.88,2.03,ok,
1590563840,12.05 16:00,Genoa,Sassuolo,ok,,28.04 23:12,12.05 16:00,1.89,3.64,3.83,2.36,3.37,3.25,-0.25,1.65,2.24,2.04,1.9,2.25,1.67,2.2,1.84,2.08,2.36,3.37,3.25,2.04,1.9,1.84,2.08,ok,
1590563841,13.05 19:30,Lecce,Udinese,ok,,28.04 23:12,13.05 19:27,2.15,3.25,3.48,3.15,3.04,2.63,0.0,1.57,2.58,2.16,1.79,2.0,1.63,2.41,1.84,2.08,3.15,3.04,2.63,2.16,1.79,1.84,2.08,ok,
1590563842,10.05 22:00,Alaves,Girona,ok,,28.04 23:12,10.05 22:00,2.92,3.35,2.39,3.19,3.65,2.27,0.25,1.77,2.06,1.94,1.98,2.75,2.12,1.79,1.95,1.95,3.19,3.65,2.27,1.94,1.98,1.95,1.95,ok,
1590563843,12.05 16:00,Hellas Verona FC,Torino,ok,,28.04 23:12,12.05 16:00,3.18,3.03,2.4,3.23,2.91,2.67,0.0,2.28,1.71,2.18,1.79,2.0,1.78,2.04,2.01,1.89,3.23,2.91,2.67,2.18,1.79,2.01,1.89,ok,
1590563848,11.05 22:00,Athletic Club Bilbao,Osasuna,ok,,28.04 23:12,11.05 22:00,1.41,4.49,7.36,1.42,4.54,9.32,-1.25,1.96,1.85,2.0,1.93,2.5,1.88,1.92,2.02,1.89,1.42,4.54,9.32,2.0,1.93,2.02,1.89,ok,
1590563851,11.05 21:45,AC Milan,Cagliari,ok,,28.04 23:12,11.05 21:45,1.34,5.27,7.62,1.62,4.32,5.47,-1.0,1.55,2.64,2.06,1.87,2.75,1.69,2.29,1.89,2.01,1.62,4.32,5.47,2.06,1.87,1.89,2.01,ok,
1590563853,12.05 22:00,Rennes,Lens,ok,,28.04 23:12,12.05 21:59,2.66,3.43,2.54,2.3,3.66,3.13,-0.25,2.31,1.61,2.01,1.92,2.75,2.12,1.71,1.88,2.02,2.3,3.66,3.13,2.01,1.92,1.88,2.02,ok,
1590563855,11.05 17:15,Villarreal CF,Sevilla,ok,,28.04 23:12,11.05 17:11,1.98,3.72,3.47,2.02,3.88,3.64,-0.5,1.98,1.83,2.03,1.9,3.0,1.98,1.82,2.04,1.88,2.02,3.88,3.64,2.03,1.9,2.04,1.88,ok,
1590563856,12.05 19:30,Valencia,Rayo Vallecano,ok,,28.04 23:12,12.05 19:30,2.02,3.18,3.94,2.28,3.11,3.73,-0.25,1.72,2.11,1.93,1.99,2.0,1.81,2.01,1.93,1.97,2.28,3.11,3.73,1.93,1.99,1.93,1.97,ok,
1590563857,12.05 21:45,Atalanta BC,AS Roma,ok,,28.04 23:12,12.05 21:45,1.93,3.58,3.73,1.89,3.83,4.16,-0.5,1.94,1.88,1.9,2.03,2.75,2.07,1.83,1.88,2.03,1.89,3.83,4.16,1.9,2.03,1.88,2.03,ok,
1590563859,12.05 19:00,Juventus,Salernitana,ok,,28.04 23:12,12.05 18:50,1.16,7.4,14.19,1.16,8.76,16.01,-2.25,2.25,1.72,2.05,1.86,3.5,2.48,1.6,1.99,1.89,1.16,8.76,16.01,2.05,1.86,1.99,1.89,ok,
1590563860,11.05 15:00,Mallorca,Las Palmas,ok,,28.04 23:12,11.05 14:59,1.75,3.42,5.01,1.64,3.53,7.2,-0.75,2.0,1.82,1.85,2.09,2.0,1.78,2.04,1.88,2.03,1.64,3.53,7.2,1.85,2.09,1.88,2.03,ok,
1590980980,14.05 20:30,Osasuna,Mallorca,ok,,05.05 22:50,14.05 20:29,2.25,2.94,3.63,2.77,2.9,3.12,0.0,1.57,2.58,1.85,2.09,1.75,1.77,2.16,1.89,2.02,2.77,2.9,3.12,1.85,2.09,1.89,2.02,ok,
1590990441,14.05 22:30,Real Madrid,Alaves,ok,,05.05 22:50,14.05 22:29,1.25,5.85,9.65,1.2,7.43,14.07,-2.0,2.35,1.58,2.06,1.85,3.25,2.16,1.68,1.98,1.91,1.2,7.43,14.07,2.06,1.85,1.98,1.91,ok,
1590990958,14.05 23:00,Girona,Villarreal CF,ok,,05.05 22:50,14.05 23:00,1.57,4.64,4.68,1.72,4.48,4.4,-0.75,1.74,2.22,1.9,2.02,3.5,1.86,1.94,1.93,1.98,1.72,4.48,4.4,1.9,2.02,1.93,1.98,ok,
1591018798,18.05 21:45,Torino,AC Milan,ok,,05.05 22:55,18.05 21:45,3.0,3.18,2.43,2.54,3.15,3.16,-0.25,2.57,1.51,2.16,1.79,2.25,1.84,1.97,1.98,1.93,2.54,3.15,3.16,2.16,1.79,1.98,1.93,ok,
1591018799,19.05 16:00,AC Monza,Frosinone,ok,,05.05 22:55,19.05 15:59,2.24,3.52,3.02,3.09,3.58,2.36,0.25,1.49,2.63,1.88,2.05,2.75,1.89,1.91,1.88,2.03,3.09,3.58,2.36,1.88,2.05,1.88,2.03,ok,
1591018800,19.05 16:00,Udinese,Empoli,ok,,05.05 22:55,19.05 15:57,1.9,3.46,4.02,2.01,3.24,4.51,-0.5,1.91,1.91,2.02,1.92,2.0,1.55,2.61,1.88,2.04,2.01,3.24,4.51,2.02,1.92,1.88,2.04,ok,
1591018801,19.05 13:30,Sassuolo,Cagliari,ok,,05.05 22:55,19.05 13:27,2.13,3.6,3.17,2.48,3.4,3.03,-0.25,1.87,1.95,2.14,1.82,2.5,1.68,2.32,2.04,1.87,2.48,3.4,3.03,2.14,1.82,2.04,1.87,ok,
1591018802,17.05 21:45,Fiorentina,Napoli,ok,,05.05 22:55,17.05 21:42,2.46,3.42,2.76,2.12,3.52,3.68,-0.25,2.19,1.76,1.83,2.11,2.75,1.91,1.89,2.02,1.89,2.12,3.52,3.68,1.83,2.11,2.02,1.89,ok,
1591018803,18.05 19:00,Lecce,Atalanta BC,ok,,05.05 22:55,18.05 19:00,3.52,3.45,2.04,3.65,3.59,2.1,0.5,1.78,2.05,1.83,2.11,2.5,1.89,1.91,1.91,1.99,3.65,3.59,2.1,1.83,2.11,1.91,1.99,ok,
1591018804,19.05 19:00,FC Internazionale,Lazio,ok,,05.05 22:55,19.05 19:00,1.42,4.62,6.68,1.57,4.47,5.84,-1.0,1.73,2.24,1.95,1.97,2.75,1.87,1.93,1.88,2.03,1.57,4.47,5.84,1.95,1.97,1.88,2.03,ok,
1591018806,15.05 23:00,Celta Vigo,Athletic Club Bilbao,ok,,05.05 22:52,15.05 22:59,2.83,3.27,2.5,2.3,3.24,3.53,-0.25,2.44,1.56,1.96,1.96,2.25,1.68,2.16,1.95,1.95,2.3,3.24,3.53,1.96,1.96,1.95,1.95,ok,
1591018807,15.05 20:30,Rayo Vallecano,Granada CF,ok,,05.05 22:52,15.05 20:30,1.67,3.7,5.12,1.55,4.21,6.66,-1.0,2.3,1.69,1.96,1.96,2.5,2.13,1.79,2.05,1.87,1.55,4.21,6.66,1.96,1.96,2.05,1.87,ok,
1591018808,20.05 21:45,Bologna,Juventus,ok,,05.05 22:55,20.05 21:45,2.52,2.98,3.06,2.84,3.14,2.8,0.0,1.74,2.12,1.97,1.94,2.25,2.15,1.69,2.08,1.84,2.84,3.14,2.8,1.97,1.94,2.08,1.84,ok,
1591018809,16.05 22:30,Almeria,Barcelona,ok,,05.05 22:54,16.05 22:30,5.72,5.02,1.44,7.16,5.48,1.41,1.5,1.72,2.11,1.88,2.06,3.5,1.83,1.97,1.95,1.95,7.16,5.48,1.41,1.88,2.06,1.95,1.95,ok,
1591018810,19.05 21:45,AS Roma,Genoa,ok,,05.05 22:55,19.05 21:44,1.64,3.77,5.24,1.46,4.66,7.63,-1.25,2.61,1.56,2.04,1.89,2.75,2.4,1.63,2.01,1.9,1.46,4.66,7.63,2.04,1.89,2.01,1.9,ok,
1591018812,16.05 20:30,Las Palmas,Real Betis,ok,,05.05 22:54,16.05 20:30,3.35,3.4,2.13,3.24,3.22,2.45,0.25,1.97,1.85,1.85,2.09,2.25,1.65,2.23,1.96,1.94,3.24,3.22,2.45,1.85,2.09,1.96,1.94,ok,
1591018813,15.05 22:00,Reims,Marseille,ok,,05.05 22:52,15.05 22:00,2.6,3.42,2.6,4.11,4.02,1.86,0.5,1.53,2.68,2.06,1.87,3.0,2.18,1.76,2.07,1.85,4.11,4.02,1.86,2.06,1.87,2.07,1.85,ok,
1591018814,15.05 20:30,Sevilla,Cadiz,ok,,05.05 22:52,15.05 20:30,1.64,3.71,5.32,2.19,3.41,3.6,-0.25,1.44,2.8,1.88,2.04,2.25,1.81,2.0,1.91,1.99,2.19,3.41,3.6,1.88,2.04,1.91,1.99,ok,
1591018815,16.05 23:00,Real Sociedad,Valencia,ok,,05.05 22:54,16.05 23:00,1.49,4.02,6.72,1.46,4.33,8.54,-1.25,2.26,1.71,2.14,1.81,2.25,1.87,1.93,1.98,1.93,1.46,4.33,8.54,2.14,1.81,1.98,1.93,ok,
1591018816,15.05 22:00,Nice,Paris Saint Germain,ok,,05.05 22:52,15.05 22:00,3.15,3.68,2.12,2.07,3.79,3.55,-0.5,3.13,1.36,2.08,1.85,2.75,1.75,2.06,1.88,2.03,2.07,3.79,3.55,2.08,1.85,1.88,2.03,ok,
1591018817,20.05 19:30,Salernitana,Hellas Verona FC,ok,,05.05 22:55,20.05 19:29,3.06,3.27,2.34,5.3,3.93,1.7,0.75,1.47,2.92,2.02,1.91,2.75,2.35,1.66,2.06,1.86,5.3,3.93,1.7,2.02,1.91,2.06,1.86,ok,
1591018819,15.05 23:00,Getafe,Atletico Madrid,ok,,05.05 22:52,15.05 23:00,3.64,3.36,2.04,5.03,3.73,1.78,0.75,1.57,2.41,1.91,2.01,2.5,2.04,1.76,2.04,1.88,5.03,3.73,1.78,1.91,2.01,2.04,1.88,ok,
1591234401,19.05 22:00,AS Monaco,Nantes,ok,,12.05 23:07,19.05 21:59,1.5,5.35,4.63,1.58,4.8,5.12,-1.0,1.78,2.03,1.93,1.98,3.5,2.29,1.61,2.04,1.85,1.58,4.8,5.12,1.93,1.98,2.04,1.85,ok,
1591234402,19.05 22:00,Lens,Montpellier HSC,ok,,12.05 23:07,19.05 22:00,1.59,4.27,4.94,1.3,6.08,8.76,-1.75,3.17,1.4,2.02,1.87,3.5,2.48,1.59,1.95,1.92,1.3,6.08,8.76,2.02,1.87,1.95,1.92,ok,
1591234403,19.05 22:00,Lille,Nice,ok,,12.05 23:13,19.05 22:00,1.93,3.53,3.8,1.51,4.47,6.62,-1.0,2.89,1.47,1.83,2.1,2.75,2.19,1.74,1.87,2.03,1.51,4.47,6.62,1.83,2.1,1.87,2.03,ok,
1591234404,19.05 22:00,Reims,Rennes,ok,,12.05 23:20,19.05 21:57,2.37,3.52,2.83,3.15,3.71,2.24,0.25,1.58,2.53,1.94,1.96,3.25,2.34,1.65,2.04,1.85,3.15,3.71,2.24,1.94,1.96,2.04,1.85,ok,
1591234406,19.05 22:00,Toulouse FC,Brest,ok,,12.05 23:14,19.05 22:00,2.46,3.42,2.76,2.89,3.76,2.37,0.25,1.61,2.46,1.84,2.08,3.0,2.26,1.7,2.04,1.85,2.89,3.76,2.37,1.84,2.08,2.04,1.85,ok,
1591234407,19.05 22:00,Le Havre,Marseille,ok,,12.05 23:14,19.05 22:00,3.28,3.42,2.15,4.46,3.94,1.79,0.75,1.52,2.53,1.88,2.03,2.75,2.13,1.78,1.97,1.92,4.46,3.94,1.79,1.88,2.03,1.97,1.92,ok,
1591234409,19.05 22:00,Lorient,Clermont,ok,,12.05 23:13,19.05 21:58,2.14,3.53,3.22,1.64,4.49,4.92,-1.0,3.3,1.37,2.04,1.87,3.25,2.56,1.56,1.94,1.94,1.64,4.49,4.92,2.04,1.87,1.94,1.94,ok,
1591234410,19.05 22:00,Metz,Paris Saint Germain,ok,,12.05 23:15,19.05 22:00,5.78,5.19,1.42,4.49,3.92,1.79,0.75,2.56,1.51,1.9,2.01,3.0,1.46,2.67,1.87,2.02,4.49,3.92,1.79,1.9,2.01,1.87,2.02,ok,
1591289395,19.05 20:00,Athletic Club Bilbao,Sevilla,ok,,12.05 23:21,19.05 20:00,1.57,4.15,5.29,1.57,4.3,6.21,-1.0,1.98,1.84,1.95,1.97,2.75,1.91,1.89,1.94,1.96,1.57,4.3,6.21,1.95,1.97,1.94,1.96,ok,
1591289397,19.05 20:00,Atletico Madrid,Osasuna,ok,,12.05 23:21,19.05 20:00,1.29,5.52,9.01,1.31,5.74,10.5,-1.5,1.88,1.94,1.97,1.95,2.75,1.79,2.12,1.91,2.0,1.31,5.74,10.5,1.97,1.95,1.91,2.0,ok,
1591289398,19.05 20:00,Cadiz,Las Palmas,ok,,12.05 23:21,19.05 19:56,1.86,3.4,4.3,1.93,3.42,4.56,-0.5,1.87,1.95,1.94,1.98,2.25,1.92,1.88,2.09,1.83,1.93,3.42,4.56,1.94,1.98,2.09,1.83,ok,
1591289399,19.05 20:00,Real Betis,Real Sociedad,ok,,12.05 23:21,19.05 20:00,2.8,3.09,2.64,3.31,3.1,2.48,0.25,1.69,2.31,1.83,2.11,2.0,1.66,2.34,1.93,1.98,3.31,3.1,2.48,1.83,2.11,1.93,1.98,ok,
1591300250,19.05 22:00,Lyon,Strasbourg,ok,,12.05 23:20,19.05 22:00,1.59,4.29,4.88,1.35,5.63,8.46,-1.5,2.64,1.54,1.9,2.0,3.25,2.15,1.76,1.9,1.99,1.35,5.63,8.46,1.9,2.0,1.9,1.99,ok,
1591328396,18.05 22:00,Alaves,Getafe,ok,,12.05 23:21,18.05 22:00,2.01,3.12,4.07,1.99,3.39,4.3,-0.5,2.02,1.81,2.0,1.92,2.25,2.29,1.69,2.0,1.9,1.99,3.39,4.3,2.0,1.92,2.0,1.9,ok,
1591328397,19.05 20:00,Barcelona,Rayo Vallecano,ok,,12.05 23:21,19.05 20:00,1.32,5.44,7.89,1.31,6.03,9.82,-1.5,1.92,1.9,1.92,2.01,3.25,2.02,1.78,1.97,1.93,1.31,6.03,9.82,1.92,2.01,1.97,1.93,ok,
1591328398,19.05 20:00,Mallorca,Almeria,ok,,12.05 23:21,19.05 19:56,1.61,3.77,5.46,1.38,4.78,10.06,-1.25,2.57,1.57,1.95,1.97,2.25,1.82,1.98,1.86,2.06,1.38,4.78,10.06,1.95,1.97,1.86,2.06,ok,
1591328399,19.05 20:00,Granada CF,Celta Vigo,ok,,12.05 23:21,19.05 19:57,2.61,3.33,2.65,3.99,3.32,2.1,0.5,1.52,2.73,1.83,2.11,2.5,1.81,2.0,1.95,1.95,3.99,3.32,2.1,1.83,2.11,1.95,1.95,ok,
1591328400,19.05 20:00,Villarreal CF,Real Madrid,ok,,12.05 23:27,19.05 19:59,3.47,4.02,1.9,3.02,3.96,2.25,0.25,2.19,1.68,1.93,1.99,3.5,1.98,1.83,2.06,1.85,3.02,3.96,2.25,1.93,1.99,2.06,1.85,ok,
1591538105,19.05 20:00,Valencia,Girona,ok,,14.05 09:24,19.05 19:59,2.94,3.49,2.31,3.98,3.76,1.95,0.5,1.62,2.31,1.96,1.96,2.75,1.89,1.91,1.95,1.95,3.98,3.76,1.95,1.96,1.96,1.95,1.95,ok,
1591733062,24.05 22:00,Girona,Granada CF,ok,,19.05 22:59,24.05 22:00,1.25,6.25,8.72,1.22,7.58,11.78,-2.0,2.24,1.72,1.94,1.96,3.75,2.22,1.72,2.0,1.89,1.22,7.58,11.78,1.94,1.96,2.0,1.89,ok,
1591733063,25.05 17:15,Real Sociedad,Atletico Madrid,ok,,19.05 22:59,25.05 17:15,2.3,3.19,3.2,2.69,3.35,2.79,0.0,1.67,2.34,1.93,2.0,2.5,2.2,1.73,1.94,1.96,2.69,3.35,2.79,1.93,2.0,1.94,1.96,ok,
1591733064,26.05 15:00,Getafe,Mallorca,ok,,19.05 22:59,26.05 15:00,2.34,2.85,3.53,2.41,3.13,3.41,-0.25,1.96,1.85,2.05,1.88,2.0,2.23,1.71,1.93,1.97,2.41,3.13,3.41,2.05,1.88,1.93,1.97,ok,
1591733065,25.05 22:00,Real Madrid,Real Betis,ok,,19.05 22:59,25.05 21:59,1.3,5.84,7.75,1.2,8.04,12.13,-2.0,2.42,1.56,1.87,2.04,3.75,2.28,1.61,2.03,1.87,1.2,8.04,12.13,1.87,2.04,2.03,1.87,ok,
1591733067,25.05 15:00,Osasuna,Villarreal CF,ok,,19.05 22:59,25.05 15:00,2.7,3.42,2.52,2.57,3.74,2.69,0.0,1.97,1.84,1.92,2.01,3.0,2.22,1.72,1.92,1.99,2.57,3.74,2.69,1.92,2.01,1.92,1.99,ok,
1591733068,25.05 19:30,Almeria,Cadiz,ok,,19.05 22:59,25.05 19:30,2.55,3.27,2.75,2.22,3.75,3.22,-0.25,2.25,1.71,1.94,1.98,2.75,2.18,1.75,1.92,1.99,2.22,3.75,3.22,1.94,1.98,1.92,1.99,ok,
1591733069,26.05 17:15,Celta Vigo,Valencia,ok,,19.05 22:59,26.05 17:15,1.83,3.54,4.28,1.92,3.78,4.13,-0.5,1.83,1.99,1.93,2.0,2.75,2.38,1.64,2.02,1.88,1.92,3.78,4.13,1.93,2.0,2.02,1.88,ok,
1591733070,26.05 17:15,Las Palmas,Alaves,ok,,19.05 22:59,26.05 17:15,2.48,3.18,2.92,2.38,3.49,3.12,-0.25,2.17,1.76,2.06,1.87,2.5,2.13,1.78,1.86,2.05,2.38,3.49,3.12,2.06,1.87,1.86,2.05,ok,
1591733071,26.05 22:00,Sevilla,Barcelona,ok,,19.05 22:59,26.05 22:00,3.29,3.77,2.02,4.75,4.39,1.69,0.75,1.64,2.4,2.06,1.87,3.25,2.12,1.79,2.0,1.91,4.75,4.39,1.69,2.06,1.87,2.0,1.91,ok,
1591733072,25.05 19:30,Rayo Vallecano,Athletic Club Bilbao,ok,,19.05 22:59,25.05 19:30,3.0,3.27,2.57,3.27,3.24,2.42,0.25,1.75,2.19,1.86,2.07,2.25,1.88,2.02,1.94,1.96,3.27,3.24,2.42,1.86,2.07,1.94,1.96,ok,
1591815473,26.05 21:45,Empoli,AS Roma,ok,,19.05 23:07,26.05 21:45,3.03,3.5,2.25,2.23,3.63,3.28,-0.25,2.63,1.48,1.94,1.98,2.5,1.96,1.85,1.85,2.07,2.23,3.63,3.28,1.94,1.98,1.85,2.07,ok,
1591815474,24.05 21:45,Genoa,Bologna,ok,,19.05 23:07,24.05 21:43,3.42,3.13,2.23,2.95,3.25,2.59,0.0,2.49,1.6,2.1,1.84,2.5,2.38,1.64,1.99,1.92,2.95,3.25,2.59,2.1,1.84,1.99,1.92,ok,
1591815475,26.05 19:00,Atalanta BC,Torino,ok,,19.05 23:07,26.05 19:00,1.67,3.8,4.89,2.43,3.62,2.85,0.0,1.29,3.89,1.8,2.11,2.75,2.22,1.72,1.85,2.03,2.43,3.62,2.85,1.8,2.11,1.85,2.03,ok,
1591815476,26.05 21:45,Lazio,Sassuolo,ok,,19.05 23:07,26.05 21:45,1.4,4.87,6.68,1.34,5.63,9.46,-1.5,2.18,1.76,1.99,1.93,3.0,1.89,1.91,2.04,1.86,1.34,5.63,9.46,1.99,1.93,2.04,1.86,ok,
1591815477,26.05 21:45,Hellas Verona FC,FC Internazionale,ok,,19.05 23:07,26.05 21:45,6.22,4.51,1.46,7.36,5.29,1.41,1.25,1.8,2.03,2.07,1.87,3.25,2.46,1.6,1.95,1.95,7.36,5.29,1.41,2.07,1.87,1.95,1.95,ok,
1591815478,25.05 19:00,Juventus,AC Monza,ok,,19.05 23:07,25.05 19:00,1.31,5.27,8.79,1.56,4.56,5.86,-1.0,1.5,2.76,1.92,2.01,3.0,2.18,1.75,1.93,1.97,1.56,4.56,5.86,1.92,2.01,1.93,1.97,ok,
1591815479,26.05 21:45,Frosinone,Udinese,ok,,19.05 23:07,26.05 21:44,2.25,3.41,3.11,2.62,3.02,3.18,0.0,1.67,2.34,1.79,2.18,2.25,1.64,2.37,1.93,1.98,2.62,3.02,3.18,1.79,2.18,1.93,1.98,ok,
1591815480,23.05 21:45,Cagliari,Fiorentina,ok,,19.05 23:07,23.05 21:45,3.15,3.52,2.18,5.08,3.88,1.74,0.75,1.55,2.63,1.97,1.95,2.75,1.9,1.9,1.99,1.92,5.08,3.88,1.74,1.97,1.95,1.99,1.92,ok,
1591815481,25.05 21:45,AC Milan,Salernitana,ok,,19.05 23:07,25.05 21:45,1.16,7.8,11.86,1.11,10.83,20.8,-2.75,2.72,1.51,2.01,1.86,4.0,2.46,1.6,1.93,1.93,1.11,10.83,20.8,2.01,1.86,1.93,1.93,ok,
1591815482,26.05 19:00,Napoli,Lecce,ok,,19.05 23:07,26.05 18:59,1.43,4.7,6.45,1.38,5.42,8.21,-1.5,2.26,1.71,2.03,1.89,3.0,1.98,1.82,1.87,2.04,1.38,5.42,8.21,2.03,1.89,1.87,2.04,ok,
1593222048,18.08 20:00,Real Sociedad,Rayo Vallecano,ok,,24.06 12:51,18.08 20:00,1.51,3.84,6.83,1.79,3.35,5.71,-0.75,1.7,2.28,2.08,1.85,2.0,1.78,2.15,2.09,1.83,1.79,3.35,5.71,2.08,1.85,2.09,1.83,ok,
1593222049,16.08 22:30,Las Palmas,Sevilla,ok,,24.06 12:51,16.08 22:30,2.82,3.15,2.57,2.64,3.25,2.93,0.0,2.0,1.82,1.86,2.07,2.25,1.84,1.97,1.88,2.02,2.64,3.25,2.93,1.86,2.07,1.88,2.02,ok,
1593222050,18.08 22:30,Mallorca,Real Madrid,ok,,24.06 12:51,18.08 22:30,4.5,3.56,1.78,9.35,4.7,1.4,1.25,1.45,2.98,1.97,1.95,2.75,2.45,1.61,2.04,1.87,9.35,4.7,1.4,1.97,1.95,2.04,1.87,ok,
1593222051,17.08 20:00,Reims,Lille,ok,,24.06 12:41,17.08 19:59,3.56,3.55,2.01,3.03,3.26,2.56,0.0,2.66,1.48,2.14,1.81,2.25,1.58,2.36,1.92,1.99,3.03,3.26,2.56,2.14,1.81,1.92,1.99,ok,
1593222052,19.08 20:00,Real Valladolid CF,Espanyol,ok,,30.06 10:47,19.08 20:00,2.35,3.07,3.07,2.33,2.96,3.83,-0.25,2.01,1.78,1.96,1.96,2.0,1.63,2.2,2.12,1.81,2.33,2.96,3.83,1.96,1.96,2.12,1.81,ok,
1593222054,15.08 20:00,Athletic Club Bilbao,Getafe,ok,,24.06 12:51,15.08 19:59,1.44,4.24,7.16,1.61,3.71,7.18,-0.75,1.6,2.5,1.81,2.14,2.0,1.56,2.56,1.96,1.94,1.61,3.71,7.18,1.81,2.14,1.96,1.94,ok,
1593222055,19.08 22:30,Villarreal CF,Atletico Madrid,ok,,24.06 12:51,19.08 22:22,2.9,3.42,2.36,3.52,3.57,2.16,0.25,1.78,2.05,2.06,1.87,2.5,1.72,2.1,1.85,2.06,3.52,3.57,2.16,2.06,1.87,1.85,2.06,ok,
1593222056,18.08 18:00,Montpellier HSC,Strasbourg,ok,,24.06 12:41,18.08 17:58,1.99,3.57,3.59,2.1,3.63,3.6,-0.25,1.77,2.17,1.83,2.11,2.75,1.98,1.83,1.91,2.0,2.1,3.63,3.6,1.83,2.11,1.91,2.0,ok,
1593222057,18.08 16:00,Auxerre,Nice,ok,,24.06 12:42,18.08 16:00,3.35,3.22,2.21,3.0,3.46,2.47,0.25,1.91,1.91,1.81,2.13,2.5,2.14,1.7,1.95,1.95,3.0,3.46,2.47,1.81,2.13,1.95,1.95,ok,
1593222058,17.08 20:00,Osasuna,Leganes,ok,,30.06 10:49,17.08 19:59,1.63,3.66,5.1,1.88,3.28,5.19,-0.5,1.63,2.22,1.88,2.04,1.75,1.41,2.76,1.82,2.1,1.88,3.28,5.19,1.88,2.04,1.82,2.1,ok,
1593222059,17.08 22:30,Valencia,Barcelona,ok,,24.06 12:51,17.08 22:30,4.39,3.78,1.75,4.29,3.73,1.89,0.5,2.09,1.75,2.02,1.9,2.5,1.79,2.0,1.89,2.02,4.29,3.73,1.89,2.02,1.9,1.89,2.02,ok,
1593222060,17.08 18:00,Brest,Marseille,ok,,24.06 12:41,17.08 18:00,2.35,3.32,2.98,3.3,3.34,2.35,0.25,1.54,2.65,1.91,2.02,2.5,1.9,1.9,2.07,1.85,3.3,3.34,2.35,1.91,2.02,2.07,1.85,ok,
1593222061,15.08 22:30,Real Betis,Girona,ok,,24.06 12:51,15.08 22:30,2.81,3.25,2.52,2.36,3.42,3.21,-0.25,2.42,1.56,2.03,1.89,2.5,1.89,1.91,1.94,1.96,2.36,3.42,3.21,2.03,1.89,1.94,1.96,ok,
1593222064,18.08 21:45,Rennes,Lyon,ok,,24.06 12:41,18.08 21:43,2.18,3.57,3.1,2.35,3.45,3.21,-0.25,1.91,1.91,2.03,1.9,2.5,1.68,2.3,1.95,1.95,2.35,3.45,3.21,2.03,1.9,1.95,1.95,ok,
1593222065,16.08 20:00,Celta Vigo,Alaves,ok,,24.06 12:51,16.08 20:00,1.9,3.43,4.06,2.15,3.27,3.89,-0.25,1.68,2.32,1.83,2.1,2.25,1.82,1.99,2.09,1.83,2.15,3.27,3.89,1.83,2.1,2.09,1.83,ok,
1593222066,18.08 18:00,Angers SCO,Lens,ok,,24.06 12:45,18.08 17:59,4.34,3.67,1.78,7.0,3.88,1.58,1.0,1.55,2.46,1.88,2.04,2.25,1.66,2.2,1.93,1.97,7.0,3.88,1.58,1.88,2.04,1.93,1.97,ok,
1593222074,16.08 21:45,Le Havre,Paris Saint-Germain,ok,,24.06 12:41,16.08 21:44,5.14,4.17,1.58,7.89,4.79,1.42,1.25,1.66,2.37,1.96,1.96,2.75,1.85,1.95,1.9,2.01,7.89,4.79,1.42,1.96,1.96,1.9,2.01,ok,
1593222075,17.08 22:00,Monaco,St Etienne,ok,,24.06 12:41,17.08 22:00,1.46,4.78,5.72,1.38,5.58,7.91,-1.5,2.22,1.66,1.99,1.93,3.25,1.91,1.89,1.92,1.99,1.38,5.58,7.91,1.99,1.93,1.92,1.99,ok,
1593222082,18.08 18:00,Toulouse FC,Nantes,ok,,24.06 12:41,18.08 17:57,1.95,3.42,3.87,2.12,3.34,3.87,-0.25,1.74,2.23,1.82,2.12,2.25,1.79,2.03,1.9,2.01,2.12,3.34,3.87,1.82,2.12,1.9,2.01,ok,
1593534674,17.08 21:45,AC Milan,Torino,ok,,05.07 16:23,17.08 21:45,1.66,3.76,5.05,1.53,4.42,6.68,-1.0,2.23,1.66,1.88,2.05,2.75,2.24,1.64,1.98,1.92,1.53,4.42,6.68,1.88,2.05,1.98,1.92,ok,
1593534677,18.08 19:30,Hellas Verona,Napoli,ok,,05.07 16:23,18.08 19:30,3.46,3.44,2.07,5.59,3.79,1.7,0.75,1.6,2.5,2.02,1.91,2.5,1.88,1.93,1.96,1.94,5.59,3.79,1.7,2.02,1.91,1.96,1.94,ok,
1593534678,18.08 21:45,Cagliari,Roma,ok,,05.07 16:23,18.08 21:45,3.36,3.36,2.15,3.72,3.48,2.12,0.25,1.96,1.85,2.11,1.83,2.5,1.95,1.85,1.89,2.01,3.72,3.48,2.12,2.11,1.83,1.89,2.01,ok,
1593534679,17.08 19:30,Parma,Fiorentina,ok,,05.07 16:26,17.08 19:28,3.12,3.36,2.26,3.65,3.37,2.19,0.25,1.86,1.96,2.05,1.88,2.5,1.89,1.91,1.95,1.95,3.65,3.37,2.19,2.05,1.88,1.95,1.95,ok,
1593534680,19.08 21:45,Juventus,Como,ok,,05.07 16:26,19.08 21:45,1.32,5.03,8.85,1.56,4.17,6.55,-1.0,1.5,2.58,2.04,1.88,2.5,1.8,2.01,2.02,1.89,1.56,4.17,6.55,2.04,1.88,2.02,1.89,ok,
1593534681,19.08 19:30,Lecce,Atalanta,ok,,05.07 16:23,19.08 19:27,4.0,3.56,1.88,3.72,3.33,2.18,0.25,2.34,1.68,2.06,1.87,2.25,1.71,2.25,1.84,2.08,3.72,3.33,2.18,2.06,1.87,1.84,2.08,ok,
1593534682,17.08 21:45,Empoli,Monza,ok,,05.07 16:25,17.08 21:43,2.36,3.17,3.11,2.49,3.15,3.24,-0.25,2.02,1.81,2.12,1.83,2.25,1.87,1.93,2.0,1.91,2.49,3.15,3.24,2.12,1.83,2.0,1.91,ok,
1593534685,18.08 19:30,Bologna,Udinese,ok,,05.07 16:23,18.08 19:30,1.86,3.32,4.44,2.13,3.19,4.06,-0.25,1.6,2.34,1.81,2.13,2.25,2.06,1.77,2.11,1.82,2.13,3.19,4.06,1.81,2.13,2.11,1.82,ok,
1593534686,17.08 19:30,Genoa,Internazionale,ok,,05.07 16:24,17.08 19:29,4.98,3.86,1.65,7.34,4.32,1.51,1.0,1.69,2.16,2.08,1.85,2.5,1.88,1.93,1.9,2.0,7.34,4.32,1.51,2.08,1.85,1.9,2.0,ok,
1593534687,18.08 21:45,Lazio,Venezia,ok,,05.07 16:27,18.08 21:45,1.47,4.31,6.4,1.42,4.75,8.49,-1.25,2.09,1.74,1.98,1.94,2.5,1.84,1.97,1.91,2.0,1.42,4.75,8.49,1.98,1.94,1.91,2.0,ok,
1593534691,23.08 21:30,Borussia Monchengladbach,Bayer Leverkusen,ok,,05.07 16:28,23.08 21:30,4.35,4.11,1.64,4.94,4.38,1.67,1.0,1.7,2.09,1.87,2.06,3.25,2.03,1.74,1.96,1.94,4.94,4.38,1.67,1.87,2.06,1.96,1.94,ok,
1594957394,26.08 22:30,Villarreal,Celta Vigo,ok,,19.08 11:09,26.08 22:30,1.83,3.7,3.79,1.68,4.18,5.07,-0.75,2.16,1.78,1.87,2.06,3.0,2.16,1.77,2.01,1.9,1.68,4.18,5.07,1.87,2.06,2.01,1.9,ok,
1594957395,31.08 18:00,Barcelona,Real Valladolid,ok,,25.08 23:02,31.08 17:56,1.38,4.77,6.54,1.19,7.76,14.87,-2.0,2.99,1.36,1.95,1.95,3.5,2.34,1.56,2.0,1.88,1.19,7.76,14.87,1.95,1.95,2.0,1.88,ok,
1594957396,24.08 22:30,Espanyol,Real Sociedad,ok,,17.08 23:08,24.08 22:30,3.65,2.98,2.13,3.86,3.11,2.24,0.25,1.96,1.81,2.03,1.89,2.0,1.9,1.85,2.04,1.87,3.86,3.11,2.24,2.03,1.89,2.04,1.87,ok,
1594957397,24.08 20:00,Barcelona,Athletic Club Bilbao,ok,,17.08 23:07,24.08 20:00,1.61,3.98,4.73,1.6,4.37,5.59,-1.0,2.15,1.79,2.01,1.92,2.75,1.85,1.91,1.83,2.08,1.6,4.37,5.59,2.01,1.92,1.83,2.08,ok,
1594957398,25.08 20:00,Leganes,Las Palmas,ok,,17.08 23:20,25.08 20:00,2.23,2.92,3.51,2.44,3.01,3.49,-0.25,1.88,1.88,2.06,1.87,2.0,1.97,1.79,2.02,1.88,2.44,3.01,3.49,2.06,1.87,2.02,1.88,ok,
1594957399,28.08 22:30,Atletico Madrid,Espanyol,ok,,19.08 13:36,28.08 22:30,1.42,4.21,6.8,1.28,5.63,13.99,-1.5,2.32,1.58,1.9,2.03,2.5,1.94,1.82,1.97,1.93,1.28,5.63,13.99,1.9,2.03,1.97,1.93,ok,
1594957400,28.08 20:00,Athletic Club Bilbao,Valencia,ok,,18.08 23:25,28.08 20:02,1.46,4.05,6.43,1.75,3.74,5.27,-0.75,1.65,2.39,1.98,1.94,2.25,1.81,2.1,1.9,2.0,1.75,3.74,5.27,1.98,1.94,1.9,2.0,ok,
1594957402,25.08 21:45,Roma,Empoli,ok,,17.08 23:18,25.08 21:44,1.57,3.84,5.23,1.44,4.55,8.1,-1.0,2.12,1.81,1.81,2.15,2.5,1.89,1.86,1.93,1.98,1.44,4.55,8.1,1.81,2.15,1.93,1.98,ok,
1594957403,27.08 20:00,Mallorca,Sevilla,ok,,18.08 23:24,27.08 20:00,2.01,3.08,3.9,2.38,3.2,3.4,-0.25,1.78,2.16,2.03,1.9,2.25,2.24,1.71,2.02,1.88,2.38,3.2,3.4,2.03,1.9,2.02,1.88,ok,
1594957404,23.08 22:30,Sevilla,Villarreal,ok,,17.08 23:02,23.08 22:30,2.3,3.28,2.97,2.22,3.61,3.34,-0.25,1.99,1.79,1.93,2.0,2.75,2.1,1.69,2.01,1.89,2.22,3.61,3.34,1.93,2.0,2.01,1.89,ok,
1594957405,28.08 20:00,Real Valladolid,Leganes,ok,,19.08 13:34,28.08 19:59,2.22,2.94,3.49,2.21,3.03,4.07,-0.25,1.88,1.88,1.86,2.07,2.0,1.93,1.83,2.06,1.85,2.21,3.03,4.07,1.86,2.07,2.06,1.85,ok,
1594957406,24.08 19:30,Parma,AC Milan,ok,,18.08 12:21,24.08 19:30,3.99,3.57,1.82,5.78,4.15,1.62,1.0,1.49,2.55,1.9,2.03,3.0,2.43,1.52,1.94,1.96,5.78,4.15,1.62,1.9,2.03,1.94,1.96,ok,
1594957407,29.08 20:00,Girona,Osasuna,ok,,18.08 23:27,29.08 20:00,1.4,4.54,6.43,1.68,4.0,5.43,-0.75,1.56,2.61,1.87,2.06,2.5,1.7,2.26,1.88,2.03,1.68,4.0,5.43,1.87,2.06,1.88,2.03,ok,
1594957408,28.08 22:30,Real Sociedad,Alaves,ok,,18.08 23:25,28.08 22:26,1.5,3.74,6.5,1.64,3.75,6.47,-0.75,1.72,2.26,1.84,2.1,2.25,2.01,1.75,2.1,1.83,1.64,3.75,6.47,1.84,2.1,2.1,1.83,ok,
1594957410,25.08 18:00,Real Madrid,Real Valladolid,ok,,17.08 23:19,25.08 18:01,1.16,7.3,11.37,1.14,9.67,20.17,-2.25,2.06,1.71,1.97,1.93,3.5,1.93,1.81,1.99,1.89,1.14,9.67,20.17,1.97,1.93,1.99,1.89,ok,
1594957411,24.08 22:30,Getafe,Rayo Vallecano,ok,,17.08 23:07,24.08 22:22,2.35,2.92,3.25,2.74,2.77,3.32,0.0,1.61,2.25,1.79,2.17,1.75,1.63,2.2,2.07,1.85,2.74,2.77,3.32,1.79,2.17,2.07,1.85,ok,
1594957412,30.08 21:45,Internazionale,Atalanta,ok,,18.08 23:34,30.08 21:45,1.68,3.92,4.33,1.52,4.52,6.5,-1.0,2.27,1.71,1.86,2.08,2.75,1.82,2.08,1.83,2.09,1.52,4.52,6.5,1.86,2.08,1.83,2.09,ok,
1594957413,25.08 20:15,Alaves,Real Betis,ok,,17.08 23:18,25.08 20:13,2.44,3.02,2.99,2.51,2.97,3.42,-0.25,2.08,1.72,2.11,1.83,2.0,1.7,2.07,2.12,1.81,2.51,2.97,3.42,2.11,1.83,2.12,1.81,ok,
1594957415,01.09 21:45,Juventus,Roma,ok,,18.08 23:40,01.09 21:45,1.81,3.43,4.2,1.78,3.7,5.07,-0.75,2.17,1.78,2.02,1.9,2.5,2.13,1.79,2.06,1.85,1.78,3.7,5.07,2.02,1.9,2.06,1.85,ok,
1594957417,31.08 19:30,Lecce,Cagliari,ok,,18.08 23:36,31.08 19:30,2.05,3.2,3.62,2.2,3.21,3.82,-0.25,1.76,2.03,1.88,2.06,2.25,1.9,1.85,2.05,1.86,2.2,3.21,3.82,1.88,2.06,2.05,1.86,ok,
1594957419,24.08 18:00,Osasuna,Mallorca,ok,,17.08 23:07,24.08 18:00,2.3,2.87,3.41,2.43,3.04,3.49,-0.25,1.94,1.83,2.05,1.88,2.0,2.05,1.72,2.02,1.89,2.43,3.04,3.49,2.05,1.88,2.02,1.89,ok,
1594957421,29.08 22:30,Las Palmas,Real Madrid,ok,,18.08 23:27,29.08 22:30,5.86,4.46,1.44,10.0,5.6,1.33,1.5,1.67,2.35,1.95,1.97,3.0,1.96,1.8,2.02,1.89,10.0,5.6,1.33,1.95,1.97,2.02,1.89,ok,
1594957422,31.08 21:45,Lazio,AC Milan,ok,,18.08 23:36,31.08 21:44,2.28,3.3,2.98,2.87,3.39,2.61,0.0,1.71,2.26,2.06,1.87,2.5,1.84,1.92,1.9,2.01,2.87,3.39,2.61,2.06,1.87,1.9,2.01,ok,
1594957423,30.08 19:30,Venezia,Torino,ok,,19.08 13:40,30.08 19:28,3.36,3.26,2.11,3.38,3.3,2.33,0.25,1.95,1.83,1.93,2.0,2.25,1.76,2.01,1.94,1.96,3.38,3.3,2.33,1.93,2.0,1.94,1.96,ok,
1594957424,01.09 21:45,Udinese,Como,ok,,20.08 16:18,01.09 21:45,1.77,3.53,4.28,2.37,3.24,3.37,-0.25,1.54,2.4,2.02,1.9,2.25,1.71,2.06,1.92,1.98,2.37,3.24,3.37,2.02,1.9,1.92,1.98,ok,
1594957425,01.09 19:30,Fiorentina,Monza,ok,,18.08 23:40,01.09 19:31,1.46,4.2,6.06,1.91,3.37,4.8,-0.5,1.46,2.62,1.92,2.01,2.25,1.59,2.28,1.95,1.95,1.91,3.37,4.8,1.92,2.01,1.95,1.95,ok,
1594957426,01.09 19:30,Genoa,Hellas Verona,ok,,18.08 23:40,01.09 19:24,2.08,3.13,3.58,2.14,3.26,3.92,-0.25,1.79,1.99,1.83,2.11,2.25,1.99,1.78,2.05,1.86,2.14,3.26,3.92,1.83,2.11,2.05,1.86,ok,
1594957427,27.08 22:30,Rayo Vallecano,Barcelona,ok,,18.08 23:24,27.08 22:30,3.95,3.66,1.81,5.3,3.99,1.69,0.75,1.8,2.13,2.03,1.89,2.5,1.78,2.14,1.89,2.02,5.3,3.99,1.69,2.03,1.89,1.89,2.02,ok,
1594957428,26.08 19:30,Cagliari,Como,ok,,18.08 22:39,26.08 19:30,2.03,3.35,3.49,2.27,3.32,3.5,-0.25,1.76,2.03,1.94,1.98,2.25,1.69,2.09,1.86,2.05,2.27,3.32,3.5,1.94,1.98,1.86,2.05,ok,
1594957432,26.08 21:45,Hellas Verona,Juventus,ok,,17.08 23:22,26.08 21:45,3.67,3.25,2.01,4.77,3.43,1.89,0.5,1.77,2.02,2.02,1.9,2.25,1.86,1.89,2.1,1.83,4.77,3.43,1.89,2.02,1.9,2.1,1.83,ok,
1594957433,31.08 21:45,Napoli,Parma,ok,,18.08 23:36,31.08 21:45,1.47,4.27,5.85,1.44,4.95,7.44,-1.25,2.16,1.78,1.94,1.98,3.0,2.28,1.69,1.96,1.94,1.44,4.95,7.44,1.94,1.98,1.96,1.94,ok,
1594957434,24.08 21:45,Internazionale,Lecce,ok,,17.08 23:07,24.08 21:44,1.22,5.81,10.11,1.19,7.42,16.64,-2.0,2.36,1.66,2.09,1.81,3.0,1.99,1.76,1.99,1.9,1.19,7.42,16.64,2.09,1.81,1.99,1.9,ok,
1594957439,25.08 19:30,Torino,Atalanta,ok,,17.08 23:18,25.08 19:30,2.73,3.07,2.6,3.54,3.22,2.3,0.25,1.69,2.31,1.96,1.96,2.25,1.85,1.9,1.88,2.03,3.54,3.22,2.3,1.96,1.96,1.88,2.03,ok,
1594957440,24.08 19:30,Udinese,Lazio,ok,,17.08 23:07,24.08 19:30,3.12,3.0,2.37,3.41,3.15,2.4,0.25,1.77,2.02,1.88,2.04,2.25,2.13,1.79,1.94,1.96,3.41,3.15,2.4,1.88,2.04,1.94,1.96,ok,
1594957442,25.08 21:45,Napoli,Bologna,ok,,17.08 23:18,25.08 21:44,1.99,3.31,3.65,2.02,3.27,4.4,-0.5,2.0,1.78,2.03,1.9,2.25,1.78,1.99,2.06,1.86,2.02,3.27,4.4,2.03,1.9,2.06,1.86,ok,
1594957443,31.08 19:30,Bologna,Empoli,ok,,18.08 23:36,31.08 19:28,1.53,3.81,5.85,1.74,3.67,5.48,-0.75,1.76,2.19,1.97,1.95,2.25,1.83,1.93,1.97,1.93,1.74,3.67,5.48,1.97,1.95,1.97,1.93,ok,
1594957444,23.08 20:00,Celta Vigo,Valencia,ok,,17.08 23:01,23.08 19:57,1.88,3.36,3.95,2.18,3.41,3.63,-0.25,1.63,2.21,1.88,2.05,2.5,2.06,1.71,2.09,1.83,2.18,3.41,3.63,1.88,2.05,2.09,1.83,ok,
1594957445,24.08 21:45,Monza,Genoa,ok,,17.08 23:07,24.08 21:45,2.59,3.05,2.77,2.74,3.08,2.96,0.0,1.82,1.95,1.88,2.04,2.25,1.88,1.87,2.07,1.85,2.74,3.08,2.96,1.88,2.04,2.07,1.85,ok,
1594957446,25.08 22:30,Atletico Madrid,Girona,ok,,17.08 23:18,25.08 22:28,1.67,3.91,4.36,1.5,4.62,6.79,-1.25,2.51,1.5,2.09,1.85,3.0,1.94,1.81,2.04,1.87,1.5,4.62,6.79,2.09,1.85,2.04,1.87,ok,
1594957448,25.08 19:30,Fiorentina,Venezia,ok,,18.08 22:24,25.08 19:30,1.4,4.38,6.81,1.47,4.7,7.1,-1.25,1.96,1.81,2.1,1.84,2.75,2.04,1.72,1.95,1.95,1.47,4.7,7.1,2.1,1.84,1.95,1.95,ok,
1595460292,25.08 16:00,Lens,Brest,ok,,17.08 23:18,25.08 16:01,1.92,3.45,3.74,1.9,3.57,4.49,-0.5,1.93,1.85,1.91,2.02,2.25,1.71,2.25,1.85,2.07,1.9,3.57,4.49,1.91,2.02,1.85,2.07,ok,
1595460294,24.08 18:00,Lyon,Monaco,ok,,17.08 23:07,24.08 17:59,2.36,3.61,2.66,2.79,3.73,2.49,0.0,1.78,2.01,2.08,1.85,3.25,1.89,1.86,2.08,1.84,2.79,3.73,2.49,2.08,1.85,2.08,1.84,ok,
1595460296,24.08 22:00,St Etienne,Le Havre,ok,,17.08 23:07,24.08 22:00,1.85,3.42,4.03,2.04,3.42,4.08,-0.5,1.86,1.91,2.05,1.88,2.25,1.77,2.0,1.94,1.96,2.04,3.42,4.08,2.05,1.88,1.94,1.96,ok,
1595460297,24.08 20:00,Lille,Angers,ok,,22.08 16:30,24.08 20:00,1.34,4.5,8.28,1.36,4.98,10.49,-1.25,1.85,1.92,1.88,2.06,2.5,2.01,1.75,2.06,1.85,1.36,4.98,10.49,1.88,2.06,2.06,1.85,ok,
1595460298,25.08 21:45,Marseille,Reims,ok,,17.08 23:18,25.08 21:45,1.59,4.02,4.83,1.39,5.22,8.3,-1.5,2.63,1.45,2.08,1.85,3.0,2.07,1.7,1.99,1.91,1.39,5.22,8.3,2.08,1.85,1.99,1.91,ok,
1595460299,23.08 21:45,Paris Saint-Germain,Montpellier HSC,ok,,17.08 23:01,23.08 21:46,1.32,5.43,6.81,1.23,7.16,12.06,-2.0,2.62,1.56,2.03,1.88,3.5,1.89,1.86,1.95,1.93,1.23,7.16,12.06,2.03,1.88,1.95,1.93,ok,
1595460304,25.08 18:00,Nantes,Auxerre,ok,,22.08 16:32,25.08 17:58,2.24,3.21,3.14,2.66,3.39,2.81,0.0,1.6,2.27,1.91,2.02,2.5,2.01,1.76,2.0,1.91,2.66,3.39,2.81,1.91,2.02,2.0,1.91,ok,
1595460305,25.08 18:00,Strasbourg,Rennes,ok,,17.08 23:18,25.08 17:59,3.03,3.36,2.23,3.39,3.26,2.35,0.25,1.84,1.93,1.92,2.01,2.25,1.63,2.42,1.92,1.99,3.39,3.26,2.35,1.92,2.01,1.92,1.99,ok,
1595460306,25.08 18:00,Nice,Toulouse FC,ok,,17.08 23:18,25.08 18:02,1.71,3.66,4.47,2.15,3.2,3.98,-0.25,1.55,2.63,1.83,2.11,2.0,1.47,2.88,1.82,2.11,2.15,3.2,3.98,1.83,2.11,1.82,2.11,ok,
1595525811,01.09 16:00,Monaco,Lens,ok,,18.08 23:40,01.09 16:01,1.85,3.78,3.64,2.07,3.72,3.62,-0.5,1.86,1.91,2.08,1.85,2.75,1.74,2.21,1.88,2.03,2.07,3.72,3.62,2.08,1.85,1.88,2.03,ok,
1595525812,01.09 18:00,Angers,Nice,ok,,25.08 22:54,01.09 17:34,3.59,3.41,1.97,4.51,3.35,1.96,0.5,1.8,1.98,1.95,1.97,2.25,1.71,2.06,2.09,1.83,4.51,3.35,1.96,1.95,1.97,2.09,1.83,ok,
1595525813,31.08 20:00,Montpellier HSC,Nantes,ok,,18.08 23:35,31.08 19:59,1.99,3.66,3.95,2.31,3.53,3.22,-0.25,1.73,2.24,2.0,1.93,2.5,1.94,1.96,1.86,2.05,2.31,3.53,3.22,2.0,1.93,1.86,2.05,ok,
1595525814,31.08 18:00,Brest,St Etienne,ok,,18.08 23:36,31.08 17:59,1.56,3.92,5.26,1.76,3.91,4.81,-0.75,1.79,2.15,2.0,1.93,2.5,1.83,1.92,1.91,2.0,1.76,3.91,4.81,2.0,1.93,1.91,2.0,ok,
1595525836,01.09 21:45,Lille,Paris Saint-Germain,ok,,18.08 23:40,01.09 21:44,2.45,3.31,2.74,4.59,3.86,1.81,0.75,1.3,3.35,1.88,2.05,2.75,1.92,1.84,1.96,1.94,4.59,3.86,1.81,1.88,2.05,1.96,1.94,ok,
1595525838,01.09 18:00,Le Havre,Auxerre,ok,,25.08 22:54,01.09 17:56,2.35,3.19,2.96,2.96,3.27,2.6,0.0,1.68,2.13,2.1,1.84,2.25,1.84,1.92,1.85,2.06,2.96,3.27,2.6,2.1,1.84,1.85,2.06,ok,
1595525849,01.09 18:00,Reims,Rennes,ok,,18.08 23:40,01.09 18:00,2.62,3.34,2.53,3.37,3.51,2.24,0.25,1.71,2.28,1.98,1.94,2.5,1.76,2.16,1.86,2.05,3.37,3.51,2.24,1.98,1.94,1.86,2.05,ok,
1595525850,30.08 21:45,Lyon,Strasbourg,ok,,18.08 23:34,30.08 21:42,1.5,4.26,5.39,2.13,3.64,3.53,-0.25,1.39,3.23,1.85,2.08,2.75,1.83,2.08,1.96,1.94,2.13,3.64,3.53,1.85,2.08,1.96,1.94,ok,
1595525851,31.08 22:00,Toulouse FC,Marseille,ok,,18.08 23:36,31.08 21:59,3.16,3.44,2.13,3.16,3.62,2.3,0.25,1.93,1.85,1.93,2.0,2.75,1.92,1.84,1.94,1.96,3.16,3.62,2.3,1.93,2.0,1.94,1.96,ok,
1595707071,31.08 20:15,Espanyol,Rayo Vallecano,ok,,25.08 23:02,31.08 20:11,2.09,3.11,3.59,2.89,2.9,2.97,0.0,1.48,2.58,1.93,1.99,1.75,1.58,2.29,1.81,2.12,2.89,2.9,2.97,1.93,1.99,1.81,2.12,ok,
1595707073,31.08 20:00,Athletic Club Bilbao,Atletico Madrid,ok,,25.08 23:02,31.08 20:00,2.55,3.13,2.74,2.81,3.24,2.76,0.0,1.81,1.96,1.98,1.94,2.25,1.8,1.96,1.85,2.06,2.81,3.24,2.76,1.98,1.94,1.85,2.06,ok,
1595719742,31.08 22:30,Valencia,Villarreal,ok,,25.08 23:02,31.08 22:30,2.55,3.32,2.62,2.68,3.16,2.96,0.0,1.86,1.91,1.87,2.06,2.25,1.58,2.53,1.96,1.94,2.68,3.16,2.96,1.87,2.06,1.96,1.94,ok,
1595719743,31.08 22:30,Leganes,Mallorca,ok,,25.08 23:02,31.08 22:28,2.62,2.82,2.96,2.84,2.76,3.19,0.0,1.77,2.01,1.85,2.08,1.75,1.68,2.11,2.07,1.85,2.84,2.76,3.19,1.85,2.08,2.07,1.85,ok,
1595759195,01.09 18:00,Alaves,Las Palmas,ok,,25.08 23:04,01.09 17:43,1.68,3.52,4.89,1.74,3.64,5.6,-0.75,1.99,1.93,1.97,1.95,2.25,1.88,1.88,2.05,1.87,1.74,3.64,5.6,1.97,1.95,2.05,1.87,ok,
1595759196,01.09 18:00,Osasuna,Celta Vigo,ok,,25.08 23:04,01.09 18:00,2.17,3.12,3.37,2.51,3.3,3.07,-0.25,1.86,1.91,2.15,1.81,2.25,1.94,1.81,1.84,2.08,2.51,3.3,3.07,2.15,1.81,1.84,2.08,ok,
1595771044,01.09 20:15,Getafe,Real Sociedad,ok,,25.08 23:04,01.09 20:14,3.95,2.89,2.09,3.19,2.74,2.86,0.0,2.75,1.42,2.08,1.86,1.5,1.59,2.27,1.84,2.08,3.19,2.74,2.86,2.08,1.86,1.84,2.08,ok,
1595771060,01.09 20:00,Sevilla,Girona,ok,,25.08 23:04,01.09 20:00,2.4,3.74,2.54,2.99,3.61,2.4,0.25,1.61,2.24,1.85,2.09,2.75,1.76,2.0,2.0,1.91,2.99,3.61,2.4,1.85,2.09,2.0,1.91,ok,
1595781990,01.09 22:30,Real Madrid,Real Betis,ok,,25.08 23:04,01.09 22:30,1.3,5.38,7.5,1.26,6.23,12.17,-1.75,2.14,1.68,2.02,1.89,3.0,1.84,1.92,1.92,1.97,1.26,6.23,12.17,2.02,1.89,1.92,1.97,ok,
1596236267,15.09 18:00,Toulouse,Le Havre,ok,,01.09 22:39,15.09 17:59,1.6,3.94,5.32,1.93,3.51,4.38,-0.5,1.6,2.34,1.94,1.98,2.25,1.66,2.2,1.91,2.0,1.93,3.51,4.38,1.94,1.98,1.91,2.0,ok,
1596236271,13.09 21:45,St Etienne,Lille,ok,,01.09 22:31,13.09 21:24,4.17,3.65,1.82,5.42,3.69,1.74,0.75,1.76,2.07,1.96,1.96,2.5,1.86,1.94,1.97,1.93,5.42,3.69,1.74,1.96,1.96,1.97,1.93,ok,
1596236272,14.09 20:00,Auxerre,Monaco,ok,,01.09 22:31,14.09 19:59,2.97,3.71,2.2,4.58,4.02,1.78,0.75,1.55,2.64,1.93,1.99,3.0,1.81,2.1,1.94,1.96,4.58,4.02,1.78,1.93,1.99,1.94,1.96,ok,
1596236273,15.09 16:00,Torino,Lecce,ok,,01.09 22:33,15.09 16:01,1.68,3.46,5.52,1.94,3.37,4.61,-0.5,1.68,2.19,1.95,1.97,2.25,2.06,1.75,2.02,1.89,1.94,3.37,4.61,1.95,1.97,2.02,1.89,ok,
1596236274,14.09 21:45,AC Milan,Venezia,ok,,01.09 22:33,14.09 21:45,1.35,5.08,7.58,1.26,6.41,10.99,-1.75,2.39,1.65,1.98,1.92,3.25,2.31,1.68,1.94,1.94,1.26,6.41,10.99,1.98,1.92,1.94,1.94,ok,
1596236275,15.09 16:00,Rennes,Montpellier,ok,,01.09 22:38,15.09 15:57,1.49,4.43,5.81,1.43,5.21,6.98,-1.25,2.1,1.74,1.88,2.04,3.25,2.3,1.61,1.93,1.97,1.43,5.21,6.98,1.88,2.04,1.93,1.97,ok,
1596236276,16.09 19:30,Parma,Udinese,ok,,01.09 22:33,16.09 19:30,2.61,3.17,2.76,2.28,3.43,3.37,-0.25,2.23,1.65,1.96,1.96,2.5,2.05,1.76,2.01,1.9,2.28,3.43,3.37,1.96,1.96,2.01,1.9,ok,
1596236277,14.09 16:00,Como,Bologna,ok,,01.09 22:33,14.09 15:58,2.86,3.13,2.56,3.06,3.06,2.68,0.0,2.03,1.81,2.1,1.84,2.0,1.59,2.33,1.83,2.08,3.06,3.06,2.68,2.1,1.84,1.83,2.08,ok,
1596236278,15.09 22:00,Atletico Madrid,Valencia,ok,,01.09 22:33,15.09 22:00,1.32,5.11,8.79,1.4,4.85,9.09,-1.25,1.78,2.16,1.96,1.96,2.5,1.79,2.12,1.96,1.94,1.4,4.85,9.09,1.96,1.96,1.96,1.94,ok,
1596236279,14.09 22:00,Paris Saint-Germain,Brest,ok,,01.09 22:31,14.09 21:58,1.45,4.72,5.92,1.29,6.06,10.46,-1.75,2.69,1.53,2.05,1.87,3.25,2.08,1.82,1.93,1.95,1.29,6.06,10.46,2.05,1.87,1.93,1.95,ok,
1596236282,14.09 22:00,Real Sociedad,Real Madrid,ok,,01.09 22:33,14.09 22:00,3.53,3.32,2.09,5.03,3.77,1.77,0.75,1.54,2.48,1.92,2.01,2.5,2.06,1.75,2.04,1.88,5.03,3.77,1.77,1.92,2.01,2.04,1.88,ok,
1596236284,14.09 19:30,Sevilla,Getafe,ok,,01.09 22:33,14.09 19:29,1.83,3.33,4.61,2.29,3.07,3.78,-0.25,1.57,2.4,1.93,1.99,2.0,1.78,2.04,2.03,1.88,2.29,3.07,3.78,1.93,1.99,2.03,1.88,ok,
1596236286,15.09 21:45,Lens,Lyon,ok,,01.09 22:31,15.09 21:44,1.68,4.02,4.5,1.82,3.96,4.39,-0.75,1.88,1.94,2.05,1.88,3.0,2.02,1.8,1.89,2.01,1.82,3.96,4.39,2.05,1.88,1.89,2.01,ok,
1596236288,15.09 18:00,Nantes,Reims,ok,,01.09 22:34,15.09 18:00,2.16,3.41,3.28,2.52,3.25,3.1,-0.25,1.88,1.94,2.15,1.8,2.25,1.68,2.18,1.89,2.02,2.52,3.25,3.1,2.15,1.8,1.89,2.02,ok,
1596236290,15.09 13:30,Genoa,Roma,ok,,01.09 22:33,15.09 13:30,3.09,3.18,2.37,3.61,3.26,2.25,0.25,1.8,2.03,2.0,1.93,2.25,1.86,1.94,1.94,1.96,3.61,3.26,2.25,2.0,1.93,1.94,1.96,ok,
1596236292,16.09 21:45,Lazio,Hellas Verona,ok,,01.09 22:33,16.09 21:44,1.56,4.03,5.59,1.59,4.11,6.32,-1.0,1.99,1.83,2.03,1.9,2.5,1.88,1.93,1.99,1.92,1.59,4.11,6.32,2.03,1.9,1.99,1.92,ok,
1596236295,14.09 17:15,Espanyol,Alaves,ok,,01.09 22:33,14.09 17:11,2.28,3.06,3.41,3.0,3.02,2.75,0.0,1.62,2.46,2.05,1.88,2.0,1.8,2.01,2.0,1.91,3.0,3.02,2.75,2.05,1.88,2.0,1.91,ok,
1596236296,16.09 22:00,Rayo Vallecano,Osasuna,ok,,01.09 22:33,16.09 22:00,2.07,3.17,3.8,2.17,3.12,4.07,-0.25,1.77,2.07,1.84,2.1,2.0,1.87,1.93,1.99,1.92,2.17,3.12,4.07,1.84,2.1,1.99,1.92,ok,
1596236297,14.09 19:00,Empoli,Juventus,ok,,01.09 22:33,14.09 18:59,4.3,3.51,1.83,6.61,3.7,1.64,0.75,1.74,2.1,2.1,1.84,2.25,1.81,2.01,2.05,1.87,6.61,3.7,1.64,2.1,1.84,2.05,1.87,ok,
1596236301,15.09 17:15,Girona,Barcelona,ok,,01.09 22:33,15.09 17:13,2.78,3.71,2.31,4.4,4.23,1.76,0.75,1.46,2.71,1.96,1.96,3.25,1.86,1.93,1.88,2.03,4.4,4.23,1.76,1.96,1.96,1.88,2.03,ok,
1596236302,15.09 15:00,Celta Vigo,Real Valladolid,ok,,01.09 22:33,15.09 14:59,1.6,3.98,5.24,1.65,4.03,5.7,-0.75,1.78,2.06,1.83,2.12,2.75,2.11,1.72,2.05,1.87,1.65,4.03,5.7,1.83,2.12,2.05,1.87,ok,
1596236306,15.09 16:00,Atalanta,Fiorentina,ok,,01.09 22:33,15.09 16:01,1.83,3.77,3.94,1.85,3.67,4.65,-0.5,1.84,1.97,1.85,2.08,2.5,1.72,2.22,1.89,2.01,1.85,3.67,4.65,1.85,2.08,1.89,2.01,ok,
1596236309,14.09 18:00,Marseille,Nice,ok,,01.09 22:31,14.09 18:00,1.73,3.78,4.47,1.88,3.63,4.46,-0.5,1.73,2.11,1.89,2.03,2.5,1.81,2.0,2.0,1.91,1.88,3.63,4.46,1.89,2.03,2.0,1.91,ok,
1596236310,15.09 18:00,Strasbourg,Angers,ok,,01.09 22:34,15.09 17:59,1.87,3.46,4.16,1.64,4.07,5.74,-1.0,2.7,1.47,2.12,1.83,2.5,1.99,1.82,1.94,1.96,1.64,4.07,5.74,2.12,1.83,1.94,1.96,ok,
1596236312,15.09 19:30,Las Palmas,Athletic Club Bilbao,ok,,01.09 22:33,15.09 19:30,3.57,3.3,2.08,3.89,3.4,2.1,0.5,1.79,2.14,1.83,2.11,2.25,1.83,1.97,1.95,1.95,3.89,3.4,2.1,1.83,2.11,1.95,1.95,ok,
1596236314,15.09 21:45,Monza,Internazionale,ok,,01.09 22:33,15.09 21:45,6.79,4.69,1.41,9.39,5.04,1.38,1.25,1.88,1.93,2.04,1.89,2.75,1.84,1.97,2.05,1.87,9.39,5.04,1.38,2.04,1.89,2.05,1.87,ok,
1596236317,13.09 22:00,Real Betis,Leganes,ok,,01.09 22:33,13.09 22:00,1.61,3.74,5.61,1.69,3.58,6.21,-0.75,1.8,2.03,1.93,2.0,2.0,1.61,2.3,1.9,2.01,1.69,3.58,6.21,1.93,2.0,1.9,2.01,ok,
1596236319,15.09 19:00,Cagliari,Napoli,ok,,01.09 22:33,15.09 19:00,3.65,3.56,1.97,4.68,3.75,1.82,0.75,1.63,2.28,1.86,2.07,2.75,2.03,1.78,2.05,1.87,4.68,3.75,1.82,1.86,2.07,2.05,1.87,ok,
1596236322,14.09 15:00,Mallorca,Villarreal,ok,,01.09 22:33,14.09 14:58,2.33,3.24,3.1,2.42,3.23,3.3,-0.25,2.01,1.82,2.06,1.87,2.25,1.79,2.02,1.93,1.97,2.42,3.23,3.3,2.06,1.87,1.93,1.97,ok,
1596576245,17.09 20:00,Mallorca,Real Sociedad,ok,,12.09 12:56,17.09 19:59,2.75,2.76,3.0,3.08,2.67,3.06,0.0,1.83,2.0,1.97,1.95,1.5,1.65,2.23,1.88,2.03,3.08,2.67,3.06,1.97,1.95,1.88,2.03,ok,
1596587557,20.09 21:45,Nice,St Etienne,ok,,10.09 00:21,20.09 21:45,1.68,3.89,4.68,1.48,4.47,7.65,-1.25,2.56,1.51,2.09,1.85,2.5,1.77,2.03,1.88,2.03,1.48,4.47,7.65,2.09,1.85,1.88,2.03,ok,
1596606095,18.09 20:00,Real Betis,Getafe,ok,,12.09 12:55,18.09 20:00,1.92,3.19,4.37,1.93,3.15,5.21,-0.5,1.93,1.89,1.93,1.99,1.75,1.68,2.16,1.82,2.07,1.93,3.15,5.21,1.93,1.99,1.82,2.07,ok,
1596626683,21.09 18:00,Lille,Strasbourg,ok,,10.09 00:17,21.09 18:00,1.66,3.68,5.2,1.57,4.41,5.88,-1.0,2.24,1.65,1.97,1.95,2.75,2.44,1.55,1.94,1.96,1.57,4.41,5.88,1.97,1.95,1.94,1.96,ok,
1596631076,19.09 20:00,Leganes,Athletic Club Bilbao,ok,,12.09 12:57,19.09 20:02,4.73,3.41,1.79,4.23,3.01,2.18,0.25,2.47,1.54,2.11,1.83,1.75,1.55,2.42,1.85,2.07,4.23,3.01,2.18,2.11,1.83,1.85,2.07,ok,
1596631140,21.09 20:00,Rennes,Lens,ok,,10.09 00:17,21.09 19:59,2.52,3.16,2.88,2.39,3.5,3.09,-0.25,2.15,1.7,2.07,1.86,2.5,2.11,1.72,1.94,1.96,2.39,3.5,3.09,2.07,1.86,1.94,1.96,ok,
1596634955,21.09 22:00,Reims,Paris Saint-Germain,ok,,10.09 00:17,21.09 21:59,5.54,4.46,1.51,7.71,5.15,1.41,1.25,1.73,2.11,2.06,1.88,3.25,2.16,1.68,2.04,1.88,7.71,5.15,1.41,2.06,1.88,2.04,1.88,ok,
1596671899,22.09 16:00,Monaco,Le Havre,ok,,10.09 00:22,22.09 16:00,1.4,4.62,7.3,1.43,4.88,7.93,-1.25,1.93,1.89,1.96,1.96,2.75,2.01,1.81,1.86,2.05,1.43,4.88,7.93,1.96,1.96,1.86,2.05,ok,
1596679300,22.09 18:00,Montpellier,Auxerre,ok,,10.09 00:23,22.09 17:57,2.05,3.5,3.46,2.06,3.71,3.67,-0.5,2.05,1.77,2.06,1.87,3.0,2.38,1.57,2.03,1.88,2.06,3.71,3.67,2.06,1.87,2.03,1.88,ok,
1596679304,22.09 18:00,Brest,Toulouse,ok,,10.09 00:23,22.09 17:58,2.08,3.45,3.43,2.93,3.17,2.7,0.0,1.52,2.53,2.04,1.88,2.25,1.7,2.14,1.96,1.94,2.93,3.17,2.7,2.04,1.88,1.96,1.94,ok,
1596687724,22.09 21:45,Lyon,Marseille,ok,,10.09 00:23,22.09 21:45,3.05,3.44,2.26,2.88,3.67,2.45,0.0,2.24,1.65,2.13,1.81,3.0,2.42,1.55,2.06,1.85,2.88,3.67,2.45,2.13,1.81,2.06,1.85,ok,
1596728647,22.09 19:00,Roma,Udinese,ok,,10.09 00:25,22.09 19:00,1.7,3.62,4.94,1.72,3.98,5.0,-0.75,1.93,1.88,1.94,1.98,2.5,2.1,1.72,1.89,2.02,1.72,3.98,5.0,1.94,1.98,1.89,2.02,ok,
1596729516,23.09 21:45,Atalanta,Como,ok,,10.09 00:25,23.09 21:45,1.46,4.57,6.05,1.54,4.35,6.54,-1.0,1.75,2.09,1.9,2.02,2.75,1.75,2.06,1.92,1.99,1.54,4.35,6.54,1.9,2.02,1.92,1.99,ok,
1596729517,21.09 21:45,Lecce,Parma,ok,,10.09 00:18,21.09 21:39,2.2,3.35,3.25,2.14,3.4,3.75,-0.25,1.9,1.92,1.85,2.09,2.5,1.97,1.84,1.97,1.93,2.14,3.4,3.75,1.85,2.09,1.97,1.93,ok,
1596729518,22.09 16:00,Monza,Bologna,ok,,10.09 00:25,22.09 16:00,2.71,3.04,2.76,3.33,2.9,2.61,0.25,1.6,2.34,1.78,2.19,2.0,1.68,2.16,2.04,1.88,3.33,2.9,2.61,1.78,2.19,2.04,1.88,ok,
1596729519,21.09 19:00,Juventus,Napoli,ok,,10.09 00:26,21.09 19:00,2.04,3.28,3.73,2.42,3.17,3.35,-0.25,1.75,2.07,2.06,1.87,2.25,1.93,1.87,2.05,1.86,2.42,3.17,3.35,2.06,1.87,2.05,1.86,ok,
1596729611,22.09 13:30,Fiorentina,Lazio,ok,,10.09 00:25,22.09 13:29,2.26,3.23,3.24,2.44,3.3,3.18,-0.25,1.94,1.88,2.09,1.85,2.5,2.1,1.72,2.08,1.83,2.44,3.3,3.18,2.09,1.85,2.08,1.83,ok,
1596730907,22.09 21:45,Internazionale,AC Milan,ok,,10.09 00:25,22.09 21:45,1.63,3.98,4.93,1.68,3.87,5.72,-0.75,1.82,2.0,1.86,2.07,2.75,1.95,1.85,1.96,1.94,1.68,3.87,5.72,1.86,2.07,1.96,1.94,ok,
1596738249,20.09 21:45,Hellas Verona,Torino,ok,,10.09 00:21,20.09 21:44,2.7,3.09,2.73,2.94,2.97,2.86,0.0,1.9,1.92,1.99,1.93,2.0,1.68,2.18,2.03,1.88,2.94,2.97,2.86,1.99,1.93,2.03,1.88,ok,
1596748329,21.09 16:00,Venezia,Genoa,ok,,10.09 00:18,21.09 15:55,3.35,3.22,2.21,2.97,3.13,2.69,0.0,2.4,1.57,2.07,1.87,2.25,1.88,1.93,1.99,1.91,2.97,3.13,2.69,2.07,1.87,1.99,1.91,ok,
1596782117,20.09 19:30,Cagliari,Empoli,ok,,14.09 21:36,20.09 19:30,2.18,3.21,3.44,2.09,3.36,3.96,-0.5,2.18,1.68,2.1,1.84,2.25,1.92,1.88,2.0,1.9,2.09,3.36,3.96,2.1,1.84,2.0,1.9,ok,
1596824557,20.09 22:00,Alaves,Sevilla,ok,,15.09 22:12,20.09 21:59,2.0,3.3,3.85,2.19,3.31,3.72,-0.25,1.76,2.19,1.88,2.05,2.25,1.91,1.89,2.03,1.88,2.19,3.31,3.72,1.88,2.05,2.03,1.88,ok,
1596927515,21.09 22:00,Real Madrid,Espanyol,ok,,15.09 22:14,21.09 22:00,1.18,7.14,11.54,1.14,9.57,20.65,-2.25,2.19,1.67,1.88,2.03,3.5,2.09,1.72,1.94,1.94,1.14,9.57,20.65,1.88,2.03,1.94,1.94,ok,
1596927557,21.09 19:30,Valencia,Girona,ok,,15.09 22:14,21.09 19:30,2.87,3.55,2.33,2.4,3.16,3.39,-0.25,2.5,1.53,2.04,1.88,2.25,1.56,2.4,2.07,1.85,2.4,3.16,3.39,2.04,1.88,2.07,1.85,ok,
1596927639,21.09 17:15,Osasuna,Las Palmas,ok,,15.09 22:14,21.09 17:14,1.88,3.36,4.25,1.85,3.65,4.69,-0.5,1.89,1.93,1.85,2.08,2.5,2.16,1.69,2.08,1.84,1.85,3.65,4.69,1.85,2.08,2.08,1.84,ok,
1596927716,21.09 15:00,Real Valladolid,Real Sociedad,ok,,15.09 22:14,21.09 15:00,3.61,3.14,2.14,4.14,3.07,2.17,0.25,1.99,1.83,2.11,1.83,2.0,1.76,2.07,2.02,1.89,4.14,3.07,2.17,2.11,1.83,2.02,1.89,ok,
1596949705,22.09 15:00,Getafe,Leganes,ok,,15.09 22:15,22.09 14:56,1.95,3.05,4.47,2.06,2.83,5.25,-0.5,1.96,1.85,2.07,1.86,1.5,1.59,2.34,1.95,1.95,2.06,2.83,5.25,2.07,1.86,1.95,1.95,ok,
1596955102,22.09 17:15,Athletic Club Bilbao,Celta Vigo,ok,,15.09 22:15,22.09 17:08,1.66,3.92,4.8,1.82,3.66,4.82,-0.75,1.85,1.96,2.07,1.86,2.5,1.78,2.02,1.93,1.98,1.82,3.66,4.82,2.07,1.86,1.93,1.98,ok,
1596965465,22.09 19:30,Villarreal,Barcelona,ok,,15.09 22:15,22.09 19:30,3.66,4.04,1.84,3.87,4.15,1.88,0.5,1.97,1.85,2.03,1.89,3.5,1.94,1.86,2.04,1.88,3.87,4.15,1.88,2.03,1.89,2.04,1.88,ok,
1596982475,22.09 22:00,Rayo Vallecano,Atletico Madrid,ok,,15.09 22:15,22.09 22:00,4.32,3.45,1.84,5.89,3.54,1.73,0.75,1.72,2.12,1.96,1.96,2.25,1.87,1.93,2.0,1.91,5.89,3.54,1.73,1.96,1.96,2.0,1.91,ok,
1597048830,23.09 22:00,Real Betis,Mallorca,ok,,15.09 22:16,23.09 22:00,1.89,3.21,4.49,1.88,3.18,5.5,-0.5,1.9,1.92,1.88,2.05,2.0,1.89,1.91,2.1,1.83,1.88,3.18,5.5,1.88,2.05,2.1,1.83,ok,
1597119872,24.09 20:00,Sevilla,Real Valladolid,ok,,15.09 22:35,24.09 19:58,1.64,3.82,5.1,1.61,4.01,6.2,-1.0,2.17,1.69,2.08,1.85,2.5,1.93,1.87,2.03,1.88,1.61,4.01,6.2,2.08,1.85,2.03,1.88,ok,
1597119873,24.09 20:00,Valencia,Osasuna,ok,,15.09 22:35,24.09 19:59,2.02,3.25,3.85,2.0,3.21,4.61,-0.5,2.03,1.8,2.01,1.92,2.0,1.74,2.08,2.04,1.88,2.0,3.21,4.61,2.01,1.92,2.04,1.88,ok,
1597134326,24.09 22:00,Real Madrid,Alaves,ok,,15.09 22:35,24.09 22:00,1.22,6.15,10.45,1.16,8.08,21.09,-2.0,2.24,1.65,1.89,2.02,3.25,2.14,1.69,2.02,1.88,1.16,8.08,21.09,1.89,2.02,2.02,1.88,ok,
1597182756,26.09 20:00,Las Palmas,Real Betis,ok,,15.09 22:37,26.09 20:00,2.71,3.09,2.73,3.69,3.36,2.18,0.25,1.61,2.32,2.06,1.87,2.5,2.21,1.66,2.05,1.86,3.69,3.36,2.18,2.06,1.87,2.05,1.86,ok,
1597182760,26.09 22:00,Celta Vigo,Atletico Madrid,ok,,15.09 22:37,26.09 22:00,3.51,3.58,2.01,4.24,3.58,1.94,0.5,1.81,2.02,1.97,1.95,2.5,1.75,2.07,1.98,1.93,4.24,3.58,1.94,1.97,1.95,1.98,1.93,ok,
1597182761,27.09 21:45,AC Milan,Lecce,ok,,15.09 22:26,27.09 21:39,1.36,5.07,7.33,1.28,6.08,10.53,-1.75,2.34,1.6,2.06,1.85,3.25,2.19,1.67,2.0,1.88,1.28,6.08,10.53,2.06,1.85,2.0,1.88,ok,
1597182762,25.09 22:00,Barcelona,Getafe,ok,,15.09 22:36,25.09 22:00,1.23,5.98,10.5,1.29,5.94,11.69,-1.5,1.74,2.08,1.94,1.98,2.75,1.7,2.08,1.92,1.98,1.29,5.94,11.69,1.94,1.98,1.92,1.98,ok,
1597182763,26.09 20:00,Espanyol,Villarreal,ok,,15.09 22:37,26.09 20:00,2.9,3.39,2.38,3.63,3.56,2.12,0.25,1.78,2.06,2.1,1.84,2.75,2.0,1.81,2.06,1.85,3.63,3.56,2.12,2.1,1.84,2.06,1.85,ok,
1597182764,25.09 20:00,Girona,Rayo Vallecano,ok,,15.09 22:36,25.09 19:47,1.45,4.6,6.25,1.7,3.84,5.44,-0.75,1.55,2.45,1.92,2.01,2.5,1.69,2.15,2.02,1.89,1.7,3.84,5.44,1.92,2.01,2.02,1.89,ok,
1597183529,28.09 18:00,Lens,Nice,ok,,15.09 22:28,28.09 17:56,1.79,3.6,4.4,1.94,3.46,4.45,-0.5,1.79,2.04,1.95,1.97,2.25,1.79,2.03,1.86,2.05,1.94,3.46,4.45,1.95,1.97,1.86,2.05,ok,
1597183585,29.09 18:00,Nantes,St Etienne,ok,,15.09 22:31,29.09 18:01,2.07,3.44,3.47,1.79,3.67,5.04,-0.75,2.54,1.59,2.04,1.89,2.25,1.72,2.22,1.9,2.01,1.79,3.67,5.04,2.04,1.89,1.9,2.01,ok,
1597183587,28.09 22:00,Monaco,Montpellier,ok,,22.09 23:07,28.09 21:59,1.4,5.18,7.19,1.29,6.22,9.74,-1.75,2.44,1.6,1.94,1.96,3.75,2.73,1.48,2.05,1.85,1.29,6.22,9.74,1.94,1.96,2.05,1.85,ok,
1597183588,29.09 19:00,Empoli,Fiorentina,ok,,15.09 22:31,29.09 19:00,3.56,3.46,2.18,3.51,3.25,2.3,0.25,2.04,1.88,1.96,1.96,2.25,1.79,2.13,1.92,1.99,3.51,3.25,2.3,1.96,1.96,1.92,1.99,ok,
1597183590,28.09 20:00,Le Havre,Lille,ok,,15.09 22:28,28.09 19:59,3.87,3.56,1.91,4.24,3.53,1.96,0.5,1.9,1.92,1.95,1.97,2.5,1.97,1.84,2.09,1.83,4.24,3.53,1.96,1.95,1.97,2.09,1.83,ok,
1597183591,29.09 16:00,Como,Hellas Verona,ok,,15.09 22:31,29.09 15:58,1.99,3.57,4.03,1.97,3.39,4.39,-0.5,2.0,1.92,1.98,1.94,2.25,1.79,2.12,1.88,2.03,1.97,3.39,4.39,1.98,1.94,1.88,2.03,ok,
1597183592,27.09 20:00,Auxerre,Brest,ok,,15.09 22:26,27.09 20:01,2.65,3.27,2.65,3.05,3.4,2.46,0.25,1.67,2.34,1.83,2.12,2.5,1.89,1.91,1.9,2.0,3.05,3.4,2.46,1.83,2.12,1.9,2.0,ok,
1597183593,30.09 21:45,Parma,Cagliari,ok,,15.09 22:33,30.09 21:44,2.25,3.4,3.11,2.04,3.64,3.78,-0.5,2.31,1.69,2.05,1.88,2.75,2.12,1.79,2.0,1.91,2.04,3.64,3.78,2.05,1.88,2.0,1.91,ok,
1597183594,29.09 16:00,Roma,Venezia,ok,,15.09 22:31,29.09 15:58,1.43,4.53,6.56,1.47,4.66,7.27,-1.25,2.0,1.83,2.12,1.82,2.75,1.95,1.79,1.95,1.95,1.47,4.66,7.27,2.12,1.82,1.95,1.95,ok,
1597183631,28.09 19:00,Genoa,Juventus,ok,,15.09 22:28,28.09 19:00,4.28,3.39,1.87,5.48,3.34,1.83,0.5,1.94,1.88,2.11,1.83,2.0,1.68,2.31,2.02,1.89,5.48,3.34,1.83,2.11,1.83,2.02,1.89,ok,
1597183633,27.09 22:00,Paris Saint-Germain,Rennes,ok,,15.09 22:26,27.09 22:01,1.4,5.12,6.22,1.43,4.93,7.66,-1.25,1.85,1.97,1.97,1.95,3.0,1.62,2.43,2.03,1.88,1.43,4.93,7.66,1.97,1.95,2.03,1.88,ok,
1597183634,29.09 18:00,Angers,Reims,ok,,15.09 22:31,29.09 17:59,2.49,3.38,2.75,3.78,3.26,2.19,0.25,1.58,2.38,2.06,1.87,2.25,1.59,2.33,1.88,2.02,3.78,3.26,2.19,2.06,1.87,1.88,2.02,ok,
1597183635,29.09 13:30,Torino,Lazio,ok,,15.09 22:32,29.09 13:29,2.61,3.06,2.86,3.14,3.08,2.6,0.0,1.82,2.0,2.17,1.79,2.25,2.05,1.78,2.03,1.88,3.14,3.08,2.6,2.17,1.79,2.03,1.88,ok,
1597183636,28.09 16:00,Udinese,Internazionale,ok,,15.09 22:28,28.09 16:00,5.5,4.11,1.56,7.8,4.64,1.45,1.25,1.62,2.3,1.9,2.02,2.75,1.96,1.85,1.93,1.97,7.8,4.64,1.45,1.9,2.02,1.93,1.97,ok,
1597183637,28.09 21:45,Bologna,Atalanta,ok,,15.09 22:28,28.09 21:45,2.6,3.34,2.66,2.97,3.09,2.73,0.0,1.88,1.93,2.05,1.88,2.25,1.63,2.26,1.97,1.93,2.97,3.09,2.73,2.05,1.88,1.97,1.93,ok,
1597183638,29.09 21:45,Napoli,Monza,ok,,15.09 22:32,29.09 21:45,1.42,4.61,6.81,1.32,5.45,10.75,-1.5,2.21,1.66,2.02,1.91,2.75,1.9,1.9,2.01,1.89,1.32,5.45,10.75,2.02,1.91,2.01,1.89,ok,
1597183639,29.09 21:45,Strasbourg,Marseille,ok,,15.09 22:31,29.09 21:45,3.96,3.8,1.83,3.27,3.7,2.21,0.25,2.4,1.65,1.99,1.93,2.75,1.85,1.95,1.85,2.07,3.27,3.7,2.21,1.99,1.93,1.85,2.07,ok,
1597183640,29.09 16:00,Toulouse,Lyon,ok,,22.09 23:10,29.09 15:59,2.31,3.47,3.15,2.43,3.57,2.98,-0.25,2.0,1.89,2.11,1.83,2.75,2.2,1.71,1.92,1.98,2.43,3.57,2.98,2.11,1.83,1.92,1.98,ok,
1597292895,27.09 22:00,Real Valladolid,Mallorca,ok,,22.09 22:55,27.09 21:59,2.61,2.96,2.95,3.42,2.91,2.56,0.25,1.53,2.5,1.81,2.14,1.75,1.64,2.24,1.89,2.01,3.42,2.91,2.56,1.81,2.14,1.89,2.01,ok,
1597336002,28.09 15:00,Getafe,Alaves,ok,,22.09 22:56,28.09 15:00,2.42,2.85,3.38,2.58,2.71,3.68,-0.25,2.03,1.8,2.13,1.82,1.5,1.58,2.35,1.83,2.1,2.58,2.71,3.68,2.13,1.82,1.83,2.1,ok,
1597362268,28.09 17:15,Rayo Vallecano,Leganes,ok,,22.09 22:56,28.09 17:15,1.91,3.2,4.36,1.9,3.13,5.45,-0.5,1.94,1.88,1.91,2.02,1.75,1.68,2.32,1.83,2.09,1.9,3.13,5.45,1.91,2.02,1.83,2.09,ok,
1597370764,28.09 19:30,Real Sociedad,Valencia,ok,,22.09 22:56,28.09 19:24,1.69,3.4,5.47,1.86,3.31,5.23,-0.5,1.74,2.22,1.87,2.06,2.0,1.9,1.9,2.08,1.84,1.86,3.31,5.23,1.87,2.06,2.08,1.84,ok,
1597385452,28.09 22:00,Osasuna,Barcelona,ok,,22.09 22:56,28.09 22:00,5.35,4.34,1.54,4.55,4.02,1.78,0.75,2.26,1.72,1.92,2.01,3.0,1.97,1.83,2.03,1.88,4.55,4.02,1.78,1.92,2.01,2.03,1.88,ok,
1597433474,29.09 15:00,Celta Vigo,Girona,ok,,22.09 22:57,29.09 14:59,2.17,3.64,3.07,2.6,3.41,2.86,0.0,1.62,2.31,1.87,2.06,2.5,1.58,2.37,1.87,2.04,2.6,3.41,2.86,1.87,2.06,1.87,2.04,ok,
1597433476,29.09 17:15,Athletic Club Bilbao,Sevilla,ok,,22.09 22:57,29.09 17:16,1.59,4.0,5.33,1.76,3.75,5.13,-0.75,1.75,2.08,2.0,1.93,2.25,1.68,2.16,1.85,2.06,1.76,3.75,5.13,2.0,1.93,1.85,2.06,ok,
1597442593,29.09 19:30,Real Betis,Espanyol,ok,,22.09 22:57,29.09 19:29,1.75,3.57,4.69,1.49,4.29,7.78,-1.0,2.47,1.54,1.85,2.09,2.5,2.13,1.71,1.96,1.94,1.49,4.29,7.78,1.85,2.09,1.96,1.94,ok,
1597459810,29.09 22:00,Atletico Madrid,Real Madrid,ok,,22.09 22:57,29.09 22:00,2.54,3.34,2.74,2.9,3.2,2.7,0.0,1.83,1.98,2.03,1.89,2.5,1.81,2.0,2.08,1.84,2.9,3.2,2.7,2.03,1.89,2.08,1.84,ok,
1597525701,30.09 22:00,Villarreal,Las Palmas,ok,,22.09 23:14,30.09 22:00,1.48,4.62,5.72,1.49,4.88,6.41,-1.25,2.03,1.8,2.08,1.85,3.25,2.12,1.8,2.03,1.88,1.49,4.88,6.41,2.08,1.85,2.03,1.88,ok,
1597648671,05.10 22:00,Rennes,Monaco,ok,,22.09 23:21,05.10 22:00,2.55,3.52,2.6,2.76,3.49,2.64,0.0,1.89,1.93,2.01,1.92,2.75,1.73,2.09,1.99,1.91,2.76,3.49,2.64,2.01,1.92,1.99,1.91,ok,
1597648673,04.10 21:45,Marseille,Angers,ok,,22.09 23:18,04.10 21:44,1.23,6.07,10.32,1.27,6.17,10.94,-1.75,1.93,1.88,2.07,1.85,3.0,1.9,1.88,1.92,1.97,1.27,6.17,10.94,2.07,1.85,1.92,1.97,ok,
1597648674,05.10 18:00,St Etienne,Auxerre,ok,,22.09 23:21,05.10 18:01,2.3,3.39,3.03,3.21,3.29,2.43,0.25,1.53,2.71,1.85,2.08,2.5,1.83,1.97,2.01,1.9,3.21,3.29,2.43,1.85,2.08,2.01,1.9,ok,
1597648677,04.10 21:45,Hellas Verona,Venezia,ok,,22.09 23:18,04.10 21:45,1.91,3.48,3.96,2.63,3.18,3.0,0.0,1.44,3.04,1.84,2.1,2.25,1.79,2.13,1.88,2.03,2.63,3.18,3.0,1.84,2.1,1.88,2.03,ok,
1597648678,06.10 18:00,Brest,Le Havre,ok,,22.09 23:24,06.10 18:01,1.68,3.82,4.79,1.85,3.56,4.79,-0.5,1.68,2.19,1.86,2.07,2.25,1.71,2.12,1.94,1.96,1.85,3.56,4.79,1.86,2.07,1.94,1.96,ok,
1597648680,04.10 19:30,Napoli,Como,ok,,22.09 23:18,04.10 19:30,1.51,4.34,5.71,1.53,4.3,6.8,-1.0,1.85,1.96,1.92,2.01,2.75,1.85,1.95,2.07,1.85,1.53,4.3,6.8,1.92,2.01,2.07,1.85,ok,
1597648681,06.10 19:00,Monza,Roma,ok,,22.09 23:24,06.10 18:59,3.28,3.31,2.2,4.42,3.38,1.97,0.5,1.71,2.26,1.94,1.98,2.25,1.79,2.13,1.96,1.94,4.42,3.38,1.97,1.94,1.98,1.96,1.94,ok,
1597648682,06.10 21:45,Fiorentina,AC Milan,ok,,22.09 23:24,06.10 21:45,2.6,3.36,2.64,3.67,3.7,2.06,0.5,1.48,2.64,1.86,2.07,2.75,1.92,1.88,1.89,2.02,3.67,3.7,2.06,1.86,2.07,1.89,2.02,ok,
1597648685,05.10 21:45,Internazionale,Torino,ok,,22.09 23:21,05.10 21:45,1.35,4.96,8.0,1.34,5.29,10.23,-1.5,2.1,1.83,2.02,1.9,2.75,1.91,1.89,1.92,1.99,1.34,5.29,10.23,2.02,1.9,1.92,1.99,ok,
1597648688,06.10 21:45,Nice,Paris Saint-Germain,ok,,22.09 23:24,06.10 21:43,3.42,3.67,2.01,5.57,4.31,1.61,1.0,1.45,2.99,1.9,2.02,3.0,2.1,1.81,2.02,1.89,5.57,4.31,1.61,1.9,2.02,2.02,1.89,ok,
1597648689,05.10 20:00,Lille,Toulouse,ok,,22.09 23:21,05.10 19:59,1.58,4.09,5.22,1.79,3.81,4.8,-0.75,1.74,2.09,2.03,1.89,2.5,1.82,1.99,1.96,1.94,1.79,3.81,4.8,2.03,1.89,1.96,1.94,ok,
1597648691,06.10 16:00,Lyon,Nantes,ok,,22.09 23:24,06.10 16:01,1.67,3.97,4.66,1.68,4.05,5.28,-0.75,1.86,1.95,1.87,2.06,2.75,1.99,1.82,1.9,2.01,1.68,4.05,5.28,1.87,2.06,1.9,2.01,ok,
1597648692,06.10 18:00,Reims,Montpellier,ok,,22.09 23:24,06.10 17:59,1.75,3.87,4.24,1.67,4.19,5.18,-0.75,1.97,1.84,1.85,2.09,3.0,2.18,1.75,1.95,1.95,1.67,4.19,5.18,1.85,2.09,1.95,1.95,ok,
1597648697,06.10 16:00,Bologna,Parma,ok,,22.09 23:24,06.10 16:00,1.68,3.76,4.83,2.0,3.67,3.9,-0.5,1.73,2.24,2.01,1.92,2.75,2.25,1.71,1.97,1.93,2.0,3.67,3.9,2.01,1.92,1.97,1.93,ok,
1597648698,06.10 16:00,Lazio,Empoli,ok,,22.09 23:24,06.10 16:00,1.52,4.04,6.2,1.6,4.03,6.4,-1.0,1.92,1.9,2.03,1.89,2.5,1.99,1.81,2.04,1.87,1.6,4.03,6.4,2.03,1.89,2.04,1.87,ok,
1597648699,05.10 19:00,Atalanta,Genoa,ok,,22.09 23:21,05.10 19:00,1.42,4.64,6.68,1.45,4.85,7.35,-1.25,1.95,1.87,1.93,1.99,3.0,2.18,1.75,2.07,1.85,1.45,4.85,7.35,1.93,1.99,2.07,1.85,ok,
1597648700,05.10 16:00,Udinese,Lecce,ok,,22.09 23:21,05.10 16:00,1.86,3.46,4.18,2.6,3.0,3.23,-0.25,1.61,2.31,2.19,1.78,2.25,1.93,1.87,2.07,1.85,2.6,3.0,3.23,2.19,1.78,2.07,1.85,ok,
1597648701,06.10 13:30,Juventus,Cagliari,ok,,22.09 23:24,06.10 13:30,1.33,4.99,8.63,1.52,4.25,7.25,-1.0,1.56,2.62,1.89,2.04,2.5,1.83,2.07,1.94,1.96,1.52,4.25,7.25,1.89,2.04,1.94,1.96,ok,
1597787307,04.10 22:00,Leganes,Valencia,ok,,27.09 15:32,04.10 22:00,2.7,2.83,2.97,3.05,2.73,2.99,0.0,1.82,2.01,1.98,1.94,1.75,1.72,2.1,2.08,1.84,3.05,2.73,2.99,1.98,1.94,2.08,1.84,ok,
1597831295,05.10 15:00,Espanyol,Mallorca,ok,,27.09 15:32,05.10 14:59,2.75,2.83,2.93,3.79,2.93,2.36,0.25,1.59,2.52,1.94,1.98,1.75,1.76,2.16,1.86,2.05,3.79,2.93,2.36,1.94,1.98,1.86,2.05,ok,
1597854352,05.10 17:15,Getafe,Osasuna,ok,,27.09 15:32,05.10 17:17,2.04,2.96,4.26,2.2,3.05,4.07,-0.25,1.72,2.13,1.86,2.08,1.75,1.83,1.99,1.82,2.11,2.2,3.05,4.07,1.86,2.08,1.82,2.11,ok,
1597868580,05.10 19:30,Las Palmas,Celta Vigo,ok,,27.09 15:32,05.10 19:30,2.71,3.32,2.56,3.81,3.56,2.06,0.5,1.55,2.64,1.86,2.07,2.5,1.83,1.98,1.85,2.06,3.81,3.56,2.06,1.86,2.07,1.85,2.06,ok,
1597868585,05.10 19:30,Real Valladolid,Rayo Vallecano,ok,,27.09 15:32,05.10 19:19,2.76,2.97,2.76,3.56,3.01,2.41,0.25,1.65,2.4,1.89,2.03,2.0,1.78,2.05,2.01,1.9,3.56,3.01,2.41,1.89,2.03,2.01,1.9,ok,
1597888391,05.10 22:00,Real Madrid,Villarreal,ok,,27.09 15:32,05.10 22:00,1.23,6.62,8.77,1.28,6.44,9.91,-1.75,1.81,1.99,1.93,1.98,3.75,1.92,1.87,2.04,1.85,1.28,6.44,9.91,1.93,1.98,2.04,1.85,ok,
1597927926,06.10 15:00,Girona,Athletic Club Bilbao,ok,,27.09 15:32,06.10 15:00,2.36,3.31,2.99,2.42,3.32,3.2,-0.25,2.04,1.79,2.08,1.86,2.5,1.88,1.92,2.05,1.87,2.42,3.32,3.2,2.08,1.86,2.05,1.87,ok,
1597950372,06.10 19:30,Sevilla,Real Betis,ok,,27.09 15:32,06.10 19:19,2.46,3.18,2.96,2.77,3.23,2.8,0.0,1.75,2.11,1.95,1.97,2.25,1.85,1.95,1.93,1.97,2.77,3.23,2.8,1.95,1.97,1.93,1.97,ok,
1597963720,06.10 22:00,Real Sociedad,Atletico Madrid,ok,,27.09 15:32,06.10 21:59,3.15,2.95,2.48,2.86,3.11,2.81,0.0,2.16,1.69,1.98,1.94,2.0,1.93,1.88,1.86,2.05,2.86,3.11,2.81,1.98,1.94,1.86,2.05,ok,
1597991492,06.10 17:15,Alaves,Barcelona,ok,,27.09 15:32,06.10 17:15,4.67,4.04,1.65,4.89,4.16,1.71,0.75,1.98,1.84,2.02,1.9,3.0,2.14,1.78,2.03,1.88,4.89,4.16,1.71,2.02,1.9,2.03,1.88,ok,
1598229713,20.10 21:45,Roma,Internazionale,ok,,01.10 09:41,20.10 21:43,3.84,3.59,1.91,4.08,3.48,2.01,0.5,1.9,1.92,1.9,2.02,2.5,1.85,1.96,1.88,2.03,4.08,3.48,2.01,1.9,2.02,1.88,2.03,ok,
1598229714,19.10 19:00,AC Milan,Udinese,ok,,01.10 09:37,19.10 18:59,1.38,4.81,7.27,1.38,5.22,8.71,-1.5,2.12,1.72,2.07,1.86,3.0,2.12,1.71,1.98,1.93,1.38,5.22,8.71,2.07,1.86,1.98,1.93,ok,
1598229715,21.10 21:45,Hellas Verona,Monza,ok,,01.10 09:43,21.10 21:45,2.31,3.17,3.22,2.41,3.1,3.44,-0.25,1.97,1.85,2.05,1.88,2.25,1.73,2.09,2.05,1.86,2.41,3.1,3.44,2.05,1.88,2.05,1.86,ok,
1598229716,20.10 16:00,Lecce,Fiorentina,ok,,01.10 09:40,20.10 15:58,2.92,3.31,2.4,3.45,3.15,2.38,0.25,1.76,2.08,1.9,2.02,2.25,1.66,2.2,1.98,1.93,3.45,3.15,2.38,1.9,2.02,1.98,1.93,ok,
1598229718,18.10 22:00,Alaves,Real Valladolid,ok,,01.10 09:44,18.10 21:59,1.74,3.53,4.81,1.62,3.95,6.25,-1.0,2.43,1.56,2.13,1.81,2.25,1.91,1.89,1.96,1.94,1.62,3.95,6.25,2.13,1.81,1.96,1.94,ok,
1598229720,21.10 22:00,Valencia,Las Palmas,ok,,01.10 10:07,21.10 21:54,1.7,3.52,5.17,1.93,3.39,4.65,-0.5,1.7,2.15,1.93,1.99,2.25,2.01,1.8,2.06,1.85,1.93,3.39,4.65,1.93,1.99,2.06,1.85,ok,
1598229721,19.10 17:15,Osasuna,Real Betis,ok,,01.10 09:56,19.10 17:04,2.44,3.38,2.82,2.44,3.14,3.35,-0.25,2.11,1.73,2.07,1.86,2.25,1.75,2.06,2.06,1.85,2.44,3.14,3.35,2.07,1.86,2.06,1.85,ok,
1598229722,19.10 16:00,Como,Parma,ok,,01.10 09:37,19.10 15:50,2.11,3.44,3.36,1.77,3.94,4.72,-0.75,2.49,1.54,1.99,1.93,3.0,2.49,1.53,1.97,1.93,1.77,3.94,4.72,1.99,1.93,1.97,1.93,ok,
1598229723,20.10 19:30,Villarreal,Getafe,ok,,01.10 10:02,20.10 19:29,1.72,3.74,4.61,1.86,3.49,4.85,-0.5,1.72,2.12,1.87,2.06,2.25,1.66,2.2,2.02,1.89,1.86,3.49,4.85,1.87,2.06,2.02,1.89,ok,
1598229724,19.10 15:00,Athletic Club Bilbao,Espanyol,ok,,01.10 09:56,19.10 15:00,1.41,4.44,7.28,1.42,4.54,9.4,-1.25,2.01,1.82,1.99,1.93,2.5,1.85,1.96,1.98,1.93,1.42,4.54,9.4,1.99,1.93,1.98,1.93,ok,
1598229725,20.10 16:00,Venezia,Atalanta,ok,,01.10 09:40,20.10 16:01,5.32,3.93,1.6,6.5,4.67,1.51,1.25,1.57,2.41,1.83,2.11,3.0,2.55,1.5,1.95,1.95,6.5,4.67,1.51,1.83,2.11,1.95,1.95,ok,
1598229726,19.10 16:00,Genoa,Bologna,ok,,01.10 09:37,19.10 15:59,2.99,3.3,2.36,4.41,3.19,2.05,0.5,1.59,2.36,1.88,2.06,2.25,1.71,2.12,1.99,1.91,4.41,3.19,2.05,1.88,2.06,1.99,1.91,ok,
1598229727,20.10 19:00,Cagliari,Torino,ok,,01.10 09:40,20.10 18:59,2.69,3.24,2.63,2.46,3.07,3.39,-0.25,2.31,1.61,2.08,1.85,2.25,1.72,2.1,1.95,1.95,2.46,3.07,3.39,2.08,1.85,1.95,1.95,ok,
1598229729,20.10 17:15,Atletico Madrid,Leganes,ok,,01.10 10:02,20.10 17:16,1.31,5.1,8.98,1.41,4.6,9.53,-1.25,1.74,2.1,2.01,1.92,2.25,1.59,2.35,1.84,2.08,1.41,4.6,9.53,2.01,1.92,1.84,2.08,ok,
1598229730,20.10 13:30,Empoli,Napoli,ok,,01.10 09:39,20.10 13:30,5.14,3.76,1.65,5.4,3.62,1.76,0.75,1.97,1.85,1.93,2.0,2.25,1.75,2.06,1.91,2.0,5.4,3.62,1.76,1.93,2.0,1.91,2.0,ok,
1598229732,19.10 21:45,Juventus,Lazio,ok,,01.10 09:38,19.10 21:45,1.73,3.71,4.58,2.16,3.21,3.95,-0.25,1.52,2.54,1.84,2.1,2.25,1.68,2.17,2.04,1.88,2.16,3.21,3.95,1.84,2.1,2.04,1.88,ok,
1598229733,20.10 15:00,Mallorca,Rayo Vallecano,ok,,01.10 10:02,20.10 15:00,1.89,3.25,4.37,2.11,3.08,4.38,-0.5,1.9,1.92,2.12,1.83,2.0,1.87,1.93,2.12,1.81,2.11,3.08,4.38,2.12,1.83,2.12,1.81,ok,
1598229734,20.10 22:00,Barcelona,Sevilla,ok,,01.10 10:06,20.10 22:00,1.32,5.27,8.25,1.28,6.2,10.29,-1.75,2.21,1.67,2.0,1.91,3.5,2.49,1.53,2.04,1.86,1.28,6.2,10.29,2.0,1.91,2.04,1.86,ok,
1598229735,19.10 19:30,Girona,Real Sociedad,ok,,01.10 09:57,19.10 19:30,2.17,3.42,3.25,2.81,3.21,2.78,0.0,1.58,2.39,1.97,1.95,2.25,1.79,2.03,2.08,1.84,2.81,3.21,2.78,1.97,1.95,2.08,1.84,ok,
1598229736,19.10 22:00,Celta Vigo,Real Madrid,ok,,01.10 09:57,19.10 21:59,5.85,4.3,1.5,5.95,4.52,1.56,1.0,1.97,1.85,1.97,1.95,3.0,2.21,1.66,2.02,1.88,5.95,4.52,1.56,1.97,1.95,2.02,1.88,ok,
1598399647,20.10 18:00,Nantes,Nice,ok,,03.10 14:47,20.10 17:58,3.15,3.24,2.3,2.95,3.17,2.68,0.0,2.26,1.64,2.06,1.87,2.25,1.88,1.93,1.89,2.02,2.95,3.17,2.68,2.06,1.87,1.89,2.02,ok,
1598399648,19.10 20:00,St Etienne,Lens,error_live,<urlopen error [Errno 104] Connection reset by peer>,,,,,,,,,,,,,,,,,,,,,,,,,,ok,
1598399649,20.10 18:00,Toulouse,Angers,ok,,03.10 14:47,20.10 18:00,1.56,3.95,5.7,1.49,4.38,7.61,-1.0,2.01,1.82,1.82,2.13,2.5,1.95,1.85,1.98,1.93,1.49,4.38,7.61,1.82,2.13,1.98,1.93,ok,
1598399651,19.10 22:00,Paris Saint-Germain,Strasbourg,ok,,03.10 14:47,19.10 22:00,1.23,6.55,9.16,1.3,6.19,9.28,-1.75,1.83,1.98,2.03,1.88,3.5,1.86,1.93,1.89,2.0,1.3,6.19,9.28,2.03,1.88,1.89,2.0,ok,
1598399652,18.10 21:45,Monaco,Lille,ok,,03.10 14:47,18.10 21:46,1.83,3.85,3.87,2.12,3.63,3.55,-0.25,1.61,2.31,1.85,2.09,2.75,1.75,2.06,1.85,2.06,2.12,3.63,3.55,1.85,2.09,1.85,2.06,ok,
1598399660,20.10 18:00,Auxerre,Reims,ok,,03.10 14:47,20.10 18:00,2.24,3.47,3.08,3.37,3.56,2.22,0.25,1.47,2.67,2.0,1.93,2.75,1.93,1.87,1.94,1.96,3.37,3.56,2.22,2.0,1.93,1.94,1.96,ok,
1598399661,19.10 18:00,Brest,Rennes,ok,,03.10 14:47,19.10 18:00,2.68,3.39,2.55,2.75,3.19,2.86,0.0,1.96,1.86,1.93,2.0,2.25,1.62,2.28,1.93,1.98,2.75,3.19,2.86,1.93,2.0,1.93,1.98,ok,
1598399662,20.10 21:45,Montpellier,Marseille,ok,,03.10 14:47,20.10 21:45,3.81,3.93,1.83,4.47,4.08,1.78,0.75,1.76,2.06,1.93,1.99,3.0,1.85,1.95,1.85,2.07,4.47,4.08,1.78,1.93,1.99,1.85,2.07,ok,
1598399663,20.10 16:00,Le Havre,Lyon,ok,,03.10 14:47,20.10 15:53,3.37,3.57,2.06,4.85,3.93,1.75,0.75,1.57,2.4,1.95,1.97,2.75,1.91,1.89,1.85,2.06,4.85,3.93,1.75,1.95,1.97,1.85,2.06,ok,
1598706400,25.10 19:30,Udinese,Cagliari,ok,,16.10 11:32,25.10 19:30,2.04,3.48,3.53,2.26,3.17,3.71,-0.25,1.76,2.06,1.93,2.0,2.25,1.71,2.11,1.92,1.99,2.26,3.17,3.71,1.93,2.0,1.92,1.99,ok,
1598711022,25.10 21:45,Torino,Como,ok,,16.10 11:32,25.10 21:43,2.09,3.53,3.33,2.74,2.99,3.05,0.0,1.54,2.47,1.86,2.07,2.25,1.77,2.03,2.03,1.88,2.74,2.99,3.05,1.86,2.07,2.03,1.88,ok,
1598713709,25.10 22:00,Espanyol,Sevilla,ok,,16.10 11:33,25.10 21:58,2.94,3.2,2.45,3.09,3.21,2.55,0.0,2.1,1.75,2.17,1.79,2.25,1.83,1.98,1.98,1.93,3.09,3.21,2.55,2.17,1.79,1.98,1.93,ok,
1598740300,26.10 15:00,Real Valladolid,Villarreal,ok,,13.10 14:17,26.10 14:55,3.23,3.58,2.11,4.01,3.58,2.0,0.5,1.72,2.11,1.92,2.01,2.5,1.67,2.19,1.93,1.98,4.01,3.58,2.0,1.92,2.01,1.93,1.98,ok,
1598742283,27.10 18:15,Getafe,Valencia,ok,,13.10 14:33,27.10 18:15,2.21,2.88,3.82,2.13,2.89,4.66,-0.5,2.21,1.67,2.14,1.81,1.75,1.81,2.01,2.1,1.83,2.13,2.89,4.66,2.14,1.81,2.1,1.83,ok,
1598742284,27.10 16:00,Leganes,Celta Vigo,ok,,13.10 14:32,27.10 16:00,2.94,3.07,2.54,3.87,3.25,2.17,0.25,1.7,2.16,2.09,1.85,2.25,1.96,1.85,2.1,1.83,3.87,3.25,2.17,2.09,1.85,2.1,1.83,ok,
1598742285,26.10 22:00,Real Madrid,Barcelona,ok,,13.10 14:20,26.10 22:00,1.75,3.89,4.24,2.02,4.11,3.43,-0.5,1.75,2.08,2.03,1.89,3.25,2.19,1.67,1.85,2.06,2.02,4.11,3.43,2.03,1.89,1.85,2.06,ok,
1598742286,26.10 19:30,Las Palmas,Girona,ok,,13.10 14:19,26.10 19:30,3.57,3.6,1.98,2.68,3.21,2.93,0.0,2.68,1.47,1.88,2.05,2.5,1.83,1.97,2.07,1.85,2.68,3.21,2.93,1.88,2.05,2.07,1.85,ok,
1598742287,26.10 17:15,Rayo Vallecano,Alaves,ok,,13.10 14:18,26.10 17:14,2.29,3.02,3.42,2.09,3.1,4.41,-0.5,2.29,1.63,2.1,1.84,2.0,1.84,1.96,2.02,1.89,2.09,3.1,4.41,2.1,1.84,2.02,1.89,ok,
1598742295,27.10 22:45,Marseille,Paris Saint-Germain,ok,,16.10 11:34,27.10 22:44,3.3,3.75,2.03,4.14,4.04,1.85,0.5,1.79,2.04,2.07,1.86,3.0,1.86,1.94,1.85,2.07,4.14,4.04,1.85,2.07,1.86,1.85,2.07,ok,
1598742297,27.10 17:00,Lazio,Genoa,ok,,13.10 14:29,27.10 16:59,1.62,4.0,5.0,1.44,4.7,8.15,-1.25,2.43,1.56,2.01,1.91,2.5,1.75,2.06,1.87,2.04,1.44,4.7,8.15,2.01,1.91,1.87,2.04,ok,
1598742298,27.10 20:30,Real Betis,Atletico Madrid,ok,,13.10 14:33,27.10 20:29,3.21,3.29,2.25,3.64,3.22,2.26,0.25,1.88,1.93,1.99,1.93,2.25,1.83,1.97,1.94,1.96,3.64,3.22,2.26,1.99,1.93,1.94,1.96,ok,
1598742305,26.10 18:00,Angers,St Etienne,ok,,16.10 11:33,26.10 18:00,2.39,3.26,2.98,2.28,3.41,3.38,-0.25,2.06,1.78,1.97,1.95,2.5,1.98,1.83,2.0,1.91,2.28,3.41,3.38,1.97,1.95,2.0,1.91,ok,
1598742306,27.10 20:00,Internazionale,Juventus,ok,,13.10 14:30,27.10 20:00,1.75,3.48,4.86,1.8,3.58,5.11,-0.75,2.0,1.82,2.06,1.87,2.25,1.96,1.84,1.88,2.03,1.8,3.58,5.11,2.06,1.87,1.88,2.03,ok,
1598742309,26.10 20:00,Reims,Brest,ok,,16.10 11:33,26.10 19:59,2.34,3.39,2.97,1.9,3.54,4.53,-0.5,2.34,1.6,1.91,2.01,2.5,1.83,1.97,2.07,1.85,1.9,3.54,4.53,1.91,2.01,2.07,1.85,ok,
1598742310,26.10 16:00,Napoli,Lecce,ok,,13.10 14:13,26.10 16:00,1.3,5.34,8.99,1.33,5.4,10.75,-1.5,1.93,1.89,2.04,1.88,2.5,1.68,2.16,1.85,2.07,1.33,5.4,10.75,2.04,1.88,1.85,2.07,ok,
1598742311,27.10 14:30,Parma,Empoli,ok,,13.10 14:27,27.10 14:30,2.09,3.31,3.56,2.23,3.48,3.43,-0.25,1.8,2.03,1.93,2.0,2.5,2.13,1.7,1.87,2.04,2.23,3.48,3.43,1.93,2.0,1.87,2.04,ok,
1598742313,27.10 19:00,Nice,Monaco,ok,,16.10 11:34,27.10 19:00,2.77,3.43,2.45,4.03,3.72,1.95,0.5,1.55,2.45,1.96,1.96,2.75,1.92,1.88,2.01,1.89,4.03,3.72,1.95,1.96,1.96,2.01,1.89,ok,
1598742314,27.10 19:00,Montpellier,Toulouse,ok,,16.10 11:34,27.10 18:59,2.92,3.53,2.3,3.43,3.7,2.14,0.25,1.82,2.01,2.06,1.87,2.75,1.89,1.91,1.84,2.08,3.43,3.7,2.14,2.06,1.87,1.84,2.08,ok,
1598742322,25.10 21:45,Rennes,Le Havre,ok,,16.10 11:32,25.10 21:44,1.53,4.14,5.75,1.53,4.26,6.98,-1.0,1.93,1.89,1.92,2.01,2.5,1.83,1.98,1.91,2.0,1.53,4.26,6.98,1.92,2.01,1.91,2.0,ok,
1598742325,27.10 19:00,Strasbourg,Nantes,ok,,16.10 11:34,27.10 19:00,1.98,3.45,3.75,2.02,3.48,4.06,-0.5,1.99,1.84,2.03,1.9,2.5,1.96,1.85,1.97,1.93,2.02,3.48,4.06,2.03,1.9,1.97,1.93,ok,
1598742329,26.10 22:00,Lens,Lille,ok,,16.10 11:33,26.10 21:57,2.16,3.39,3.31,2.1,3.38,3.89,-0.5,2.22,1.75,2.11,1.83,2.25,1.71,2.25,1.84,2.08,2.1,3.38,3.89,2.11,1.83,1.84,2.08,ok,
1598742334,26.10 19:00,Bologna,AC Milan,ok,,13.10 14:15,24.10 21:28,3.54,3.75,1.95,3.52,3.55,2.13,0.25,2.14,1.71,2.06,1.85,2.75,1.75,2.07,2.05,1.85,3.52,3.55,2.13,2.06,1.85,2.05,1.85,ok,
1598742338,27.10 23:00,Real Sociedad,Osasuna,ok,,13.10 14:34,27.10 22:58,1.64,3.71,5.35,1.64,3.81,6.3,-0.75,1.85,1.98,1.84,2.1,2.25,1.94,1.86,1.99,1.92,1.64,3.81,6.3,1.84,2.1,1.99,1.92,ok,
1598742339,27.10 17:00,Lyon,Auxerre,ok,,16.10 11:34,27.10 17:00,1.61,4.19,4.8,1.46,5.08,6.73,-1.25,2.35,1.6,1.94,1.98,3.25,2.2,1.66,1.88,2.02,1.46,5.08,6.73,1.94,1.98,1.88,2.02,ok,
1598742340,26.10 21:45,Atalanta,Hellas Verona,ok,,13.10 14:16,26.10 21:45,1.47,4.63,5.79,1.28,5.77,12.21,-1.75,2.7,1.47,2.02,1.88,3.0,1.77,2.03,1.94,1.94,1.28,5.77,12.21,2.02,1.88,1.94,1.94,ok,
1598742341,28.10 23:00,Mallorca,Athletic Club Bilbao,ok,,13.10 14:35,28.10 23:00,3.06,2.95,2.54,2.58,3.0,3.27,-0.25,2.59,1.5,2.17,1.79,2.0,1.84,1.97,2.04,1.88,2.58,3.0,3.27,2.17,1.79,2.04,1.88,ok,
1598742342,27.10 17:00,Monza,Venezia,ok,,13.10 14:29,27.10 16:54,2.17,3.24,3.44,2.19,3.29,3.74,-0.25,1.86,1.96,1.88,2.06,2.25,1.95,1.85,1.83,2.1,2.19,3.29,3.74,1.88,2.06,1.83,2.1,ok,
1598742343,27.10 22:45,Fiorentina,Roma,ok,,13.10 14:31,27.10 22:44,2.49,3.05,3.02,2.57,3.2,3.06,0.0,1.74,2.12,1.8,2.15,2.5,2.18,1.63,2.09,1.83,2.57,3.2,3.06,1.8,2.15,2.09,1.83,ok,
1599247382,29.10 20:30,Lecce,Hellas Verona,ok,,20.10 22:23,29.10 20:19,2.01,3.35,3.72,2.28,3.2,3.62,-0.25,1.79,2.15,1.94,1.98,2.25,1.81,1.99,1.98,1.93,2.28,3.2,3.62,1.94,1.98,1.98,1.93,ok,
1599247383,29.10 20:30,Cagliari,Bologna,ok,,20.10 22:23,29.10 20:30,3.03,3.16,2.42,3.32,3.35,2.34,0.25,1.77,2.07,1.92,2.01,2.5,2.2,1.74,2.01,1.9,3.32,3.35,2.34,1.92,2.01,2.01,1.9,ok,
1599267629,29.10 22:45,AC Milan,Napoli,ok,,20.10 22:23,29.10 22:44,1.98,3.69,3.5,2.91,3.22,2.68,0.0,1.52,2.73,2.05,1.88,2.5,1.69,2.29,2.05,1.86,2.91,3.22,2.68,2.05,1.88,2.05,1.86,ok,
1599289771,02.11 23:00,Valencia,Real Madrid,ok,,20.10 22:29,31.10 12:10,5.57,4.08,1.56,7.78,4.39,1.47,1.25,1.67,2.35,1.81,2.12,2.5,1.84,1.97,1.91,1.98,7.78,4.39,1.47,1.81,2.12,1.91,1.98,ok,
1599289772,03.11 23:00,Athletic Club Bilbao,Real Betis,ok,,20.10 22:32,03.11 22:59,1.82,3.55,4.27,1.93,3.52,4.38,-0.5,1.83,2.0,1.94,1.98,2.25,1.86,1.94,1.86,2.05,1.93,3.52,4.38,1.94,1.98,1.86,2.05,ok,
1599289773,03.11 18:15,Barcelona,Espanyol,ok,,20.10 22:32,03.11 18:16,1.16,8.12,11.88,1.16,8.5,18.0,-2.5,2.27,1.71,2.06,1.85,4.0,2.25,1.71,2.05,1.85,1.16,8.5,18.0,2.06,1.85,2.05,1.85,ok,
1599289774,01.11 23:00,Alaves,Mallorca,ok,,20.10 22:27,01.11 23:00,2.27,2.97,3.52,2.39,2.93,3.73,-0.25,1.92,1.9,2.0,1.93,1.75,1.71,2.25,1.88,2.04,2.39,2.93,3.73,2.0,1.93,1.88,2.04,ok,
1599289775,02.11 16:00,Osasuna,Real Valladolid,ok,,20.10 22:29,02.11 16:00,1.6,3.87,5.4,1.7,3.71,5.72,-0.75,1.79,2.05,1.92,2.01,2.25,1.72,2.1,1.85,2.07,1.7,3.71,5.72,1.92,2.01,1.85,2.07,ok,
1599289777,02.11 20:30,Villarreal,Rayo Vallecano,ok,,20.10 22:29,31.10 13:47,1.75,3.81,4.33,1.69,4.06,5.04,-0.75,1.98,1.84,1.88,2.02,2.75,1.96,1.84,1.92,1.97,1.69,4.06,5.04,1.88,2.02,1.92,1.97,ok,
1599289779,31.10 22:45,Como,Lazio,ok,,20.10 22:25,31.10 22:45,2.82,3.33,2.47,3.15,3.23,2.5,0.25,1.72,2.12,1.81,2.13,2.5,1.86,1.94,2.07,1.85,3.15,3.23,2.5,1.81,2.13,2.07,1.85,ok,
1599289781,30.10 20:30,Empoli,Internazionale,ok,,20.10 22:24,30.10 20:30,6.08,4.4,1.48,9.08,4.79,1.4,1.25,1.75,2.08,1.96,1.96,2.5,1.69,2.15,1.86,2.05,9.08,4.79,1.4,1.96,1.96,1.86,2.05,ok,
1599289785,30.10 22:45,Juventus,Parma,ok,,20.10 22:24,30.10 22:45,1.38,4.73,7.34,1.44,4.8,7.6,-1.25,1.89,1.93,2.0,1.93,3.0,2.31,1.68,2.01,1.9,1.44,4.8,7.6,2.0,1.93,2.01,1.9,ok,
1599289786,03.11 20:30,Sevilla,Real Sociedad,ok,,20.10 22:32,03.11 20:30,2.73,2.97,2.8,3.45,3.13,2.39,0.25,1.59,2.37,1.9,2.03,2.0,1.88,1.93,1.83,2.09,3.45,3.13,2.39,1.9,2.03,1.83,2.09,ok,
1599289787,02.11 18:15,Girona,Leganes,ok,,20.10 22:29,02.11 18:12,1.55,4.02,5.75,1.71,3.61,5.94,-0.75,1.7,2.15,1.95,1.97,2.25,1.72,2.1,2.03,1.88,1.71,3.61,5.94,1.95,1.97,2.03,1.88,ok,
1599289788,03.11 16:00,Atletico Madrid,Las Palmas,ok,,20.10 22:32,03.11 16:00,1.18,6.99,12.53,1.34,5.52,9.66,-1.5,1.63,2.44,2.02,1.91,3.0,1.81,1.97,2.09,1.83,1.34,5.52,9.66,2.02,1.91,2.09,1.83,ok,
1599289789,04.11 23:00,Celta Vigo,Getafe,ok,,20.10 22:34,04.11 23:00,1.91,3.26,4.3,2.16,2.97,4.35,-0.25,1.68,2.33,1.82,2.13,1.75,1.61,2.46,1.85,2.07,2.16,2.97,4.35,1.82,2.13,1.85,2.07,ok,
1599289792,31.10 20:30,Genoa,Fiorentina,ok,,20.10 22:25,31.10 20:29,3.29,3.35,2.18,5.28,3.86,1.72,0.75,1.5,2.59,1.99,1.93,2.5,1.98,1.83,2.05,1.86,5.28,3.86,1.72,1.99,1.93,2.05,1.86,ok,
1599289793,30.10 22:45,Atalanta,Monza,ok,,20.10 22:24,30.10 22:43,1.39,4.87,7.0,1.3,5.56,12.08,-1.5,2.11,1.73,1.94,1.98,2.75,1.75,2.06,1.88,2.03,1.3,5.56,12.08,1.94,1.98,1.88,2.03,ok,
1599289794,30.10 20:30,Venezia,Udinese,ok,,20.10 22:24,30.10 20:30,2.6,3.19,2.76,2.81,3.15,2.83,0.0,1.85,1.97,1.95,1.97,2.25,1.76,2.04,2.0,1.91,2.81,3.15,2.83,1.95,1.97,2.0,1.91,ok,
1599289795,31.10 22:45,Roma,Torino,ok,,20.10 22:25,31.10 22:45,1.74,3.68,4.62,1.81,3.56,5.12,-0.75,1.97,1.85,2.07,1.86,2.25,1.71,2.12,2.02,1.88,1.81,3.56,5.12,2.07,1.86,2.02,1.88,ok,
1599289829,03.11 19:00,Auxerre,Rennes,ok,,20.10 22:32,03.11 18:58,3.1,3.48,2.22,3.53,3.59,2.14,0.25,1.88,1.93,2.07,1.86,2.75,1.93,1.88,2.01,1.9,3.53,3.59,2.14,2.07,1.86,2.01,1.9,ok,
1599289831,03.11 17:00,Toulouse,Reims,ok,,20.10 22:32,03.11 17:01,2.08,3.52,3.36,1.92,3.61,4.34,-0.5,2.08,1.75,1.93,2.0,2.5,1.76,2.05,2.04,1.87,1.92,3.61,4.34,1.93,2.0,2.04,1.87,ok,
1599289832,02.11 19:00,Paris Saint-Germain,Lens,ok,,20.10 22:29,02.11 18:59,1.51,4.43,5.6,1.42,5.07,7.73,-1.25,2.11,1.73,1.91,2.02,3.0,1.94,1.85,1.87,2.04,1.42,5.07,7.73,1.91,2.02,1.87,2.04,ok,
1599289833,01.11 23:00,Lille,Lyon,ok,,20.10 22:27,01.11 22:59,1.78,3.91,4.06,2.28,3.75,3.1,-0.25,1.57,2.41,1.99,1.93,3.0,2.01,1.81,1.97,1.93,2.28,3.75,3.1,1.99,1.93,1.97,1.93,ok,
1599289834,02.11 23:00,St Etienne,Strasbourg,ok,,20.10 22:29,02.11 22:57,3.19,3.6,2.13,3.53,3.74,2.09,0.5,1.72,2.13,1.84,2.1,2.75,1.81,2.0,1.85,2.07,3.53,3.74,2.09,1.84,2.1,1.85,2.07,ok,
1599289837,01.11 21:00,Monaco,Angers,ok,,20.10 22:27,01.11 21:01,1.18,7.09,11.67,1.26,6.65,10.42,-1.75,1.71,2.11,1.92,1.99,3.5,2.08,1.72,1.99,1.9,1.26,6.65,10.42,1.92,1.99,1.99,1.9,ok,
1599289838,03.11 19:00,Le Havre,Montpellier,ok,,20.10 22:32,03.11 19:01,2.17,3.5,3.18,2.29,3.3,3.47,-0.25,1.85,1.98,1.96,1.96,2.5,1.73,2.09,2.07,1.85,2.29,3.3,3.47,1.96,1.96,2.07,1.85,ok,
1599289842,03.11 22:45,Nantes,Marseille,ok,,20.10 22:32,03.11 22:45,3.72,3.61,1.93,3.54,3.44,2.2,0.25,2.18,1.68,2.03,1.9,2.5,1.83,1.98,1.95,1.95,3.54,3.44,2.2,2.03,1.9,1.95,1.95,ok,
1599289845,02.11 21:00,Brest,Nice,ok,,20.10 22:29,02.11 20:58,2.51,3.22,2.85,3.05,3.15,2.62,0.0,1.79,2.04,2.13,1.82,2.25,1.75,2.06,2.03,1.88,3.05,3.15,2.62,2.13,1.82,2.03,1.88,ok,
1599456144,02.11 17:00,Bologna,Lecce,ok,,28.10 00:03,02.11 17:00,1.56,3.91,5.93,1.81,3.52,5.22,-0.75,1.76,2.19,2.06,1.87,2.25,1.81,2.0,1.85,2.06,1.81,3.52,5.22,2.06,1.87,1.85,2.06,ok,
1599478383,02.11 20:00,Udinese,Juventus,ok,,28.10 00:03,02.11 19:58,4.03,3.34,1.93,4.26,3.13,2.11,0.5,1.88,1.94,1.83,2.12,2.25,1.91,1.89,2.05,1.86,4.26,3.13,2.11,1.83,2.12,2.05,1.86,ok,
1599493100,02.11 22:45,Monza,AC Milan,ok,,28.10 00:03,02.11 22:44,4.48,3.94,1.69,6.07,3.82,1.65,0.75,1.92,1.9,2.09,1.85,2.5,1.72,2.24,1.97,1.93,6.07,3.82,1.65,2.09,1.85,1.97,1.93,ok,
1599523751,03.11 14:30,Napoli,Atalanta,ok,,28.10 00:05,03.11 14:30,1.99,3.62,3.52,2.35,3.2,3.45,-0.25,1.74,2.1,2.0,1.92,2.5,1.7,2.13,2.1,1.83,2.35,3.2,3.45,2.0,1.92,2.1,1.83,ok,
1599534971,03.11 17:00,Torino,Fiorentina,ok,,28.10 00:05,03.11 16:59,3.0,3.45,2.28,3.74,3.12,2.27,0.25,1.84,1.99,2.0,1.93,2.25,1.68,2.17,2.05,1.87,3.74,3.12,2.27,2.0,1.93,2.05,1.87,ok,
1599550070,03.11 20:00,Hellas Verona,Roma,ok,,28.10 00:05,03.11 20:01,4.25,3.6,1.81,5.08,3.53,1.82,0.75,1.75,2.07,1.85,2.08,2.25,1.68,2.16,1.85,2.06,5.08,3.53,1.82,1.85,2.08,1.85,2.06,ok,
1599562091,03.11 22:45,Internazionale,Venezia,ok,,28.10 00:05,03.11 22:45,1.15,8.01,13.3,1.17,8.39,15.81,-2.25,2.04,1.76,2.08,1.84,3.5,2.04,1.75,1.9,1.99,1.17,8.39,15.81,2.08,1.84,1.9,1.99,ok,
1599613559,04.11 20:30,Parma,Genoa,ok,,28.10 00:06,04.11 20:25,1.97,3.48,3.73,1.84,3.75,4.56,-0.5,1.98,1.84,1.85,2.09,2.75,2.02,1.78,1.97,1.93,1.84,3.75,4.56,1.85,2.09,1.97,1.93,ok,
1599613562,04.11 20:30,Empoli,Como,ok,,28.10 00:06,04.11 20:28,2.74,3.13,2.67,2.99,3.01,2.77,0.0,1.93,1.88,2.04,1.88,2.0,1.6,2.33,1.99,1.92,2.99,3.01,2.77,2.04,1.88,1.99,1.92,ok,
1599624959,04.11 22:45,Lazio,Cagliari,ok,,28.10 00:06,04.11 22:44,1.54,4.2,5.57,1.56,4.24,6.56,-1.0,1.93,1.89,1.93,2.0,2.75,1.93,1.87,1.96,1.94,1.56,4.24,6.56,1.93,2.0,1.96,1.94,ok,
1599734747,10.11 22:45,Lyon,St Etienne,ok,,28.10 00:30,10.11 22:34,1.3,5.71,8.03,1.32,5.91,9.06,-1.75,2.13,1.8,2.07,1.85,3.5,2.16,1.77,2.03,1.86,1.32,5.91,9.06,2.07,1.85,2.03,1.86,ok,
1599734755,08.11 22:45,Lecce,Empoli,ok,,03.11 09:49,08.11 22:44,2.11,3.18,3.67,2.32,2.93,3.93,-0.25,1.81,2.02,1.94,1.98,1.75,1.53,2.48,1.85,2.07,2.32,2.93,3.93,1.94,1.98,1.85,2.07,ok,
1599734756,10.11 22:45,Internazionale,Napoli,ok,,03.11 09:51,10.11 22:39,1.73,3.78,4.46,1.83,3.71,4.69,-0.75,1.96,1.86,2.09,1.85,2.5,1.81,2.0,1.97,1.93,1.83,3.71,4.69,2.09,1.85,1.97,1.93,ok,
1599734758,10.11 19:00,Rennes,Toulouse,ok,,28.10 00:30,10.11 18:56,1.85,3.65,4.01,2.35,3.43,3.22,-0.25,1.62,2.31,2.03,1.9,2.5,1.9,1.9,2.06,1.86,2.35,3.43,3.22,2.03,1.9,2.06,1.86,ok,
1599734761,09.11 20:30,Espanyol,Valencia,ok,,28.10 00:29,07.11 10:21,2.82,2.99,2.7,2.68,2.86,3.22,0.0,2.01,1.82,1.79,2.15,2.0,1.76,2.07,2.0,1.88,2.68,2.86,3.22,1.79,2.15,2.0,1.88,ok,
1599734763,10.11 20:00,Monza,Lazio,ok,,03.11 09:51,10.11 19:58,4.4,3.67,1.77,5.45,3.44,1.8,0.75,1.81,2.02,1.87,2.07,2.25,1.68,2.18,2.05,1.86,5.45,3.44,1.8,1.87,2.07,2.05,1.86,ok,
1599734764,10.11 14:30,Atalanta,Udinese,ok,,03.11 09:51,10.11 14:30,1.33,5.31,7.78,1.46,4.45,8.25,-1.25,1.77,2.18,2.11,1.83,2.5,1.57,2.56,1.92,1.99,1.46,4.45,8.25,2.11,1.83,1.92,1.99,ok,
1599734765,10.11 19:00,Montpellier,Brest,ok,,28.10 00:30,10.11 19:01,2.98,3.53,2.27,2.99,3.21,2.63,0.0,2.27,1.71,2.1,1.84,2.25,1.5,2.75,1.91,2.0,2.99,3.21,2.63,2.1,1.84,1.91,2.0,ok,
1599734766,09.11 18:15,Villarreal,Alaves,ok,,28.10 00:29,09.11 18:12,1.73,3.88,4.35,1.58,4.15,6.41,-1.0,2.37,1.66,1.99,1.93,2.75,1.88,1.93,2.03,1.88,1.58,4.15,6.41,1.99,1.93,2.03,1.88,ok,
1599734768,10.11 17:00,Nice,Lille,ok,,28.10 00:30,10.11 16:57,2.48,3.19,2.92,2.33,3.32,3.36,-0.25,2.18,1.77,2.0,1.93,2.5,2.12,1.79,2.08,1.84,2.33,3.32,3.36,2.0,1.93,2.08,1.84,ok,
1599734769,09.11 23:00,Leganes,Sevilla,ok,,28.10 00:30,09.11 22:54,2.61,2.99,2.93,3.19,3.01,2.62,0.0,1.81,2.02,2.18,1.78,2.0,1.78,2.03,2.04,1.87,3.19,3.01,2.62,2.18,1.78,2.04,1.87,ok,
1599734770,09.11 16:00,Real Madrid,Osasuna,ok,,28.10 00:29,09.11 15:59,1.2,6.88,10.56,1.26,6.5,12.0,-1.75,1.78,2.04,2.05,1.88,3.25,1.92,1.87,1.91,2.0,1.26,6.5,12.0,2.05,1.88,1.91,2.0,ok,
1599734771,08.11 22:45,Marseille,Auxerre,ok,,28.10 00:27,08.11 22:45,1.35,5.78,8.55,1.45,5.06,6.91,-1.25,1.74,2.23,1.98,1.94,3.0,1.81,2.11,1.87,2.05,1.45,5.06,6.91,1.98,1.94,1.87,2.05,ok,
1599734772,09.11 17:00,Venezia,Parma,ok,,03.11 09:49,09.11 16:57,2.39,3.43,2.84,2.21,3.6,3.36,-0.25,2.08,1.76,1.92,2.0,3.0,2.26,1.7,2.02,1.88,2.21,3.6,3.36,1.92,2.0,2.02,1.88,ok,
1599734773,10.11 16:00,Real Betis,Celta Vigo,ok,,28.10 00:30,10.11 16:01,1.83,3.62,4.17,2.28,3.19,3.63,-0.25,1.59,2.36,1.94,1.98,2.25,1.67,2.19,1.83,2.09,2.28,3.19,3.63,1.94,1.98,1.83,2.09,ok,
1599734774,09.11 19:00,Strasbourg,Monaco,ok,,28.10 00:29,09.11 19:01,3.25,3.76,2.05,4.04,3.64,1.97,0.5,1.82,2.11,1.94,1.98,2.75,1.68,2.31,1.92,1.99,4.04,3.64,1.97,1.94,1.98,1.92,1.99,ok,
1599734775,10.11 17:00,Roma,Bologna,ok,,03.11 09:51,10.11 16:59,2.04,3.31,3.7,2.21,3.21,3.79,-0.25,1.8,2.13,1.88,2.05,2.25,1.85,1.95,2.12,1.81,2.21,3.21,3.79,1.88,2.05,2.12,1.81,ok,
1599734777,10.11 18:15,Mallorca,Atletico Madrid,ok,,28.10 00:30,10.11 18:13,3.86,3.17,2.05,3.57,2.93,2.46,0.25,2.08,1.75,1.87,2.06,2.0,1.87,1.93,2.03,1.88,3.57,2.93,2.46,1.87,2.06,2.03,1.88,ok,
1599734778,10.11 20:30,Getafe,Girona,ok,,28.10 00:29,10.11 20:27,2.47,3.0,3.12,2.57,2.88,3.44,-0.25,2.09,1.76,2.15,1.81,1.75,1.58,2.37,1.93,1.97,2.57,2.88,3.44,2.15,1.81,1.93,1.97,ok,
1599734780,09.11 23:00,Angers,Paris Saint-Germain,ok,,28.10 00:29,09.11 22:52,8.26,5.72,1.29,11.43,6.02,1.28,1.75,1.76,2.07,1.91,1.99,3.25,1.91,1.89,2.06,1.84,11.43,6.02,1.28,1.91,1.99,2.06,1.84,ok,
1599734781,10.11 20:30,Real Valladolid,Athletic Club Bilbao,ok,,28.10 00:30,10.11 20:30,4.17,3.55,1.84,4.67,3.35,1.93,0.5,1.97,1.85,1.98,1.94,2.25,1.77,2.16,2.04,1.87,4.67,3.35,1.93,1.98,1.94,2.04,1.87,ok,
1599734782,09.11 20:00,Cagliari,AC Milan,ok,,03.11 09:49,09.11 19:58,4.06,3.88,1.79,5.28,4.09,1.68,0.75,1.81,2.01,2.07,1.86,2.75,1.79,2.02,1.82,2.07,5.28,4.09,1.68,2.07,1.86,1.82,2.07,ok,
1599734783,10.11 17:00,Fiorentina,Hellas Verona,ok,,03.11 09:51,10.11 16:52,1.4,4.67,7.02,1.51,4.49,6.92,-1.0,1.65,2.23,1.84,2.1,2.75,1.93,1.87,1.99,1.92,1.51,4.49,6.92,1.84,2.1,1.99,1.92,ok,
1599734784,07.11 22:45,Genoa,Como,ok,,03.11 09:48,07.11 22:41,3.04,3.35,2.31,3.36,3.07,2.47,0.25,1.83,2.0,1.85,2.09,2.25,1.66,2.2,2.08,1.84,3.36,3.07,2.47,1.85,2.09,2.08,1.84,ok,
1599734785,10.11 19:00,Le Havre,Reims,ok,,28.10 00:30,10.11 19:01,3.19,3.42,2.2,3.57,3.19,2.3,0.25,1.91,1.91,1.96,1.96,2.25,1.63,2.27,1.99,1.92,3.57,3.19,2.3,1.96,1.96,1.99,1.92,ok,
1599734786,09.11 21:00,Lens,Nantes,ok,,28.10 00:29,09.11 20:59,1.51,4.21,5.99,1.62,3.85,6.45,-1.0,1.88,1.94,2.12,1.82,2.25,1.65,2.23,1.88,2.02,1.62,3.85,6.45,2.12,1.82,1.88,2.02,ok,
1599734787,09.11 22:45,Juventus,Torino,ok,,03.11 09:49,09.11 22:45,1.58,4.16,6.37,1.56,3.72,8.07,-1.0,1.96,1.85,2.07,1.86,2.0,1.54,2.64,1.93,1.98,1.56,3.72,8.07,2.07,1.86,1.93,1.98,ok,
1599734789,10.11 23:00,Real Sociedad,Barcelona,ok,,28.10 00:30,10.11 23:00,3.51,3.49,2.04,4.05,3.78,1.93,0.5,1.79,2.05,1.98,1.94,2.75,2.07,1.74,1.92,1.99,4.05,3.78,1.93,1.98,1.94,1.92,1.99,ok,
1599734790,08.11 23:00,Rayo Vallecano,Las Palmas,ok,,28.10 00:28,08.11 22:55,1.72,3.6,4.86,1.89,3.41,4.8,-0.5,1.72,2.13,1.9,2.03,2.25,1.9,1.9,2.05,1.86,1.89,3.41,4.8,1.9,2.03,2.05,1.86,ok,
1600190471,23.11 18:15,Atletico Madrid,Alaves,ok,,04.11 10:22,23.11 18:13,1.34,4.84,8.39,1.46,4.41,8.32,-1.0,1.59,2.52,1.81,2.14,2.25,1.66,2.35,1.86,2.05,1.46,4.41,8.32,1.81,2.14,1.86,2.05,ok,
1600190472,23.11 20:30,Girona,Espanyol,ok,,04.11 10:21,23.11 20:30,1.48,4.37,6.01,1.81,3.62,4.96,-0.75,1.61,2.33,2.08,1.85,2.25,1.52,2.51,1.9,2.01,1.81,3.62,4.96,2.08,1.85,1.9,2.01,ok,
1600190474,24.11 23:00,Athletic Club Bilbao,Real Sociedad,ok,,04.11 10:25,24.11 23:00,2.05,3.11,3.93,2.43,2.91,3.67,-0.25,1.8,1.94,2.03,1.89,2.0,1.92,1.83,2.05,1.87,2.43,2.91,3.67,2.03,1.89,2.05,1.87,ok,
1600190475,23.11 16:00,Valencia,Real Betis,ok,,04.11 10:22,23.11 15:56,2.64,2.95,2.92,2.57,3.04,3.23,-0.25,2.23,1.66,2.17,1.79,2.0,1.88,1.93,1.88,2.03,2.57,3.04,3.23,2.17,1.79,1.88,2.03,ok,
1600190476,23.11 20:00,AC Milan,Juventus,ok,,04.11 10:21,23.11 19:59,1.97,3.52,3.71,2.42,3.16,3.36,-0.25,1.7,2.15,2.06,1.87,2.25,1.64,2.24,1.89,2.02,2.42,3.16,3.36,2.06,1.87,1.89,2.02,ok,
1600190478,24.11 18:15,Sevilla,Rayo Vallecano,ok,,04.11 10:25,24.11 18:14,2.01,3.21,3.96,2.04,3.3,4.24,-0.5,2.01,1.81,2.05,1.88,2.25,2.07,1.76,2.07,1.85,2.04,3.3,4.24,2.05,1.88,2.07,1.85,ok,
1600190479,24.11 19:00,Nantes,Le Havre,ok,,04.11 10:24,24.11 18:57,1.81,3.53,4.36,1.94,3.31,4.71,-0.5,1.82,2.01,1.95,1.97,2.0,1.53,2.47,1.81,2.13,1.94,3.31,4.71,1.95,1.97,1.81,2.13,ok,
1600190480,24.11 17:00,Como,Fiorentina,ok,,04.11 10:25,24.11 16:59,2.89,3.47,2.34,4.26,3.51,1.96,0.5,1.6,2.34,1.95,1.97,2.5,1.74,2.08,1.96,1.94,4.26,3.51,1.96,1.95,1.97,1.96,1.94,ok,
1600190483,22.11 21:00,Monaco,Brest,ok,,04.11 10:18,22.11 21:00,1.54,4.27,5.37,1.6,4.19,5.92,-1.0,1.93,1.89,2.04,1.89,2.75,1.81,2.01,2.07,1.85,1.6,4.19,5.92,2.04,1.89,2.07,1.85,ok,
1600190484,24.11 19:00,Auxerre,Angers,ok,,04.11 10:24,24.11 18:57,1.92,3.65,3.73,1.78,3.8,4.93,-0.75,2.26,1.71,2.0,1.93,2.75,1.93,1.87,2.06,1.85,1.78,3.8,4.93,2.0,1.93,2.06,1.85,ok,
1600190485,23.11 19:00,Lens,Marseille,ok,,04.11 10:20,23.11 18:58,2.21,3.47,3.12,2.35,3.37,3.27,-0.25,1.98,1.77,2.03,1.9,2.5,1.81,1.93,1.93,1.98,2.35,3.37,3.27,2.03,1.9,1.93,1.98,ok,
1600190488,24.11 20:30,Leganes,Real Madrid,ok,,04.11 10:25,24.11 20:29,6.13,4.47,1.55,10.12,5.18,1.35,1.5,1.59,2.53,1.85,2.08,2.75,1.97,1.93,1.99,1.92,10.12,5.18,1.35,1.85,2.08,1.99,1.92,ok,
1600190491,24.11 17:00,Lille,Rennes,ok,,04.11 10:25,24.11 16:59,1.88,3.59,3.96,1.95,3.41,4.48,-0.5,1.88,1.93,1.96,1.96,2.25,1.67,2.32,1.91,2.0,1.95,3.41,4.48,1.96,1.96,1.91,2.0,ok,
1600190494,24.11 20:00,Napoli,Roma,ok,,04.11 10:25,24.11 20:00,1.65,3.84,5.05,1.75,3.55,5.65,-0.75,1.84,1.99,1.99,1.93,2.25,1.63,2.26,1.93,1.97,1.75,3.55,5.65,1.99,1.93,1.93,1.97,ok,
1600190495,23.11 22:45,Parma,Atalanta,ok,,04.11 10:21,23.11 22:45,3.83,3.94,1.82,5.82,4.35,1.59,1.0,1.55,2.45,1.96,1.96,3.0,1.85,1.96,1.86,2.05,5.82,4.35,1.59,1.96,1.96,1.86,2.05,ok,
1600190496,24.11 16:00,Osasuna,Villarreal,ok,,04.11 10:26,24.11 15:59,2.38,3.4,2.88,2.66,3.33,2.85,0.0,1.74,2.1,1.89,2.03,2.5,1.79,2.0,1.9,2.01,2.66,3.33,2.85,1.89,2.03,1.9,2.01,ok,
1600190497,23.11 20:30,Las Palmas,Mallorca,ok,,04.11 10:22,23.11 20:30,2.82,2.91,2.76,2.87,3.0,2.89,0.0,1.93,1.89,1.95,1.97,2.0,1.88,1.92,1.99,1.92,2.87,3.0,2.89,1.95,1.97,1.99,1.92,ok,
1600190502,22.11 23:00,Getafe,Real Valladolid,ok,,04.11 10:18,22.11 22:59,1.6,3.59,6.13,1.67,3.5,6.82,-0.75,1.8,2.03,1.89,2.03,2.0,1.83,1.97,2.05,1.86,1.67,3.5,6.82,1.89,2.03,2.05,1.86,ok,
1600190503,24.11 22:45,Nice,Strasbourg,ok,,04.11 10:25,24.11 22:45,1.69,3.91,4.57,1.81,3.87,4.55,-0.75,1.9,1.92,2.05,1.88,2.75,1.98,1.83,1.9,2.0,1.81,3.87,4.55,2.05,1.88,1.9,2.0,ok,
1600190506,24.11 14:30,Genoa,Cagliari,ok,,04.11 10:25,24.11 14:29,2.52,3.23,2.84,2.55,3.21,3.1,-0.25,2.16,1.7,2.17,1.79,2.5,2.03,1.79,2.02,1.88,2.55,3.21,3.1,2.17,1.79,2.02,1.88,ok,
1600190507,25.11 22:45,Venezia,Lecce,ok,,04.11 10:27,25.11 22:45,2.29,3.27,3.14,2.21,3.38,3.57,-0.25,1.97,1.85,1.9,2.02,2.25,1.79,2.12,1.89,2.01,2.21,3.38,3.57,1.9,2.02,1.89,2.01,ok,
1600190508,23.11 23:00,Celta Vigo,Barcelona,ok,,04.11 10:22,23.11 23:00,4.36,4.19,1.67,4.42,4.3,1.75,0.75,1.96,1.85,1.97,1.95,3.25,1.99,1.81,2.02,1.88,4.42,4.3,1.75,1.97,1.95,2.02,1.88,ok,
1600190509,25.11 20:30,Empoli,Udinese,ok,,04.11 10:27,25.11 20:30,2.37,3.13,3.14,3.09,2.8,2.88,0.0,1.7,2.28,2.03,1.89,2.0,1.68,2.31,2.05,1.86,3.09,2.8,2.88,2.03,1.89,2.05,1.86,ok,
1600190511,24.11 22:45,Lazio,Bologna,ok,,04.11 10:25,24.11 22:44,1.81,3.53,4.36,1.85,3.47,5.0,-0.5,1.82,2.01,1.85,2.08,2.25,1.8,2.01,1.83,2.09,1.85,3.47,5.0,1.85,2.08,1.83,2.09,ok,
1600190512,23.11 17:00,Hellas Verona,Internazionale,ok,,04.11 10:21,23.11 17:01,6.65,4.87,1.4,8.15,4.48,1.46,1.25,1.93,1.89,1.84,2.1,2.5,1.57,2.37,1.88,2.03,8.15,4.48,1.46,1.84,2.1,1.88,2.03,ok,
1600190513,24.11 17:00,Torino,Monza,ok,,04.11 10:25,24.11 17:00,1.73,3.57,4.83,2.14,3.1,4.17,-0.25,1.51,2.58,1.82,2.13,2.0,1.6,2.33,1.94,1.96,2.14,3.1,4.17,1.82,2.13,1.94,1.96,ok,
1600190514,23.11 21:00,St Etienne,Montpellier,ok,,04.11 10:20,23.11 20:58,2.3,3.62,2.86,2.47,3.38,3.06,-0.25,2.02,1.81,2.13,1.82,2.5,1.56,2.41,1.88,2.03,2.47,3.38,3.06,2.13,1.82,1.88,2.03,ok,
1600190515,23.11 23:00,Reims,Lyon,ok,,04.11 10:20,23.11 22:59,2.47,3.55,2.68,3.24,3.77,2.2,0.25,1.65,2.4,2.0,1.93,3.0,1.9,1.9,1.88,2.03,3.24,3.77,2.2,2.0,1.93,1.88,2.03,ok,
1600190518,22.11 23:00,Paris Saint-Germain,Toulouse,ok,,04.11 10:18,22.11 22:59,1.25,6.14,8.76,1.39,5.46,7.72,-1.5,1.73,2.09,2.08,1.86,3.25,1.85,1.93,1.88,2.02,1.39,5.46,7.72,2.08,1.86,1.88,2.02,ok,
1600830075,01.12 20:00,Fiorentina,Internazionale,ok,,18.11 19:00,01.12 20:00,3.17,3.52,2.17,4.16,3.55,1.97,0.5,1.69,2.17,1.94,1.98,2.5,1.72,2.1,1.93,1.97,4.16,3.55,1.97,1.94,1.98,1.93,1.97,ok,
1600830076,01.12 17:00,Parma,Lazio,ok,,18.11 19:00,01.12 16:58,3.66,3.66,1.93,4.93,3.86,1.76,0.75,1.66,2.23,1.94,1.98,2.75,1.91,1.89,1.97,1.93,4.93,3.86,1.76,1.94,1.98,1.97,1.93,ok,
1600830080,29.11 23:00,Mallorca,Valencia,ok,,18.11 18:57,29.11 22:52,1.89,3.07,4.75,2.19,2.83,4.46,-0.25,1.61,2.33,1.83,2.1,1.75,1.8,2.02,2.04,1.85,2.19,2.83,4.46,1.83,2.1,2.04,1.85,ok,
1600830083,30.11 18:15,Alaves,Leganes,ok,,18.11 18:58,30.11 18:15,2.01,3.13,4.06,1.89,3.13,5.46,-0.5,2.01,1.81,1.9,2.02,1.75,1.66,2.35,1.93,1.98,1.89,3.13,5.46,1.9,2.02,1.93,1.98,ok,
1600830084,01.12 16:00,Villarreal,Girona,ok,,18.11 19:00,01.12 16:00,1.83,3.87,3.83,1.81,3.94,4.49,-0.75,2.08,1.75,2.05,1.88,3.0,1.92,1.88,2.01,1.9,1.81,3.94,4.49,2.05,1.88,2.01,1.9,ok,
1600830085,02.12 23:00,Sevilla,Osasuna,ok,,18.11 19:01,02.12 22:59,1.95,3.39,3.91,1.97,3.47,4.27,-0.5,1.96,1.86,1.98,1.94,2.25,1.83,1.98,2.0,1.9,1.97,3.47,4.27,1.98,1.94,2.0,1.9,ok,
1600830086,01.12 23:00,Real Sociedad,Real Betis,ok,,18.11 19:00,01.12 22:58,1.75,3.46,4.88,1.68,3.77,5.89,-0.75,2.01,1.82,1.89,2.04,2.25,2.1,1.72,1.97,1.93,1.68,3.77,5.89,1.89,2.04,1.97,1.93,ok,
1600830087,01.12 22:45,Marseille,Monaco,ok,,18.11 19:00,01.12 22:45,2.27,3.66,2.88,2.65,3.51,2.74,0.0,1.68,2.18,1.93,2.0,2.75,1.65,2.22,1.92,1.99,2.65,3.51,2.74,1.93,2.0,1.92,1.99,ok,
1600831352,30.11 17:00,Como,Monza,ok,,18.11 18:58,30.11 16:59,1.79,3.48,4.54,1.92,3.48,4.55,-0.5,1.81,2.03,1.93,2.0,2.5,2.06,1.75,2.07,1.85,1.92,3.48,4.55,1.93,2.0,2.07,1.85,ok,
1600831353,30.11 20:00,AC Milan,Empoli,ok,,18.11 18:58,30.11 19:59,1.33,5.17,8.02,1.34,5.24,10.39,-1.5,1.99,1.84,2.05,1.88,2.75,1.78,2.03,2.07,1.85,1.34,5.24,10.39,2.05,1.88,2.07,1.85,ok,
1600831354,01.12 14:30,Udinese,Genoa,ok,,18.11 19:00,01.12 14:30,1.84,3.41,4.38,2.01,3.47,4.12,-0.5,1.85,1.97,2.02,1.91,2.25,1.84,1.96,1.87,2.04,2.01,3.47,4.12,2.02,1.91,1.87,2.04,ok,
1600831355,02.12 22:45,Roma,Atalanta,ok,,18.11 19:01,02.12 22:45,2.86,3.44,2.38,3.7,3.44,2.14,0.25,1.77,2.07,2.09,1.85,2.5,1.75,2.07,1.98,1.93,3.7,3.44,2.14,2.09,1.85,1.98,1.93,ok,
1600831357,29.11 22:45,Reims,Lens,ok,,18.11 18:57,29.11 22:45,2.79,3.38,2.47,3.26,3.3,2.36,0.25,1.71,2.13,1.88,2.03,2.5,1.78,2.03,2.0,1.88,3.26,3.3,2.36,1.88,2.03,2.0,1.88,ok,
1600831360,30.11 19:00,Rennes,St Etienne,ok,,18.11 18:58,30.11 18:32,1.32,5.27,8.01,1.59,4.15,6.19,-1.0,1.5,2.6,2.03,1.89,2.5,1.62,2.28,2.02,1.88,1.59,4.15,6.19,2.03,1.89,2.02,1.88,ok,
1600831361,30.11 21:00,Brest,Strasbourg,ok,,18.11 18:58,30.11 21:00,2.09,3.49,3.39,2.14,3.41,3.74,-0.25,1.81,2.01,1.84,2.1,2.5,1.86,1.94,2.0,1.9,2.14,3.41,3.74,1.84,2.1,2.0,1.9,ok,
1600831362,30.11 23:00,Paris Saint-Germain,Nantes,ok,,18.11 18:58,30.11 23:00,1.19,7.1,10.68,1.16,8.34,17.78,-2.0,1.95,1.85,1.84,2.08,3.25,1.78,2.0,1.93,1.95,1.16,8.34,17.78,1.84,2.08,1.93,1.95,ok,
1600831363,01.12 17:00,Montpellier,Lille,ok,,18.11 19:00,01.12 17:01,4.1,3.94,1.76,4.64,3.66,1.85,0.5,2.12,1.81,2.08,1.85,2.5,1.64,2.39,1.88,2.04,4.64,3.66,1.85,2.08,1.85,1.88,2.04,ok,
1600831364,01.12 19:00,Toulouse,Auxerre,ok,,18.11 19:00,01.12 19:01,1.68,3.96,4.6,1.68,3.9,5.59,-0.75,1.88,1.94,1.87,2.06,2.75,1.88,1.93,2.03,1.88,1.68,3.9,5.59,1.87,2.06,2.03,1.88,ok,
1600831710,29.11 22:45,Cagliari,Hellas Verona,ok,,18.11 18:57,29.11 22:43,1.85,3.62,4.07,1.93,3.51,4.28,-0.5,1.85,1.97,1.94,1.96,2.75,2.01,1.79,2.04,1.85,1.93,3.51,4.28,1.94,1.96,2.04,1.85,ok,
1600831711,30.11 22:45,Bologna,Venezia,ok,,18.11 18:58,30.11 22:45,1.5,4.26,6.02,1.88,3.49,4.73,-0.5,1.53,2.68,1.88,2.04,2.25,1.62,2.43,1.98,1.93,1.88,3.49,4.73,1.88,2.04,1.98,1.93,ok,
1600831712,01.12 22:45,Lecce,Juventus,ok,,18.11 19:00,01.12 22:45,4.56,3.5,1.79,6.87,3.56,1.65,0.75,1.78,2.04,2.06,1.87,2.0,1.59,2.33,1.94,1.96,6.87,3.56,1.65,2.06,1.87,1.94,1.96,ok,
1600831713,01.12 17:00,Torino,Napoli,ok,,18.11 19:00,01.12 17:00,4.09,3.42,1.9,6.4,3.51,1.69,0.75,1.67,2.2,2.0,1.93,2.0,1.56,2.4,1.83,2.09,6.4,3.51,1.69,2.0,1.93,1.83,2.09,ok,
1600831715,30.11 16:00,Barcelona,Las Palmas,ok,,18.11 18:58,30.11 16:00,1.12,9.21,14.15,1.13,9.5,23.0,-2.5,2.0,1.81,2.08,1.86,3.75,1.9,1.84,1.87,2.02,1.13,9.5,23.0,2.08,1.86,1.87,2.02,ok,
1600831718,30.11 20:30,Espanyol,Celta Vigo,ok,,18.11 18:59,30.11 20:29,3.24,3.31,2.22,3.83,3.09,2.26,0.25,1.9,1.92,2.01,1.91,2.25,1.74,2.08,1.97,1.93,3.83,3.09,2.26,2.01,1.91,1.97,1.93,ok,
1600831719,30.11 23:00,Real Valladolid,Atletico Madrid,ok,,18.11 18:59,30.11 22:59,6.03,4.08,1.52,7.94,4.57,1.45,1.25,1.65,2.23,1.88,2.05,2.5,1.93,1.87,1.95,1.95,7.94,4.57,1.45,1.88,2.05,1.95,1.95,ok,
1600831720,01.12 20:30,Rayo Vallecano,Athletic Club Bilbao,ok,,18.11 19:00,01.12 20:30,2.93,2.96,2.63,3.32,2.96,2.57,0.25,1.7,2.28,1.79,2.16,2.0,1.82,1.98,1.97,1.93,3.32,2.96,2.57,1.79,2.16,1.97,1.93,ok,
1600831721,01.12 18:15,Real Madrid,Getafe,ok,,18.11 19:00,01.12 18:14,1.25,5.71,10.84,1.32,5.25,12.05,-1.5,1.81,2.02,1.99,1.93,2.75,1.96,1.85,2.0,1.91,1.32,5.25,12.05,1.99,1.93,2.0,1.91,ok,
1600831722,01.12 19:00,Le Havre,Angers,ok,,18.11 19:00,01.12 19:01,2.13,3.22,3.57,2.35,3.09,3.59,-0.25,1.83,2.0,1.99,1.93,2.25,1.85,1.96,2.09,1.83,2.35,3.09,3.59,1.99,1.93,2.09,1.83,ok,
1600831723,01.12 19:00,Lyon,Nice,ok,,18.11 19:00,01.12 18:59,1.99,3.62,3.54,1.71,4.24,4.79,-0.75,2.3,1.62,1.89,2.03,3.0,2.19,1.67,1.84,2.08,1.71,4.24,4.79,1.89,2.03,1.84,2.08,ok,
1601135944,08.12 20:00,Venezia,Como,ok,,25.11 00:32,08.12 19:54,2.71,3.31,2.57,2.83,3.23,2.75,0.0,1.96,1.85,1.99,1.93,2.5,1.85,1.96,1.93,1.97,2.83,3.23,2.75,1.99,1.93,1.93,1.97,ok,
1601138343,03.12 21:00,Mallorca,Barcelona,ok,,25.11 00:19,03.12 20:59,4.17,3.84,1.89,5.69,4.2,1.62,1.0,1.55,2.64,1.85,2.08,2.75,2.03,1.88,2.07,1.85,5.69,4.2,1.62,1.85,2.08,2.07,1.85,ok,
1601181803,07.12 21:00,Nice,Le Havre,ok,,25.11 00:29,07.12 20:48,1.38,4.62,7.62,1.62,3.99,6.2,-1.0,1.63,2.28,2.07,1.86,2.5,1.85,1.96,1.93,1.98,1.62,3.99,6.2,2.07,1.86,1.93,1.98,ok,
1601181804,07.12 19:00,Monaco,Toulouse,ok,,25.11 00:29,07.12 19:01,1.56,4.29,5.16,1.89,3.71,4.31,-0.5,1.56,2.43,1.9,2.02,2.75,1.73,2.09,2.02,1.88,1.89,3.71,4.31,1.9,2.02,2.02,1.88,ok,
1601181805,07.12 23:00,Angers,Lyon,ok,,25.11 00:29,07.12 23:00,4.08,3.93,1.77,5.39,4.29,1.63,1.0,1.59,2.37,1.86,2.07,3.0,1.96,1.85,2.05,1.86,5.39,4.29,1.63,1.86,2.07,2.05,1.86,ok,
1601181806,08.12 22:45,St Etienne,Marseille,ok,,25.11 00:32,08.12 22:45,4.96,4.28,1.58,6.0,4.25,1.59,1.0,1.83,1.99,1.92,2.01,2.75,1.74,2.07,1.96,1.94,6.0,4.25,1.59,1.92,2.01,1.96,1.94,ok,
1601181817,09.12 22:45,Monza,Udinese,ok,,25.11 00:34,09.12 22:44,2.56,3.15,2.84,2.81,2.96,3.0,0.0,1.81,2.02,1.9,2.03,2.0,1.63,2.26,1.93,1.98,2.81,2.96,3.0,1.9,2.03,1.93,1.98,ok,
1601181818,07.12 17:00,Genoa,Torino,ok,,25.11 00:29,07.12 16:53,2.79,2.97,2.74,2.55,2.97,3.35,-0.25,2.43,1.63,2.14,1.81,2.0,1.79,2.03,2.02,1.88,2.55,2.97,3.35,2.14,1.81,2.02,1.88,ok,
1601181819,07.12 22:45,Roma,Lecce,ok,,25.11 00:29,07.12 22:43,1.51,4.16,5.99,1.51,4.18,7.59,-1.0,1.89,1.93,1.89,2.03,2.5,1.86,1.93,2.05,1.86,1.51,4.18,7.59,1.89,2.03,2.05,1.86,ok,
1601181820,09.12 23:00,Getafe,Espanyol,ok,,25.11 00:34,09.12 22:58,1.68,3.41,5.55,1.85,3.08,6.09,-0.5,1.68,2.18,1.85,2.08,1.75,1.65,2.23,1.95,1.95,1.85,3.08,6.09,1.85,2.08,1.95,1.95,ok,
1601181879,08.12 19:00,Strasbourg,Reims,ok,,25.11 00:32,08.12 19:01,2.16,3.55,3.16,2.5,3.46,2.96,0.0,1.64,2.42,1.81,2.15,2.75,1.87,1.93,2.05,1.87,2.5,3.46,2.96,1.81,2.15,2.05,1.87,ok,
1601181881,08.12 17:00,Lens,Montpellier,ok,,25.11 00:32,08.12 17:00,1.33,5.25,7.89,1.41,4.84,8.55,-1.25,1.71,2.13,1.93,1.99,2.75,1.64,2.24,1.89,2.01,1.41,4.84,8.55,1.93,1.99,1.89,2.01,ok,
1601181882,06.12 21:00,Lille,Brest,ok,,25.11 00:25,06.12 21:00,1.53,4.12,5.8,1.65,3.76,6.3,-0.75,1.72,2.26,1.84,2.1,2.5,1.85,1.94,2.05,1.87,1.65,3.76,6.3,1.84,2.1,2.05,1.87,ok,
1601181883,06.12 23:00,Auxerre,Paris Saint-Germain,ok,,25.11 00:25,06.12 23:00,4.97,4.72,1.53,9.82,6.02,1.3,1.75,1.49,2.79,1.91,2.0,3.5,1.9,1.9,2.05,1.85,9.82,6.02,1.3,1.91,2.0,2.05,1.85,ok,
1601181894,07.12 20:00,Juventus,Bologna,ok,,25.11 00:29,07.12 19:58,1.72,3.55,4.96,1.79,3.36,5.7,-0.75,1.96,1.86,2.07,1.86,2.0,1.64,2.25,1.96,1.94,1.79,3.36,5.7,2.07,1.86,1.96,1.94,ok,
1601181895,06.12 22:45,Atalanta,AC Milan,ok,,25.11 00:25,06.12 22:45,1.83,3.84,3.86,2.1,3.54,3.7,-0.5,1.84,1.97,2.11,1.83,2.75,1.8,2.11,2.06,1.85,2.1,3.54,3.7,2.11,1.83,2.06,1.85,ok,
1601181896,06.12 20:30,Internazionale,Parma,ok,,25.11 00:25,06.12 20:28,1.18,7.33,11.09,1.19,8.1,13.43,-2.0,1.88,1.92,1.88,2.03,3.5,1.89,1.89,1.86,2.03,1.19,8.1,13.43,1.88,2.03,1.86,2.03,ok,
1601181897,08.12 14:30,Fiorentina,Cagliari,ok,,25.11 00:32,08.12 14:30,1.41,4.83,6.62,1.57,4.19,6.44,-1.0,1.68,2.32,1.94,1.98,2.75,1.74,2.2,1.93,1.98,1.57,4.19,6.44,1.94,1.98,1.93,1.98,ok,
1601181898,08.12 20:30,Osasuna,Alaves,ok,,25.11 00:32,08.12 20:24,1.94,3.27,4.12,2.29,3.07,3.75,-0.25,1.66,2.21,1.94,1.98,2.0,1.71,2.11,1.97,1.93,2.29,3.07,3.75,1.94,1.98,1.97,1.93,ok,
1601181899,08.12 18:15,Athletic Club Bilbao,Villarreal,ok,,25.11 00:32,08.12 18:16,1.83,3.73,3.98,1.87,3.56,4.7,-0.5,1.84,1.97,1.88,2.06,2.5,1.78,2.15,2.04,1.88,1.87,3.56,4.7,1.88,2.06,2.04,1.88,ok,
1601181900,07.12 20:30,Valencia,Rayo Vallecano,ok,,25.11 00:29,07.12 20:30,2.01,3.11,4.1,2.25,3.07,3.87,-0.25,1.75,2.2,1.91,2.02,2.0,1.92,1.88,2.03,1.88,2.25,3.07,3.87,1.91,2.02,2.03,1.88,ok,
1601182904,08.12 19:00,Nantes,Rennes,ok,,25.11 00:32,08.12 18:57,2.93,3.3,2.41,3.35,3.05,2.49,0.25,1.76,2.08,1.82,2.13,2.0,1.45,2.72,1.92,1.99,3.35,3.05,2.49,1.82,2.13,1.92,1.99,ok,
1601182914,08.12 22:45,Napoli,Lazio,ok,,25.11 00:32,08.12 22:45,1.93,3.51,3.85,1.83,3.57,4.93,-0.5,1.93,1.88,1.83,2.09,2.25,1.73,2.09,1.84,2.08,1.83,3.57,4.93,1.83,2.09,1.84,2.08,ok,
1601182915,08.12 17:00,Hellas Verona,Empoli,ok,,25.11 00:32,08.12 16:59,2.42,3.12,3.07,2.72,2.89,3.18,0.0,1.69,2.17,1.82,2.13,2.0,1.64,2.24,1.86,2.06,2.72,2.89,3.18,1.82,2.13,1.86,2.06,ok,
1601182916,07.12 18:15,Real Betis,Barcelona,ok,,25.11 00:29,07.12 18:15,3.66,3.93,1.86,6.02,4.84,1.52,1.25,1.4,2.9,1.87,2.07,3.5,2.41,1.56,2.05,1.86,6.02,4.84,1.52,1.87,2.07,2.05,1.86,ok,
1601182917,07.12 16:00,Las Palmas,Real Valladolid,ok,,25.11 00:29,07.12 16:00,1.81,3.56,4.31,1.68,3.8,5.86,-0.75,2.13,1.8,1.88,2.05,2.5,2.0,1.81,2.08,1.84,1.68,3.8,5.86,1.88,2.05,2.08,1.84,ok,
1601182918,08.12 23:00,Atletico Madrid,Sevilla,ok,,25.11 00:32,08.12 22:59,1.41,4.55,7.13,1.38,4.91,9.73,-1.25,1.96,1.86,1.91,2.02,2.5,1.81,2.0,1.92,1.99,1.38,4.91,9.73,1.91,2.02,1.92,1.99,ok,
1601182942,04.12 23:00,Athletic Club Bilbao,Real Madrid,ok,,25.11 00:22,04.12 22:59,3.28,3.49,2.13,3.38,3.47,2.25,0.25,1.97,1.85,1.97,1.95,2.5,1.77,2.03,1.88,2.03,3.38,3.47,2.25,1.97,1.95,1.88,2.03,ok,
1601184566,07.12 23:00,Girona,Real Madrid,ok,,25.11 00:29,07.12 23:00,3.7,3.84,1.88,4.72,4.16,1.73,0.75,1.71,2.13,1.99,1.93,3.0,1.89,1.91,1.88,2.03,4.72,4.16,1.73,1.99,1.93,1.88,2.03,ok,
1601184567,06.12 23:00,Celta Vigo,Mallorca,ok,,25.11 00:25,06.12 23:00,2.03,3.17,3.93,1.9,3.29,5.0,-0.5,2.04,1.79,1.91,2.01,2.0,1.79,2.02,1.89,2.02,1.9,3.29,5.0,1.91,2.01,1.89,2.02,ok,
1601184568,08.12 16:00,Leganes,Real Sociedad,ok,,25.11 00:32,08.12 15:57,4.05,2.96,2.1,6.27,3.11,1.82,0.5,1.74,2.1,2.12,1.83,1.75,1.79,2.03,1.98,1.93,6.27,3.11,1.82,2.12,1.83,1.98,1.93,ok,
1601545875,15.12 16:00,Atletico Madrid,Getafe,ok,,02.12 01:00,15.12 16:00,1.42,4.13,8.16,1.35,4.9,12.0,-1.25,2.08,1.76,1.89,2.04,2.5,2.38,1.57,2.07,1.85,1.35,4.9,12.0,1.89,2.04,2.07,1.85,ok,
1601545878,14.12 20:00,Udinese,Napoli,ok,,02.12 00:59,14.12 19:53,4.01,3.43,1.91,5.55,3.59,1.75,0.75,1.66,2.22,1.93,1.99,2.25,1.81,2.0,1.96,1.94,5.55,3.59,1.75,1.93,1.99,1.96,1.94,ok,
1601545879,14.12 22:45,Juventus,Venezia,ok,,02.12 00:59,14.12 22:44,1.32,5.15,8.59,1.37,4.85,10.24,-1.25,1.73,2.11,1.9,2.02,2.5,1.71,2.12,1.94,1.96,1.37,4.85,10.24,1.9,2.02,1.94,1.96,ok,
1601545880,15.12 22:45,AC Milan,Genoa,ok,,02.12 01:00,15.12 22:43,1.26,5.84,9.23,1.53,4.17,7.13,-1.0,1.41,3.12,1.95,1.97,2.5,1.55,2.6,2.02,1.88,1.53,4.17,7.13,1.95,1.97,2.02,1.88,ok,
1601547020,14.12 23:00,Rayo Vallecano,Real Madrid,ok,,02.12 00:59,14.12 23:00,5.34,4.07,1.57,6.6,4.32,1.54,1.0,1.82,2.0,2.0,1.93,2.75,1.99,1.81,2.04,1.87,6.6,4.32,1.54,2.0,1.93,2.04,1.87,ok,
1601547021,15.12 20:30,Villarreal,Real Betis,ok,,02.12 01:00,15.12 20:29,1.83,3.75,3.95,1.93,3.69,4.13,-0.5,1.84,1.97,1.94,1.98,2.75,1.89,1.91,1.85,2.07,1.93,3.69,4.13,1.94,1.98,1.85,2.07,ok,
1601547023,15.12 20:00,Como,Roma,ok,,02.12 01:00,15.12 20:00,2.77,3.23,2.56,3.98,3.29,2.11,0.5,1.55,2.64,1.82,2.12,2.5,1.96,1.84,1.99,1.92,3.98,3.29,2.11,1.82,2.12,1.99,1.92,ok,
1601547024,15.12 14:30,Lecce,Monza,ok,,02.12 01:00,15.12 14:30,2.1,3.18,3.69,2.85,3.08,2.85,0.0,1.52,2.72,1.96,1.96,2.25,2.03,1.79,1.95,1.95,2.85,3.08,2.85,1.96,1.96,1.95,1.95,ok,
1601547025,15.12 17:00,Bologna,Fiorentina,ok,,02.12 01:00,15.12 16:57,2.61,3.18,2.76,2.75,3.12,2.91,0.0,1.85,1.96,1.91,2.02,2.25,1.78,2.04,1.98,1.93,2.75,3.12,2.91,1.91,2.02,1.98,1.93,ok,
1601547026,15.12 17:00,Parma,Hellas Verona,ok,,02.12 01:00,15.12 16:55,1.72,3.9,4.39,2.14,3.38,3.78,-0.25,1.56,2.61,1.84,2.1,2.5,1.74,2.21,1.88,2.04,2.14,3.38,3.78,1.84,2.1,1.88,2.04,ok,
1601548523,14.12 18:15,Mallorca,Girona,ok,,02.12 00:59,14.12 18:16,2.39,3.05,3.18,2.8,2.99,2.98,0.0,1.66,2.23,1.9,2.03,2.0,1.74,2.08,2.03,1.88,2.8,2.99,2.98,1.9,2.03,2.03,1.88,ok,
1601548524,15.12 18:15,Alaves,Athletic Club Bilbao,ok,,02.12 01:00,15.12 18:15,3.22,3.04,2.37,4.06,3.0,2.23,0.25,1.81,2.02,2.05,1.88,2.0,1.78,2.04,2.09,1.83,4.06,3.0,2.23,2.05,1.88,2.09,1.83,ok,
1601548525,14.12 20:30,Sevilla,Celta Vigo,ok,,02.12 00:59,14.12 20:30,2.16,3.34,3.34,2.59,3.22,3.03,0.0,1.6,2.51,1.82,2.13,2.25,1.77,2.16,1.96,1.93,2.59,3.22,3.03,1.82,2.13,1.96,1.93,ok,
1601548526,15.12 20:30,Real Sociedad,Las Palmas,ok,,02.12 01:00,15.12 20:29,1.45,4.51,8.26,1.34,5.04,11.27,-1.5,2.38,1.65,2.07,1.87,2.5,2.11,1.81,2.02,1.88,1.34,5.04,11.27,2.07,1.87,2.02,1.88,ok,
1601548527,13.12 23:00,Real Valladolid,Valencia,ok,,02.12 00:57,13.12 22:59,3.01,3.04,2.52,3.37,3.11,2.44,0.25,1.76,2.19,1.86,2.07,2.0,1.77,2.16,1.86,2.05,3.37,3.11,2.44,1.86,2.07,1.86,2.05,ok,
1601548528,14.12 16:00,Espanyol,Osasuna,ok,,02.12 00:59,14.12 15:58,2.76,3.17,2.62,2.78,3.16,2.85,0.0,1.96,1.86,1.93,1.99,2.25,1.82,1.99,2.03,1.88,2.78,3.16,2.85,1.93,1.99,2.03,1.88,ok,
1601548530,16.12 22:45,Lazio,Internazionale,ok,,02.12 01:02,16.12 22:45,3.3,3.47,2.12,3.67,3.32,2.2,0.25,1.97,1.85,2.04,1.88,2.5,1.81,2.0,2.09,1.82,3.67,3.32,2.2,2.04,1.88,2.09,1.82,ok,
1601548531,13.12 22:45,Empoli,Torino,ok,,02.12 00:57,13.12 22:45,2.66,2.95,2.9,2.65,2.84,3.35,-0.25,2.24,1.65,2.21,1.76,1.75,1.62,2.27,1.88,2.02,2.65,2.84,3.35,2.21,1.76,1.88,2.02,ok,
1601548532,14.12 17:00,Cagliari,Atalanta,ok,,02.12 00:59,14.12 16:59,4.4,4.05,1.69,5.9,4.1,1.62,1.0,1.68,2.2,1.86,2.07,2.75,1.72,2.1,2.0,1.91,5.9,4.1,1.62,1.86,2.07,2.0,1.91,ok,
1601548558,15.12 17:00,Montpellier,Nice,ok,,02.12 01:01,15.12 17:01,3.59,3.64,1.97,2.85,3.73,2.44,0.0,2.79,1.5,2.13,1.82,3.0,2.25,1.71,1.97,1.93,2.85,3.73,2.44,2.13,1.82,1.97,1.93,ok,
1601548559,14.12 19:00,Marseille,Lille,ok,,02.12 00:59,14.12 18:59,2.15,3.52,3.21,2.1,3.52,3.73,-0.5,2.15,1.7,2.11,1.83,2.5,1.76,2.04,1.93,1.97,2.1,3.52,3.73,2.11,1.83,1.93,1.97,ok,
1601548560,14.12 23:00,Reims,Monaco,ok,,02.12 00:59,14.12 23:00,3.15,3.68,2.11,3.46,3.39,2.25,0.25,1.96,1.85,1.99,1.93,2.5,1.61,2.47,1.88,2.04,3.46,3.39,2.25,1.99,1.93,1.88,2.04,ok,
1601548561,13.12 22:45,Toulouse,St Etienne,ok,,02.12 00:57,13.12 22:45,1.46,4.48,6.17,1.45,4.57,8.04,-1.25,2.05,1.79,2.03,1.89,2.75,1.85,1.94,2.04,1.88,1.45,4.57,8.04,2.03,1.89,2.04,1.88,ok,
1601548562,15.12 19:00,Le Havre,Strasbourg,ok,,02.12 01:01,15.12 18:59,2.79,3.24,2.54,3.54,3.19,2.31,0.25,1.73,2.24,1.95,1.97,2.25,1.76,2.18,1.85,2.07,3.54,3.19,2.31,1.95,1.97,1.85,2.07,ok,
1601550721,15.12 19:00,Brest,Nantes,ok,,02.12 01:01,15.12 18:50,1.83,3.54,4.22,2.33,3.11,3.61,-0.25,1.6,2.35,1.97,1.95,2.0,1.54,2.46,1.88,2.03,2.33,3.11,3.61,1.97,1.95,1.88,2.03,ok,
1601550722,14.12 21:00,Auxerre,Lens,ok,,02.12 00:59,14.12 20:59,3.25,3.53,2.13,4.81,3.84,1.78,0.75,1.57,2.57,1.91,2.02,2.75,1.92,1.88,2.04,1.87,4.81,3.84,1.78,1.91,2.02,2.04,1.87,ok,
1601550723,15.12 22:45,Paris Saint-Germain,Lyon,ok,,02.12 01:01,15.12 22:43,1.41,5.18,6.0,1.4,5.65,7.0,-1.5,2.12,1.81,2.05,1.88,3.5,1.88,1.92,1.96,1.94,1.4,5.65,7.0,2.05,1.88,1.96,1.94,ok,
1601550724,15.12 19:00,Rennes,Angers,ok,,02.12 01:01,15.12 18:58,1.42,4.61,6.8,1.66,3.8,6.0,-0.75,1.56,2.62,1.86,2.07,2.25,1.55,2.6,1.85,2.06,1.66,3.8,6.0,1.86,2.07,1.85,2.06,ok,
1601907108,21.12 20:30,Osasuna,Athletic Club Bilbao,ok,,09.12 00:48,21.12 20:24,3.34,3.24,2.21,4.59,3.07,2.06,0.5,1.67,2.21,1.86,2.07,2.0,1.6,2.32,1.88,2.03,4.59,3.07,2.06,1.86,2.07,1.88,2.03,ok,
1601907109,22.12 16:00,Valencia,Alaves,ok,,09.12 00:51,22.12 15:57,2.05,3.11,3.93,2.11,3.18,4.16,-0.5,2.06,1.77,2.12,1.83,2.0,1.87,1.93,1.83,2.09,2.11,3.18,4.16,2.12,1.83,1.83,2.09,ok,
1601907110,21.12 18:15,Celta Vigo,Real Sociedad,ok,,09.12 00:48,21.12 18:15,2.84,3.09,2.6,2.78,2.95,3.05,0.0,2.0,1.83,1.88,2.06,2.0,1.72,2.11,2.03,1.88,2.78,2.95,3.05,1.88,2.06,2.03,1.88,ok,
1601907111,22.12 18:15,Real Madrid,Sevilla,ok,,09.12 00:51,22.12 18:13,1.22,6.45,9.85,1.25,6.66,11.61,-1.75,1.84,1.96,1.9,2.0,3.5,2.13,1.79,2.04,1.85,1.25,6.66,11.61,1.9,2.0,2.04,1.85,ok,
1601907112,20.12 23:00,Girona,Real Valladolid,ok,,09.12 00:44,20.12 23:00,1.37,4.92,7.32,1.37,5.04,9.74,-1.25,1.84,1.99,1.83,2.09,2.5,1.64,2.25,1.89,2.02,1.37,5.04,9.74,1.83,2.09,1.89,2.02,ok,
1601909355,21.12 16:00,Getafe,Mallorca,ok,,09.12 00:48,21.12 16:00,2.15,2.87,4.04,2.43,2.63,4.25,-0.25,1.8,2.03,1.99,1.93,1.5,1.66,2.21,2.02,1.88,2.43,2.63,4.25,1.99,1.93,2.02,1.88,ok,
1601909356,21.12 23:00,Barcelona,Atletico Madrid,ok,,09.12 00:48,21.12 22:59,1.72,4.03,4.24,2.05,3.63,3.77,-0.5,1.72,2.12,2.06,1.88,3.0,1.9,1.9,2.0,1.9,2.05,3.63,3.77,2.06,1.88,2.0,1.9,ok,
1601909358,22.12 23:00,Real Betis,Rayo Vallecano,ok,,09.12 00:51,22.12 23:00,1.89,3.32,4.28,1.76,3.63,5.32,-0.75,2.26,1.71,2.0,1.92,2.25,2.01,1.8,1.9,2.0,1.76,3.63,5.32,2.0,1.92,1.9,2.0,ok,
1601909369,22.12 14:30,Roma,Parma,ok,,09.12 00:51,22.12 14:30,1.56,4.27,5.12,1.38,5.1,8.75,-1.5,2.62,1.56,2.04,1.89,3.25,2.3,1.68,1.98,1.92,1.38,5.1,8.75,2.04,1.89,1.98,1.92,ok,
1601909370,22.12 17:00,Venezia,Cagliari,ok,,09.12 00:51,22.12 17:00,2.24,3.39,3.14,2.62,3.22,2.99,0.0,1.62,2.29,1.83,2.1,2.5,1.79,2.02,2.02,1.89,2.62,3.22,2.99,1.83,2.1,2.02,1.89,ok,
1601909493,22.12 20:30,Leganes,Villarreal,ok,,09.12 00:51,22.12 20:17,3.19,3.4,2.21,4.37,3.58,1.92,0.5,1.71,2.27,2.0,1.93,2.5,1.87,1.93,2.03,1.88,4.37,3.58,1.92,2.0,1.93,2.03,1.88,ok,
1601909494,22.12 20:30,Las Palmas,Espanyol,ok,,09.12 00:51,22.12 20:29,1.76,3.7,4.41,2.16,3.24,3.89,-0.25,1.58,2.55,1.85,2.09,2.0,1.45,2.94,1.81,2.12,2.16,3.24,3.89,1.85,2.09,1.81,2.12,ok,
1601909505,23.12 22:45,Internazionale,Como,ok,,09.12 01:05,23.12 22:45,1.24,6.07,9.86,1.35,5.42,9.56,-1.5,1.74,2.07,2.09,1.85,3.0,1.88,1.91,2.05,1.86,1.35,5.42,9.56,2.09,1.85,2.05,1.86,ok,
1601909506,22.12 22:45,Monza,Juventus,ok,,09.12 00:51,22.12 22:45,4.48,3.43,1.82,6.95,3.81,1.6,1.0,1.49,2.62,1.85,2.08,2.25,1.93,1.87,1.88,2.03,6.95,3.81,1.6,1.85,2.08,1.88,2.03,ok,
1601909507,21.12 20:00,Genoa,Napoli,ok,,09.12 00:48,21.12 19:59,5.04,3.69,1.68,5.77,3.5,1.75,0.75,1.93,1.89,1.93,2.0,2.25,1.81,2.0,2.08,1.84,5.77,3.5,1.75,1.93,2.0,2.08,1.84,ok,
1601910884,20.12 22:45,Hellas Verona,AC Milan,ok,,09.12 00:44,20.12 22:45,5.12,4.16,1.58,5.69,4.01,1.65,0.75,2.09,1.74,2.1,1.84,2.75,1.83,1.97,2.03,1.88,5.69,4.01,1.65,2.1,1.84,2.03,1.88,ok,
1601910885,23.12 20:30,Fiorentina,Udinese,ok,,09.12 01:05,23.12 20:29,1.48,4.35,6.08,1.6,4.07,6.31,-1.0,1.81,2.01,2.03,1.9,2.75,1.94,1.86,2.03,1.88,1.6,4.07,6.31,2.03,1.9,2.03,1.88,ok,
1601910886,21.12 17:00,Torino,Bologna,ok,,09.12 00:48,21.12 16:56,3.06,2.94,2.54,3.65,2.86,2.48,0.25,1.75,2.2,1.87,2.07,2.0,1.88,1.93,2.0,1.91,3.65,2.86,2.48,1.87,2.07,2.0,1.91,ok,
1601910887,22.12 20:00,Atalanta,Empoli,ok,,09.12 00:51,22.12 20:00,1.24,5.95,10.11,1.28,6.14,10.65,-1.75,1.96,1.85,2.06,1.85,3.0,1.91,1.87,1.9,1.99,1.28,6.14,10.65,2.06,1.85,1.9,1.99,ok,
1601910888,21.12 22:45,Lecce,Lazio,ok,,09.12 00:48,21.12 22:45,4.51,3.57,1.78,6.37,3.97,1.61,1.0,1.54,2.48,1.88,2.05,2.5,2.03,1.77,1.91,2.0,6.37,3.97,1.61,1.88,2.05,1.91,2.0,ok,
1601911488,18.12 23:00,Monaco,Paris Saint-Germain,ok,,09.12 00:46,18.12 23:00,3.01,3.72,2.18,4.25,4.07,1.83,0.75,1.52,2.53,1.87,2.06,3.0,1.76,2.05,1.88,2.02,4.25,4.07,1.83,1.87,2.06,1.88,2.02,ok,
1602200646,29.12 14:30,Udinese,Torino,ok,,16.12 00:13,29.12 14:30,2.19,3.05,3.62,2.28,2.99,3.91,-0.25,1.86,1.96,1.93,2.0,2.0,1.87,1.93,1.82,2.11,2.28,2.99,3.91,1.93,2.0,1.82,2.11,ok,
1602200647,28.12 17:00,Parma,Monza,ok,,16.12 00:12,28.12 17:00,1.94,3.51,3.81,2.64,3.3,2.9,0.0,1.43,2.83,1.87,2.06,2.5,1.82,1.99,1.97,1.93,2.64,3.3,2.9,1.87,2.06,1.97,1.93,ok,
1602200648,30.12 22:45,Bologna,Hellas Verona,ok,,16.12 12:10,30.12 22:44,1.56,3.88,5.88,1.55,4.13,6.92,-1.0,2.02,1.81,1.95,1.97,2.5,2.13,1.79,2.01,1.89,1.55,4.13,6.92,1.95,1.97,2.01,1.89,ok,
1602200649,30.12 20:30,Como,Lecce,ok,,16.12 12:10,30.12 20:29,1.84,3.46,4.31,1.67,3.78,6.02,-0.75,2.12,1.72,1.86,2.07,2.5,2.11,1.72,2.05,1.86,1.67,3.78,6.02,1.86,2.07,2.05,1.86,ok,
1602200650,28.12 17:00,Empoli,Genoa,ok,,16.12 00:12,28.12 17:00,2.2,3.05,3.58,2.61,2.86,3.39,-0.25,1.88,1.94,2.18,1.78,2.0,1.79,2.02,1.98,1.93,2.61,2.86,3.39,2.18,1.78,1.98,1.93,ok,
1602200729,29.12 22:45,AC Milan,Roma,ok,,16.12 00:13,29.12 22:44,1.68,3.94,4.63,2.35,3.19,3.46,-0.25,1.52,2.72,2.0,1.92,2.25,1.56,2.57,1.89,2.02,2.35,3.19,3.46,2.0,1.92,1.89,2.02,ok,
1602200730,28.12 22:45,Lazio,Atalanta,ok,,16.12 00:12,28.12 22:45,2.6,3.31,2.68,3.24,3.17,2.48,0.25,1.61,2.31,1.83,2.11,2.25,1.64,2.24,1.83,2.09,3.24,3.17,2.48,1.83,2.11,1.83,2.09,ok,
1602202355,29.12 20:00,Juventus,Fiorentina,ok,,16.12 00:13,29.12 19:59,1.94,3.4,3.94,1.92,3.36,4.74,-0.5,1.95,1.87,1.93,1.99,2.25,1.83,1.97,1.9,2.0,1.92,3.36,4.74,1.93,1.99,1.9,2.0,ok,
1602202356,29.12 17:00,Napoli,Venezia,ok,,16.12 00:13,29.12 17:00,1.23,6.0,10.35,1.25,6.07,13.59,-1.75,1.94,1.86,2.02,1.89,2.75,1.72,2.08,1.83,2.08,1.25,6.07,13.59,2.02,1.89,1.83,2.08,ok,
1602206132,04.01 21:00,Lille,Nantes,ok,,15.12 23:55,04.01 20:55,1.51,4.19,6.05,1.52,4.25,7.23,-1.0,1.88,1.94,1.88,2.04,2.5,1.88,1.92,2.0,1.91,1.52,4.25,7.23,1.88,2.04,2.0,1.91,ok,
1602206133,05.01 17:00,Lens,Toulouse,ok,,15.12 23:59,05.01 16:59,1.78,3.71,4.27,2.02,3.54,3.98,-0.5,1.78,2.04,2.03,1.9,2.5,1.87,1.93,1.95,1.95,2.02,3.54,3.98,2.03,1.9,1.95,1.95,ok,
1602206442,03.01 23:00,Nice,Rennes,ok,,15.12 23:54,03.01 22:54,2.2,3.35,3.24,2.42,3.25,3.26,-0.25,1.91,1.91,2.07,1.86,2.25,1.71,2.11,1.89,2.02,2.42,3.25,3.26,2.07,1.86,1.89,2.02,ok,
1602206444,05.01 22:45,Marseille,Le Havre,ok,,15.12 23:59,05.01 22:44,1.3,5.4,8.83,1.32,5.5,11.15,-1.5,1.9,1.92,1.95,1.97,2.75,1.79,2.03,2.0,1.9,1.32,5.5,11.15,1.95,1.97,2.0,1.9,ok,
1602206782,05.01 17:00,Angers,Brest,ok,,15.12 23:59,05.01 17:00,3.09,3.25,2.33,3.43,3.14,2.39,0.25,1.82,2.0,1.89,2.03,2.25,1.81,2.09,2.12,1.81,3.43,3.14,2.39,1.89,2.03,2.12,1.81,ok,
1602206783,05.01 17:00,Strasbourg,Auxerre,ok,,15.12 23:59,05.01 16:59,1.93,3.61,3.7,1.85,3.89,4.33,-0.5,1.94,1.88,1.85,2.08,3.0,2.11,1.72,2.07,1.85,1.85,3.89,4.33,1.85,2.08,2.07,1.85,ok,
1602206784,04.01 23:00,Lyon,Montpellier,ok,,15.12 23:55,04.01 23:00,1.29,5.86,7.87,1.36,5.76,8.1,-1.5,1.82,2.0,1.95,1.97,3.5,1.96,1.85,1.97,1.93,1.36,5.76,8.1,1.95,1.97,1.97,1.93,ok,
1602206785,04.01 19:00,St Etienne,Reims,ok,,15.12 23:55,04.01 18:59,3.27,3.41,2.17,3.58,3.48,2.17,0.25,1.94,1.88,2.06,1.88,2.5,1.87,1.93,1.88,2.04,3.58,3.48,2.17,2.06,1.88,1.88,2.04,ok,
1602216939,11.01 21:00,Reims,Nice,ok,,16.12 01:11,11.01 20:58,2.4,3.32,2.92,2.93,3.3,2.61,0.0,1.73,2.11,2.08,1.85,2.5,1.93,1.88,1.93,1.98,2.93,3.3,2.61,2.08,1.85,1.93,1.98,ok,
1602216940,11.01 19:00,Brest,Lyon,ok,,16.12 01:11,11.01 19:00,3.13,3.57,2.17,3.71,3.42,2.14,0.25,1.93,1.89,2.09,1.85,2.5,1.67,2.19,1.9,2.01,3.71,3.42,2.14,2.09,1.85,1.9,2.01,ok,
1602216941,12.01 19:15,Montpellier,Angers,ok,,16.12 01:11,12.01 19:13,1.92,3.64,3.74,2.09,3.38,3.92,-0.5,1.93,1.89,2.1,1.83,2.5,1.79,2.12,2.06,1.85,2.09,3.38,3.92,2.1,1.83,2.06,1.85,ok,
1602216942,12.01 17:00,Le Havre,Lens,ok,,16.12 01:11,12.01 17:00,4.53,3.65,1.75,6.6,4.05,1.58,1.0,1.56,2.42,1.92,2.01,2.5,1.97,1.84,1.99,1.92,6.6,4.05,1.58,1.92,2.01,1.99,1.92,ok,
1602216943,12.01 22:45,Paris Saint-Germain,St Etienne,ok,,16.12 01:11,12.01 22:45,1.09,11.06,17.73,1.11,10.77,22.14,-2.75,2.16,1.78,2.01,1.88,4.25,2.54,1.57,2.05,1.83,1.11,10.77,22.14,2.01,1.88,2.05,1.83,ok,
1602217980,10.01 21:00,Nantes,Monaco,ok,,16.12 01:11,10.01 20:59,4.09,3.7,1.82,3.84,3.31,2.15,0.25,2.36,1.59,2.1,1.84,2.25,1.57,2.36,1.88,2.03,3.84,3.31,2.15,2.1,1.84,1.88,2.03,ok,
1602217981,10.01 23:05,Auxerre,Lille,ok,,16.12 01:11,10.01 23:03,3.33,3.49,2.11,5.24,3.71,1.76,0.75,1.54,2.47,1.94,1.98,2.5,1.79,2.01,1.96,1.94,5.24,3.71,1.76,1.94,1.98,1.96,1.94,ok,
1602217985,11.01 23:05,Rennes,Marseille,ok,,16.12 01:11,11.01 23:05,2.54,3.34,2.74,3.28,3.33,2.37,0.25,1.63,2.42,1.89,2.03,2.25,1.63,2.42,1.82,2.09,3.28,3.33,2.37,1.89,2.03,1.82,2.09,ok,
1602218288,12.01 19:15,Toulouse,Strasbourg,ok,,16.12 01:11,12.01 19:15,1.72,3.88,4.4,2.02,3.43,4.14,-0.5,1.72,2.12,2.03,1.9,2.5,1.71,2.13,2.03,1.88,2.02,3.43,4.14,2.03,1.9,2.03,1.88,ok,
1602218332,13.01 23:00,Real Sociedad,Villarreal,ok,,16.12 01:48,13.01 23:00,1.7,3.73,4.73,2.03,3.38,4.18,-0.5,1.75,2.21,2.04,1.89,2.5,1.93,1.87,2.04,1.88,2.03,3.38,4.18,2.04,1.89,2.04,1.88,ok,
1602218333,11.01 20:30,Espanyol,Leganes,ok,,16.12 01:45,11.01 20:30,2.07,3.11,3.87,2.15,3.01,4.34,-0.25,1.76,2.07,1.81,2.14,2.0,1.85,1.96,2.07,1.85,2.15,3.01,4.34,1.81,2.14,2.07,1.85,ok,
1602220686,11.01 23:00,Sevilla,Valencia,ok,,16.12 01:45,11.01 23:00,2.07,3.18,3.76,2.16,3.16,4.03,-0.25,1.78,2.06,1.83,2.11,2.0,1.77,2.16,1.87,2.04,2.16,3.16,4.03,1.83,2.11,1.87,2.04,ok,
1602220688,10.01 23:00,Rayo Vallecano,Celta Vigo,ok,,16.12 01:44,10.01 22:57,2.43,3.11,3.06,2.95,3.17,2.68,0.0,1.75,2.21,2.06,1.87,2.25,1.93,1.87,1.95,1.95,2.95,3.17,2.68,2.06,1.87,1.95,1.95,ok,
1602220689,12.01 18:15,Atletico Madrid,Osasuna,ok,,16.12 01:47,12.01 18:14,1.33,5.04,8.32,1.33,5.32,10.75,-1.5,2.01,1.81,2.04,1.88,2.5,1.76,2.17,1.89,2.01,1.33,5.32,10.75,2.04,1.88,1.89,2.01,ok,
1602220690,11.01 18:15,Real Valladolid,Real Betis,ok,,16.12 01:45,11.01 18:07,3.44,3.34,2.12,5.1,3.64,1.79,0.75,1.53,2.51,1.89,2.04,2.25,1.76,2.04,1.86,2.05,5.1,3.64,1.79,1.89,2.04,1.86,2.05,ok,
1602220781,12.01 16:00,Las Palmas,Getafe,ok,,16.12 01:47,12.01 15:57,2.49,2.94,3.15,2.57,2.8,3.56,-0.25,2.1,1.75,2.13,1.81,1.75,1.68,2.29,1.91,2.0,2.57,2.8,3.56,2.13,1.81,1.91,2.0,ok,
1602220783,11.01 16:00,Alaves,Girona,ok,,16.12 01:45,11.01 15:57,2.49,3.23,2.86,3.25,3.15,2.49,0.25,1.59,2.53,1.83,2.11,2.25,1.78,2.15,2.02,1.88,3.25,3.15,2.49,1.83,2.11,2.02,1.88,ok,
1602433700,05.01 22:45,Roma,Lazio,ok,,23.12 01:14,05.01 22:42,2.36,3.28,3.01,2.65,3.08,3.07,0.0,1.69,2.17,1.83,2.12,2.25,1.71,2.11,1.85,2.06,2.65,3.08,3.07,1.83,2.12,1.85,2.06,ok,
1602433701,04.01 20:00,Fiorentina,Napoli,ok,,23.12 01:08,04.01 19:57,2.68,3.14,2.72,3.69,3.15,2.27,0.25,1.61,2.32,1.99,1.93,2.25,1.82,1.99,2.09,1.83,3.69,3.15,2.27,1.99,1.93,2.09,1.83,ok,
1602433702,05.01 20:00,Torino,Parma,ok,,23.12 01:14,05.01 19:58,2.02,3.3,3.79,1.78,3.61,5.24,-0.75,2.36,1.59,2.02,1.91,2.5,2.04,1.77,2.0,1.9,1.78,3.61,5.24,2.02,1.91,2.0,1.9,ok,
1602433812,04.01 22:45,Hellas Verona,Udinese,ok,,23.12 01:08,04.01 22:45,2.63,3.18,2.74,3.14,3.11,2.58,0.0,1.87,1.95,2.18,1.78,2.25,1.82,1.99,2.06,1.86,3.14,3.11,2.58,2.18,1.78,2.06,1.86,ok,
1602433814,05.01 17:00,Lecce,Genoa,ok,,23.12 01:14,05.01 16:59,2.42,3.05,3.14,3.04,2.96,2.78,0.0,1.72,2.26,2.05,1.88,2.0,1.79,2.13,1.9,2.01,3.04,2.96,2.78,2.05,1.88,1.9,2.01,ok,
1602433815,05.01 14:30,Monza,Cagliari,ok,,23.12 01:14,05.01 14:30,2.27,3.29,3.16,2.49,3.22,3.18,-0.25,1.95,1.86,2.13,1.82,2.5,2.03,1.79,2.05,1.86,2.49,3.22,3.18,2.13,1.82,2.05,1.86,ok,
1602435461,04.01 17:00,Venezia,Empoli,ok,,23.12 01:08,04.01 17:00,2.08,3.25,3.66,2.64,3.11,3.06,0.0,1.48,2.64,1.83,2.12,2.25,1.91,1.89,2.06,1.85,2.64,3.11,3.06,1.83,2.12,2.06,1.85,ok,
1602462634,18.01 16:00,Girona,Sevilla,ok,,23.12 12:54,18.01 15:58,1.73,3.82,4.43,1.93,3.45,4.54,-0.5,1.73,2.11,1.93,1.99,2.5,1.77,2.04,2.05,1.86,1.93,3.45,4.54,1.93,1.99,2.05,1.86,ok,
1602462635,18.01 20:30,Real Betis,Alaves,ok,,23.12 12:54,18.01 20:28,1.79,3.52,4.49,1.86,3.51,4.82,-0.5,1.8,2.03,1.87,2.06,2.25,1.84,1.96,1.95,1.95,1.86,3.51,4.82,1.87,2.06,1.95,1.95,ok,
1602462736,19.01 16:00,Celta Vigo,Athletic Club Bilbao,ok,,23.12 12:54,19.01 15:59,2.58,3.13,2.84,3.49,3.22,2.32,0.25,1.56,2.42,1.94,1.98,2.25,1.9,1.9,1.93,1.98,3.49,3.22,2.32,1.94,1.98,1.93,1.98,ok,
1602462737,19.01 20:30,Osasuna,Rayo Vallecano,ok,,23.12 12:54,19.01 20:27,2.19,3.1,3.55,2.33,3.17,3.52,-0.25,1.87,1.94,1.99,1.93,2.25,2.17,1.76,2.07,1.85,2.33,3.17,3.52,1.99,1.93,2.07,1.85,ok,
1602462738,20.01 23:00,Villarreal,Mallorca,ok,,23.12 12:54,20.01 23:00,1.73,3.61,4.75,1.74,3.71,5.4,-0.75,1.97,1.85,1.96,1.96,2.5,2.05,1.76,1.99,1.92,1.74,3.71,5.4,1.96,1.96,1.99,1.92,ok,
1602463638,18.01 18:15,Leganes,Atletico Madrid,ok,,23.12 12:54,18.01 18:16,6.35,4.02,1.51,7.49,4.15,1.52,1.0,1.91,1.91,1.99,1.93,2.25,1.79,2.02,1.93,1.97,7.49,4.15,1.52,1.99,1.93,1.93,1.97,ok,
1602463639,17.01 23:00,Espanyol,Real Valladolid,ok,,23.12 12:54,17.01 23:00,1.76,3.53,4.63,1.81,3.46,5.3,-0.75,2.02,1.81,2.1,1.83,2.0,1.63,2.42,1.87,2.04,1.81,3.46,5.3,2.1,1.83,1.87,2.04,ok,
1602463640,19.01 23:00,Valencia,Real Sociedad,ok,,23.12 12:54,19.01 22:59,3.58,2.94,2.26,3.24,2.88,2.69,0.0,2.55,1.58,2.17,1.79,1.75,1.75,2.18,2.02,1.88,3.24,2.88,2.69,2.17,1.79,2.02,1.88,ok,
1602463738,19.01 18:15,Real Madrid,Las Palmas,ok,,23.12 12:54,19.01 18:15,1.17,7.77,11.33,1.15,8.77,18.38,-2.25,2.09,1.83,2.05,1.87,3.5,1.81,2.1,2.02,1.87,1.15,8.77,18.38,2.05,1.87,2.02,1.87,ok,
1602463739,18.01 23:00,Getafe,Barcelona,ok,,23.12 12:54,18.01 23:00,5.26,4.01,1.59,7.25,4.57,1.48,1.25,1.58,2.38,1.82,2.13,2.75,2.03,1.78,2.04,1.88,7.25,4.57,1.48,1.82,2.13,2.04,1.88,ok,
1602608066,10.01 22:45,Lazio,Como,ok,,30.12 23:53,10.01 22:44,1.53,4.15,5.72,2.05,3.44,4.01,-0.5,1.57,2.57,2.06,1.88,2.5,1.81,1.99,2.02,1.89,2.05,3.44,4.01,2.06,1.88,2.02,1.89,ok,
1602608419,11.01 17:00,Empoli,Lecce,ok,,30.12 23:55,11.01 16:58,2.2,3.02,3.64,2.07,3.17,4.34,-0.5,2.2,1.68,2.08,1.85,2.0,1.78,2.04,1.81,2.12,2.07,3.17,4.34,2.08,1.85,1.81,2.12,ok,
1602608430,12.01 22:45,Napoli,Hellas Verona,ok,,30.12 23:57,12.01 22:45,1.23,5.93,10.8,1.36,5.1,9.69,-1.25,1.53,2.45,1.88,2.06,2.75,1.82,1.97,2.07,1.85,1.36,5.1,9.69,1.88,2.06,2.07,1.85,ok,
1602608438,12.01 17:00,Venezia,Internazionale,ok,,30.12 23:57,12.01 17:00,7.99,5.34,1.32,10.5,5.5,1.33,1.5,1.88,1.93,1.92,2.01,3.0,1.88,1.92,2.01,1.9,10.5,5.5,1.33,1.92,2.01,2.01,1.9,ok,
1602608462,12.01 20:00,Bologna,Roma,ok,,30.12 23:57,12.01 20:00,2.65,3.22,2.69,2.67,3.2,2.94,0.0,1.89,1.93,1.87,2.07,2.25,1.83,1.97,1.84,2.08,2.67,3.2,2.94,1.87,2.07,1.84,2.08,ok,
1602608726,12.01 14:30,Genoa,Parma,ok,,30.12 23:57,12.01 14:29,1.96,3.48,3.76,2.02,3.35,4.24,-0.5,1.97,1.85,2.03,1.89,2.5,1.81,2.0,1.98,1.93,2.02,3.35,4.24,2.03,1.89,1.98,1.93,ok,
1602608727,11.01 22:45,AC Milan,Cagliari,ok,,30.12 23:55,11.01 22:42,1.35,5.08,7.58,1.33,5.55,9.86,-1.5,2.02,1.81,1.99,1.93,3.0,1.97,1.83,1.88,2.03,1.33,5.55,9.86,1.99,1.93,1.88,2.03,ok,
1602608728,11.01 17:00,Udinese,Atalanta,ok,,30.12 23:55,11.01 17:00,4.45,3.86,1.72,5.84,3.82,1.67,0.75,1.88,1.93,2.05,1.88,2.5,1.73,2.09,2.07,1.85,5.84,3.82,1.67,2.05,1.88,2.07,1.85,ok,
1602608734,11.01 20:00,Torino,Juventus,ok,,30.12 23:55,11.01 20:01,4.49,3.26,1.87,4.54,3.03,2.09,0.5,1.93,1.88,1.84,2.1,1.75,1.64,2.39,1.85,2.07,4.54,3.03,2.09,1.84,2.1,1.85,2.07,ok,
1602626043,13.01 22:45,Monza,Fiorentina,ok,,30.12 23:59,13.01 22:45,3.87,3.5,1.93,4.6,3.35,1.94,0.5,1.88,1.93,1.97,1.95,2.25,1.7,2.14,1.88,2.03,4.6,3.35,1.94,1.97,1.95,1.88,2.03,ok,
1602764045,14.01 22:45,Atalanta,Juventus,ok,,06.01 01:05,14.01 22:45,1.94,3.45,3.87,2.14,3.15,4.08,-0.25,1.68,2.19,1.82,2.12,2.25,1.75,2.06,2.07,1.85,2.14,3.15,4.08,1.82,2.12,2.07,1.85,ok,
1602764046,18.01 20:00,Juventus,AC Milan,ok,,06.01 01:12,18.01 20:00,2.03,3.35,3.67,2.43,3.18,3.32,-0.25,1.8,2.13,2.07,1.86,2.25,1.81,2.01,1.96,1.94,2.43,3.18,3.32,2.07,1.86,1.96,1.94,ok,
1602764047,18.01 17:00,Bologna,Monza,ok,,06.01 01:12,18.01 17:00,1.51,4.07,6.14,1.59,3.88,6.88,-1.0,1.91,1.91,2.06,1.87,2.25,1.76,2.17,1.91,2.0,1.59,3.88,6.88,2.06,1.87,1.91,2.0,ok,
1602764048,19.01 20:00,Hellas Verona,Lazio,ok,,06.01 01:14,19.01 20:00,4.31,3.66,1.79,5.08,3.61,1.8,0.75,1.79,2.04,1.88,2.05,2.5,1.88,1.92,2.02,1.89,5.08,3.61,1.8,1.88,2.05,2.02,1.89,ok,
1602764577,18.01 21:00,Rennes,Brest,ok,,06.01 01:12,18.01 20:59,1.91,3.54,3.89,2.03,3.26,4.34,-0.5,1.92,1.9,2.04,1.88,2.0,1.46,2.88,1.88,2.04,2.03,3.26,4.34,2.04,1.88,1.88,2.04,ok,
1602764578,18.01 19:00,Lens,Paris Saint-Germain,ok,,06.01 01:12,18.01 18:59,3.58,3.74,1.94,4.05,3.79,1.93,0.5,1.87,1.94,1.98,1.93,3.0,2.01,1.8,2.03,1.88,4.05,3.79,1.93,1.98,1.93,2.03,1.88,ok,
1602764579,17.01 21:00,Montpellier,Monaco,ok,,06.01 01:11,17.01 21:00,4.08,4.09,1.74,5.37,4.36,1.63,1.0,1.64,2.27,1.89,2.03,3.25,1.99,1.82,2.03,1.88,5.37,4.36,1.63,1.89,2.03,2.03,1.88,ok,
1602780043,17.01 23:05,Lille,Nice,ok,,06.01 01:11,17.01 23:01,1.69,3.83,4.63,1.97,3.49,4.26,-0.5,1.74,2.22,1.98,1.94,2.5,1.82,1.99,2.02,1.88,1.97,3.49,4.26,1.98,1.94,2.02,1.88,ok,
1602780044,19.01 22:45,Marseille,Strasbourg,ok,,06.01 01:14,19.01 22:45,1.52,4.42,5.39,1.61,4.35,5.6,-1.0,1.87,1.95,2.01,1.91,3.0,1.9,1.9,2.01,1.89,1.61,4.35,5.6,2.01,1.91,2.01,1.89,ok,
1602780045,19.01 19:15,Reims,Le Havre,ok,,06.01 01:14,19.01 19:15,1.59,3.97,5.31,1.68,3.84,5.72,-0.75,1.76,2.06,1.89,2.03,2.5,1.92,1.88,2.07,1.85,1.68,3.84,5.72,1.89,2.03,2.07,1.85,ok,
1602780046,19.01 19:15,Angers,Auxerre,ok,,06.01 01:14,19.01 19:13,2.58,3.3,2.71,2.36,3.25,3.39,-0.25,2.29,1.7,2.01,1.91,2.25,1.66,2.34,1.91,2.0,2.36,3.25,3.39,2.01,1.91,1.91,2.0,ok,
1602780047,18.01 23:05,Lyon,Toulouse,ok,,06.01 01:12,18.01 23:04,1.72,3.98,4.31,1.79,3.99,4.54,-0.75,1.93,1.89,2.02,1.91,2.75,1.81,2.0,1.91,1.99,1.79,3.99,4.54,2.02,1.91,1.91,1.99,ok,
1602780048,15.01 22:45,Internazionale,Bologna,ok,,06.01 01:06,15.01 22:45,1.35,4.86,7.95,1.53,4.13,7.28,-1.0,1.56,2.44,1.93,1.99,2.5,1.68,2.18,1.9,2.0,1.53,4.13,7.28,1.93,1.99,1.9,2.0,ok,
1602780049,20.01 22:45,Como,Udinese,ok,,06.01 01:16,20.01 22:44,2.0,3.39,3.77,2.15,3.36,3.76,-0.25,1.76,2.19,1.85,2.09,2.25,1.79,2.02,1.84,2.08,2.15,3.36,3.76,1.85,2.09,1.84,2.08,ok,
1602780050,19.01 22:45,Internazionale,Empoli,ok,,06.01 01:14,19.01 22:44,1.16,7.48,12.75,1.34,5.32,10.5,-1.5,1.57,2.56,2.02,1.91,2.75,1.55,2.58,1.88,2.03,1.34,5.32,10.5,2.02,1.91,1.88,2.03,ok,
1602780051,19.01 14:30,Fiorentina,Torino,ok,,06.01 01:14,19.01 14:30,1.61,3.79,5.43,1.8,3.58,5.11,-0.75,1.81,2.02,2.06,1.87,2.25,1.81,2.0,1.88,2.04,1.8,3.58,5.11,2.06,1.87,1.88,2.04,ok,
1602780567,19.01 17:00,St Etienne,Nantes,ok,,06.01 01:14,19.01 17:00,2.69,3.16,2.69,3.11,3.32,2.47,0.25,1.66,2.36,1.83,2.12,2.5,2.1,1.81,2.09,1.83,3.11,3.32,2.47,1.83,2.12,2.09,1.83,ok,
1602780568,14.01 20:30,Como,AC Milan,ok,,06.01 01:05,14.01 20:30,3.31,3.45,2.13,4.54,3.65,1.87,0.5,1.71,2.13,2.05,1.88,2.5,1.84,1.96,1.87,2.04,4.54,3.65,1.87,2.05,1.88,1.87,2.04,ok,
1602780569,17.01 22:45,Roma,Genoa,ok,,06.01 01:11,17.01 22:31,1.5,4.19,6.07,1.48,4.31,8.17,-1.0,1.87,1.94,1.82,2.12,2.5,1.85,1.95,2.02,1.88,1.48,4.31,8.17,1.82,2.12,2.02,1.88,ok,
1602780570,19.01 17:00,Parma,Venezia,ok,,06.01 01:14,19.01 16:55,2.21,3.47,3.13,2.2,3.48,3.5,-0.25,1.92,1.9,1.9,2.03,2.5,1.66,2.21,1.86,2.05,2.2,3.48,3.5,1.9,2.03,1.86,2.05,ok,
1602780571,19.01 17:00,Cagliari,Lecce,ok,,06.01 01:14,19.01 17:00,1.85,3.45,4.26,1.95,3.32,4.6,-0.5,1.86,1.96,1.96,1.96,2.5,1.99,1.82,2.06,1.85,1.95,3.32,4.6,1.96,1.96,2.06,1.85,ok,
1602780572,18.01 22:45,Atalanta,Napoli,ok,,06.01 01:12,18.01 22:45,2.21,3.32,3.25,2.25,3.24,3.63,-0.25,1.91,1.91,1.93,2.0,2.25,1.76,2.17,1.94,1.96,2.25,3.24,3.63,1.93,2.0,1.94,1.96,ok,
1603010767,25.01 18:15,Atletico Madrid,Villarreal,ok,,13.01 00:49,25.01 18:16,1.47,4.64,5.84,2.04,3.48,3.96,-0.5,1.49,2.76,2.05,1.88,2.5,1.56,2.55,1.88,2.03,2.04,3.48,3.96,2.05,1.88,1.88,2.03,ok,
1603010768,25.01 23:00,Real Valladolid,Real Madrid,ok,,13.01 00:49,25.01 23:01,8.27,5.62,1.3,13.96,6.94,1.22,2.0,1.52,2.51,1.85,2.07,3.25,1.96,1.85,2.01,1.88,13.96,6.94,1.22,1.85,2.07,2.01,1.88,ok,
1603010769,26.01 16:00,Rayo Vallecano,Girona,ok,,13.01 00:51,26.01 15:59,2.65,3.06,2.81,2.54,3.07,3.25,-0.25,2.25,1.64,2.15,1.81,2.25,1.93,1.87,1.97,1.93,2.54,3.07,3.25,2.15,1.81,1.97,1.93,ok,
1603016575,26.01 18:15,Real Sociedad,Getafe,ok,,13.01 00:51,26.01 18:14,1.57,3.45,7.13,1.96,2.97,5.44,-0.5,1.57,2.41,1.97,1.95,1.5,1.63,2.27,1.83,2.1,1.96,2.97,5.44,1.97,1.95,1.83,2.1,ok,
1603016690,26.01 20:30,Athletic Club Bilbao,Leganes,ok,,13.01 00:51,26.01 20:31,1.29,5.03,10.75,1.37,4.74,11.0,-1.25,1.76,2.19,1.92,2.01,2.25,1.79,2.02,1.86,2.05,1.37,4.74,11.0,1.92,2.01,1.86,2.05,ok,
1603016727,25.01 16:00,Mallorca,Real Betis,ok,,13.01 00:49,25.01 16:01,2.48,3.13,2.96,2.09,3.05,4.5,-0.5,2.48,1.53,2.1,1.84,2.0,1.84,1.97,1.98,1.93,2.09,3.05,4.5,2.1,1.84,1.98,1.93,ok,
1603016728,24.01 23:00,Las Palmas,Osasuna,ok,,13.01 00:48,24.01 22:58,2.34,3.2,3.12,2.51,3.24,3.11,-0.25,2.01,1.82,2.15,1.81,2.25,1.88,1.93,1.88,2.02,2.51,3.24,3.11,2.15,1.81,1.88,2.02,ok,
1603016729,25.01 20:30,Sevilla,Espanyol,ok,,13.01 00:49,25.01 20:29,1.73,3.62,4.76,1.79,3.64,5.13,-0.75,1.96,1.85,2.05,1.88,2.25,1.81,2.0,2.0,1.91,1.79,3.64,5.13,2.05,1.88,2.0,1.91,ok,
1603019663,26.01 23:00,Barcelona,Valencia,ok,,13.01 00:51,26.01 23:01,1.22,6.44,9.97,1.23,6.66,12.92,-1.75,1.84,1.95,1.84,2.08,3.25,1.88,1.9,1.88,2.01,1.23,6.66,12.92,1.84,2.08,1.88,2.01,ok,
1603019687,26.01 20:00,Lecce,Internazionale,ok,,13.01 00:51,26.01 20:01,7.11,4.84,1.38,9.77,5.16,1.36,1.5,1.77,2.17,1.85,2.08,2.75,1.81,2.01,1.97,1.93,9.77,5.16,1.36,1.85,2.08,1.97,1.93,ok,
1603019688,27.01 20:30,Venezia,Hellas Verona,ok,,13.01 00:52,27.01 20:29,2.12,3.48,3.3,2.27,3.43,3.37,-0.25,1.85,1.98,1.96,1.96,2.5,1.93,1.88,1.88,2.03,2.27,3.43,3.37,1.96,1.96,1.88,2.03,ok,
1603019689,25.01 23:05,Paris Saint-Germain,Reims,ok,,13.01 00:49,25.01 23:03,1.19,7.06,10.79,1.2,8.21,12.0,-2.25,2.21,1.65,2.05,1.86,4.0,2.59,1.48,1.93,1.95,1.2,8.21,12.0,2.05,1.86,1.93,1.95,ok,
1603023319,27.01 23:00,Alaves,Celta Vigo,ok,,13.01 00:52,27.01 23:01,2.83,3.12,2.6,2.32,3.13,3.6,-0.25,2.41,1.57,1.97,1.95,2.25,1.88,1.93,2.04,1.87,2.32,3.13,3.6,1.97,1.95,2.04,1.87,ok,
1603023324,24.01 22:45,Torino,Cagliari,ok,,13.01 00:48,24.01 22:47,2.03,3.17,3.94,2.3,3.08,3.73,-0.25,1.73,2.11,1.94,1.98,2.25,2.03,1.79,2.01,1.9,2.3,3.08,3.73,1.94,1.98,2.01,1.9,ok,
1603023325,25.01 20:00,Napoli,Juventus,ok,,13.01 00:49,25.01 19:49,1.89,3.27,4.34,2.6,2.92,3.33,-0.25,1.67,2.35,2.18,1.78,2.0,1.77,2.05,1.86,2.05,2.6,2.92,3.33,2.18,1.78,1.86,2.05,ok,
1603023326,25.01 17:00,Como,Atalanta,ok,,13.01 00:49,25.01 17:04,3.93,3.65,1.87,4.24,3.6,1.94,0.5,1.94,1.88,1.97,1.95,2.75,2.0,1.81,2.05,1.86,4.24,3.6,1.94,1.97,1.95,2.05,1.86,ok,
1603023327,26.01 22:45,Lazio,Fiorentina,ok,,13.01 00:51,26.01 22:46,2.06,3.41,3.51,2.17,3.31,3.78,-0.25,1.79,2.04,1.85,2.08,2.5,1.94,1.86,2.02,1.89,2.17,3.31,3.78,1.85,2.08,2.02,1.89,ok,
1603023328,26.01 14:30,AC Milan,Parma,ok,,13.01 00:51,26.01 14:32,1.27,5.86,8.45,1.27,6.25,10.75,-1.75,2.0,1.81,1.94,1.96,3.5,2.16,1.76,1.99,1.9,1.27,6.25,10.75,1.94,1.96,1.99,1.9,ok,
1603023329,26.01 19:15,Toulouse,Montpellier,ok,,13.01 00:51,26.01 19:16,1.49,4.3,6.04,1.7,3.99,5.23,-0.75,1.61,2.31,1.9,2.03,2.75,1.83,1.98,2.03,1.88,1.7,3.99,5.23,1.9,2.03,2.03,1.88,ok,
1603023330,26.01 19:15,Nantes,Lyon,ok,,13.01 00:51,26.01 19:16,3.36,3.58,2.06,4.27,3.77,1.88,0.5,1.76,2.06,2.03,1.89,2.75,1.89,1.91,2.04,1.87,4.27,3.77,1.88,2.03,1.89,2.04,1.87,ok,
1603023331,26.01 19:15,Lens,Angers,ok,,13.01 00:51,26.01 19:15,1.34,5.01,8.24,1.5,4.45,7.15,-1.0,1.52,2.51,1.85,2.08,2.75,1.93,1.88,2.06,1.86,1.5,4.45,7.15,1.85,2.08,2.06,1.86,ok,
1603024423,26.01 17:00,Udinese,Roma,ok,,13.01 00:51,26.01 17:03,3.41,3.29,2.15,3.1,3.24,2.53,0.25,1.96,1.85,1.8,2.16,2.25,1.8,2.01,1.89,2.02,3.1,3.24,2.53,1.8,2.16,1.89,2.02,ok,
1603024424,27.01 22:45,Genoa,Monza,ok,,13.01 00:52,27.01 22:39,2.03,3.18,3.93,2.34,3.07,3.64,-0.25,1.73,2.11,1.98,1.94,2.0,1.66,2.2,1.88,2.03,2.34,3.07,3.64,1.98,1.94,1.88,2.03,ok,
1603024425,25.01 22:45,Empoli,Bologna,ok,,13.01 00:49,25.01 22:46,3.52,3.16,2.17,4.06,3.22,2.12,0.5,1.74,2.23,1.82,2.13,2.0,1.74,2.21,1.81,2.13,4.06,3.22,2.12,1.82,2.13,1.81,2.13,ok,
1603024426,25.01 19:00,Monaco,Rennes,ok,,13.01 00:49,25.01 19:01,1.74,3.92,4.27,1.73,3.84,5.23,-0.75,1.95,1.86,1.94,1.98,2.5,1.65,2.22,1.91,2.0,1.73,3.84,5.23,1.94,1.98,1.91,2.0,ok,
1603024427,24.01 22:45,Auxerre,St Etienne,ok,,13.01 00:48,24.01 22:46,1.79,3.77,4.15,1.97,3.58,4.15,-0.5,1.85,2.09,1.98,1.94,2.5,1.79,2.13,1.95,1.95,1.97,3.58,4.15,1.98,1.94,1.95,1.95,ok,
1603024428,25.01 21:00,Strasbourg,Lille,ok,,13.01 00:49,25.01 21:02,3.18,3.43,2.2,3.02,3.25,2.57,0.0,2.34,1.6,2.13,1.81,2.5,1.83,1.98,2.08,1.83,3.02,3.25,2.57,2.13,1.81,2.08,1.83,ok,
1603024429,26.01 22:45,Nice,Marseille,ok,,13.01 00:51,26.01 22:45,2.84,3.49,2.37,2.69,3.45,2.73,0.0,2.1,1.74,1.94,1.98,2.5,1.66,2.2,1.85,2.06,2.69,3.45,2.73,1.94,1.98,1.85,2.06,ok,
1603024430,26.01 17:00,Le Havre,Brest,ok,,13.01 00:51,26.01 16:57,3.27,3.21,2.26,3.45,3.27,2.31,0.25,1.88,1.93,1.94,1.98,2.25,1.87,1.93,1.91,2.0,3.45,3.27,2.31,1.94,1.98,1.91,2.0,ok,
1603297744,02.02 18:15,Valencia,Celta Vigo,ok,,19.01 23:56,02.02 18:06,2.55,3.12,2.88,2.29,3.15,3.66,-0.25,2.17,1.69,1.94,1.98,2.25,1.9,1.9,2.08,1.84,2.29,3.15,3.66,1.94,1.98,2.08,1.84,ok,
1603297745,01.02 23:00,Espanyol,Real Madrid,ok,,19.01 23:54,01.02 22:59,7.22,4.99,1.37,10.35,5.96,1.3,1.5,1.81,2.11,2.05,1.88,3.25,2.28,1.69,2.08,1.84,10.35,5.96,1.3,2.05,1.88,2.08,1.84,ok,
1603297746,31.01 23:00,Leganes,Rayo Vallecano,ok,,19.01 23:51,31.01 22:55,3.16,2.94,2.48,3.44,3.04,2.45,0.25,1.75,2.1,1.86,2.07,2.0,1.99,1.82,1.89,2.02,3.44,3.04,2.45,1.86,2.07,1.89,2.02,ok,
1603297747,02.02 16:00,Barcelona,Alaves,ok,,19.01 23:56,02.02 16:00,1.23,6.35,9.28,1.16,8.75,18.0,-2.25,2.51,1.59,1.96,1.94,3.75,2.34,1.66,1.93,1.95,1.16,8.75,18.0,1.96,1.94,1.93,1.95,ok,
1603297748,31.01 22:45,Parma,Lecce,ok,,19.01 23:51,31.01 22:42,2.05,3.4,3.56,2.54,3.2,3.11,-0.25,1.78,2.06,2.17,1.79,2.5,1.84,1.96,2.04,1.87,2.54,3.2,3.11,2.17,1.79,2.04,1.87,ok,
1603297749,01.02 22:45,Bologna,Como,ok,,19.01 23:54,01.02 22:44,1.81,3.56,4.31,2.01,3.36,4.3,-0.5,1.82,2.0,2.02,1.91,2.25,1.79,2.12,1.83,2.09,2.01,3.36,4.3,2.02,1.91,1.83,2.09,ok,
1603297750,01.02 17:00,Monza,Hellas Verona,ok,,19.01 23:54,01.02 16:57,2.12,3.34,3.45,2.49,3.04,3.37,-0.25,1.83,2.0,2.11,1.83,2.25,1.8,2.01,1.98,1.93,2.49,3.04,3.37,2.11,1.83,1.98,1.93,ok,
1603297751,01.02 20:00,Atalanta,Torino,ok,,19.01 23:54,01.02 20:00,1.38,4.6,7.72,1.58,4.18,6.23,-1.0,1.63,2.28,2.0,1.93,2.5,1.87,1.93,1.86,2.05,1.58,4.18,6.23,2.0,1.93,1.86,2.05,ok,
1603297752,02.02 17:00,Fiorentina,Genoa,ok,,19.01 23:56,02.02 17:00,1.53,4.06,5.93,1.92,3.42,4.64,-0.5,1.57,2.57,1.93,2.0,2.5,1.93,1.88,2.0,1.91,1.92,3.42,4.64,1.93,2.0,2.0,1.91,ok,
1603297753,02.02 19:15,Angers,Le Havre,ok,,19.01 23:56,02.02 19:14,1.95,3.37,3.92,1.86,3.45,4.92,-0.5,1.96,1.85,1.87,2.06,2.25,1.85,1.95,2.09,1.83,1.86,3.45,4.92,1.87,2.06,2.09,1.83,ok,
1603297754,02.02 17:00,Toulouse,Nice,ok,,19.01 23:56,02.02 16:58,2.11,3.48,3.32,3.11,3.36,2.45,0.25,1.41,2.89,1.84,2.1,2.5,1.85,1.95,1.93,1.96,3.11,3.36,2.45,1.84,2.1,1.93,1.96,ok,
1603297755,02.02 19:15,Reims,Nantes,ok,,19.01 23:56,02.02 19:14,2.0,3.43,3.7,2.29,3.23,3.55,-0.25,1.72,2.11,1.95,1.97,2.25,1.77,2.04,2.02,1.89,2.29,3.23,3.55,1.95,1.97,2.02,1.89,ok,
1603297756,01.02 21:00,Monaco,Auxerre,ok,,19.01 23:56,01.02 21:00,1.33,5.37,7.62,1.42,5.14,7.45,-1.25,1.76,2.19,1.9,2.02,3.25,2.02,1.79,1.93,1.97,1.42,5.14,7.45,1.9,2.02,1.93,1.97,ok,
1603305564,01.02 20:30,Atletico Madrid,Mallorca,ok,,19.01 23:54,01.02 20:17,1.36,4.67,8.44,1.51,4.16,7.88,-1.0,1.59,2.36,1.93,1.99,2.25,1.85,1.96,2.03,1.88,1.51,4.16,7.88,1.93,1.99,2.03,1.88,ok,
1603305565,02.02 23:00,Real Betis,Athletic Club Bilbao,ok,,19.01 23:56,02.02 22:58,2.92,3.14,2.51,3.21,3.27,2.44,0.25,1.76,2.2,1.85,2.09,2.25,1.87,1.93,2.02,1.88,3.21,3.27,2.44,1.85,2.09,2.02,1.88,ok,
1603305566,01.02 16:00,Getafe,Sevilla,ok,,19.01 23:54,01.02 16:00,2.31,2.93,3.49,2.81,2.85,3.12,0.0,1.61,2.47,1.86,2.07,1.75,1.76,2.17,1.9,2.01,2.81,2.85,3.12,1.86,2.07,1.9,2.01,ok,
1603305567,03.02 23:00,Girona,Las Palmas,ok,,19.01 23:58,03.02 23:00,1.55,4.14,5.54,1.49,4.59,6.94,-1.25,2.32,1.68,2.11,1.83,2.75,1.98,1.82,1.98,1.93,1.49,4.59,6.94,2.11,1.83,1.98,1.93,ok,
1603305568,02.02 20:00,AC Milan,Internazionale,ok,,19.01 23:56,02.02 19:57,3.11,3.44,2.23,4.46,3.56,1.91,0.5,1.7,2.29,2.01,1.92,2.5,1.83,2.07,1.87,2.05,4.46,3.56,1.91,2.01,1.92,1.87,2.05,ok,
1603305569,02.02 22:45,Roma,Napoli,ok,,19.01 23:56,02.02 22:45,2.75,3.17,2.62,3.57,3.27,2.26,0.25,1.69,2.3,1.99,1.93,2.25,1.79,2.02,1.87,2.05,3.57,3.27,2.26,1.99,1.93,1.87,2.05,ok,
1603305570,02.02 14:30,Juventus,Empoli,ok,,19.01 23:56,02.02 14:30,1.3,5.0,9.97,1.41,4.8,8.9,-1.25,1.73,2.1,1.96,1.96,2.75,2.24,1.64,2.03,1.88,1.41,4.8,8.9,1.96,1.96,2.03,1.88,ok,
1603305571,02.02 19:15,Rennes,Strasbourg,ok,,19.01 23:56,02.02 19:15,1.8,3.73,4.15,1.95,3.49,4.32,-0.5,1.81,2.02,1.96,1.96,2.5,1.78,2.03,2.06,1.85,1.95,3.49,4.32,1.96,1.96,2.06,1.85,ok,
1603307816,01.02 18:15,Villarreal,Real Valladolid,ok,,19.01 23:54,01.02 18:14,1.23,6.11,10.03,1.2,7.39,15.47,-2.0,2.26,1.64,1.93,1.98,3.5,2.23,1.65,2.05,1.85,1.2,7.39,15.47,1.93,1.98,2.05,1.85,ok,
1603307817,02.02 20:30,Osasuna,Real Sociedad,ok,,19.01 23:56,02.02 20:29,3.41,2.98,2.31,3.3,3.07,2.51,0.25,1.85,1.96,1.82,2.12,2.0,1.91,1.89,1.89,2.01,3.3,3.07,2.51,1.82,2.12,1.89,2.01,ok,
1603307818,01.02 17:00,Udinese,Venezia,ok,,19.01 23:54,01.02 16:57,1.88,3.46,4.1,1.78,3.65,5.15,-0.75,2.18,1.68,2.02,1.9,2.5,2.05,1.76,1.94,1.96,1.78,3.65,5.15,2.02,1.9,1.94,1.96,ok,
1603307819,03.02 22:45,Cagliari,Lazio,ok,,19.01 23:58,03.02 22:42,3.5,3.48,2.05,3.92,3.52,2.04,0.5,1.78,2.06,1.88,2.05,2.5,1.87,1.93,1.89,2.02,3.92,3.52,2.04,1.88,2.05,1.89,2.02,ok,
1603307820,02.02 22:45,Marseille,Lyon,ok,,19.01 23:56,02.02 22:45,1.95,3.79,3.49,2.1,3.68,3.57,-0.5,1.96,1.85,2.11,1.83,2.75,1.73,2.22,1.92,1.99,2.1,3.68,3.57,2.11,1.83,1.92,1.99,ok,
1603307821,01.02 19:00,Brest,Paris Saint-Germain,ok,,19.01 23:54,01.02 19:01,5.17,4.26,1.56,9.18,5.74,1.34,1.5,1.51,2.54,2.02,1.9,3.25,2.25,1.64,1.93,1.98,9.18,5.74,1.34,2.02,1.9,1.93,1.98,ok,
1603307822,31.01 22:45,Montpellier,Lens,ok,,19.01 23:56,31.01 22:48,3.96,3.8,1.83,4.4,3.77,1.86,0.5,1.99,1.83,2.06,1.87,2.75,1.85,1.95,1.97,1.93,4.4,3.77,1.86,2.06,1.87,1.97,1.93,ok,
1603307823,01.02 23:05,Lille,St Etienne,ok,,19.01 23:56,01.02 23:04,1.3,5.33,8.87,1.51,4.38,7.05,-1.0,1.49,2.8,1.88,2.05,2.75,1.84,1.97,2.03,1.88,1.51,4.38,7.05,1.88,2.05,2.03,1.88,ok,
1603628370,07.02 23:00,Rayo Vallecano,Real Valladolid,ok,,26.01 23:35,07.02 22:58,1.47,4.16,6.79,1.43,4.45,9.25,-1.25,2.19,1.76,2.01,1.91,2.25,1.82,2.09,1.86,2.06,1.43,4.45,9.25,2.01,1.91,1.86,2.06,ok,
1603637992,08.02 16:00,Celta Vigo,Real Betis,ok,,26.01 23:37,08.02 16:00,1.93,3.47,3.85,2.17,3.39,3.67,-0.25,1.72,2.25,1.87,2.06,2.5,1.96,1.84,1.98,1.93,2.17,3.39,3.67,1.87,2.06,1.98,1.93,ok,
1603637994,08.02 23:00,Real Madrid,Atletico Madrid,ok,,26.01 23:37,08.02 23:00,1.71,3.79,4.55,1.98,3.8,3.86,-0.5,1.71,2.13,1.99,1.93,3.0,2.19,1.67,2.08,1.84,1.98,3.8,3.86,1.99,1.93,2.08,1.84,ok,
1603637997,09.02 18:15,Valencia,Leganes,ok,,26.01 23:41,09.02 18:16,1.65,3.46,5.85,1.79,3.4,5.62,-0.75,1.88,1.94,2.06,1.87,2.0,1.91,1.89,1.84,2.08,1.79,3.4,5.62,2.06,1.87,1.84,2.08,ok,
1603637999,09.02 20:30,Real Sociedad,Espanyol,ok,,26.01 23:41,09.02 20:30,1.41,4.15,8.49,1.63,3.68,6.83,-0.75,1.52,2.53,1.83,2.11,2.0,1.75,2.06,1.89,2.02,1.63,3.68,6.83,1.83,2.11,1.89,2.02,ok,
1603638000,10.02 23:00,Mallorca,Osasuna,ok,,26.01 23:44,10.02 23:00,2.0,3.11,4.16,2.3,3.09,3.71,-0.25,1.74,2.22,1.95,1.97,2.0,1.93,1.87,1.92,1.99,2.3,3.09,3.71,1.95,1.97,1.92,1.99,ok,
1603638010,08.02 21:00,Lille,Le Havre,ok,,26.01 23:38,27.01 00:45,1.32,5.11,8.73,1.38,4.78,8.08,-1.25,1.78,2.16,1.91,1.94,2.5,1.78,2.14,1.88,1.95,1.38,4.78,8.08,1.91,1.94,1.88,1.95,ok,
1603638013,09.02 19:15,Auxerre,Toulouse,ok,,26.01 23:41,09.02 18:57,3.48,3.47,2.06,2.99,3.28,2.58,0.0,2.57,1.51,2.12,1.83,2.25,1.64,2.24,1.85,2.06,2.99,3.28,2.58,2.12,1.83,1.85,2.06,ok,
1603639163,09.02 23:00,Sevilla,Barcelona,ok,,26.01 23:40,09.02 22:54,4.89,4.32,1.58,6.5,4.99,1.48,1.25,1.63,2.27,1.92,2.01,3.25,2.0,1.81,1.96,1.94,6.5,4.99,1.48,1.92,2.01,1.96,1.94,ok,
1603639164,09.02 17:00,Cagliari,Parma,ok,,26.01 23:40,09.02 17:00,1.85,3.76,3.88,1.96,3.62,4.13,-0.5,1.85,1.96,1.97,1.95,2.75,1.85,1.95,2.0,1.91,1.96,3.62,4.13,1.97,1.95,2.0,1.91,ok,
1603639165,08.02 20:00,Empoli,AC Milan,ok,,26.01 23:40,08.02 20:00,4.26,3.64,1.8,5.5,3.94,1.68,0.75,1.82,2.11,2.06,1.87,2.75,2.21,1.74,1.93,1.97,5.5,3.94,1.68,2.06,1.87,1.93,1.97,ok,
1603639166,10.02 22:45,Internazionale,Fiorentina,ok,,26.01 23:40,10.02 22:45,1.37,4.94,7.19,1.47,4.66,7.24,-1.25,1.83,1.98,2.1,1.84,2.75,1.79,2.12,2.03,1.88,1.47,4.66,7.24,2.1,1.84,2.03,1.88,ok,
1603639167,09.02 17:00,Lazio,Monza,ok,,26.01 23:40,09.02 17:00,1.41,4.62,7.02,1.3,5.85,11.0,-1.5,2.26,1.71,1.89,2.04,3.0,2.33,1.67,2.03,1.88,1.3,5.85,11.0,1.89,2.04,2.03,1.88,ok,
1603639173,07.02 23:05,Paris Saint-Germain,Monaco,ok,,26.01 23:36,07.02 23:05,1.48,4.81,5.37,1.45,5.47,6.29,-1.25,2.01,1.81,1.89,2.04,3.75,2.28,1.62,1.93,1.98,1.45,5.47,6.29,1.89,2.04,1.93,1.98,ok,
1603639174,08.02 19:00,Nice,Lens,ok,,26.01 23:38,08.02 18:59,2.63,3.35,2.63,2.44,3.54,2.98,-0.25,2.33,1.68,2.12,1.83,2.75,1.98,1.82,2.01,1.89,2.44,3.54,2.98,2.12,1.83,2.01,1.89,ok,
1603639175,09.02 22:45,Angers,Marseille,ok,,26.01 23:41,09.02 22:45,4.83,3.94,1.65,5.86,4.22,1.61,1.0,1.75,2.21,1.9,2.03,2.75,1.96,1.84,1.96,1.94,5.86,4.22,1.61,1.9,2.03,1.96,1.94,ok,
1603640963,08.02 18:15,Athletic Club Bilbao,Girona,ok,,26.01 23:37,08.02 18:15,1.73,3.73,4.58,1.77,3.68,5.17,-0.75,1.95,1.87,2.01,1.92,2.5,1.9,1.9,2.08,1.84,1.77,3.68,5.17,2.01,1.92,2.08,1.84,ok,
1603640964,08.02 20:30,Las Palmas,Villarreal,ok,,26.01 23:37,08.02 20:30,3.67,3.73,1.92,5.68,4.14,1.63,1.0,1.47,2.68,1.86,2.07,2.75,1.82,1.99,1.91,2.0,5.68,4.14,1.63,1.86,2.07,1.91,2.0,ok,
1603640968,07.02 22:45,Como,Juventus,ok,,26.01 23:40,07.02 22:45,3.37,3.25,2.19,3.41,3.32,2.31,0.25,1.93,1.88,1.94,1.98,2.25,1.83,1.97,1.85,2.07,3.41,3.32,2.31,1.94,1.98,1.85,2.07,ok,
1603640970,08.02 17:00,Hellas Verona,Atalanta,ok,,26.01 23:40,08.02 16:56,5.47,4.17,1.55,8.05,4.55,1.45,1.25,1.69,2.32,1.88,2.05,2.75,1.93,1.87,2.07,1.85,8.05,4.55,1.45,1.88,2.05,2.07,1.85,ok,
1603640972,09.02 20:00,Lecce,Bologna,ok,,26.01 23:40,09.02 20:00,4.01,3.43,1.91,4.49,3.23,2.01,0.5,1.9,1.92,1.9,2.02,2.25,1.81,2.0,2.11,1.82,4.49,3.23,2.01,1.9,2.02,2.11,1.82,ok,
1603640973,09.02 22:45,Napoli,Udinese,ok,,26.01 23:40,09.02 22:45,1.33,4.94,8.53,1.46,4.42,8.18,-1.25,1.78,2.04,2.1,1.84,2.5,1.81,2.0,2.03,1.88,1.46,4.42,8.18,2.1,1.84,2.03,1.88,ok,
1603640974,08.02 22:45,Torino,Genoa,ok,,26.01 23:40,08.02 22:44,1.98,3.21,4.07,2.45,2.93,3.6,-0.25,1.69,2.17,2.05,1.88,2.0,1.87,1.93,1.95,1.95,2.45,2.93,3.6,2.05,1.88,1.95,1.95,ok,
1603640975,09.02 14:30,Venezia,Roma,ok,,26.01 23:40,09.02 14:30,3.88,3.63,1.88,4.4,3.56,1.92,0.5,1.93,1.89,2.0,1.93,2.5,1.81,2.0,1.91,2.0,4.4,3.56,1.92,2.0,1.93,1.91,2.0,ok,
1603640982,09.02 19:15,Strasbourg,Montpellier,ok,,26.01 23:41,09.02 19:16,1.63,4.17,4.7,1.66,4.25,5.2,-0.75,1.8,2.03,1.84,2.1,2.75,1.77,2.04,1.88,2.02,1.66,4.25,5.2,1.84,2.1,1.88,2.02,ok,
1603651277,07.02 21:00,Nantes,Brest,ok,,26.01 23:58,07.02 20:59,2.44,3.11,3.04,2.55,3.17,3.12,-0.25,2.09,1.76,2.17,1.79,2.25,1.94,1.86,2.02,1.89,2.55,3.17,3.12,2.17,1.79,2.02,1.89,ok,
1603651324,08.02 23:05,St Etienne,Rennes,ok,,28.01 01:48,08.02 23:04,3.54,3.47,2.03,3.09,3.52,2.38,0.25,2.06,1.76,1.87,2.06,2.5,1.93,1.82,1.91,2.0,3.09,3.52,2.38,1.87,2.06,1.91,2.0,ok,
1603658505,09.02 17:00,Lyon,Reims,ok,,28.01 01:50,09.02 16:59,1.52,4.46,5.43,1.53,4.57,6.26,-1.0,1.85,1.96,1.86,2.07,3.0,1.88,1.93,2.01,1.9,1.53,4.57,6.26,1.86,2.07,2.01,1.9,ok,
1603962820,14.02 23:00,Girona,Getafe,ok,,03.02 00:25,14.02 23:00,1.95,3.21,4.18,1.95,3.14,4.99,-0.5,1.96,1.85,1.96,1.96,1.75,1.63,2.42,1.82,2.11,1.95,3.14,4.99,1.96,1.96,1.82,2.11,ok,
1603962821,16.02 20:30,Mallorca,Las Palmas,ok,,03.02 00:33,16.02 20:27,1.71,3.47,5.15,1.85,3.4,5.18,-0.5,1.71,2.13,1.85,2.08,2.25,2.1,1.72,2.03,1.88,1.85,3.4,5.18,1.85,2.08,2.03,1.88,ok,
1603962822,15.02 20:30,Atletico Madrid,Celta Vigo,ok,,03.02 00:29,15.02 20:30,1.43,4.49,6.75,1.39,4.91,9.11,-1.25,2.0,1.82,1.93,2.0,2.75,1.99,1.82,2.04,1.87,1.39,4.91,9.11,1.93,2.0,2.04,1.87,ok,
1603962824,16.02 23:00,Real Betis,Real Sociedad,ok,,03.02 00:33,16.02 23:00,2.64,2.91,2.96,2.42,3.15,3.37,-0.25,2.22,1.66,2.06,1.88,2.0,1.85,1.96,1.81,2.13,2.42,3.15,3.37,2.06,1.88,1.81,2.13,ok,
1603962825,14.02 22:45,Bologna,Torino,ok,,03.02 00:25,14.02 22:45,1.65,3.57,5.52,1.78,3.4,5.73,-0.75,1.87,1.95,2.05,1.88,2.0,1.77,2.15,1.9,2.01,1.78,3.4,5.73,2.05,1.88,1.9,2.01,ok,
1603962826,15.02 17:00,Atalanta,Cagliari,ok,,03.02 00:29,15.02 17:01,1.33,5.26,7.66,1.56,4.24,6.41,-1.0,1.55,2.63,1.96,1.96,2.75,1.7,2.27,2.02,1.89,1.56,4.24,6.41,1.96,1.96,2.02,1.89,ok,
1603962827,15.02 22:45,AC Milan,Hellas Verona,ok,,03.02 00:29,15.02 22:45,1.32,5.27,8.23,1.35,5.29,9.3,-1.5,1.94,1.87,2.02,1.9,3.0,1.99,1.81,2.05,1.86,1.35,5.29,9.3,2.02,1.9,2.05,1.86,ok,
1603962834,16.02 22:45,Rennes,Lille,ok,,03.02 00:32,16.02 22:44,2.54,3.21,2.81,3.11,3.17,2.57,0.0,1.81,2.01,2.17,1.79,2.25,1.79,2.12,2.03,1.88,3.11,3.17,2.57,2.17,1.79,2.03,1.88,ok,
1603962835,14.02 22:45,Brest,Auxerre,ok,,03.02 00:32,14.02 22:45,1.73,3.82,4.45,2.16,3.43,3.66,-0.25,1.56,2.6,1.86,2.07,2.5,1.83,2.08,1.93,1.97,2.16,3.43,3.66,1.86,2.07,1.93,1.97,ok,
1603962836,15.02 21:00,Monaco,Nantes,ok,,03.02 00:32,15.02 21:00,1.48,4.47,5.96,1.52,4.57,6.33,-1.0,1.79,2.05,1.85,2.09,3.0,2.05,1.76,2.01,1.9,1.52,4.57,6.33,1.85,2.09,2.01,1.9,ok,
1603962837,16.02 19:15,Le Havre,Nice,ok,,03.02 00:32,16.02 19:14,3.93,3.58,1.88,5.57,4.2,1.63,1.0,1.51,2.76,1.86,2.08,2.75,2.15,1.77,1.97,1.93,5.57,4.2,1.63,1.86,2.08,1.97,1.93,ok,
1603965933,16.02 18:15,Real Valladolid,Sevilla,ok,,03.02 00:33,16.02 18:13,3.91,3.43,1.94,4.3,3.39,2.0,0.5,1.87,1.95,1.92,2.01,2.25,1.79,2.03,2.09,1.83,4.3,3.39,2.0,1.92,2.01,2.09,1.83,ok,
1603965934,16.02 16:00,Espanyol,Athletic Club Bilbao,ok,,03.02 00:33,16.02 15:59,4.93,3.45,1.75,5.53,3.49,1.78,0.75,1.82,2.01,1.89,2.03,2.25,2.03,1.79,2.09,1.83,5.53,3.49,1.78,1.89,2.03,2.09,1.83,ok,
1603965937,17.02 23:00,Barcelona,Rayo Vallecano,ok,,03.02 00:34,17.02 23:00,1.24,6.35,9.25,1.21,7.41,12.94,-2.0,2.15,1.7,1.98,1.93,3.5,1.98,1.81,1.87,2.02,1.21,7.41,12.94,1.98,1.93,1.87,2.02,ok,
1603965938,15.02 20:00,Lazio,Napoli,ok,,03.02 00:29,15.02 19:59,2.8,3.15,2.59,2.46,2.99,3.48,-0.25,2.46,1.62,2.07,1.86,2.25,1.82,1.98,2.09,1.83,2.46,2.99,3.48,2.07,1.86,2.09,1.83,ok,
1603965939,16.02 22:45,Juventus,Internazionale,ok,,03.02 00:33,16.02 22:45,3.08,3.1,2.42,4.02,3.32,2.09,0.5,1.56,2.42,1.84,2.1,2.5,2.08,1.74,2.04,1.87,4.02,3.32,2.09,1.84,2.1,2.04,1.87,ok,
1603965940,16.02 17:00,Monza,Lecce,ok,,03.02 00:33,16.02 17:01,2.08,3.35,3.53,2.97,3.05,2.76,0.0,1.51,2.58,2.04,1.89,2.0,1.58,2.35,1.84,2.08,2.97,3.05,2.76,2.04,1.89,1.84,2.08,ok,
1603965942,16.02 17:00,Montpellier,Lyon,ok,,03.02 00:32,16.02 16:59,3.86,3.97,1.81,5.62,4.66,1.56,1.0,1.61,2.48,2.02,1.91,3.25,2.11,1.81,1.98,1.93,5.62,4.66,1.56,2.02,1.91,1.98,1.93,ok,
1603965943,16.02 19:15,Reims,Angers,ok,,03.02 00:32,16.02 19:17,1.75,3.74,4.42,1.95,3.35,4.58,-0.5,1.79,2.14,1.96,1.96,2.25,1.66,2.34,2.08,1.84,1.95,3.35,4.58,1.96,1.96,2.08,1.84,ok,
1603965944,15.02 19:00,Marseille,St Etienne,ok,,03.02 00:32,15.02 18:58,1.29,5.57,8.54,1.23,7.08,11.61,-2.0,2.6,1.56,2.07,1.85,3.5,2.41,1.62,2.01,1.88,1.23,7.08,11.61,2.07,1.85,2.01,1.88,ok,
1603965945,16.02 19:15,Lens,Strasbourg,ok,,03.02 00:32,16.02 19:14,1.62,4.02,4.99,1.88,3.84,4.23,-0.5,1.66,2.37,1.88,2.04,2.75,1.99,1.76,1.97,1.93,1.88,3.84,4.23,1.88,2.04,1.97,1.93,ok,
1603966488,15.02 16:00,Leganes,Alaves,ok,,03.02 00:29,15.02 16:00,2.83,2.9,2.77,3.95,2.92,2.31,0.25,1.6,2.33,1.99,1.93,1.75,1.66,2.2,1.85,2.06,3.95,2.92,2.31,1.99,1.93,1.85,2.06,ok,
1603966489,15.02 23:00,Villarreal,Valencia,ok,,03.02 00:29,15.02 23:00,1.48,4.45,5.93,1.73,3.95,5.04,-0.75,1.64,2.41,1.94,1.98,2.5,1.69,2.29,1.85,2.06,1.73,3.95,5.04,1.94,1.98,1.85,2.06,ok,
1603966490,15.02 18:15,Osasuna,Real Madrid,ok,,03.02 00:29,15.02 18:16,5.69,4.43,1.5,6.36,4.93,1.49,1.25,1.78,2.17,1.91,2.02,3.25,2.34,1.66,1.96,1.94,6.36,4.93,1.49,1.91,2.02,1.96,1.94,ok,
1603966491,16.02 20:00,Parma,Roma,ok,,03.02 00:33,16.02 19:58,4.37,3.82,1.74,3.97,3.36,2.09,0.5,2.1,1.74,1.84,2.1,2.75,1.81,2.0,2.06,1.85,3.97,3.36,2.09,1.84,2.1,2.06,1.85,ok,
1603966492,16.02 14:30,Fiorentina,Como,ok,,03.02 00:33,16.02 14:28,1.82,3.67,4.14,2.46,3.14,3.3,-0.25,1.59,2.37,2.09,1.85,2.25,1.62,2.28,1.88,2.03,2.46,3.14,3.3,2.09,1.85,1.88,2.03,ok,
1603966493,16.02 17:00,Udinese,Empoli,ok,,03.02 00:33,16.02 16:59,1.92,3.28,4.22,1.92,3.43,4.61,-0.5,1.93,1.89,1.93,1.99,2.25,1.92,1.88,1.9,2.01,1.92,3.43,4.61,1.93,1.99,1.9,2.01,ok,
1603966494,17.02 22:45,Genoa,Venezia,ok,,03.02 00:34,17.02 22:45,1.95,3.4,3.9,1.83,3.4,5.32,-0.75,2.28,1.63,2.1,1.83,2.25,1.82,1.99,2.12,1.81,1.83,3.4,5.32,2.1,1.83,2.12,1.81,ok,
1603966497,15.02 23:05,Toulouse,Paris Saint-Germain,ok,,03.02 00:32,15.02 23:05,4.96,4.3,1.58,5.98,4.46,1.56,1.0,1.9,1.84,2.0,1.93,3.0,1.93,1.81,2.01,1.9,5.98,4.46,1.56,2.0,1.93,2.01,1.9,ok,
1604302837,21.02 23:00,Celta Vigo,Osasuna,ok,,09.02 23:43,21.02 23:03,1.9,3.46,4.02,1.72,3.81,5.37,-0.75,2.26,1.72,1.93,1.99,2.5,2.02,1.79,1.96,1.94,1.72,3.81,5.37,1.93,1.99,1.96,1.94,ok,
1604302838,24.02 23:00,Sevilla,Mallorca,ok,,09.02 23:46,24.02 23:00,2.01,3.29,4.41,1.98,3.35,4.46,-0.5,2.02,1.91,1.98,1.93,2.0,1.9,2.01,1.9,2.01,1.98,3.35,4.46,1.98,1.93,1.9,2.01,ok,
1604302839,23.02 14:30,Como,Napoli,ok,,09.02 23:45,23.02 14:30,3.96,3.56,1.88,3.63,3.1,2.33,0.25,2.32,1.68,1.95,1.97,2.25,1.71,2.25,2.12,1.81,3.63,3.1,2.33,1.95,1.97,2.12,1.81,ok,
1604302840,23.02 20:00,Empoli,Atalanta,ok,,09.02 23:45,23.02 19:54,5.06,4.01,1.61,6.96,4.54,1.5,1.25,1.61,2.46,1.83,2.11,2.75,1.97,1.84,1.92,1.99,6.96,4.54,1.5,1.83,2.11,1.92,1.99,ok,
1604302841,22.02 17:00,Venezia,Lazio,ok,,09.02 23:44,22.02 17:00,3.98,3.63,1.86,6.02,4.02,1.61,1.0,1.49,2.62,1.85,2.08,2.5,1.83,1.97,1.98,1.93,6.02,4.02,1.61,1.85,2.08,1.98,1.93,ok,
1604302842,22.02 22:45,Internazionale,Genoa,ok,,09.02 23:44,22.02 22:45,1.21,6.31,11.1,1.3,5.54,11.77,-1.5,1.72,2.25,1.95,1.97,2.75,1.74,2.2,2.03,1.88,1.3,5.54,11.77,1.95,1.97,2.03,1.88,ok,
1604306288,22.02 18:15,Rayo Vallecano,Villarreal,ok,,09.02 23:44,22.02 17:41,3.02,3.37,2.31,2.9,3.33,2.61,0.0,2.26,1.71,2.07,1.86,2.5,1.85,1.95,1.97,1.93,2.9,3.33,2.61,2.07,1.86,1.97,1.93,ok,
1604306289,23.02 20:30,Getafe,Real Betis,ok,,09.02 23:45,23.02 20:30,2.27,2.97,3.52,3.08,2.88,2.82,0.0,1.6,2.51,2.05,1.88,1.75,1.71,2.25,1.93,1.98,3.08,2.88,2.82,2.05,1.88,1.93,1.98,ok,
1604306290,22.02 20:30,Valencia,Atletico Madrid,ok,,09.02 23:44,22.02 20:29,4.61,3.5,1.78,4.19,3.21,2.09,0.5,2.04,1.78,1.84,2.1,2.25,1.88,1.92,2.1,1.83,4.19,3.21,2.09,1.84,2.1,2.1,1.83,ok,
1604306291,23.02 16:00,Athletic Club Bilbao,Real Valladolid,ok,,09.02 23:45,23.02 15:59,1.18,6.72,13.3,1.18,7.5,18.0,-1.75,1.77,2.06,1.87,2.06,2.75,1.79,2.01,1.92,1.97,1.18,7.5,18.0,1.87,2.06,1.92,1.97,ok,
1604306292,22.02 20:00,Torino,AC Milan,ok,,09.02 23:44,22.02 19:58,3.58,3.37,2.06,4.2,3.75,1.9,0.5,1.76,2.06,2.01,1.92,2.75,2.31,1.61,2.06,1.85,4.2,3.75,1.9,2.01,1.92,2.06,1.85,ok,
1604306293,24.02 22:45,Roma,Monza,ok,,09.02 23:46,24.02 22:45,1.38,5.24,8.59,1.26,5.94,12.77,-1.75,2.43,1.63,2.04,1.87,2.75,1.88,1.93,1.93,1.95,1.26,5.94,12.77,2.04,1.87,1.93,1.95,ok,
1604306294,23.02 22:45,Cagliari,Juventus,ok,,09.02 23:45,23.02 22:45,4.28,3.63,1.8,4.93,3.49,1.85,0.5,2.02,1.81,2.07,1.86,2.25,1.72,2.23,1.88,2.03,4.93,3.49,1.85,2.07,1.86,1.88,2.03,ok,
1604306295,23.02 17:00,Hellas Verona,Fiorentina,ok,,09.02 23:45,23.02 17:00,3.74,3.52,1.95,4.02,3.28,2.11,0.5,1.85,1.96,1.83,2.12,2.25,1.69,2.29,2.05,1.86,4.02,3.28,2.11,1.83,2.12,2.05,1.86,ok,
1604306300,23.02 22:45,Lyon,Paris Saint-Germain,ok,,09.02 23:45,23.02 22:43,3.29,4.01,1.97,5.98,4.78,1.53,1.25,1.41,3.08,1.85,2.09,3.25,1.78,2.14,1.87,2.04,5.98,4.78,1.53,1.85,2.09,1.87,2.04,ok,
1604310977,23.02 23:00,Real Sociedad,Leganes,ok,,09.02 23:45,23.02 23:00,1.38,4.21,9.33,1.64,3.76,6.49,-0.75,1.52,2.71,1.83,2.11,2.25,2.18,1.76,2.08,1.84,1.64,3.76,6.49,1.83,2.11,2.08,1.84,ok,
1604310978,23.02 18:15,Real Madrid,Girona,ok,,09.02 23:45,23.02 18:16,1.29,5.89,8.21,1.28,6.41,9.86,-1.75,2.07,1.85,2.02,1.88,3.5,2.08,1.82,1.99,1.9,1.28,6.41,9.86,2.02,1.88,1.99,1.9,ok,
1604310979,22.02 23:00,Las Palmas,Barcelona,ok,,09.02 23:44,22.02 22:58,6.24,5.11,1.4,11.31,6.98,1.24,2.0,1.44,2.98,1.87,2.04,3.5,2.07,1.83,1.85,2.05,11.31,6.98,1.24,1.87,2.04,1.85,2.05,ok,
1604310980,22.02 16:00,Alaves,Espanyol,ok,,09.02 23:44,22.02 16:06,1.81,3.31,4.71,1.88,3.13,5.6,-0.5,1.82,2.0,1.89,2.04,1.75,1.63,2.41,1.81,2.13,1.88,3.13,5.6,1.89,2.04,1.81,2.13,ok,
1604310981,21.02 22:45,Lecce,Udinese,ok,,09.02 23:43,21.02 22:52,2.8,3.15,2.59,3.02,3.0,2.75,0.0,1.98,1.83,2.06,1.87,2.25,1.82,1.98,2.09,1.83,3.02,3.0,2.75,2.06,1.87,2.09,1.83,ok,
1604310982,22.02 17:00,Parma,Bologna,ok,,09.02 23:44,22.02 16:57,3.9,3.7,1.86,5.07,3.64,1.79,0.75,1.76,2.18,1.89,2.04,2.5,1.78,2.14,2.02,1.89,5.07,3.64,1.79,1.89,2.04,2.02,1.89,ok,
1604310987,21.02 22:45,Rennes,Reims,ok,,09.02 23:43,21.02 22:52,1.77,3.71,4.34,2.24,3.42,3.46,-0.25,1.59,2.52,1.93,1.99,2.5,1.85,1.95,2.03,1.88,2.24,3.42,3.46,1.93,1.99,2.03,1.88,ok,
1604314228,22.02 21:00,St Etienne,Angers,ok,,09.02 23:44,22.02 21:00,2.3,3.31,3.09,2.54,3.4,2.95,0.0,1.65,2.24,1.82,2.12,2.5,2.0,1.81,1.96,1.94,2.54,3.4,2.95,1.82,2.12,1.96,1.94,ok,
1604314229,23.02 19:15,Strasbourg,Brest,ok,,09.02 23:45,23.02 19:10,2.12,3.38,3.41,2.25,3.34,3.52,-0.25,1.83,1.98,1.93,1.99,2.5,1.94,1.85,2.09,1.83,2.25,3.34,3.52,1.93,1.99,2.09,1.83,ok,
1604314230,22.02 23:05,Auxerre,Marseille,ok,,09.02 23:45,22.02 23:02,4.23,3.94,1.74,5.83,4.41,1.58,1.0,1.66,2.37,1.96,1.96,2.75,1.82,2.09,1.82,2.07,5.83,4.41,1.58,1.96,1.96,1.82,2.07,ok,
1604314231,23.02 19:15,Le Havre,Toulouse,ok,,09.02 23:45,23.02 19:14,3.67,3.37,2.03,3.82,3.35,2.14,0.25,2.14,1.79,2.11,1.83,2.25,1.79,2.03,2.03,1.88,3.82,3.35,2.14,2.11,1.83,2.03,1.88,ok,
1604314232,23.02 19:15,Nice,Montpellier,ok,,09.02 23:45,23.02 19:15,1.44,4.71,6.12,1.35,5.51,9.22,-1.5,2.28,1.7,1.98,1.94,3.0,1.87,1.93,1.93,1.98,1.35,5.51,9.22,1.98,1.94,1.93,1.98,ok,
1604317774,23.02 17:00,Nantes,Lens,ok,,09.02 23:45,23.02 16:58,3.39,3.32,2.15,3.64,3.34,2.2,0.25,1.96,1.85,2.04,1.89,2.25,1.81,2.1,1.88,2.03,3.64,3.34,2.2,2.04,1.89,1.88,2.03,ok,
1604317775,22.02 19:00,Lille,Monaco,ok,,09.02 23:44,22.02 18:59,1.95,3.7,3.56,2.48,3.57,2.91,0.0,1.5,2.77,1.81,2.13,2.75,1.81,2.0,1.91,2.0,2.48,3.57,2.91,1.81,2.13,1.91,2.0,ok,
1604677974,02.03 17:00,Genoa,Empoli,ok,,17.02 00:30,02.03 16:58,2.01,3.18,4.0,1.93,3.24,4.98,-0.5,2.02,1.81,1.93,1.99,2.25,1.95,1.85,2.06,1.85,1.93,3.24,4.98,1.93,1.99,2.06,1.85,ok,
1604677975,02.03 22:45,AC Milan,Lazio,ok,,17.02 00:30,02.03 22:45,1.94,3.59,3.69,2.17,3.54,3.52,-0.25,1.74,2.22,1.88,2.05,2.75,1.99,1.82,1.95,1.95,2.17,3.54,3.52,1.88,2.05,1.95,1.95,ok,
1604677976,01.03 20:00,Napoli,Internazionale,ok,,17.02 00:30,01.03 19:54,2.86,3.15,2.54,3.21,3.13,2.52,0.25,1.69,2.17,1.81,2.14,2.25,1.84,1.97,1.89,2.01,3.21,3.13,2.52,1.81,2.14,1.89,2.01,ok,
1604677977,03.03 22:45,Juventus,Hellas Verona,ok,,17.02 00:30,03.03 22:44,1.24,5.71,11.01,1.35,5.22,10.22,-1.5,1.76,2.04,2.1,1.84,2.5,1.73,2.08,1.98,1.93,1.35,5.22,10.22,2.1,1.84,1.98,1.93,ok,
1604677978,02.03 14:30,Monza,Torino,ok,,17.02 00:30,02.03 14:21,2.95,3.01,2.57,4.7,3.29,1.95,0.5,1.5,2.57,1.96,1.96,2.25,2.11,1.72,2.05,1.86,4.7,3.29,1.95,1.96,1.96,2.05,1.86,ok,
1604677979,01.03 22:45,Udinese,Parma,ok,,17.02 00:30,01.03 22:44,1.69,3.78,4.78,1.85,3.62,4.68,-0.5,1.69,2.17,1.86,2.07,2.5,1.76,2.04,1.9,2.01,1.85,3.62,4.68,1.86,2.07,1.9,2.01,ok,
1604677981,28.02 23:00,Real Valladolid,Las Palmas,ok,,17.02 00:25,28.02 22:57,2.72,3.1,2.72,3.06,3.11,2.64,0.0,1.91,1.91,2.12,1.83,2.25,1.88,1.92,2.06,1.85,3.06,3.11,2.64,2.12,1.83,2.06,1.85,ok,
1604677982,28.02 22:45,Monaco,Reims,ok,,17.02 00:25,28.02 22:45,1.46,4.79,5.72,1.38,5.29,8.47,-1.5,2.22,1.66,2.02,1.91,3.25,1.89,1.91,1.97,1.93,1.38,5.29,8.47,2.02,1.91,1.97,1.93,ok,
1604677987,02.03 19:15,Montpellier,Rennes,ok,,17.02 00:30,02.03 19:15,3.14,3.46,2.2,3.94,3.53,2.03,0.5,1.67,2.2,1.88,2.04,2.5,1.77,2.03,1.95,1.95,3.94,3.53,2.03,1.88,2.04,1.95,1.95,ok,
1604677988,02.03 17:00,Lyon,Brest,ok,,17.02 00:30,02.03 17:00,1.6,4.34,4.75,1.74,4.11,4.72,-0.75,1.75,2.08,1.94,1.98,3.0,2.02,1.8,2.02,1.89,1.74,4.11,4.72,1.94,1.98,2.02,1.89,ok,
1604681835,02.03 16:00,Leganes,Getafe,ok,,17.02 00:30,02.03 16:00,3.33,2.81,2.48,3.16,2.72,2.91,0.0,2.24,1.65,2.05,1.88,1.75,1.87,1.93,2.08,1.84,3.16,2.72,2.91,2.05,1.88,2.08,1.84,ok,
1604681836,01.03 18:15,Rayo Vallecano,Sevilla,ok,,17.02 00:28,01.03 18:17,2.1,3.18,3.69,2.55,3.05,3.26,-0.25,1.8,2.03,2.15,1.8,2.0,1.76,2.17,1.93,1.98,2.55,3.05,3.26,2.15,1.8,1.93,1.98,ok,
1604681837,01.03 16:00,Girona,Celta Vigo,ok,,17.02 00:28,01.03 16:00,1.99,3.53,3.61,2.18,3.41,3.62,-0.25,1.73,2.11,1.88,2.05,2.5,1.83,1.99,2.03,1.88,2.18,3.41,3.62,1.88,2.05,2.03,1.88,ok,
1604681838,02.03 23:00,Osasuna,Valencia,ok,,17.02 00:30,02.03 22:49,2.19,3.11,3.54,2.23,3.17,3.77,-0.25,1.87,1.94,1.9,2.03,2.25,2.15,1.78,2.03,1.88,2.23,3.17,3.77,1.9,2.03,2.03,1.88,ok,
1604681843,01.03 17:00,Atalanta,Venezia,ok,,17.02 00:30,01.03 17:00,1.24,6.09,9.77,1.2,7.25,16.75,-2.0,2.26,1.64,2.08,1.83,3.25,2.1,1.81,2.06,1.83,1.2,7.25,16.75,2.08,1.83,2.06,1.83,ok,
1604681849,02.03 19:15,Auxerre,Strasbourg,ok,,17.02 00:30,02.03 19:14,2.69,3.37,2.55,3.17,3.37,2.41,0.25,1.71,2.26,1.86,2.07,2.5,1.8,2.11,1.92,1.99,3.17,3.37,2.41,1.86,2.07,1.92,1.99,ok,
1604681850,01.03 21:00,Lens,Le Havre,ok,,17.02 00:28,01.03 20:58,1.3,5.24,9.05,1.41,4.87,8.54,-1.25,1.75,2.22,1.95,1.97,2.75,1.92,1.88,2.06,1.85,1.41,4.87,8.54,1.95,1.97,2.06,1.85,ok,
1604681851,02.03 19:15,Angers,Toulouse,ok,,17.02 00:30,02.03 19:14,3.1,3.23,2.34,4.09,3.28,2.09,0.5,1.6,2.34,1.84,2.1,2.25,1.81,2.0,2.1,1.82,4.09,3.28,2.09,1.84,2.1,2.1,1.82,ok,
1604684864,01.03 20:30,Real Betis,Real Madrid,ok,,17.02 00:30,01.03 20:30,4.77,4.17,1.62,3.84,3.76,1.99,0.5,2.36,1.66,1.93,2.0,3.0,1.95,1.85,2.05,1.87,3.84,3.76,1.99,1.93,2.0,2.05,1.87,ok,
1604684865,03.03 23:00,Villarreal,Espanyol,ok,,17.02 00:32,03.03 22:57,1.36,5.0,7.41,1.38,5.18,8.75,-1.5,2.05,1.77,2.09,1.85,2.75,1.75,2.07,1.93,1.98,1.38,5.18,8.75,2.09,1.85,1.93,1.98,ok,
1604684866,02.03 20:30,Mallorca,Alaves,ok,,17.02 00:30,02.03 20:28,2.04,3.0,4.15,2.57,2.86,3.47,-0.25,1.78,2.17,2.14,1.81,1.75,1.76,2.07,1.89,2.02,2.57,2.86,3.47,2.14,1.81,1.89,2.02,ok,
1604684867,02.03 18:15,Barcelona,Real Sociedad,ok,,17.02 00:28,02.03 18:16,1.38,4.87,7.25,1.26,6.22,12.05,-1.75,2.51,1.59,1.93,1.98,3.25,2.42,1.62,2.03,1.86,1.26,6.22,12.05,1.93,1.98,2.03,1.86,ok,
1604684868,01.03 23:00,Atletico Madrid,Athletic Club Bilbao,ok,,17.02 00:28,01.03 22:58,1.84,3.54,4.19,2.2,3.24,3.78,-0.25,1.6,2.34,1.88,2.05,2.25,1.91,1.89,1.95,1.95,2.2,3.24,3.78,1.88,2.05,1.95,1.95,ok,
1604684875,02.03 20:00,Roma,Como,ok,,17.02 00:30,02.03 20:00,1.74,4.0,4.89,1.99,3.35,4.37,-0.5,1.73,2.24,2.0,1.92,2.25,1.65,2.37,1.9,2.01,1.99,3.35,4.37,2.0,1.92,1.9,2.01,ok,
1604684876,28.02 22:45,Fiorentina,Lecce,ok,,17.02 00:30,28.02 22:45,1.45,4.45,6.46,1.95,3.28,4.73,-0.5,1.48,2.82,1.96,1.96,2.0,1.37,3.26,1.85,2.07,1.95,3.28,4.73,1.96,1.96,1.85,2.07,ok,
1604684877,02.03 17:00,Bologna,Cagliari,ok,,17.02 00:30,02.03 17:00,1.55,4.07,5.63,1.73,3.55,5.9,-0.75,1.7,2.15,1.96,1.96,2.25,1.63,2.27,1.93,1.97,1.73,3.55,5.9,1.96,1.96,1.93,1.97,ok,
1604684882,01.03 23:05,Paris Saint-Germain,Lille,ok,,17.02 00:28,01.03 23:05,1.4,4.93,6.46,1.35,5.43,9.13,-1.5,2.17,1.77,2.01,1.92,3.0,1.82,2.08,1.94,1.96,1.35,5.43,9.13,2.01,1.92,1.94,1.96,ok,
1604684883,02.03 22:45,Marseille,Nantes,ok,,17.02 00:30,02.03 22:42,1.34,5.27,7.61,1.34,5.59,9.17,-1.5,1.98,1.84,2.0,1.93,3.0,1.97,1.84,1.96,1.94,1.34,5.59,9.17,2.0,1.93,1.96,1.94,ok,
1605039559,10.03 23:00,Espanyol,Girona,ok,,24.02 00:41,10.03 22:59,2.96,3.2,2.44,3.61,3.15,2.31,0.25,1.75,2.09,1.96,1.96,2.25,1.79,2.02,2.01,1.9,3.61,3.15,2.31,1.96,1.96,2.01,1.9,ok,
1605039560,08.03 20:30,Valencia,Real Valladolid,ok,,24.02 00:41,08.03 20:30,1.4,4.46,7.58,1.41,4.71,9.07,-1.25,2.0,1.83,1.96,1.96,2.5,2.0,1.81,1.94,1.96,1.41,4.71,9.07,1.96,1.96,1.94,1.96,ok,
1605039561,08.03 18:15,Alaves,Villarreal,ok,,24.02 00:41,08.03 18:05,3.09,3.33,2.3,3.12,3.16,2.56,0.0,2.3,1.69,2.17,1.78,2.25,1.71,2.25,1.98,1.93,3.12,3.16,2.56,2.17,1.78,1.98,1.93,ok,
1605039562,09.03 16:00,Getafe,Atletico Madrid,ok,,24.02 00:41,09.03 16:00,3.79,3.02,2.14,5.01,3.19,1.93,0.5,1.75,2.2,1.98,1.94,2.0,1.95,1.85,1.97,1.93,5.01,3.19,1.93,1.98,1.94,1.97,1.93,ok,
1605039563,08.03 16:00,Celta Vigo,Leganes,ok,,24.02 00:41,08.03 16:00,1.54,3.99,5.98,1.57,4.06,6.68,-1.0,1.96,1.85,2.01,1.92,2.5,2.0,1.81,2.09,1.83,1.57,4.06,6.68,2.01,1.92,2.09,1.83,ok,
1605039564,08.03 17:00,Parma,Torino,ok,,24.02 00:39,08.03 16:59,2.7,3.21,2.64,3.57,3.3,2.25,0.25,1.68,2.33,2.0,1.93,2.25,1.77,2.16,1.95,1.95,3.57,3.3,2.25,2.0,1.93,1.95,1.95,ok,
1605039569,08.03 21:00,Lille,Montpellier,ok,,24.02 00:39,08.03 20:58,1.32,5.32,7.88,1.42,4.9,7.97,-1.25,1.76,2.19,1.96,1.96,2.75,1.7,2.26,1.87,2.05,1.42,4.9,7.97,1.96,1.96,1.87,2.05,ok,
1605039570,09.03 22:45,Nice,Lyon,ok,,24.02 00:40,09.03 22:45,2.12,3.64,3.16,2.22,3.58,3.36,-0.25,1.86,1.96,1.93,2.0,2.75,1.83,1.92,1.99,1.92,2.22,3.58,3.36,1.93,2.0,1.99,1.92,ok,
1605039572,08.03 23:05,Marseille,Lens,ok,,24.02 00:39,08.03 23:04,1.76,3.86,4.19,1.51,4.5,6.72,-1.0,2.37,1.58,1.85,2.09,2.75,1.85,1.95,1.89,2.01,1.51,4.5,6.72,1.85,2.09,1.89,2.01,ok,
1605039573,09.03 19:15,Reims,Auxerre,ok,,24.02 00:41,09.03 19:11,1.94,3.61,3.67,2.61,3.27,2.95,0.0,1.48,2.84,1.85,2.09,2.5,1.8,2.12,2.04,1.88,2.61,3.27,2.95,1.85,2.09,2.04,1.88,ok,
1605039574,09.03 19:15,Nantes,Strasbourg,ok,,24.02 00:41,09.03 19:14,2.69,3.24,2.63,3.03,3.4,2.48,0.25,1.64,2.26,1.81,2.14,2.5,2.01,1.81,1.91,2.0,3.03,3.4,2.48,1.81,2.14,1.91,2.0,ok,
1605039575,07.03 22:45,Toulouse,Monaco,ok,,24.02 00:37,07.03 22:45,3.22,3.56,2.13,3.3,3.55,2.26,0.25,1.96,1.86,1.96,1.96,2.75,1.8,2.02,2.01,1.89,3.3,3.55,2.26,1.96,1.96,2.01,1.89,ok,
1605045343,09.03 23:00,Real Sociedad,Sevilla,ok,,24.02 00:41,09.03 22:58,1.91,3.28,4.27,2.51,3.04,3.32,-0.25,1.68,2.33,2.12,1.82,2.0,1.78,2.14,1.94,1.96,2.51,3.04,3.32,2.12,1.82,1.94,1.96,ok,
1605045344,08.03 23:00,Barcelona,Osasuna,ok,,24.02 00:41,08.03 22:43,1.17,7.65,11.21,1.23,7.34,11.68,-2.0,1.82,1.99,2.08,1.83,3.5,1.83,2.07,1.96,1.93,1.23,7.34,11.68,2.08,1.83,1.96,1.93,ok,
1605045345,09.03 17:00,Napoli,Fiorentina,ok,,24.02 00:41,09.03 16:52,1.63,3.91,5.13,1.6,3.84,6.89,-1.0,2.17,1.78,2.08,1.85,2.25,1.68,2.31,1.97,1.93,1.6,3.84,6.89,2.08,1.85,1.97,1.93,ok,
1605045346,09.03 20:00,Empoli,Roma,ok,,24.02 00:41,09.03 19:58,4.06,3.51,1.88,4.1,3.22,2.11,0.5,1.93,1.88,1.83,2.12,2.25,1.78,2.14,1.91,2.0,4.1,3.22,2.11,1.83,2.12,1.91,2.0,ok,
1605045347,08.03 22:45,Internazionale,Monza,ok,,24.02 00:39,08.03 22:41,1.08,10.84,20.82,1.15,8.92,19.3,-2.25,1.76,2.07,2.07,1.85,3.25,1.88,1.9,2.07,1.83,1.15,8.92,19.3,2.07,1.85,2.07,1.83,ok,
1605045348,10.03 22:45,Lazio,Udinese,ok,,24.02 00:43,10.03 22:45,1.56,4.06,5.63,1.88,3.42,4.82,-0.5,1.59,2.51,1.9,2.03,2.5,1.86,1.94,2.07,1.85,1.88,3.42,4.82,1.9,2.03,2.07,1.85,ok,
1605045349,08.03 19:00,Rennes,Paris Saint-Germain,ok,,24.02 00:39,08.03 18:58,5.0,4.41,1.56,4.92,4.21,1.69,0.75,2.16,1.7,2.05,1.88,3.25,2.02,1.8,2.06,1.85,4.92,4.21,1.69,2.05,1.88,2.06,1.85,ok,
1605045661,09.03 20:30,Athletic Club Bilbao,Mallorca,ok,,24.02 00:41,09.03 20:29,1.53,3.74,6.73,1.74,3.55,5.76,-0.75,1.74,2.22,1.98,1.94,2.25,2.17,1.76,2.02,1.89,1.74,3.55,5.76,1.98,1.94,2.02,1.89,ok,
1605045662,09.03 18:15,Real Madrid,Rayo Vallecano,ok,,24.02 00:41,09.03 18:15,1.22,6.28,10.62,1.3,5.97,10.7,-1.5,1.74,2.23,1.88,2.05,3.0,1.85,1.94,1.88,2.03,1.3,5.97,10.7,1.88,2.05,1.88,2.03,ok,
1605045663,09.03 20:30,Real Betis,Las Palmas,ok,,24.02 00:41,09.03 20:30,1.51,4.28,5.8,1.34,5.35,10.18,-1.5,2.36,1.58,1.98,1.94,2.75,1.9,1.9,1.88,2.03,1.34,5.35,10.18,1.98,1.94,1.88,2.03,ok,
1605045664,08.03 17:00,Como,Venezia,ok,,24.02 00:39,08.03 16:58,1.6,3.88,5.4,1.65,3.79,6.18,-0.75,1.78,2.05,1.84,2.1,2.5,1.97,1.83,1.98,1.93,1.65,3.79,6.18,1.84,2.1,1.98,1.93,ok,
1605045665,09.03 22:45,Juventus,Atalanta,ok,,24.02 00:41,09.03 22:43,2.29,3.31,3.12,2.73,3.16,2.91,0.0,1.64,2.26,1.9,2.03,2.25,1.78,2.03,1.86,2.06,2.73,3.16,2.91,1.9,2.03,1.86,2.06,ok,
1605045666,08.03 20:00,Lecce,AC Milan,ok,,24.02 00:39,08.03 20:00,4.72,3.91,1.67,4.69,3.6,1.85,0.5,2.27,1.71,2.07,1.86,2.5,1.81,2.1,1.99,1.91,4.69,3.6,1.85,2.07,1.86,1.99,1.91,ok,
1605045667,09.03 14:30,Hellas Verona,Bologna,ok,,24.02 00:41,09.03 14:27,4.3,3.46,1.84,5.53,3.55,1.76,0.75,1.77,2.18,1.92,2.01,2.25,1.85,1.95,2.0,1.91,5.53,3.55,1.76,1.92,2.01,2.0,1.91,ok,
1605045670,09.03 17:00,Brest,Angers,ok,,24.02 00:41,09.03 16:58,1.76,3.58,4.53,1.69,3.75,5.82,-0.75,2.02,1.81,1.89,2.03,2.5,2.09,1.82,2.09,1.83,1.69,3.75,5.82,1.89,2.03,2.09,1.83,ok,
1605045671,09.03 19:15,Le Havre,St Etienne,ok,,24.02 00:41,09.03 19:16,2.28,3.38,3.08,2.48,3.44,3.01,-0.25,1.96,1.85,2.14,1.81,2.5,1.85,1.95,1.94,1.96,2.48,3.44,3.01,2.14,1.81,1.94,1.96,ok,
1605060914,07.03 22:45,Cagliari,Genoa,ok,,24.02 00:37,07.03 22:38,2.34,3.23,3.1,2.53,2.96,3.4,-0.25,2.01,1.82,2.13,1.82,2.0,1.54,2.46,1.89,2.01,2.53,2.96,3.4,2.13,1.82,1.89,2.01,ok,
1605445625,16.03 16:00,Leganes,Real Betis,ok,,02.03 23:32,16.03 15:58,3.42,3.23,2.17,4.06,3.33,2.08,0.5,1.74,2.23,1.85,2.09,2.25,1.88,1.92,2.01,1.9,4.06,3.33,2.08,1.85,2.09,2.01,1.9,ok,
1605445626,15.03 18:15,Mallorca,Espanyol,ok,,02.03 23:30,15.03 18:11,1.79,3.28,4.95,1.86,3.33,5.19,-0.5,1.8,2.03,1.87,2.06,2.0,1.91,1.89,1.92,1.98,1.86,3.33,5.19,1.87,2.06,1.92,1.98,ok,
1605445627,15.03 16:00,Real Valladolid,Celta Vigo,ok,,02.03 23:30,15.03 16:00,4.39,3.78,1.75,4.77,3.83,1.79,0.75,1.81,2.02,1.89,2.03,2.5,1.91,1.89,1.99,1.92,4.77,3.83,1.79,1.89,2.03,1.99,1.92,ok,
1605445628,16.03 18:15,Sevilla,Athletic Club Bilbao,ok,,02.03 23:32,16.03 18:14,3.77,3.4,1.99,2.65,3.02,3.14,0.0,2.77,1.44,1.81,2.15,2.0,1.54,2.46,1.94,1.96,2.65,3.02,3.14,1.81,2.15,1.94,1.96,ok,
1605445629,16.03 20:30,Osasuna,Getafe,ok,,02.03 23:32,16.03 20:26,2.41,2.84,3.42,2.45,2.91,3.62,-0.25,2.02,1.81,2.05,1.88,1.75,1.81,2.0,1.88,2.03,2.45,2.91,3.62,2.05,1.88,1.88,2.03,ok,
1605445630,16.03 23:00,Atletico Madrid,Barcelona,ok,,02.03 23:32,16.03 22:58,2.67,3.53,2.48,3.11,3.76,2.27,0.25,1.69,2.16,1.93,1.99,3.0,1.96,1.85,2.01,1.9,3.11,3.76,2.27,1.93,1.99,2.01,1.9,ok,
1605445633,16.03 20:00,Fiorentina,Juventus,ok,,02.03 23:32,16.03 19:59,3.06,3.15,2.4,3.44,3.13,2.4,0.25,1.78,2.06,1.89,2.03,2.25,1.88,1.92,2.01,1.9,3.44,3.13,2.4,1.89,2.03,2.01,1.9,ok,
1605445634,16.03 18:00,Roma,Cagliari,ok,,02.03 23:32,16.03 17:59,1.51,4.29,5.78,1.51,4.3,7.4,-1.0,1.87,1.95,1.87,2.07,2.5,1.76,2.17,1.98,1.93,1.51,4.3,7.4,1.87,2.07,1.98,1.93,ok,
1605445635,14.03 22:45,Nice,Auxerre,ok,,02.03 23:29,14.03 22:45,1.45,4.52,6.37,1.6,4.22,5.99,-1.0,1.71,2.13,2.01,1.92,2.75,1.71,2.12,2.01,1.89,1.6,4.22,5.99,2.01,1.92,2.01,1.89,ok,
1605445636,16.03 17:00,Lyon,Le Havre,ok,,02.03 23:32,16.03 17:01,1.29,5.68,8.66,1.26,6.38,10.54,-1.75,2.03,1.78,1.95,1.95,3.25,1.98,1.81,1.93,1.96,1.26,6.38,10.54,1.95,1.95,1.93,1.96,ok,
1605445637,16.03 19:15,Brest,Reims,ok,,02.03 23:32,16.03 19:15,1.99,3.43,3.71,1.68,3.79,5.81,-0.75,2.39,1.65,1.88,2.05,2.5,1.96,1.84,2.06,1.86,1.68,3.79,5.81,1.88,2.05,2.06,1.86,ok,
1605452031,15.03 23:00,Girona,Valencia,ok,,02.03 23:30,15.03 22:59,1.9,3.46,4.02,1.96,3.58,4.18,-0.5,1.91,1.91,1.97,1.95,2.5,2.02,1.79,2.08,1.84,1.96,3.58,4.18,1.97,1.95,2.08,1.84,ok,
1605452032,15.03 20:30,Villarreal,Real Madrid,ok,,02.03 23:30,15.03 20:30,3.12,3.78,2.1,3.16,3.7,2.27,0.25,1.97,1.85,1.94,1.98,3.0,1.74,2.08,1.93,1.98,3.16,3.7,2.27,1.94,1.98,1.93,1.98,ok,
1605452033,14.03 23:00,Las Palmas,Alaves,ok,,02.03 23:29,14.03 22:56,2.92,3.15,2.51,2.9,3.04,2.83,0.0,2.07,1.77,1.99,1.93,2.0,1.63,2.27,1.86,2.05,2.9,3.04,2.83,1.99,1.93,1.86,2.05,ok,
1605452036,16.03 17:00,Bologna,Lazio,ok,,02.03 23:32,16.03 17:00,2.43,3.17,3.0,2.28,2.98,3.89,-0.25,2.1,1.75,1.93,2.0,2.25,1.84,1.97,2.09,1.83,2.28,2.98,3.89,1.93,2.0,2.09,1.83,ok,
1605452037,15.03 20:00,AC Milan,Como,ok,,02.03 23:30,15.03 20:00,1.54,4.28,5.38,1.81,3.83,4.61,-0.75,1.72,2.24,2.05,1.88,2.75,1.85,1.93,1.87,2.04,1.81,3.83,4.61,2.05,1.88,1.87,2.04,ok,
1605452038,16.03 22:45,Atalanta,Internazionale,ok,,02.03 23:32,16.03 22:44,2.75,3.4,2.48,2.68,3.21,2.91,0.0,2.02,1.81,1.88,2.05,2.5,1.81,2.0,2.08,1.84,2.68,3.21,2.91,1.88,2.05,2.08,1.84,ok,
1605452039,15.03 17:00,Monza,Parma,ok,,02.03 23:30,15.03 17:00,2.32,3.36,3.01,3.13,3.46,2.39,0.25,1.53,2.67,1.87,2.06,2.5,1.86,1.93,1.99,1.91,3.13,3.46,2.39,1.87,2.06,1.99,1.91,ok,
1605452040,15.03 19:00,Nantes,Lille,ok,,02.03 23:30,15.03 18:57,3.46,3.42,2.08,4.31,3.45,1.97,0.5,1.75,2.08,1.94,1.98,2.25,1.68,2.17,1.89,2.02,4.31,3.45,1.97,1.94,1.98,1.89,2.02,ok,
1605452041,16.03 19:15,Montpellier,St Etienne,ok,,02.03 23:32,16.03 19:15,1.99,3.92,3.68,2.33,3.73,3.03,-0.25,1.74,2.22,2.04,1.89,2.75,1.79,2.13,1.85,2.07,2.33,3.73,3.03,2.04,1.89,1.85,2.07,ok,
1605457419,16.03 20:30,Rayo Vallecano,Real Sociedad,ok,,02.03 23:32,16.03 20:29,2.62,2.88,3.02,2.43,2.89,3.62,-0.25,2.26,1.71,2.05,1.88,1.75,1.73,2.22,1.9,2.01,2.43,2.89,3.62,2.05,1.88,1.9,2.01,ok,
1605457422,15.03 17:00,Udinese,Hellas Verona,ok,,02.03 23:30,15.03 17:00,1.74,3.53,4.87,1.81,3.45,5.27,-0.75,1.97,1.85,2.09,1.85,2.25,1.77,2.04,2.04,1.87,1.81,3.45,5.27,2.09,1.85,2.04,1.87,ok,
1605457423,16.03 14:30,Venezia,Napoli,ok,,02.03 23:32,16.03 14:31,5.75,4.1,1.54,8.25,4.3,1.48,1.0,1.88,1.94,2.1,1.83,2.25,1.62,2.28,1.85,2.06,8.25,4.3,1.48,2.1,1.83,1.85,2.06,ok,
1605457424,14.03 22:45,Genoa,Lecce,ok,,02.03 23:29,14.03 22:45,1.95,3.12,4.35,2.09,3.04,4.53,-0.5,1.95,1.86,2.1,1.84,2.0,1.79,2.02,1.91,2.0,2.09,3.04,4.53,2.1,1.84,1.91,2.0,ok,
1605457425,15.03 22:45,Torino,Empoli,ok,,02.03 23:30,15.03 22:44,1.78,3.38,4.83,1.88,3.33,5.02,-0.5,1.78,2.04,1.9,2.03,2.25,1.92,1.88,1.98,1.93,1.88,3.33,5.02,1.9,2.03,1.98,1.93,ok,
1605457427,15.03 21:00,Angers,Monaco,ok,,02.03 23:30,15.03 20:58,4.46,4.0,1.69,8.01,5.21,1.4,1.5,1.42,2.81,1.86,2.07,3.0,1.99,1.82,1.83,2.09,8.01,5.21,1.4,1.86,2.07,1.83,2.09,ok,
1605457428,16.03 22:45,Paris Saint-Germain,Marseille,ok,,02.03 23:32,16.03 22:45,1.43,5.55,6.67,1.33,5.66,9.0,-1.5,2.08,1.84,1.97,1.95,3.25,1.77,2.16,2.06,1.86,1.33,5.66,9.0,1.97,1.95,2.06,1.86,ok,
1605457429,16.03 19:15,Strasbourg,Toulouse,ok,,02.03 23:32,16.03 19:15,2.15,3.4,3.3,2.62,3.34,2.89,0.0,1.61,2.49,1.87,2.06,2.25,1.7,2.27,1.85,2.06,2.62,3.34,2.89,1.87,2.06,1.85,2.06,ok,
1605457430,15.03 23:05,Lens,Rennes,ok,,02.03 23:30,15.03 23:04,1.92,3.55,3.87,2.05,3.47,3.94,-0.5,1.93,1.89,2.06,1.87,2.5,1.88,1.92,2.08,1.84,2.05,3.47,3.94,2.06,1.87,2.08,1.84,ok,
1605863574,30.03 15:00,Getafe,Villarreal,ok,,15.03 11:49,30.03 14:59,3.02,3.1,2.47,3.35,3.16,2.43,0.25,1.75,2.11,1.87,2.06,2.0,1.7,2.27,1.82,2.11,3.35,3.16,2.43,1.87,2.06,1.82,2.11,ok,
1605863575,30.03 17:15,Barcelona,Girona,ok,,15.03 11:49,30.03 17:15,1.27,6.06,8.0,1.31,6.25,8.98,-1.5,1.76,2.05,1.88,2.04,3.25,1.68,2.15,1.87,2.05,1.31,6.25,8.98,1.88,2.04,1.87,2.05,ok,
1605863576,31.03 21:45,Lazio,Torino,ok,,15.03 11:50,31.03 21:45,1.66,3.95,5.72,1.84,3.45,5.06,-0.5,1.66,2.37,1.85,2.08,2.25,1.79,2.02,2.04,1.87,1.84,3.45,5.06,1.85,2.08,2.04,1.87,ok,
1605863577,30.03 13:30,Cagliari,Monza,ok,,15.03 11:49,30.03 13:30,1.71,3.68,4.77,1.81,3.5,5.18,-0.75,1.94,1.88,2.07,1.86,2.5,2.0,1.81,2.05,1.86,1.81,3.5,5.18,2.07,1.86,2.05,1.86,ok,
1605863578,30.03 18:15,Angers,Rennes,ok,,15.03 11:50,30.03 18:15,3.63,3.34,2.05,4.07,3.28,2.09,0.5,1.78,2.06,1.84,2.1,2.25,1.81,2.0,1.88,2.04,4.07,3.28,2.09,1.84,2.1,1.88,2.04,ok,
1605863579,29.03 21:00,St Etienne,Paris Saint-Germain,ok,,15.03 11:48,29.03 21:00,10.66,7.57,1.18,10.37,6.95,1.25,1.75,2.31,1.69,2.07,1.85,3.75,1.89,1.89,1.85,2.05,10.37,6.95,1.25,2.07,1.85,1.85,2.05,ok,
1605867484,30.03 22:00,Real Betis,Sevilla,ok,,15.03 11:49,30.03 21:59,1.89,3.39,4.17,1.78,3.58,5.27,-0.75,2.19,1.68,2.04,1.88,2.25,1.8,2.02,1.99,1.92,1.78,3.58,5.27,2.04,1.88,1.99,1.92,ok,
1605867485,31.03 22:00,Celta Vigo,Las Palmas,ok,,15.03 11:51,31.03 22:00,1.54,4.1,5.68,1.61,4.09,6.07,-1.0,1.93,1.88,2.06,1.87,2.5,1.77,2.04,1.93,1.97,1.61,4.09,6.07,2.06,1.87,1.93,1.97,ok,
1605867486,29.03 20:00,Juventus,Genoa,ok,,15.03 11:48,29.03 19:59,1.52,3.93,6.42,1.53,3.94,8.1,-1.0,1.93,1.88,1.95,1.97,2.25,1.89,1.91,2.11,1.82,1.53,3.94,8.1,1.95,1.97,2.11,1.82,ok,
1605867487,29.03 17:00,Venezia,Bologna,ok,,15.03 11:47,29.03 16:59,4.39,3.59,1.79,5.4,3.37,1.83,0.75,1.78,2.04,1.84,2.1,2.25,1.75,2.07,1.93,1.97,5.4,3.37,1.83,1.84,2.1,1.93,1.97,ok,
1605867488,29.03 17:00,Como,Empoli,ok,,15.03 11:48,29.03 17:01,1.69,3.69,4.87,1.83,3.53,4.92,-0.75,1.92,1.9,2.08,1.83,2.5,2.02,1.8,1.95,1.95,1.83,3.53,4.92,2.08,1.83,1.95,1.95,ok,
1605867489,31.03 19:30,Hellas Verona,Parma,ok,,15.03 11:50,31.03 19:27,2.32,3.36,3.01,3.01,3.0,2.76,0.0,1.72,2.25,2.05,1.88,2.25,1.67,2.33,2.03,1.88,3.01,3.0,2.76,2.05,1.88,2.03,1.88,ok,
1605867490,30.03 19:00,Internazionale,Udinese,ok,,15.03 11:49,30.03 18:59,1.29,5.29,9.35,1.46,4.45,7.92,-1.25,1.66,2.23,2.08,1.85,2.5,1.63,2.25,1.91,2.0,1.46,4.45,7.92,2.08,1.85,1.91,2.0,ok,
1605867491,30.03 16:00,Toulouse,Brest,ok,,15.03 11:50,30.03 15:58,2.07,3.17,3.78,2.04,3.43,4.07,-0.5,2.07,1.75,2.04,1.88,2.25,1.85,1.95,1.82,2.09,2.04,3.43,4.07,2.04,1.88,1.82,2.09,ok,
1605867492,30.03 21:45,Lille,Lens,ok,,15.03 11:50,30.03 21:44,1.95,3.53,3.76,2.09,3.4,3.91,-0.5,1.96,1.86,2.1,1.84,2.25,1.68,2.16,1.83,2.09,2.09,3.4,3.91,2.1,1.84,1.83,2.09,ok,
1605867493,29.03 23:05,Monaco,Nice,ok,,15.03 11:48,29.03 23:04,1.79,3.87,4.02,1.92,3.8,4.09,-0.5,1.8,2.03,1.93,2.0,2.75,1.82,2.09,1.85,2.07,1.92,3.8,4.09,1.93,2.0,1.85,2.07,ok,
1605868073,29.03 16:00,Real Sociedad,Real Valladolid,ok,,15.03 11:47,29.03 15:56,1.29,5.09,10.46,1.38,4.88,9.94,-1.25,1.7,2.15,1.87,2.06,2.5,1.96,1.84,1.92,1.99,1.38,4.88,9.94,1.87,2.06,1.92,1.99,ok,
1605868074,29.03 23:00,Real Madrid,Leganes,ok,,15.03 11:47,29.03 23:00,1.1,9.88,18.03,1.2,7.43,14.16,-2.0,1.54,2.44,2.03,1.88,3.25,1.71,2.1,1.88,2.02,1.2,7.43,14.16,2.03,1.88,1.88,2.02,ok,
1605868075,30.03 19:30,Valencia,Mallorca,ok,,15.03 11:50,30.03 19:20,2.11,3.01,3.92,2.01,3.22,4.51,-0.5,2.11,1.73,2.02,1.91,2.0,2.01,1.81,1.93,1.97,2.01,3.22,4.51,2.02,1.91,1.93,1.97,ok,
1605868076,29.03 20:30,Alaves,Rayo Vallecano,ok,,15.03 11:47,29.03 20:30,2.28,3.03,3.41,2.13,3.09,4.23,-0.5,2.28,1.63,2.14,1.81,2.0,1.9,1.9,2.07,1.85,2.13,3.09,4.23,2.14,1.81,2.07,1.85,ok,
1605868077,30.03 19:30,Athletic Club Bilbao,Osasuna,ok,,15.03 11:47,19.03 14:51,1.45,4.34,6.7,1.53,4.14,6.24,-1.0,1.81,2.12,1.93,1.93,2.5,1.88,1.93,1.97,1.87,1.53,4.14,6.24,1.93,1.93,1.97,1.87,ok,
1605868078,29.03 18:15,Espanyol,Atletico Madrid,ok,,15.03 11:47,29.03 18:15,5.12,3.75,1.65,5.92,3.68,1.69,0.75,1.96,1.86,2.01,1.92,2.25,1.77,2.04,2.0,1.9,5.92,3.68,1.69,2.01,1.92,2.0,1.9,ok,
1605868079,30.03 21:45,Napoli,AC Milan,ok,,15.03 11:49,30.03 21:45,2.06,3.57,3.38,1.95,3.55,4.27,-0.5,2.06,1.76,1.96,1.96,2.5,1.89,1.91,1.96,1.94,1.95,3.55,4.27,1.96,1.96,1.96,1.94,ok,
1605868080,29.03 22:45,Lecce,Roma,ok,,15.03 11:48,29.03 22:44,3.88,3.43,1.94,5.33,3.62,1.77,0.75,1.64,2.27,1.91,2.01,2.25,1.79,2.03,1.91,2.0,5.33,3.62,1.77,1.91,2.01,1.91,2.0,ok,
1605868081,30.03 16:00,Fiorentina,Atalanta,ok,,15.03 11:49,30.03 16:01,3.64,3.55,1.98,3.89,3.5,2.08,0.5,1.84,1.99,1.85,2.08,2.5,1.83,1.98,1.92,1.99,3.89,3.5,2.08,1.85,2.08,1.92,1.99,ok,
1605868082,28.03 22:45,Strasbourg,Lyon,ok,,15.03 11:44,28.03 22:45,2.81,3.54,2.37,2.69,3.63,2.64,0.0,2.08,1.75,1.98,1.94,2.75,1.8,2.11,1.87,2.04,2.69,3.63,2.64,1.98,1.94,1.87,2.04,ok,
1605868083,30.03 18:15,Auxerre,Montpellier,ok,,15.03 11:50,30.03 18:06,1.81,3.74,4.08,1.86,3.85,4.29,-0.5,1.82,2.01,1.87,2.06,2.75,1.88,1.92,1.98,1.93,1.86,3.85,4.29,1.87,2.06,1.98,1.93,ok,
1605868084,29.03 19:00,Reims,Marseille,ok,,15.03 11:48,29.03 19:00,4.02,3.8,1.81,5.87,3.87,1.66,0.75,1.77,2.05,2.09,1.85,2.75,1.86,1.94,2.04,1.87,5.87,3.87,1.66,2.09,1.85,2.04,1.87,ok,
1605868085,30.03 18:15,Le Havre,Nantes,ok,,15.03 11:50,30.03 18:14,2.9,3.11,2.54,3.19,3.26,2.45,0.25,1.74,2.23,1.84,2.1,2.25,1.91,1.89,2.01,1.9,3.19,3.26,2.45,1.84,2.1,2.01,1.9,ok,
1606341427,05.04 16:00,Monza,Como,ok,,20.03 17:45,05.04 15:59,4.39,3.62,1.78,5.44,3.93,1.68,0.75,1.79,2.04,2.05,1.88,2.5,1.94,1.85,1.91,1.99,5.44,3.93,1.68,2.05,1.88,1.91,1.99,ok,
1606341428,06.04 19:00,Atalanta,Lazio,ok,,20.03 17:45,06.04 18:51,1.68,3.97,4.54,1.68,3.98,5.39,-0.75,1.88,1.93,1.87,2.06,2.75,1.94,1.86,1.98,1.93,1.68,3.98,5.39,1.87,2.06,1.98,1.93,ok,
1606341429,06.04 13:30,Lecce,Venezia,ok,,20.03 17:45,06.04 13:29,2.03,3.19,3.9,2.45,3.02,3.47,-0.25,1.73,2.11,2.07,1.87,2.0,1.63,2.26,1.83,2.09,2.45,3.02,3.47,2.07,1.87,1.83,2.09,ok,
1606341430,06.04 21:45,Roma,Juventus,ok,,20.03 17:45,06.04 21:45,2.45,3.12,3.01,2.52,3.09,3.26,-0.25,2.1,1.75,2.13,1.81,2.25,1.91,1.89,2.08,1.84,2.52,3.09,3.26,2.13,1.81,2.08,1.84,ok,
1606341431,07.04 22:00,Leganes,Osasuna,ok,,20.03 18:11,07.04 21:54,2.84,3.0,2.67,2.76,2.98,3.03,0.0,1.97,1.85,1.87,2.06,2.0,1.74,2.07,2.0,1.9,2.76,2.98,3.03,1.87,2.06,2.0,1.9,ok,
1606348702,07.04 21:45,Bologna,Napoli,ok,,20.03 17:45,07.04 21:45,2.71,2.99,2.81,2.64,2.96,3.21,0.0,1.87,1.94,1.79,2.18,2.0,1.76,2.06,1.91,2.0,2.64,2.96,3.21,1.79,2.18,1.91,2.0,ok,
1606348703,06.04 16:00,Torino,Hellas Verona,ok,,20.03 17:45,06.04 16:00,1.61,3.78,5.55,1.94,3.1,5.22,-0.5,1.62,2.22,1.95,1.97,2.0,1.6,2.47,2.01,1.89,1.94,3.1,5.22,1.95,1.97,2.01,1.89,ok,
1606348704,05.04 19:00,Parma,Internazionale,ok,,20.03 17:45,05.04 19:00,6.46,4.93,1.4,7.3,4.52,1.48,1.0,2.34,1.68,2.12,1.83,2.75,1.65,2.37,2.03,1.88,7.3,4.52,1.48,2.12,1.83,2.03,1.88,ok,
1606348705,05.04 17:15,Real Madrid,Valencia,ok,,20.03 17:47,05.04 17:16,1.31,5.56,7.94,1.28,6.33,10.44,-1.75,2.16,1.69,2.0,1.91,3.25,2.03,1.79,1.88,2.01,1.28,6.33,10.44,2.0,1.91,1.88,2.01,ok,
1606348708,06.04 21:45,Marseille,Toulouse,ok,,20.03 17:40,06.04 21:45,1.64,4.01,4.81,1.75,3.95,4.75,-0.75,1.83,2.0,1.96,1.94,2.75,1.9,1.9,1.9,1.99,1.75,3.95,4.75,1.96,1.94,1.9,1.99,ok,
1606348709,04.04 21:45,Nice,Nantes,ok,,20.03 17:40,04.04 21:44,1.46,4.45,6.27,1.5,4.52,6.77,-1.0,1.81,2.12,1.83,2.12,2.75,1.9,1.9,1.92,1.99,1.5,4.52,6.77,1.83,2.12,1.92,1.99,ok,
1606360700,06.04 16:00,Empoli,Cagliari,ok,,20.03 17:45,06.04 15:52,2.58,3.16,2.81,2.66,3.09,3.05,0.0,1.83,1.99,1.83,2.11,2.25,1.82,1.99,2.08,1.84,2.66,3.09,3.05,1.83,2.11,2.08,1.84,ok,
1606360701,05.04 21:45,AC Milan,Fiorentina,ok,,20.03 17:45,05.04 21:45,1.71,3.92,4.43,1.79,3.73,4.9,-0.75,1.92,1.9,2.04,1.89,2.5,1.74,2.21,1.94,1.96,1.79,3.73,4.9,2.04,1.89,1.94,1.96,ok,
1606360702,04.04 21:45,Genoa,Udinese,ok,,20.03 17:45,04.04 21:44,2.32,3.08,3.27,2.45,2.92,3.61,-0.25,1.98,1.84,2.05,1.88,2.0,1.79,2.13,2.07,1.83,2.45,2.92,3.61,2.05,1.88,2.07,1.83,ok,
1606360703,06.04 22:00,Villarreal,Athletic Club Bilbao,ok,,20.03 17:47,06.04 22:00,2.27,3.42,3.07,2.33,3.36,3.32,-0.25,1.96,1.85,2.01,1.92,2.5,1.81,2.0,1.93,1.97,2.33,3.36,3.32,2.01,1.92,1.93,1.97,ok,
1606360704,06.04 19:30,Real Valladolid,Getafe,ok,,20.03 17:47,06.04 19:29,3.95,3.06,2.08,4.66,3.08,2.04,0.5,1.75,2.08,1.88,2.05,2.0,1.93,1.88,2.08,1.84,4.66,3.08,2.04,1.88,2.05,2.08,1.84,ok,
1606360708,06.04 18:15,Rennes,Auxerre,ok,,20.03 17:40,06.04 18:13,1.69,3.84,4.61,1.92,3.73,4.18,-0.5,1.74,2.22,1.93,2.0,2.75,2.07,1.83,1.97,1.93,1.92,3.73,4.18,1.93,2.0,1.97,1.93,ok,
1606360709,05.04 18:00,Paris Saint-Germain,Angers,ok,,20.03 17:40,05.04 18:00,1.05,16.27,23.18,1.13,9.74,20.32,-2.5,1.6,2.29,1.98,1.93,3.75,1.7,2.27,1.85,2.05,1.13,9.74,20.32,1.98,1.93,1.85,2.05,ok,
1606363167,06.04 15:00,Las Palmas,Real Sociedad,ok,,20.03 17:47,06.04 15:00,3.3,3.1,2.3,3.31,3.28,2.38,0.25,1.85,1.96,1.89,2.03,2.25,2.1,1.72,1.92,1.99,3.31,3.28,2.38,1.89,2.03,1.92,1.99,ok,
1606363168,05.04 15:00,Girona,Alaves,ok,,20.03 17:47,05.04 14:54,1.88,3.44,4.15,2.09,3.31,4.02,-0.5,1.88,1.93,2.1,1.84,2.25,1.83,1.97,1.99,1.92,2.09,3.31,4.02,2.1,1.84,1.99,1.92,ok,
1606363169,05.04 22:00,Barcelona,Real Betis,ok,,20.03 17:47,05.04 21:59,1.26,6.13,8.25,1.38,5.58,7.53,-1.5,1.72,2.12,2.0,1.93,3.5,1.8,2.0,1.94,1.96,1.38,5.58,7.53,2.0,1.93,1.94,1.96,ok,
1606363170,05.04 19:30,Mallorca,Celta Vigo,ok,,20.03 17:47,05.04 19:30,2.31,3.12,3.26,2.93,3.17,2.69,0.0,1.62,2.3,2.05,1.88,2.25,2.0,1.81,2.03,1.88,2.93,3.17,2.69,2.05,1.88,2.03,1.88,ok,
1606363171,06.04 17:15,Sevilla,Atletico Madrid,ok,,20.03 17:47,06.04 17:15,3.38,3.24,2.19,3.64,3.27,2.23,0.25,1.93,1.88,2.01,1.91,2.25,1.85,1.95,2.04,1.87,3.64,3.27,2.23,2.01,1.91,2.04,1.87,ok,
1606363172,04.04 22:00,Rayo Vallecano,Espanyol,ok,,20.03 17:46,04.04 22:00,1.79,3.58,5.2,1.67,3.67,6.27,-0.75,2.06,1.88,1.89,2.04,2.0,1.76,2.17,1.85,2.07,1.67,3.67,6.27,1.89,2.04,1.85,2.07,ok,
1606363177,06.04 18:15,Reims,Strasbourg,ok,,20.03 17:40,06.04 18:12,2.55,3.33,2.72,3.55,3.53,2.16,0.25,1.6,2.34,2.06,1.87,2.5,1.93,1.87,1.94,1.96,3.55,3.53,2.16,2.06,1.87,1.94,1.96,ok,
1606363178,06.04 18:15,Montpellier,Le Havre,ok,,20.03 17:40,06.04 18:16,2.0,3.65,3.48,2.58,3.44,2.87,0.0,1.49,2.62,1.86,2.07,2.5,1.71,2.12,1.93,1.98,2.58,3.44,2.87,1.86,2.07,1.93,1.98,ok,
1606363179,05.04 20:00,Brest,Monaco,ok,,20.03 17:40,05.04 20:00,3.42,3.68,2.01,4.56,3.89,1.81,0.75,1.65,2.39,1.89,2.03,3.0,2.08,1.82,1.92,1.99,4.56,3.89,1.81,1.89,2.03,1.92,1.99,ok,
1606363180,06.04 16:00,Lens,St Etienne,ok,,20.03 17:40,06.04 16:00,1.36,5.16,7.21,1.6,4.43,5.56,-1.0,1.54,2.47,2.0,1.93,3.0,1.87,1.93,1.91,1.99,1.6,4.43,5.56,2.0,1.93,1.91,1.99,ok,
1606363181,05.04 22:05,Lyon,Lille,ok,,20.03 17:40,05.04 22:03,1.96,3.78,3.46,2.31,3.5,3.23,-0.25,1.72,2.12,2.0,1.93,2.75,1.74,2.07,2.02,1.88,2.31,3.5,3.23,2.0,1.93,2.02,1.88,ok,
1606927120,14.04 22:00,Atletico Madrid,Real Valladolid,ok,,30.03 22:49,14.04 21:59,1.12,8.86,15.89,1.11,9.5,26.0,-2.5,2.2,1.68,2.04,1.87,3.25,1.9,1.88,1.99,1.9,1.11,9.5,26.0,2.04,1.87,1.99,1.9,ok,
1606927121,13.04 17:15,Alaves,Real Madrid,ok,,30.03 22:48,13.04 17:15,4.95,4.02,1.63,5.21,3.85,1.73,0.75,2.02,1.81,1.97,1.95,2.5,1.77,2.15,1.89,2.02,5.21,3.85,1.73,1.97,1.95,1.89,2.02,ok,
1606927122,12.04 15:00,Real Sociedad,Mallorca,ok,,30.03 22:47,12.04 14:59,1.88,3.22,4.58,2.09,3.05,4.51,-0.5,1.88,1.93,2.1,1.84,2.0,1.9,1.9,2.02,1.89,2.09,3.05,4.51,2.1,1.84,2.02,1.89,ok,
1606927124,13.04 13:30,Atalanta,Bologna,ok,,30.03 22:48,13.04 13:30,1.75,3.87,4.99,1.91,3.55,4.48,-0.5,1.75,2.21,1.92,2.01,2.5,1.95,1.85,1.94,1.96,1.91,3.55,4.48,1.92,2.01,1.94,1.96,ok,
1606927125,12.04 16:00,Venezia,Monza,ok,,30.03 22:47,12.04 16:00,1.93,3.4,3.98,1.81,3.61,4.98,-0.75,2.31,1.69,2.07,1.86,2.25,1.85,1.96,1.83,2.09,1.81,3.61,4.98,2.07,1.86,1.83,2.09,ok,
1606927129,14.04 21:45,Napoli,Empoli,ok,,30.03 22:49,14.04 21:45,1.25,5.62,10.93,1.44,4.45,8.75,-1.25,1.61,2.31,2.1,1.84,2.5,1.83,1.98,2.04,1.87,1.44,4.45,8.75,2.1,1.84,2.04,1.87,ok,
1606927132,13.04 21:45,Auxerre,Lyon,ok,,30.03 22:48,13.04 21:45,3.2,3.82,2.05,4.42,3.95,1.82,0.75,1.59,2.35,1.88,2.05,3.0,1.72,2.11,1.89,2.01,4.42,3.95,1.82,1.88,2.05,1.89,2.01,ok,
1606927133,12.04 20:00,Toulouse,Lille,ok,,30.03 22:47,12.04 19:57,2.54,3.22,2.81,3.31,3.25,2.4,0.25,1.61,2.48,1.88,2.05,2.25,1.78,2.14,1.87,2.04,3.31,3.25,2.4,1.88,2.05,1.87,2.04,ok,
1606927550,12.04 19:30,Celta Vigo,Espanyol,ok,,30.03 22:47,12.04 19:30,1.6,3.92,5.38,1.66,3.84,5.97,-0.75,1.78,2.06,1.85,2.08,2.25,1.72,2.23,1.83,2.09,1.66,3.84,5.97,1.85,2.08,1.83,2.09,ok,
1606927551,13.04 15:00,Osasuna,Girona,ok,,30.03 22:48,13.04 14:55,2.49,3.27,2.83,2.6,3.13,3.1,0.0,1.79,2.04,1.8,2.15,2.25,1.71,2.25,2.09,1.83,2.6,3.13,3.1,1.8,2.15,2.09,1.83,ok,
1606927552,11.04 22:00,Valencia,Sevilla,ok,,30.03 22:45,11.04 21:59,2.26,3.17,3.31,2.43,3.06,3.47,-0.25,1.93,1.88,2.05,1.88,2.0,1.68,2.31,1.88,2.03,2.43,3.06,3.47,2.05,1.88,1.88,2.03,ok,
1606927553,13.04 22:00,Athletic Club Bilbao,Rayo Vallecano,ok,,30.03 22:48,13.04 21:58,1.57,4.09,6.62,1.85,3.29,5.44,-0.5,1.57,2.56,1.85,2.08,2.0,1.61,2.44,1.88,2.04,1.85,3.29,5.44,1.85,2.08,1.88,2.04,ok,
1606927555,13.04 19:00,Como,Torino,ok,,30.03 22:48,13.04 19:00,2.0,3.37,3.79,1.89,3.54,4.6,-0.5,2.0,1.83,1.9,2.03,2.25,1.81,2.0,1.9,2.01,1.89,3.54,4.6,1.9,2.03,1.9,2.01,ok,
1606927556,13.04 16:00,Fiorentina,Parma,ok,,30.03 22:48,13.04 16:00,1.6,3.97,5.27,1.76,3.71,5.23,-0.75,1.76,2.07,1.99,1.93,2.5,1.66,2.21,1.96,1.94,1.76,3.71,5.23,1.99,1.93,1.96,1.94,ok,
1606927559,13.04 16:00,Hellas Verona,Genoa,ok,,30.03 22:48,13.04 15:37,2.91,2.99,2.62,3.06,2.75,2.94,0.0,2.01,1.81,2.0,1.93,1.75,1.59,2.5,1.83,2.09,3.06,2.75,2.94,2.0,1.93,1.83,2.09,ok,
1606927560,13.04 18:15,Le Havre,Rennes,ok,,30.03 22:48,13.04 18:14,4.04,3.57,1.87,3.84,3.5,2.07,0.5,1.94,1.88,1.85,2.08,2.5,1.9,1.9,2.0,1.91,3.84,3.5,2.07,1.85,2.08,2.0,1.91,ok,
1606927561,12.04 22:05,Strasbourg,Nice,ok,,30.03 22:47,12.04 22:02,2.52,3.35,2.75,2.95,3.44,2.51,0.0,1.83,2.0,2.13,1.81,2.75,2.0,1.81,2.02,1.88,2.95,3.44,2.51,2.13,1.81,2.02,1.88,ok,
1606927562,11.04 21:45,Lens,Reims,ok,,30.03 22:45,11.04 21:42,1.58,3.93,5.49,1.61,4.07,6.12,-1.0,2.01,1.81,2.04,1.88,2.75,1.93,1.88,1.98,1.93,1.61,4.07,6.12,2.04,1.88,1.98,1.93,ok,
1606927563,13.04 18:15,Angers,Montpellier,ok,,30.03 22:48,13.04 18:11,2.1,3.47,3.37,1.93,3.56,4.32,-0.5,2.16,1.78,1.94,1.98,2.5,1.83,1.97,2.04,1.88,1.93,3.56,4.32,1.94,1.98,2.04,1.88,ok,
1606927616,13.04 19:30,Real Betis,Villarreal,ok,,30.03 22:48,13.04 19:29,2.25,3.55,2.99,2.2,3.49,3.48,-0.25,1.96,1.85,1.91,2.02,2.75,1.8,2.01,2.04,1.87,2.2,3.49,3.48,1.91,2.02,2.04,1.87,ok,
1606927617,12.04 22:00,Leganes,Barcelona,ok,,30.03 22:47,12.04 22:00,8.54,6.15,1.26,10.58,6.56,1.26,1.75,1.88,1.93,1.94,1.96,3.25,1.76,2.05,1.95,1.93,10.58,6.56,1.26,1.94,1.96,1.95,1.93,ok,
1606927618,12.04 17:15,Getafe,Las Palmas,ok,,30.03 22:47,12.04 17:15,1.63,3.61,5.73,1.71,3.63,5.81,-0.75,1.83,1.99,1.94,1.98,2.25,2.15,1.69,2.04,1.87,1.71,3.63,5.81,1.94,1.98,2.04,1.87,ok,
1606927620,11.04 21:45,Udinese,AC Milan,ok,,30.03 22:45,11.04 21:45,3.3,3.48,2.12,4.36,3.64,1.9,0.5,1.72,2.12,2.01,1.91,2.5,1.81,2.01,1.91,2.0,4.36,3.64,1.9,2.01,1.91,1.91,2.0,ok,
1606927621,13.04 21:45,Lazio,Roma,ok,,30.03 22:48,13.04 21:44,2.19,3.31,3.3,3.27,3.21,2.44,0.25,1.46,2.94,1.85,2.08,2.25,1.79,2.13,1.89,2.02,3.27,3.21,2.44,1.85,2.08,1.89,2.02,ok,
1606927622,12.04 21:45,Juventus,Lecce,ok,,30.03 22:47,12.04 21:44,1.33,4.82,9.18,1.35,5.03,10.47,-1.5,2.07,1.76,2.1,1.84,2.5,1.97,1.84,1.96,1.94,1.35,5.03,10.47,2.1,1.84,1.96,1.94,ok,
1606927623,12.04 19:00,Internazionale,Cagliari,ok,,30.03 22:47,12.04 18:59,1.21,6.42,10.83,1.3,5.61,11.21,-1.5,1.71,2.27,1.94,1.98,2.75,1.67,2.33,1.92,1.99,1.3,5.61,11.21,1.94,1.98,1.92,1.99,ok,
1606927628,13.04 16:00,St Etienne,Brest,ok,,30.03 22:48,13.04 15:59,3.44,3.59,2.03,3.66,3.86,2.01,0.5,1.79,2.04,1.9,2.02,3.0,2.2,1.66,2.0,1.91,3.66,3.86,2.01,1.9,2.02,2.0,1.91,ok,
1606927629,12.04 18:00,Monaco,Marseille,ok,,30.03 22:47,12.04 17:58,1.92,3.84,3.56,1.93,4.1,3.74,-0.5,1.92,1.89,1.94,1.98,3.25,2.14,1.78,1.97,1.93,1.93,4.1,3.74,1.94,1.98,1.97,1.93,ok,
1607202279,18.04 21:45,Rennes,Nantes,ok,,06.04 22:41,18.04 21:45,1.7,3.77,4.71,1.88,3.65,4.49,-0.5,1.7,2.16,1.88,2.05,2.5,1.89,1.91,1.89,2.01,1.88,3.65,4.49,1.88,2.05,1.89,2.01,ok,
1607204975,18.04 22:00,Espanyol,Getafe,ok,,06.04 22:41,18.04 21:57,2.68,2.69,3.17,2.88,2.67,3.28,0.0,1.75,2.09,1.84,2.1,1.75,1.74,2.08,2.04,1.87,2.88,2.67,3.28,1.84,2.1,2.04,1.87,ok,
1607245018,19.04 15:00,Rayo Vallecano,Valencia,ok,,06.04 22:42,19.04 15:00,2.25,3.11,3.4,2.46,3.11,3.35,-0.25,1.92,1.9,2.08,1.85,2.25,2.07,1.75,2.04,1.87,2.46,3.11,3.35,2.08,1.85,2.04,1.87,ok,
1607248058,19.04 16:00,Lecce,Como,ok,,06.04 22:42,19.04 16:00,3.47,3.3,2.13,3.76,3.48,2.11,0.5,1.72,2.13,1.83,2.12,2.5,2.08,1.74,1.89,2.02,3.76,3.48,2.11,1.83,2.12,1.89,2.02,ok,
1607252823,19.04 17:15,Barcelona,Celta Vigo,ok,,06.04 22:42,19.04 17:15,1.25,6.48,8.39,1.25,7.03,10.38,-1.75,1.87,1.93,1.85,2.07,3.75,1.97,1.82,1.95,1.93,1.25,7.03,10.38,1.85,2.07,1.95,1.93,ok,
1607252894,19.04 18:00,Paris Saint-Germain,Le Havre,ok,,06.04 22:42,19.04 18:00,1.07,12.93,18.58,1.15,9.58,15.54,-2.25,1.57,2.56,1.96,1.94,3.75,1.69,2.29,1.85,2.05,1.15,9.58,15.54,1.96,1.94,1.85,2.05,ok,
1607262248,19.04 19:00,Monza,Napoli,ok,,06.04 22:42,19.04 19:01,7.84,4.59,1.38,10.7,5.22,1.33,1.5,1.68,2.19,1.89,2.04,2.75,2.13,1.7,2.07,1.85,10.7,5.22,1.33,1.89,2.04,2.07,1.85,ok,
1607263647,19.04 19:30,Mallorca,Leganes,ok,,06.04 22:42,19.04 19:30,1.74,3.48,4.97,1.85,3.14,5.86,-0.5,1.74,2.1,1.85,2.08,1.75,1.59,2.34,1.91,2.0,1.85,3.14,5.86,1.85,2.08,1.91,2.0,ok,
1607266558,19.04 20:00,Monaco,Strasbourg,ok,,06.04 22:42,19.04 19:58,1.52,4.52,5.27,1.51,4.88,6.16,-1.25,2.17,1.77,2.03,1.9,3.25,1.99,1.81,1.91,2.0,1.51,4.88,6.16,2.03,1.9,1.91,2.0,ok,
1607270689,19.04 21:45,Roma,Hellas Verona,ok,,06.04 22:42,19.04 21:41,1.3,5.23,9.26,1.6,3.95,6.46,-1.0,1.5,2.79,2.08,1.85,2.25,1.59,2.48,1.87,2.05,1.6,3.95,6.46,2.08,1.85,1.87,2.05,ok,
1607275042,19.04 22:05,Marseille,Montpellier,ok,,06.04 22:42,19.04 22:06,1.21,6.62,9.98,1.16,8.74,16.78,-2.25,2.41,1.63,1.95,1.95,3.75,2.34,1.66,2.04,1.85,1.16,8.74,16.78,1.95,1.95,2.04,1.85,ok,
1607275043,19.04 22:00,Las Palmas,Atletico Madrid,ok,,06.04 22:42,19.04 22:00,5.0,4.05,1.61,5.85,3.89,1.66,0.75,2.04,1.79,2.09,1.85,2.5,1.73,2.09,2.03,1.88,5.85,3.89,1.66,2.09,1.85,2.03,1.88,ok,
1607331891,20.04 15:00,Real Valladolid,Osasuna,ok,,06.04 22:43,20.04 15:00,3.41,3.29,2.15,5.1,3.75,1.76,0.75,1.55,2.63,1.93,2.0,2.5,2.11,1.81,2.07,1.85,5.1,3.75,1.76,1.93,2.0,2.07,1.85,ok,
1607336624,20.04 16:00,Empoli,Venezia,ok,,06.04 22:43,20.04 15:59,2.09,3.26,3.6,2.35,3.0,3.72,-0.25,1.81,2.03,1.98,1.94,2.0,1.65,2.37,1.88,2.03,2.35,3.0,3.72,1.98,1.94,1.88,2.03,ok,
1607336632,20.04 16:00,Lille,Auxerre,ok,,06.04 22:43,20.04 16:00,1.45,4.49,6.29,1.35,5.39,9.49,-1.5,2.37,1.66,2.02,1.91,2.75,1.87,1.93,1.85,2.07,1.35,5.39,9.49,2.02,1.91,1.85,2.07,ok,
1607344151,20.04 17:15,Villarreal,Real Sociedad,ok,,06.04 22:43,20.04 17:15,1.7,3.78,4.64,1.66,4.05,5.47,-0.75,1.93,1.89,1.85,2.09,2.75,2.09,1.73,1.91,2.0,1.66,4.05,5.47,1.85,2.09,1.91,2.0,ok,
1607346773,20.04 18:15,Brest,Lens,ok,,06.04 22:43,20.04 18:15,2.48,3.27,2.85,2.52,3.34,3.02,-0.25,2.19,1.76,2.15,1.78,2.5,1.93,1.88,1.91,2.0,2.52,3.34,3.02,2.15,1.78,1.91,2.0,ok,
1607347008,20.04 18:15,Nice,Angers,ok,,06.04 22:43,20.04 18:15,1.33,5.2,8.09,1.39,5.12,8.6,-1.25,1.78,2.16,1.88,2.05,2.75,1.81,2.09,1.95,1.95,1.39,5.12,8.6,1.88,2.05,1.95,1.95,ok,
1607347010,20.04 18:15,Reims,Toulouse,ok,,06.04 22:43,20.04 18:14,2.89,3.28,2.44,3.9,3.58,2.03,0.5,1.55,2.43,1.89,2.04,2.5,1.92,1.88,1.88,2.04,3.9,3.58,2.03,1.89,2.04,1.88,2.04,ok,
1607349334,20.04 19:00,Bologna,Internazionale,ok,,06.04 22:43,20.04 19:00,3.24,3.24,2.26,3.47,3.13,2.38,0.25,1.88,1.93,1.9,2.02,2.25,1.82,1.99,1.9,2.0,3.47,3.13,2.38,1.9,2.02,1.9,2.0,ok,
1607349662,20.04 19:30,Sevilla,Alaves,ok,,06.04 22:43,20.04 19:28,1.93,3.26,4.19,2.17,2.96,4.37,-0.25,1.7,2.29,1.82,2.13,2.0,1.76,2.07,2.06,1.85,2.17,2.96,4.37,1.82,2.13,2.06,1.85,ok,
1607361164,20.04 21:45,AC Milan,Atalanta,ok,,06.04 22:43,20.04 21:41,2.59,3.45,2.59,2.64,3.65,2.67,0.0,1.91,1.91,1.95,1.97,3.0,2.11,1.8,1.94,1.96,2.64,3.65,2.67,1.95,1.97,1.94,1.96,ok,
1607361236,20.04 21:45,St Etienne,Lyon,ok,,06.04 22:43,20.04 21:44,4.33,4.45,1.64,5.05,4.48,1.64,1.0,1.78,2.03,1.88,2.04,3.25,1.72,2.11,1.98,1.93,5.05,4.48,1.64,1.88,2.04,1.98,1.93,ok,
1607366074,20.04 22:00,Real Madrid,Athletic Club Bilbao,ok,,06.04 22:43,20.04 22:00,1.53,4.29,5.46,1.44,4.67,8.02,-1.25,2.25,1.72,1.97,1.95,2.75,1.81,1.99,1.97,1.93,1.44,4.67,8.02,1.97,1.95,1.97,1.93,ok,
1607405224,21.04 19:00,Genoa,Lazio,ok,,06.04 22:45,21.04 11:54,3.45,3.27,2.15,3.47,3.18,2.35,0.25,1.97,1.85,1.92,2.0,2.25,1.85,1.95,2.13,1.81,3.47,3.18,2.35,1.92,2.0,2.13,1.81,ok,
1607405225,21.04 21:45,Parma,Juventus,ok,,06.04 22:45,21.04 11:09,4.02,3.63,1.85,4.8,3.75,1.8,0.75,1.77,2.18,1.88,2.05,2.5,1.85,1.96,2.01,1.9,4.8,3.75,1.8,1.88,2.05,2.01,1.9,ok,
1607405226,21.04 16:00,Cagliari,Fiorentina,ok,,06.04 22:45,21.04 11:56,2.92,3.26,2.43,3.19,3.17,2.51,0.25,1.75,2.1,1.81,2.14,2.25,1.74,2.08,1.95,1.95,3.19,3.17,2.51,1.81,2.14,1.95,1.95,ok,
1607405411,21.04 13:30,Torino,Udinese,ok,,06.04 22:45,21.04 12:00,2.24,2.94,3.65,2.45,3.0,3.5,-0.25,1.89,1.93,2.06,1.87,2.0,1.79,2.03,1.86,2.06,2.45,3.0,3.5,2.06,1.87,1.86,2.06,ok,
1607405415,21.04 22:00,Girona,Real Betis,ok,,06.04 22:45,21.04 22:00,2.59,3.32,2.69,2.6,3.45,2.83,0.0,1.87,1.94,1.88,2.05,2.5,1.86,1.94,1.87,2.04,2.6,3.45,2.83,1.88,2.05,1.87,2.04,ok,
1607500598,23.04 20:00,Celta Vigo,Villarreal,ok,,13.04 23:40,23.04 20:00,2.3,3.48,2.94,2.41,3.58,3.0,-0.25,2.0,1.82,2.1,1.84,3.0,2.2,1.74,2.06,1.85,2.41,3.58,3.0,2.1,1.84,2.06,1.85,ok,
1607500599,24.04 20:00,Osasuna,Sevilla,ok,,13.04 23:41,24.04 19:59,2.51,3.14,2.92,2.36,3.01,3.68,-0.25,2.2,1.76,1.99,1.93,2.0,1.62,2.43,2.03,1.88,2.36,3.01,3.68,1.99,1.93,2.03,1.88,ok,
1607500600,22.04 20:00,Valencia,Espanyol,ok,,13.04 23:34,22.04 20:00,1.68,3.62,5.13,2.05,3.25,4.28,-0.5,1.68,2.19,2.06,1.87,2.25,1.89,1.91,1.99,1.91,2.05,3.25,4.28,2.06,1.87,1.99,1.91,ok,
1607520767,24.04 22:30,Real Betis,Real Valladolid,ok,,13.04 23:41,24.04 22:30,1.18,6.97,11.87,1.17,8.19,17.05,-2.25,2.33,1.68,2.06,1.85,3.5,2.27,1.7,2.01,1.88,1.17,8.19,17.05,2.06,1.85,2.01,1.88,ok,
1607520768,23.04 22:30,Alaves,Real Sociedad,ok,,13.04 23:40,23.04 22:30,2.29,3.0,3.45,2.44,3.0,3.5,-0.25,1.93,1.88,2.06,1.87,2.0,1.89,1.91,1.94,1.96,2.44,3.0,3.5,2.06,1.87,1.94,1.96,ok,
1607520770,24.04 22:30,Atletico Madrid,Rayo Vallecano,ok,,13.04 23:41,24.04 22:30,1.42,4.46,7.15,1.5,4.5,6.78,-1.0,1.74,2.22,1.85,2.09,2.5,1.88,1.93,1.87,2.04,1.5,4.5,6.78,1.85,2.09,1.87,2.04,ok,
1607520771,24.04 20:00,Leganes,Girona,ok,,13.04 23:41,24.04 20:00,2.96,3.2,2.44,3.25,3.17,2.47,0.25,1.75,2.09,1.83,2.11,2.25,1.79,2.02,1.87,2.04,3.25,3.17,2.47,1.83,2.11,1.87,2.04,ok,
1607520772,23.04 22:30,Getafe,Real Madrid,ok,,13.04 23:40,23.04 22:30,4.55,3.77,1.72,6.19,3.87,1.64,0.75,1.87,1.94,2.11,1.83,2.25,1.63,2.26,1.92,1.99,6.19,3.87,1.64,2.11,1.83,1.92,1.99,ok,
1607520773,23.04 20:00,Athletic Club Bilbao,Las Palmas,ok,,13.04 23:40,23.04 19:57,1.24,5.8,10.43,1.38,5.02,8.77,-1.25,1.6,2.48,1.89,2.03,2.5,1.7,2.27,1.88,2.03,1.38,5.02,8.77,1.89,2.03,1.88,2.03,ok,
1607520774,22.04 22:30,Barcelona,Mallorca,ok,,13.04 23:34,22.04 22:26,1.16,7.73,12.7,1.3,5.9,11.0,-1.5,1.5,2.54,1.96,1.96,3.0,1.58,2.34,1.95,1.95,1.3,5.9,11.0,1.96,1.96,1.95,1.95,ok,
1607707191,25.04 21:45,Paris Saint-Germain,Nice,ok,,13.04 23:43,25.04 21:44,1.25,6.26,8.55,1.53,4.88,5.64,-1.25,1.53,2.47,2.09,1.85,3.25,1.68,2.14,1.88,2.02,1.53,4.88,5.64,2.09,1.85,1.88,2.02,ok,
1607715991,26.04 18:00,Strasbourg,St Etienne,ok,,13.04 23:45,26.04 18:00,1.41,4.95,6.4,1.56,4.7,5.68,-1.0,1.68,2.34,1.89,2.04,3.25,1.99,1.81,2.05,1.87,1.56,4.7,5.68,1.89,2.04,2.05,1.87,ok,
1607733443,26.04 20:00,Le Havre,Monaco,ok,,13.04 23:45,26.04 20:00,5.19,4.51,1.53,8.11,5.29,1.39,1.5,1.61,2.46,1.88,2.05,3.25,1.98,1.83,2.08,1.84,8.11,5.29,1.39,1.88,2.05,2.08,1.84,ok,
1607733486,26.04 22:05,Lyon,Rennes,ok,,13.04 23:45,26.04 22:05,1.66,4.14,4.51,1.64,4.39,5.17,-1.0,2.12,1.72,2.06,1.87,3.25,2.12,1.71,2.07,1.85,1.64,4.39,5.17,2.06,1.87,2.07,1.85,ok,
1607803938,27.04 16:00,Angers,Lille,ok,,13.04 23:46,27.04 16:00,4.5,3.75,1.74,7.57,4.5,1.48,1.25,1.5,2.79,1.85,2.09,2.5,1.85,1.94,1.9,2.01,7.57,4.5,1.48,1.85,2.09,1.9,2.01,ok,
1607815991,27.04 18:15,Montpellier,Reims,ok,,13.04 23:46,27.04 18:13,2.92,3.47,2.32,4.22,3.79,1.89,0.5,1.61,2.32,2.03,1.9,2.75,1.93,1.88,1.95,1.95,4.22,3.79,1.89,2.03,1.9,1.95,1.95,ok,
1607816043,27.04 16:00,Fiorentina,Empoli,ok,,13.04 23:46,27.04 15:59,1.54,4.05,5.78,2.15,3.08,4.2,-0.25,1.4,3.18,1.81,2.13,2.0,1.47,2.84,1.81,2.13,2.15,3.08,4.2,1.81,2.13,1.81,2.13,ok,
1607816044,27.04 13:30,Como,Genoa,ok,,13.04 23:46,22.04 14:18,1.79,3.53,4.48,1.88,3.54,4.54,-0.5,1.8,2.03,1.88,2.02,2.25,1.82,1.98,2.02,1.87,1.88,3.54,4.54,1.88,2.02,2.02,1.87,ok,
1607821992,27.04 18:15,Lens,Auxerre,ok,,13.04 23:46,27.04 18:13,1.64,4.01,4.83,1.58,4.48,5.62,-1.0,2.17,1.77,1.96,1.96,3.0,2.25,1.71,1.97,1.93,1.58,4.48,5.62,1.96,1.96,1.97,1.93,ok,
1607821993,27.04 18:15,Nantes,Toulouse,ok,,13.04 23:46,27.04 18:15,2.75,3.25,2.58,3.03,3.14,2.64,0.0,1.98,1.85,2.11,1.83,2.25,1.69,2.15,2.01,1.9,3.03,3.14,2.64,2.11,1.83,2.01,1.9,ok,
1607822052,28.04 21:45,Hellas Verona,Cagliari,ok,,13.04 23:46,28.04 21:44,2.66,3.09,2.77,2.48,2.71,3.83,-0.25,2.33,1.68,2.05,1.87,2.0,1.65,2.36,1.88,2.01,2.48,2.71,3.83,2.05,1.87,1.88,2.01,ok,
1607822057,25.04 21:45,Atalanta,Lecce,ok,,13.04 23:46,24.04 14:11,1.22,6.21,10.51,1.25,6.42,11.21,-1.75,1.89,1.91,1.97,1.92,3.0,1.87,1.92,1.95,1.92,1.25,6.42,11.21,1.97,1.92,1.95,1.92,ok,
1607822058,28.04 21:45,Lazio,Parma,ok,,13.04 23:46,22.04 14:18,1.41,4.8,6.49,1.53,4.43,6.22,-1.0,1.7,2.3,1.91,2.0,2.75,1.74,2.21,2.04,1.85,1.53,4.43,6.22,1.91,2.0,2.04,1.85,ok,
1607822059,28.04 19:30,Udinese,Bologna,ok,,13.04 23:46,28.04 19:30,3.5,3.3,2.28,5.31,3.43,1.81,0.75,1.51,2.74,1.85,2.09,2.25,1.93,1.88,2.1,1.83,5.31,3.43,1.81,1.85,2.09,2.1,1.83,ok,
1607822060,27.04 13:30,Venezia,AC Milan,ok,,13.04 23:46,27.04 13:29,4.19,3.93,1.75,5.53,4.23,1.63,1.0,1.65,2.39,1.87,2.06,2.75,1.82,2.08,1.85,2.07,5.53,4.23,1.63,1.87,2.06,1.85,2.07,ok,
1607822061,27.04 21:45,Napoli,Torino,ok,,13.04 23:46,27.04 21:44,1.47,4.16,6.79,1.38,4.78,9.88,-1.25,2.19,1.76,1.93,2.0,2.5,2.03,1.79,2.09,1.83,1.38,4.78,9.88,1.93,2.0,2.09,1.83,ok,
1607822062,27.04 19:00,Juventus,Monza,ok,,13.04 23:46,27.04 18:59,1.2,6.42,12.33,1.21,7.04,14.03,-1.75,1.85,1.96,1.85,2.07,3.0,2.06,1.74,1.88,2.0,1.21,7.04,14.03,1.85,2.07,1.88,2.0,ok,
1607825120,27.04 16:00,Internazionale,Roma,ok,,13.04 23:46,21.04 22:32,1.53,4.14,5.75,1.77,3.79,4.82,-0.75,1.68,2.19,2.01,1.89,2.5,1.83,1.98,1.96,1.93,1.77,3.79,4.82,2.01,1.89,1.96,1.93,ok,
1607825314,27.04 21:45,Marseille,Brest,ok,,13.04 23:46,27.04 21:45,1.54,4.33,5.24,1.35,5.65,8.61,-1.5,2.48,1.53,1.99,1.93,3.25,2.27,1.7,2.02,1.89,1.35,5.65,8.61,1.99,1.93,2.02,1.89,ok,
1607881501,22.04 21:45,Nantes,Paris Saint-Germain,ok,,13.04 23:39,22.04 21:45,7.76,5.83,1.3,7.57,5.51,1.39,1.5,1.99,1.83,1.88,2.06,3.25,1.72,2.11,1.97,1.93,7.57,5.51,1.39,1.88,2.06,1.97,1.93,ok,
1608130364,02.05 22:00,Rayo Vallecano,Getafe,ok,,20.04 23:15,02.05 21:50,2.21,3.04,3.59,2.44,2.96,3.56,-0.25,1.88,1.94,2.05,1.88,2.0,1.93,1.88,2.11,1.81,2.44,2.96,3.56,2.05,1.88,2.11,1.81,ok,
1608175307,03.05 15:00,Alaves,Atletico Madrid,ok,,20.04 23:16,03.05 14:59,3.77,3.28,2.03,4.07,3.19,2.13,0.25,2.09,1.74,2.13,1.81,2.25,1.93,1.88,2.1,1.82,4.07,3.19,2.13,2.13,1.81,2.1,1.82,ok,
1608183598,03.05 17:15,Villarreal,Osasuna,ok,,20.04 23:16,03.05 17:15,1.48,4.49,5.8,1.43,4.92,7.62,-1.25,2.13,1.81,1.94,1.98,3.0,1.98,1.83,2.03,1.88,1.43,4.92,7.62,1.94,1.98,2.03,1.88,ok,
1608187628,03.05 19:30,Las Palmas,Valencia,ok,,20.04 23:16,03.05 19:29,2.8,3.16,2.59,2.67,3.18,2.96,0.0,1.99,1.83,1.86,2.07,2.25,1.82,1.99,1.88,2.02,2.67,3.18,2.96,1.86,2.07,1.88,2.02,ok,
1608187686,03.05 22:00,Real Valladolid,Barcelona,ok,,20.04 23:16,03.05 22:00,11.1,8.01,1.17,8.17,5.94,1.34,1.5,2.68,1.52,1.97,1.95,3.25,1.52,2.67,1.88,2.03,8.17,5.94,1.34,1.97,1.95,1.88,2.03,ok,
1608187714,03.05 18:00,Strasbourg,Paris Saint-Germain,ok,,20.04 23:16,03.05 18:00,4.78,4.57,1.56,2.38,3.83,2.88,-0.25,3.97,1.24,2.09,1.85,3.25,1.74,2.08,2.0,1.91,2.38,3.83,2.88,2.09,1.85,2.0,1.91,ok,
1608187715,02.05 21:45,Nice,Reims,ok,,20.04 23:15,02.05 21:40,1.49,4.46,5.76,1.38,5.28,8.24,-1.5,2.43,1.63,2.07,1.86,3.0,2.0,1.81,1.9,2.01,1.38,5.28,8.24,2.07,1.86,1.9,2.01,ok,
1608187716,03.05 20:00,Toulouse,Rennes,ok,,20.04 23:16,03.05 19:57,2.15,3.56,3.18,2.19,3.55,3.46,-0.25,1.88,1.94,1.89,2.03,2.75,1.97,1.83,1.93,1.97,2.19,3.55,3.46,1.89,2.03,1.93,1.97,ok,
1608187719,03.05 22:05,St Etienne,Monaco,ok,,20.04 23:16,03.05 22:00,5.02,4.8,1.51,6.35,5.26,1.46,1.25,1.82,2.1,2.0,1.93,3.5,1.85,1.96,1.9,2.01,6.35,5.26,1.46,2.0,1.93,1.9,2.01,ok,
1608211284,03.05 21:45,Internazionale,Hellas Verona,ok,,20.04 23:16,03.05 21:45,1.18,6.73,13.52,1.47,4.49,7.63,-1.25,1.4,2.86,2.11,1.83,2.5,1.53,2.44,1.97,1.93,1.47,4.49,7.63,2.11,1.83,1.97,1.93,ok,
1608211285,03.05 16:00,Parma,Como,ok,,20.04 23:16,03.05 15:59,3.02,3.45,2.28,3.43,3.36,2.28,0.25,1.84,1.97,1.96,1.96,2.75,1.94,1.86,1.99,1.92,3.43,3.36,2.28,1.96,1.96,1.99,1.92,ok,
1608221558,03.05 16:00,Cagliari,Udinese,ok,,20.04 23:16,03.05 15:58,2.28,3.2,3.24,2.61,2.95,3.27,-0.25,1.95,1.87,2.19,1.78,2.25,1.87,1.93,2.07,1.85,2.61,2.95,3.27,2.19,1.78,2.07,1.85,ok,
1608221559,03.05 19:00,Lecce,Napoli,ok,,20.04 23:16,03.05 19:00,6.05,4.0,1.53,7.85,4.15,1.5,1.0,1.87,1.95,2.06,1.87,2.25,1.75,2.07,1.88,2.03,7.85,4.15,1.5,2.06,1.87,1.88,2.03,ok,
1608221560,02.05 21:45,Torino,Venezia,ok,,20.04 23:15,02.05 21:44,1.71,3.4,5.34,2.58,3.07,3.19,-0.25,1.47,2.66,2.18,1.78,2.25,1.93,1.87,1.99,1.91,2.58,3.07,3.19,2.18,1.78,1.99,1.91,ok,
1608267554,04.05 13:30,Empoli,Lazio,ok,,20.04 23:18,04.05 13:30,3.74,3.43,1.99,4.71,3.46,1.89,0.5,1.83,1.99,2.03,1.9,2.25,1.78,2.15,2.01,1.9,4.71,3.46,1.89,2.03,1.9,2.01,1.9,ok,
1608267608,04.05 15:00,Real Madrid,Celta Vigo,ok,,20.04 23:18,04.05 15:00,1.31,5.72,7.44,1.35,5.75,8.2,-1.5,1.86,1.96,2.07,1.86,3.5,1.93,1.87,2.0,1.91,1.35,5.75,8.2,2.07,1.86,2.0,1.91,ok,
1608269316,04.05 16:00,Monza,Atalanta,ok,,20.04 23:18,04.05 15:59,6.96,4.78,1.4,14.75,7.3,1.21,1.75,1.53,2.5,2.04,1.87,3.25,2.31,1.6,1.93,1.95,14.75,7.3,1.21,2.04,1.87,1.93,1.95,ok,
1608269379,04.05 17:15,Sevilla,Leganes,ok,,20.04 23:18,04.05 17:04,1.58,3.86,5.68,1.66,3.76,5.99,-0.75,1.75,2.08,1.88,2.06,2.25,1.9,1.9,1.93,1.98,1.66,3.76,5.99,1.88,2.06,1.93,1.98,ok,
1608271317,04.05 16:00,Nantes,Angers,ok,,20.04 23:18,04.05 15:58,1.79,3.4,4.68,2.01,3.3,4.38,-0.5,1.8,2.03,2.02,1.91,2.25,1.78,2.03,1.93,1.98,2.01,3.3,4.38,2.02,1.91,1.93,1.98,ok,
1608277999,04.05 18:15,Auxerre,Le Havre,ok,,20.04 23:18,04.05 18:15,1.83,3.82,3.89,2.45,3.59,2.94,-0.25,1.61,2.31,2.13,1.82,2.75,1.88,1.92,1.95,1.95,2.45,3.59,2.94,2.13,1.82,1.95,1.95,ok,
1608278000,04.05 18:15,Lyon,Lens,ok,,20.04 23:18,04.05 18:13,1.73,4.09,4.13,1.44,5.25,6.74,-1.25,2.63,1.55,1.9,2.02,3.25,2.01,1.8,1.88,2.03,1.44,5.25,6.74,1.9,2.02,1.88,2.03,ok,
1608278097,04.05 18:15,Brest,Montpellier,ok,,20.04 23:18,04.05 18:12,1.35,5.16,7.25,1.35,5.62,8.73,-1.5,2.02,1.81,2.02,1.9,3.0,1.8,2.01,1.9,2.01,1.35,5.62,8.73,2.02,1.9,1.9,2.01,ok,
1608278134,04.05 19:00,Roma,Fiorentina,ok,,20.04 23:18,04.05 18:59,1.83,3.51,4.26,1.76,3.69,5.11,-0.75,2.17,1.78,2.01,1.91,2.5,2.09,1.81,2.05,1.86,1.76,3.69,5.11,2.01,1.91,2.05,1.86,ok,
1608284846,04.05 19:30,Espanyol,Real Betis,ok,,20.04 23:18,04.05 19:26,3.43,3.36,2.12,3.43,3.11,2.4,0.25,1.99,1.83,1.86,2.07,2.25,1.74,2.08,1.84,2.08,3.43,3.11,2.4,1.86,2.07,1.84,2.08,ok,
1608284903,04.05 21:45,Bologna,Juventus,ok,,20.04 23:18,04.05 21:44,2.47,3.02,3.1,2.43,2.98,3.56,-0.25,2.09,1.75,2.05,1.88,2.0,1.78,2.04,1.85,2.06,2.43,2.98,3.56,2.05,1.88,1.85,2.06,ok,
1608284919,04.05 22:00,Real Sociedad,Athletic Club Bilbao,ok,,20.04 23:18,04.05 21:58,2.93,3.03,2.58,2.59,2.9,3.38,-0.25,2.48,1.54,2.16,1.79,2.0,1.76,2.07,2.05,1.86,2.59,2.9,3.38,2.16,1.79,2.05,1.86,ok,
1608285008,04.05 21:45,Lille,Marseille,ok,,20.04 23:18,04.05 21:45,2.3,3.46,2.95,2.43,3.44,3.08,-0.25,2.0,1.82,2.09,1.85,2.75,1.9,1.9,2.06,1.85,2.43,3.44,3.08,2.09,1.85,2.06,1.85,ok,
1608311352,05.05 21:45,Genoa,AC Milan,ok,,20.04 23:19,05.05 21:45,3.75,3.51,1.95,4.96,3.77,1.77,0.75,1.68,2.33,1.93,2.0,2.5,1.9,1.9,1.88,2.03,4.96,3.77,1.77,1.93,2.0,1.88,2.03,ok,
1608311447,05.05 22:00,Girona,Mallorca,ok,,20.04 23:19,05.05 22:00,1.88,3.39,4.19,2.04,3.31,4.23,-0.5,1.89,1.93,2.05,1.88,2.25,1.9,1.9,1.96,1.94,2.04,3.31,4.23,2.05,1.88,1.96,1.94,ok,
1608588572,09.05 22:00,Las Palmas,Rayo Vallecano,ok,,28.04 00:43,09.05 21:59,2.56,3.16,2.83,2.68,3.22,2.92,0.0,1.81,2.01,1.88,2.05,2.25,1.82,1.99,1.96,1.94,2.68,3.22,2.92,1.88,2.05,1.96,1.94,ok,
1608638771,10.05 15:00,Valencia,Getafe,ok,,28.04 00:44,10.05 14:58,2.01,3.11,4.11,2.02,3.15,4.62,-0.5,2.02,1.81,2.03,1.9,2.0,1.93,1.88,1.88,2.03,2.02,3.15,4.62,2.03,1.9,1.88,2.03,ok,
1608645685,10.05 17:15,Celta Vigo,Sevilla,ok,,28.04 00:44,10.05 17:13,1.81,3.66,4.21,1.9,3.61,4.41,-0.5,1.81,1.93,1.92,2.01,2.5,1.98,1.83,2.01,1.89,1.9,3.61,4.41,1.92,2.01,2.01,1.89,ok,
1608645734,10.05 19:30,Mallorca,Real Valladolid,ok,,28.04 00:44,10.05 19:30,1.28,5.28,10.12,1.36,5.24,9.37,-1.25,1.71,2.27,1.85,2.09,2.5,1.84,1.97,1.88,2.04,1.36,5.24,9.37,1.85,2.09,1.88,2.04,ok,
1608650366,10.05 19:30,Girona,Villarreal,ok,,28.04 00:45,10.05 19:30,2.51,3.53,2.64,3.14,3.58,2.33,0.25,1.62,2.29,1.91,2.02,3.0,1.95,1.85,2.08,1.84,3.14,3.58,2.33,1.91,2.02,2.08,1.84,ok,
1608650430,10.05 22:00,Angers,Strasbourg,ok,,28.04 00:44,10.05 22:00,3.44,3.55,2.04,4.54,3.83,1.83,0.75,1.58,2.38,1.85,2.08,2.5,1.76,2.05,1.88,2.03,4.54,3.83,1.83,1.85,2.08,1.88,2.03,ok,
1608650431,10.05 22:00,Atletico Madrid,Real Sociedad,ok,,28.04 00:45,10.05 21:56,1.46,4.3,6.52,1.83,3.52,5.03,-0.75,1.58,2.37,2.09,1.85,2.25,1.64,2.24,1.93,1.98,1.83,3.52,5.03,2.09,1.85,1.93,1.98,ok,
1608663233,10.05 22:00,Montpellier,Paris Saint-Germain,ok,,28.04 00:44,10.05 22:00,10.02,7.3,1.19,6.66,5.62,1.42,1.5,2.41,1.55,1.88,2.05,3.75,1.88,1.91,2.04,1.87,6.66,5.62,1.42,1.88,2.05,2.04,1.87,ok,
1608663234,10.05 22:00,Auxerre,Nantes,ok,,28.04 00:44,10.05 21:54,2.27,3.37,3.09,2.87,3.29,2.66,0.0,1.65,2.25,2.04,1.88,2.25,1.63,2.25,1.83,2.09,2.87,3.29,2.66,2.04,1.88,1.83,2.09,ok,
1608663235,10.05 22:00,Rennes,Nice,ok,,28.04 00:44,10.05 21:53,2.63,3.42,2.57,3.23,3.92,2.16,0.25,1.7,2.29,2.03,1.9,3.25,2.48,1.59,2.07,1.82,3.23,3.92,2.16,2.03,1.9,2.07,1.82,ok,
1608663236,10.05 22:00,Le Havre,Marseille,ok,,28.04 00:44,10.05 21:59,4.45,4.13,1.67,6.49,4.58,1.52,1.0,1.75,2.2,2.09,1.85,2.75,1.71,2.25,1.84,2.08,6.49,4.58,1.52,2.09,1.85,1.84,2.08,ok,
1608663237,10.05 22:00,Monaco,Lyon,ok,,28.04 00:44,10.05 22:00,1.71,4.33,3.99,1.85,4.32,3.86,-0.5,1.71,2.14,1.86,2.07,3.5,1.88,1.93,1.99,1.92,1.85,4.32,3.86,1.86,2.07,1.99,1.92,ok,
1608663238,10.05 22:00,Toulouse,Lens,ok,,28.04 00:44,10.05 21:56,2.25,3.42,3.11,2.25,3.53,3.32,-0.25,1.94,1.88,1.95,1.97,2.5,1.82,1.99,1.86,2.05,2.25,3.53,3.32,1.95,1.97,1.86,2.05,ok,
1608663239,10.05 22:00,Brest,Lille,ok,,28.04 00:44,10.05 22:00,2.65,3.27,2.65,4.97,4.22,1.69,0.75,1.36,3.35,2.05,1.88,3.0,2.62,1.54,2.08,1.84,4.97,4.22,1.69,2.05,1.88,2.08,1.84,ok,
1608663240,10.05 22:00,Reims,St Etienne,ok,,28.04 00:44,10.05 22:00,1.75,3.91,4.18,2.23,3.56,3.35,-0.25,1.58,2.53,1.93,1.99,2.75,1.8,2.01,2.03,1.88,2.23,3.56,3.35,1.93,1.99,2.03,1.88,ok,
1608731164,11.05 15:00,Leganes,Espanyol,ok,,28.04 00:46,11.05 14:56,2.31,3.01,3.38,2.34,3.24,3.43,-0.25,1.96,1.85,2.0,1.93,2.25,2.25,1.71,1.91,2.0,2.34,3.24,3.43,2.0,1.93,1.91,2.0,ok,
1608737087,11.05 17:15,Barcelona,Real Madrid,ok,,28.04 00:46,11.05 17:13,1.72,4.31,3.96,1.88,4.47,3.76,-0.5,1.72,2.12,1.88,2.06,4.0,2.37,1.57,2.06,1.85,1.88,4.47,3.76,1.88,2.06,2.06,1.85,ok,
1608743444,11.05 21:45,Napoli,Genoa,ok,,28.04 00:46,11.05 21:45,1.39,4.46,7.93,1.31,5.48,11.55,-1.5,2.3,1.69,1.94,1.98,2.75,2.37,1.65,1.94,1.96,1.31,5.48,11.55,1.94,1.98,1.94,1.96,ok,
1608743445,11.05 16:00,Hellas Verona,Lecce,ok,,28.04 00:46,11.05 16:00,2.24,2.97,3.61,2.56,2.82,3.54,-0.25,1.89,1.93,2.13,1.81,2.0,1.72,2.11,2.1,1.83,2.56,2.82,3.54,2.13,1.81,2.1,1.83,ok,
1608743446,09.05 21:45,AC Milan,Bologna,ok,,28.04 00:46,09.05 21:45,2.05,3.6,3.37,2.26,3.42,3.43,-0.25,1.79,2.04,1.94,1.98,2.5,1.79,2.01,1.94,1.96,2.26,3.42,3.43,1.94,1.98,1.94,1.96,ok,
1608743447,10.05 19:00,Lazio,Juventus,ok,,28.04 00:46,10.05 19:00,2.42,3.21,2.98,2.41,3.08,3.46,-0.25,2.08,1.76,2.04,1.88,2.25,1.83,1.98,1.99,1.92,2.41,3.08,3.46,2.04,1.88,1.99,1.92,ok,
1608743448,11.05 19:00,Torino,Internazionale,ok,,28.04 00:46,11.05 18:58,5.34,3.92,1.6,5.33,3.73,1.73,0.75,2.05,1.78,1.95,1.97,2.25,1.66,2.21,1.88,2.03,5.33,3.73,1.73,1.95,1.97,1.88,2.03,ok,
1608743465,11.05 19:30,Athletic Club Bilbao,Alaves,ok,,28.04 00:46,11.05 19:29,1.53,3.79,6.53,2.07,2.86,4.95,-0.5,1.57,2.56,2.09,1.85,1.75,1.57,2.52,1.96,1.94,2.07,2.86,4.95,2.09,1.85,1.96,1.94,ok,
1608743517,11.05 22:00,Real Betis,Osasuna,ok,,28.04 00:46,11.05 22:00,1.53,4.25,5.63,1.65,4.01,5.58,-0.75,1.66,2.21,1.84,2.1,2.75,1.88,1.92,1.93,1.97,1.65,4.01,5.58,1.84,2.1,1.93,1.97,ok,
1608744785,10.05 21:45,Empoli,Parma,ok,,28.04 00:46,10.05 21:45,2.41,3.3,2.92,2.41,3.08,3.47,-0.25,2.08,1.76,2.04,1.88,2.0,1.5,2.57,1.83,2.09,2.41,3.08,3.47,2.04,1.88,1.83,2.09,ok,
1608744786,10.05 16:00,Como,Cagliari,ok,,28.04 00:46,10.05 16:00,1.73,3.82,4.45,1.79,3.8,4.8,-0.75,1.95,1.87,2.02,1.9,2.75,1.99,1.81,2.01,1.9,1.79,3.8,4.8,2.02,1.9,2.01,1.9,ok,
1608744787,12.05 21:45,Atalanta,Roma,ok,,28.04 00:46,12.05 21:45,1.69,3.8,4.69,2.07,3.48,3.86,-0.5,1.69,2.16,2.08,1.85,2.75,2.09,1.74,1.89,2.01,2.07,3.48,3.86,2.08,1.85,1.89,2.01,ok,
1608744788,11.05 13:30,Udinese,Monza,ok,,28.04 00:46,11.05 13:30,1.52,4.1,6.0,1.64,4.05,5.65,-0.75,1.7,2.28,1.83,2.12,2.5,1.91,1.89,1.85,2.07,1.64,4.05,5.65,1.83,2.12,1.85,2.07,ok,
1608744789,12.05 19:30,Venezia,Fiorentina,ok,,28.04 00:46,12.05 19:30,3.57,3.39,2.05,2.72,3.14,2.88,0.0,2.62,1.49,1.9,2.02,2.25,1.74,2.08,2.08,1.84,2.72,3.14,2.88,1.9,2.02,2.08,1.84,ok,
1608842232,13.05 21:00,Real Sociedad,Celta Vigo,ok,,04.05 23:46,13.05 20:59,2.16,3.35,3.34,2.29,3.4,3.36,-0.25,1.87,1.95,1.97,1.95,2.5,1.99,1.83,1.93,1.98,2.29,3.4,3.36,1.97,1.95,1.93,1.98,ok,
1608842940,13.05 22:30,Sevilla,Las Palmas,ok,,04.05 23:46,13.05 22:29,1.6,3.9,5.37,1.72,3.87,5.25,-0.75,1.79,2.05,1.93,1.99,2.5,1.93,1.87,1.93,1.97,1.72,3.87,5.25,1.93,1.99,1.93,1.97,ok,
1608843023,13.05 20:00,Real Valladolid,Girona,ok,,04.05 23:46,13.05 20:00,4.17,3.88,1.76,5.14,3.99,1.71,0.75,1.83,1.99,2.01,1.91,2.75,1.81,2.01,1.96,1.94,5.14,3.99,1.71,2.01,1.91,1.96,1.94,ok,
1608864819,14.05 20:00,Villarreal,Leganes,ok,,04.05 23:48,14.05 19:58,1.35,5.16,7.47,1.31,5.93,9.99,-1.5,2.0,1.82,1.87,2.06,3.25,2.2,1.75,2.07,1.85,1.31,5.93,9.99,1.87,2.06,2.07,1.85,ok,
1608864820,14.05 20:00,Alaves,Valencia,ok,,04.05 23:48,14.05 19:59,2.14,3.12,3.66,2.37,2.86,3.9,-0.25,1.83,2.0,1.98,1.94,1.75,1.57,2.39,1.85,2.06,2.37,2.86,3.9,1.98,1.94,1.85,2.06,ok,
1608865016,14.05 22:30,Real Madrid,Mallorca,ok,,04.05 23:48,14.05 22:30,1.22,6.28,10.55,1.44,4.93,7.24,-1.25,1.54,2.65,1.97,1.95,3.0,1.83,1.96,1.94,1.96,1.44,4.93,7.24,1.97,1.95,1.94,1.96,ok,
1608927823,15.05 20:00,Rayo Vallecano,Real Betis,ok,,04.05 23:49,15.05 20:00,2.92,3.29,2.42,3.29,3.37,2.34,0.25,1.76,2.09,1.91,2.01,2.5,1.91,1.89,2.01,1.9,3.29,3.37,2.34,1.91,2.01,2.01,1.9,ok,
1608945337,15.05 22:30,Getafe,Athletic Club Bilbao,ok,,04.05 23:49,15.05 22:29,3.11,2.92,2.54,3.34,2.53,3.0,0.0,2.13,1.73,2.07,1.86,1.5,1.54,2.62,1.88,2.03,3.34,2.53,3.0,2.07,1.86,1.88,2.03,ok,
1608956455,15.05 20:00,Osasuna,Atletico Madrid,ok,,04.05 23:49,15.05 19:58,3.42,3.42,2.1,3.63,3.43,2.17,0.25,2.0,1.82,2.06,1.87,2.5,1.9,1.9,1.97,1.93,3.63,3.43,2.17,2.06,1.87,1.97,1.93,ok,
1608956490,15.05 22:30,Espanyol,Barcelona,ok,,04.05 23:49,15.05 22:30,6.24,4.97,1.41,7.93,5.85,1.35,1.5,1.72,2.12,1.97,1.95,3.5,2.03,1.77,1.88,2.03,7.93,5.85,1.35,1.97,1.95,1.88,2.03,ok,
1609074693,17.05 22:00,Lille,Reims,ok,,11.05 08:29,17.05 21:59,1.38,4.82,7.18,1.38,5.17,8.97,-1.25,1.88,1.94,1.85,2.09,2.75,1.83,1.97,1.94,1.96,1.38,5.17,8.97,1.85,2.09,1.94,1.96,ok,
1609074694,17.05 22:00,St Etienne,Toulouse,ok,,11.05 08:30,17.05 21:59,2.15,3.84,2.97,2.4,3.8,2.87,-0.25,1.9,1.92,2.11,1.83,3.0,2.01,1.81,1.98,1.93,2.4,3.8,2.87,2.11,1.83,1.98,1.93,ok,
1609074695,17.05 22:00,Strasbourg,Le Havre,ok,,11.05 08:29,17.05 21:59,1.46,5.02,5.4,1.54,5.01,5.51,-1.0,1.72,2.11,1.84,2.1,3.5,2.39,1.56,2.06,1.85,1.54,5.01,5.51,1.84,2.1,2.06,1.85,ok,
1609074696,17.05 22:00,Nice,Brest,ok,,11.05 08:31,17.05 21:58,1.56,4.42,4.92,1.53,4.79,5.94,-1.25,2.24,1.64,2.09,1.82,3.25,2.23,1.63,1.93,1.97,1.53,4.79,5.94,2.09,1.82,1.93,1.97,ok,
1609074697,17.05 22:00,Paris Saint-Germain,Auxerre,ok,,11.05 08:32,17.05 21:57,1.2,7.32,9.79,1.12,10.79,22.25,-2.5,2.46,1.53,1.89,2.02,4.0,2.28,1.6,1.88,2.0,1.12,10.79,22.25,1.89,2.02,1.88,2.0,ok,
1609080503,17.05 22:00,Lyon,Angers,ok,,11.05 08:30,17.05 22:00,1.24,6.2,9.08,1.18,8.06,15.59,-2.25,2.56,1.56,1.99,1.91,4.0,2.69,1.46,2.05,1.82,1.18,8.06,15.59,1.99,1.91,2.05,1.82,ok,
1609080504,17.05 22:00,Nantes,Montpellier,ok,,11.05 08:30,17.05 21:59,1.57,4.14,5.31,1.57,4.13,6.55,-1.0,1.98,1.83,1.96,1.96,2.5,1.76,2.15,1.85,2.07,1.57,4.13,6.55,1.96,1.96,1.85,2.07,ok,
1609080506,17.05 22:00,Lens,Monaco,ok,,11.05 08:30,17.05 22:00,3.66,3.85,1.88,2.7,3.88,2.5,0.0,2.8,1.43,2.04,1.88,3.25,1.95,1.85,1.87,2.04,2.7,3.88,2.5,2.04,1.88,1.87,2.04,ok,
1609086726,17.05 22:00,Marseille,Rennes,ok,,11.05 08:29,17.05 21:58,1.53,4.47,5.15,1.6,4.54,5.41,-1.0,1.88,1.93,1.96,1.96,3.25,2.0,1.81,1.93,1.97,1.6,4.54,5.41,1.96,1.96,1.93,1.97,ok,
1609156478,17.05 21:45,Genoa,Atalanta,ok,,04.05 23:53,17.05 21:44,5.76,4.05,1.54,3.32,3.35,2.34,0.25,3.07,1.36,1.92,2.01,2.5,1.86,1.94,2.04,1.88,3.32,3.35,2.34,1.92,2.01,2.04,1.88,ok,
1609156480,18.05 21:45,Parma,Napoli,ok,,04.05 23:53,18.05 21:45,5.08,4.0,1.61,7.39,4.45,1.48,1.25,1.61,2.47,1.83,2.12,2.5,1.82,2.08,1.92,1.99,7.39,4.45,1.48,1.83,2.12,1.92,1.99,ok,
1609161580,18.05 21:45,Hellas Verona,Como,ok,ou:o:<urlopen error _ssl.c:983: The handshake operation timed out>,04.05 23:53,18.05 21:38,3.21,3.32,2.23,3.35,3.06,2.49,0.25,1.89,1.93,1.83,2.1,2.25,,2.07,2.08,1.84,3.35,3.06,2.49,1.83,2.1,2.08,1.84,ok,
1609161581,18.05 21:45,Fiorentina,Bologna,ok,,04.05 23:53,18.05 21:45,2.81,3.13,2.6,3.13,3.08,2.61,0.0,1.98,1.83,2.16,1.79,2.25,1.85,1.94,2.09,1.83,3.13,3.08,2.61,2.16,1.79,2.09,1.83,ok,
1609161632,18.05 20:00,Celta Vigo,Rayo Vallecano,ok,,11.05 23:02,18.05 19:53,1.69,3.92,4.57,1.93,3.47,4.45,-0.5,1.74,2.23,1.94,1.98,2.5,1.76,2.16,2.02,1.89,1.93,3.47,4.45,1.94,1.98,2.02,1.89,ok,
1609161633,18.05 20:00,Mallorca,Getafe,ok,,11.05 23:02,18.05 20:00,2.01,3.09,4.13,2.56,2.82,3.56,-0.25,1.75,2.2,2.13,1.82,1.75,1.71,2.24,2.0,1.91,2.56,2.82,3.56,2.13,1.82,2.0,1.91,ok,
1609161634,18.05 20:00,Las Palmas,Leganes,ok,,11.05 23:02,18.05 19:54,2.05,3.32,3.66,3.36,3.45,2.21,0.25,1.38,3.25,1.99,1.93,2.75,2.5,1.58,2.06,1.85,3.36,3.45,2.21,1.99,1.93,2.06,1.85,ok,
1609161635,18.05 20:00,Osasuna,Espanyol,ok,,11.05 23:02,18.05 20:00,1.93,3.58,4.32,2.04,3.41,4.07,-0.5,1.93,1.99,2.05,1.88,2.25,1.86,2.05,1.85,2.07,2.04,3.41,4.07,2.05,1.88,1.85,2.07,ok,
1609161636,18.05 20:00,Atletico Madrid,Real Betis,ok,,11.05 23:03,18.05 19:59,1.66,3.96,4.72,1.56,4.41,6.2,-1.0,2.17,1.69,1.92,2.01,3.0,2.21,1.65,2.08,1.84,1.56,4.41,6.2,1.92,2.01,2.08,1.84,ok,
1609168854,18.05 21:45,Monza,Empoli,ok,,04.05 23:53,18.05 21:45,3.03,3.22,2.38,5.38,3.66,1.74,0.75,1.41,2.89,1.93,1.99,2.25,1.81,2.0,1.93,1.93,5.38,3.66,1.74,1.93,1.99,1.93,1.93,ok,
1609168856,18.05 21:45,Internazionale,Lazio,ok,,04.05 23:53,18.05 21:39,1.6,4.02,5.14,1.69,4.09,5.06,-0.75,1.78,2.06,1.89,2.04,2.75,1.98,1.82,1.89,2.02,1.69,4.09,5.06,1.89,2.04,1.89,2.02,ok,
1609168857,18.05 21:45,Cagliari,Venezia,ok,,04.05 23:53,18.05 21:39,1.92,3.52,3.86,2.92,2.95,2.89,0.0,1.45,2.97,1.97,1.95,2.25,1.72,2.23,2.0,1.91,2.92,2.95,2.89,1.97,1.95,2.0,1.91,ok,
1609168858,18.05 21:45,Lecce,Torino,ok,,04.05 23:53,18.05 21:45,2.51,3.05,2.99,2.12,3.18,4.12,-0.5,2.51,1.52,2.13,1.81,2.25,2.08,1.75,2.12,1.81,2.12,3.18,4.12,2.13,1.81,2.12,1.81,ok,
1609168859,18.05 21:45,Roma,AC Milan,ok,,04.05 23:53,18.05 21:42,2.26,3.46,3.04,2.21,3.62,3.35,-0.25,1.96,1.85,1.92,2.0,2.75,1.93,1.87,1.95,1.95,2.21,3.62,3.35,1.92,2.0,1.95,1.95,ok,
1609168860,18.05 21:45,Juventus,Udinese,ok,,04.05 23:53,18.05 21:45,1.4,4.47,7.76,1.41,4.7,8.83,-1.25,1.97,1.85,1.98,1.94,2.5,1.93,1.88,1.88,2.03,1.41,4.7,8.83,1.98,1.94,1.88,2.03,ok,
1609168919,18.05 20:00,Barcelona,Villarreal,ok,,11.05 23:03,18.05 20:00,1.38,5.45,6.09,1.72,4.55,4.32,-0.75,1.45,2.7,1.89,2.03,4.0,2.07,1.74,2.01,1.9,1.72,4.55,4.32,1.89,2.03,2.01,1.9,ok,
1609168920,18.05 20:00,Real Valladolid,Alaves,ok,,11.05 23:03,18.05 20:00,5.36,3.78,1.63,5.44,3.67,1.72,0.75,2.0,1.83,1.96,1.96,2.25,1.77,2.04,1.92,1.99,5.44,3.67,1.72,1.96,1.96,1.92,1.99,ok,
1609168921,18.05 20:00,Valencia,Athletic Club Bilbao,ok,,11.05 23:03,18.05 19:59,2.72,3.15,2.67,2.54,3.02,3.3,-0.25,2.32,1.61,2.15,1.81,2.25,1.89,1.91,2.09,1.83,2.54,3.02,3.3,2.15,1.81,2.09,1.83,ok,
1609169889,18.05 20:00,Sevilla,Real Madrid,ok,,11.05 23:03,18.05 19:59,4.23,3.99,1.73,3.17,3.73,2.25,0.25,2.5,1.53,1.95,1.97,3.0,1.95,1.85,1.94,1.96,3.17,3.73,2.25,1.95,1.97,1.94,1.96,ok,
1609169890,18.05 20:00,Real Sociedad,Girona,ok,,11.05 23:03,18.05 20:00,2.04,3.33,3.69,1.72,3.88,5.25,-0.75,2.38,1.58,1.93,2.0,2.75,2.26,1.63,1.93,1.98,1.72,3.88,5.25,1.93,2.0,1.93,1.98,ok,
1609554228,25.05 21:45,Lazio,Lecce,ok,,19.05 09:51,25.05 21:45,1.41,4.59,6.93,1.45,4.58,8.07,-1.25,1.96,1.85,1.97,1.95,3.0,2.25,1.62,2.08,1.84,1.45,4.58,8.07,1.97,1.95,2.08,1.84,ok,
1609554229,25.05 21:45,Empoli,Hellas Verona,ok,,19.05 09:53,25.05 21:40,2.15,3.2,3.52,2.01,2.95,5.19,-0.5,2.14,1.69,2.02,1.91,1.75,1.54,2.43,1.94,1.96,2.01,2.95,5.19,2.02,1.91,1.94,1.96,ok,
1609554230,24.05 21:45,AC Milan,Monza,ok,,19.05 09:53,24.05 21:45,1.17,7.43,11.6,1.24,7.0,11.75,-1.75,1.7,2.26,1.91,2.0,3.5,1.93,1.85,1.99,1.9,1.24,7.0,11.75,1.91,2.0,1.99,1.9,ok,
1609554231,25.05 21:45,Torino,Roma,ok,,19.05 09:54,25.05 21:44,5.32,3.87,1.61,5.42,4.41,1.61,1.0,1.71,2.12,1.87,2.06,2.75,2.38,1.56,1.91,1.99,5.42,4.41,1.61,1.87,2.06,1.91,1.99,ok,
1609554439,24.05 19:00,Bologna,Genoa,ok,,19.05 09:52,24.05 18:59,1.54,4.22,5.51,1.49,4.3,8.0,-1.0,1.93,1.89,1.84,2.1,2.5,1.7,2.11,2.05,1.87,1.49,4.3,8.0,1.84,2.1,2.05,1.87,ok,
1609554440,25.05 21:45,Atalanta,Parma,ok,,19.05 09:53,25.05 21:45,1.36,5.23,6.94,1.88,3.77,4.28,-0.5,1.35,3.11,1.89,2.03,3.0,1.63,2.23,2.08,1.84,1.88,3.77,4.28,1.89,2.03,2.08,1.84,ok,
1609554441,23.05 21:45,Como,Internazionale,ok,,19.05 09:54,23.05 21:43,5.39,4.39,1.53,4.36,4.17,1.78,0.75,2.21,1.65,1.93,2.0,3.0,2.14,1.68,1.96,1.94,4.36,4.17,1.78,1.93,2.0,1.96,1.94,ok,
1609555739,23.05 21:45,Napoli,Cagliari,ok,,19.05 09:50,23.05 21:44,1.22,6.09,11.51,1.18,7.75,17.75,-2.0,2.27,1.61,2.08,1.84,3.0,2.01,1.76,1.85,2.04,1.18,7.75,17.75,2.08,1.84,1.85,2.04,ok,
1609555740,25.05 21:45,Venezia,Juventus,ok,,19.05 09:50,25.05 21:42,5.07,3.82,1.65,6.82,4.77,1.47,1.25,1.52,2.51,1.89,2.03,3.0,2.64,1.47,1.94,1.96,6.82,4.77,1.47,1.89,2.03,1.94,1.96,ok,
1609555741,25.05 21:45,Udinese,Fiorentina,ok,,19.05 09:52,25.05 21:45,3.18,3.55,2.15,3.09,3.44,2.42,0.25,1.94,1.88,1.85,2.09,2.5,2.08,1.72,1.85,2.06,3.09,3.44,2.42,1.85,2.09,1.85,2.06,ok,
1609563935,24.05 22:00,Getafe,Celta Vigo,ok,,19.05 09:39,24.05 21:59,4.57,3.7,1.74,4.95,3.85,1.76,0.75,1.85,1.98,1.93,2.0,2.5,2.13,1.69,2.07,1.85,4.95,3.85,1.76,1.93,2.0,2.07,1.85,ok,
1609564033,23.05 22:00,Real Betis,Valencia,ok,,19.05 09:36,23.05 21:58,1.85,3.79,3.82,1.94,3.93,3.85,-0.5,1.86,1.95,1.95,1.97,3.0,2.04,1.76,1.92,1.99,1.94,3.93,3.85,1.95,1.97,1.92,1.99,ok,
1609564035,25.05 22:00,Athletic Club Bilbao,Barcelona,ok,,19.05 09:42,25.05 22:00,3.23,3.79,2.05,3.34,3.95,2.1,0.25,2.02,1.81,2.05,1.88,3.25,2.04,1.75,1.86,2.05,3.34,3.95,2.1,2.05,1.88,1.86,2.05,ok,
1609564038,24.05 22:00,Rayo Vallecano,Mallorca,ok,,19.05 09:40,24.05 22:00,1.58,3.86,5.65,1.5,4.34,7.24,-1.0,2.07,1.75,1.83,2.11,2.5,2.25,1.62,2.06,1.85,1.5,4.34,7.24,1.83,2.11,2.06,1.85,ok,
1609564039,24.05 22:00,Alaves,Osasuna,ok,,19.05 09:40,24.05 21:57,4.06,3.33,1.93,3.34,3.25,2.38,0.25,2.2,1.66,1.89,2.03,2.25,2.03,1.78,2.03,1.88,3.34,3.25,2.38,1.89,2.03,2.03,1.88,ok,
1609565918,24.05 19:30,Leganes,Real Valladolid,ok,,19.05 09:38,24.05 19:30,1.3,5.42,8.81,1.34,5.7,9.0,-1.5,1.92,1.9,1.97,1.95,3.0,2.18,1.66,1.92,1.99,1.34,5.7,9.0,1.97,1.95,1.92,1.99,ok,
1609565920,24.05 19:30,Espanyol,Las Palmas,ok,,19.05 09:38,24.05 19:28,1.58,4.15,5.1,1.38,5.3,8.5,-1.25,2.42,1.55,1.88,2.04,2.75,2.2,1.65,1.86,2.05,1.38,5.3,8.5,1.88,2.04,1.86,2.05,ok,
1609565922,25.05 15:00,Girona,Atletico Madrid,ok,,19.05 09:41,25.05 14:59,3.39,3.73,2.0,3.33,3.57,2.23,0.25,2.07,1.75,1.98,1.94,3.0,1.89,1.91,1.89,2.02,3.33,3.57,2.23,1.98,1.94,1.89,2.02,ok,
1609565925,24.05 17:15,Real Madrid,Real Sociedad,ok,,19.05 09:37,24.05 17:15,1.41,4.91,6.28,1.38,5.63,7.57,-1.5,2.12,1.71,1.96,1.96,3.5,2.08,1.72,1.87,2.05,1.38,5.63,7.57,1.96,1.96,1.87,2.05,ok,
1609565926,25.05 17:15,Villarreal,Sevilla,ok,,19.05 09:42,25.05 17:14,1.54,4.5,5.07,1.78,4.08,4.45,-0.75,1.67,2.19,2.0,1.93,3.0,1.87,1.93,1.88,2.02,1.78,4.08,4.45,2.0,1.93,1.88,2.02,ok,
1610764580,25.08 19:30,Udinese,Hellas Verona,ok,,12.06 16:11,25.08 19:25,1.99,3.26,3.93,1.99,3.19,4.71,-0.5,2.0,1.83,2.0,1.93,2.0,1.57,2.38,1.96,1.94,1.99,3.19,4.71,2.0,1.93,1.96,1.94,ok,
1610764581,25.08 21:45,Internazionale,Torino,ok,,12.06 16:12,25.08 21:40,1.37,4.9,7.4,1.36,5.35,9.0,-1.25,1.84,1.98,1.83,2.08,2.75,1.83,1.98,1.85,2.06,1.36,5.35,9.0,1.83,2.08,1.85,2.06,ok,
1611253094,16.08 22:05,Nice,Toulouse,ok,,28.06 15:58,16.08 22:22,1.75,3.68,4.51,1.99,3.46,4.21,-0.5,1.75,2.08,2.0,1.93,2.5,1.93,1.88,2.03,1.88,1.99,3.46,4.21,2.0,1.93,2.03,1.88,ok,
1611253095,15.08 21:45,Rennes,Marseille,ok,,28.06 15:59,15.08 22:06,3.41,3.65,2.02,4.06,3.77,1.93,0.5,1.8,2.03,1.98,1.94,2.75,1.76,2.05,2.04,1.87,4.06,3.77,1.93,1.98,1.94,2.04,1.87,ok,
1611253096,23.08 16:30,Bayer Leverkusen,Hoffenheim,ok,,28.06 16:08,23.08 16:35,1.39,5.15,6.42,1.76,4.21,4.42,-0.75,1.51,2.76,1.99,1.93,3.0,1.65,2.37,1.92,1.99,1.76,4.21,4.42,1.99,1.93,1.92,1.99,ok,
1611253097,24.08 16:30,Mainz 05,FC Koln,ok,,28.06 16:09,24.08 16:24,1.9,3.59,3.87,2.0,3.69,3.89,-0.5,1.91,1.91,2.01,1.92,2.5,1.84,1.97,1.85,2.07,2.0,3.69,3.89,2.01,1.92,1.85,2.07,ok,
1611253098,24.08 18:30,Borussia Monchengladbach,Hamburger SV,ok,,28.06 16:09,24.08 18:15,1.89,3.87,3.62,1.91,3.98,3.95,-0.5,1.9,1.92,1.92,2.01,3.0,1.84,1.96,1.92,1.99,1.91,3.98,3.95,1.92,2.01,1.92,1.99,ok,
1611253099,23.08 16:30,Eintracht Frankfurt,Werder Bremen,ok,,28.06 16:09,23.08 16:35,1.83,3.89,3.85,1.56,4.78,5.58,-1.0,2.47,1.54,1.87,2.06,3.5,2.43,1.54,2.06,1.85,1.56,4.78,5.58,1.87,2.06,2.06,1.85,ok,
1611255973,17.08 18:15,Auxerre,Lorient,ok,,28.06 15:59,17.08 18:34,2.21,3.38,3.21,2.57,3.28,3.0,0.0,1.6,2.35,1.82,2.13,2.25,1.66,2.21,1.84,2.08,2.57,3.28,3.0,1.82,2.13,1.84,2.08,ok,
1611255974,17.08 18:15,Angers,Paris FC,ok,,28.06 16:00,17.08 18:34,2.39,3.15,3.08,3.11,3.36,2.45,0.25,1.48,2.63,1.83,2.1,2.5,2.17,1.68,2.03,1.88,3.11,3.36,2.45,1.83,2.1,2.03,1.88,ok,
1611255975,17.08 16:00,Brest,Lille,ok,,28.06 15:59,17.08 12:04,3.95,3.6,1.88,2.69,3.22,2.9,0.0,2.96,1.39,1.88,2.04,2.25,1.63,2.25,1.88,2.02,2.54,3.29,3.03,1.8,2.15,1.83,2.1,ok,
1611255976,23.08 16:30,Heidenheim,Wolfsburg,ok,,28.06 16:07,23.08 16:35,2.61,3.4,2.61,2.87,3.38,2.61,0.0,1.91,1.91,2.06,1.87,2.5,1.71,2.12,1.92,1.99,2.87,3.38,2.61,2.06,1.87,1.92,1.99,ok,
1611255977,23.08 19:30,St. Pauli,Borussia Dortmund,ok,,28.06 16:08,23.08 19:32,4.72,4.01,1.65,4.2,3.65,1.93,0.5,2.3,1.69,1.97,1.95,2.75,1.87,1.93,2.03,1.88,4.2,3.65,1.93,1.97,1.95,2.03,1.88,ok,
1611256226,17.08 21:45,Nantes,Paris Saint-Germain,ok,,28.06 15:57,17.08 22:06,7.46,5.41,1.33,12.86,6.89,1.22,2.0,1.48,2.64,1.84,2.08,3.25,1.94,1.85,1.98,1.91,12.86,6.89,1.22,1.84,2.08,1.98,1.91,ok,
1611256227,16.08 20:00,Monaco,Le Havre,ok,,28.06 15:58,16.08 21:07,1.31,5.38,7.97,1.23,7.01,12.79,-2.0,2.6,1.48,2.05,1.86,3.25,2.08,1.72,1.88,2.01,1.23,7.01,12.79,2.05,1.86,1.88,2.01,ok,
1611256228,17.08 18:15,Metz,Strasbourg,ok,,28.06 16:00,17.08 18:22,3.19,3.39,2.21,3.9,3.58,2.03,0.5,1.67,2.21,1.89,2.04,2.5,1.87,1.93,1.89,2.01,3.9,3.58,2.03,1.89,2.04,1.89,2.01,ok,
1611256229,23.08 16:30,Freiburg,Augsburg,ok,,28.06 16:06,23.08 16:35,1.73,3.77,4.51,1.96,3.63,4.1,-0.5,1.78,2.17,1.97,1.95,2.5,1.84,1.96,1.99,1.92,1.96,3.63,4.1,1.97,1.95,1.99,1.92,ok,
1611256230,23.08 16:30,Union Berlin,Stuttgart,ok,,28.06 16:08,23.08 16:35,3.13,3.55,2.17,4.23,3.87,1.87,0.5,1.74,2.23,2.05,1.88,3.0,2.18,1.75,2.08,1.84,4.23,3.87,1.87,2.05,1.88,2.08,1.84,ok,
1611256231,22.08 21:30,Bayern Munich,RB Leipzig,ok,,28.06 16:04,22.08 21:31,1.31,5.73,7.35,1.25,7.18,10.25,-2.0,2.41,1.55,2.0,1.9,4.0,2.43,1.53,1.99,1.9,1.25,7.18,10.25,2.0,1.9,1.99,1.9,ok,
1611375817,15.08 22:30,Villarreal,Real Oviedo,ok,,04.07 21:48,15.08 22:29,1.29,5.24,9.76,1.4,4.94,8.83,-1.25,1.68,2.18,1.93,2.0,2.5,1.81,2.0,1.85,2.06,1.4,4.94,8.83,1.93,2.0,1.85,2.06,ok,
1611380095,17.08 18:00,Celta Vigo,Getafe,ok,,04.07 21:47,17.08 18:11,1.77,3.37,4.93,1.7,3.55,6.25,-0.75,2.04,1.79,1.96,1.96,2.0,1.8,2.01,1.95,1.95,1.7,3.55,6.25,1.96,1.96,1.95,1.95,ok,
1611380096,15.08 20:00,Girona,Rayo Vallecano,ok,,04.07 21:47,15.08 20:05,2.18,3.27,3.37,2.5,3.19,3.18,-0.25,1.88,1.94,2.13,1.82,2.25,1.82,1.99,1.99,1.92,2.5,3.19,3.18,2.13,1.82,1.99,1.92,ok,
1611394545,16.08 22:30,Alaves,Levante,ok,,04.07 21:45,16.08 22:30,1.9,3.21,4.45,2.12,3.15,4.17,-0.5,1.91,1.91,2.13,1.81,2.0,1.88,1.93,1.94,1.96,2.12,3.15,4.17,2.13,1.81,1.94,1.96,ok,
1611394546,17.08 20:30,Athletic Club Bilbao,Sevilla,ok,,04.07 21:46,17.08 20:31,1.64,3.68,5.44,1.58,3.93,6.95,-1.0,2.19,1.68,2.06,1.87,2.25,1.91,1.89,1.99,1.92,1.58,3.93,6.95,2.06,1.87,1.99,1.92,ok,
1611394547,16.08 20:30,Mallorca,Barcelona,ok,,04.07 21:49,16.08 20:43,5.17,4.15,1.58,9.11,5.61,1.34,1.5,1.49,2.6,2.02,1.9,3.25,2.42,1.55,1.96,1.94,9.11,5.61,1.34,2.02,1.9,1.96,1.94,ok,
1611394548,16.08 22:30,Valencia,Real Sociedad,ok,,04.07 21:49,16.08 22:30,2.98,2.74,2.78,2.54,3.0,3.32,-0.25,2.48,1.54,2.14,1.81,2.0,2.26,1.63,1.94,1.96,2.54,3.0,3.32,2.14,1.81,1.94,1.96,ok,
1611395547,19.08 22:00,Real Madrid,Osasuna,ok,,04.07 21:48,19.08 21:57,1.23,6.06,10.39,1.22,7.3,12.19,-1.75,1.93,1.88,1.83,2.08,3.25,2.18,1.66,1.95,1.93,1.22,7.3,12.19,1.83,2.08,1.95,1.93,ok,
1611395548,17.08 22:30,Espanyol,Atletico Madrid,ok,,04.07 21:50,17.08 22:30,5.65,3.77,1.6,5.94,3.92,1.65,0.75,2.05,1.79,2.1,1.84,2.5,2.12,1.71,2.02,1.88,5.94,3.92,1.65,2.1,1.84,2.02,1.88,ok,
1611395549,18.08 22:00,Elche,Real Betis,ok,,04.07 21:50,18.08 22:00,4.01,3.48,1.9,3.45,3.25,2.33,0.25,2.25,1.65,1.93,1.99,2.25,1.75,2.06,2.01,1.9,3.45,3.25,2.33,1.93,1.99,2.01,1.9,ok,
1611901090,16.08 18:00,Lens,Lyon,ok,,21.07 14:42,16.08 10:53,2.43,3.4,2.82,2.4,3.6,3.0,-0.25,2.1,1.74,2.09,1.85,2.75,1.86,1.94,1.9,2.01,2.4,3.6,3.0,2.09,1.85,1.9,2.01,ok,
1612741702,22.08 21:45,Paris Saint-Germain,Angers,ok,,17.08 22:44,22.08 21:50,1.11,9.81,15.79,1.07,15.0,32.0,-3.0,2.79,1.5,2.06,1.84,3.75,1.98,1.81,1.84,2.04,1.07,15.0,32.0,2.06,1.84,1.84,2.04,ok,
1612741717,22.08 22:30,Real Betis,Alaves,ok,,17.08 07:03,22.08 22:25,1.87,3.42,4.24,1.87,3.51,4.78,-0.5,1.88,1.94,1.88,2.05,2.25,1.88,1.93,1.99,1.92,1.87,3.51,4.78,1.88,2.05,1.99,1.92,ok,
1612813704,23.08 18:00,Marseille,Paris FC,ok,,17.08 22:47,23.08 19:31,1.4,4.65,7.17,1.42,5.23,7.34,-1.25,1.93,1.89,1.88,2.04,3.25,2.57,1.49,2.04,1.88,1.42,5.23,7.34,1.88,2.04,2.04,1.88,ok,
1612818014,23.08 18:00,Mallorca,Celta Vigo,ok,,17.08 07:04,23.08 18:24,3.0,3.21,2.41,3.35,3.33,2.33,0.25,1.78,2.07,1.89,2.04,2.25,1.97,1.83,1.9,2.0,3.35,3.33,2.33,1.89,2.04,1.9,2.0,ok,
1612819081,23.08 20:00,Nice,Auxerre,ok,,17.08 22:45,23.08 20:03,1.39,4.94,6.74,1.85,3.74,4.5,-0.5,1.35,2.8,1.86,2.07,2.5,1.56,2.38,2.02,1.88,1.85,3.74,4.5,1.86,2.07,2.02,1.88,ok,
1612819090,23.08 20:30,Atletico Madrid,Elche,ok,,17.08 07:05,23.08 20:33,1.27,5.35,10.71,1.27,6.28,11.27,-1.5,1.89,1.93,1.91,2.02,2.75,2.09,1.72,1.9,2.01,1.27,6.28,11.27,1.91,2.02,1.9,2.01,ok,
1612824333,23.08 22:05,Lyon,Metz,ok,,17.08 22:45,23.08 22:10,1.42,4.86,6.32,1.41,5.26,7.57,-1.25,1.91,1.91,1.88,2.04,3.0,1.81,2.0,1.86,2.05,1.41,5.26,7.57,1.88,2.04,1.86,2.05,ok,
1612828505,23.08 22:30,Levante,Barcelona,ok,,17.08 07:05,23.08 22:30,7.68,5.61,1.31,11.44,7.55,1.22,2.0,1.51,2.56,1.93,1.97,3.5,2.11,1.71,1.86,2.04,11.44,7.55,1.22,1.93,1.97,1.86,2.04,ok,
1612926939,24.08 16:00,Lorient,Rennes,ok,,17.08 22:49,24.08 16:18,2.64,3.3,2.64,2.84,3.45,2.59,0.0,1.91,1.91,2.06,1.88,2.5,1.85,1.95,2.05,1.86,2.84,3.45,2.59,2.06,1.88,2.05,1.86,ok,
1612926987,24.08 18:00,Osasuna,Valencia,ok,,17.08 07:05,24.08 18:10,2.26,3.2,3.27,2.23,3.24,3.68,-0.25,1.94,1.88,1.91,2.02,2.25,1.88,1.92,2.03,1.88,2.23,3.24,3.68,1.91,2.02,2.03,1.88,ok,
1612926996,24.08 18:15,Strasbourg,Nantes,ok,,17.08 22:49,24.08 18:11,1.78,3.51,4.56,1.81,3.63,4.96,-0.75,2.07,1.77,2.07,1.86,2.5,1.88,1.92,2.06,1.85,1.81,3.63,4.96,2.07,1.86,2.06,1.85,ok,
1612929314,24.08 18:15,Toulouse,Brest,ok,,17.08 22:49,24.08 18:15,1.87,3.65,3.93,2.33,3.39,3.29,-0.25,1.63,2.28,2.01,1.92,2.5,1.88,1.93,2.05,1.86,2.33,3.39,3.29,2.01,1.92,2.05,1.86,ok,
1612929358,24.08 20:30,Real Sociedad,Espanyol,ok,,17.08 07:05,24.08 20:28,1.83,3.39,4.51,1.88,3.51,4.72,-0.5,1.83,1.99,1.88,2.04,2.5,2.27,1.62,2.02,1.88,1.88,3.51,4.72,1.88,2.04,2.02,1.88,ok,
1612929359,24.08 20:30,Villarreal,Girona,ok,,17.08 07:06,24.08 20:29,1.58,4.25,4.96,1.51,4.55,6.7,-1.0,2.05,1.79,1.81,2.1,2.75,1.87,1.93,1.91,2.0,1.51,4.55,6.7,1.81,2.1,1.91,2.0,ok,
1612929418,24.08 18:15,Le Havre,Lens,ok,,17.08 22:49,24.08 17:52,3.9,3.71,1.86,4.42,3.69,1.88,0.5,1.95,1.87,2.04,1.88,2.75,1.92,1.88,2.06,1.85,4.42,3.69,1.88,2.04,1.88,2.06,1.85,ok,
1612936528,24.08 21:45,Lille,Monaco,ok,,17.08 22:49,24.08 21:44,2.74,3.37,2.51,3.35,3.62,2.21,0.25,1.69,2.17,2.0,1.92,2.75,1.92,1.88,1.9,2.01,3.35,3.62,2.21,2.0,1.92,1.9,2.01,ok,
1612936546,24.08 22:30,Real Oviedo,Real Madrid,ok,,17.08 07:06,24.08 22:33,9.27,5.25,1.3,9.92,5.38,1.34,1.5,1.88,1.93,1.85,2.09,2.5,1.74,2.07,1.87,2.05,9.92,5.38,1.34,1.85,2.09,1.87,2.05,ok,
1613013196,25.08 22:30,Sevilla,Getafe,ok,,17.08 07:07,25.08 22:30,2.27,3.06,3.41,2.1,3.16,4.25,-0.5,2.27,1.64,2.11,1.83,1.75,1.56,2.42,1.85,2.07,2.1,3.16,4.25,2.11,1.83,1.85,2.07,ok,
1613014771,25.08 20:30,Athletic Bilbao,Rayo Vallecano,ok,,17.08 07:06,25.08 20:30,1.68,3.55,5.29,1.75,3.58,5.53,-0.75,1.91,1.91,1.99,1.93,2.25,2.01,1.81,1.92,1.99,1.75,3.58,5.53,1.99,1.93,1.92,1.99,ok,
1613213689,27.08 22:00,Celta Vigo,Real Betis,ok,,18.08 18:24,27.08 22:00,2.54,3.36,2.7,2.38,3.42,3.17,-0.25,2.2,1.68,2.06,1.88,2.75,1.94,1.86,1.98,1.93,2.38,3.42,3.17,2.06,1.88,1.98,1.93,ok,
1613234522,29.08 19:30,Cremonese,Sassuolo,ok,,18.08 18:31,29.08 19:29,2.29,3.28,3.13,2.95,3.15,2.7,0.0,1.64,2.26,2.06,1.88,2.25,1.52,2.49,1.93,1.97,2.98,3.15,2.67,2.08,1.85,1.93,1.97,ok,
1613234568,29.08 21:30,Hamburger SV,St. Pauli,ok,,18.08 18:37,29.08 21:29,2.19,3.48,3.15,2.49,3.19,3.2,-0.25,1.91,1.91,2.13,1.82,2.25,1.55,2.42,1.99,1.92,2.49,3.19,3.2,2.13,1.82,1.99,1.92,ok,
1613234586,29.08 21:45,Lecce,AC Milan,ok,,18.08 18:31,29.08 21:54,4.71,3.67,1.72,7.05,3.9,1.58,1.0,1.6,2.34,1.87,2.06,2.25,1.74,2.07,1.89,2.01,7.05,3.9,1.58,1.87,2.06,1.89,2.01,ok,
1613234588,29.08 21:45,Lens,Brest,ok,,24.08 16:23,29.08 21:37,1.83,3.64,4.11,1.98,3.69,3.94,-0.5,1.84,1.98,1.99,1.93,2.75,2.11,1.71,1.99,1.92,1.98,3.69,3.94,1.99,1.93,1.99,1.92,ok,
1613237529,29.08 20:30,Elche,Levante,ok,,18.08 18:24,29.08 20:30,2.01,3.22,3.92,2.21,3.3,3.66,-0.25,1.72,2.12,1.89,2.03,2.25,1.91,1.89,2.07,1.85,2.21,3.3,3.66,1.89,2.03,2.07,1.85,ok,
1613269375,29.08 22:30,Valencia,Getafe,ok,,18.08 18:24,29.08 22:30,2.02,3.02,4.21,2.4,2.92,3.72,-0.25,1.7,2.14,2.01,1.92,1.75,1.8,2.01,1.93,1.97,2.4,2.92,3.72,2.01,1.92,1.93,1.97,ok,
1613293727,30.08 16:30,Werder Bremen,Bayer Leverkusen,ok,,18.08 18:37,30.08 16:29,3.97,4.01,1.78,3.79,3.95,1.95,0.5,2.05,1.78,1.96,1.96,3.25,2.04,1.77,1.93,1.98,3.71,3.92,1.98,1.93,1.99,1.93,1.97,ok,
1613315548,30.08 16:30,Hoffenheim,Eintracht Frankfurt,ok,,18.08 18:37,30.08 16:29,2.96,3.67,2.22,2.72,3.92,2.47,0.0,2.22,1.66,2.06,1.87,3.25,2.06,1.75,1.91,1.99,2.74,3.92,2.45,2.08,1.85,1.91,1.99,ok,
1613315549,30.08 16:30,RB Leipzig,Heidenheim,ok,,18.08 18:37,30.08 16:28,1.48,4.66,5.66,1.51,4.88,5.87,-1.25,2.04,1.79,2.05,1.88,3.25,2.26,1.63,1.85,2.06,1.51,4.88,5.87,2.05,1.88,1.85,2.06,ok,
1613315593,30.08 18:00,Lorient,Lille,ok,,24.08 16:23,30.08 17:59,3.2,3.37,2.21,3.41,3.58,2.18,0.25,1.91,1.91,2.03,1.9,2.5,1.89,1.89,1.92,1.99,3.41,3.58,2.18,2.03,1.9,1.93,1.98,ok,
1613321459,30.08 16:30,Stuttgart,Borussia Monchengladbach,ok,,18.08 18:37,30.08 16:29,1.72,4.12,4.15,1.6,4.86,5.05,-1.0,2.23,1.66,1.93,1.99,3.5,2.22,1.65,1.91,2.0,1.6,4.83,5.06,1.93,1.99,1.94,1.96,ok,
1613321487,30.08 18:00,Alaves,Atletico Madrid,ok,,18.08 18:24,30.08 17:59,4.29,3.53,1.83,5.58,3.58,1.74,0.75,1.73,2.11,1.93,2.0,2.0,1.59,2.33,1.81,2.12,5.58,3.58,1.74,1.93,2.0,1.81,2.12,ok,
1613321509,30.08 19:30,Augsburg,Bayern Munich,ok,,18.08 18:37,30.08 19:29,7.09,5.52,1.34,9.69,6.26,1.29,1.75,1.69,2.16,1.88,2.03,3.25,1.76,2.03,1.94,1.94,9.69,6.25,1.29,1.88,2.03,1.94,1.94,ok,
1613324793,30.08 19:30,Bologna,Como,ok,,18.08 18:33,30.08 19:29,2.06,3.41,3.54,2.89,3.12,2.77,0.0,1.5,2.6,2.0,1.92,2.25,1.7,2.13,2.01,1.89,2.89,3.12,2.77,2.0,1.92,2.01,1.89,ok,
1613324800,30.08 20:00,Real Oviedo,Real Sociedad,ok,,18.08 18:24,30.08 20:00,4.22,3.35,1.89,3.54,3.09,2.37,0.25,2.28,1.63,1.92,2.01,2.25,1.95,1.85,2.07,1.85,3.54,3.09,2.37,1.92,2.01,2.07,1.85,ok,
1613324801,30.08 20:00,Nantes,Auxerre,ok,,24.08 16:23,30.08 20:00,2.25,3.32,3.18,2.64,3.32,2.88,0.0,1.61,2.31,1.88,2.05,2.5,1.98,1.83,2.06,1.85,2.64,3.32,2.88,1.88,2.05,2.06,1.85,ok,
1613331981,30.08 19:30,Parma,Atalanta,ok,,18.08 18:33,30.08 19:29,4.26,3.73,1.78,4.56,3.8,1.83,0.5,2.04,1.78,2.09,1.82,2.5,1.72,2.1,1.79,2.11,4.59,3.75,1.83,2.08,1.83,1.85,2.06,ok,
1613332016,30.08 20:30,Girona,Sevilla,ok,,18.08 18:24,30.08 20:22,2.19,3.31,3.31,2.5,3.2,3.17,-0.25,1.89,1.93,2.13,1.82,2.25,1.89,1.91,1.96,1.95,2.5,3.2,3.17,2.13,1.82,1.96,1.94,ok,
1613332049,30.08 22:05,Toulouse,Paris Saint-Germain,ok,,24.08 16:23,30.08 22:04,8.33,5.36,1.31,8.6,5.61,1.35,1.5,1.89,1.93,1.94,1.98,3.0,1.95,1.85,1.87,2.04,8.32,5.53,1.36,1.92,2.01,1.88,2.03,ok,
1613338716,30.08 21:45,Napoli,Cagliari,ok,,18.08 18:33,30.08 21:49,1.29,5.25,9.52,1.41,4.59,9.43,-1.25,1.68,2.17,2.04,1.88,2.25,1.57,2.36,2.0,1.91,1.41,4.59,9.43,2.04,1.88,2.0,1.91,ok,
1613338717,30.08 21:45,Pisa,Roma,ok,,18.08 18:33,30.08 21:42,4.92,3.93,1.64,5.62,3.53,1.75,0.75,1.98,1.84,1.93,1.99,2.25,1.65,2.22,1.93,1.98,5.62,3.53,1.75,1.93,1.99,1.93,1.98,ok,
1613338741,30.08 22:30,Real Madrid,Mallorca,ok,,18.08 18:24,30.08 22:30,1.29,5.35,9.3,1.18,7.76,16.17,-2.0,2.65,1.48,1.9,2.0,3.25,2.48,1.53,2.02,1.88,1.18,7.76,16.17,1.9,2.0,2.02,1.88,ok,
1613437625,31.08 16:00,Angers,Rennes,ok,,24.08 16:23,31.08 15:57,3.88,3.46,1.93,4.58,3.78,1.83,0.75,1.65,2.24,1.85,2.09,2.5,1.99,1.83,1.98,1.93,4.58,3.78,1.83,1.85,2.09,1.98,1.93,ok,
1613437631,31.08 16:30,Wolfsburg,Mainz 05,ok,,18.08 18:38,31.08 16:30,2.28,3.52,2.96,2.18,3.59,3.43,-0.25,1.99,1.83,1.89,2.03,2.75,1.95,1.85,2.0,1.9,2.18,3.59,3.43,1.89,2.03,2.0,1.9,ok,
1613440535,31.08 18:00,Celta Vigo,Villarreal,ok,,18.08 18:25,31.08 17:57,2.49,3.48,2.7,3.24,3.55,2.28,0.25,1.6,2.35,1.94,1.98,2.5,1.79,2.02,1.89,2.01,3.21,3.54,2.3,1.93,2.0,1.9,2.01,ok,
1613440539,31.08 18:15,Monaco,Strasbourg,ok,,24.08 16:25,31.08 18:15,1.56,4.12,5.45,1.47,5.1,6.42,-1.25,2.28,1.63,1.97,1.95,3.25,2.58,1.49,2.01,1.9,1.47,5.1,6.42,1.97,1.95,2.01,1.9,ok,
1613440576,31.08 19:30,Genoa,Juventus,ok,,18.08 18:33,31.08 19:29,4.12,3.39,1.9,5.41,3.27,1.85,0.5,1.91,1.91,2.07,1.86,2.0,1.6,2.31,2.05,1.86,5.41,3.27,1.85,2.07,1.86,2.05,1.86,ok,
1613440577,31.08 19:30,Torino,Fiorentina,ok,,18.08 18:33,31.08 19:29,3.1,3.12,2.4,3.41,3.04,2.47,0.25,1.79,2.05,1.82,2.09,2.25,1.95,1.85,2.0,1.91,3.41,3.04,2.47,1.85,2.09,2.0,1.91,ok,
1613440600,31.08 20:30,FC Koln,Freiburg,ok,,18.08 18:38,31.08 20:29,2.6,3.3,2.69,2.68,3.39,2.79,0.0,1.88,1.94,1.93,2.0,2.5,1.95,1.85,1.95,1.95,2.69,3.35,2.8,1.93,2.0,1.98,1.93,ok,
1613440612,31.08 21:45,Internazionale,Udinese,ok,,18.08 18:33,31.08 21:44,1.3,5.42,8.71,1.28,5.85,11.33,-1.75,2.16,1.7,2.05,1.86,3.0,2.0,1.81,1.91,1.98,1.28,5.85,11.33,2.05,1.86,1.91,1.98,ok,
1613441841,31.08 18:15,Le Havre,Nice,ok,,24.08 16:25,31.08 18:15,3.87,3.72,1.86,3.19,3.53,2.32,0.25,2.28,1.63,1.92,2.01,2.5,1.71,2.11,1.89,2.02,3.19,3.53,2.32,1.92,2.01,1.89,2.02,ok,
1613441842,31.08 18:15,Paris FC,Metz,ok,,24.08 16:25,31.08 18:09,1.93,3.41,3.99,1.76,3.92,4.79,-0.75,2.24,1.65,1.99,1.93,2.5,2.08,1.74,1.89,2.02,1.76,3.92,4.79,1.99,1.93,1.89,2.02,ok,
1613441852,31.08 18:30,Borussia Dortmund,Union Berlin,ok,,18.08 18:38,31.08 18:29,1.33,5.39,7.46,1.45,4.9,7.16,-1.25,1.71,2.13,1.97,1.95,3.0,1.71,2.12,1.99,1.92,1.45,4.9,7.16,1.97,1.95,1.99,1.92,ok,
1613441881,31.08 20:00,Real Betis,Athletic Bilbao,ok,,18.08 18:25,31.08 20:00,2.37,3.12,3.15,3.3,3.26,2.36,0.25,1.47,2.68,1.89,2.03,2.25,1.96,1.85,1.9,2.01,3.3,3.26,2.36,1.89,2.03,1.9,2.01,ok,
1613441886,31.08 20:30,Espanyol,Osasuna,ok,,18.08 18:26,31.08 20:29,2.37,3.15,3.13,2.57,3.08,3.19,-0.25,2.02,1.81,2.18,1.79,2.0,1.64,2.24,1.89,2.02,2.57,3.08,3.19,2.18,1.79,1.89,2.02,ok,
1613441894,31.08 21:45,Lyon,Marseille,ok,,24.08 16:25,31.08 21:44,2.75,3.54,2.41,2.98,3.48,2.44,0.25,1.74,2.1,1.82,2.12,2.75,1.76,2.05,1.97,1.93,2.98,3.48,2.44,1.82,2.12,1.97,1.93,ok,
1613441913,31.08 22:30,Rayo Vallecano,Barcelona,ok,,18.08 18:26,31.08 22:29,5.89,4.98,1.43,6.36,5.17,1.45,1.25,1.91,1.91,1.94,1.98,3.25,1.79,2.0,1.98,1.93,6.36,5.17,1.45,1.94,1.98,1.98,1.93,ok,
1613446259,31.08 21:45,Lazio,Hellas Verona,ok,,18.08 18:36,31.08 21:43,1.43,4.53,6.77,1.6,3.84,6.84,-1.0,1.71,2.13,2.07,1.86,2.25,1.53,2.47,1.93,1.98,1.6,3.84,6.84,2.07,1.86,1.93,1.98,ok,
1614003832,14.09 21:45,AC Milan,Bologna,ok,,24.08 16:58,14.09 21:44,1.81,3.62,4.22,1.81,3.53,5.2,-0.75,2.06,1.76,2.07,1.86,2.25,1.59,2.33,1.92,1.99,1.81,3.5,5.2,2.09,1.85,1.96,1.94,ok,
1614003833,15.09 21:45,Como,Genoa,ok,,24.08 16:59,15.09 21:43,1.69,3.53,5.25,1.72,3.63,5.61,-0.75,1.9,1.92,1.96,1.96,2.25,1.76,2.03,1.96,1.94,1.72,3.63,5.61,1.96,1.96,1.96,1.94,ok,
1614003834,14.09 18:15,Metz,Angers,ok,,31.08 22:45,14.09 18:14,1.74,3.73,4.54,2.35,3.29,3.35,-0.25,1.52,2.53,2.01,1.91,2.25,1.66,2.2,1.85,2.06,2.35,3.29,3.35,2.01,1.91,1.85,2.06,ok,
1614003835,13.09 22:05,Auxerre,Monaco,ok,,31.08 22:45,13.09 22:01,4.69,4.21,1.63,5.25,4.65,1.59,1.0,1.82,2.11,1.97,1.95,3.25,2.17,1.76,1.92,1.99,5.25,4.65,1.59,1.97,1.95,1.92,1.99,ok,
1614003836,14.09 16:00,Lille,Toulouse,ok,,31.08 22:45,14.09 16:00,1.61,4.04,5.03,1.88,3.63,4.53,-0.5,1.61,2.32,1.88,2.04,2.5,1.73,2.09,2.01,1.89,1.88,3.63,4.53,1.88,2.04,2.01,1.89,ok,
1614003837,12.09 21:45,Marseille,Lorient,ok,,31.08 22:45,12.09 21:44,1.37,5.14,6.89,1.36,5.5,8.75,-1.5,2.11,1.72,2.07,1.87,2.75,1.67,2.19,1.88,2.03,1.36,5.45,8.8,2.07,1.87,1.88,2.03,ok,
1614003839,12.09 22:00,Sevilla,Elche,ok,,25.08 08:16,12.09 22:00,1.82,3.64,4.17,1.93,3.37,4.61,-0.5,1.83,2.0,1.94,1.98,2.25,1.78,2.03,2.05,1.86,1.93,3.37,4.61,1.94,1.98,2.05,1.86,ok,
1614003840,14.09 19:30,Osasuna,Rayo Vallecano,ok,,25.08 08:16,14.09 19:29,2.01,3.56,3.54,2.88,2.96,2.92,0.0,1.48,2.64,1.95,1.97,2.0,1.5,2.56,2.08,1.84,2.93,2.96,2.88,1.98,1.94,2.08,1.84,ok,
1614003841,13.09 19:30,Bayern Munich,Hamburger SV,ok,,25.08 08:22,13.09 19:28,1.09,10.63,18.36,1.07,18.5,26.0,-3.0,2.61,1.47,1.85,2.01,4.5,3.02,1.35,1.92,1.92,1.07,18.5,26.0,1.85,2.01,1.92,1.92,ok,
1614003842,13.09 16:30,Union Berlin,Hoffenheim,ok,,25.08 08:20,13.09 16:30,2.34,3.4,2.95,2.95,3.42,2.53,0.0,1.7,2.15,2.13,1.82,2.5,1.88,1.92,1.88,2.03,2.95,3.42,2.53,2.13,1.82,1.88,2.03,ok,
1614003843,14.09 16:30,St. Pauli,Augsburg,ok,,25.08 08:22,14.09 16:30,2.22,3.28,3.28,2.14,3.4,3.74,-0.25,1.93,1.89,1.85,2.09,2.5,2.04,1.77,1.96,1.94,2.14,3.4,3.74,1.85,2.09,1.96,1.94,ok,
1614031941,15.09 19:30,Hellas Verona,Cremonese,ok,,24.08 16:58,15.09 19:49,1.94,3.45,3.88,2.7,3.04,3.05,0.0,1.42,2.86,1.85,2.09,2.25,1.75,2.06,2.12,1.81,2.7,3.04,3.05,1.85,2.09,2.12,1.81,ok,
1614031942,14.09 19:00,Sassuolo,Lazio,ok,,24.08 16:58,14.09 18:59,3.36,3.61,2.05,4.42,3.45,1.95,0.5,1.77,2.05,1.96,1.96,2.5,1.77,2.04,2.02,1.89,4.37,3.4,1.97,1.93,1.98,2.02,1.88,ok,
1614031943,14.09 16:00,Pisa,Udinese,ok,,24.08 16:58,14.09 16:00,2.84,3.2,2.54,3.02,3.0,2.76,0.0,2.03,1.81,2.06,1.88,2.0,1.6,2.32,1.85,2.07,3.02,3.0,2.76,2.06,1.88,1.85,2.07,ok,
1614031945,14.09 21:45,Rennes,Lyon,ok,,31.08 22:45,14.09 21:44,3.25,3.65,2.08,2.6,3.35,2.91,0.0,2.44,1.56,1.85,2.08,2.5,1.6,2.3,1.93,1.97,2.6,3.35,2.91,1.85,2.08,1.93,1.97,ok,
1614031946,13.09 18:00,Nice,Nantes,ok,,31.08 22:45,13.09 17:59,1.51,4.26,5.86,1.53,4.33,6.61,-1.0,1.87,1.94,1.88,2.04,2.75,2.0,1.81,2.01,1.9,1.54,4.31,6.52,1.9,2.02,2.01,1.9,ok,
1614031947,14.09 15:00,Celta Vigo,Girona,ok,,25.08 08:16,14.09 14:59,1.72,4.11,4.16,1.74,3.92,4.94,-0.75,1.93,1.88,1.96,1.96,2.5,1.59,2.33,1.85,2.06,1.74,3.92,4.94,1.96,1.96,1.85,2.06,ok,
1614031948,13.09 17:15,Real Sociedad,Real Madrid,ok,,25.08 08:17,13.09 17:15,5.42,4.16,1.56,5.7,4.24,1.61,1.0,1.86,1.96,1.9,2.02,2.75,1.93,1.88,1.86,2.05,5.7,4.24,1.61,1.9,2.02,1.86,2.05,ok,
1614031949,14.09 17:15,Levante,Real Betis,ok,,25.08 08:19,14.09 17:15,3.34,3.36,2.15,3.72,3.62,2.07,0.5,1.7,2.15,1.86,2.08,2.75,2.13,1.7,1.96,1.94,3.72,3.62,2.07,1.86,2.08,1.96,1.94,ok,
1614031950,15.09 22:00,Espanyol,Mallorca,ok,,25.08 08:19,15.09 22:02,2.23,3.27,3.27,2.24,3.19,3.67,-0.25,1.92,1.9,1.91,2.02,2.0,1.56,2.41,1.91,2.0,2.24,3.24,3.67,1.91,2.02,1.91,2.0,ok,
1614031951,14.09 22:00,Barcelona,Valencia,ok,,25.08 08:18,14.09 21:58,1.24,6.2,9.42,1.35,5.7,8.75,-1.5,1.7,2.13,2.05,1.88,3.25,1.89,1.89,2.01,1.89,1.35,5.7,8.7,2.06,1.88,2.01,1.89,ok,
1614031952,12.09 21:30,Bayer Leverkusen,Eintracht Frankfurt,ok,,25.08 08:20,12.09 21:36,1.89,3.87,3.61,2.19,3.7,3.34,-0.25,1.67,2.21,1.91,2.02,3.0,1.85,1.96,1.9,1.99,2.19,3.68,3.34,1.91,2.02,1.92,1.99,ok,
1614031953,13.09 16:30,Heidenheim,Borussia Dortmund,ok,,25.08 08:21,13.09 16:30,4.23,4.08,1.71,5.3,4.51,1.6,1.0,1.66,2.23,1.93,1.98,3.25,2.07,1.75,2.0,1.91,5.3,4.51,1.6,1.93,1.98,2.0,1.91,ok,
1614031954,13.09 16:30,Freiburg,Stuttgart,ok,,25.08 08:21,13.09 16:30,2.61,3.41,2.61,2.66,3.5,2.73,0.0,1.91,1.91,1.93,1.99,2.75,1.87,1.93,1.91,2.0,2.66,3.5,2.73,1.93,1.99,1.91,2.0,ok,
1614031955,13.09 16:30,Mainz 05,RB Leipzig,ok,,25.08 08:21,13.09 16:30,2.43,3.43,2.79,2.41,3.77,2.87,-0.25,2.11,1.73,2.11,1.83,3.0,2.16,1.68,1.89,2.02,2.41,3.77,2.87,2.11,1.83,1.89,2.02,ok,
1614037142,14.09 13:30,Roma,Torino,ok,,24.08 16:58,14.09 13:30,1.49,4.15,6.4,1.54,4.05,7.5,-1.0,1.85,1.97,1.94,1.98,2.25,1.71,2.12,1.84,2.08,1.54,4.05,7.5,1.94,1.98,1.84,2.08,ok,
1614037143,13.09 21:45,Fiorentina,Napoli,ok,,24.08 16:58,13.09 21:46,3.38,3.32,2.15,4.32,3.31,2.02,0.5,1.7,2.15,1.9,2.03,2.25,1.76,2.05,1.98,1.93,4.32,3.31,2.02,1.9,2.03,1.98,1.93,ok,
1614037144,14.09 16:00,Atalanta,Lecce,ok,,24.08 16:58,14.09 16:00,1.42,4.69,6.48,1.4,4.73,8.94,-1.25,1.95,1.87,1.91,2.02,2.5,1.61,2.29,1.85,2.07,1.4,4.73,8.94,1.91,2.02,1.85,2.07,ok,
1614037145,13.09 16:00,Cagliari,Parma,ok,,24.08 16:56,13.09 16:10,2.26,3.16,3.32,2.44,3.08,3.41,-0.25,1.93,1.88,2.06,1.87,2.25,1.95,1.85,1.89,2.01,2.44,3.08,3.41,2.06,1.87,1.89,2.01,ok,
1614037146,13.09 19:00,Juventus,Internazionale,ok,,24.08 16:56,13.09 18:59,2.51,3.17,2.89,2.87,2.99,2.91,0.0,1.78,2.06,1.94,1.98,2.25,1.83,1.98,2.06,1.85,2.87,2.99,2.91,1.94,1.98,2.06,1.85,ok,
1614037147,14.09 18:15,Brest,Paris FC,ok,,31.08 22:45,14.09 18:14,2.04,3.69,3.75,2.74,3.43,2.69,0.0,1.5,2.77,1.98,1.94,2.75,2.07,1.83,2.04,1.88,2.74,3.43,2.69,1.98,1.94,2.04,1.88,ok,
1614037148,14.09 18:15,Paris Saint-Germain,Lens,ok,,31.08 22:45,14.09 18:15,1.39,5.69,7.24,1.37,5.68,7.68,-1.5,2.03,1.9,2.02,1.91,3.5,2.03,1.88,2.01,1.9,1.37,5.68,7.68,2.02,1.91,2.01,1.9,ok,
1614037149,14.09 18:15,Strasbourg,Le Havre,ok,,31.08 22:46,14.09 18:09,1.45,4.58,6.26,1.85,3.7,4.47,-0.5,1.44,2.75,1.87,2.06,2.5,1.64,2.25,2.02,1.89,1.85,3.7,4.47,1.87,2.06,2.02,1.89,ok,
1614037150,13.09 15:00,Getafe,Real Oviedo,ok,,25.08 08:18,13.09 15:07,1.82,3.44,4.47,2.03,2.96,5.07,-0.5,1.83,2.0,2.04,1.89,1.75,1.47,2.63,2.01,1.89,2.03,2.96,5.07,2.04,1.89,2.01,1.89,ok,
1614037151,13.09 19:30,Athletic Bilbao,Alaves,ok,,25.08 08:17,13.09 19:29,1.54,3.97,5.98,1.62,3.73,6.6,-0.75,1.68,2.16,1.83,2.11,2.0,1.5,2.54,1.83,2.1,1.63,3.73,6.6,1.83,2.11,1.83,2.09,ok,
1614037152,13.09 22:00,Atletico Madrid,Villarreal,ok,,25.08 08:17,13.09 22:00,1.66,4.15,4.5,1.83,3.65,4.74,-0.75,1.85,1.97,2.09,1.85,2.5,1.59,2.32,1.91,2.0,1.83,3.65,4.74,2.09,1.85,1.91,2.0,ok,
1614037154,14.09 18:30,Borussia Monchengladbach,Werder Bremen,ok,,25.08 08:23,14.09 18:30,1.88,3.82,3.73,2.13,3.98,3.24,-0.25,1.65,2.25,1.88,2.04,3.25,2.13,1.7,1.88,2.03,2.13,3.98,3.24,1.88,2.04,1.88,2.03,ok,
1614037155,13.09 16:30,Wolfsburg,FC Koln,ok,,25.08 08:21,13.09 16:30,1.82,3.65,4.15,1.98,3.68,3.96,-0.5,1.83,2.0,1.99,1.93,2.75,2.07,1.74,1.96,1.94,1.98,3.68,3.96,1.99,1.93,1.96,1.94,ok,
1614588921,21.09 16:00,Cremonese,Parma,ok,,06.09 09:14,21.09 16:01,2.66,3.04,2.81,3.21,3.17,2.5,0.25,1.58,2.39,1.82,2.13,2.5,2.3,1.61,2.09,1.83,3.21,3.17,2.5,1.82,2.13,2.09,1.83,ok,
1614588922,20.09 19:00,Hellas Verona,Juventus,ok,,06.09 09:10,20.09 18:59,6.25,3.99,1.52,7.13,3.94,1.56,1.0,1.88,1.94,1.93,1.99,2.5,2.12,1.71,2.05,1.86,7.11,3.93,1.56,1.93,1.99,2.05,1.87,ok,
1614588923,22.09 21:45,Napoli,Pisa,ok,,06.09 09:15,22.09 21:44,1.2,6.37,12.47,1.32,5.22,12.04,-1.5,1.65,2.23,2.1,1.84,2.5,1.67,2.17,2.04,1.88,1.32,5.22,12.04,2.1,1.84,2.04,1.88,ok,
1614588924,21.09 16:00,Torino,Atalanta,ok,,06.09 09:14,21.09 16:01,3.51,3.31,2.11,4.19,3.29,2.06,0.5,1.73,2.11,1.87,2.07,2.5,2.25,1.64,2.09,1.83,4.19,3.29,2.06,1.87,2.07,2.09,1.83,ok,
1614588925,21.09 13:30,Lazio,Roma,ok,,06.09 09:14,21.09 13:29,2.8,3.09,2.63,2.79,3.0,2.98,0.0,1.94,1.88,1.89,2.04,2.25,1.94,1.86,2.07,1.85,2.79,3.0,2.98,1.89,2.04,2.07,1.85,ok,
1614588926,20.09 19:30,RB Leipzig,FC Koln,ok,,06.09 09:19,20.09 19:30,1.56,4.3,5.16,1.92,3.97,3.92,-0.5,1.56,2.43,1.93,2.0,3.5,2.64,1.46,2.02,1.88,1.92,3.97,3.92,1.93,2.0,2.02,1.88,ok,
1614588927,20.09 16:30,Hamburger SV,Heidenheim,ok,,06.09 09:19,20.09 16:37,1.91,3.64,3.76,1.79,3.98,4.56,-0.75,2.2,1.68,2.02,1.91,2.75,1.96,1.85,1.84,2.08,1.79,3.98,4.56,2.02,1.91,1.84,2.08,ok,
1614588928,21.09 18:30,Bayer Leverkusen,Borussia Monchengladbach,ok,,06.09 09:19,21.09 18:27,1.62,4.31,4.57,1.53,4.54,6.12,-1.0,2.04,1.78,1.88,2.05,3.0,1.74,2.06,1.99,1.92,1.53,4.54,6.12,1.88,2.05,1.99,1.92,ok,
1614588929,21.09 18:15,Auxerre,Toulouse,ok,,12.09 22:13,21.09 18:11,2.65,3.28,2.65,3.54,3.3,2.26,0.25,1.68,2.34,1.99,1.93,2.25,1.67,2.33,1.83,2.09,3.54,3.31,2.26,1.99,1.93,1.83,2.09,ok,
1614588930,21.09 18:15,Le Havre,Lorient,ok,,12.09 22:13,21.09 18:11,2.54,3.38,2.7,2.13,3.33,3.87,-0.25,2.19,1.68,1.83,2.12,2.25,1.61,2.29,1.99,1.92,2.13,3.33,3.87,1.83,2.12,1.99,1.92,ok,
1614588931,21.09 18:15,Monaco,Metz,ok,,12.09 22:13,21.09 18:15,1.23,6.43,9.57,1.32,6.1,9.3,-1.5,1.67,2.19,1.89,2.04,3.25,1.81,1.99,1.92,1.99,1.32,6.1,9.3,1.89,2.04,1.92,1.99,ok,
1614588932,20.09 22:00,Valencia,Athletic Bilbao,ok,,06.09 09:04,20.09 21:58,3.06,3.08,2.45,3.61,3.17,2.3,0.25,1.76,2.09,1.97,1.95,2.25,2.0,1.81,2.1,1.81,3.61,3.17,2.3,1.97,1.95,2.12,1.81,ok,
1614588933,21.09 22:00,Barcelona,Getafe,ok,,06.09 09:09,21.09 21:58,1.16,7.4,14.19,1.24,6.58,11.9,-1.75,1.67,2.18,1.94,1.96,3.25,2.13,1.69,1.97,1.92,1.25,6.58,11.9,1.94,1.96,1.97,1.92,ok,
1614588934,19.09 22:00,Real Betis,Real Sociedad,ok,,06.09 08:59,19.09 21:58,2.15,3.21,3.52,1.98,3.69,3.96,-0.5,2.15,1.7,1.99,1.93,2.75,2.59,1.49,1.96,1.94,1.98,3.7,3.96,1.99,1.93,1.95,1.95,ok,
1614588935,21.09 17:15,Mallorca,Atletico Madrid,ok,,06.09 09:05,21.09 17:15,4.89,3.59,1.71,4.9,3.6,1.81,0.75,1.86,1.96,1.85,2.09,2.25,1.93,1.88,1.93,1.98,4.9,3.6,1.81,1.85,2.09,1.93,1.98,ok,
1614588936,20.09 17:15,Real Madrid,Espanyol,ok,,06.09 09:04,20.09 17:15,1.18,7.26,11.51,1.21,7.25,15.0,-2.0,1.91,1.89,2.08,1.84,3.25,1.78,2.0,1.78,2.05,1.21,7.25,15.0,2.08,1.84,1.85,2.05,ok,
1614589041,20.09 16:00,Bologna,Genoa,ok,,06.09 09:10,20.09 15:59,1.74,3.48,4.95,2.17,2.88,4.53,-0.25,1.5,2.57,1.81,2.13,2.0,1.68,2.16,2.09,1.83,2.18,2.87,4.53,1.81,2.13,2.09,1.83,ok,
1614589042,21.09 19:00,Fiorentina,Como,ok,,06.09 09:14,21.09 19:04,2.68,3.1,2.75,2.76,3.29,2.77,0.0,1.85,1.96,1.96,1.96,2.5,2.22,1.65,2.02,1.89,2.76,3.29,2.77,1.96,1.96,2.02,1.89,ok,
1614589043,19.09 21:30,Stuttgart,St. Pauli,ok,,06.09 09:19,19.09 21:30,1.53,4.25,5.51,1.85,3.93,4.23,-0.5,1.53,2.49,1.86,2.07,3.0,2.18,1.67,2.08,1.84,1.85,3.93,4.23,1.86,2.07,2.08,1.84,ok,
1614589044,20.09 16:30,Augsburg,Mainz 05,ok,,06.09 09:19,20.09 16:37,2.57,3.39,2.66,2.7,3.59,2.65,0.0,1.88,1.94,1.98,1.94,2.75,2.1,1.72,1.93,1.98,2.7,3.59,2.65,1.98,1.94,1.93,1.98,ok,
1614589045,21.09 20:30,Borussia Dortmund,Wolfsburg,ok,,06.09 09:19,21.09 20:31,1.36,5.37,6.72,1.56,4.76,5.53,-1.0,1.54,2.46,1.89,2.03,3.25,1.97,1.84,1.93,1.97,1.56,4.76,5.53,1.89,2.03,1.93,1.97,ok,
1614589047,20.09 16:30,Werder Bremen,Freiburg,ok,,06.09 09:19,20.09 16:37,2.33,3.63,2.8,2.47,3.55,2.94,-0.25,2.05,1.79,2.14,1.81,2.75,1.76,2.05,1.93,1.98,2.47,3.55,2.94,2.14,1.81,1.93,1.98,ok,
1614589048,21.09 21:45,Marseille,Paris Saint-Germain,ok,,12.09 22:13,21.09 16:08,2.7,3.73,2.37,4.0,4.0,1.89,0.5,1.58,2.37,2.03,1.9,3.0,1.67,2.19,1.96,1.94,4.0,4.0,1.89,2.03,1.9,1.96,1.94,ok,
1614589049,20.09 22:05,Lens,Lille,ok,,12.09 22:11,20.09 22:05,2.59,3.4,2.63,2.29,3.52,3.26,-0.25,2.24,1.65,1.98,1.94,2.75,1.96,1.84,2.05,1.87,2.29,3.52,3.26,1.98,1.94,2.05,1.86,ok,
1614589050,20.09 18:00,Nantes,Rennes,ok,,12.09 22:11,20.09 17:56,3.22,3.32,2.23,4.22,3.56,1.95,0.5,1.66,2.23,1.96,1.96,2.5,2.04,1.76,2.0,1.83,4.16,3.56,1.97,1.94,1.98,2.0,1.83,ok,
1614589051,19.09 21:45,Lyon,Angers,ok,,12.09 22:09,19.09 21:43,1.23,5.97,10.67,1.5,4.53,6.88,-1.0,1.33,3.2,1.83,2.11,2.5,1.65,2.21,1.85,2.06,1.5,4.53,6.88,1.83,2.11,1.85,2.06,ok,
1614589054,21.09 19:30,Elche,Real Oviedo,ok,,06.09 09:05,21.09 19:30,2.25,3.02,3.52,2.05,3.22,4.34,-0.5,2.25,1.65,2.06,1.87,2.25,2.23,1.65,2.02,1.89,2.05,3.22,4.34,2.06,1.87,2.02,1.89,ok,
1614589055,20.09 15:00,Girona,Levante,ok,,06.09 09:04,20.09 15:00,2.06,3.38,3.57,1.88,3.78,4.25,-0.5,2.06,1.76,1.89,2.03,2.75,2.28,1.62,1.92,1.99,1.88,3.78,4.25,1.89,2.03,1.92,1.99,ok,
1614589056,21.09 15:00,Rayo Vallecano,Celta Vigo,ok,,06.09 09:05,21.09 15:08,2.58,3.16,2.81,2.03,3.53,3.96,-0.5,2.57,1.5,2.04,1.89,2.5,2.06,1.75,2.02,1.88,2.03,3.53,3.96,2.04,1.89,2.02,1.88,ok,
1614593729,21.09 21:45,Internazionale,Sassuolo,ok,,06.09 09:15,21.09 21:44,1.23,6.07,10.25,1.32,5.64,9.96,-1.5,1.72,2.11,1.94,1.98,3.0,1.88,1.9,1.87,2.04,1.32,5.67,9.96,1.94,1.98,1.87,2.04,ok,
1614593730,19.09 21:45,Lecce,Cagliari,ok,,06.09 09:10,19.09 21:42,2.78,2.97,2.76,2.98,2.9,2.88,0.0,1.88,1.94,2.0,1.93,2.0,1.82,1.99,2.03,1.9,2.98,2.9,2.88,2.0,1.93,2.03,1.88,ok,
1614593731,20.09 21:45,Udinese,AC Milan,ok,,06.09 09:11,20.09 21:45,3.98,3.5,1.9,5.5,4.06,1.65,0.75,1.68,2.19,2.09,1.85,2.75,2.24,1.64,1.99,1.92,5.5,4.06,1.65,2.09,1.85,1.99,1.92,ok,
1614593732,20.09 16:30,Hoffenheim,Bayern Munich,ok,,06.09 09:19,20.09 16:37,7.43,5.63,1.32,7.81,5.49,1.39,1.5,1.94,1.88,1.93,2.0,3.5,1.97,1.83,1.93,1.98,7.81,5.49,1.38,1.93,2.0,1.93,1.98,ok,
1614593733,21.09 16:30,Eintracht Frankfurt,Union Berlin,ok,,06.09 09:19,21.09 16:30,1.52,4.38,5.44,1.65,4.24,5.2,-1.0,1.88,1.94,2.11,1.83,3.0,1.93,1.87,2.07,1.85,1.65,4.24,5.2,2.11,1.83,2.07,1.85,ok,
1614593734,20.09 20:00,Brest,Nice,ok,,12.09 22:11,20.09 19:59,2.82,3.39,2.44,3.04,3.66,2.35,0.25,1.73,2.11,1.88,2.05,2.75,1.96,1.85,1.85,2.06,3.04,3.66,2.35,1.88,2.05,1.85,2.06,ok,
1614593735,21.09 16:00,Paris FC,Strasbourg,ok,,12.09 22:13,21.09 15:51,2.49,3.47,2.7,2.41,3.5,3.06,-0.25,2.16,1.69,2.09,1.85,2.75,1.93,1.87,2.04,1.87,2.41,3.5,3.06,2.09,1.85,2.04,1.87,ok,
1614593736,20.09 19:30,Alaves,Sevilla,ok,,06.09 09:04,20.09 19:30,2.66,3.16,2.72,2.47,2.97,3.51,-0.25,2.27,1.63,2.07,1.86,2.0,1.71,2.12,1.99,1.91,2.46,2.97,3.51,2.07,1.86,1.99,1.91,ok,
1614593737,20.09 19:30,Villarreal,Osasuna,ok,,06.09 09:04,20.09 19:30,1.52,4.35,5.54,1.74,3.74,5.29,-0.75,1.65,2.17,1.96,1.96,2.5,1.68,2.17,2.07,1.81,1.74,3.74,5.29,1.96,1.96,2.07,1.81,ok,
1614889372,23.09 20:00,Espanyol,Valencia,ok,,14.09 22:41,23.09 19:57,2.4,3.09,3.13,2.41,3.21,3.32,-0.25,2.05,1.79,2.06,1.88,2.25,2.0,1.81,2.05,1.86,2.41,3.21,3.32,2.06,1.88,2.05,1.86,ok,
1614889373,23.09 20:00,Athletic Bilbao,Girona,ok,,14.09 22:41,23.09 19:56,1.47,4.47,6.04,1.51,4.3,7.4,-1.0,1.79,2.04,1.89,2.03,2.5,1.72,2.11,1.89,2.01,1.51,4.3,7.4,1.89,2.03,1.89,2.01,ok,
1614897651,23.09 22:30,Levante,Real Madrid,ok,,14.09 22:41,23.09 22:31,7.14,5.2,1.36,7.59,5.82,1.37,1.5,1.82,2.0,1.87,2.06,3.25,2.01,1.8,1.9,2.0,7.59,5.82,1.37,1.87,2.06,1.9,2.0,ok,
1614899902,23.09 22:30,Sevilla,Villarreal,ok,,14.09 22:41,23.09 22:29,3.2,3.51,2.15,3.53,3.38,2.23,0.25,1.94,1.88,2.01,1.92,2.5,1.78,2.14,2.04,1.87,3.53,3.38,2.23,2.01,1.92,2.04,1.87,ok,
1614938989,24.09 20:00,Getafe,Alaves,ok,,14.09 22:42,24.09 20:00,2.41,2.94,3.66,2.12,2.89,4.76,-0.5,2.41,1.64,2.13,1.82,1.5,1.65,2.37,1.88,2.02,2.12,2.89,4.76,2.13,1.82,1.88,2.02,ok,
1614954167,24.09 22:30,Real Sociedad,Mallorca,ok,,14.09 22:42,24.09 22:32,1.74,3.54,4.84,1.77,3.6,5.24,-0.75,1.98,1.84,2.02,1.9,2.25,2.0,1.76,1.89,2.02,1.77,3.6,5.24,2.02,1.9,1.89,2.02,ok,
1614954168,24.09 22:30,Atletico Madrid,Rayo Vallecano,ok,,14.09 22:42,24.09 22:32,1.47,4.36,6.27,1.45,4.55,7.79,-1.25,2.08,1.75,2.09,1.85,2.5,1.77,2.04,2.03,1.88,1.45,4.55,7.79,2.09,1.85,2.03,1.88,ok,
1615009245,25.09 20:30,Osasuna,Elche,ok,,14.09 22:45,25.09 20:29,1.93,3.39,4.02,1.89,3.36,4.92,-0.5,1.93,1.88,1.9,2.03,2.25,1.89,1.91,2.08,1.83,1.9,3.33,4.93,1.91,2.02,2.11,1.78,ok,
1615009268,25.09 22:30,Real Oviedo,Barcelona,ok,,14.09 22:45,25.09 22:37,7.58,5.79,1.31,12.66,7.11,1.22,1.75,1.81,2.11,2.01,1.9,3.25,1.76,2.16,2.04,1.85,12.66,7.11,1.22,2.01,1.9,2.04,1.85,ok,
1615101367,26.09 21:30,Bayern Munich,Werder Bremen,ok,,14.09 22:47,26.09 21:30,1.09,11.14,16.17,1.1,12.0,26.0,-2.5,1.71,2.12,1.88,2.01,4.0,1.58,2.33,1.83,2.04,1.1,12.0,26.0,1.88,2.01,1.83,2.04,ok,
1615104410,26.09 21:45,Strasbourg,Marseille,ok,,14.09 22:48,26.09 21:45,3.36,3.66,2.04,3.25,3.6,2.26,0.25,2.04,1.78,1.96,1.96,2.75,1.83,1.98,1.99,1.92,3.25,3.6,2.26,1.96,1.96,1.99,1.92,ok,
1615104414,26.09 22:00,Girona,Espanyol,ok,,21.09 23:00,26.09 21:57,2.18,3.63,3.4,2.65,3.2,2.96,0.0,1.6,2.51,1.86,2.07,2.25,1.59,2.48,1.85,2.06,2.65,3.2,2.96,1.86,2.07,1.85,2.06,ok,
1615166868,27.09 16:30,St. Pauli,Bayer Leverkusen,ok,,14.09 22:49,27.09 17:09,3.4,3.73,2.0,3.39,3.64,2.18,0.25,2.08,1.75,2.03,1.9,2.5,1.7,2.14,1.86,2.05,3.39,3.64,2.18,2.03,1.9,1.86,2.05,ok,
1615166869,27.09 16:30,Mainz 05,Borussia Dortmund,ok,,14.09 22:49,27.09 17:09,3.28,3.72,2.05,3.66,3.93,1.99,0.5,1.77,2.05,1.92,2.0,3.0,1.96,1.85,1.95,1.95,3.66,3.93,1.99,1.92,2.0,1.95,1.95,ok,
1615166961,27.09 15:00,Getafe,Levante,ok,,21.09 23:01,27.09 15:07,1.85,3.3,4.49,2.17,3.09,4.1,-0.25,1.6,2.35,1.84,2.1,2.0,1.85,1.95,2.02,1.89,2.17,3.09,4.1,1.84,2.1,2.02,1.89,ok,
1615166995,27.09 16:00,Como,Cremonese,ok,,14.09 22:49,27.09 16:33,1.48,4.34,6.12,1.44,4.62,7.95,-1.25,2.16,1.78,2.01,1.92,2.75,1.96,1.85,2.07,1.85,1.44,4.62,7.95,2.01,1.92,2.07,1.85,ok,
1615167004,27.09 16:30,Heidenheim,Augsburg,ok,,14.09 22:49,27.09 17:09,2.25,3.44,3.07,2.86,3.57,2.51,0.0,1.68,2.32,2.1,1.84,2.75,1.96,1.84,2.04,1.87,2.86,3.57,2.51,2.1,1.84,2.04,1.87,ok,
1615167005,27.09 16:30,Wolfsburg,RB Leipzig,ok,,14.09 22:49,27.09 17:09,2.2,3.74,2.94,2.79,3.76,2.48,0.0,1.66,2.23,2.08,1.85,3.25,2.01,1.81,2.04,1.88,2.79,3.76,2.48,2.08,1.85,2.04,1.88,ok,
1615172582,27.09 18:00,Lorient,Monaco,ok,,14.09 22:49,27.09 18:08,4.36,4.15,1.68,3.83,3.86,1.96,0.5,2.19,1.68,1.95,1.97,2.75,1.62,2.28,1.86,2.05,3.83,3.86,1.96,1.95,1.97,1.86,2.05,ok,
1615172622,27.09 19:30,Mallorca,Alaves,ok,,21.09 23:01,27.09 19:30,2.26,3.08,3.4,2.56,2.91,3.4,-0.25,1.93,1.89,2.15,1.81,1.75,1.65,2.22,1.92,1.99,2.56,2.91,3.4,2.15,1.81,1.92,1.99,ok,
1615174065,27.09 17:15,Atletico Madrid,Real Madrid,ok,,21.09 23:01,27.09 17:13,2.41,3.61,2.71,3.26,3.5,2.3,0.25,1.58,2.37,1.93,1.99,2.5,1.67,2.19,1.85,2.06,3.26,3.5,2.3,1.93,1.99,1.85,2.06,ok,
1615174992,27.09 19:00,Juventus,Atalanta,ok,,14.09 22:49,27.09 19:06,1.95,3.49,3.8,2.02,3.33,4.27,-0.5,1.96,1.86,2.03,1.89,2.5,1.93,1.88,2.08,1.84,2.02,3.33,4.27,2.03,1.89,2.08,1.84,ok,
1615175002,27.09 19:30,Borussia Monchengladbach,Eintracht Frankfurt,ok,,14.09 22:49,27.09 19:29,2.97,3.8,2.16,3.06,3.65,2.34,0.25,1.91,1.91,1.88,2.04,3.0,1.69,2.28,1.96,1.94,3.06,3.65,2.34,1.88,2.04,1.96,1.94,ok,
1615175023,27.09 20:00,Toulouse,Nantes,ok,,14.09 22:49,27.09 20:00,1.74,3.64,4.61,1.72,3.7,5.58,-0.75,1.98,1.84,1.94,1.98,2.25,1.75,2.07,1.83,2.09,1.72,3.7,5.58,1.94,1.98,1.83,2.09,ok,
1615183252,27.09 22:00,Villarreal,Athletic Bilbao,ok,,21.09 23:01,27.09 21:59,1.83,3.67,4.05,2.09,3.3,4.02,-0.5,1.84,1.97,2.1,1.84,2.5,1.81,2.0,2.08,1.84,2.08,3.31,4.02,2.1,1.84,2.07,1.85,ok,
1615193163,27.09 21:45,Cagliari,Internazionale,ok,,14.09 22:49,27.09 21:46,5.25,4.11,1.57,6.86,4.36,1.52,1.0,1.82,2.0,2.05,1.88,2.5,1.77,2.15,1.92,1.99,6.86,4.36,1.52,2.05,1.88,1.92,1.99,ok,
1615193171,27.09 22:05,Paris Saint-Germain,Auxerre,ok,,14.09 22:49,27.09 22:08,1.18,7.52,10.73,1.2,7.56,13.08,-1.75,1.66,2.2,1.88,2.03,3.25,1.61,2.27,2.01,1.88,1.2,7.56,13.08,1.88,2.03,2.01,1.88,ok,
1615277598,28.09 13:30,Sassuolo,Udinese,ok,,14.09 22:49,28.09 13:33,2.18,3.3,3.35,2.43,3.2,3.29,-0.25,1.88,1.94,2.07,1.86,2.25,1.79,2.02,1.93,1.97,2.43,3.2,3.29,2.07,1.86,1.93,1.97,ok,
1615284896,28.09 15:00,Rayo Vallecano,Sevilla,ok,,21.09 23:01,28.09 15:00,2.04,3.3,3.71,2.02,3.43,4.14,-0.5,2.05,1.79,2.03,1.9,2.25,1.87,1.93,1.83,2.09,2.02,3.43,4.14,2.03,1.9,1.83,2.09,ok,
1615290951,28.09 16:00,Roma,Hellas Verona,ok,,14.09 22:49,28.09 16:01,1.37,4.64,8.02,1.43,4.5,8.82,-1.25,1.88,1.93,2.03,1.9,2.5,1.9,1.9,2.03,1.88,1.43,4.5,8.82,2.03,1.9,2.03,1.88,ok,
1615290952,28.09 16:00,Pisa,Fiorentina,ok,,14.09 22:49,28.09 16:01,2.82,3.24,2.52,3.63,3.31,2.22,0.25,1.69,2.16,2.02,1.9,2.25,1.83,1.97,1.88,2.03,3.63,3.31,2.22,2.02,1.9,1.88,2.03,ok,
1615290967,28.09 16:30,Freiburg,Hoffenheim,ok,,14.09 22:49,28.09 16:23,1.99,3.74,3.43,2.37,3.36,3.25,-0.25,1.74,2.09,2.04,1.89,2.5,1.57,2.37,1.88,2.04,2.37,3.36,3.25,2.04,1.89,1.88,2.04,ok,
1615296399,28.09 16:00,Nice,Paris FC,ok,,14.09 22:49,28.09 16:02,1.81,3.8,4.0,2.2,3.64,3.35,-0.25,1.59,2.36,1.92,2.01,2.75,1.9,1.9,1.94,1.96,2.2,3.64,3.35,1.92,2.01,1.94,1.96,ok,
1615300983,28.09 17:15,Elche,Celta Vigo,ok,,21.09 23:01,28.09 17:18,2.75,3.21,2.6,3.04,3.14,2.63,0.0,1.97,1.85,2.12,1.83,2.25,1.71,2.11,1.93,1.97,3.04,3.14,2.63,2.12,1.83,1.93,1.97,ok,
1615301021,28.09 18:15,Angers,Brest,ok,,14.09 22:49,28.09 18:12,3.01,3.31,2.34,3.42,3.15,2.4,0.25,1.81,2.02,1.89,2.04,2.25,1.72,2.23,2.09,1.83,3.42,3.15,2.4,1.89,2.04,2.09,1.83,ok,
1615301022,28.09 18:15,Metz,Le Havre,ok,,14.09 22:49,28.09 18:22,2.09,3.51,3.34,2.58,3.39,2.89,0.0,1.54,2.48,1.85,2.08,2.5,1.83,1.98,1.97,1.93,2.58,3.39,2.89,1.85,2.08,1.97,1.93,ok,
1615303691,28.09 18:15,Lille,Lyon,ok,,14.09 22:49,28.09 18:12,2.04,3.62,3.38,2.32,3.57,3.15,-0.25,1.79,2.05,2.02,1.91,2.75,1.85,1.96,1.93,1.97,2.32,3.57,3.15,2.02,1.91,1.93,1.97,ok,
1615303716,28.09 22:00,Real Betis,Osasuna,ok,,21.09 23:01,28.09 22:20,1.76,3.71,4.37,1.92,3.54,4.46,-0.5,1.76,2.06,1.93,2.0,2.5,1.85,1.95,2.05,1.86,1.92,3.54,4.46,1.93,2.0,2.05,1.86,ok,
1615303823,28.09 18:30,FC Koln,Stuttgart,ok,,14.09 22:49,28.09 18:33,2.82,3.57,2.35,2.62,3.74,2.64,0.0,2.09,1.74,1.95,1.97,3.25,2.12,1.71,2.06,1.85,2.62,3.74,2.64,1.95,1.97,2.06,1.85,ok,
1615303842,28.09 19:00,Lecce,Bologna,ok,,14.09 22:49,28.09 18:59,4.36,3.22,1.91,5.78,3.78,1.68,0.75,1.65,2.23,2.01,1.92,2.25,2.16,1.69,2.04,1.87,5.78,3.78,1.68,2.01,1.92,2.04,1.87,ok,
1615308820,28.09 20:30,Union Berlin,Hamburger SV,ok,,14.09 22:49,28.09 20:28,1.93,3.57,3.77,2.0,3.66,3.89,-0.5,1.94,1.88,2.01,1.91,2.75,2.06,1.75,2.05,1.86,2.0,3.66,3.89,2.01,1.91,2.05,1.86,ok,
1615308847,28.09 21:45,Rennes,Lens,ok,,14.09 22:49,28.09 21:43,2.52,3.41,2.7,2.73,3.54,2.64,0.0,1.84,1.98,2.0,1.93,2.75,1.93,1.88,1.93,1.97,2.72,3.52,2.66,1.98,1.94,1.95,1.95,ok,
1615313017,28.09 21:45,AC Milan,Napoli,ok,,14.09 22:49,28.09 21:44,2.58,3.27,2.74,1.92,3.6,4.36,-0.5,2.57,1.5,1.93,2.0,2.25,1.79,2.03,1.84,2.08,1.91,3.65,4.34,1.92,2.01,1.83,2.09,ok,
1615313028,28.09 19:30,Barcelona,Real Sociedad,ok,,21.09 23:01,28.09 19:30,1.17,7.75,11.42,1.38,5.2,8.56,-1.5,1.55,2.63,2.07,1.87,3.25,1.64,2.38,1.89,2.01,1.38,5.2,8.56,2.07,1.87,1.89,2.01,ok,
1615393539,29.09 19:30,Parma,Torino,ok,,14.09 22:50,29.09 19:29,2.06,3.31,3.63,2.61,2.99,3.24,0.0,1.52,2.72,1.76,2.19,2.0,1.6,2.47,1.86,2.05,2.61,2.99,3.24,1.76,2.19,1.86,2.05,ok,
1615394977,30.09 21:00,Valencia,Real Oviedo,ok,,21.09 23:02,29.09 17:23,1.65,3.81,5.03,1.67,3.71,6.05,-0.75,1.86,1.96,1.88,2.04,2.25,1.8,2.01,2.04,1.87,1.67,3.71,6.05,1.88,2.04,2.04,1.87,ok,
1615396519,29.09 21:45,Genoa,Lazio,ok,,14.09 22:50,29.09 21:58,3.51,3.26,2.13,2.98,3.03,2.76,0.0,2.6,1.56,2.04,1.89,2.0,1.63,2.42,2.02,1.89,2.98,3.03,2.76,2.04,1.89,2.02,1.89,ok,
1615646604,03.10 22:00,Osasuna,Getafe,ok,,25.09 22:55,03.10 21:59,1.99,3.12,4.18,2.23,2.91,4.24,-0.25,1.69,2.17,1.86,2.07,1.75,1.74,2.08,2.09,1.83,2.22,2.92,4.24,1.86,2.07,2.05,1.86,ok,
1615652389,03.10 21:30,Hoffenheim,FC Koln,ok,,21.09 23:04,03.10 21:33,1.99,3.77,3.4,2.01,3.82,3.72,-0.5,2.0,1.83,2.02,1.91,3.0,1.91,1.89,1.99,1.92,2.01,3.82,3.72,2.02,1.91,1.99,1.92,ok,
1615652396,03.10 21:45,Paris FC,Lorient,ok,,21.09 23:05,03.10 21:45,1.78,3.86,4.08,1.81,3.83,4.65,-0.75,2.02,1.81,2.04,1.88,2.75,1.96,1.84,1.94,1.96,1.81,3.83,4.65,2.04,1.88,1.94,1.96,ok,
1615652398,03.10 21:45,Hellas Verona,Sassuolo,ok,,21.09 23:04,03.10 21:45,2.7,3.09,2.73,2.42,3.18,3.35,-0.25,2.3,1.62,2.06,1.88,2.25,1.95,1.85,2.06,1.85,2.42,3.18,3.35,2.06,1.88,2.06,1.85,ok,
1615709365,04.10 15:00,Real Oviedo,Levante,ok,,25.09 22:57,04.10 14:56,2.04,3.33,3.67,2.44,3.26,3.21,-0.25,1.76,2.07,2.09,1.85,2.25,1.83,1.98,1.88,2.03,2.44,3.26,3.21,2.09,1.85,1.88,2.03,ok,
1615709386,04.10 16:00,Lazio,Torino,ok,,21.09 23:05,04.10 15:59,1.47,4.29,6.44,2.17,3.11,4.05,-0.25,1.34,3.52,1.84,2.1,2.25,1.67,2.33,1.93,1.97,2.16,3.13,4.08,1.83,2.11,1.93,1.98,ok,
1615709395,04.10 16:30,Augsburg,Wolfsburg,ok,,21.09 23:05,04.10 16:30,2.5,3.65,2.59,2.56,3.56,2.8,0.0,1.87,1.94,1.88,2.05,2.75,1.87,1.93,1.85,2.07,2.56,3.56,2.8,1.88,2.05,1.85,2.07,ok,
1615713953,04.10 16:00,Parma,Lecce,ok,,21.09 23:05,04.10 15:59,1.95,3.37,3.94,1.91,3.45,4.65,-0.5,1.96,1.86,1.92,2.01,2.25,1.85,1.95,2.03,1.87,1.91,3.45,4.65,1.92,2.01,2.03,1.87,ok,
1615713957,04.10 16:30,Borussia Dortmund,RB Leipzig,ok,,21.09 23:05,04.10 16:30,1.43,5.28,5.54,1.7,4.59,4.36,-0.75,1.52,2.54,1.88,2.05,3.75,2.0,1.8,2.01,1.9,1.7,4.59,4.36,1.88,2.05,2.01,1.9,ok,
1615713983,04.10 17:15,Girona,Valencia,ok,,25.09 22:57,04.10 17:11,2.36,3.3,2.99,2.48,3.24,3.17,-0.25,2.03,1.8,2.12,1.83,2.5,1.93,1.88,2.08,1.84,2.48,3.24,3.17,2.12,1.83,2.08,1.84,ok,
1615716174,04.10 16:30,Bayer Leverkusen,Union Berlin,ok,,21.09 23:05,04.10 16:30,1.32,5.46,7.58,1.71,3.99,5.06,-0.75,1.38,2.98,1.92,2.0,2.5,1.45,2.67,1.85,2.07,1.71,3.99,5.06,1.92,2.0,1.85,2.07,ok,
1615719272,04.10 16:30,Werder Bremen,St. Pauli,ok,,21.09 23:05,04.10 16:30,2.04,3.84,3.21,2.43,3.42,3.09,-0.25,1.8,2.03,2.09,1.85,2.75,1.85,1.96,1.91,2.0,2.43,3.42,3.09,2.09,1.85,1.91,2.0,ok,
1615719314,04.10 18:00,Metz,Marseille,ok,,21.09 23:06,04.10 17:59,5.55,4.41,1.51,5.84,4.22,1.6,1.0,1.97,1.85,1.9,2.03,2.75,1.75,2.07,1.94,1.96,5.88,4.24,1.59,1.91,2.02,1.94,1.96,ok,
1615719354,04.10 19:30,Athletic Bilbao,Mallorca,ok,,25.09 22:57,04.10 19:26,1.49,4.13,6.48,1.65,3.72,6.35,-0.75,1.66,2.36,1.85,2.09,2.25,1.79,1.96,2.02,1.89,1.65,3.72,6.35,1.85,2.09,2.02,1.89,ok,
1615719356,04.10 19:30,Eintracht Frankfurt,Bayern Munich,ok,,21.09 23:05,04.10 19:30,4.08,4.47,1.68,7.64,5.89,1.36,1.5,1.52,2.69,1.98,1.94,4.0,2.3,1.68,1.97,1.93,7.64,5.89,1.36,1.98,1.94,1.97,1.93,ok,
1615722620,04.10 19:00,Internazionale,Cremonese,ok,,21.09 23:05,04.10 18:59,1.24,6.01,10.08,1.17,8.0,20.0,-2.0,2.28,1.62,1.9,2.01,3.0,1.9,1.88,1.96,1.93,1.17,8.0,20.0,1.9,2.01,1.96,1.93,ok,
1615724180,04.10 20:00,Brest,Nantes,ok,,21.09 23:06,04.10 19:48,1.81,3.64,4.21,1.95,3.64,4.15,-0.5,1.82,2.01,1.96,1.96,2.5,1.88,1.93,2.0,1.91,1.95,3.64,4.15,1.96,1.96,2.0,1.91,ok,
1615731096,04.10 21:45,Atalanta,Como,ok,,21.09 23:05,04.10 21:44,1.68,3.96,4.6,2.2,3.43,3.54,-0.25,1.52,2.72,1.9,2.03,2.75,1.88,1.93,2.06,1.86,2.26,3.39,3.45,1.94,1.98,2.06,1.85,ok,
1615731100,04.10 22:05,Auxerre,Lens,ok,,21.09 23:06,04.10 21:59,3.47,3.59,2.01,3.62,3.72,2.07,0.5,1.81,2.02,1.85,2.08,2.75,1.91,1.89,2.04,1.87,3.62,3.72,2.07,1.85,2.08,2.04,1.87,ok,
1615731101,04.10 22:00,Real Madrid,Villarreal,ok,,25.09 22:57,04.10 21:58,1.54,4.54,5.03,1.4,5.35,7.4,-1.25,2.2,1.75,1.88,2.04,3.25,1.89,1.91,1.92,1.99,1.4,5.35,7.4,1.88,2.04,1.92,1.99,ok,
1615836030,05.10 13:30,Udinese,Cagliari,ok,,21.09 23:09,05.10 13:29,2.05,3.3,3.71,2.13,3.19,4.08,-0.25,1.76,2.07,1.8,2.13,2.25,1.88,1.93,1.99,1.92,2.14,3.17,4.05,1.83,2.12,1.99,1.92,ok,
1615839979,05.10 15:00,Alaves,Elche,ok,,25.09 22:58,05.10 14:59,2.05,3.12,3.91,2.27,2.95,4.04,-0.25,1.79,2.14,1.9,2.03,2.0,1.84,1.96,2.1,1.83,2.27,2.95,4.04,1.9,2.03,2.1,1.83,ok,
1615840013,05.10 16:00,Bologna,Pisa,ok,,21.09 23:09,05.10 15:50,1.49,4.14,6.49,1.69,3.75,5.72,-0.75,1.62,2.29,1.92,2.01,2.25,1.83,1.98,1.96,1.94,1.69,3.75,5.72,1.92,2.01,1.96,1.94,ok,
1615845210,05.10 16:00,Fiorentina,Roma,ok,,21.09 23:09,05.10 16:00,2.99,3.21,2.41,3.24,3.18,2.47,0.25,1.77,2.07,1.83,2.11,2.25,1.81,2.01,2.0,1.91,3.24,3.18,2.47,1.83,2.11,2.0,1.91,ok,
1615845211,05.10 16:00,Lyon,Toulouse,ok,,21.09 23:10,05.10 15:54,1.72,3.96,4.29,2.07,3.4,3.99,-0.5,1.72,2.12,2.08,1.85,2.5,1.63,2.25,2.06,1.85,2.07,3.4,3.99,2.08,1.85,2.06,1.85,ok,
1615845222,05.10 16:30,Stuttgart,Heidenheim,ok,,21.09 23:09,05.10 16:29,1.37,5.18,6.76,1.39,5.38,7.75,-1.5,2.02,1.81,2.08,1.85,3.25,1.91,1.89,1.96,1.94,1.38,5.4,7.84,2.07,1.86,1.96,1.94,ok,
1615847606,05.10 18:15,Strasbourg,Angers,ok,,21.09 23:10,05.10 18:15,1.44,4.45,6.69,1.76,3.84,4.97,-0.75,1.55,2.45,2.0,1.93,2.5,1.81,2.0,2.09,1.83,1.76,3.84,4.97,2.0,1.93,2.09,1.83,ok,
1615847642,05.10 19:30,Real Sociedad,Rayo Vallecano,ok,,25.09 22:58,05.10 19:30,2.23,3.19,3.34,2.19,3.4,3.61,-0.25,1.92,1.9,1.88,2.04,2.5,2.18,1.67,2.01,1.9,2.19,3.4,3.61,1.88,2.04,2.01,1.9,ok,
1615847665,05.10 20:30,Borussia Monchengladbach,Freiburg,ok,,21.09 23:09,05.10 20:29,2.64,3.57,2.5,2.74,3.39,2.72,0.0,1.96,1.85,1.97,1.95,2.5,1.6,2.31,1.93,1.97,2.74,3.39,2.72,1.97,1.95,1.93,1.97,ok,
1615848141,05.10 17:15,Sevilla,Barcelona,ok,,25.09 22:58,05.10 17:15,5.09,4.6,1.53,5.83,4.99,1.51,1.25,1.78,2.16,1.83,2.11,3.25,1.85,1.96,2.01,1.9,5.83,4.99,1.51,1.83,2.11,2.01,1.9,ok,
1615848176,05.10 18:15,Monaco,Nice,ok,,21.09 23:10,05.10 18:15,1.68,4.24,4.24,2.01,3.74,3.78,-0.5,1.68,2.18,2.02,1.9,3.0,1.79,2.02,1.88,2.03,2.01,3.74,3.78,2.02,1.9,1.88,2.03,ok,
1615848184,05.10 18:30,Hamburger SV,Mainz 05,ok,,21.09 23:09,05.10 18:29,2.62,3.53,2.53,3.22,3.8,2.2,0.25,1.67,2.2,1.99,1.93,3.0,2.11,1.71,1.91,2.0,3.22,3.8,2.2,1.99,1.93,1.91,2.0,ok,
1615850265,05.10 18:15,Le Havre,Rennes,ok,,21.09 23:10,05.10 18:11,3.04,3.42,2.28,3.34,3.41,2.3,0.25,1.85,1.98,1.94,1.98,2.5,1.83,1.98,2.0,1.91,3.34,3.41,2.3,1.94,1.98,2.0,1.91,ok,
1615850304,05.10 19:00,Napoli,Genoa,ok,,21.09 23:09,05.10 18:58,1.35,4.67,8.64,1.47,4.05,9.23,-1.0,1.57,2.39,1.85,2.09,2.25,1.73,2.09,2.07,1.85,1.46,4.06,9.28,1.84,2.1,2.06,1.85,ok,
1615850310,05.10 19:30,Espanyol,Real Betis,ok,,25.09 22:58,05.10 19:28,2.65,3.36,2.6,2.68,3.34,2.82,0.0,1.93,1.81,1.92,2.01,2.5,1.89,1.85,1.96,1.94,2.7,3.34,2.8,1.93,2.0,1.96,1.94,ok,
1615856448,05.10 21:45,Juventus,AC Milan,ok,,21.09 23:09,05.10 21:45,2.06,3.34,3.61,2.8,3.01,2.96,0.0,1.49,2.64,1.91,2.02,2.25,1.72,2.1,1.85,2.07,2.8,3.01,2.96,1.91,2.02,1.85,2.07,ok,
1615859995,05.10 21:45,Lille,Paris Saint-Germain,ok,,21.09 23:10,05.10 21:45,4.12,4.09,1.73,3.54,3.65,2.12,0.25,2.49,1.53,2.09,1.85,2.75,1.58,2.34,1.85,2.07,3.54,3.65,2.12,2.09,1.85,1.85,2.07,ok,
1615860001,05.10 22:00,Celta Vigo,Atletico Madrid,ok,,25.09 22:58,05.10 21:59,3.04,3.32,2.32,4.73,3.74,1.81,0.75,1.44,2.78,1.85,2.08,2.5,1.94,1.86,2.0,1.91,4.73,3.74,1.81,1.85,2.08,2.0,1.91,ok,
1616788840,17.10 21:30,Union Berlin,Borussia Monchengladbach,ok,,03.10 23:28,17.10 21:34,2.03,3.7,3.32,2.31,3.31,3.42,-0.25,1.79,2.04,1.98,1.94,2.5,1.63,2.4,2.08,1.84,2.31,3.31,3.42,1.98,1.94,2.08,1.84,ok,
1616788844,17.10 21:45,Paris Saint-Germain,Strasbourg,ok,,03.10 23:28,17.10 21:44,1.26,6.02,8.47,1.4,5.25,8.0,-1.25,1.56,2.39,1.95,1.97,3.25,1.82,1.98,1.95,1.95,1.41,5.25,8.0,1.95,1.97,1.96,1.94,ok,
1616796460,17.10 22:00,Real Oviedo,Espanyol,ok,,03.10 23:28,17.10 21:51,2.76,3.21,2.59,2.89,3.16,2.74,0.0,1.98,1.85,2.01,1.91,2.25,1.92,1.88,2.11,1.81,2.89,3.16,2.74,2.01,1.91,2.11,1.81,ok,
1616818656,18.10 16:30,RB Leipzig,Hamburger SV,ok,,03.10 23:29,18.10 16:30,1.56,4.55,4.82,1.48,5.07,6.2,-1.25,2.23,1.74,1.96,1.96,3.5,2.0,1.81,1.88,2.02,1.48,5.07,6.2,1.96,1.96,1.88,2.02,ok,
1616818657,18.10 16:30,Heidenheim,Werder Bremen,ok,,03.10 23:29,18.10 16:30,2.55,3.52,2.6,2.75,3.5,2.64,0.0,1.89,1.93,2.0,1.92,2.75,1.72,2.11,1.85,2.06,2.75,3.5,2.64,2.0,1.92,1.85,2.06,ok,
1616818658,18.10 16:30,Wolfsburg,Stuttgart,ok,,03.10 23:29,18.10 16:30,2.56,3.57,2.56,3.0,3.44,2.48,0.25,1.7,2.3,1.81,2.14,2.75,1.69,2.29,1.88,2.02,3.0,3.44,2.48,1.81,2.14,1.88,2.02,ok,
1616851705,18.10 15:00,Sevilla,Mallorca,ok,,03.10 23:29,18.10 14:58,1.76,3.5,4.77,1.86,3.47,4.87,-0.5,1.76,1.88,1.87,2.06,2.25,1.93,1.87,1.96,1.94,1.86,3.47,4.87,1.87,2.06,1.96,1.94,ok,
1616851726,18.10 16:00,Lecce,Sassuolo,ok,,03.10 23:29,18.10 15:58,2.74,3.11,2.68,2.94,3.0,2.83,0.0,1.93,1.89,2.0,1.93,2.25,1.87,1.93,1.99,1.92,2.94,3.0,2.83,2.0,1.93,1.99,1.92,ok,
1616851735,18.10 16:30,Mainz 05,Bayer Leverkusen,ok,,03.10 23:29,18.10 16:30,2.65,3.52,2.51,2.56,3.55,2.82,0.0,1.96,1.85,1.87,2.06,3.0,1.99,1.92,2.07,1.82,2.56,3.55,2.82,1.87,2.06,2.07,1.82,ok,
1616854059,18.10 16:00,Pisa,Hellas Verona,ok,,03.10 23:29,18.10 15:59,2.16,3.25,3.45,2.84,2.82,3.12,0.0,1.54,2.49,1.87,2.06,2.0,1.68,2.17,2.12,1.81,2.84,2.82,3.12,1.87,2.06,2.14,1.79,ok,
1616854065,18.10 16:30,FC Koln,Augsburg,ok,,03.10 23:29,18.10 16:30,1.88,3.72,3.83,2.08,3.87,3.47,-0.5,1.93,1.81,2.09,1.85,3.0,2.23,1.72,1.89,2.01,2.08,3.87,3.47,2.09,1.85,1.89,2.01,ok,
1616854083,18.10 17:15,Barcelona,Girona,ok,,03.10 23:29,18.10 17:13,1.11,10.06,14.13,1.22,7.2,12.76,-2.0,1.56,2.6,2.02,1.88,3.75,1.7,2.27,2.01,1.88,1.22,7.2,12.76,2.02,1.88,2.01,1.88,ok,
1616854100,18.10 18:00,Nice,Lyon,ok,,03.10 23:29,18.10 18:00,2.45,3.52,2.73,2.3,3.49,3.26,-0.25,2.13,1.72,1.99,1.93,2.75,1.83,1.97,1.93,1.97,2.3,3.49,3.26,1.99,1.93,1.93,1.97,ok,
1616854238,18.10 20:00,Angers,Monaco,ok,,03.10 23:29,18.10 19:58,5.26,4.42,1.53,5.56,4.08,1.64,0.75,2.28,1.71,2.12,1.83,2.75,1.7,2.27,2.07,1.85,5.56,4.08,1.64,2.12,1.83,2.07,1.85,ok,
1616864343,18.10 19:00,Torino,Napoli,ok,,03.10 23:29,18.10 18:58,5.76,3.88,1.57,5.36,3.3,1.84,0.5,2.4,1.57,2.08,1.85,2.25,1.8,2.02,2.08,1.84,5.36,3.3,1.84,2.08,1.85,2.08,1.84,ok,
1616864349,18.10 19:30,Bayern Munich,Borussia Dortmund,ok,,03.10 23:29,18.10 19:40,1.38,5.46,6.19,1.39,5.4,7.75,-1.5,1.97,1.84,2.02,1.91,3.5,1.79,2.13,1.87,2.04,1.39,5.4,7.75,2.02,1.91,1.87,2.04,ok,
1616869976,18.10 19:30,Villarreal,Real Betis,ok,,03.10 23:29,18.10 19:39,1.69,3.96,4.52,2.1,3.7,3.56,-0.5,1.69,2.17,2.11,1.83,3.0,2.09,1.73,1.88,2.03,2.1,3.7,3.56,2.11,1.83,1.88,2.03,ok,
1616870010,18.10 21:45,Roma,Internazionale,ok,,03.10 23:29,18.10 21:43,2.67,3.22,2.67,3.77,3.32,2.16,0.25,1.63,2.29,2.08,1.85,2.25,1.69,2.15,1.86,2.05,3.77,3.32,2.16,2.08,1.85,1.86,2.05,ok,
1616870055,19.10 18:15,Rennes,Auxerre,ok,,04.10 00:33,19.10 18:15,1.65,3.94,4.8,1.88,3.75,4.31,-0.5,1.7,2.29,1.89,2.03,2.75,1.96,1.84,2.04,1.88,1.88,3.75,4.31,1.89,2.03,2.04,1.88,ok,
1616870056,19.10 16:30,Freiburg,Eintracht Frankfurt,ok,,04.10 00:33,19.10 16:27,2.51,3.61,2.6,2.5,3.62,2.85,0.0,1.88,1.94,1.84,2.1,2.75,1.6,2.3,1.84,2.08,2.5,3.62,2.85,1.84,2.1,1.84,2.08,ok,
1616870057,19.10 16:00,Genoa,Parma,ok,,04.10 00:33,19.10 16:01,2.01,3.32,3.79,2.32,2.9,3.96,-0.25,1.73,2.11,1.94,1.98,2.0,1.61,2.3,2.1,1.83,2.32,2.9,3.96,1.94,1.98,2.1,1.83,ok,
1616870058,19.10 21:45,AC Milan,Fiorentina,ok,,04.10 00:33,19.10 21:46,1.51,4.31,5.73,1.74,3.66,5.38,-0.75,1.64,2.25,1.99,1.93,2.25,1.54,2.44,1.91,2.0,1.74,3.66,5.38,1.99,1.93,1.91,2.0,ok,
1616870059,20.10 21:45,Cremonese,Udinese,ok,,04.10 00:34,20.10 21:43,2.6,3.15,2.79,3.31,3.1,2.48,0.25,1.58,2.39,1.84,2.1,2.25,1.83,1.99,2.03,1.88,3.31,3.1,2.48,1.84,2.1,2.03,1.88,ok,
1616870060,19.10 22:00,Getafe,Real Madrid,ok,,04.10 00:33,19.10 22:01,5.63,4.06,1.56,7.7,4.5,1.47,1.0,1.85,1.97,2.14,1.81,2.5,1.86,1.94,2.01,1.9,7.7,4.5,1.47,2.14,1.81,2.01,1.9,ok,
1616870061,20.10 22:00,Alaves,Valencia,ok,,04.10 00:34,20.10 21:59,2.36,3.0,3.29,2.21,3.22,3.79,-0.25,2.01,1.82,1.88,2.05,2.25,2.24,1.64,2.04,1.87,2.2,3.2,3.82,1.88,2.05,2.07,1.85,ok,
1616873828,18.10 22:00,Atletico Madrid,Osasuna,ok,,03.10 23:29,18.10 21:58,1.36,4.81,7.73,1.33,5.29,11.02,-1.5,2.1,1.74,2.07,1.87,2.75,1.96,1.85,2.02,1.89,1.33,5.27,11.04,2.07,1.86,2.03,1.88,ok,
1616873829,18.10 22:05,Marseille,Le Havre,ok,,03.10 23:29,18.10 22:04,1.24,6.18,9.37,1.31,5.58,10.89,-1.5,1.73,2.09,1.92,2.0,3.0,1.85,1.94,2.0,1.91,1.31,5.58,10.89,1.92,2.0,2.0,1.91,ok,
1616873855,19.10 18:15,Lorient,Brest,ok,,04.10 00:33,19.10 18:15,2.27,3.4,3.07,2.89,3.32,2.63,0.0,1.69,2.31,2.06,1.88,2.5,1.82,1.98,2.04,1.87,2.89,3.32,2.63,2.06,1.88,2.04,1.87,ok,
1616873856,19.10 18:30,St. Pauli,Hoffenheim,ok,,04.10 00:33,19.10 18:31,2.11,3.56,3.25,2.73,3.47,2.68,0.0,1.61,2.49,1.98,1.94,2.75,1.88,1.93,2.0,1.9,2.73,3.47,2.68,1.98,1.94,2.0,1.9,ok,
1616873857,19.10 16:00,Cagliari,Bologna,ok,,04.10 00:33,19.10 16:01,3.31,3.24,2.22,4.18,3.29,2.06,0.5,1.66,2.22,1.86,2.07,2.25,1.97,1.83,1.98,1.93,4.18,3.29,2.06,1.86,2.07,1.98,1.93,ok,
1616873858,19.10 19:00,Atalanta,Lazio,ok,,04.10 00:33,19.10 19:00,1.99,3.55,3.62,1.86,3.74,4.4,-0.5,1.99,1.83,1.87,2.06,2.5,1.82,1.99,1.85,2.06,1.86,3.74,4.4,1.87,2.06,1.85,2.06,ok,
1616873859,19.10 17:15,Celta Vigo,Real Sociedad,ok,,04.10 00:33,19.10 17:15,1.93,3.47,3.85,2.02,3.48,4.05,-0.5,1.95,1.87,2.03,1.89,2.25,1.72,2.1,1.85,2.06,2.02,3.48,4.05,2.03,1.89,1.85,2.06,ok,
1616873860,19.10 15:00,Elche,Athletic Bilbao,ok,,04.10 00:33,19.10 14:59,3.56,3.16,2.16,4.3,3.31,2.02,0.5,1.7,2.16,1.89,2.03,2.25,2.02,1.79,2.01,1.89,4.3,3.31,2.02,1.89,2.03,2.01,1.89,ok,
1616873861,19.10 19:30,Levante,Rayo Vallecano,ok,,04.10 00:33,19.10 19:31,2.68,3.31,2.84,2.73,3.29,2.8,0.0,1.9,2.02,1.93,1.98,2.5,2.06,1.85,2.1,1.83,2.73,3.29,2.8,1.93,1.98,2.1,1.83,ok,
1616879345,19.10 16:00,Lens,Paris FC,ok,,04.10 00:33,19.10 16:02,2.01,3.8,3.73,1.85,3.82,4.35,-0.5,1.96,1.85,1.86,2.07,2.75,1.93,1.98,1.87,2.04,1.85,3.82,4.35,1.86,2.07,1.87,2.04,ok,
1616879346,19.10 13:30,Como,Juventus,ok,,04.10 00:33,19.10 13:25,3.06,3.24,2.36,3.35,3.24,2.38,0.25,1.85,2.09,1.89,2.03,2.25,1.78,2.04,1.88,2.03,3.35,3.24,2.38,1.89,2.03,1.88,2.03,ok,
1616982373,19.10 18:15,Toulouse,Metz,ok,,07.10 09:20,19.10 18:15,1.56,4.09,5.45,1.55,4.4,6.2,-1.0,1.98,1.85,1.92,2.01,2.75,1.99,1.82,1.92,1.99,1.55,4.4,6.2,1.92,2.01,1.92,1.99,ok,
1616984299,25.10 20:00,Monaco,Toulouse,ok,,06.10 12:53,25.10 19:59,1.47,4.62,5.89,2.25,3.6,3.27,-0.25,1.35,3.46,1.95,1.97,2.75,1.71,2.24,1.88,2.03,2.25,3.6,3.27,1.95,1.97,1.88,2.03,ok,
1616984300,25.10 16:30,Augsburg,RB Leipzig,ok,,06.10 12:54,25.10 16:33,2.68,3.58,2.45,3.43,3.81,2.11,0.25,1.76,1.99,2.09,1.85,3.25,2.09,1.74,2.08,1.84,3.43,3.81,2.11,2.09,1.85,2.08,1.84,ok,
1616984301,25.10 19:30,Borussia Dortmund,FC Koln,ok,,06.10 12:57,25.10 19:28,1.41,5.1,6.16,1.39,5.39,7.69,-1.5,2.07,1.75,2.05,1.88,3.25,1.78,2.02,2.0,1.91,1.39,5.38,7.59,2.06,1.87,1.99,1.92,ok,
1616984302,25.10 16:30,Borussia Monchengladbach,Bayern Munich,ok,,06.10 12:55,25.10 16:33,7.79,6.51,1.27,9.75,7.4,1.25,1.75,1.97,1.85,2.01,1.9,4.0,1.77,2.03,1.95,1.93,9.75,7.4,1.25,2.01,1.9,1.95,1.93,ok,
1616984303,26.10 14:30,Torino,Genoa,ok,,06.10 12:57,26.10 14:27,2.54,2.95,3.06,2.58,2.82,3.52,-0.25,2.2,1.75,2.14,1.81,2.0,1.87,1.93,2.14,1.8,2.58,2.82,3.52,2.14,1.81,2.14,1.8,ok,
1616984304,25.10 19:00,Napoli,Internazionale,ok,,06.10 12:57,25.10 18:59,2.42,3.16,3.02,3.82,3.2,2.2,0.25,1.5,2.58,2.06,1.88,2.5,2.09,1.73,2.09,1.83,3.82,3.2,2.2,2.06,1.88,2.09,1.83,ok,
1616984305,26.10 22:45,Lazio,Juventus,ok,,06.10 12:58,26.10 22:46,2.89,3.11,2.55,3.72,3.19,2.25,0.25,1.69,2.17,2.01,1.91,2.25,1.9,1.9,1.91,2.0,3.72,3.19,2.25,2.01,1.91,1.91,2.0,ok,
1616984306,25.10 15:00,Girona,Real Oviedo,ok,,06.10 13:02,25.10 14:59,1.75,3.58,4.64,1.79,3.68,4.92,-0.75,1.99,1.83,2.05,1.88,2.5,1.95,1.85,2.04,1.88,1.8,3.66,4.9,2.06,1.87,2.04,1.87,ok,
1616984307,25.10 17:15,Espanyol,Elche,ok,,06.10 13:02,25.10 17:13,2.04,3.3,3.71,2.03,3.29,4.31,-0.5,2.05,1.79,2.04,1.89,2.25,1.87,1.93,1.93,1.98,2.03,3.29,4.31,2.04,1.89,1.93,1.98,ok,
1616984308,25.10 19:30,Athletic Bilbao,Getafe,ok,,06.10 13:02,25.10 19:27,1.54,3.69,6.82,1.65,3.59,6.68,-0.75,1.7,2.15,1.88,2.05,2.0,1.87,1.93,2.06,1.85,1.65,3.59,6.68,1.88,2.05,2.06,1.85,ok,
1616984309,26.10 16:00,Mallorca,Levante,ok,,06.10 13:02,26.10 16:01,2.04,3.31,3.72,2.01,3.37,4.25,-0.5,2.05,1.79,2.02,1.9,2.5,2.13,1.7,2.07,1.85,2.01,3.37,4.25,2.02,1.9,2.07,1.85,ok,
1616984310,27.10 23:00,Real Betis,Atletico Madrid,ok,,06.10 13:02,27.10 22:59,2.98,3.37,2.33,3.43,3.6,2.18,0.25,1.81,2.02,2.03,1.89,2.5,1.84,1.96,1.91,1.99,3.4,3.59,2.2,2.02,1.91,1.91,1.99,ok,
1616990713,25.10 18:00,Brest,Paris Saint-Germain,ok,,06.10 12:53,25.10 18:03,5.46,4.74,1.48,9.14,5.67,1.33,1.5,1.63,2.28,1.96,1.96,3.25,1.88,1.92,1.98,1.93,9.14,5.67,1.33,1.96,1.96,1.98,1.93,ok,
1616990714,26.10 17:00,Lille,Metz,ok,,06.10 12:53,26.10 17:03,1.43,4.54,6.53,1.23,6.73,12.74,-1.75,2.75,1.51,1.84,2.08,3.25,2.55,1.56,1.97,1.92,1.23,6.73,12.74,1.84,2.08,1.97,1.92,ok,
1616990715,25.10 22:05,Lens,Marseille,ok,,06.10 12:53,25.10 22:08,2.87,3.44,2.37,2.63,3.45,2.8,0.0,2.17,1.78,1.9,2.03,2.75,1.9,1.9,1.96,1.94,2.63,3.45,2.8,1.9,2.03,1.96,1.94,ok,
1616990716,24.10 21:45,Paris FC,Nantes,ok,,06.10 12:52,24.10 14:51,1.52,4.24,5.68,1.67,4.1,5.3,-0.75,1.73,2.04,1.86,2.07,2.75,1.95,1.85,2.0,1.91,1.67,4.1,5.3,1.86,2.07,2.0,1.91,ok,
1616990717,25.10 16:30,Hoffenheim,Heidenheim,ok,,06.10 12:57,25.10 16:28,1.68,4.11,4.39,1.61,4.45,5.36,-1.0,2.18,1.68,2.01,1.92,3.0,1.9,1.9,1.89,2.02,1.61,4.45,5.36,2.01,1.92,1.89,2.02,ok,
1616990718,24.10 21:30,Werder Bremen,Union Berlin,ok,,06.10 12:54,24.10 15:09,1.99,3.72,3.43,2.31,3.65,3.11,-0.25,1.74,2.09,2.02,1.91,2.75,1.85,1.96,1.94,1.96,2.31,3.67,3.1,2.02,1.91,1.93,1.98,ok,
1616990719,25.10 16:30,Eintracht Frankfurt,St. Pauli,ok,,06.10 12:57,25.10 16:33,1.68,4.01,4.49,1.65,4.49,4.92,-1.0,2.33,1.61,2.07,1.86,3.25,2.38,1.56,1.95,1.95,1.65,4.49,4.92,2.07,1.86,1.95,1.95,ok,
1616990720,25.10 16:30,Hamburger SV,Wolfsburg,ok,,06.10 12:57,25.10 16:31,2.41,3.59,2.72,2.23,3.74,3.2,-0.25,2.11,1.73,1.95,1.97,3.0,1.96,1.85,1.86,2.06,2.23,3.74,3.2,1.95,1.97,1.86,2.06,ok,
1616990721,26.10 19:30,Stuttgart,Mainz 05,ok,,06.10 12:57,26.10 19:29,1.69,4.12,4.28,2.16,3.63,3.44,-0.25,1.54,2.63,1.88,2.04,2.75,1.67,2.32,1.93,1.98,2.16,3.63,3.44,1.88,2.04,1.93,1.98,ok,
1616990722,26.10 17:30,Bayer Leverkusen,Freiburg,ok,,06.10 12:57,26.10 17:28,1.66,3.98,4.69,2.04,3.57,3.88,-0.5,1.66,2.22,2.05,1.88,2.5,1.76,2.04,1.85,2.07,2.04,3.57,3.88,2.05,1.88,1.85,2.07,ok,
1616990723,25.10 21:45,Cremonese,Atalanta,ok,,06.10 12:57,25.10 21:45,5.1,4.09,1.6,6.9,4.82,1.47,1.25,1.58,2.37,1.93,2.0,3.0,2.27,1.63,1.97,1.93,6.9,4.82,1.47,1.93,2.0,1.97,1.93,ok,
1616990724,26.10 17:00,Sassuolo,Roma,ok,,06.10 12:57,26.10 16:56,4.2,3.56,1.83,4.47,3.42,1.94,0.5,1.98,1.84,1.97,1.95,2.25,1.72,2.1,2.0,1.9,4.47,3.42,1.94,1.97,1.95,2.0,1.9,ok,
1616990725,25.10 16:00,Parma,Como,ok,,06.10 12:57,25.10 15:57,3.25,3.45,2.16,4.57,3.22,2.0,0.5,1.74,2.22,1.92,2.01,2.25,1.63,2.4,2.13,1.81,4.6,3.23,1.99,1.93,2.0,2.13,1.8,ok,
1616990726,26.10 20:00,Fiorentina,Bologna,ok,,06.10 12:57,26.10 19:56,2.8,3.15,2.84,2.93,2.92,2.91,0.0,1.94,1.98,1.97,1.95,2.0,1.7,2.26,1.93,1.97,2.88,2.93,2.96,1.93,1.99,1.93,1.97,ok,
1616990727,24.10 21:45,AC Milan,Pisa,ok,,06.10 12:57,24.10 15:09,1.31,5.32,8.34,1.3,5.66,10.99,-1.5,1.93,1.88,2.0,1.93,2.75,1.76,2.05,2.06,1.85,1.3,5.66,10.99,2.0,1.93,2.06,1.85,ok,
1616990729,26.10 23:00,Rayo Vallecano,Alaves,ok,,06.10 13:02,26.10 22:59,2.01,3.29,4.41,2.29,3.04,3.8,-0.25,1.71,2.27,1.93,1.99,2.0,1.9,2.01,1.99,1.92,2.29,3.04,3.8,1.93,1.99,1.99,1.92,ok,
1616990730,26.10 18:15,Real Madrid,Barcelona,ok,,06.10 13:02,26.10 18:15,2.1,3.79,3.11,1.87,4.46,3.69,-0.5,2.1,1.74,1.88,2.05,3.75,2.28,1.61,1.88,2.03,1.87,4.46,3.69,1.88,2.05,1.88,2.03,ok,
1616990759,19.10 21:45,Nantes,Lille,ok,,07.10 09:20,19.10 21:46,4.41,3.65,1.78,5.75,3.99,1.65,0.75,1.81,2.02,2.11,1.83,2.5,1.93,1.88,1.88,2.04,5.75,3.99,1.65,2.11,1.83,1.88,2.04,ok,
1616994654,26.10 22:45,Lyon,Strasbourg,ok,,06.10 12:54,26.10 22:42,1.7,4.07,4.3,1.98,3.74,3.89,-0.5,1.7,2.15,1.99,1.93,2.75,1.7,2.13,1.89,2.01,1.97,3.75,3.92,1.98,1.94,1.89,2.01,ok,
1616994655,26.10 19:15,Auxerre,Le Havre,ok,,06.10 12:53,26.10 19:14,2.06,3.51,3.45,2.18,3.3,3.77,-0.25,1.79,2.04,1.86,2.07,2.25,1.65,2.22,1.97,1.93,2.18,3.3,3.77,1.86,2.07,1.97,1.93,ok,
1616994656,26.10 19:15,Angers,Lorient,ok,,06.10 12:53,26.10 19:13,2.82,3.23,2.53,2.84,3.03,2.89,0.0,2.02,1.81,1.94,1.98,2.0,1.51,2.53,1.86,2.05,2.84,3.03,2.89,1.94,1.98,1.86,2.05,ok,
1616994657,26.10 19:15,Rennes,Nice,ok,,06.10 12:54,26.10 19:13,2.41,3.38,2.87,2.05,3.62,3.78,-0.5,2.41,1.57,2.06,1.87,2.75,2.01,1.81,1.87,2.04,2.05,3.62,3.78,2.06,1.87,1.87,2.04,ok,
1616994659,26.10 17:00,Hellas Verona,Cagliari,ok,,06.10 12:57,26.10 16:58,2.36,3.07,3.21,1.98,3.18,4.79,-0.5,2.36,1.59,1.99,1.93,2.0,1.79,2.03,1.81,2.12,1.98,3.17,4.77,1.99,1.93,1.81,2.12,ok,
1616994660,25.10 16:00,Udinese,Lecce,ok,,06.10 12:57,25.10 15:59,1.76,3.53,4.63,2.0,3.21,4.62,-0.5,1.81,2.11,2.01,1.92,2.25,1.87,1.93,2.06,1.85,2.03,3.17,4.55,2.04,1.89,2.07,1.85,ok,
1616994661,24.10 22:00,Real Sociedad,Sevilla,ok,,06.10 13:00,24.10 15:16,2.02,3.48,4.04,2.02,3.51,4.02,-0.5,2.03,1.89,2.03,1.9,2.5,2.17,1.76,2.02,1.88,2.02,3.51,4.02,2.03,1.9,2.02,1.88,ok,
1616994662,25.10 22:00,Valencia,Villarreal,ok,,06.10 13:02,25.10 22:00,3.01,3.37,2.31,3.82,3.51,2.08,0.5,1.61,2.31,1.85,2.09,2.5,1.86,1.94,1.88,2.03,3.82,3.51,2.08,1.85,2.09,1.88,2.03,ok,
1616994663,26.10 20:30,Osasuna,Celta Vigo,ok,,06.10 13:02,26.10 20:29,2.44,3.18,2.98,2.44,3.2,3.28,-0.25,2.09,1.76,2.08,1.85,2.25,1.87,2.04,1.98,1.93,2.44,3.2,3.28,2.08,1.85,1.98,1.93,ok,
1617374763,28.10 20:30,Lecce,Napoli,ok,,19.10 22:37,28.10 20:29,6.35,4.0,1.51,6.5,3.75,1.64,0.75,2.29,1.7,2.09,1.85,2.25,1.81,1.99,2.01,1.9,6.5,3.75,1.64,2.1,1.84,2.01,1.9,ok,
1617375811,28.10 22:45,Atalanta,AC Milan,ok,,19.10 22:37,28.10 22:42,2.53,3.41,2.69,2.66,3.25,2.91,0.0,1.85,1.97,1.88,2.05,2.5,1.72,2.1,2.0,1.91,2.66,3.25,2.91,1.88,2.05,2.0,1.91,ok,
1617405631,29.10 20:30,Roma,Parma,ok,,19.10 22:38,29.10 20:29,1.42,4.54,6.91,1.5,4.13,8.04,-1.0,1.68,2.18,1.86,2.07,2.25,1.57,2.38,1.92,1.99,1.5,4.13,8.04,1.85,2.09,1.92,1.99,ok,
1617413116,29.10 21:00,Le Havre,Brest,ok,,19.10 22:38,29.10 21:02,2.68,3.34,2.58,2.96,3.13,2.7,0.0,1.94,1.88,2.05,1.88,2.25,1.62,2.43,2.07,1.85,2.96,3.13,2.7,2.05,1.88,2.07,1.85,ok,
1617413117,29.10 21:00,Nice,Lille,ok,,19.10 22:38,29.10 20:55,2.3,3.46,2.95,4.01,4.05,1.88,0.5,1.43,3.03,2.04,1.88,3.0,2.25,1.71,1.95,1.95,4.01,4.05,1.88,2.04,1.88,1.95,1.95,ok,
1617413164,29.10 22:45,Bologna,Torino,ok,,19.10 22:38,29.10 22:45,1.64,3.92,6.07,1.82,3.4,5.25,-0.75,1.78,2.05,2.1,1.84,2.25,1.88,1.92,2.0,1.91,1.82,3.4,5.25,2.1,1.84,2.0,1.91,ok,
1617413171,29.10 23:05,Strasbourg,Auxerre,ok,,19.10 22:38,29.10 23:05,1.57,4.13,5.24,1.71,4.0,5.08,-0.75,1.73,2.11,1.93,2.0,2.5,1.71,2.12,1.88,2.03,1.71,4.0,5.08,1.93,2.0,1.88,2.03,ok,
1617413231,29.10 20:30,Como,Hellas Verona,ok,,19.10 22:38,29.10 20:28,1.49,4.16,6.4,1.59,3.8,6.96,-1.0,1.85,1.97,2.06,1.87,2.5,1.95,1.85,2.06,1.85,1.59,3.8,6.96,2.06,1.87,2.06,1.85,ok,
1617413232,29.10 20:30,Juventus,Udinese,ok,,19.10 22:38,29.10 20:25,1.39,4.57,7.6,1.47,4.5,7.58,-1.25,1.93,1.89,2.1,1.84,2.75,2.17,1.76,2.0,1.91,1.47,4.5,7.58,2.1,1.84,2.0,1.91,ok,
1617413248,29.10 21:00,Metz,Lens,ok,,19.10 22:38,29.10 21:02,3.78,3.68,1.89,6.48,4.76,1.49,1.25,1.37,3.04,1.86,2.07,3.0,2.23,1.65,1.96,1.94,6.48,4.76,1.49,1.86,2.07,1.96,1.94,ok,
1617413249,29.10 21:00,Lorient,Paris Saint-Germain,ok,,19.10 22:38,29.10 20:51,5.65,4.78,1.47,9.63,6.45,1.28,1.75,1.5,2.59,1.85,2.06,3.25,1.87,1.93,1.98,1.91,9.63,6.45,1.28,1.85,2.06,1.98,1.91,ok,
1617413307,29.10 22:45,Internazionale,Fiorentina,ok,,19.10 22:39,29.10 22:43,1.37,4.95,7.27,1.38,5.12,8.68,-1.5,2.07,1.76,2.07,1.86,3.0,2.05,1.76,1.93,1.97,1.38,5.12,8.68,2.07,1.86,1.93,1.97,ok,
1617413310,29.10 23:05,Nantes,Monaco,ok,,19.10 22:38,29.10 23:02,4.21,3.96,1.74,4.89,4.1,1.72,0.75,1.87,1.95,2.0,1.93,2.75,1.75,2.06,1.92,1.99,4.89,4.1,1.72,2.0,1.93,1.92,1.99,ok,
1617422549,29.10 22:45,Genoa,Cremonese,ok,,19.10 22:39,29.10 22:45,1.68,3.61,5.15,1.78,3.45,5.58,-0.75,1.9,1.92,2.03,1.89,2.25,1.91,1.89,2.01,1.9,1.78,3.45,5.58,2.03,1.89,2.01,1.9,ok,
1617422555,29.10 23:05,Toulouse,Rennes,ok,,19.10 22:38,29.10 22:59,2.2,3.41,3.19,2.01,3.63,3.92,-0.5,2.2,1.67,2.01,1.91,2.5,1.87,1.93,1.92,1.99,2.01,3.63,3.92,2.01,1.91,1.92,1.99,ok,
1617422556,29.10 23:05,Paris FC,Lyon,ok,,19.10 22:38,29.10 23:05,2.39,3.53,2.78,2.83,3.51,2.58,0.0,1.78,2.07,2.06,1.88,2.75,1.76,2.04,1.99,1.92,2.83,3.51,2.58,2.06,1.88,1.99,1.92,ok,
1617422557,29.10 23:05,Marseille,Angers,ok,,19.10 22:38,29.10 23:05,1.17,7.05,12.75,1.24,6.68,12.34,-1.75,1.72,2.1,1.95,1.95,3.0,1.83,1.96,2.0,1.89,1.24,6.68,12.34,1.95,1.95,2.0,1.89,ok,
1617496098,30.10 20:30,Cagliari,Sassuolo,ok,,19.10 22:39,30.10 20:25,2.46,3.16,2.96,2.77,3.09,2.92,0.0,1.74,2.11,1.91,2.01,2.25,1.85,1.96,1.99,1.92,2.77,3.09,2.92,1.91,2.01,1.99,1.92,ok,
1617518951,30.10 22:45,Pisa,Lazio,ok,,19.10 22:39,30.10 23:36,3.84,3.42,1.95,3.98,3.2,2.15,0.25,2.22,1.74,2.11,1.83,2.0,1.54,2.61,1.81,2.12,3.98,3.2,2.15,2.11,1.83,1.81,2.12,ok,
1617575532,31.10 22:30,Augsburg,Borussia Dortmund,ok,,19.10 22:40,31.10 22:30,3.67,3.85,1.88,5.75,4.38,1.59,1.0,1.54,2.66,1.96,1.96,3.0,1.88,1.92,1.89,2.01,5.75,4.38,1.59,1.96,1.96,1.89,2.01,ok,
1617585473,31.10 23:00,Getafe,Girona,ok,,19.10 22:40,31.10 22:59,2.03,3.15,3.94,2.16,3.1,4.13,-0.25,1.78,2.16,1.83,2.12,2.0,1.81,2.0,2.06,1.85,2.16,3.1,4.13,1.83,2.12,2.06,1.85,ok,
1617628785,01.11 16:00,Villarreal,Rayo Vallecano,ok,,19.10 22:42,01.11 16:02,1.58,4.08,5.22,1.78,3.74,4.96,-0.75,1.79,2.14,2.0,1.93,2.75,1.94,1.86,1.87,2.05,1.78,3.74,4.96,2.0,1.93,1.87,2.05,ok,
1617635259,01.11 17:00,Udinese,Atalanta,ok,,26.10 23:08,01.11 17:00,3.8,3.62,1.91,5.26,3.87,1.71,0.75,1.72,2.25,2.0,1.93,2.5,1.83,2.08,1.86,2.05,5.26,3.87,1.71,2.0,1.93,1.86,2.05,ok,
1617635269,01.11 17:30,Union Berlin,Freiburg,ok,,19.10 22:42,01.11 17:29,2.59,3.34,2.67,2.71,3.2,2.89,0.0,1.88,1.93,1.9,2.03,2.25,1.65,2.22,1.96,1.94,2.71,3.2,2.89,1.9,2.03,1.96,1.94,ok,
1617635553,01.11 17:30,Mainz 05,Werder Bremen,ok,,19.10 22:42,01.11 17:29,1.77,4.01,3.99,1.91,3.89,4.04,-0.5,1.77,2.05,1.92,2.01,3.0,1.83,1.98,1.89,2.02,1.91,3.89,4.04,1.92,2.01,1.89,2.02,ok,
1617635554,01.11 17:30,St. Pauli,Borussia Monchengladbach,ok,,19.10 22:42,01.11 17:29,1.82,3.79,3.99,2.34,3.47,3.2,-0.25,1.6,2.35,2.02,1.9,2.5,1.73,2.22,1.88,2.04,2.35,3.47,3.18,2.04,1.89,1.88,2.04,ok,
1617635555,01.11 17:30,RB Leipzig,Stuttgart,ok,,19.10 22:42,01.11 17:29,2.11,3.87,3.03,2.15,3.83,3.3,-0.25,1.87,1.95,1.89,2.04,3.25,1.93,1.88,1.93,1.98,2.16,3.82,3.3,1.89,2.04,1.93,1.97,ok,
1617635570,01.11 18:15,Atletico Madrid,Sevilla,ok,,19.10 22:42,01.11 18:10,1.38,4.79,7.31,1.37,5.14,8.96,-1.25,1.88,1.94,1.88,2.05,2.75,1.88,1.93,1.98,1.93,1.37,5.14,8.96,1.88,2.05,1.98,1.93,ok,
1617635607,01.11 19:00,Paris Saint-Germain,Nice,ok,,26.10 23:08,01.11 18:59,1.27,6.1,8.03,1.15,8.84,18.13,-2.25,2.61,1.55,1.99,1.91,3.5,1.85,1.94,1.97,1.92,1.15,8.84,18.19,1.99,1.91,1.98,1.91,ok,
1617641975,01.11 17:30,Heidenheim,Eintracht Frankfurt,ok,,19.10 22:42,01.11 17:27,3.23,3.92,2.01,4.23,4.1,1.81,0.75,1.62,2.3,1.88,2.04,3.0,1.77,2.04,1.91,1.99,4.23,4.1,1.81,1.88,2.04,1.91,1.99,ok,
1617646874,01.11 20:30,Bayern Munich,Bayer Leverkusen,ok,,19.10 22:42,01.11 20:29,1.26,6.39,7.97,1.27,6.5,10.85,-1.75,1.88,1.93,1.95,1.95,3.5,1.72,2.23,2.02,1.88,1.27,6.5,10.85,1.95,1.95,2.02,1.88,ok,
1617646902,01.11 21:00,Monaco,Paris FC,ok,,26.10 23:08,01.11 20:59,1.6,4.39,4.7,1.68,4.18,4.99,-0.75,1.79,2.15,1.87,2.06,3.25,1.91,1.89,2.01,1.9,1.69,4.15,4.98,1.88,2.05,2.04,1.87,ok,
1617652449,01.11 20:00,Napoli,Como,ok,,26.10 23:08,01.11 20:02,1.78,3.44,4.69,1.96,3.27,4.69,-0.5,1.78,2.03,1.97,1.95,2.25,1.88,1.93,1.83,2.09,1.96,3.27,4.69,1.97,1.95,1.83,2.09,ok,
1617652505,01.11 22:45,Cremonese,Juventus,ok,,26.10 23:08,01.11 22:42,6.34,4.06,1.51,7.05,4.29,1.52,1.0,1.93,1.89,2.05,1.88,2.5,2.01,1.81,1.87,2.05,7.05,4.29,1.52,2.05,1.88,1.87,2.05,ok,
1617652509,01.11 23:05,Auxerre,Marseille,ok,,26.10 23:08,01.11 23:03,4.69,4.1,1.64,5.48,3.86,1.69,0.75,2.0,1.82,2.03,1.9,2.5,1.62,2.27,1.99,1.92,5.48,3.86,1.69,2.03,1.9,1.99,1.92,ok,
1617657080,01.11 20:30,Real Sociedad,Athletic Bilbao,ok,,19.10 22:42,01.11 20:27,2.8,3.05,2.67,2.79,2.97,3.01,0.0,1.96,1.86,1.88,2.04,2.0,1.68,2.17,2.0,1.91,2.79,2.97,3.01,1.88,2.04,2.0,1.91,ok,
1617664284,01.11 23:00,Real Madrid,Valencia,ok,,19.10 22:42,01.11 22:59,1.21,6.83,9.98,1.15,9.03,18.27,-2.25,2.34,1.67,1.88,2.03,3.75,2.2,1.74,1.93,1.95,1.16,8.91,17.68,1.88,2.03,1.88,2.01,ok,
1617778541,02.11 14:30,Hellas Verona,Internazionale,ok,,26.10 23:09,02.11 14:24,6.38,4.39,1.46,9.75,5.15,1.36,1.25,1.75,2.09,2.05,1.88,2.75,2.03,1.77,2.02,1.88,9.75,5.15,1.36,2.04,1.88,2.03,1.88,ok,
1617778664,02.11 16:00,Levante,Celta Vigo,ok,,19.10 22:42,02.11 15:59,2.59,3.36,2.66,3.17,3.48,2.36,0.25,1.62,2.29,1.89,2.04,2.75,2.02,1.79,2.06,1.85,3.17,3.48,2.35,1.89,2.03,2.06,1.85,ok,
1617778686,02.11 17:00,Rennes,Strasbourg,ok,,26.10 23:09,02.11 17:00,2.21,3.52,3.1,2.77,3.47,2.65,0.0,1.67,2.36,2.01,1.92,2.75,1.88,1.93,1.93,1.98,2.77,3.47,2.65,2.01,1.92,1.93,1.98,ok,
1617778688,02.11 17:00,Fiorentina,Lecce,ok,,26.10 23:09,02.11 17:00,1.59,3.84,5.56,1.7,3.7,5.85,-0.75,1.78,2.06,1.94,1.98,2.25,1.79,2.03,1.89,2.01,1.7,3.7,5.85,1.94,1.98,1.89,2.01,ok,
1617779255,02.11 17:00,Torino,Pisa,ok,,26.10 23:09,02.11 17:00,1.93,3.31,4.1,1.88,3.25,5.27,-0.5,1.94,1.88,1.88,2.04,2.0,1.67,2.19,1.84,2.08,1.88,3.25,5.27,1.88,2.04,1.84,2.08,ok,
1617781187,02.11 19:15,Lens,Lorient,ok,,26.10 23:09,02.11 19:03,1.46,4.66,5.94,1.59,4.33,5.76,-1.0,1.78,2.16,2.02,1.91,2.75,1.7,2.27,1.86,2.05,1.59,4.33,5.76,2.02,1.91,1.86,2.05,ok,
1617781188,02.11 19:15,Nantes,Metz,ok,,26.10 23:09,02.11 19:14,1.95,3.65,4.12,2.16,3.62,3.46,-0.25,1.69,2.31,1.88,2.05,2.75,2.27,1.7,2.01,1.89,2.16,3.62,3.46,1.88,2.05,2.01,1.89,ok,
1617781226,02.11 17:30,FC Koln,Hamburger SV,ok,,19.10 22:42,02.11 17:28,1.7,4.07,4.28,2.52,3.64,2.81,0.0,1.35,3.45,1.85,2.08,3.0,1.87,1.93,1.93,1.98,2.52,3.64,2.81,1.85,2.08,1.93,1.98,ok,
1617781250,02.11 18:15,Alaves,Espanyol,ok,,19.10 22:42,02.11 18:16,2.07,3.19,3.75,2.52,3.08,3.28,-0.25,1.78,2.06,2.13,1.82,2.25,2.16,1.68,2.1,1.83,2.52,3.08,3.28,2.13,1.82,2.1,1.83,ok,
1617781307,02.11 19:15,Lille,Angers,ok,,26.10 23:09,02.11 19:15,1.26,5.63,10.27,1.38,5.28,8.34,-1.25,1.65,2.39,1.86,2.07,2.75,1.89,1.91,1.86,2.05,1.38,5.28,8.34,1.86,2.07,1.86,2.05,ok,
1617781308,02.11 19:15,Toulouse,Le Havre,ok,,26.10 23:09,02.11 19:15,1.56,4.13,5.43,1.77,3.68,5.11,-0.75,1.71,2.14,2.02,1.91,2.25,1.55,2.41,1.91,2.0,1.77,3.68,5.11,2.02,1.91,1.91,2.0,ok,
1617782411,02.11 22:45,AC Milan,Roma,ok,,26.10 23:09,02.11 22:44,1.92,3.49,3.9,2.37,2.98,3.69,-0.25,1.71,2.27,2.0,1.93,2.0,1.51,2.73,1.85,2.07,2.37,2.98,3.69,2.0,1.93,1.85,2.07,ok,
1617782419,02.11 23:00,Real Betis,Mallorca,ok,,19.10 22:42,02.11 23:00,1.55,4.19,5.42,1.57,4.35,5.96,-1.0,1.95,1.87,1.97,1.95,2.75,1.96,1.84,1.99,1.92,1.57,4.35,5.96,1.97,1.95,1.99,1.92,ok,
1617782436,02.11 19:30,Wolfsburg,Hoffenheim,ok,,19.10 22:42,02.11 19:59,2.12,3.81,3.04,2.79,3.81,2.46,0.0,1.61,2.32,2.1,1.84,3.25,2.11,1.71,2.01,1.9,2.79,3.81,2.46,2.1,1.84,2.01,1.9,ok,
1617782449,02.11 20:00,Parma,Bologna,ok,,26.10 23:09,02.11 19:57,3.8,3.3,2.01,5.03,3.12,1.96,0.5,1.81,2.02,1.95,1.97,2.0,1.65,2.37,1.96,1.94,5.03,3.12,1.96,1.95,1.97,1.96,1.94,ok,
1617788560,02.11 22:45,Brest,Lyon,ok,,26.10 23:09,02.11 22:55,2.83,3.49,2.38,3.54,3.38,2.22,0.25,1.77,2.07,2.01,1.92,2.5,1.65,2.21,2.06,1.85,3.54,3.38,2.22,2.01,1.92,2.06,1.85,ok,
1617861324,03.11 20:30,Sassuolo,Genoa,ok,,26.10 23:11,03.11 20:32,2.31,3.1,3.28,2.57,2.95,3.34,-0.25,1.97,1.85,2.16,1.79,2.0,1.76,2.07,2.05,1.86,2.57,2.95,3.34,2.16,1.79,2.05,1.86,ok,
1617862308,03.11 22:45,Lazio,Cagliari,ok,,26.10 23:11,03.11 22:44,1.53,4.08,5.83,1.66,3.88,5.89,-0.75,1.72,2.25,1.86,2.08,2.25,1.69,2.28,1.92,1.99,1.66,3.88,5.89,1.86,2.08,1.92,1.99,ok,
1617866872,03.11 23:00,Real Oviedo,Osasuna,ok,,19.10 23:02,03.11 22:52,2.95,3.01,2.57,3.23,3.21,2.46,0.25,1.74,2.02,1.84,2.1,2.25,2.14,1.78,1.96,1.94,3.23,3.21,2.46,1.84,2.1,1.97,1.93,ok,
1618108832,07.11 22:45,Paris FC,Rennes,ok,,30.10 00:54,07.11 22:44,2.12,3.48,3.3,2.31,3.54,3.19,-0.25,1.85,1.97,2.01,1.92,2.75,2.0,1.81,1.96,1.94,2.31,3.54,3.2,2.0,1.92,1.96,1.94,ok,
1618111747,07.11 22:30,Werder Bremen,Wolfsburg,ok,,26.10 23:11,07.11 22:29,2.07,3.75,3.2,2.22,3.71,3.25,-0.25,1.82,2.0,1.94,1.98,3.0,1.88,1.93,1.96,1.94,2.24,3.69,3.23,1.95,1.97,1.98,1.93,ok,
1618111759,07.11 23:00,Elche,Real Sociedad,ok,,26.10 23:11,07.11 22:57,2.63,3.17,2.75,3.16,3.16,2.53,0.25,1.6,2.35,1.8,2.15,2.25,1.85,1.95,2.0,1.9,3.16,3.16,2.53,1.8,2.15,2.0,1.9,ok,
1618125619,07.11 22:45,Pisa,Cremonese,ok,,30.10 00:55,07.11 22:44,2.02,3.49,4.03,2.39,3.01,3.62,-0.25,1.74,2.22,2.01,1.91,2.0,1.6,2.48,1.91,2.0,2.39,3.01,3.62,2.01,1.91,1.91,2.0,ok,
1618172611,08.11 17:00,Como,Cagliari,ok,,30.10 00:56,08.11 16:59,1.53,4.16,5.68,1.54,4.1,7.25,-1.0,1.93,1.88,2.04,1.89,2.5,1.81,2.0,2.05,1.87,1.54,4.1,7.25,2.05,1.88,2.05,1.86,ok,
1618172619,08.11 17:30,Union Berlin,Bayern Munich,ok,,26.10 23:12,08.11 17:32,7.7,5.78,1.3,14.0,7.25,1.2,2.0,1.55,2.41,1.9,2.01,3.5,1.97,1.84,2.0,1.89,14.0,7.25,1.2,1.9,2.01,2.0,1.89,ok,
1618172620,08.11 17:30,Hoffenheim,RB Leipzig,ok,,26.10 23:12,08.11 17:32,2.46,3.68,2.62,2.84,3.95,2.37,0.25,1.66,2.36,1.85,2.09,3.25,1.9,1.9,1.9,2.01,2.84,3.95,2.37,1.85,2.09,1.9,2.01,ok,
1618172621,08.11 17:30,Hamburger SV,Borussia Dortmund,ok,,26.10 23:13,08.11 17:32,4.27,4.1,1.7,4.13,3.87,1.89,0.5,2.21,1.75,2.03,1.9,3.0,1.83,1.97,1.98,1.93,4.13,3.87,1.89,2.03,1.9,1.98,1.93,ok,
1618174870,08.11 16:00,Girona,Alaves,ok,,26.10 23:13,08.11 16:00,2.16,3.24,3.45,2.15,3.39,3.74,-0.25,1.9,1.84,1.85,2.09,2.25,1.97,1.78,1.86,2.06,2.15,3.39,3.74,1.85,2.09,1.86,2.06,ok,
1618174888,08.11 17:00,Lecce,Hellas Verona,ok,,30.10 00:57,08.11 16:59,2.6,2.94,2.99,2.85,2.75,3.19,0.0,1.78,2.06,1.85,2.08,1.75,1.66,2.35,1.81,2.11,2.85,2.75,3.19,1.85,2.08,1.82,2.11,ok,
1618174895,08.11 17:30,Bayer Leverkusen,Heidenheim,ok,,26.10 23:13,08.11 17:32,1.29,5.85,7.96,1.44,4.98,6.94,-1.25,1.66,2.36,1.98,1.94,3.0,1.6,2.46,1.9,2.01,1.44,4.98,6.94,1.98,1.94,1.9,2.01,ok,
1618180987,08.11 18:15,Sevilla,Osasuna,ok,,26.10 23:13,08.11 18:14,1.93,3.4,3.96,2.4,3.15,3.4,-0.25,1.67,2.2,2.04,1.88,2.5,2.12,1.71,2.07,1.85,2.4,3.15,3.4,2.04,1.88,2.07,1.85,ok,
1618181087,08.11 19:00,Marseille,Brest,ok,,30.10 00:57,08.11 19:00,1.43,4.68,6.44,1.52,4.68,6.14,-1.0,1.68,2.18,1.85,2.08,3.0,2.01,1.81,2.02,1.89,1.52,4.68,6.14,1.85,2.08,2.02,1.89,ok,
1618181120,08.11 20:00,Juventus,Torino,ok,,30.10 00:57,08.11 19:58,1.42,4.36,7.39,1.49,4.25,7.72,-1.0,1.76,2.2,1.85,2.08,2.5,1.98,1.82,1.95,1.95,1.5,4.22,7.63,1.87,2.06,1.95,1.95,ok,
1618192264,08.11 20:30,Atletico Madrid,Levante,ok,,26.10 23:13,08.11 20:45,1.25,6.9,12.03,1.23,6.82,11.98,-1.75,1.92,2.01,1.85,2.04,3.25,2.08,1.82,2.0,1.87,1.23,6.82,11.98,1.85,2.04,2.0,1.87,ok,
1618192265,08.11 20:30,Borussia Monchengladbach,FC Koln,ok,,26.10 23:13,08.11 20:29,2.26,3.66,2.91,2.07,3.74,3.58,-0.5,2.32,1.68,2.08,1.85,3.0,1.83,1.98,1.93,1.98,2.07,3.74,3.58,2.08,1.85,1.93,1.98,ok,
1618203058,08.11 22:45,Parma,AC Milan,ok,,30.10 00:57,08.11 22:45,4.74,3.92,1.67,7.11,4.14,1.53,1.0,1.68,2.18,1.99,1.93,2.5,1.76,2.05,2.07,1.85,7.11,4.14,1.53,1.99,1.93,2.07,1.85,ok,
1618203065,08.11 23:00,Espanyol,Villarreal,ok,,26.10 23:13,08.11 22:59,3.32,3.49,2.11,2.88,3.38,2.6,0.0,2.53,1.59,2.07,1.86,2.5,1.83,2.07,1.99,1.92,2.89,3.35,2.61,2.07,1.87,2.03,1.88,ok,
1618206883,08.11 23:05,Monaco,Lens,ok,,30.10 00:57,08.11 22:56,1.75,4.05,4.07,2.02,3.84,3.65,-0.5,1.79,2.14,2.03,1.89,3.0,1.81,1.99,1.87,2.04,2.02,3.84,3.65,2.03,1.89,1.87,2.04,ok,
1618211394,08.11 21:00,Le Havre,Nantes,ok,,30.10 00:57,08.11 21:01,2.07,3.35,3.58,1.92,3.41,4.67,-0.5,2.07,1.76,1.93,2.0,2.25,1.81,2.01,1.88,2.02,1.92,3.41,4.67,1.93,2.0,1.88,2.02,ok,
1618298011,09.11 14:30,Atalanta,Sassuolo,ok,,30.10 00:57,09.11 14:29,1.48,4.76,6.78,1.5,4.5,7.1,-1.25,2.01,1.81,2.12,1.83,2.75,1.85,1.96,1.89,2.01,1.5,4.5,7.1,2.12,1.83,1.89,2.01,ok,
1618303019,09.11 16:00,Athletic Bilbao,Real Oviedo,ok,,26.10 23:14,09.11 15:57,1.35,4.74,8.44,1.6,3.68,7.2,-1.0,1.61,2.48,2.14,1.81,2.25,1.71,2.25,2.1,1.83,1.6,3.68,7.2,2.14,1.81,2.1,1.83,ok,
1618303054,09.11 17:00,Bologna,Napoli,ok,,30.10 00:58,09.11 16:52,2.94,2.99,2.59,3.07,2.99,2.72,0.0,2.04,1.79,2.09,1.85,2.0,1.82,1.99,1.99,1.92,3.06,2.99,2.73,2.08,1.85,1.99,1.92,ok,
1618303069,09.11 17:30,Freiburg,St. Pauli,ok,,26.10 23:14,09.11 17:23,1.74,3.76,4.47,1.78,3.62,5.17,-0.75,1.96,1.85,2.03,1.9,2.5,1.85,1.96,2.03,1.88,1.78,3.62,5.17,2.03,1.9,2.03,1.88,ok,
1618304766,09.11 17:00,Lorient,Toulouse,ok,,30.10 00:58,09.11 16:56,2.96,3.29,2.39,3.26,3.25,2.42,0.25,1.78,2.06,1.86,2.07,2.25,1.73,2.22,1.92,1.99,3.26,3.25,2.42,1.86,2.07,1.92,1.99,ok,
1618307420,09.11 17:00,Genoa,Fiorentina,ok,,30.10 00:58,09.11 16:59,2.85,2.93,2.73,3.05,2.9,2.82,0.0,1.95,1.87,2.04,1.88,1.75,1.65,2.36,1.81,2.13,3.05,2.9,2.82,2.04,1.88,1.81,2.12,ok,
1618313207,09.11 18:15,Rayo Vallecano,Real Madrid,ok,,26.10 23:14,09.11 18:09,4.18,3.99,1.74,6.21,4.65,1.52,1.0,1.62,2.31,2.04,1.88,3.0,1.98,1.83,1.85,2.07,6.21,4.65,1.52,2.04,1.88,1.85,2.07,ok,
1618314563,09.11 19:15,Angers,Auxerre,ok,,30.10 00:58,09.11 19:08,2.74,3.26,2.82,2.61,3.12,3.09,0.0,1.93,1.99,1.81,2.14,2.0,1.57,2.54,1.81,2.11,2.62,3.11,3.09,1.81,2.14,1.83,2.09,ok,
1618314564,09.11 19:15,Metz,Nice,ok,,30.10 00:58,09.11 19:14,3.85,3.74,1.86,3.21,3.67,2.25,0.25,2.34,1.68,1.96,1.96,2.75,1.87,1.93,1.89,2.02,3.26,3.67,2.23,1.98,1.94,1.88,2.02,ok,
1618314582,09.11 19:30,Stuttgart,Augsburg,ok,,26.10 23:14,09.11 19:30,1.43,4.83,6.02,1.56,4.55,5.73,-1.0,1.73,2.24,1.92,2.01,3.25,1.97,1.83,2.07,1.85,1.56,4.55,5.73,1.92,2.01,2.07,1.85,ok,
1618315801,09.11 19:15,Strasbourg,Lille,ok,,30.10 00:58,09.11 19:15,2.81,3.34,2.47,2.84,3.66,2.49,0.0,2.04,1.79,2.1,1.84,3.0,2.47,1.6,2.07,1.85,2.84,3.66,2.49,2.1,1.84,2.07,1.85,ok,
1618323259,09.11 20:00,Roma,Udinese,ok,,30.10 00:58,09.11 19:57,1.54,4.03,5.85,1.56,3.97,7.11,-1.0,1.95,1.85,1.99,1.93,2.25,1.74,2.21,1.87,2.05,1.56,3.97,7.11,1.99,1.93,1.87,2.05,ok,
1618323271,09.11 20:30,Mallorca,Getafe,ok,,26.10 23:14,09.11 20:29,2.24,2.94,3.67,2.62,2.83,3.41,-0.25,1.88,1.93,2.18,1.78,1.75,1.78,2.14,1.93,1.95,2.62,2.83,3.41,2.18,1.78,1.94,1.94,ok,
1618323311,09.11 21:30,Eintracht Frankfurt,Mainz 05,ok,,26.10 23:14,09.11 21:28,1.76,4.12,3.91,1.88,3.94,4.09,-0.5,1.76,2.06,1.89,2.04,3.0,1.68,2.16,1.95,1.95,1.88,3.94,4.09,1.89,2.04,1.95,1.95,ok,
1618323348,09.11 20:30,Valencia,Real Betis,ok,,26.10 23:14,09.11 20:27,2.64,3.33,2.63,3.57,3.52,2.16,0.25,1.64,2.26,2.07,1.87,2.5,1.85,1.95,1.99,1.92,3.59,3.52,2.15,2.08,1.85,1.99,1.92,ok,
1618329848,09.11 22:45,Lyon,Paris Saint-Germain,ok,,30.10 00:58,09.11 22:44,3.59,4.03,1.86,5.98,4.14,1.6,1.0,1.57,2.56,1.9,2.03,2.75,1.54,2.6,2.02,1.88,5.98,4.14,1.6,1.9,2.03,2.02,1.88,ok,
1618329849,09.11 22:45,Internazionale,Lazio,ok,,30.10 00:58,09.11 22:43,1.53,4.18,5.62,1.32,5.51,10.55,-1.5,2.6,1.56,1.95,1.97,2.75,1.96,1.85,2.05,1.86,1.32,5.51,10.55,1.95,1.97,2.05,1.86,ok,
1618333067,09.11 23:00,Celta Vigo,Barcelona,ok,,26.10 23:14,09.11 23:00,4.03,4.16,1.74,4.26,4.3,1.77,0.75,1.88,1.93,1.94,1.98,3.5,2.16,1.76,2.02,1.88,4.26,4.3,1.77,1.94,1.98,2.02,1.88,ok,
1618899362,22.11 21:00,Rennes,Monaco,ok,,06.11 13:43,22.11 20:59,2.88,3.58,2.3,2.46,3.69,2.85,0.0,2.15,1.7,1.83,2.12,3.0,1.98,1.83,1.87,2.04,2.46,3.69,2.85,1.83,2.12,1.87,2.04,ok,
1618899363,22.11 17:30,Augsburg,Hamburger SV,ok,,06.11 13:44,22.11 17:19,2.16,3.63,3.11,2.53,3.46,2.91,0.0,1.61,2.33,1.83,2.11,2.75,1.83,1.97,2.03,1.88,2.53,3.46,2.91,1.83,2.11,2.03,1.88,ok,
1618899364,22.11 17:00,Cagliari,Genoa,ok,,06.11 13:45,22.11 17:00,2.82,2.91,2.76,3.43,2.83,2.62,0.25,1.65,2.39,1.78,2.18,1.75,1.66,2.34,1.9,2.0,3.43,2.83,2.62,1.78,2.18,1.9,2.0,ok,
1618899365,23.11 20:00,Lazio,Lecce,ok,,06.11 13:46,23.11 19:59,1.5,4.11,6.35,1.85,3.23,5.43,-0.5,1.53,2.67,1.87,2.07,2.0,1.52,2.68,2.02,1.89,1.85,3.23,5.43,1.87,2.07,2.02,1.89,ok,
1618899366,23.11 17:30,RB Leipzig,Werder Bremen,ok,,06.11 13:44,23.11 17:29,1.62,4.49,4.41,1.55,4.8,5.59,-1.0,2.01,1.82,1.87,2.06,3.5,1.9,1.9,1.93,1.97,1.56,4.77,5.6,1.88,2.06,1.96,1.94,ok,
1618899367,22.11 23:05,Paris Saint-Germain,Le Havre,ok,,06.11 13:43,22.11 23:06,1.09,11.23,18.13,1.22,7.19,13.08,-1.75,1.41,3.12,1.89,2.01,3.0,1.41,3.06,1.9,1.99,1.22,7.19,13.08,1.89,2.01,1.9,1.99,ok,
1618899368,22.11 19:00,Lens,Strasbourg,ok,,06.11 13:43,22.11 18:56,1.89,3.74,3.74,2.2,3.62,3.37,-0.25,1.66,2.23,1.92,2.01,2.75,1.86,1.94,1.85,2.06,2.2,3.62,3.37,1.92,2.01,1.85,2.06,ok,
1618899369,21.11 22:30,Mainz 05,Hoffenheim,ok,,06.11 13:44,21.11 22:27,1.93,3.77,3.56,2.54,3.57,2.83,0.0,1.46,2.72,1.86,2.07,2.75,1.73,2.09,1.9,2.01,2.54,3.57,2.83,1.86,2.07,1.9,2.01,ok,
1618899372,23.11 19:30,St. Pauli,Union Berlin,ok,,06.11 13:44,23.11 19:29,2.06,3.34,3.6,2.73,3.01,3.04,0.0,1.49,2.63,1.86,2.07,2.0,1.56,2.57,1.93,1.97,2.73,3.01,3.04,1.86,2.07,1.93,1.97,ok,
1618899373,22.11 17:30,Heidenheim,Borussia Monchengladbach,ok,,06.11 13:44,22.11 17:30,2.63,3.52,2.53,3.44,3.74,2.13,0.25,1.72,2.26,2.08,1.86,2.75,1.77,2.16,1.84,2.08,3.44,3.74,2.13,2.08,1.86,1.84,2.08,ok,
1618899374,21.11 23:00,Valencia,Levante,ok,,06.11 13:47,21.11 22:59,1.9,3.51,3.97,2.06,3.52,3.87,-0.5,1.91,1.91,2.07,1.87,2.5,1.95,1.85,2.06,1.86,2.06,3.52,3.87,2.07,1.87,2.06,1.86,ok,
1618899375,23.11 23:00,Elche,Real Madrid,ok,,06.11 13:48,23.11 22:59,6.98,5.24,1.43,7.02,5.24,1.43,1.25,1.95,1.86,1.95,1.97,3.0,1.76,2.05,1.88,2.04,7.02,5.23,1.43,1.95,1.97,1.88,2.03,ok,
1618899376,22.11 16:00,Alaves,Celta Vigo,ok,,06.11 13:47,22.11 15:59,2.6,3.01,2.91,2.78,3.02,2.98,0.0,1.81,2.03,1.89,2.03,2.25,2.07,1.76,2.11,1.81,2.78,3.02,2.98,1.89,2.03,2.11,1.81,ok,
1618917103,21.11 22:45,Nice,Marseille,ok,,06.11 13:43,21.11 22:43,3.35,3.59,2.06,3.86,3.66,2.02,0.5,1.76,2.06,1.9,2.02,2.75,1.85,1.94,1.95,1.95,3.86,3.66,2.02,1.9,2.02,1.95,1.95,ok,
1618917104,22.11 22:45,Napoli,Atalanta,ok,,06.11 13:45,22.11 22:50,2.18,3.45,3.57,2.41,3.07,3.49,-0.25,1.88,2.04,2.04,1.89,2.25,1.8,2.11,2.02,1.88,2.41,3.07,3.49,2.04,1.89,2.02,1.88,ok,
1618917107,22.11 17:00,Udinese,Bologna,ok,,06.11 13:45,22.11 17:00,3.44,3.18,2.2,3.18,3.05,2.6,0.0,2.53,1.59,2.18,1.78,2.0,1.69,2.28,1.95,1.95,3.18,3.05,2.6,2.18,1.78,1.95,1.95,ok,
1618917109,24.11 20:30,Torino,Como,ok,,06.11 13:46,24.11 20:29,3.11,3.2,2.34,3.84,3.11,2.24,0.25,1.82,2.01,2.02,1.9,2.0,1.59,2.49,1.83,2.09,3.84,3.11,2.24,2.02,1.9,1.82,2.1,ok,
1618917110,23.11 19:15,Toulouse,Angers,ok,,06.11 13:43,23.11 19:14,1.5,4.16,6.2,1.72,3.73,5.55,-0.75,1.68,2.33,1.94,1.98,2.25,1.71,2.24,1.94,1.96,1.72,3.73,5.55,1.94,1.98,1.94,1.96,ok,
1618917111,23.11 19:15,Brest,Metz,ok,,06.11 13:43,23.11 19:13,1.58,4.06,5.26,1.87,3.81,4.31,-0.5,1.62,2.44,1.88,2.05,2.75,1.98,1.83,2.0,1.91,1.88,3.8,4.27,1.89,2.04,2.0,1.91,ok,
1618917114,22.11 17:30,Bayern Munich,Freiburg,ok,,06.11 13:44,22.11 17:30,1.12,9.39,14.48,1.2,7.7,14.75,-2.25,1.81,2.0,2.07,1.85,3.5,1.78,2.14,2.03,1.86,1.2,7.7,14.75,2.07,1.85,2.03,1.86,ok,
1618917115,23.11 14:30,Hellas Verona,Parma,ok,,06.11 13:46,23.11 14:29,2.4,3.03,3.18,2.21,3.0,4.15,-0.25,2.04,1.79,1.85,2.08,2.0,1.78,2.04,1.78,2.13,2.21,2.99,4.15,1.86,2.08,1.81,2.12,ok,
1618917116,22.11 17:30,Wolfsburg,Bayer Leverkusen,ok,,06.11 13:44,22.11 17:30,2.95,3.59,2.26,3.54,3.85,2.04,0.5,1.64,2.26,1.88,2.05,3.25,2.2,1.66,2.04,1.87,3.54,3.85,2.04,1.88,2.05,2.04,1.87,ok,
1618917117,23.11 22:45,Internazionale,AC Milan,ok,,06.11 13:46,23.11 22:45,1.83,3.67,4.05,2.06,3.25,4.23,-0.5,1.84,1.97,2.07,1.86,2.25,1.63,2.4,1.86,2.05,2.06,3.25,4.23,2.07,1.86,1.86,2.05,ok,
1618917118,22.11 20:00,Fiorentina,Juventus,ok,,06.11 13:45,22.11 20:00,3.67,3.33,2.04,4.08,3.38,2.05,0.5,1.79,2.05,1.87,2.06,2.25,1.82,1.98,1.93,1.97,4.08,3.38,2.05,1.87,2.06,1.93,1.97,ok,
1618917120,24.11 23:00,Espanyol,Sevilla,ok,,06.11 13:48,24.11 22:59,2.14,3.26,3.47,1.84,3.82,4.47,-0.5,2.2,1.75,1.85,2.09,2.5,2.18,1.75,1.92,1.99,1.84,3.82,4.47,1.85,2.09,1.92,1.99,ok,
1618917121,23.11 16:00,Real Oviedo,Rayo Vallecano,ok,,06.11 13:48,23.11 15:59,2.92,3.15,2.51,3.61,3.2,2.28,0.25,1.76,2.2,1.98,1.94,2.25,1.85,1.94,2.01,1.9,3.63,3.17,2.29,1.98,1.94,2.01,1.89,ok,
1618917122,22.11 23:00,Villarreal,Mallorca,ok,,06.11 13:48,22.11 22:58,1.45,4.53,6.37,1.41,5.05,7.94,-1.25,2.01,1.81,1.92,2.01,2.75,1.86,1.93,1.85,2.06,1.41,5.05,7.94,1.92,2.01,1.85,2.06,ok,
1618917123,23.11 20:30,Getafe,Atletico Madrid,ok,,06.11 13:48,23.11 20:29,4.51,3.21,1.88,4.94,3.34,1.88,0.5,1.93,1.89,2.03,1.9,2.0,1.89,1.91,2.08,1.84,4.94,3.34,1.88,2.03,1.9,2.08,1.84,ok,
1618918939,23.11 22:45,Lille,Paris FC,ok,,06.11 13:43,23.11 22:43,1.62,4.07,4.89,1.71,4.02,5.07,-0.75,1.8,2.03,1.92,2.01,2.75,1.86,1.94,1.99,1.92,1.71,4.02,5.07,1.92,2.01,1.99,1.92,ok,
1618918940,23.11 19:15,Nantes,Lorient,ok,,06.11 13:43,23.11 19:14,2.46,3.35,3.11,3.07,3.4,2.45,0.25,1.5,2.58,1.83,2.11,2.5,2.03,1.79,2.02,1.88,3.07,3.4,2.45,1.83,2.11,2.02,1.88,ok,
1618918941,23.11 17:00,Auxerre,Lyon,ok,,06.11 13:43,23.11 17:01,3.75,3.76,2.02,4.05,3.56,1.99,0.5,1.9,2.03,1.93,2.0,2.5,1.78,2.15,2.02,1.89,4.05,3.56,1.99,1.93,2.0,2.02,1.89,ok,
1618918942,23.11 17:00,Cremonese,Roma,ok,,06.11 13:46,23.11 16:59,5.39,3.96,1.59,5.71,3.44,1.75,0.75,2.13,1.8,1.92,2.01,2.25,1.69,2.27,2.01,1.89,5.75,3.4,1.76,1.91,2.02,2.07,1.85,ok,
1618918943,22.11 20:30,FC Koln,Eintracht Frankfurt,ok,,06.11 13:44,22.11 20:23,2.75,3.63,2.37,2.86,3.63,2.49,0.0,2.06,1.78,2.11,1.83,3.0,1.83,2.08,1.97,1.93,2.86,3.63,2.49,2.11,1.83,1.97,1.93,ok,
1618918944,24.11 22:45,Sassuolo,Pisa,ok,,06.11 13:46,24.11 22:44,2.0,3.32,3.82,2.04,3.29,4.28,-0.5,2.01,1.82,2.04,1.88,2.25,1.88,1.93,2.01,1.89,2.04,3.27,4.29,2.05,1.88,2.05,1.86,ok,
1618918945,22.11 17:30,Borussia Dortmund,Stuttgart,ok,,06.11 13:44,22.11 17:30,1.61,4.43,4.51,1.81,3.93,4.48,-0.75,1.76,2.06,2.04,1.88,3.0,1.62,2.27,1.98,1.93,1.81,3.93,4.48,2.04,1.88,1.98,1.93,ok,
1618918947,23.11 18:15,Real Betis,Girona,ok,,06.11 13:48,23.11 18:16,1.63,4.05,4.87,1.52,4.63,6.29,-1.25,2.48,1.6,2.11,1.83,3.0,2.22,1.72,1.85,2.06,1.52,4.63,6.29,2.11,1.83,1.85,2.06,ok,
1618918948,22.11 18:15,Barcelona,Athletic Bilbao,ok,,06.11 13:47,22.11 18:14,1.43,4.79,6.18,1.43,5.25,7.0,-1.25,1.96,1.86,1.93,1.99,3.25,2.18,1.67,1.97,1.93,1.43,5.25,7.0,1.93,1.99,1.97,1.93,ok,
1618921190,22.11 20:30,Osasuna,Real Sociedad,ok,,06.11 13:47,22.11 20:30,2.4,3.11,3.11,2.79,2.97,3.01,0.0,1.68,2.19,1.88,2.04,2.0,1.66,2.2,1.8,2.13,2.79,2.97,3.01,1.88,2.04,1.8,2.13,ok,
1619454341,30.11 19:15,Lorient,Nice,ok,,10.11 15:46,30.11 19:42,2.77,3.4,2.47,2.44,3.45,3.05,-0.25,2.4,1.57,2.11,1.83,2.75,1.96,1.84,2.06,1.86,2.44,3.45,3.05,2.11,1.83,2.06,1.86,ok,
1619454342,30.11 19:30,Eintracht Frankfurt,Wolfsburg,ok,,10.11 15:48,30.11 19:42,1.64,4.31,4.42,1.94,3.97,3.81,-0.5,1.68,2.32,1.95,1.97,3.25,1.88,1.92,2.03,1.88,1.94,3.97,3.81,1.95,1.97,2.03,1.88,ok,
1619454343,29.11 17:30,Bayern Munich,St. Pauli,ok,,10.11 15:47,29.11 17:29,1.07,12.51,19.33,1.13,10.5,23.0,-2.5,1.8,2.13,2.0,1.91,3.75,1.81,1.96,2.0,1.88,1.13,10.5,23.0,1.98,1.93,1.99,1.89,ok,
1619454344,29.11 20:30,Bayer Leverkusen,Borussia Dortmund,ok,,10.11 15:48,29.11 20:29,2.5,3.56,2.64,2.77,3.57,2.59,0.0,1.85,1.96,2.03,1.89,3.0,1.87,1.93,1.97,1.93,2.77,3.57,2.59,2.03,1.89,1.97,1.93,ok,
1619454345,29.11 17:30,Union Berlin,Heidenheim,ok,,10.11 15:48,29.11 17:26,1.73,3.81,4.46,1.61,3.93,6.35,-1.0,2.39,1.65,2.09,1.85,2.25,1.62,2.42,1.92,1.99,1.61,3.93,6.35,2.09,1.85,1.92,1.99,ok,
1619454346,30.11 22:45,Roma,Napoli,ok,,10.11 15:49,30.11 22:43,2.42,3.04,3.15,2.88,2.75,3.16,0.0,1.72,2.26,1.88,2.06,1.75,1.59,2.5,1.81,2.12,2.88,2.75,3.16,1.88,2.06,1.81,2.12,ok,
1619454347,01.12 22:45,Bologna,Cremonese,ok,,10.11 15:50,01.12 22:43,1.42,4.34,7.33,1.54,4.15,6.97,-1.0,1.71,2.13,1.93,2.0,2.5,1.99,1.82,1.9,2.01,1.54,4.15,6.97,1.93,2.0,1.9,2.01,ok,
1619454348,30.11 17:00,Pisa,Internazionale,ok,,10.11 15:49,30.11 17:11,7.41,4.78,1.38,12.05,6.55,1.25,1.75,1.53,2.48,1.95,1.95,3.0,2.21,1.66,1.92,1.97,12.05,6.55,1.25,1.95,1.95,1.92,1.97,ok,
1619454349,29.11 23:00,Atletico Madrid,Real Oviedo,ok,,10.11 15:50,29.11 22:59,1.18,6.83,13.21,1.25,6.26,12.93,-1.75,1.81,2.11,1.97,1.93,2.75,1.8,2.12,1.83,2.08,1.25,6.26,12.93,1.97,1.93,1.83,2.08,ok,
1619454453,29.11 17:00,Parma,Udinese,ok,,10.11 15:49,29.11 17:04,2.43,3.14,3.02,2.94,2.99,2.83,0.0,1.76,2.2,2.0,1.93,2.25,1.88,1.92,2.0,1.91,2.94,2.99,2.83,2.0,1.93,2.0,1.91,ok,
1619454454,30.11 20:00,Atalanta,Fiorentina,ok,,10.11 15:49,30.11 19:59,1.68,3.87,4.76,1.64,3.93,5.9,-0.75,1.88,1.94,1.83,2.12,2.5,1.81,2.0,1.9,2.01,1.64,3.93,5.86,1.83,2.11,1.9,2.01,ok,
1619454455,29.11 20:30,Levante,Athletic Bilbao,ok,,10.11 15:50,29.11 20:26,3.7,3.33,2.03,3.97,3.51,2.03,0.5,1.79,2.04,1.88,2.04,2.5,2.15,1.78,2.09,1.83,3.97,3.51,2.03,1.88,2.04,2.09,1.83,ok,
1619454456,29.11 23:05,Marseille,Toulouse,ok,,10.11 15:46,29.11 23:04,1.65,4.17,5.47,1.68,4.06,5.26,-0.75,1.83,2.12,1.87,2.06,2.75,2.07,1.83,1.95,1.95,1.68,4.06,5.26,1.87,2.06,1.95,1.95,ok,
1619454457,30.11 18:15,Sevilla,Real Betis,ok,,10.11 15:51,30.11 18:14,2.69,3.16,2.69,2.73,3.33,2.77,0.0,1.96,1.79,1.94,1.98,2.5,1.9,1.92,2.08,1.84,2.71,3.33,2.79,1.93,1.99,2.08,1.84,ok,
1619454458,30.11 20:30,Celta Vigo,Espanyol,ok,,10.11 15:51,30.11 20:32,1.79,3.64,4.31,1.93,3.53,4.41,-0.5,1.8,2.03,1.93,1.99,2.5,1.92,1.88,2.03,1.88,1.93,3.53,4.41,1.93,1.99,2.03,1.88,ok,
1619454459,30.11 14:30,Lecce,Torino,ok,,10.11 15:49,30.11 14:28,2.86,2.99,2.66,3.13,2.91,2.75,0.0,1.98,1.84,2.1,1.84,2.0,1.82,1.99,1.97,1.93,3.13,2.91,2.75,2.1,1.84,1.97,1.93,ok,
1619456910,30.11 22:45,Lyon,Nantes,ok,,10.11 15:47,30.11 22:36,1.41,4.74,6.77,1.41,4.94,8.02,-1.25,1.92,1.9,1.93,1.99,2.75,1.8,2.01,1.96,1.94,1.42,4.9,7.88,1.95,1.97,1.97,1.93,ok,
1619456911,30.11 19:15,Angers,Lens,ok,,10.11 15:46,30.11 19:42,4.04,3.67,1.84,5.36,3.85,1.71,0.75,1.78,2.16,2.01,1.92,2.75,2.08,1.83,2.01,1.9,5.36,3.85,1.71,2.01,1.92,2.01,1.9,ok,
1619456912,29.11 19:00,Monaco,Paris Saint-Germain,ok,,10.11 15:46,29.11 19:01,3.6,3.97,1.87,4.58,4.37,1.7,0.75,1.72,2.11,2.04,1.89,3.25,1.91,1.89,1.88,2.03,4.58,4.37,1.7,2.04,1.89,1.88,2.03,ok,
1619456913,29.11 17:30,Werder Bremen,FC Koln,ok,,10.11 15:48,29.11 17:25,1.99,3.98,3.62,2.22,3.82,3.17,-0.25,1.75,2.2,1.95,1.97,3.0,1.84,1.96,1.89,2.02,2.22,3.82,3.17,1.94,1.98,1.89,2.02,ok,
1619456914,29.11 22:45,AC Milan,Lazio,ok,,10.11 15:49,29.11 22:42,1.63,3.91,5.05,1.69,3.74,5.67,-0.75,1.82,2.0,1.92,2.01,2.25,1.67,2.33,1.87,2.04,1.69,3.74,5.67,1.92,2.01,1.87,2.04,ok,
1619456915,28.11 23:00,Getafe,Elche,ok,,10.11 15:50,28.11 22:58,2.02,3.01,4.25,2.34,2.95,3.83,-0.25,1.75,2.21,1.96,1.96,2.0,2.16,1.77,2.07,1.85,2.35,2.94,3.81,1.97,1.95,2.07,1.85,ok,
1619456916,28.11 22:45,Metz,Rennes,ok,,10.11 15:46,28.11 22:44,3.49,3.57,2.01,3.85,3.95,1.93,0.5,1.81,2.02,1.98,1.94,3.0,2.32,1.68,1.99,1.92,3.88,3.97,1.93,1.99,1.93,1.98,1.92,ok,
1619456917,30.11 19:15,Le Havre,Lille,ok,,10.11 15:46,30.11 19:13,4.28,3.75,1.77,4.67,3.8,1.81,0.75,1.82,2.01,1.87,2.06,2.5,1.83,2.07,1.93,1.98,4.67,3.8,1.81,1.87,2.06,1.93,1.98,ok,
1619456918,29.11 20:00,Juventus,Cagliari,ok,,10.11 15:49,29.11 20:01,1.32,5.05,8.71,1.23,6.55,13.94,-1.75,2.37,1.66,1.89,2.02,3.0,2.39,1.64,2.01,1.88,1.23,6.55,13.94,1.89,2.02,2.01,1.88,ok,
1619456919,29.11 17:00,Genoa,Hellas Verona,ok,,10.11 15:49,29.11 17:04,1.99,3.11,4.21,2.09,2.84,5.06,-0.5,1.99,1.83,2.1,1.84,1.75,1.71,2.25,1.91,2.0,2.09,2.84,5.06,2.1,1.84,1.91,2.0,ok,
1619456920,29.11 16:00,Mallorca,Osasuna,ok,,10.11 15:50,29.11 15:58,2.65,2.98,2.88,2.5,3.05,3.34,-0.25,2.24,1.65,2.11,1.83,2.25,2.11,1.71,2.12,1.81,2.5,3.05,3.34,2.11,1.83,2.12,1.81,ok,
1619456921,28.11 22:45,Como,Sassuolo,ok,,10.11 15:49,28.11 22:44,1.59,4.02,5.24,1.82,3.56,4.95,-0.75,1.81,2.13,2.08,1.85,2.5,1.8,2.01,1.92,1.99,1.82,3.56,4.95,2.08,1.85,1.92,1.99,ok,
1619456922,01.12 23:00,Rayo Vallecano,Valencia,ok,,10.11 15:52,01.12 22:59,1.89,3.44,4.1,2.07,3.28,4.16,-0.5,1.9,1.92,2.08,1.85,2.25,1.81,1.99,2.0,1.91,2.07,3.28,4.16,2.08,1.85,2.0,1.91,ok,
1619456923,29.11 18:15,Barcelona,Alaves,ok,,10.11 15:50,29.11 18:13,1.2,6.98,10.58,1.25,6.71,11.25,-1.75,1.73,2.09,1.95,1.95,3.25,1.74,2.06,1.83,2.04,1.25,6.71,11.25,1.95,1.95,1.83,2.04,ok,
1619457694,30.11 17:00,Strasbourg,Brest,ok,,10.11 15:46,30.11 16:58,1.79,3.73,4.18,1.83,3.89,4.35,-0.75,2.09,1.83,2.08,1.85,2.75,1.99,1.81,1.89,2.02,1.83,3.89,4.35,2.08,1.85,1.89,2.02,ok,
1619457695,29.11 21:00,Paris FC,Auxerre,ok,,10.11 15:46,29.11 20:59,1.67,3.93,4.73,1.9,3.64,4.39,-0.5,1.71,2.28,1.91,2.02,2.5,1.79,2.12,1.98,1.93,1.91,3.6,4.4,1.92,2.01,2.02,1.88,ok,
1619457696,28.11 22:30,Borussia Monchengladbach,RB Leipzig,ok,,10.11 15:47,28.11 22:30,2.72,3.8,2.32,3.0,3.86,2.3,0.25,1.79,2.05,1.91,2.02,3.25,1.81,2.1,1.99,1.92,3.0,3.86,2.3,1.91,2.02,1.99,1.92,ok,
1619457697,30.11 17:30,Hamburger SV,Stuttgart,ok,,10.11 15:48,30.11 17:28,2.71,3.6,2.42,2.81,3.56,2.56,0.0,2.03,1.81,2.06,1.88,2.75,1.65,2.23,1.88,2.03,2.8,3.55,2.57,2.05,1.88,1.88,2.03,ok,
1619457698,30.11 21:30,Freiburg,Mainz 05,ok,,10.11 15:48,30.11 21:29,2.07,3.51,3.4,1.79,3.73,4.92,-0.75,2.49,1.6,2.03,1.9,2.75,2.0,1.81,1.98,1.93,1.79,3.73,4.92,2.03,1.9,1.98,1.93,ok,
1619457699,29.11 17:30,Hoffenheim,Augsburg,ok,,10.11 15:48,29.11 17:25,1.71,3.98,4.33,1.76,4.14,4.53,-0.75,1.92,1.9,1.97,1.95,3.0,2.01,1.8,1.95,1.95,1.76,4.14,4.53,1.97,1.95,1.95,1.95,ok,
1619457700,30.11 16:00,Real Sociedad,Villarreal,ok,,10.11 15:51,30.11 16:00,2.46,3.33,2.83,2.92,3.35,2.59,0.0,1.79,2.05,2.09,1.85,2.5,1.84,1.96,1.88,2.03,2.92,3.35,2.59,2.09,1.85,1.88,2.03,ok,
1619457701,30.11 23:00,Girona,Real Madrid,ok,,10.11 15:51,30.11 22:59,5.48,4.8,1.47,7.03,5.7,1.38,1.5,1.65,2.24,1.92,2.01,3.5,2.02,1.78,1.96,1.93,7.09,5.75,1.37,1.94,1.98,1.93,1.97,ok,
1619883996,05.12 21:00,Brest,Monaco,ok,,23.11 23:43,05.12 20:59,3.0,3.56,2.24,3.61,3.85,2.03,0.5,1.7,2.3,1.88,2.04,3.0,2.02,1.79,1.9,2.0,3.61,3.85,2.03,1.88,2.04,1.9,2.0,ok,
1619884022,05.12 22:30,Mainz 05,Borussia Monchengladbach,ok,,23.11 23:43,05.12 22:29,1.92,3.83,3.57,2.78,3.45,2.64,0.0,1.49,2.82,2.01,1.91,2.5,1.58,2.51,1.79,2.1,2.79,3.4,2.67,2.0,1.92,1.85,2.06,ok,
1619884038,05.12 23:00,Lille,Marseille,ok,,23.11 23:43,05.12 22:59,2.44,3.42,2.8,2.42,3.44,3.08,-0.25,2.17,1.78,2.09,1.85,2.75,1.92,1.88,2.01,1.89,2.4,3.42,3.14,2.07,1.86,2.05,1.87,ok,
1619902579,05.12 23:00,Real Oviedo,Mallorca,ok,,23.11 23:43,05.12 22:59,2.4,3.06,3.16,2.64,3.04,3.14,0.0,1.71,2.27,1.8,2.15,2.0,1.78,2.15,1.93,1.97,2.64,3.04,3.14,1.8,2.15,1.93,1.97,ok,
1619926442,06.12 16:00,Villarreal,Getafe,ok,,23.11 23:44,06.12 16:00,1.46,4.3,6.63,1.65,3.7,6.32,-0.75,1.58,2.38,1.85,2.08,2.25,1.8,1.94,1.95,1.95,1.65,3.7,6.32,1.85,2.08,1.95,1.95,ok,
1619926467,06.12 17:00,Sassuolo,Fiorentina,ok,,23.11 23:43,06.12 17:00,2.52,3.16,2.89,2.88,3.16,2.75,0.0,1.79,2.05,2.01,1.92,2.25,1.82,1.98,1.93,1.97,2.88,3.16,2.75,2.01,1.92,1.93,1.97,ok,
1619926479,06.12 17:30,Heidenheim,Freiburg,ok,,23.11 23:44,06.12 17:27,3.31,3.53,2.1,5.0,3.65,1.8,0.75,1.54,2.45,1.87,2.06,2.25,1.54,2.44,1.92,1.99,5.01,3.64,1.8,1.87,2.06,1.93,1.98,ok,
1619940463,06.12 17:30,FC Koln,St. Pauli,ok,,23.11 23:44,06.12 17:30,1.83,3.75,3.95,2.08,3.49,3.82,-0.5,1.84,1.97,2.09,1.85,2.5,1.75,2.19,1.99,1.89,2.08,3.49,3.82,2.09,1.85,1.99,1.89,ok,
1619940465,06.12 17:30,Stuttgart,Bayern Munich,ok,,23.11 23:44,06.12 17:30,4.77,4.73,1.54,4.8,4.74,1.63,1.0,1.95,1.87,1.93,1.99,3.75,1.99,1.81,2.01,1.9,4.8,4.74,1.63,1.93,1.99,2.01,1.9,ok,
1619940466,06.12 17:30,Augsburg,Bayer Leverkusen,ok,,23.11 23:44,06.12 17:30,3.57,3.79,1.93,3.57,3.5,2.16,0.25,2.23,1.74,2.06,1.87,2.75,1.76,2.17,1.91,2.0,3.57,3.5,2.16,2.06,1.87,1.91,2.0,ok,
1619942012,06.12 17:30,Wolfsburg,Union Berlin,ok,,23.11 23:44,06.12 17:30,2.19,3.48,3.15,2.06,3.48,3.92,-0.5,2.25,1.72,2.07,1.86,2.5,1.8,2.12,2.0,1.91,2.06,3.48,3.92,2.07,1.86,2.0,1.91,ok,
1619944566,06.12 18:15,Alaves,Real Sociedad,ok,,23.11 23:44,06.12 18:15,2.63,2.94,2.94,2.78,3.02,2.98,0.0,1.81,2.02,1.89,2.03,2.0,1.86,1.93,2.03,1.88,2.78,3.02,2.98,1.89,2.03,2.03,1.88,ok,
1619944579,06.12 19:00,Nantes,Lens,ok,,23.11 23:43,06.12 18:58,4.12,3.79,1.79,5.33,3.97,1.68,0.75,1.83,2.08,2.05,1.88,2.75,1.91,1.89,1.99,1.92,5.33,3.97,1.68,2.05,1.88,1.99,1.92,ok,
1619944609,06.12 20:00,Internazionale,Como,ok,,23.11 23:44,06.12 20:14,1.48,4.39,6.14,1.57,4.09,6.5,-1.0,1.8,2.03,1.97,1.95,2.75,1.93,1.88,1.96,1.94,1.57,4.09,6.5,1.97,1.95,1.96,1.94,ok,
1619944619,06.12 20:30,Real Betis,Barcelona,ok,,23.11 23:44,06.12 20:30,3.08,3.97,2.06,3.8,4.14,1.9,0.5,1.76,2.06,2.01,1.91,3.5,1.9,1.9,1.92,1.99,3.8,4.14,1.9,2.01,1.91,1.92,1.99,ok,
1619950132,06.12 20:30,RB Leipzig,Eintracht Frankfurt,ok,,23.11 23:44,06.12 20:29,1.94,4.06,3.3,1.77,4.12,4.44,-0.75,2.26,1.71,1.99,1.93,3.0,1.53,2.63,1.91,2.0,1.77,4.12,4.44,1.99,1.93,1.91,2.0,ok,
1619950177,06.12 22:45,Hellas Verona,Atalanta,ok,,23.11 23:44,06.12 22:46,3.94,3.49,1.91,5.82,3.71,1.69,0.75,1.71,2.27,2.02,1.91,2.5,1.97,1.83,2.01,1.89,5.82,3.71,1.69,2.02,1.91,2.01,1.89,ok,
1619950185,06.12 23:05,Paris Saint-Germain,Rennes,ok,,23.11 23:43,06.12 23:04,1.28,6.01,8.39,1.3,6.3,8.92,-1.75,1.98,1.83,2.01,1.9,3.5,2.0,1.81,1.89,1.99,1.3,6.3,8.92,2.01,1.9,1.89,1.99,ok,
1619954188,06.12 21:00,Toulouse,Strasbourg,ok,,23.11 23:43,06.12 20:57,2.21,3.57,3.39,2.65,3.31,2.87,0.0,1.61,2.48,1.88,2.04,2.5,1.88,2.04,2.09,1.83,2.65,3.31,2.87,1.88,2.04,2.09,1.83,ok,
1619954237,06.12 23:00,Athletic Bilbao,Atletico Madrid,ok,,23.11 23:44,06.12 22:56,3.18,3.17,2.32,3.0,3.2,2.62,0.0,2.33,1.68,2.1,1.84,2.25,1.9,1.9,1.92,1.99,3.0,3.2,2.62,2.1,1.84,1.92,1.99,ok,
1620020702,07.12 14:30,Cremonese,Lecce,ok,,23.11 23:44,07.12 14:29,2.4,3.11,3.1,2.41,3.02,3.56,-0.25,2.05,1.78,2.03,1.9,2.25,2.1,1.72,2.04,1.88,2.41,3.02,3.56,2.03,1.9,2.04,1.88,ok,
1620031268,07.12 16:00,Elche,Girona,ok,,23.11 23:45,07.12 15:59,2.26,3.28,3.18,2.15,3.36,3.76,-0.25,1.94,1.87,1.85,2.09,2.25,1.79,2.13,1.84,2.08,2.15,3.36,3.76,1.85,2.09,1.84,2.08,ok,
1620041061,07.12 17:00,Cagliari,Roma,ok,,23.11 23:44,07.12 16:59,4.81,3.62,1.72,6.4,3.5,1.7,0.75,1.87,1.95,1.98,1.93,2.25,1.82,1.99,2.09,1.83,6.25,3.45,1.72,1.96,1.96,2.1,1.83,ok,
1620041068,07.12 17:30,Hamburger SV,Werder Bremen,ok,,23.11 23:44,07.12 17:29,2.06,3.71,3.27,2.39,3.49,3.09,-0.25,1.81,2.02,2.07,1.86,2.75,1.74,2.2,2.0,1.91,2.43,3.49,3.03,2.11,1.83,2.0,1.91,ok,
1620041285,07.12 17:00,Nice,Angers,ok,,23.11 23:44,07.12 16:59,1.56,4.44,6.05,1.8,3.83,4.68,-0.75,1.7,2.29,2.05,1.88,2.5,1.77,2.16,1.92,1.99,1.81,3.79,4.69,2.06,1.87,1.96,1.94,ok,
1620053250,07.12 18:15,Valencia,Sevilla,ok,,23.11 23:45,07.12 18:13,2.28,3.2,3.24,2.0,3.48,4.13,-0.5,2.34,1.68,2.01,1.91,2.25,1.87,1.93,1.93,1.97,2.0,3.51,4.12,2.01,1.92,1.89,2.02,ok,
1620053294,07.12 19:15,Le Havre,Paris FC,ok,,23.11 23:44,07.12 19:13,2.85,3.31,2.46,2.92,3.24,2.66,0.0,2.06,1.77,2.06,1.87,2.25,1.68,2.31,1.88,2.01,2.92,3.24,2.66,2.06,1.87,1.88,2.01,ok,
1620053300,07.12 19:30,Borussia Dortmund,Hoffenheim,ok,,23.11 23:44,07.12 19:28,1.53,4.9,5.79,1.65,4.55,4.95,-1.0,1.83,2.1,2.06,1.88,3.5,2.2,1.74,2.04,1.88,1.65,4.55,4.95,2.06,1.87,2.04,1.88,ok,
1620056432,07.12 19:15,Auxerre,Metz,ok,,23.11 23:44,07.12 19:14,1.94,3.56,3.71,2.05,3.52,3.88,-0.5,1.95,1.87,2.06,1.87,2.5,1.82,1.98,2.03,1.88,2.05,3.52,3.88,2.06,1.87,2.03,1.88,ok,
1620062730,07.12 20:30,Espanyol,Rayo Vallecano,ok,,23.11 23:45,07.12 20:16,2.17,3.29,3.36,2.46,3.21,3.23,-0.25,1.88,1.94,2.1,1.84,2.25,1.88,1.93,2.11,1.82,2.46,3.21,3.23,2.1,1.84,2.11,1.82,ok,
1620062805,07.12 23:00,Real Madrid,Celta Vigo,ok,,23.11 23:45,07.12 22:55,1.27,6.14,8.1,1.28,6.3,11.0,-1.75,1.93,1.88,1.99,1.9,3.5,1.84,1.94,2.04,1.83,1.28,6.3,11.0,1.99,1.9,2.04,1.83,ok,
1620062842,07.12 20:00,Lazio,Bologna,ok,,23.11 23:44,07.12 19:57,2.7,3.0,2.81,2.35,3.11,3.52,-0.25,2.35,1.67,2.0,1.93,2.25,2.07,1.76,1.83,2.09,2.33,3.12,3.55,1.98,1.93,1.83,2.09,ok,
1620062911,07.12 22:45,Napoli,Juventus,ok,,23.11 23:44,07.12 22:44,2.27,3.2,3.64,2.71,2.84,3.24,0.0,1.58,2.55,1.79,2.15,1.75,1.6,2.48,1.8,2.14,2.69,2.84,3.26,1.78,2.17,1.78,2.12,ok,
1620066779,07.12 22:45,Lorient,Lyon,ok,,23.11 23:44,07.12 22:43,3.41,3.56,2.05,3.81,3.48,2.09,0.5,1.77,2.05,1.84,2.1,2.25,1.53,2.47,1.86,2.05,3.81,3.48,2.09,1.84,2.1,1.86,2.05,ok,
1620122242,08.12 20:00,Udinese,Genoa,ok,,23.11 23:45,08.12 19:57,2.42,3.02,3.16,2.51,2.94,3.46,-0.25,2.06,1.78,2.11,1.83,1.75,1.6,2.47,1.85,2.07,2.51,2.94,3.46,2.11,1.83,1.85,2.07,ok,
1620122243,08.12 23:00,Osasuna,Levante,ok,,23.11 23:45,08.12 22:59,1.78,3.58,4.47,1.7,4.0,5.12,-0.75,2.03,1.8,1.91,2.01,2.5,2.02,1.79,1.86,2.06,1.7,4.0,5.12,1.91,2.01,1.86,2.06,ok,
1620128139,08.12 17:00,Pisa,Parma,ok,,23.11 23:45,08.12 16:59,2.27,3.13,3.33,2.59,3.08,3.15,0.0,1.59,2.36,1.79,2.18,2.25,1.99,1.82,1.99,1.92,2.59,3.08,3.15,1.79,2.18,1.99,1.92,ok,
1620128140,08.12 22:45,Torino,AC Milan,ok,,23.11 23:45,08.12 22:44,4.05,3.49,1.89,5.84,3.77,1.67,0.75,1.73,2.24,2.05,1.88,2.5,2.0,1.81,2.07,1.85,5.68,3.71,1.7,2.0,1.92,2.08,1.84,ok,
1620133498,02.12 23:00,Barcelona,Atletico Madrid,ok,,24.11 00:34,02.12 22:59,1.74,4.13,4.02,1.69,4.45,4.6,-0.75,1.94,1.88,1.89,2.03,3.25,1.93,1.88,1.9,2.01,1.69,4.45,4.6,1.89,2.03,1.9,2.01,ok,
1620133509,03.12 21:00,Athletic Bilbao,Real Madrid,ok,,24.11 00:34,03.12 21:39,3.91,3.7,1.86,4.42,3.77,1.86,0.5,1.94,1.88,2.06,1.87,2.5,1.79,2.12,1.95,1.95,4.42,3.77,1.86,2.06,1.87,1.95,1.95,ok,
1620331120,12.12 22:45,Lecce,Pisa,ok,,30.11 23:11,12.12 22:45,2.27,3.02,3.46,2.56,2.86,3.49,-0.25,1.93,1.89,2.13,1.81,1.75,1.63,2.25,1.88,2.03,2.56,2.86,3.49,2.13,1.81,1.88,2.03,ok,
1620344967,12.12 22:30,Union Berlin,RB Leipzig,ok,,30.11 23:11,12.12 22:30,2.95,3.51,2.29,3.11,3.47,2.39,0.25,1.83,1.99,1.86,2.07,2.5,1.67,2.18,2.06,1.85,3.11,3.47,2.39,1.86,2.07,2.06,1.85,ok,
1620344971,12.12 22:45,Angers,Nantes,ok,,30.11 23:11,12.12 22:44,2.05,3.29,3.71,2.18,3.25,3.81,-0.25,1.76,2.07,1.86,2.07,2.25,1.88,1.92,2.13,1.81,2.18,3.25,3.81,1.86,2.07,2.13,1.81,ok,
1620344977,12.12 23:00,Real Sociedad,Girona,ok,,30.11 23:11,12.12 22:58,1.7,3.8,4.62,1.83,3.68,4.63,-0.5,1.75,2.2,1.85,2.09,2.5,1.85,1.95,2.0,1.91,1.83,3.68,4.63,1.85,2.09,2.0,1.91,ok,
1620372750,13.12 16:00,Atletico Madrid,Valencia,ok,,30.11 23:13,13.12 15:58,1.29,5.35,9.53,1.33,5.55,9.53,-1.5,1.98,1.85,1.97,1.95,3.0,2.21,1.65,1.99,1.92,1.33,5.57,9.48,1.97,1.95,1.95,1.95,ok,
1620376891,13.12 17:30,St. Pauli,Heidenheim,ok,,30.11 23:12,13.12 17:29,1.75,4.0,4.76,1.91,3.49,4.58,-0.5,1.75,2.2,1.92,2.01,2.25,1.6,2.45,2.0,1.91,1.91,3.49,4.58,1.92,2.01,2.0,1.91,ok,
1620376892,13.12 17:30,Hoffenheim,Hamburger SV,ok,,30.11 23:13,13.12 17:29,1.81,3.96,3.83,1.72,4.17,4.68,-0.75,2.04,1.78,1.93,1.99,3.0,1.87,1.93,2.02,1.88,1.72,4.16,4.68,1.93,1.99,2.03,1.88,ok,
1620395006,13.12 17:00,Torino,Cremonese,ok,,30.11 23:13,13.12 17:19,1.88,3.14,4.65,2.02,3.53,3.99,-0.5,1.89,1.93,2.03,1.89,2.5,2.15,1.69,2.04,1.88,2.02,3.53,3.99,2.03,1.89,2.04,1.88,ok,
1620395020,13.12 17:30,Borussia Monchengladbach,Wolfsburg,ok,,30.11 23:13,13.12 17:29,1.96,3.83,3.44,2.06,3.79,3.59,-0.5,1.96,1.85,2.07,1.87,3.0,1.88,1.93,2.04,1.88,2.06,3.79,3.59,2.07,1.87,2.04,1.88,ok,
1620398949,13.12 17:30,Eintracht Frankfurt,Augsburg,ok,,30.11 23:13,13.12 17:27,1.52,4.63,5.17,1.88,3.83,4.2,-0.5,1.52,2.54,1.89,2.03,2.5,1.45,2.69,1.88,2.03,1.88,3.83,4.2,1.89,2.03,1.88,2.03,ok,
1620398969,13.12 18:15,Mallorca,Elche,ok,,30.11 23:13,13.12 18:13,2.33,3.05,3.3,2.62,3.03,3.17,0.0,1.61,2.31,1.79,2.17,2.0,1.65,2.22,1.88,2.03,2.62,3.03,3.17,1.79,2.17,1.88,2.03,ok,
1620398997,13.12 19:00,Rennes,Brest,ok,,30.11 23:12,13.12 18:58,1.71,3.9,4.46,1.88,3.75,4.31,-0.5,1.76,2.2,1.89,2.03,2.75,1.9,1.9,1.98,1.93,1.88,3.75,4.31,1.89,2.04,1.98,1.93,ok,
1620399036,13.12 20:30,Barcelona,Osasuna,ok,,30.11 23:13,13.12 20:31,1.2,7.14,9.83,1.2,8.25,12.5,-2.0,1.92,1.88,1.87,2.04,3.75,1.92,1.87,2.0,1.89,1.2,8.25,12.5,1.87,2.04,2.0,1.89,ok,
1620401050,13.12 20:00,Parma,Lazio,ok,,30.11 23:13,13.12 19:56,3.38,3.44,2.1,4.01,3.21,2.14,0.25,2.0,1.83,2.12,1.83,2.25,1.91,1.89,2.07,1.85,4.01,3.21,2.14,2.12,1.83,2.07,1.85,ok,
1620401058,13.12 20:30,Bayer Leverkusen,FC Koln,ok,,30.11 23:13,13.12 20:29,1.36,5.33,6.72,1.81,4.25,4.08,-0.75,1.43,2.79,2.04,1.89,3.25,1.79,2.01,2.0,1.9,1.81,4.25,4.08,2.04,1.89,2.0,1.9,ok,
1620405579,13.12 21:00,Metz,Paris Saint-Germain,ok,,30.11 23:12,13.12 20:56,7.64,5.72,1.31,10.66,6.81,1.25,1.75,1.8,2.13,1.99,1.92,3.5,1.98,1.82,1.97,1.92,10.66,6.81,1.25,1.99,1.92,1.97,1.92,ok,
1620409472,13.12 22:45,Atalanta,Cagliari,ok,,30.11 23:13,13.12 22:44,1.36,4.93,7.41,1.36,5.18,9.53,-1.5,2.13,1.8,2.07,1.87,2.75,1.81,2.0,2.05,1.86,1.36,5.19,9.51,2.07,1.87,2.05,1.87,ok,
1620409480,13.12 23:05,Paris FC,Toulouse,ok,,30.11 23:12,13.12 23:04,2.36,3.34,2.95,2.83,3.19,2.78,0.0,1.75,2.2,1.98,1.94,2.25,1.68,2.31,1.97,1.93,2.85,3.14,2.8,1.98,1.94,1.99,1.92,ok,
1620412274,13.12 23:00,Getafe,Espanyol,ok,,30.11 23:13,13.12 22:59,2.27,3.07,3.4,2.74,2.8,3.28,0.0,1.58,2.39,1.8,2.16,1.5,1.59,2.34,1.83,2.09,2.74,2.8,3.28,1.8,2.16,1.83,2.09,ok,
1620456694,14.12 16:00,Sevilla,Real Oviedo,ok,,30.11 23:13,14.12 16:00,1.68,3.69,4.98,2.15,3.17,4.03,-0.25,1.51,2.75,1.83,2.11,2.0,1.57,2.55,1.81,2.11,2.15,3.17,4.03,1.83,2.11,1.81,2.11,ok,
1620481120,14.12 14:30,AC Milan,Sassuolo,ok,,30.11 23:13,14.12 14:31,1.34,5.0,8.0,1.51,4.35,7.2,-1.0,1.53,2.48,1.91,2.02,2.5,1.71,2.13,1.93,1.98,1.51,4.35,7.2,1.91,2.02,1.93,1.98,ok,
1620488365,14.12 17:00,Lyon,Le Havre,ok,,30.11 23:13,14.12 16:59,1.48,4.41,5.97,1.66,4.09,5.48,-0.75,1.6,2.33,1.85,2.09,2.5,1.71,2.12,1.85,2.06,1.65,4.1,5.54,1.83,2.11,1.85,2.07,ok,
1620488380,14.12 17:30,Freiburg,Borussia Dortmund,ok,,30.11 23:13,14.12 17:30,3.15,3.49,2.19,4.02,3.65,1.98,0.5,1.68,2.19,1.93,1.99,2.75,1.92,1.88,2.05,1.86,4.02,3.65,1.98,1.93,1.99,2.05,1.86,ok,
1620490406,14.12 17:00,Udinese,Napoli,ok,,30.11 23:13,14.12 16:57,4.15,3.41,1.89,4.83,3.37,1.9,0.5,1.92,1.9,2.01,1.91,2.25,1.87,1.93,2.09,1.83,4.83,3.37,1.9,2.01,1.91,2.09,1.83,ok,
1620490411,14.12 17:00,Fiorentina,Hellas Verona,ok,,30.11 23:13,14.12 16:59,1.71,3.67,4.75,2.03,3.21,4.47,-0.5,1.71,2.13,2.04,1.89,2.25,1.88,1.93,2.13,1.81,2.03,3.21,4.46,2.04,1.89,2.13,1.81,ok,
1620490471,14.12 18:15,Celta Vigo,Athletic Bilbao,ok,,30.11 23:13,14.12 18:13,2.41,3.2,3.01,3.06,3.11,2.64,0.0,1.75,2.21,2.12,1.83,2.25,1.78,1.93,2.04,1.87,3.06,3.1,2.64,2.12,1.82,2.04,1.87,ok,
1620492434,14.12 19:15,Strasbourg,Lorient,ok,,30.11 23:13,14.12 19:11,1.56,4.19,5.36,1.83,3.78,4.6,-0.75,1.7,2.15,2.08,1.85,2.5,1.7,2.13,1.92,1.99,1.83,3.78,4.6,2.08,1.85,1.92,1.99,ok,
1620492448,14.12 19:30,Bayern Munich,Mainz 05,ok,,30.11 23:13,14.12 19:32,1.1,10.4,15.35,1.1,12.0,21.0,-3.0,2.56,1.57,2.04,1.85,4.25,2.26,1.7,1.92,1.95,1.1,12.0,21.0,2.04,1.85,1.92,1.95,ok,
1620500643,14.12 19:15,Auxerre,Lille,ok,,30.11 23:13,14.12 19:15,4.11,3.7,1.81,4.45,3.44,1.94,0.5,2.0,1.82,1.97,1.95,2.25,1.61,2.43,1.95,1.95,4.45,3.44,1.94,1.97,1.95,1.95,1.95,ok,
1620500646,14.12 19:15,Lens,Nice,ok,,30.11 23:13,14.12 19:14,1.66,4.24,4.38,1.58,4.59,5.54,-1.0,2.14,1.71,1.95,1.97,3.25,2.08,1.74,2.07,1.82,1.58,4.59,5.54,1.95,1.97,2.07,1.82,ok,
1620500683,14.12 20:30,Levante,Villarreal,ok,,30.11 23:13,14.12 14:39,3.74,3.77,1.88,4.4,4.15,1.77,0.75,1.75,2.21,1.93,1.99,3.0,2.1,1.81,1.94,1.96,4.4,4.15,1.77,1.93,1.99,1.94,1.96,ok,
1620501765,14.12 20:00,Genoa,Internazionale,ok,,30.11 23:13,14.12 19:59,5.72,3.93,1.56,7.8,4.37,1.48,1.0,1.81,2.02,2.12,1.82,2.5,1.99,1.81,2.08,1.84,7.76,4.36,1.48,2.12,1.83,2.08,1.84,ok,
1620501807,14.12 21:30,Werder Bremen,Stuttgart,ok,,30.11 23:13,14.12 21:29,2.76,3.66,2.35,2.89,3.74,2.42,0.25,1.78,2.06,1.83,2.12,3.0,1.8,2.11,1.96,1.94,2.89,3.74,2.42,1.83,2.12,1.96,1.94,ok,
1620508338,14.12 22:45,Bologna,Juventus,ok,,30.11 23:13,14.12 22:44,2.59,3.05,2.9,3.52,3.22,2.31,0.25,1.55,2.46,1.95,1.97,2.25,2.06,1.76,1.83,2.09,3.51,3.22,2.31,1.95,1.97,1.83,2.09,ok,
1620508339,14.12 22:45,Marseille,Monaco,ok,,30.11 23:13,14.12 22:44,1.65,4.28,4.4,2.06,3.65,3.7,-0.5,1.69,2.3,2.07,1.86,2.75,1.58,2.52,1.93,1.97,2.09,3.62,3.67,2.1,1.84,1.94,1.96,ok,
1620508341,14.12 23:00,Alaves,Real Madrid,ok,,30.11 23:13,14.12 22:59,5.69,4.3,1.51,5.84,4.18,1.6,1.0,1.94,1.88,1.88,2.05,2.75,1.87,1.93,2.02,1.88,5.85,4.18,1.6,1.88,2.04,2.02,1.89,ok,
1620572854,15.12 22:45,Roma,Como,ok,,30.11 23:13,15.12 22:43,1.93,3.41,3.98,2.23,3.25,3.67,-0.25,1.67,2.21,1.91,2.02,2.25,1.83,1.98,1.93,1.98,2.26,3.23,3.63,1.93,2.0,1.93,1.97,ok,
1620572859,15.12 23:00,Rayo Vallecano,Real Betis,ok,,30.11 23:13,15.12 22:59,2.39,3.27,2.97,2.62,3.19,3.01,0.0,1.76,2.2,1.83,2.11,2.25,1.76,2.18,1.98,1.93,2.62,3.18,3.02,1.83,2.11,2.0,1.91,ok,
1620777508,19.12 22:30,Borussia Dortmund,Borussia Monchengladbach,ok,,07.12 23:25,19.12 22:30,1.44,4.89,5.84,1.5,4.76,6.37,-1.25,1.93,1.88,2.08,1.86,3.0,1.67,2.32,1.85,2.07,1.5,4.76,6.37,2.08,1.86,1.85,2.07,ok,
1620779434,19.12 23:00,Valencia,Mallorca,ok,,07.12 23:25,19.12 22:59,2.0,3.3,3.85,2.12,3.21,4.07,-0.5,2.0,1.82,2.13,1.81,2.0,1.66,2.35,1.85,2.06,2.11,3.22,4.09,2.12,1.82,1.84,2.08,ok,
1620803279,20.12 16:00,Real Oviedo,Celta Vigo,ok,,07.12 23:26,20.12 16:00,3.18,3.25,2.28,3.68,3.18,2.27,0.25,1.85,1.96,1.99,1.93,2.0,1.56,2.58,1.89,2.02,3.68,3.18,2.27,1.99,1.93,1.89,2.02,ok,
1620807731,20.12 17:30,Hamburger SV,Eintracht Frankfurt,ok,,07.12 23:26,20.12 17:29,2.41,3.6,2.72,2.55,3.26,3.04,0.0,1.8,2.03,1.8,2.15,2.5,1.56,2.55,1.9,2.01,2.55,3.26,3.04,1.8,2.15,1.9,2.01,ok,
1620807751,20.12 18:15,Levante,Real Sociedad,ok,,07.12 23:26,20.12 18:13,2.98,3.29,2.37,3.15,3.36,2.43,0.25,1.79,2.05,1.85,2.09,2.25,1.72,2.22,1.85,2.07,3.15,3.36,2.43,1.85,2.09,1.85,2.07,ok,
1620818180,20.12 17:30,Stuttgart,Hoffenheim,ok,,07.12 23:26,20.12 17:30,1.91,3.98,3.46,1.98,3.88,3.76,-0.5,1.92,1.9,1.99,1.93,3.0,1.68,2.31,1.91,2.0,1.98,3.88,3.76,1.99,1.93,1.91,2.0,ok,
1620818181,20.12 17:30,Wolfsburg,Freiburg,ok,,07.12 23:26,20.12 17:42,2.53,3.42,2.69,2.46,3.45,3.03,-0.25,2.25,1.72,2.12,1.83,2.5,1.74,2.2,1.93,1.98,2.46,3.45,3.03,2.12,1.83,1.93,1.98,ok,
1620818183,20.12 17:30,Augsburg,Werder Bremen,ok,,07.12 23:26,20.12 17:42,2.18,3.56,3.1,2.25,3.52,3.33,-0.25,1.91,1.91,1.95,1.97,2.75,1.81,1.99,2.06,1.85,2.25,3.52,3.33,1.95,1.97,2.06,1.85,ok,
1620818184,20.12 17:30,FC Koln,Union Berlin,ok,,07.12 23:26,20.12 17:42,2.11,3.48,3.33,2.61,3.22,3.0,0.0,1.59,2.53,1.83,2.11,2.25,1.63,2.42,1.93,1.97,2.61,3.22,3.0,1.83,2.11,1.93,1.97,ok,
1620818250,20.12 20:00,Lazio,Cremonese,ok,,07.12 23:26,20.12 19:59,1.53,4.05,6.03,1.55,4.04,7.09,-1.0,1.93,1.88,1.96,1.96,2.5,1.96,1.85,2.06,1.85,1.54,4.07,7.1,1.94,1.98,2.04,1.88,ok,
1620834845,20.12 20:30,RB Leipzig,Bayer Leverkusen,ok,,07.12 23:26,20.12 20:29,1.94,3.94,3.38,2.17,3.83,3.25,-0.25,1.77,2.18,1.91,2.02,3.25,1.87,1.93,2.04,1.87,2.17,3.83,3.25,1.91,2.02,2.04,1.87,ok,
1620834846,20.12 20:30,Osasuna,Alaves,ok,,07.12 23:26,20.12 20:27,2.1,3.11,3.81,2.24,3.05,3.95,-0.25,1.79,2.04,1.88,2.04,1.75,1.65,2.37,1.89,2.02,2.24,3.05,3.95,1.89,2.04,1.91,2.0,ok,
1620834890,20.12 22:45,Juventus,Roma,ok,,07.12 23:26,20.12 22:44,2.06,3.2,3.77,2.03,3.19,4.47,-0.5,2.06,1.76,2.04,1.88,2.25,2.03,1.79,1.96,1.94,2.03,3.19,4.47,2.04,1.88,1.96,1.94,ok,
1620865477,20.12 23:00,Real Madrid,Sevilla,ok,,07.12 23:26,20.12 22:59,1.14,8.36,12.95,1.21,7.04,13.69,-2.0,1.77,1.98,1.94,1.96,3.25,1.67,2.32,1.86,2.03,1.21,7.04,13.69,1.94,1.96,1.86,2.03,ok,
1620889050,21.12 14:30,Cagliari,Pisa,ok,,07.12 23:27,21.12 14:48,2.31,3.12,3.25,2.06,3.24,4.36,-0.5,2.31,1.61,2.06,1.87,2.25,1.99,1.82,2.12,1.81,2.06,3.24,4.36,2.06,1.87,2.12,1.81,ok,
1620899232,21.12 16:00,Girona,Atletico Madrid,ok,,07.12 23:27,21.12 15:58,3.78,3.65,1.91,5.04,3.86,1.74,0.75,1.72,2.25,1.96,1.96,2.5,1.8,2.11,1.88,2.02,5.09,3.81,1.74,1.96,1.96,1.89,2.02,ok,
1620916753,21.12 17:00,Sassuolo,Torino,ok,,07.12 23:27,21.12 17:34,2.09,3.28,3.58,2.39,3.11,3.48,-0.25,1.81,2.03,2.02,1.9,2.25,1.87,1.93,1.95,1.95,2.39,3.11,3.48,2.02,1.9,1.95,1.95,ok,
1620916765,21.12 17:30,Mainz 05,St. Pauli,ok,,07.12 23:27,21.12 17:33,1.81,3.65,4.19,2.02,3.39,4.19,-0.5,1.82,2.0,2.03,1.9,2.25,1.68,2.3,2.01,1.89,2.02,3.39,4.19,2.03,1.9,2.01,1.89,ok,
1620925911,15.01 20:30,Hellas Verona,Bologna,ok,,07.12 23:27,08.12 13:08,3.97,3.23,2.0,4.01,3.25,2.02,0.5,1.82,2.0,1.83,2.03,2.25,2.04,1.78,2.06,1.79,4.01,3.25,2.02,1.83,2.03,2.06,1.79,ok,
1620925982,21.12 18:15,Villarreal,Barcelona,ok,,07.12 23:27,21.12 18:15,2.86,3.99,2.17,4.02,4.37,1.8,0.75,1.57,2.56,1.92,2.01,3.5,1.8,2.11,1.94,1.96,4.02,4.37,1.8,1.92,2.01,1.94,1.96,ok,
1620932879,21.12 20:30,Elche,Rayo Vallecano,ok,,07.12 23:27,21.12 20:49,2.52,3.05,2.98,2.56,2.99,3.31,-0.25,2.14,1.71,2.16,1.8,2.0,1.68,2.16,1.97,1.93,2.56,2.99,3.31,2.16,1.8,1.97,1.93,ok,
1620936103,21.12 19:30,Heidenheim,Bayern Munich,ok,,07.12 23:27,21.12 19:29,10.92,8.06,1.17,15.19,8.98,1.16,2.25,1.84,1.96,1.88,2.03,3.75,1.78,2.14,1.9,1.98,15.19,8.98,1.16,1.88,2.03,1.9,1.98,ok,
1620936211,21.12 20:00,Fiorentina,Udinese,ok,,07.12 23:27,21.12 19:56,2.05,3.47,3.49,2.17,3.25,3.86,-0.25,1.79,2.05,1.85,2.08,2.25,1.81,2.01,2.01,1.9,2.16,3.26,3.86,1.85,2.09,2.01,1.9,ok,
1620936283,21.12 22:45,Genoa,Atalanta,ok,,07.12 23:27,21.12 22:44,3.43,3.34,2.12,4.03,3.32,2.09,0.5,1.76,2.18,1.84,2.1,2.25,1.79,2.13,1.98,1.93,4.01,3.31,2.1,1.83,2.11,1.99,1.92,ok,
1620944130,21.12 23:00,Real Betis,Getafe,ok,,07.12 23:27,21.12 23:00,1.61,3.76,5.48,1.79,3.39,5.65,-0.75,1.81,2.02,2.07,1.86,2.0,1.61,2.46,2.0,1.91,1.79,3.39,5.65,2.07,1.86,2.0,1.91,ok,
1620995932,22.12 23:00,Athletic Bilbao,Espanyol,ok,,07.12 23:28,22.12 22:57,1.74,3.68,4.56,1.91,3.36,4.83,-0.5,1.74,2.09,1.91,2.0,2.25,1.86,1.93,2.04,1.88,1.92,3.32,4.86,1.92,2.0,2.1,1.83,ok,
1621171446,27.12 14:30,Parma,Fiorentina,ok,,15.12 00:18,27.12 14:29,2.88,3.19,2.5,3.82,3.32,2.15,0.25,1.71,2.14,2.09,1.85,2.5,2.09,1.73,2.02,1.89,3.83,3.32,2.14,2.1,1.84,2.02,1.89,ok,
1621178800,27.12 17:00,Lecce,Como,ok,,15.12 00:18,27.12 16:59,4.25,3.37,1.88,5.11,3.35,1.87,0.5,1.93,1.89,2.05,1.88,2.25,1.95,1.85,2.08,1.84,5.11,3.35,1.87,2.05,1.88,2.08,1.84,ok,
1621178801,27.12 17:00,Torino,Cagliari,ok,,15.12 00:18,27.12 16:59,1.93,3.37,4.05,1.83,3.38,5.33,-0.75,2.31,1.69,2.1,1.82,2.25,1.89,1.91,2.06,1.85,1.83,3.39,5.36,2.1,1.83,2.06,1.85,ok,
1621210460,27.12 20:00,Udinese,Lazio,ok,,15.12 00:18,27.12 19:59,2.75,3.24,2.58,3.36,2.95,2.55,0.25,1.67,2.21,1.81,2.15,1.75,1.45,2.7,1.77,2.13,3.37,2.95,2.56,1.81,2.15,1.8,2.14,ok,
1621210514,27.12 22:45,Pisa,Juventus,ok,,15.12 00:18,27.12 22:44,5.82,3.94,1.56,7.67,4.26,1.49,1.0,1.83,2.0,2.07,1.86,2.25,1.8,2.11,1.85,2.07,7.66,4.26,1.49,2.07,1.86,1.84,2.08,ok,
1621244275,28.12 14:30,AC Milan,Hellas Verona,ok,,15.12 00:19,28.12 14:29,1.32,5.11,8.73,1.38,4.89,9.66,-1.25,1.78,2.16,1.93,1.99,2.5,1.78,2.14,1.93,1.98,1.38,4.89,9.66,1.93,1.99,1.93,1.98,ok,
1621256315,28.12 17:00,Cremonese,Napoli,ok,,15.12 00:19,28.12 16:59,5.61,3.88,1.58,7.14,3.85,1.59,1.0,1.78,2.06,1.82,2.12,2.25,1.81,2.1,1.99,1.92,7.14,3.85,1.59,1.82,2.12,1.99,1.92,ok,
1621280035,28.12 20:00,Bologna,Sassuolo,ok,,15.12 00:19,28.12 20:00,1.65,3.78,5.11,2.03,3.34,4.24,-0.5,1.69,2.31,2.04,1.89,2.5,1.98,1.82,2.08,1.84,2.03,3.34,4.24,2.04,1.89,2.08,1.84,ok,
1621284607,28.12 22:45,Atalanta,Internazionale,ok,,15.12 00:19,28.12 22:45,3.27,3.5,2.13,3.62,3.59,2.11,0.25,1.96,1.85,2.11,1.83,2.75,1.97,1.84,2.07,1.85,3.62,3.59,2.11,2.11,1.83,2.07,1.85,ok,
1621313344,04.01 22:45,Paris Saint-Germain,Paris FC,ok,,15.12 00:37,04.01 22:44,1.19,7.02,10.65,1.14,10.0,16.3,-2.5,2.51,1.51,1.97,1.92,3.75,2.24,1.63,1.91,1.98,1.14,10.0,16.3,1.97,1.92,1.89,1.99,ok,
1621313345,03.01 21:00,Nice,Strasbourg,ok,,15.12 00:36,03.01 20:57,2.43,3.43,2.79,3.28,3.41,2.33,0.25,1.6,2.49,1.92,2.01,2.5,1.75,2.19,1.85,2.07,3.28,3.41,2.33,1.92,2.01,1.85,2.07,ok,
1621313346,04.01 19:15,Lorient,Metz,ok,,15.12 00:37,04.01 19:11,1.72,3.86,4.45,1.87,3.73,4.41,-0.5,1.76,2.18,1.88,2.05,2.5,1.78,2.14,1.93,1.98,1.87,3.73,4.41,1.88,2.05,1.93,1.98,ok,
1621313347,03.01 19:00,Monaco,Lyon,ok,,15.12 00:36,03.01 18:59,2.11,3.87,3.37,2.09,3.74,3.54,-0.5,2.11,1.81,2.1,1.84,2.75,1.72,2.22,1.84,2.08,2.09,3.74,3.54,2.1,1.84,1.84,2.08,ok,
1621313348,04.01 16:00,Sevilla,Levante,ok,,15.12 00:37,04.01 15:59,1.63,3.98,5.0,1.79,3.76,4.89,-0.75,1.82,2.01,2.02,1.9,2.5,1.87,1.93,1.81,2.08,1.79,3.74,4.9,2.03,1.9,1.85,2.07,ok,
1621313349,03.01 23:00,Espanyol,Barcelona,ok,,15.12 00:36,03.01 23:00,4.88,4.64,1.64,5.93,4.76,1.52,1.0,1.89,2.04,2.09,1.85,3.0,1.67,2.32,1.83,2.09,5.93,4.76,1.52,2.09,1.85,1.83,2.09,ok,
1621313350,02.01 23:00,Rayo Vallecano,Getafe,ok,,15.12 00:34,02.01 23:21,1.89,3.11,4.68,2.15,2.86,4.67,-0.5,1.9,1.92,2.15,1.78,1.75,1.79,2.13,2.07,1.85,2.15,2.86,4.67,2.15,1.78,2.07,1.85,ok,
1621313351,03.01 20:30,Elche,Villarreal,ok,,15.12 00:37,03.01 20:38,3.34,3.56,2.08,3.27,3.54,2.28,0.25,2.01,1.81,1.95,1.97,2.75,1.9,1.9,2.02,1.88,3.27,3.54,2.28,1.95,1.97,2.02,1.88,ok,
1621313352,09.01 22:30,Eintracht Frankfurt,Borussia Dortmund,ok,,15.12 00:37,09.01 22:36,3.08,3.74,2.13,3.64,3.75,2.05,0.5,1.76,2.19,1.87,2.06,3.0,1.81,2.1,2.05,1.86,3.64,3.75,2.05,1.87,2.06,2.05,1.86,ok,
1621316230,29.12 22:45,Roma,Genoa,ok,,15.12 00:22,29.12 22:41,1.57,3.72,6.08,1.61,3.73,6.56,-0.75,1.75,2.08,1.81,2.13,2.25,2.03,1.79,1.97,1.91,1.61,3.73,6.56,1.81,2.13,1.97,1.91,ok,
1621316245,03.01 23:05,Lille,Rennes,ok,,15.12 00:36,03.01 23:04,1.66,4.06,4.59,1.75,3.95,4.83,-0.75,1.85,1.97,1.96,1.96,2.75,1.81,2.1,1.86,2.05,1.74,3.96,4.86,1.95,1.97,1.86,2.06,ok,
1621316246,03.01 18:15,Osasuna,Athletic Bilbao,ok,,15.12 00:37,03.01 18:13,3.01,2.72,2.79,3.13,3.02,2.66,0.0,1.99,1.84,2.14,1.81,2.0,1.75,2.08,1.9,2.01,3.13,3.02,2.66,2.14,1.81,1.9,2.01,ok,
1621316247,04.01 23:00,Real Sociedad,Atletico Madrid,ok,,15.12 00:37,04.01 22:59,3.61,3.55,1.99,4.08,3.65,1.96,0.5,1.83,2.0,1.95,1.97,2.75,2.25,1.63,2.03,1.88,4.08,3.65,1.96,1.95,1.97,2.03,1.88,ok,
1621316248,04.01 20:30,Alaves,Real Oviedo,ok,,15.12 00:37,04.01 20:29,1.68,3.39,5.63,2.01,2.92,5.3,-0.5,1.68,2.18,2.02,1.91,1.5,1.52,2.51,1.84,2.08,2.01,2.93,5.3,2.01,1.91,1.83,2.09,ok,
1621316249,03.01 16:00,Celta Vigo,Valencia,ok,,15.12 00:37,03.01 15:59,1.83,3.47,4.34,2.09,3.26,4.12,-0.5,1.84,1.98,2.1,1.84,2.25,1.68,2.17,2.03,1.88,2.09,3.26,4.12,2.1,1.84,2.03,1.88,ok,
1621316251,11.01 19:30,Bayern Munich,Wolfsburg,ok,,15.12 00:40,11.01 19:28,1.1,10.57,15.11,1.13,11.1,19.5,-2.5,1.87,1.93,1.93,1.98,4.0,1.85,1.93,1.87,2.03,1.13,11.1,19.5,1.93,1.98,1.87,2.03,ok,
1621316252,10.01 20:30,Bayer Leverkusen,Stuttgart,ok,,15.12 00:38,10.01 20:29,1.75,4.08,4.01,2.2,3.83,3.2,-0.25,1.55,2.44,1.93,1.99,3.0,1.74,2.08,2.0,1.91,2.2,3.83,3.2,1.93,1.99,2.0,1.91,ok,
1621316253,11.01 17:30,Borussia Monchengladbach,Augsburg,ok,,15.12 00:40,11.01 17:27,1.75,4.16,4.59,1.93,3.74,4.1,-0.5,1.75,2.21,1.93,1.98,2.5,1.66,2.33,1.85,2.07,1.93,3.74,4.1,1.93,1.98,1.85,2.07,ok,
1621317165,02.01 22:45,Toulouse,Lens,ok,,15.12 00:34,02.01 23:21,2.54,3.29,2.76,2.65,3.27,2.91,0.0,1.83,2.0,1.87,2.06,2.25,1.68,2.31,1.89,2.01,2.65,3.27,2.91,1.87,2.06,1.89,2.01,ok,
1621317166,04.01 19:15,Le Havre,Angers,ok,,15.12 00:37,04.01 19:15,2.1,3.16,3.72,2.46,3.26,3.17,-0.25,1.79,2.04,2.11,1.83,2.25,2.07,1.75,2.0,1.91,2.46,3.26,3.17,2.11,1.83,2.0,1.91,ok,
1621317167,04.01 19:15,Brest,Auxerre,ok,,15.12 00:37,04.01 19:15,1.93,3.19,4.32,1.98,3.43,4.29,-0.5,1.93,1.88,1.99,1.93,2.25,1.74,2.08,1.88,2.03,1.98,3.43,4.29,1.99,1.93,1.88,2.03,ok,
1621317168,04.01 17:00,Marseille,Nantes,ok,,15.12 00:37,04.01 16:59,1.22,6.33,10.09,1.25,6.57,11.39,-1.75,1.88,1.93,1.92,1.99,3.25,2.0,1.8,1.97,1.92,1.25,6.64,11.65,1.9,2.0,1.97,1.92,ok,
1621317169,04.01 20:30,Mallorca,Girona,ok,,15.12 00:37,04.01 20:27,2.33,2.93,3.44,2.33,3.13,3.59,-0.25,1.97,1.85,1.98,1.94,2.25,1.83,1.97,2.07,1.85,2.33,3.13,3.59,1.98,1.94,2.07,1.85,ok,
1621317170,04.01 18:15,Real Madrid,Real Betis,ok,,15.12 00:37,04.01 18:14,1.36,5.35,6.74,1.53,4.6,6.5,-1.0,1.55,2.44,1.85,2.08,3.0,1.51,2.53,1.91,2.0,1.53,4.6,6.5,1.85,2.08,1.91,2.0,ok,
1621317172,10.01 17:30,Heidenheim,FC Koln,ok,,15.12 00:38,10.01 17:29,2.77,3.42,2.46,2.8,3.52,2.59,0.0,2.03,1.8,2.05,1.88,2.75,1.88,1.92,2.01,1.89,2.81,3.52,2.58,2.05,1.88,2.01,1.89,ok,
1621317173,10.01 17:30,Union Berlin,Mainz 05,ok,,15.12 00:38,10.01 17:29,2.11,3.38,3.44,2.13,3.21,4.03,-0.25,1.83,2.0,1.82,2.13,2.25,1.76,2.18,2.09,1.83,2.13,3.21,4.03,1.82,2.13,2.09,1.83,ok,
1621317175,10.01 17:30,Freiburg,Hamburger SV,ok,,15.12 00:38,10.01 17:29,1.68,4.27,4.93,1.81,3.66,4.8,-0.5,1.68,2.32,1.81,2.1,2.5,1.66,2.33,1.93,1.97,1.85,3.6,4.62,1.87,2.06,1.94,1.96,ok,
1621460738,02.01 22:45,Cagliari,AC Milan,ok,,22.12 00:14,02.01 23:21,5.5,4.2,1.54,6.75,3.95,1.59,1.0,1.85,1.97,1.85,2.08,2.25,1.61,2.3,1.92,1.99,6.75,3.95,1.59,1.85,2.08,1.92,1.99,ok,
1621465383,03.01 14:30,Como,Udinese,ok,,22.12 00:14,03.01 14:28,1.6,3.93,5.35,1.8,3.54,5.15,-0.75,1.78,2.06,2.06,1.87,2.25,1.71,2.25,1.9,2.01,1.79,3.57,5.11,2.05,1.88,1.88,2.03,ok,
1621474078,03.01 17:00,Sassuolo,Parma,ok,,22.12 00:14,03.01 16:59,1.83,3.55,4.21,2.11,3.2,4.11,-0.5,1.84,1.97,2.12,1.82,2.25,1.78,2.14,1.88,2.03,2.11,3.2,4.11,2.12,1.82,1.88,2.03,ok,
1621474080,03.01 17:00,Genoa,Pisa,ok,,22.12 00:14,03.01 16:58,1.72,3.41,5.22,1.93,3.19,5.06,-0.5,1.77,2.18,1.93,1.99,2.0,1.83,1.98,1.86,2.05,1.93,3.19,5.06,1.93,1.99,1.86,2.05,ok,
1621502545,03.01 20:00,Juventus,Lecce,ok,,22.12 00:14,03.01 19:56,1.27,5.32,10.52,1.25,5.91,14.5,-1.75,2.23,1.74,2.05,1.86,2.5,1.86,1.94,1.88,2.01,1.25,5.9,14.52,2.05,1.86,1.89,2.0,ok,
1621502569,03.01 22:45,Atalanta,Roma,ok,,22.12 00:14,03.01 22:58,2.21,3.27,3.31,2.31,3.14,3.61,-0.25,1.9,1.92,1.96,1.95,2.25,1.81,2.0,1.96,1.94,2.31,3.14,3.61,1.96,1.95,1.96,1.94,ok,
1621533244,04.01 14:30,Lazio,Napoli,ok,,22.12 00:15,04.01 14:29,3.19,3.02,2.41,3.99,3.11,2.19,0.25,1.79,2.05,2.08,1.86,2.0,1.85,2.07,1.92,1.99,3.98,3.1,2.2,2.07,1.86,1.92,1.99,ok,
1621546831,04.01 17:00,Fiorentina,Cremonese,ok,,22.12 00:15,04.01 16:59,1.75,3.62,4.61,1.73,3.87,5.09,-0.75,1.98,1.83,1.95,1.97,2.5,2.01,1.8,1.88,2.02,1.73,3.87,5.09,1.95,1.97,1.88,2.02,ok,
1621546912,04.01 20:00,Hellas Verona,Torino,ok,,22.12 00:15,04.01 19:52,2.41,3.02,3.19,2.74,2.94,3.1,0.0,1.7,2.28,1.85,2.09,2.0,1.8,2.01,1.96,1.94,2.74,2.94,3.1,1.85,2.09,1.96,1.94,ok,
1621571763,04.01 22:45,Internazionale,Bologna,ok,,22.12 00:15,04.01 23:11,1.41,4.57,7.04,1.4,5.04,8.37,-1.25,1.95,1.85,1.92,2.01,2.75,1.99,1.81,1.85,2.07,1.4,5.04,8.37,1.92,2.01,1.85,2.07,ok,
1621583420,13.01 22:30,Mainz 05,Heidenheim,ok,,22.12 00:25,13.01 22:29,1.65,3.85,5.02,1.78,3.79,4.94,-0.75,1.83,2.0,2.0,1.93,2.75,1.94,1.85,2.05,1.87,1.78,3.79,4.94,2.0,1.92,2.05,1.86,ok,
1621583421,13.01 20:30,Stuttgart,Eintracht Frankfurt,ok,,22.12 00:25,13.01 20:29,1.74,4.08,4.06,1.69,4.31,4.76,-0.75,1.95,1.87,1.88,2.06,3.25,2.0,1.81,1.94,1.96,1.69,4.31,4.77,1.87,2.06,1.94,1.96,ok,
1621583422,15.01 22:30,Augsburg,Union Berlin,ok,,22.12 00:25,15.01 22:29,2.23,3.24,3.31,2.68,3.17,2.96,0.0,1.63,2.44,1.87,2.07,2.25,1.85,1.96,2.02,1.88,2.68,3.15,2.97,1.86,2.07,2.04,1.87,ok,
1621583423,17.01 19:00,Lens,Auxerre,ok,,22.12 00:26,17.01 18:57,1.4,4.84,6.81,1.5,4.35,7.34,-1.0,1.67,2.35,1.83,2.12,2.75,1.78,2.14,2.02,1.89,1.5,4.35,7.34,1.83,2.12,2.02,1.89,ok,
1621583424,18.01 19:15,Nantes,Paris FC,ok,,22.12 00:27,18.01 19:15,3.2,3.43,2.19,2.73,3.18,2.88,0.0,2.42,1.64,1.91,2.01,2.25,1.64,2.4,1.88,2.03,2.73,3.18,2.88,1.91,2.01,1.88,2.03,ok,
1621586488,13.01 22:30,Borussia Dortmund,Werder Bremen,ok,,22.12 00:25,13.01 22:20,1.29,5.91,8.04,1.42,5.1,7.75,-1.25,1.65,2.39,1.93,1.99,3.0,1.59,2.49,1.89,2.01,1.42,5.1,7.75,1.93,1.99,1.89,2.01,ok,
1621586489,14.01 20:30,Wolfsburg,St. Pauli,ok,,22.12 00:25,14.01 20:29,1.81,3.72,4.11,1.88,3.62,4.48,-0.5,1.82,2.01,1.89,2.03,2.25,1.56,2.39,1.95,1.95,1.88,3.64,4.47,1.89,2.04,1.92,1.98,ok,
1621586490,18.01 17:00,Strasbourg,Metz,ok,,22.12 00:27,18.01 16:56,1.48,4.93,6.59,1.44,4.87,7.45,-1.25,2.03,1.9,1.99,1.93,2.75,1.73,2.22,1.88,2.03,1.44,4.87,7.45,1.99,1.93,1.88,2.03,ok,
1621587368,17.01 23:05,Angers,Marseille,ok,,22.12 00:26,17.01 23:05,4.92,3.94,1.64,5.64,4.17,1.62,1.0,1.76,2.19,1.86,2.07,2.75,2.0,1.81,1.99,1.92,5.64,4.17,1.62,1.86,2.07,1.99,1.92,ok,
1621587369,14.01 22:30,RB Leipzig,Freiburg,ok,,22.12 00:25,14.01 22:29,1.81,3.93,3.87,1.73,3.95,4.93,-0.75,2.1,1.82,1.94,1.98,2.75,1.72,2.23,1.84,2.08,1.74,3.95,4.93,1.94,1.98,1.85,2.07,ok,
1621587370,18.01 19:15,Rennes,Le Havre,ok,,22.12 00:27,18.01 19:15,1.56,4.11,5.49,1.63,4.33,5.34,-1.0,1.96,1.85,2.06,1.87,3.0,2.43,1.62,2.06,1.85,1.63,4.33,5.34,2.06,1.87,2.06,1.85,ok,
1621587371,14.01 22:30,FC Koln,Bayern Munich,ok,,22.12 00:25,14.01 22:29,6.39,5.55,1.36,10.25,6.94,1.26,2.0,1.5,2.58,1.85,2.06,4.0,2.24,1.72,1.98,1.91,10.25,6.93,1.26,1.85,2.06,1.99,1.9,ok,
1621587372,18.01 22:45,Lyon,Brest,ok,,22.12 00:27,18.01 22:41,1.62,4.05,4.96,1.68,4.02,5.29,-0.75,1.8,2.03,1.88,2.05,2.5,1.76,2.17,1.93,1.97,1.68,4.02,5.29,1.88,2.05,1.93,1.97,ok,
1621591914,14.01 22:30,Hoffenheim,Borussia Monchengladbach,ok,,22.12 00:25,14.01 22:29,1.71,4.06,4.24,2.0,3.74,3.83,-0.5,1.71,2.13,2.01,1.92,2.75,1.67,2.18,1.83,2.08,2.0,3.71,3.86,2.01,1.92,1.83,2.07,ok,
1621591915,17.01 21:00,Toulouse,Nice,ok,,22.12 00:26,17.01 20:57,1.75,3.77,4.38,2.02,3.57,3.94,-0.5,1.79,2.14,2.03,1.9,2.5,1.81,2.01,1.98,1.93,2.02,3.57,3.94,2.03,1.9,1.98,1.93,ok,
1621591916,16.01 21:00,Monaco,Lorient,ok,,22.12 00:26,16.01 20:59,1.52,4.39,5.45,1.65,4.28,5.18,-1.0,1.87,1.94,2.11,1.83,3.0,1.95,1.85,2.07,1.85,1.65,4.28,5.18,2.11,1.83,2.07,1.85,ok,
1621591917,13.01 22:30,Hamburger SV,Bayer Leverkusen,ok,,22.12 00:25,13.01 20:09,3.38,3.76,2.0,3.56,3.73,2.08,0.5,1.82,2.01,1.85,2.09,2.75,1.69,2.15,1.93,1.97,3.56,3.73,2.08,1.85,2.09,1.93,1.97,ok,
1621591918,16.01 23:00,Paris Saint-Germain,Lille,ok,,22.12 00:26,16.01 23:04,1.45,4.7,5.96,1.3,6.05,9.88,-1.75,2.69,1.53,2.02,1.89,3.25,2.12,1.79,1.89,2.0,1.3,6.05,9.88,2.02,1.89,1.89,2.0,ok,
1621596138,11.01 18:15,Levante,Espanyol,ok,,22.12 01:11,11.01 18:13,2.9,3.35,2.39,3.27,3.33,2.37,0.25,1.77,2.07,1.89,2.04,2.25,1.8,2.02,1.83,2.09,3.27,3.33,2.37,1.89,2.04,1.83,2.09,ok,
1621596139,10.01 23:00,Valencia,Elche,ok,,22.12 01:11,10.01 22:59,2.03,3.34,3.7,2.04,3.36,4.15,-0.5,2.04,1.79,2.05,1.88,2.25,1.81,2.0,2.03,1.88,2.04,3.36,4.15,2.05,1.88,2.03,1.88,ok,
1621596140,10.01 18:15,Villarreal,Alaves,ok,,22.12 01:11,10.01 18:14,1.43,4.51,6.68,1.49,4.28,7.82,-1.0,1.71,2.13,1.84,2.1,2.5,1.75,2.06,2.03,1.88,1.49,4.28,7.82,1.84,2.1,2.03,1.88,ok,
1621596141,09.01 23:00,Getafe,Real Sociedad,ok,,22.12 01:09,09.01 23:26,2.62,2.84,3.07,3.59,2.98,2.42,0.25,1.55,2.65,1.89,2.04,1.75,1.78,2.15,1.83,2.1,3.59,2.98,2.42,1.89,2.04,1.83,2.1,ok,
1621597126,11.01 16:00,Rayo Vallecano,Mallorca,ok,,22.12 01:11,11.01 15:59,1.7,3.52,5.17,1.92,3.27,4.96,-0.5,1.75,2.21,1.93,2.0,2.0,1.75,2.19,1.93,1.98,1.93,3.25,4.94,1.93,1.99,1.93,1.98,ok,
1621597957,10.01 16:00,Real Oviedo,Real Betis,ok,,22.12 01:11,10.01 15:59,3.39,3.33,2.15,4.08,3.51,1.99,0.5,1.75,2.21,1.92,2.01,2.5,2.0,1.81,2.05,1.86,4.08,3.51,1.99,1.92,2.01,2.05,1.86,ok,
1621597958,10.01 20:30,Girona,Osasuna,ok,,22.12 01:11,10.01 20:29,2.19,3.31,3.3,2.63,3.13,3.05,0.0,1.61,2.47,1.83,2.12,2.25,1.79,2.13,2.03,1.88,2.63,3.13,3.05,1.83,2.12,2.03,1.88,ok,
1621597959,12.01 23:00,Sevilla,Celta Vigo,ok,,22.12 01:11,12.01 22:59,2.65,3.16,2.73,2.76,3.12,2.91,0.0,1.88,1.93,1.91,2.02,2.25,1.8,2.01,2.06,1.85,2.76,3.12,2.91,1.91,2.02,2.06,1.85,ok,
1621600570,06.01 17:00,Pisa,Como,ok,,28.12 23:27,06.01 16:59,4.3,3.53,1.83,5.29,3.57,1.78,0.75,1.79,2.15,1.89,2.03,2.25,1.79,2.03,1.87,2.05,5.29,3.57,1.78,1.89,2.03,1.87,2.05,ok,
1621600617,06.01 22:45,Sassuolo,Juventus,ok,,28.12 23:27,06.01 22:44,4.01,3.44,1.92,5.75,3.72,1.69,0.75,1.67,2.21,2.02,1.91,2.25,1.74,2.07,1.85,2.06,5.76,3.72,1.69,2.02,1.91,1.86,2.05,ok,
1621605820,06.01 20:00,Lecce,Roma,ok,,28.12 23:27,06.01 19:58,5.29,3.56,1.79,5.49,3.44,1.79,0.75,1.83,1.99,1.88,2.05,2.25,2.13,1.81,2.03,1.88,5.49,3.44,1.79,1.88,2.05,2.03,1.88,ok,
1621619956,07.01 20:30,Napoli,Hellas Verona,ok,,28.12 23:25,07.01 20:29,1.42,4.43,7.2,1.31,5.25,12.32,-1.5,2.3,1.62,2.09,1.85,2.5,2.05,1.76,2.05,1.86,1.31,5.25,12.32,2.09,1.85,2.04,1.87,ok,
1621643199,07.01 22:45,Torino,Udinese,ok,,28.12 23:25,07.01 22:43,2.15,3.2,3.52,2.25,3.09,3.84,-0.25,1.84,1.97,1.91,2.02,2.25,1.94,1.86,2.11,1.82,2.25,3.09,3.84,1.91,2.02,2.11,1.82,ok,
1621646301,07.01 20:30,Bologna,Atalanta,ok,,28.12 23:25,07.01 20:29,2.58,3.22,2.77,3.21,3.31,2.42,0.25,1.58,2.37,1.86,2.07,2.5,2.03,1.77,2.06,1.85,3.2,3.3,2.43,1.85,2.08,2.07,1.85,ok,
1621646334,07.01 22:45,Lazio,Fiorentina,ok,,28.12 23:25,07.01 22:42,1.99,3.33,3.88,2.36,3.12,3.52,-0.25,1.75,2.21,2.01,1.92,2.25,1.88,1.91,2.11,1.82,2.36,3.12,3.52,2.01,1.92,2.11,1.82,ok,
1621646335,07.01 22:45,Parma,Internazionale,ok,,28.12 23:25,07.01 22:43,6.96,4.66,1.41,9.98,5.46,1.33,1.5,1.67,2.21,1.93,1.99,2.75,1.87,1.93,1.86,2.05,10.15,5.51,1.32,1.95,1.97,1.86,2.06,ok,
1621654405,08.01 20:30,Cremonese,Cagliari,ok,,28.12 23:26,08.01 20:29,2.23,3.22,3.32,2.55,2.88,3.46,-0.25,1.91,1.91,2.13,1.81,2.0,1.63,2.41,2.01,1.9,2.55,2.88,3.46,2.13,1.81,2.01,1.9,ok,
1621654436,08.01 22:45,AC Milan,Genoa,ok,,28.12 23:26,08.01 22:44,1.43,4.35,7.12,1.49,4.05,8.65,-1.0,1.77,2.17,1.88,2.04,2.25,1.75,2.19,1.99,1.92,1.49,4.05,8.65,1.88,2.04,1.99,1.92,ok,
1621690353,10.01 17:00,Como,Bologna,ok,,04.01 23:29,10.01 16:59,2.12,3.27,3.52,2.02,3.28,4.37,-0.5,2.18,1.77,2.03,1.9,2.25,1.85,1.95,1.89,2.01,2.04,3.26,4.3,2.05,1.88,1.9,2.01,ok,
1621690374,10.01 20:00,Roma,Sassuolo,ok,,04.01 23:29,10.01 20:00,1.53,4.05,6.03,1.73,3.44,6.05,-0.75,1.72,2.26,1.97,1.95,2.25,1.76,2.17,1.93,1.98,1.73,3.44,6.05,1.97,1.95,1.93,1.98,ok,
1621694222,10.01 22:45,Atalanta,Torino,ok,,04.01 23:29,10.01 22:44,1.43,4.5,6.68,1.61,3.79,6.68,-1.0,1.76,2.19,2.09,1.85,2.5,1.79,2.12,2.03,1.88,1.61,3.79,6.68,2.09,1.85,2.03,1.88,ok,
1621698143,10.01 17:00,Udinese,Pisa,ok,,04.01 23:29,10.01 16:59,1.88,3.4,4.21,1.95,3.2,4.92,-0.5,1.88,1.93,1.96,1.96,2.25,1.89,1.91,1.99,1.92,1.94,3.21,4.94,1.95,1.97,1.99,1.92,ok,
1621714889,11.01 14:30,Lecce,Parma,ok,,04.01 23:30,11.01 14:29,2.45,2.99,3.16,2.89,2.92,2.95,0.0,1.72,2.25,1.94,1.98,2.0,1.84,1.97,1.94,1.96,2.89,2.92,2.95,1.94,1.98,1.94,1.96,ok,
1621717723,11.01 17:00,Fiorentina,AC Milan,ok,,04.01 23:30,11.01 16:59,3.78,3.47,1.95,3.5,3.31,2.27,0.25,2.22,1.74,1.97,1.95,2.5,1.94,1.86,1.91,2.0,3.5,3.31,2.27,1.97,1.95,1.91,2.0,ok,
1621748102,11.01 20:00,Hellas Verona,Lazio,ok,,04.01 23:30,11.01 19:58,3.27,3.04,2.34,3.78,2.97,2.34,0.25,1.83,1.99,1.95,1.97,1.75,1.61,2.46,1.84,2.08,3.78,2.97,2.34,1.95,1.97,1.84,2.08,ok,
1621759246,11.01 22:45,Internazionale,Napoli,ok,,04.01 23:30,11.01 22:42,1.7,3.63,4.92,1.74,3.6,5.55,-0.75,1.93,1.88,1.98,1.94,2.25,1.84,1.97,2.02,1.89,1.74,3.59,5.53,1.99,1.93,2.02,1.89,ok,
1621769049,12.01 22:45,Juventus,Cremonese,ok,,04.01 23:31,12.01 22:42,1.28,5.46,9.72,1.26,6.31,11.84,-1.75,2.19,1.76,2.0,1.91,3.0,2.27,1.7,2.07,1.81,1.26,6.31,11.84,2.0,1.91,2.07,1.81,ok,
1621778627,12.01 20:30,Genoa,Cagliari,ok,,04.01 23:31,12.01 20:28,1.93,3.24,4.22,2.25,2.95,4.09,-0.25,1.7,2.3,1.88,2.03,2.0,1.83,1.91,2.06,1.86,2.25,2.94,4.09,1.88,2.03,2.05,1.86,ok,
1621901900,16.01 22:30,Werder Bremen,Eintracht Frankfurt,ok,,12.01 00:12,16.01 22:27,2.42,3.6,2.71,2.65,3.51,2.74,0.0,1.81,2.02,1.93,2.0,2.75,1.68,2.31,1.98,1.92,2.65,3.51,2.74,1.93,2.0,1.98,1.92,ok,
1621901905,16.01 22:45,Pisa,Atalanta,ok,,12.01 00:12,16.01 22:44,5.82,4.16,1.52,6.42,4.04,1.58,1.0,1.91,1.91,1.91,2.02,2.5,1.82,1.98,1.88,2.03,6.46,4.06,1.58,1.93,2.0,1.88,2.03,ok,
1621901912,16.01 23:00,Espanyol,Girona,ok,,04.01 23:33,16.01 23:03,1.79,3.6,4.38,1.96,3.45,4.36,-0.5,1.8,2.03,1.97,1.95,2.25,1.78,2.15,1.96,1.94,1.96,3.45,4.36,1.97,1.95,1.96,1.94,ok,
1621916480,17.01 16:00,Real Madrid,Levante,ok,,04.01 23:34,17.01 15:59,1.14,8.46,12.62,1.15,9.75,18.0,-2.5,2.21,1.75,2.03,1.88,3.75,1.91,1.88,1.9,1.99,1.15,9.5,18.0,2.03,1.88,1.9,1.99,ok,
1621931685,17.01 17:00,Udinese,Internazionale,ok,,12.01 00:13,17.01 16:58,5.89,4.28,1.5,7.48,4.41,1.48,1.0,1.96,1.85,2.11,1.83,2.75,1.94,1.86,2.06,1.86,7.48,4.41,1.48,2.11,1.83,2.06,1.86,ok,
1621931686,17.01 17:30,Wolfsburg,Heidenheim,ok,,12.01 00:13,17.01 17:29,1.56,4.39,5.07,1.7,4.03,5.06,-0.75,1.74,2.23,1.9,2.03,3.0,1.81,1.99,2.02,1.88,1.7,4.03,5.06,1.9,2.03,2.02,1.89,ok,
1621931697,17.01 20:30,RB Leipzig,Bayern Munich,ok,,12.01 00:13,17.01 20:29,4.53,4.74,1.57,4.23,4.5,1.74,0.75,2.22,1.75,1.99,1.93,3.5,1.75,2.19,1.93,1.98,4.23,4.5,1.74,1.99,1.93,1.93,1.98,ok,
1621931717,17.01 23:00,Real Betis,Villarreal,ok,,04.01 23:34,17.01 23:02,2.18,3.57,3.1,2.61,3.53,2.77,0.0,1.66,2.37,1.9,2.02,2.75,1.8,2.01,1.93,1.97,2.61,3.53,2.77,1.9,2.02,1.93,1.97,ok,
1621931805,17.01 17:30,Hoffenheim,Bayer Leverkusen,ok,,12.01 00:13,17.01 17:27,2.2,3.69,2.99,2.42,3.78,2.86,-0.25,1.93,1.89,2.12,1.83,3.0,1.81,1.99,1.85,2.07,2.42,3.78,2.86,2.12,1.83,1.85,2.07,ok,
1621931819,17.01 17:30,FC Koln,Mainz 05,ok,,12.01 00:13,17.01 17:29,2.22,3.49,3.1,2.13,3.54,3.62,-0.25,1.93,1.89,1.85,2.09,2.5,1.77,2.16,1.88,2.02,2.12,3.54,3.64,1.84,2.1,1.88,2.02,ok,
1621931820,17.01 18:15,Mallorca,Athletic Bilbao,ok,,04.01 23:34,17.01 18:15,3.4,3.11,2.25,3.81,3.19,2.21,0.25,1.9,1.92,2.04,1.88,2.0,1.77,2.15,1.81,2.12,3.81,3.19,2.21,2.04,1.88,1.81,2.12,ok,
1621931823,17.01 17:30,Borussia Dortmund,St. Pauli,ok,,12.01 00:13,17.01 17:29,1.32,5.32,8.17,1.34,5.27,9.85,-1.5,1.96,1.79,2.07,1.86,2.5,1.58,2.34,1.88,2.03,1.34,5.27,9.85,2.07,1.86,1.88,2.04,ok,
1621931827,17.01 17:30,Hamburger SV,Borussia Monchengladbach,ok,,12.01 00:13,17.01 17:29,2.19,3.56,3.08,2.5,3.56,2.89,0.0,1.62,2.29,1.83,2.12,2.75,1.79,1.95,1.94,1.96,2.5,3.56,2.89,1.83,2.12,1.94,1.96,ok,
1621931828,17.01 20:00,Napoli,Sassuolo,ok,,12.01 00:13,17.01 19:59,1.4,4.52,7.53,1.43,4.43,9.15,-1.25,1.94,1.87,2.11,1.83,2.25,1.71,2.25,1.91,2.0,1.43,4.43,9.15,2.11,1.83,1.91,2.0,ok,
1621931835,17.01 22:45,Cagliari,Juventus,ok,,12.01 00:13,17.01 22:45,5.49,3.93,1.58,7.47,3.9,1.55,1.0,1.79,2.05,1.92,2.0,2.25,1.74,2.2,1.97,1.93,7.47,3.9,1.55,1.92,2.0,1.97,1.93,ok,
1621935913,17.01 20:30,Osasuna,Real Oviedo,ok,,04.01 23:34,17.01 20:29,1.66,3.56,5.42,1.8,3.48,5.24,-0.75,1.88,1.93,2.08,1.86,2.25,2.02,1.79,2.03,1.88,1.8,3.48,5.24,2.08,1.86,2.03,1.88,ok,
1621960219,18.01 16:00,Getafe,Valencia,ok,,04.01 23:35,18.01 15:59,2.46,2.98,3.16,2.59,2.77,3.56,-0.25,2.01,1.75,2.15,1.81,1.75,1.83,1.92,1.97,1.93,2.59,2.77,3.56,2.15,1.81,1.97,1.93,ok,
1621962860,18.01 14:30,Parma,Genoa,ok,,12.01 00:14,18.01 14:37,2.77,2.92,2.81,2.95,2.77,3.05,0.0,1.9,1.92,1.93,1.99,2.0,1.88,1.92,1.95,1.95,2.95,2.77,3.05,1.93,1.99,1.95,1.95,ok,
1621975356,18.01 17:00,Bologna,Fiorentina,ok,,12.01 00:14,18.01 17:01,1.99,3.37,3.82,2.42,3.35,3.16,-0.25,1.75,2.2,2.08,1.85,2.5,2.14,1.78,1.91,2.0,2.42,3.35,3.16,2.08,1.85,1.91,2.0,ok,
1621975979,18.01 19:30,Augsburg,Freiburg,ok,,12.01 00:14,18.01 19:30,2.76,3.29,2.54,2.66,3.31,2.86,0.0,1.99,1.83,1.89,2.04,2.5,1.88,1.93,2.06,1.86,2.66,3.31,2.86,1.89,2.04,2.06,1.86,ok,
1621976150,18.01 17:30,Stuttgart,Union Berlin,ok,,12.01 00:14,18.01 17:29,1.65,3.96,4.78,1.63,4.13,5.65,-1.0,2.15,1.7,2.07,1.86,2.75,1.93,1.87,1.95,1.95,1.63,4.13,5.65,2.07,1.86,1.95,1.95,ok,
1621976202,18.01 18:15,Atletico Madrid,Alaves,ok,,04.01 23:36,18.01 18:15,1.31,5.08,9.3,1.37,5.01,9.35,-1.25,1.78,2.05,1.94,1.98,2.5,1.87,1.93,1.95,1.95,1.37,5.01,9.35,1.94,1.98,1.95,1.95,ok,
1621983500,18.01 20:30,Celta Vigo,Rayo Vallecano,ok,,04.01 23:36,18.01 20:27,2.01,3.26,3.86,1.93,3.4,4.65,-0.5,2.02,1.81,1.93,1.99,2.25,1.91,1.89,2.02,1.89,1.93,3.39,4.65,1.93,1.99,2.03,1.88,ok,
1621983904,18.01 20:00,Torino,Roma,ok,,12.01 00:14,18.01 19:58,3.6,3.23,2.11,4.68,3.29,1.95,0.5,1.78,2.17,1.96,1.96,2.25,1.93,1.87,1.91,2.0,4.68,3.29,1.95,1.96,1.96,1.91,2.0,ok,
1621990791,18.01 22:45,AC Milan,Lecce,ok,,12.01 00:14,18.01 22:44,1.21,6.0,12.09,1.3,5.45,12.54,-1.5,1.72,2.1,2.01,1.92,2.5,1.78,2.01,1.95,1.95,1.3,5.45,12.54,2.01,1.92,1.95,1.95,ok,
1621990798,18.01 23:00,Real Sociedad,Barcelona,ok,,04.01 23:36,18.01 23:00,4.8,4.59,1.56,4.85,4.4,1.69,0.75,2.15,1.7,2.06,1.85,3.25,1.91,1.89,1.97,1.93,4.85,4.4,1.69,2.06,1.85,1.97,1.93,ok,
1622010096,19.01 22:45,Lazio,Como,ok,,12.01 00:16,19.01 22:44,2.75,2.8,2.95,3.39,2.86,2.61,0.25,1.55,2.46,1.79,2.18,2.0,1.63,2.26,1.97,1.93,3.39,2.86,2.61,1.79,2.18,1.97,1.93,ok,
1622010879,19.01 20:30,Cremonese,Hellas Verona,ok,,12.01 00:16,19.01 20:29,2.55,2.89,3.11,2.47,3.07,3.32,-0.25,2.14,1.71,2.1,1.84,2.25,2.06,1.77,1.98,1.93,2.47,3.07,3.32,2.1,1.84,1.98,1.93,ok,
1622010924,23.01 22:00,Auxerre,Paris Saint-Germain,ok,,04.01 23:48,23.01 21:59,7.54,5.37,1.33,8.96,4.98,1.38,1.25,2.13,1.71,2.08,1.85,3.0,1.74,2.07,2.06,1.85,8.96,4.98,1.38,2.08,1.85,2.06,1.85,ok,
1622010925,24.01 19:00,Rennes,Lorient,ok,,04.01 23:48,24.01 18:59,1.7,3.83,4.58,1.85,3.66,4.59,-0.5,1.7,2.15,1.86,2.08,2.5,1.8,2.01,1.93,1.98,1.85,3.66,4.59,1.86,2.08,1.93,1.98,ok,
1622010926,24.01 23:05,Marseille,Lens,ok,,04.01 23:48,24.01 23:03,1.85,3.79,3.87,2.14,3.69,3.45,-0.25,1.62,2.3,1.87,2.07,3.0,2.08,1.74,1.86,2.05,2.14,3.69,3.45,1.87,2.07,1.86,2.05,ok,
1622010927,25.01 19:15,Metz,Lyon,ok,,04.01 23:49,25.01 19:16,4.23,3.82,1.76,5.87,3.94,1.64,0.75,1.83,1.99,2.11,1.83,2.5,1.71,2.12,2.01,1.9,5.87,3.94,1.64,2.11,1.83,2.01,1.9,ok,
1622012901,19.01 23:00,Elche,Sevilla,ok,,04.01 23:36,19.01 23:06,2.1,3.52,3.33,2.46,3.09,3.36,-0.25,1.83,2.0,2.08,1.85,2.0,1.53,2.48,1.85,2.07,2.46,3.09,3.36,2.08,1.85,1.85,2.07,ok,
1622012903,24.01 21:00,Le Havre,Monaco,ok,,04.01 23:48,24.01 21:00,3.31,3.57,2.08,4.38,3.96,1.82,0.75,1.6,2.5,1.87,2.06,3.0,2.22,1.73,1.99,1.92,4.38,3.96,1.82,1.87,2.06,1.99,1.92,ok,
1622012904,25.01 19:15,Paris FC,Angers,ok,,04.01 23:49,25.01 19:11,1.67,3.8,4.89,1.91,3.39,4.74,-0.5,1.71,2.27,1.92,2.0,2.25,1.72,2.24,2.01,1.9,1.91,3.39,4.74,1.92,2.0,2.01,1.9,ok,
1622013848,25.01 19:15,Brest,Toulouse,ok,,04.01 23:49,25.01 19:15,2.77,3.18,2.6,3.17,2.92,2.7,0.0,1.97,1.85,2.13,1.81,2.0,1.54,2.62,1.97,1.93,3.17,2.92,2.7,2.13,1.81,1.97,1.93,ok,
1622013849,25.01 22:45,Lille,Strasbourg,ok,,04.01 23:49,25.01 22:49,1.7,3.89,4.53,2.57,3.28,3.0,0.0,1.32,3.62,1.82,2.13,2.25,1.57,2.53,1.86,2.06,2.57,3.28,3.0,1.82,2.13,1.86,2.06,ok,
1622013850,25.01 17:00,Nantes,Nice,ok,,04.01 23:49,25.01 16:46,3.01,3.55,2.42,2.78,3.42,2.67,0.0,2.2,1.76,2.0,1.93,2.5,1.79,2.13,1.91,2.0,2.78,3.42,2.67,2.0,1.93,1.91,2.0,ok,
1622108215,14.01 20:30,Napoli,Parma,ok,,09.01 12:03,14.01 20:29,1.34,5.25,10.2,1.31,5.5,11.95,-1.5,2.01,1.81,1.99,1.93,2.5,1.88,1.93,1.89,2.01,1.31,5.5,11.95,2.01,1.92,1.93,1.97,ok,
1622109437,15.01 22:45,Como,AC Milan,ok,,09.01 12:03,15.01 22:46,2.86,3.2,2.51,3.04,3.29,2.53,0.0,2.04,1.79,2.16,1.79,2.25,1.81,2.09,1.88,2.04,3.04,3.29,2.53,2.16,1.79,1.88,2.04,ok,
1622110370,14.01 22:45,Internazionale,Lecce,ok,,09.01 12:03,14.01 22:43,1.14,7.68,16.22,1.17,8.2,19.75,-2.0,1.87,1.93,2.02,1.89,3.0,2.01,1.79,1.92,1.97,1.17,8.2,19.75,2.04,1.87,1.97,1.92,ok,
1622129543,23.01 22:45,Internazionale,Pisa,ok,,15.01 14:35,23.01 22:44,1.12,8.62,18.07,1.29,6.13,10.98,-1.5,1.45,2.7,1.87,2.06,3.0,1.92,1.87,1.95,1.95,1.28,6.19,11.25,1.85,2.08,1.97,1.93,ok,
1622133186,23.01 22:30,St. Pauli,Hamburger SV,ok,,15.01 14:35,23.01 22:29,2.22,3.34,3.21,2.92,2.94,2.9,0.0,1.65,2.4,1.97,1.95,2.0,1.48,2.8,1.97,1.93,2.92,2.94,2.9,1.97,1.95,1.97,1.93,ok,
1622144377,24.01 17:00,Como,Torino,ok,,15.01 14:35,24.01 17:00,1.69,3.65,4.96,1.56,4.0,7.25,-1.0,2.33,1.61,1.95,1.97,2.5,2.04,1.77,1.91,2.0,1.56,4.0,7.25,1.95,1.97,1.91,2.0,ok,
1622144385,24.01 17:30,Bayern Munich,Augsburg,ok,,15.01 14:36,24.01 17:30,1.06,14.57,21.09,1.13,11.0,19.0,-2.5,1.68,2.31,1.96,1.94,4.0,1.84,1.93,1.95,1.93,1.13,11.0,19.0,1.96,1.94,1.95,1.93,ok,
1622150043,24.01 17:30,Eintracht Frankfurt,Hoffenheim,ok,,15.01 14:37,24.01 17:27,2.18,3.83,2.93,3.16,3.66,2.28,0.25,1.5,2.58,1.93,1.99,2.75,1.63,2.26,1.89,2.01,3.16,3.66,2.28,1.93,1.99,1.89,2.02,ok,
1622150106,24.01 20:00,Fiorentina,Cagliari,ok,,15.01 14:35,24.01 20:00,1.67,3.68,5.14,1.79,3.57,5.11,-0.75,1.88,1.93,2.05,1.88,2.5,2.09,1.73,1.99,1.91,1.79,3.57,5.11,2.05,1.88,1.99,1.91,ok,
1622152571,24.01 17:30,Bayer Leverkusen,Werder Bremen,ok,,15.01 14:37,24.01 17:30,1.54,4.48,5.13,1.59,4.49,5.52,-1.0,1.87,1.95,1.95,1.97,3.25,1.97,1.84,2.04,1.88,1.59,4.49,5.52,1.95,1.97,2.04,1.88,ok,
1622152573,24.01 17:30,Mainz 05,Wolfsburg,ok,,15.01 14:37,24.01 17:21,2.19,3.53,3.12,2.34,3.46,3.21,-0.25,1.91,1.91,2.02,1.9,2.5,1.72,2.11,1.96,1.94,2.34,3.46,3.21,2.02,1.9,1.96,1.94,ok,
1622152574,24.01 17:30,Heidenheim,RB Leipzig,ok,,15.01 14:37,24.01 17:27,4.25,4.12,1.7,4.75,4.48,1.67,0.75,1.93,1.89,2.09,1.85,3.25,2.03,1.78,1.95,1.95,4.75,4.48,1.67,2.09,1.85,1.95,1.95,ok,
1622167372,24.01 20:30,Union Berlin,Borussia Dortmund,ok,,15.01 14:37,24.01 20:29,4.09,3.71,1.82,3.33,3.36,2.33,0.25,2.36,1.59,1.93,2.0,2.25,1.6,2.33,1.84,2.08,3.33,3.35,2.33,1.93,2.0,1.85,2.07,ok,
1622177442,24.01 22:45,Lecce,Lazio,ok,,15.01 14:35,24.01 22:45,4.28,3.43,1.85,4.79,3.02,2.04,0.5,1.95,1.86,1.88,2.05,1.75,1.55,2.42,1.85,2.06,4.79,3.02,2.04,1.88,2.05,1.85,2.06,ok,
1622212278,25.01 14:30,Sassuolo,Cremonese,ok,,15.01 14:35,25.01 14:25,1.9,3.34,4.2,2.06,3.23,4.38,-0.5,1.91,1.91,2.06,1.87,2.25,1.81,2.01,2.09,1.83,2.06,3.23,4.38,2.06,1.87,2.1,1.82,ok,
1622212332,24.01 20:30,Sevilla,Athletic Bilbao,ok,,12.01 00:17,24.01 20:29,2.88,3.11,2.55,2.7,3.03,3.06,0.0,2.03,1.8,1.85,2.09,2.0,1.64,2.39,1.85,2.07,2.7,3.03,3.06,1.85,2.09,1.85,2.07,ok,
1622212334,23.01 23:00,Levante,Elche,ok,,12.01 00:16,23.01 22:57,2.43,3.26,2.94,2.27,3.47,3.34,-0.25,2.09,1.76,1.96,1.96,2.5,1.97,1.83,1.93,1.97,2.27,3.47,3.34,1.96,1.96,1.93,1.97,ok,
1622221787,24.01 18:15,Valencia,Espanyol,ok,,12.01 00:17,24.01 18:13,2.28,3.15,3.29,2.5,3.21,3.17,-0.25,1.94,1.88,2.13,1.81,2.25,1.94,1.85,2.05,1.86,2.5,3.21,3.17,2.13,1.81,2.05,1.86,ok,
1622221788,25.01 16:00,Atletico Madrid,Mallorca,ok,,12.01 00:18,25.01 16:02,1.25,5.75,10.29,1.34,5.35,10.5,-1.5,1.81,2.02,1.99,1.93,2.75,1.84,1.97,2.01,1.9,1.34,5.35,10.5,1.99,1.93,2.01,1.9,ok,
1622221789,24.01 23:00,Villarreal,Real Madrid,ok,,12.01 00:17,24.01 22:59,2.99,3.74,2.18,3.89,4.04,1.91,0.5,1.74,2.24,2.01,1.92,3.25,1.97,1.84,1.87,2.04,3.92,4.07,1.89,2.03,1.9,1.87,2.05,ok,
1622221822,25.01 17:00,Atalanta,Parma,ok,,15.01 14:35,25.01 16:58,1.38,4.72,7.53,1.33,5.43,10.05,-1.5,2.19,1.68,2.11,1.83,2.5,1.72,2.1,1.85,2.07,1.33,5.43,10.05,2.11,1.83,1.85,2.07,ok,
1622221914,24.01 16:00,Rayo Vallecano,Osasuna,ok,,12.01 00:17,24.01 15:59,2.12,3.14,3.69,2.25,3.17,3.74,-0.25,1.81,2.01,1.91,2.01,2.25,2.14,1.78,2.11,1.82,2.25,3.18,3.71,1.92,2.01,2.09,1.83,ok,
1622221956,25.01 17:30,Borussia Monchengladbach,Stuttgart,ok,,15.01 14:37,25.01 17:29,2.85,3.67,2.29,2.95,3.74,2.38,0.25,1.82,2.01,1.85,2.08,3.0,1.81,2.0,1.97,1.93,2.96,3.75,2.36,1.86,2.07,1.97,1.93,ok,
1622223735,25.01 17:00,Genoa,Bologna,ok,,15.01 14:35,25.01 16:59,3.27,3.12,2.3,3.4,3.05,2.47,0.25,1.85,1.97,1.85,2.09,2.0,1.85,1.94,1.81,2.11,3.4,3.05,2.47,1.85,2.09,1.81,2.11,ok,
1622230156,25.01 18:15,Barcelona,Real Oviedo,ok,,12.01 00:18,25.01 18:13,1.09,10.93,16.67,1.13,10.66,19.79,-2.5,1.87,1.93,2.03,1.88,4.0,2.09,1.82,2.02,1.87,1.13,10.66,19.79,2.03,1.88,2.02,1.87,ok,
1622232148,25.01 19:30,Freiburg,FC Koln,ok,,15.01 14:37,25.01 19:27,1.71,3.84,4.49,2.05,3.67,3.82,-0.5,1.71,2.13,2.05,1.88,2.75,1.98,1.83,1.96,1.94,2.05,3.67,3.82,2.05,1.88,1.96,1.94,ok,
1622236039,25.01 20:00,Juventus,Napoli,ok,,15.01 14:35,25.01 19:58,2.14,3.1,3.67,1.92,3.31,5.02,-0.5,2.14,1.71,1.92,2.01,2.0,1.81,2.0,1.86,2.05,1.92,3.31,5.02,1.92,2.01,1.86,2.05,ok,
1622236053,25.01 20:30,Real Sociedad,Celta Vigo,ok,,12.01 00:18,25.01 20:29,2.18,3.29,3.36,2.18,3.31,3.74,-0.25,1.88,1.94,1.87,2.06,2.25,1.79,2.02,1.89,2.02,2.19,3.29,3.75,1.87,2.06,1.89,2.02,ok,
1622239604,25.01 23:00,Alaves,Real Betis,ok,,12.01 00:18,25.01 22:56,2.94,3.16,2.47,2.72,3.01,3.05,0.0,2.1,1.75,1.85,2.08,2.0,1.6,2.49,1.87,2.04,2.72,3.01,3.05,1.85,2.08,1.87,2.04,ok,
1622243912,25.01 22:45,Roma,AC Milan,ok,,15.01 14:35,25.01 22:44,2.53,3.11,2.93,2.71,2.97,3.11,0.0,1.78,2.06,1.83,2.11,2.25,1.97,1.93,1.98,1.93,2.71,2.97,3.11,1.83,2.11,1.98,1.93,ok,
1622269721,26.01 22:45,Hellas Verona,Udinese,ok,,15.01 14:35,26.01 22:41,2.59,2.93,3.0,3.05,2.91,2.81,0.0,1.77,2.06,2.05,1.88,2.0,1.89,1.91,2.0,1.91,3.05,2.91,2.81,2.05,1.88,2.0,1.91,ok,
1622272754,26.01 23:00,Girona,Getafe,ok,,12.01 00:19,26.01 23:31,2.03,3.12,3.99,2.25,2.98,4.03,-0.25,1.78,2.17,1.89,2.04,1.75,1.65,2.35,1.81,2.12,2.25,2.98,4.03,1.89,2.04,1.81,2.12,ok,
1622315650,27.01 22:30,St. Pauli,RB Leipzig,ok,,18.01 23:40,27.01 22:30,3.13,3.53,2.18,5.0,3.73,1.78,0.75,1.55,2.63,1.89,2.03,2.25,1.53,2.63,1.87,2.04,5.0,3.73,1.78,1.89,2.03,1.87,2.04,ok,
1622315651,27.01 22:30,Werder Bremen,Hoffenheim,ok,,18.01 23:40,27.01 22:28,2.71,3.56,2.44,3.86,3.83,1.97,0.5,1.6,2.5,1.94,1.98,3.0,1.88,1.92,2.08,1.84,3.82,3.82,1.98,1.93,1.99,2.08,1.84,ok,
1622446119,30.01 22:30,FC Koln,Wolfsburg,ok,,18.01 23:42,30.01 22:31,2.14,3.83,3.32,2.14,3.71,3.43,-0.25,1.88,2.05,1.87,2.06,2.75,1.74,2.2,1.87,2.05,2.14,3.71,3.43,1.87,2.06,1.87,2.05,ok,
1622449350,30.01 22:45,Lens,Le Havre,ok,,18.01 23:42,30.01 22:46,1.36,4.92,7.65,1.44,4.79,7.68,-1.25,1.83,2.0,2.0,1.93,2.75,1.86,1.93,1.96,1.94,1.44,4.79,7.68,2.0,1.93,1.96,1.94,ok,
1622449356,30.01 23:00,Espanyol,Alaves,ok,,18.01 23:42,30.01 22:56,1.92,3.2,4.36,2.02,3.08,4.77,-0.5,1.93,1.89,2.03,1.89,2.0,1.87,1.93,1.98,1.93,2.02,3.08,4.77,2.03,1.89,1.98,1.93,ok,
1622462798,31.01 16:00,Real Oviedo,Girona,ok,,18.01 23:43,31.01 15:59,2.51,3.11,2.94,2.88,3.07,2.83,0.0,1.77,2.07,1.98,1.94,2.25,1.91,1.89,2.1,1.82,2.88,3.07,2.83,1.98,1.94,2.1,1.82,ok,
1622485124,31.01 17:30,Augsburg,St. Pauli,ok,,18.01 23:43,31.01 17:42,2.08,3.28,3.6,2.18,3.12,4.02,-0.25,1.8,2.03,1.85,2.09,2.25,1.87,1.93,2.07,1.85,2.18,3.12,4.02,1.85,2.09,2.07,1.85,ok,
1622485129,31.01 17:30,Hoffenheim,Union Berlin,ok,,18.01 23:43,31.01 17:30,1.68,3.9,4.7,1.85,3.71,4.56,-0.5,1.68,2.2,1.85,2.08,2.75,1.97,1.83,2.04,1.87,1.85,3.71,4.56,1.85,2.08,2.04,1.87,ok,
1622495222,31.01 17:30,Werder Bremen,Borussia Monchengladbach,ok,,18.01 23:43,31.01 17:27,2.18,3.64,3.05,2.2,3.62,3.37,-0.25,1.91,1.91,1.91,2.01,2.75,1.75,2.19,2.0,1.91,2.2,3.62,3.37,1.91,2.01,2.0,1.91,ok,
1622495223,31.01 17:30,RB Leipzig,Mainz 05,ok,,18.01 23:43,31.01 17:30,1.54,4.46,5.17,1.55,4.66,5.67,-1.0,1.88,1.93,1.88,2.05,3.25,2.03,1.79,1.93,1.97,1.55,4.66,5.67,1.88,2.05,1.93,1.97,ok,
1622495224,31.01 17:30,Eintracht Frankfurt,Bayer Leverkusen,ok,,18.01 23:43,31.01 17:29,2.4,3.55,2.75,3.59,3.72,2.08,0.5,1.45,2.75,1.85,2.09,2.75,1.69,2.14,1.91,2.0,3.59,3.72,2.08,1.85,2.09,1.91,2.0,ok,
1622495252,31.01 18:15,Osasuna,Villarreal,ok,,18.01 23:43,31.01 18:13,2.87,3.36,2.41,2.79,3.39,2.68,0.0,2.14,1.79,2.0,1.93,2.5,1.81,1.99,1.92,1.99,2.79,3.39,2.68,2.0,1.93,1.92,1.99,ok,
1622502388,31.01 19:00,Paris FC,Marseille,ok,,18.01 23:43,31.01 18:59,3.53,3.64,1.98,4.73,3.97,1.76,0.75,1.63,2.29,1.94,1.98,2.75,1.88,1.92,1.95,1.95,4.74,3.97,1.75,1.94,1.98,1.95,1.95,ok,
1622502432,31.01 21:00,Lorient,Nantes,ok,,18.01 23:43,31.01 20:50,1.6,3.92,5.3,1.93,3.53,4.38,-0.5,1.65,2.4,1.94,1.98,2.25,1.71,2.25,1.86,2.05,1.93,3.53,4.38,1.94,1.98,1.86,2.05,ok,
1622502497,31.01 20:30,Levante,Atletico Madrid,ok,,18.01 23:43,31.01 20:32,5.21,4.12,1.58,5.1,3.92,1.72,0.75,2.16,1.78,1.99,1.93,2.75,1.9,1.9,2.06,1.85,5.1,3.92,1.72,1.99,1.93,2.06,1.85,ok,
1622502498,31.01 20:30,Hamburger SV,Bayern Munich,ok,,18.01 23:43,31.01 20:28,7.18,5.98,1.31,9.68,6.51,1.28,1.75,1.85,2.07,1.88,2.03,3.5,1.76,2.18,2.05,1.85,9.68,6.51,1.28,1.88,2.03,2.05,1.85,ok,
1622502558,31.01 23:05,Monaco,Rennes,ok,,18.01 23:43,31.01 22:40,1.93,3.84,3.51,1.99,3.98,3.63,-0.5,1.93,1.88,2.0,1.93,3.25,2.11,1.8,2.0,1.91,1.99,3.98,3.63,2.0,1.93,2.0,1.91,ok,
1622515784,31.01 23:00,Elche,Barcelona,ok,,18.01 23:43,31.01 23:00,5.55,4.94,1.46,8.52,6.29,1.31,1.75,1.56,2.58,1.9,2.01,3.75,2.2,1.74,2.04,1.85,8.52,6.29,1.31,1.9,2.01,2.04,1.85,ok,
1622543784,01.02 16:00,Real Madrid,Rayo Vallecano,ok,,18.01 23:44,01.02 16:00,1.2,6.55,10.86,1.29,6.5,11.0,-1.5,1.69,2.31,1.88,2.04,3.25,1.99,1.81,1.85,2.06,1.29,6.5,11.0,1.88,2.04,1.85,2.06,ok,
1622562635,30.01 22:45,Lazio,Genoa,ok,,18.01 23:42,30.01 22:46,1.93,3.2,4.27,2.34,2.93,3.87,-0.25,1.7,2.3,1.96,1.96,2.0,1.84,1.96,2.1,1.82,2.34,2.93,3.87,1.96,1.96,2.1,1.82,ok,
1622562637,01.02 14:30,Torino,Lecce,ok,,18.01 23:44,01.02 14:30,1.7,3.46,5.27,2.2,2.91,4.35,-0.25,1.51,2.6,1.84,2.1,2.0,1.79,2.03,1.96,1.94,2.2,2.91,4.35,1.84,2.1,1.96,1.94,ok,
1622562638,31.01 20:00,Napoli,Fiorentina,ok,,18.01 23:43,31.01 19:59,1.56,3.87,5.95,1.99,3.28,4.65,-0.5,1.6,2.5,1.99,1.93,2.25,1.84,1.96,1.94,1.96,1.98,3.29,4.66,1.98,1.94,1.94,1.96,ok,
1622562808,03.02 22:45,Bologna,AC Milan,ok,,18.01 23:44,03.02 22:41,3.17,3.27,2.28,3.23,3.13,2.51,0.25,1.85,1.95,1.82,2.13,2.25,1.81,2.1,1.93,1.98,3.23,3.13,2.51,1.82,2.13,1.93,1.98,ok,
1622562809,01.02 20:00,Cremonese,Internazionale,ok,,18.01 23:44,01.02 20:00,8.72,5.47,1.29,13.02,6.19,1.25,1.75,1.76,2.2,1.88,2.02,2.75,1.77,2.16,1.89,2.0,13.02,6.19,1.25,1.88,2.02,1.89,2.0,ok,
1622562810,02.02 22:45,Udinese,Roma,ok,,18.01 23:44,02.02 22:44,3.93,3.33,1.97,4.74,3.19,2.0,0.5,1.84,1.97,1.92,2.0,2.0,1.65,2.37,1.91,1.99,4.72,3.19,2.01,1.92,2.01,1.9,2.01,ok,
1622562822,01.02 17:30,Stuttgart,Freiburg,ok,,18.01 23:44,01.02 17:27,1.7,4.02,4.36,1.64,4.34,5.19,-1.0,2.29,1.7,2.09,1.85,3.0,1.96,1.84,2.01,1.9,1.64,4.34,5.19,2.09,1.85,2.01,1.9,ok,
1622564506,01.02 17:00,Como,Atalanta,ok,,18.01 23:44,01.02 16:59,2.47,3.27,2.86,2.4,3.27,3.25,-0.25,2.18,1.77,2.06,1.87,2.5,1.93,1.88,2.07,1.85,2.42,3.26,3.22,2.08,1.85,2.07,1.85,ok,
1622564507,31.01 22:45,Cagliari,Hellas Verona,ok,,18.01 23:43,31.01 22:44,2.33,3.03,3.31,2.27,2.99,3.97,-0.25,1.97,1.84,1.91,2.02,2.0,1.81,2.0,1.87,2.04,2.27,2.99,3.97,1.91,2.02,1.87,2.04,ok,
1622564508,01.02 17:00,Lyon,Lille,ok,,18.01 23:44,01.02 16:59,2.2,3.45,3.16,2.26,3.49,3.35,-0.25,1.91,1.91,1.95,1.97,2.5,1.83,2.08,1.93,1.97,2.28,3.41,3.39,1.96,1.96,1.94,1.96,ok,
1622564511,01.02 22:45,Parma,Juventus,ok,,18.01 23:44,01.02 22:44,5.93,3.97,1.54,9.75,4.7,1.41,1.25,1.66,2.37,1.94,1.98,2.5,2.0,1.81,2.09,1.83,9.75,4.7,1.41,1.94,1.98,2.09,1.83,ok,
1622564512,31.01 17:00,Pisa,Sassuolo,ok,,18.01 23:43,31.01 16:58,2.8,3.1,2.63,3.21,3.14,2.5,0.25,1.69,2.3,1.82,2.13,2.25,1.91,1.89,2.04,1.87,3.21,3.14,2.5,1.82,2.13,2.04,1.87,ok,
1622571062,01.02 18:15,Real Betis,Valencia,ok,,18.01 23:44,01.02 18:15,1.56,4.17,5.39,1.82,3.7,4.76,-0.75,1.75,2.21,2.09,1.85,2.5,1.76,2.18,2.08,1.84,1.82,3.7,4.76,2.09,1.85,2.08,1.84,ok,
1622572330,01.02 19:15,Toulouse,Auxerre,ok,,18.01 23:44,01.02 19:13,1.59,3.91,5.51,1.81,3.53,5.08,-0.75,1.76,2.07,2.09,1.85,2.25,1.72,2.11,2.02,1.88,1.81,3.53,5.08,2.09,1.85,2.02,1.88,ok,
1622572331,01.02 19:15,Nice,Brest,ok,,18.01 23:44,01.02 19:14,2.12,3.54,3.26,2.3,3.45,3.29,-0.25,1.85,1.97,1.99,1.93,2.5,1.76,2.17,1.84,2.06,2.31,3.44,3.29,1.99,1.93,1.85,2.06,ok,
1622572344,01.02 19:30,Borussia Dortmund,Heidenheim,ok,,18.01 23:44,01.02 19:29,1.2,6.85,10.38,1.27,6.6,10.95,-1.75,1.76,2.04,1.95,1.95,3.25,1.81,1.99,1.84,2.06,1.27,6.6,10.95,1.95,1.95,1.85,2.05,ok,
1622572382,01.02 20:30,Getafe,Celta Vigo,ok,,18.01 23:44,01.02 20:29,3.28,2.89,2.65,3.0,2.8,2.96,0.0,2.2,1.77,1.97,1.95,1.75,1.85,2.07,1.9,2.01,3.06,2.78,2.93,2.01,1.92,1.9,2.0,ok,
1622572999,01.02 19:15,Angers,Metz,ok,,18.01 23:44,01.02 19:14,2.01,3.52,3.57,2.18,3.33,3.71,-0.25,1.79,1.95,1.88,2.06,2.25,1.65,2.37,1.92,1.99,2.18,3.33,3.71,1.88,2.06,1.92,1.99,ok,
1622578502,01.02 23:00,Athletic Bilbao,Real Sociedad,ok,,18.01 23:44,01.02 22:59,1.89,3.41,4.13,2.32,3.17,3.57,-0.25,1.68,2.33,1.97,1.95,2.25,1.87,1.93,1.97,1.93,2.33,3.14,3.58,1.98,1.94,2.02,1.89,ok,
1622579591,01.02 22:45,Strasbourg,Paris Saint-Germain,ok,,18.01 23:44,01.02 22:44,5.13,4.37,1.55,5.34,4.28,1.63,1.0,1.89,1.93,1.87,2.06,3.0,1.86,1.93,1.97,1.93,5.34,4.28,1.63,1.87,2.06,1.97,1.93,ok,
1622626398,02.02 23:00,Mallorca,Sevilla,ok,,18.01 23:45,02.02 22:57,2.18,3.2,3.46,2.68,3.1,3.02,0.0,1.58,2.55,1.85,2.09,2.25,1.93,1.87,2.1,1.82,2.68,3.1,3.02,1.85,2.09,2.1,1.82,ok,
1622820015,06.02 22:45,Hellas Verona,Pisa,ok,,25.01 23:11,06.02 22:45,2.16,2.87,4.0,2.68,2.9,3.23,0.0,1.45,2.74,1.79,2.17,2.0,1.76,1.99,1.92,1.99,2.68,2.9,3.23,1.79,2.17,1.92,1.99,ok,
1622825248,06.02 22:45,Metz,Lille,ok,,25.01 23:11,06.02 22:45,4.16,3.94,1.75,6.35,4.55,1.53,1.0,1.65,2.4,2.03,1.9,2.5,1.65,2.35,1.92,1.99,6.35,4.55,1.53,2.03,1.9,1.92,1.99,ok,
1622825261,06.02 23:00,Celta Vigo,Osasuna,ok,,25.01 23:11,06.02 22:59,1.82,3.48,4.38,2.14,3.22,3.99,-0.25,1.58,2.38,1.83,2.12,2.25,1.82,1.99,1.92,1.99,2.14,3.22,3.99,1.83,2.12,1.92,1.99,ok,
1622825359,06.02 22:30,Union Berlin,Eintracht Frankfurt,ok,,25.01 23:11,06.02 22:27,2.15,3.47,3.24,2.2,3.49,3.49,-0.25,1.88,1.94,1.9,2.03,2.5,1.83,2.08,2.05,1.86,2.2,3.49,3.49,1.9,2.03,2.05,1.86,ok,
1622846016,07.02 16:00,Rayo Vallecano,Real Oviedo,ok,,25.01 23:12,07.02 13:45,1.69,3.51,5.2,1.81,3.57,4.97,-0.75,1.93,1.88,2.08,1.85,2.25,2.03,1.79,1.91,2.0,1.81,3.57,4.97,2.08,1.85,1.91,2.0,ok,
1622861366,07.02 17:30,St. Pauli,Stuttgart,ok,,25.01 23:12,07.02 17:28,3.29,3.62,2.23,5.12,3.93,1.71,0.75,1.55,2.63,2.0,1.93,2.5,1.79,2.12,1.9,2.01,5.12,3.93,1.71,2.0,1.93,1.9,2.01,ok,
1622865068,07.02 17:30,Mainz 05,Augsburg,ok,,25.01 23:12,07.02 17:26,1.97,3.53,3.7,1.97,3.67,4.03,-0.5,1.97,1.84,1.98,1.94,2.75,2.15,1.78,2.04,1.87,1.97,3.67,4.03,1.98,1.94,2.04,1.87,ok,
1622865088,07.02 18:15,Barcelona,Mallorca,ok,,25.01 23:12,07.02 18:15,1.15,8.37,12.37,1.15,9.31,17.29,-2.25,1.93,1.87,1.98,1.93,3.75,1.9,1.88,1.94,1.94,1.15,9.31,17.29,1.98,1.93,1.94,1.94,ok,
1622865102,07.02 19:00,Lens,Rennes,ok,,25.01 23:12,07.02 18:57,1.69,4.02,4.4,1.61,4.36,5.45,-1.0,2.27,1.71,2.0,1.92,3.25,2.33,1.67,2.06,1.86,1.61,4.36,5.39,2.01,1.91,2.04,1.88,ok,
1622872679,07.02 17:30,Freiburg,Werder Bremen,ok,,25.01 23:12,07.02 17:29,1.67,3.98,4.61,2.15,3.35,3.77,-0.25,1.51,2.73,1.85,2.09,2.5,1.72,2.22,2.01,1.89,2.15,3.35,3.79,1.85,2.09,2.01,1.89,ok,
1622872680,07.02 17:30,Wolfsburg,Borussia Dortmund,ok,,25.01 23:12,07.02 17:28,3.58,3.84,1.91,4.72,4.19,1.71,0.75,1.69,2.17,2.02,1.91,3.0,1.85,1.95,1.84,2.08,4.72,4.19,1.71,2.02,1.91,1.84,2.08,ok,
1622872681,07.02 17:30,Heidenheim,Hamburger SV,ok,,25.01 23:12,07.02 17:30,2.72,3.33,2.55,2.94,3.45,2.51,0.0,1.97,1.85,2.13,1.81,2.5,1.81,2.01,1.9,2.01,2.94,3.45,2.51,2.13,1.81,1.9,2.01,ok,
1622872763,07.02 20:30,Sevilla,Girona,ok,,25.01 23:12,07.02 20:29,1.95,3.47,3.78,2.02,3.61,3.9,-0.5,1.96,1.85,2.03,1.9,2.5,1.93,1.86,2.01,1.89,2.03,3.59,3.88,2.04,1.89,2.01,1.89,ok,
1622883919,07.02 20:00,Genoa,Napoli,ok,,25.01 23:12,07.02 19:57,4.52,3.17,1.9,4.43,3.0,2.13,0.5,1.91,1.91,1.81,2.14,2.0,1.94,1.85,2.04,1.87,4.43,3.0,2.13,1.81,2.14,2.04,1.87,ok,
1622883926,07.02 20:30,Borussia Monchengladbach,Bayer Leverkusen,ok,,25.01 23:12,07.02 20:29,2.62,3.5,2.55,3.57,3.73,2.08,0.5,1.55,2.62,1.85,2.09,2.75,1.8,2.12,1.92,1.99,3.57,3.74,2.08,1.85,2.09,1.9,2.01,ok,
1622883938,07.02 21:00,Brest,Lorient,ok,,25.01 23:12,07.02 20:59,2.09,3.42,3.44,2.37,3.19,3.41,-0.25,1.81,2.01,2.02,1.9,2.25,1.71,2.25,1.99,1.92,2.37,3.19,3.41,2.02,1.9,1.99,1.92,ok,
1622883982,07.02 23:05,Nantes,Lyon,ok,,25.01 23:12,07.02 23:04,4.06,3.69,1.83,4.83,3.85,1.76,0.75,1.79,2.14,1.92,2.01,2.5,1.8,2.01,1.96,1.94,4.82,3.86,1.76,1.92,2.0,1.94,1.96,ok,
1622890805,07.02 22:45,Fiorentina,Torino,ok,,25.01 23:12,07.02 22:43,1.76,3.63,4.54,1.74,3.84,5.07,-0.75,2.0,1.83,1.96,1.96,2.75,2.34,1.67,2.04,1.88,1.74,3.84,5.07,1.96,1.96,2.04,1.88,ok,
1622895166,07.02 23:00,Real Sociedad,Elche,ok,,25.01 23:12,07.02 22:58,1.7,3.77,4.69,1.66,4.09,5.38,-0.75,1.92,1.9,1.85,2.09,2.75,2.19,1.75,2.05,1.86,1.65,4.11,5.37,1.85,2.09,2.02,1.88,ok,
1622934069,08.02 14:30,Bologna,Parma,ok,,25.01 23:13,08.02 14:27,1.66,3.74,5.09,1.67,3.9,5.75,-0.75,1.87,1.95,1.85,2.09,2.5,2.02,1.79,2.0,1.91,1.67,3.9,5.75,1.85,2.09,2.0,1.91,ok,
1622945707,08.02 16:00,Alaves,Getafe,ok,,25.01 23:13,08.02 15:58,2.01,2.98,4.36,2.49,2.68,3.95,-0.25,1.69,2.17,2.05,1.88,1.5,1.65,2.22,1.93,1.98,2.49,2.68,3.95,2.05,1.88,1.93,1.98,ok,
1622945743,08.02 17:00,Nice,Monaco,ok,,25.01 23:13,08.02 16:58,3.04,3.69,2.17,3.52,3.95,2.04,0.5,1.74,2.23,1.88,2.05,3.0,1.84,1.96,1.85,2.07,3.52,3.95,2.04,1.88,2.05,1.85,2.07,ok,
1622959824,08.02 17:00,Lecce,Udinese,ok,,25.01 23:13,08.02 16:55,2.89,2.92,2.71,2.97,2.8,2.98,0.0,1.97,1.85,1.95,1.96,1.75,1.67,2.33,1.93,1.98,2.97,2.8,2.98,1.95,1.96,1.93,1.98,ok,
1622959841,08.02 17:30,FC Koln,RB Leipzig,ok,,25.01 23:13,08.02 17:26,2.91,3.71,2.24,3.44,3.97,2.06,0.5,1.69,2.3,1.86,2.07,3.25,1.96,1.85,1.97,1.93,3.44,3.97,2.06,1.86,2.07,1.97,1.93,ok,
1622959886,08.02 18:15,Athletic Bilbao,Levante,ok,,25.01 23:13,08.02 18:14,1.5,4.24,6.09,1.63,3.99,5.92,-1.0,1.85,1.96,2.11,1.83,2.5,1.82,1.98,1.93,1.97,1.62,4.02,5.98,2.09,1.85,1.93,1.97,ok,
1622959918,08.02 19:15,Le Havre,Strasbourg,ok,,25.01 23:13,08.02 19:14,3.29,3.31,2.2,4.18,3.81,1.88,0.5,1.72,2.26,2.03,1.9,2.5,1.99,1.81,1.87,2.04,4.18,3.81,1.88,2.03,1.9,1.87,2.04,ok,
1622959919,08.02 19:15,Auxerre,Paris FC,ok,,25.01 23:13,08.02 19:14,2.51,3.23,2.85,2.61,3.21,3.0,0.0,1.79,2.04,1.83,2.11,2.25,1.78,2.15,1.95,1.9,2.61,3.21,3.0,1.83,2.11,1.95,1.9,ok,
1622963310,08.02 20:00,Sassuolo,Internazionale,ok,,25.01 23:13,08.02 19:59,5.77,4.34,1.51,7.72,4.67,1.45,1.25,1.76,2.2,1.85,2.09,2.75,1.87,1.93,2.0,1.91,7.72,4.67,1.45,1.85,2.09,2.0,1.91,ok,
1622968202,08.02 19:15,Angers,Toulouse,ok,,25.01 23:13,08.02 19:12,3.44,3.32,2.12,3.91,3.21,2.17,0.25,1.98,1.83,2.09,1.85,2.25,1.81,2.09,2.08,1.84,3.88,3.2,2.18,2.07,1.86,2.08,1.83,ok,
1622968211,08.02 19:30,Bayern Munich,Hoffenheim,ok,,25.01 23:13,08.02 19:29,1.19,7.62,10.04,1.25,7.5,11.0,-2.25,2.11,1.82,2.06,1.85,4.0,1.93,1.86,1.89,2.0,1.24,7.5,11.5,2.05,1.86,1.88,2.0,ok,
1622968249,08.02 20:30,Atletico Madrid,Real Betis,ok,,25.01 23:13,08.02 20:26,1.57,4.17,5.21,1.49,4.8,6.51,-1.25,2.35,1.67,2.11,1.83,3.0,2.18,1.75,2.01,1.89,1.49,4.8,6.51,2.11,1.83,2.01,1.89,ok,
1622971956,09.02 23:00,Villarreal,Espanyol,ok,,25.01 23:13,09.02 22:59,1.56,4.16,5.42,1.72,4.0,4.96,-0.75,1.75,2.21,1.94,1.98,2.75,1.93,1.87,2.06,1.83,1.72,4.01,4.95,1.94,1.98,2.06,1.85,ok,
1622973039,08.02 22:45,Paris Saint-Germain,Marseille,ok,,25.01 23:13,08.02 22:44,1.45,4.77,5.85,1.45,5.25,6.5,-1.25,1.98,1.84,1.96,1.96,3.25,2.01,1.8,1.87,2.05,1.45,5.25,6.5,1.96,1.96,1.87,2.05,ok,
1622973040,08.02 22:45,Juventus,Lazio,ok,,25.01 23:13,08.02 22:42,1.5,4.02,6.52,1.41,4.62,9.24,-1.25,2.22,1.66,2.04,1.89,2.25,1.83,1.97,1.85,2.07,1.41,4.62,9.24,2.04,1.89,1.85,2.07,ok,
1622978206,08.02 23:00,Valencia,Real Madrid,ok,,25.01 23:13,08.02 22:59,5.34,4.39,1.53,5.27,4.21,1.65,0.75,2.28,1.7,2.1,1.84,2.75,1.74,2.2,1.92,1.99,5.28,4.21,1.65,2.1,1.84,1.93,1.98,ok,
1623016928,09.02 20:30,Atalanta,Cremonese,ok,,25.01 23:13,09.02 20:28,1.27,5.66,9.56,1.35,5.35,9.07,-1.5,1.83,1.99,2.07,1.86,2.75,1.81,2.1,1.88,2.03,1.35,5.35,9.07,2.07,1.86,1.88,2.03,ok,
1623026170,09.02 22:45,Roma,Cagliari,ok,,25.01 23:13,09.02 22:44,1.38,4.59,8.0,1.49,4.16,7.87,-1.0,1.66,2.36,1.88,2.04,2.25,1.74,2.2,1.93,1.97,1.49,4.16,7.87,1.88,2.04,1.93,1.97,ok,
1623234545,13.02 23:00,Elche,Osasuna,ok,,02.02 00:13,13.02 23:00,2.46,3.19,2.94,3.04,3.1,2.64,0.0,1.75,2.1,2.12,1.83,2.25,1.8,2.01,1.88,2.02,3.04,3.1,2.64,2.12,1.83,1.88,2.02,ok,
1623235780,13.02 22:30,Borussia Dortmund,Mainz 05,ok,,02.02 00:13,13.02 22:29,1.4,4.93,6.65,1.67,4.21,5.1,-0.75,1.52,2.71,1.85,2.08,3.0,1.85,1.96,2.0,1.91,1.67,4.21,5.1,1.85,2.08,2.0,1.91,ok,
1623269474,14.02 16:00,Espanyol,Celta Vigo,ok,,02.02 00:14,14.02 16:00,2.32,3.28,3.07,2.75,3.11,2.92,0.0,1.66,2.22,1.9,2.03,2.0,1.57,2.38,1.79,2.14,2.75,3.11,2.92,1.9,2.03,1.79,2.14,ok,
1623269519,14.02 17:30,Eintracht Frankfurt,Borussia Monchengladbach,ok,,02.02 00:13,14.02 17:30,1.95,3.75,3.52,2.25,3.56,3.3,-0.25,1.71,2.13,1.95,1.97,2.75,1.73,2.09,1.88,2.03,2.25,3.56,3.3,1.95,1.97,1.88,2.03,ok,
1623269520,14.02 17:30,Werder Bremen,Bayern Munich,ok,,02.02 00:13,14.02 17:30,7.23,5.96,1.3,9.0,6.25,1.33,1.5,2.07,1.85,2.06,1.87,3.75,1.88,1.9,2.02,1.88,9.0,6.25,1.33,2.06,1.87,2.02,1.88,ok,
1623269521,14.02 17:30,Bayer Leverkusen,St. Pauli,ok,,02.02 00:13,14.02 17:23,1.44,4.43,6.66,1.53,4.42,6.53,-1.0,1.74,2.1,1.94,1.98,2.5,1.81,2.0,1.91,2.0,1.53,4.42,6.53,1.94,1.98,1.91,2.0,ok,
1623277593,14.02 20:30,Sevilla,Alaves,ok,,02.02 00:14,14.02 20:53,2.09,3.12,3.8,2.19,2.99,4.15,-0.25,1.79,2.05,1.85,2.09,2.0,1.82,1.98,2.01,1.9,2.19,2.99,4.15,1.85,2.09,2.01,1.9,ok,
1623286356,14.02 17:30,Hamburger SV,Union Berlin,ok,,02.02 00:13,14.02 17:30,2.23,3.28,3.26,2.37,3.2,3.41,-0.25,1.92,1.9,2.02,1.91,2.25,1.81,2.09,2.01,1.9,2.37,3.2,3.41,2.02,1.91,2.01,1.9,ok,
1623286357,14.02 17:30,Hoffenheim,Freiburg,ok,,02.02 00:13,14.02 17:30,1.72,3.94,4.33,1.75,3.94,4.79,-0.75,1.93,1.88,1.97,1.95,2.75,1.82,1.98,1.92,1.98,1.75,3.94,4.79,1.97,1.95,1.92,1.98,ok,
1623286433,14.02 20:30,Stuttgart,FC Koln,ok,,02.02 00:13,14.02 20:28,1.47,4.69,5.71,1.53,4.85,5.95,-1.0,1.79,2.14,1.84,2.1,3.25,1.99,1.81,2.01,1.9,1.53,4.85,5.95,1.84,2.1,2.01,1.9,ok,
1623293984,15.02 18:15,Rayo Vallecano,Atletico Madrid,ok,,02.02 00:14,15.02 18:14,4.28,3.51,1.83,4.91,3.73,1.78,0.75,1.78,2.16,1.89,2.04,2.25,1.79,2.02,1.86,2.05,4.91,3.73,1.78,1.89,2.04,1.86,2.05,ok,
1623307612,14.02 23:00,Real Madrid,Real Sociedad,ok,,02.02 00:14,14.02 23:01,1.26,6.04,8.88,1.4,5.16,8.03,-1.25,1.6,2.5,1.9,2.02,3.0,1.68,2.29,2.02,1.88,1.4,5.16,8.03,1.9,2.02,2.02,1.88,ok,
1623356570,15.02 16:00,Real Oviedo,Athletic Bilbao,ok,,02.02 00:14,15.02 16:00,3.64,3.13,2.14,3.51,2.98,2.46,0.25,1.99,1.83,1.86,2.07,2.0,1.76,2.06,1.88,2.04,3.51,2.98,2.46,1.86,2.07,1.88,2.04,ok,
1623373842,15.02 17:00,Cremonese,Genoa,ok,,02.02 00:14,15.02 16:58,2.97,2.96,2.58,3.61,2.91,2.46,0.25,1.73,2.24,1.88,2.06,2.0,1.83,1.97,1.94,1.96,3.61,2.91,2.46,1.88,2.06,1.94,1.96,ok,
1623373843,15.02 17:00,Parma,Hellas Verona,ok,,02.02 00:14,15.02 16:59,2.18,3.23,3.43,2.3,3.01,3.85,-0.25,1.87,1.95,1.93,1.99,2.0,1.78,2.04,1.93,1.97,2.29,3.02,3.85,1.93,1.99,1.92,1.99,ok,
1623373844,14.02 21:00,Lille,Brest,ok,,02.02 00:13,14.02 20:59,1.56,4.21,5.35,1.62,4.07,5.88,-1.0,1.95,1.87,2.1,1.84,2.5,1.7,2.13,1.93,1.97,1.6,4.11,6.03,2.06,1.87,1.93,1.98,ok,
1623373845,15.02 19:15,Metz,Auxerre,ok,,02.02 00:14,15.02 19:13,2.51,3.27,2.81,3.28,3.1,2.5,0.25,1.56,2.41,1.83,2.12,2.25,1.66,2.2,1.94,1.96,3.28,3.1,2.5,1.83,2.12,1.95,1.95,ok,
1623373846,14.02 22:45,Internazionale,Juventus,ok,,02.02 00:13,14.02 23:00,1.99,3.46,3.7,2.04,3.37,4.24,-0.5,1.99,1.83,2.04,1.88,2.5,1.98,1.77,2.06,1.85,2.04,3.37,4.24,2.04,1.88,2.06,1.85,ok,
1623382574,15.02 17:00,Le Havre,Toulouse,ok,,02.02 00:14,15.02 16:59,3.45,3.23,2.17,3.71,3.21,2.24,0.25,1.95,1.85,2.02,1.91,2.25,1.89,1.91,2.06,1.85,3.73,3.24,2.21,2.04,1.89,2.06,1.85,ok,
1623382575,15.02 20:00,Torino,Bologna,ok,,02.02 00:14,15.02 19:59,2.84,3.19,2.54,3.16,3.17,2.53,0.25,1.74,2.23,1.8,2.15,2.25,1.79,2.03,1.83,2.09,3.16,3.17,2.53,1.8,2.15,1.83,2.09,ok,
1623382576,13.02 22:45,Pisa,AC Milan,ok,,02.02 00:13,13.02 22:43,5.73,4.2,1.53,6.95,3.88,1.58,1.0,1.92,1.9,1.88,2.05,2.25,1.6,2.46,1.88,2.02,6.95,3.88,1.58,1.88,2.05,1.88,2.02,ok,
1623382577,13.02 21:00,Rennes,Paris Saint-Germain,ok,,02.02 00:13,13.02 21:05,5.14,4.49,1.53,7.79,5.75,1.36,1.5,1.6,2.48,1.95,1.97,3.5,2.27,1.7,1.91,2.0,7.79,5.75,1.36,1.95,1.97,1.91,2.0,ok,
1623382578,15.02 19:15,Lorient,Angers,ok,,02.02 00:14,15.02 19:14,1.68,3.63,5.11,2.04,3.15,4.52,-0.5,1.68,2.19,2.05,1.88,2.25,1.88,1.92,2.13,1.81,2.04,3.15,4.53,2.05,1.88,2.13,1.81,ok,
1623382579,15.02 14:30,Udinese,Sassuolo,ok,,02.02 00:14,15.02 14:31,2.23,3.21,3.33,2.69,3.03,3.07,0.0,1.62,2.46,1.84,2.1,2.25,1.89,1.91,2.0,1.91,2.69,3.03,3.07,1.84,2.1,2.0,1.91,ok,
1623382580,16.02 22:45,Cagliari,Lecce,ok,,02.02 00:15,16.02 22:40,2.06,3.08,3.95,2.49,2.89,3.57,-0.25,1.75,2.08,2.08,1.85,1.75,1.65,2.23,1.84,2.08,2.49,2.89,3.57,2.08,1.85,1.87,2.04,ok,
1623382901,14.02 23:05,Paris FC,Lens,ok,,02.02 00:13,14.02 23:03,3.34,3.53,2.09,4.02,3.6,1.99,0.5,1.75,2.09,1.93,2.0,2.5,1.75,2.06,1.9,2.0,4.02,3.6,1.99,1.93,2.0,1.9,2.0,ok,
1623382902,14.02 17:00,Como,Fiorentina,ok,,02.02 00:14,14.02 16:59,1.75,3.73,4.39,1.72,3.85,5.35,-0.75,1.99,1.83,1.93,1.99,2.75,2.13,1.79,1.88,2.02,1.72,3.85,5.35,1.94,1.98,1.91,2.0,ok,
1623382903,15.02 22:45,Lyon,Nice,ok,,02.02 00:14,15.02 22:44,1.55,4.35,5.17,1.91,3.78,4.25,-0.5,1.59,2.52,1.91,2.02,2.75,1.73,2.21,1.98,1.92,1.89,3.79,4.31,1.89,2.03,1.98,1.93,ok,
1623382904,14.02 19:00,Marseille,Strasbourg,ok,,02.02 00:13,14.02 19:00,1.68,3.98,4.57,2.11,3.8,3.5,-0.25,1.52,2.71,1.84,2.1,2.75,1.85,1.95,1.88,2.03,2.11,3.8,3.5,1.84,2.1,1.88,2.03,ok,
1623382906,15.02 22:45,Napoli,Roma,ok,,02.02 00:14,15.02 22:39,2.19,3.08,3.58,2.57,2.83,3.47,-0.25,1.87,1.95,2.15,1.8,1.75,1.63,2.41,1.83,2.09,2.57,2.83,3.47,2.15,1.8,1.83,2.09,ok,
1623382907,13.02 23:05,Monaco,Nantes,ok,,02.02 00:13,13.02 23:04,1.32,5.41,7.77,1.46,4.89,6.81,-1.25,1.75,2.21,2.0,1.93,3.0,1.82,2.09,1.88,2.03,1.46,4.89,6.81,2.0,1.93,1.88,2.03,ok,
1623382908,14.02 20:00,Lazio,Atalanta,ok,,02.02 00:14,14.02 20:00,3.32,3.23,2.22,3.71,3.28,2.2,0.25,1.91,1.91,2.04,1.88,2.5,2.18,1.76,2.05,1.87,3.71,3.28,2.2,2.04,1.88,2.05,1.87,ok,
1623382920,15.02 17:30,Augsburg,Heidenheim,ok,,02.02 00:14,15.02 17:28,1.65,3.96,4.84,1.93,3.78,4.03,-0.5,1.69,2.31,1.94,1.98,2.75,1.95,1.85,1.87,2.05,1.93,3.78,4.03,1.94,1.98,1.87,2.05,ok,
1623385133,14.02 18:15,Getafe,Villarreal,ok,,02.02 00:14,14.02 18:15,3.57,3.11,2.17,3.21,2.87,2.73,0.0,2.53,1.52,2.14,1.81,1.75,1.56,2.39,1.94,1.96,3.21,2.87,2.73,2.14,1.81,1.94,1.96,ok,
1623389840,15.02 19:30,RB Leipzig,Wolfsburg,ok,,02.02 00:14,15.02 19:30,1.54,4.59,5.01,1.53,4.9,5.85,-1.0,1.92,1.82,1.85,2.09,3.5,2.09,1.81,1.97,1.93,1.53,4.9,5.85,1.85,2.09,1.97,1.93,ok,
1623394774,15.02 20:30,Levante,Valencia,ok,,02.02 00:14,15.02 20:28,2.41,3.25,2.96,2.78,3.27,2.76,0.0,1.77,2.18,1.97,1.95,2.25,1.79,2.13,1.81,2.09,2.79,3.24,2.77,1.97,1.95,1.86,2.06,ok,
1623396192,15.02 23:00,Mallorca,Real Betis,ok,,02.02 00:14,15.02 22:59,2.97,3.33,2.36,3.12,3.17,2.53,0.25,1.79,2.04,1.79,2.16,2.25,1.68,2.3,1.91,2.0,3.12,3.17,2.54,1.79,2.17,1.91,1.99,ok,
1623441829,16.02 23:00,Girona,Barcelona,ok,,02.02 00:15,16.02 22:59,5.83,5.12,1.42,8.22,5.98,1.34,1.5,1.79,2.15,1.98,1.94,3.5,1.87,1.93,1.88,2.02,8.22,5.98,1.34,1.98,1.94,1.88,2.02,ok,
1623533101,18.02 22:45,AC Milan,Como,ok,,08.02 11:33,18.02 22:42,1.92,3.44,3.96,2.63,2.96,3.22,0.0,1.44,3.03,1.78,2.18,2.25,1.82,2.09,2.12,1.81,2.63,2.96,3.22,1.78,2.18,2.12,1.81,ok,
1623660037,20.02 22:45,Brest,Marseille,ok,,08.02 23:30,20.02 22:43,3.69,3.66,1.93,4.01,3.89,1.92,0.5,1.88,1.94,2.0,1.93,2.75,1.96,1.93,1.89,2.02,4.01,3.89,1.92,2.0,1.93,1.89,2.02,ok,
1623660038,20.02 22:45,Sassuolo,Hellas Verona,ok,,08.02 23:30,20.02 22:45,1.88,3.45,4.11,1.82,3.46,5.15,-0.75,2.19,1.68,2.08,1.85,2.25,2.0,1.81,1.87,2.04,1.82,3.46,5.15,2.08,1.85,1.87,2.04,ok,
1623660043,20.02 23:00,Athletic Bilbao,Elche,ok,,08.02 23:30,20.02 23:00,1.54,4.03,5.83,1.73,3.8,5.21,-0.75,1.74,2.23,1.95,1.97,2.5,1.93,1.88,1.96,1.94,1.73,3.8,5.21,1.95,1.97,1.96,1.94,ok,
1623687827,21.02 16:00,Real Sociedad,Real Oviedo,ok,,08.02 23:31,21.02 15:59,1.44,4.33,6.87,1.61,3.88,6.58,-1.0,1.79,2.14,2.07,1.86,2.5,1.91,1.89,2.04,1.88,1.61,3.9,6.6,2.06,1.87,2.03,1.88,ok,
1623687903,21.02 19:00,Lens,Monaco,ok,,08.02 23:31,21.02 19:22,1.99,3.78,3.4,1.79,3.97,4.56,-0.75,2.34,1.67,2.01,1.91,3.0,1.87,1.93,2.04,1.87,1.79,3.97,4.56,2.01,1.91,2.04,1.87,ok,
1623698429,21.02 17:00,Juventus,Como,ok,,08.02 23:31,21.02 16:59,1.69,3.72,4.8,2.15,3.42,3.7,-0.25,1.52,2.7,1.85,2.08,2.5,1.96,1.84,2.05,1.86,2.16,3.38,3.71,1.85,2.08,2.09,1.82,ok,
1623698441,21.02 17:30,Union Berlin,Bayer Leverkusen,ok,,08.02 23:31,21.02 17:29,3.13,3.39,2.24,3.22,3.36,2.39,0.25,1.88,1.93,1.88,2.05,2.25,1.66,2.34,1.88,2.03,3.2,3.38,2.38,1.88,2.05,1.85,2.06,ok,
1623698442,21.02 17:30,FC Koln,Hoffenheim,ok,,08.02 23:31,21.02 17:25,2.87,3.58,2.31,3.53,3.77,2.08,0.5,1.66,2.38,1.85,2.09,3.0,1.93,1.88,1.97,1.93,3.53,3.77,2.08,1.85,2.09,1.97,1.93,ok,
1623698443,21.02 17:30,Wolfsburg,Augsburg,ok,,08.02 23:31,21.02 17:29,1.95,3.64,3.62,2.34,3.47,3.21,-0.25,1.76,1.99,2.02,1.91,2.75,1.95,1.79,1.94,1.96,2.35,3.46,3.19,2.03,1.9,1.94,1.96,ok,
1623703037,21.02 17:30,Bayern Munich,Eintracht Frankfurt,ok,,08.02 23:31,21.02 17:29,1.15,8.69,11.53,1.1,13.5,23.0,-3.0,2.87,1.47,2.02,1.87,4.5,2.29,1.69,1.98,1.88,1.1,13.5,23.0,2.02,1.87,1.98,1.88,ok,
1623703066,21.02 18:15,Real Betis,Rayo Vallecano,ok,,08.02 23:31,21.02 18:14,1.68,3.82,4.71,1.95,3.54,4.29,-0.5,1.73,2.24,1.96,1.96,2.5,1.85,1.96,1.9,2.01,1.95,3.54,4.29,1.96,1.96,1.9,2.01,ok,
1623723139,21.02 20:30,Osasuna,Real Madrid,ok,,08.02 23:31,21.02 20:24,4.39,3.96,1.7,5.0,3.97,1.73,0.75,1.91,1.91,1.99,1.93,2.75,1.81,2.0,1.88,2.03,5.0,3.97,1.73,1.99,1.93,1.88,2.03,ok,
1623734220,21.02 20:00,Lecce,Internazionale,ok,,08.02 23:31,21.02 19:59,8.13,4.82,1.35,7.39,4.37,1.49,1.0,2.49,1.61,2.08,1.85,2.5,1.81,2.0,1.97,1.93,7.39,4.37,1.49,2.08,1.85,1.97,1.93,ok,
1623734236,21.02 20:30,RB Leipzig,Borussia Dortmund,ok,,08.02 23:31,21.02 20:29,2.58,3.65,2.51,1.99,4.06,3.57,-0.5,2.57,1.5,2.0,1.93,3.0,1.73,2.09,1.88,2.03,1.99,4.06,3.57,2.0,1.93,1.88,2.03,ok,
1623734257,21.02 21:00,Toulouse,Paris FC,ok,,08.02 23:31,21.02 20:58,1.69,3.7,4.87,2.03,3.36,4.19,-0.5,1.74,2.23,2.04,1.89,2.25,1.8,2.11,1.92,1.99,2.03,3.37,4.19,2.04,1.89,1.9,2.0,ok,
1623734311,21.02 22:45,Cagliari,Lazio,ok,,08.02 23:31,21.02 22:44,3.03,3.03,2.51,3.42,2.81,2.64,0.25,1.77,2.18,1.77,2.2,2.0,1.79,2.13,2.03,1.88,3.42,2.8,2.65,1.77,2.2,2.06,1.85,ok,
1623745386,21.02 23:05,Paris Saint-Germain,Metz,ok,,08.02 23:31,21.02 23:04,1.06,13.27,20.76,1.13,10.07,19.95,-2.25,1.58,2.53,1.9,2.01,3.5,1.72,2.23,1.85,2.05,1.13,10.07,19.95,1.9,2.01,1.85,2.05,ok,
1623745549,21.02 23:00,Atletico Madrid,Espanyol,ok,,08.02 23:31,21.02 22:59,1.32,5.08,8.58,1.38,5.01,8.45,-1.25,1.79,2.14,1.92,2.01,2.75,1.93,1.87,1.97,1.93,1.39,4.93,8.26,1.94,1.98,1.97,1.93,ok,
1623770930,22.02 14:30,Genoa,Torino,ok,,08.02 23:33,22.02 14:30,2.08,3.14,3.82,2.31,2.95,3.89,-0.25,1.78,2.07,1.94,1.98,2.0,1.79,2.03,1.86,2.05,2.31,2.95,3.89,1.94,1.98,1.86,2.05,ok,
1623793861,22.02 16:00,Getafe,Sevilla,ok,,08.02 23:33,22.02 15:58,2.35,2.88,3.47,2.42,2.78,3.91,-0.25,1.98,1.85,2.01,1.92,1.75,1.79,2.03,2.05,1.87,2.42,2.78,3.91,2.01,1.92,2.05,1.87,ok,
1623793904,22.02 17:00,Auxerre,Rennes,ok,,08.02 23:33,22.02 16:59,2.74,3.28,2.56,2.95,3.4,2.54,0.0,1.98,1.85,2.12,1.83,2.5,1.87,1.93,1.94,1.96,2.95,3.4,2.54,2.12,1.83,1.94,1.96,ok,
1623793918,22.02 17:30,Freiburg,Borussia Monchengladbach,ok,,08.02 23:33,22.02 17:26,1.86,3.68,3.94,2.16,3.38,3.7,-0.25,1.67,2.35,1.86,2.07,2.5,1.81,2.1,1.88,2.04,2.16,3.38,3.7,1.86,2.07,1.88,2.04,ok,
1623794020,22.02 17:00,Atalanta,Napoli,ok,,08.02 23:33,22.02 16:56,2.07,3.31,3.61,2.48,3.05,3.36,-0.25,1.79,2.05,2.1,1.84,2.25,1.9,1.9,2.06,1.85,2.48,3.05,3.37,2.1,1.84,2.06,1.85,ok,
1623808055,22.02 19:15,Nice,Lorient,ok,,08.02 23:33,22.02 19:14,2.14,3.47,3.26,2.21,3.47,3.49,-0.25,1.87,1.95,1.91,2.02,2.5,1.83,2.07,2.06,1.86,2.21,3.47,3.49,1.91,2.02,2.06,1.86,ok,
1623808056,22.02 19:15,Angers,Lille,ok,,08.02 23:33,22.02 19:14,4.02,3.53,1.88,4.81,3.65,1.83,0.5,1.93,1.89,2.09,1.82,2.25,1.7,2.13,1.92,1.99,4.75,3.64,1.84,2.09,1.85,1.92,1.99,ok,
1623808064,22.02 19:30,St. Pauli,Werder Bremen,ok,,08.02 23:33,22.02 19:29,2.39,3.16,3.08,2.77,3.21,2.81,0.0,1.68,2.19,1.94,1.98,2.25,1.88,1.93,1.85,2.07,2.79,3.21,2.8,1.96,1.96,1.85,2.07,ok,
1623808648,22.02 18:15,Barcelona,Levante,ok,,08.02 23:33,22.02 18:15,1.07,13.02,19.49,1.12,11.65,21.25,-2.75,1.88,1.9,2.0,1.89,4.25,2.26,1.71,1.98,1.89,1.12,11.65,21.25,2.0,1.89,1.98,1.89,ok,
1623808696,22.02 19:15,Nantes,Le Havre,ok,,08.02 23:33,22.02 19:14,2.49,3.15,2.94,2.4,3.43,3.13,-0.25,2.18,1.76,2.07,1.86,2.25,1.85,1.95,1.93,1.98,2.39,3.43,3.14,2.07,1.87,1.93,1.98,ok,
1623817104,22.02 21:30,Heidenheim,Stuttgart,ok,,08.02 23:33,22.02 22:10,4.48,4.14,1.66,4.75,4.36,1.68,0.75,1.98,1.85,2.06,1.87,3.25,2.1,1.72,2.06,1.85,4.75,4.36,1.68,2.06,1.87,2.06,1.85,ok,
1623817134,22.02 20:00,AC Milan,Parma,ok,,08.02 23:33,22.02 20:01,1.26,5.63,10.04,1.3,5.66,11.34,-1.5,1.83,1.99,1.95,1.97,2.75,1.85,1.94,2.03,1.88,1.3,5.66,11.34,1.95,1.97,2.03,1.88,ok,
1623817159,22.02 20:30,Celta Vigo,Mallorca,ok,,08.02 23:33,22.02 20:29,1.66,3.74,5.07,1.79,3.63,5.07,-0.75,1.92,2.01,2.06,1.87,2.25,1.81,2.11,1.93,1.97,1.79,3.61,5.06,2.07,1.87,1.94,1.96,ok,
1623826380,22.02 22:45,Strasbourg,Lyon,ok,,08.02 23:33,22.02 22:43,2.36,3.37,2.94,2.27,3.63,3.19,-0.25,2.04,1.79,1.98,1.94,2.75,2.09,1.81,2.05,1.86,2.26,3.63,3.23,1.96,1.96,2.05,1.86,ok,
1623826381,22.02 22:45,Roma,Cremonese,ok,,08.02 23:33,22.02 22:39,1.3,5.14,9.36,1.32,5.41,11.12,-1.5,1.97,1.85,1.96,1.96,2.75,2.02,1.78,1.95,1.95,1.32,5.37,10.98,1.98,1.94,1.96,1.94,ok,
1623830358,22.02 23:00,Villarreal,Valencia,ok,,08.02 23:33,22.02 23:00,1.58,4.27,4.98,1.7,3.83,5.44,-0.75,1.74,2.1,1.91,2.02,2.5,1.71,2.12,1.89,2.01,1.7,3.83,5.44,1.91,2.02,1.89,2.01,ok,
1623869317,23.02 20:30,Fiorentina,Pisa,ok,,08.02 23:34,23.02 20:30,1.53,4.23,5.6,1.61,3.99,6.18,-1.0,1.91,1.91,2.08,1.85,2.5,1.76,2.16,1.96,1.94,1.61,3.99,6.18,2.08,1.85,1.96,1.94,ok,
1623874427,23.02 23:00,Alaves,Girona,ok,,08.02 23:34,23.02 22:59,2.06,3.17,3.83,2.45,3.11,3.36,-0.25,1.8,2.13,2.07,1.85,2.25,2.14,1.78,1.88,2.03,2.45,3.11,3.35,2.07,1.85,1.88,2.03,ok,
1623875463,23.02 22:45,Bologna,Udinese,ok,,08.02 23:34,23.02 22:44,1.91,3.43,4.02,1.92,3.44,4.62,-0.5,1.92,1.9,1.93,2.0,2.25,1.81,2.0,1.96,1.94,1.92,3.44,4.62,1.93,2.0,1.96,1.94,ok,
1624075377,27.02 22:30,Augsburg,FC Koln,ok,,15.02 23:50,27.02 22:29,2.18,3.5,3.15,2.25,3.51,3.35,-0.25,1.9,1.92,1.95,1.97,2.75,1.93,1.88,2.05,1.86,2.25,3.51,3.35,1.95,1.97,2.05,1.86,ok,
1624088582,27.02 22:45,Strasbourg,Lens,ok,,15.02 23:50,27.02 22:37,2.43,3.43,2.79,2.28,3.63,3.18,-0.25,2.16,1.78,1.99,1.93,2.75,1.89,1.91,1.99,1.92,2.28,3.63,3.18,1.99,1.93,1.99,1.92,ok,
1624088587,27.02 23:00,Levante,Alaves,ok,,15.02 23:50,27.02 22:47,2.31,3.09,3.27,2.81,3.14,2.83,0.0,1.66,2.37,1.95,1.97,2.25,2.04,1.78,2.03,1.88,2.81,3.14,2.83,1.95,1.97,2.03,1.88,ok,
1624098179,28.02 16:00,Rayo Vallecano,Athletic Bilbao,ok,,15.02 23:52,28.02 15:59,2.79,3.0,2.72,2.51,3.16,3.2,-0.25,2.43,1.63,2.13,1.81,2.25,2.06,1.77,2.07,1.85,2.47,3.18,3.25,2.1,1.84,2.06,1.85,ok,
1624124580,28.02 17:30,Bayer Leverkusen,Mainz 05,ok,,15.02 23:52,28.02 17:29,1.55,4.32,5.2,1.69,4.21,4.9,-0.75,1.74,2.23,1.88,2.04,2.75,1.76,2.17,1.83,2.08,1.69,4.21,4.9,1.88,2.04,1.83,2.08,ok,
1624124581,28.02 17:30,Borussia Monchengladbach,Union Berlin,ok,,15.02 23:52,28.02 17:29,2.39,3.57,2.77,2.43,3.31,3.19,-0.25,2.08,1.75,2.08,1.85,2.25,1.67,2.19,1.84,2.08,2.43,3.31,3.19,2.08,1.85,1.85,2.07,ok,
1624124623,28.02 19:00,Rennes,Toulouse,ok,,15.02 23:52,28.02 18:59,1.97,3.55,3.66,2.0,3.63,3.94,-0.5,1.98,1.85,2.01,1.92,2.75,2.06,1.75,2.06,1.83,1.96,3.67,4.05,1.97,1.95,2.07,1.85,ok,
1624128182,28.02 17:30,Hoffenheim,St. Pauli,ok,,15.02 23:52,28.02 17:29,1.52,4.85,4.92,1.52,4.44,6.61,-1.0,1.85,1.97,1.88,2.05,2.5,1.72,2.1,1.88,2.02,1.52,4.43,6.61,1.88,2.05,1.89,2.02,ok,
1624128183,28.02 17:30,Werder Bremen,Heidenheim,ok,,15.02 23:52,28.02 17:28,1.72,3.93,4.32,1.62,4.32,5.44,-1.0,2.28,1.63,2.04,1.89,3.0,2.07,1.75,2.04,1.87,1.62,4.32,5.44,2.04,1.89,2.04,1.87,ok,
1624128271,28.02 20:30,Borussia Dortmund,Bayern Munich,ok,,15.02 23:52,28.02 20:29,3.97,4.19,1.74,4.69,4.61,1.66,1.0,1.65,2.25,1.87,2.06,3.5,1.99,1.82,1.88,2.02,4.57,4.6,1.68,1.85,2.09,1.89,2.02,ok,
1624128272,28.02 20:30,Mallorca,Real Sociedad,ok,,15.02 23:52,28.02 20:24,2.97,3.2,2.43,3.2,3.29,2.43,0.25,1.76,2.08,1.85,2.08,2.25,1.8,2.01,1.94,1.96,3.2,3.29,2.43,1.85,2.08,1.94,1.96,ok,
1624160600,28.02 21:00,Monaco,Angers,ok,,15.02 23:52,28.02 20:59,1.5,4.42,5.69,1.43,4.99,7.32,-1.25,2.16,1.7,1.95,1.97,3.0,2.05,1.76,2.01,1.89,1.43,4.99,7.32,1.95,1.97,2.01,1.89,ok,
1624176692,28.02 23:05,Le Havre,Paris Saint-Germain,ok,,15.02 23:52,28.02 22:59,7.77,5.55,1.31,10.11,6.13,1.3,1.5,1.93,1.89,2.05,1.88,3.0,1.73,2.22,1.94,1.96,10.11,6.13,1.3,2.05,1.88,1.94,1.96,ok,
1624176693,28.02 23:00,Real Oviedo,Atletico Madrid,ok,,15.02 23:52,28.02 22:59,7.05,4.87,1.38,4.95,3.58,1.83,0.75,2.62,1.49,1.85,2.09,2.5,1.85,1.96,2.07,1.85,5.08,3.61,1.8,1.88,2.05,2.08,1.84,ok,
1624212254,01.03 16:00,Elche,Espanyol,ok,,15.02 23:52,01.03 15:59,2.5,3.37,2.75,2.47,3.29,3.15,-0.25,2.16,1.69,2.11,1.83,2.5,1.98,1.83,2.03,1.88,2.47,3.29,3.15,2.11,1.83,2.03,1.88,ok,
1624220204,01.03 22:45,Roma,Juventus,ok,,15.02 23:52,01.03 22:40,2.93,3.03,2.57,2.67,3.09,3.03,0.0,2.04,1.79,1.84,2.1,2.25,2.04,1.78,2.02,1.88,2.65,3.09,3.07,1.83,2.12,2.02,1.89,ok,
1624220207,28.02 17:00,Como,Lecce,ok,,15.02 23:52,28.02 16:59,1.37,4.62,7.97,1.45,4.35,9.25,-1.25,1.9,1.92,2.11,1.83,2.5,1.9,1.9,2.02,1.89,1.45,4.35,9.25,2.11,1.83,2.02,1.89,ok,
1624220208,28.02 22:45,Internazionale,Genoa,ok,,15.02 23:52,28.02 22:44,1.25,5.84,10.29,1.34,5.35,9.85,-1.5,1.78,2.05,2.03,1.9,2.75,1.79,2.03,1.97,1.93,1.34,5.31,9.71,2.05,1.88,1.98,1.93,ok,
1624221174,01.03 17:00,Paris FC,Nice,ok,,15.02 23:52,01.03 17:01,2.25,3.46,3.05,2.46,3.47,3.01,-0.25,1.96,1.86,2.13,1.82,2.75,1.95,1.85,2.06,1.85,2.46,3.47,3.01,2.13,1.82,2.06,1.85,ok,
1624221175,02.03 20:30,Pisa,Bologna,ok,,15.02 23:54,02.03 20:29,3.32,3.33,2.17,4.6,3.29,1.97,0.5,1.74,2.23,1.94,1.98,2.25,1.78,2.15,2.01,1.89,4.6,3.29,1.97,1.94,1.98,2.01,1.89,ok,
1624221177,28.02 20:00,Hellas Verona,Napoli,ok,,15.02 23:52,28.02 19:59,6.5,4.37,1.46,6.5,3.55,1.69,0.75,2.34,1.6,2.02,1.91,2.0,1.6,2.32,1.87,2.04,6.5,3.55,1.69,2.01,1.92,1.9,2.0,ok,
1624221178,02.03 22:45,Udinese,Fiorentina,ok,,15.02 23:54,02.03 22:46,2.69,3.2,2.66,3.45,3.11,2.4,0.25,1.63,2.28,1.89,2.04,2.25,1.8,2.01,1.98,1.93,3.45,3.11,2.4,1.89,2.04,1.98,1.93,ok,
1624221186,01.03 14:30,Cremonese,AC Milan,ok,,15.02 23:52,01.03 14:31,5.95,4.27,1.5,9.1,5.05,1.38,1.25,1.75,2.21,2.07,1.87,2.75,1.98,1.83,1.87,2.04,9.1,5.05,1.38,2.07,1.87,1.87,2.04,ok,
1624226948,01.03 17:00,Sassuolo,Atalanta,ok,,15.02 23:52,01.03 16:59,3.95,3.59,1.88,3.42,3.28,2.32,0.25,2.33,1.68,1.93,1.99,2.5,1.86,1.94,1.95,1.95,3.42,3.29,2.32,1.93,1.99,1.95,1.95,ok,
1624226950,27.02 22:45,Parma,Cagliari,ok,,15.02 23:50,27.02 22:44,2.46,3.04,3.09,2.23,2.97,4.1,-0.25,2.09,1.76,1.88,2.06,2.0,1.78,2.14,1.93,1.98,2.26,2.94,4.08,1.89,2.04,1.9,2.01,ok,
1624226958,01.03 20:00,Torino,Lazio,ok,,15.02 23:52,01.03 20:47,2.85,3.02,2.65,2.99,2.78,3.01,0.0,1.98,1.84,1.95,1.97,2.0,1.75,2.18,2.01,1.9,2.99,2.78,3.01,1.95,1.97,2.01,1.9,ok,
1624226963,01.03 17:30,Stuttgart,Wolfsburg,ok,,15.02 23:52,01.03 17:29,1.43,4.91,5.96,1.41,5.56,6.86,-1.5,2.21,1.75,2.05,1.88,3.5,2.15,1.78,1.88,2.02,1.41,5.56,6.86,2.05,1.88,1.88,2.02,ok,
1624234442,01.03 19:15,Lorient,Auxerre,ok,,15.02 23:52,01.03 19:15,1.94,3.29,4.08,2.11,3.3,3.97,-0.5,1.95,1.86,2.12,1.82,2.25,1.99,1.82,2.03,1.88,2.11,3.3,3.97,2.12,1.82,2.03,1.88,ok,
1624234443,01.03 19:15,Metz,Brest,ok,,15.02 23:52,01.03 19:15,3.04,3.35,2.31,3.86,3.46,2.08,0.5,1.62,2.31,1.85,2.09,2.25,1.64,2.23,1.85,2.04,3.86,3.46,2.08,1.85,2.09,1.85,2.04,ok,
1624237802,01.03 18:15,Valencia,Osasuna,ok,,15.02 23:52,01.03 18:13,2.3,3.17,3.21,2.47,3.16,3.26,-0.25,1.97,1.84,2.1,1.84,2.25,1.91,1.89,2.01,1.9,2.47,3.16,3.26,2.1,1.84,2.02,1.89,ok,
1624237919,01.03 19:15,Lille,Nantes,ok,,15.02 23:52,01.03 19:16,1.38,4.81,7.31,1.52,4.27,6.97,-1.0,1.65,2.4,1.9,2.03,2.5,1.72,2.23,1.93,1.97,1.52,4.27,6.97,1.9,2.03,1.93,1.97,ok,
1624237934,01.03 19:30,Eintracht Frankfurt,Freiburg,ok,,15.02 23:52,01.03 19:29,2.09,3.49,3.38,2.3,3.5,3.25,-0.25,1.81,2.01,1.99,1.93,2.75,2.0,1.81,1.99,1.92,2.3,3.5,3.25,1.99,1.93,1.99,1.92,ok,
1624242933,01.03 20:30,Real Betis,Sevilla,ok,,15.02 23:52,01.03 20:28,1.63,3.94,4.99,1.81,3.62,4.95,-0.75,1.82,2.01,2.07,1.87,2.25,1.6,2.31,1.83,2.09,1.81,3.62,4.95,2.07,1.87,1.83,2.09,ok,
1624243528,28.02 18:15,Barcelona,Villarreal,ok,,15.02 23:52,28.02 18:14,1.28,6.44,7.45,1.4,5.75,7.25,-1.5,1.81,2.02,2.04,1.88,3.75,1.89,1.91,1.9,2.0,1.4,5.75,7.25,2.04,1.88,1.9,2.0,ok,
1624243611,01.03 23:00,Girona,Celta Vigo,ok,,15.02 23:52,01.03 22:59,2.6,3.22,2.74,2.57,3.25,3.03,0.0,1.85,1.95,1.81,2.14,2.25,1.77,2.16,1.89,2.02,2.57,3.25,3.03,1.81,2.14,1.89,2.02,ok,
1624243783,01.03 21:30,Hamburger SV,RB Leipzig,ok,,15.02 23:52,01.03 21:29,3.02,3.65,2.19,4.07,4.07,1.86,0.5,1.72,2.25,2.06,1.87,3.25,2.18,1.75,2.06,1.85,4.06,4.06,1.86,2.06,1.87,2.07,1.85,ok,
1624243826,01.03 22:45,Marseille,Lyon,ok,,15.02 23:52,01.03 22:44,1.97,3.62,3.6,1.94,3.76,4.02,-0.5,1.97,1.85,1.95,1.97,2.5,1.72,2.1,1.85,2.07,1.94,3.76,4.02,1.95,1.97,1.85,2.07,ok,
1624297253,02.03 23:00,Real Madrid,Getafe,ok,,15.02 23:54,02.03 22:59,1.2,6.35,12.06,1.42,4.75,9.25,-1.25,1.48,2.62,2.14,1.81,2.25,1.48,2.58,1.88,2.04,1.42,4.75,9.25,2.14,1.81,1.88,2.04,ok,
1624503297,06.03 22:30,Bayern Munich,Borussia Monchengladbach,ok,,22.02 23:33,06.03 22:30,1.1,11.15,16.12,1.25,7.5,11.5,-2.0,1.5,2.77,1.94,1.96,3.75,1.71,2.26,1.96,1.93,1.25,7.5,11.5,1.94,1.96,1.96,1.93,ok,
1624503303,06.03 22:45,Paris Saint-Germain,Monaco,ok,,22.02 23:33,06.03 22:44,1.36,5.5,6.63,1.39,5.65,7.5,-1.5,1.94,1.88,2.04,1.89,3.5,1.85,1.95,1.98,1.93,1.39,5.65,7.5,2.04,1.89,1.98,1.93,ok,
1624503321,07.03 16:00,Osasuna,Mallorca,ok,,22.02 23:33,07.03 16:00,1.69,3.65,4.95,1.93,3.43,4.53,-0.5,1.74,2.22,1.94,1.98,2.25,1.82,1.98,1.97,1.93,1.93,3.43,4.53,1.94,1.98,1.97,1.93,ok,
1624530630,08.03 18:15,Getafe,Real Betis,ok,,22.02 23:34,08.03 18:15,2.93,2.88,2.69,2.77,2.87,3.11,0.0,1.99,1.83,1.85,2.08,1.75,1.7,2.14,1.89,2.02,2.77,2.87,3.11,1.85,2.08,1.89,2.02,ok,
1624530657,07.03 17:30,RB Leipzig,Augsburg,ok,,22.02 23:34,07.03 17:28,1.48,4.66,5.56,1.36,5.64,8.16,-1.5,2.35,1.67,1.94,1.98,3.5,2.26,1.7,2.03,1.88,1.36,5.64,8.16,1.94,1.98,2.03,1.88,ok,
1624530659,07.03 17:30,Mainz 05,Stuttgart,ok,,22.02 23:34,07.03 17:30,3.01,3.72,2.34,3.74,3.87,1.99,0.5,1.67,2.34,1.93,2.0,3.0,2.0,1.9,1.93,1.97,3.74,3.87,1.99,1.93,2.0,1.93,1.97,ok,
1624535737,07.03 17:30,Heidenheim,Hoffenheim,ok,,22.02 23:34,07.03 17:30,4.06,3.95,1.76,5.73,4.7,1.55,1.0,1.64,2.42,2.06,1.88,3.25,2.23,1.72,1.93,1.97,5.73,4.7,1.55,2.06,1.88,1.93,1.97,ok,
1624540612,07.03 17:30,Freiburg,Bayer Leverkusen,ok,,22.02 23:34,07.03 17:30,2.75,3.32,2.54,3.21,3.39,2.37,0.25,1.72,2.25,1.88,2.04,2.75,2.11,1.81,1.99,1.91,3.21,3.39,2.37,1.88,2.04,1.99,1.91,ok,
1624540615,07.03 17:30,Wolfsburg,Hamburger SV,ok,,22.02 23:34,07.03 17:28,2.13,3.56,3.23,2.67,3.37,2.81,0.0,1.61,2.47,1.91,2.01,2.5,1.74,2.2,1.91,2.0,2.67,3.37,2.81,1.91,2.01,1.91,2.0,ok,
1624540641,07.03 18:15,Levante,Girona,ok,,22.02 23:34,07.03 18:13,2.38,3.32,2.95,2.86,3.35,2.64,0.0,1.76,2.19,2.05,1.88,2.5,1.89,1.91,1.95,1.95,2.86,3.35,2.64,2.05,1.88,1.95,1.95,ok,
1624540660,07.03 19:00,Nantes,Angers,ok,,22.02 23:34,07.03 19:00,2.32,3.18,3.16,2.24,3.08,3.9,-0.25,1.99,1.83,1.89,2.03,2.0,1.63,2.42,2.04,1.88,2.24,3.08,3.9,1.89,2.03,2.04,1.88,ok,
1624573499,07.03 20:30,Atletico Madrid,Real Sociedad,ok,,22.02 23:34,07.03 20:29,1.51,4.31,5.77,1.66,4.1,5.42,-0.75,1.68,2.33,1.85,2.09,2.75,1.89,1.91,1.95,1.95,1.66,4.1,5.42,1.85,2.09,1.95,1.95,ok,
1624573500,07.03 20:30,FC Koln,Borussia Dortmund,ok,,22.02 23:34,07.03 20:29,3.66,3.79,1.9,4.29,4.13,1.81,0.75,1.69,2.17,1.89,2.04,3.0,1.94,1.85,1.92,1.99,4.17,4.09,1.83,1.85,2.08,1.93,1.98,ok,
1624579728,07.03 21:00,Auxerre,Strasbourg,ok,,22.02 23:34,07.03 20:58,3.29,3.34,2.18,3.6,3.3,2.24,0.25,1.93,1.88,2.0,1.93,2.5,1.95,1.85,2.08,1.84,3.58,3.29,2.25,2.0,1.93,2.08,1.84,ok,
1624579777,06.03 23:00,Celta Vigo,Real Madrid,ok,,22.02 23:34,06.03 22:58,4.04,3.94,1.77,3.09,3.23,2.54,0.25,2.41,1.56,1.79,2.17,2.5,1.62,2.43,1.96,1.94,3.09,3.23,2.54,1.79,2.17,1.96,1.94,ok,
1624589834,07.03 23:05,Toulouse,Marseille,ok,,22.02 23:34,07.03 23:03,2.72,3.31,2.56,3.33,3.53,2.25,0.25,1.71,2.27,1.97,1.95,2.75,2.12,1.79,2.03,1.88,3.33,3.54,2.25,1.97,1.95,2.02,1.89,ok,
1624644734,08.03 16:00,Villarreal,Elche,ok,,22.02 23:35,08.03 15:57,1.45,4.59,6.21,1.48,5.0,6.55,-1.25,2.01,1.82,2.02,1.91,3.0,2.07,1.74,2.05,1.87,1.48,5.0,6.55,2.02,1.91,2.05,1.87,ok,
1624664967,09.03 22:45,Lazio,Sassuolo,ok,,22.02 23:35,09.03 22:43,1.97,3.34,3.92,2.23,3.29,3.63,-0.25,1.74,2.23,1.91,2.02,2.25,1.88,1.92,1.88,2.03,2.26,3.27,3.56,1.93,1.99,1.88,2.02,ok,
1624664977,08.03 20:00,Genoa,Roma,ok,,22.02 23:35,08.03 19:57,3.64,3.07,2.17,4.48,3.16,2.05,0.5,1.74,2.23,1.87,2.05,2.0,1.85,1.95,1.91,2.0,4.48,3.16,2.05,1.87,2.05,1.91,2.0,ok,
1624665243,06.03 22:45,Napoli,Torino,ok,,22.02 23:35,06.03 22:54,1.41,4.52,7.3,1.58,3.95,7.25,-1.0,1.71,2.27,2.03,1.9,2.25,1.67,2.33,1.91,2.0,1.58,3.95,7.25,2.03,1.9,1.91,2.0,ok,
1624665244,07.03 17:00,Cagliari,Como,ok,,22.02 23:35,07.03 16:57,4.42,3.54,1.8,7.1,4.15,1.54,1.0,1.55,2.61,2.03,1.89,2.5,2.12,1.8,2.0,1.91,7.1,4.15,1.54,2.03,1.89,2.0,1.91,ok,
1624665252,07.03 22:45,Juventus,Pisa,ok,,22.02 23:35,07.03 22:44,1.22,6.18,10.64,1.2,7.2,15.2,-2.0,2.29,1.7,2.09,1.83,3.0,1.96,1.79,1.99,1.9,1.2,7.2,15.2,2.09,1.83,1.99,1.9,ok,
1624670386,08.03 17:00,Bologna,Hellas Verona,ok,,22.02 23:35,08.03 16:53,1.54,4.06,5.81,1.61,3.87,6.47,-1.0,1.94,1.88,2.12,1.83,2.25,1.7,2.26,1.9,2.0,1.61,3.87,6.47,2.12,1.83,1.9,2.0,ok,
1624670387,08.03 14:30,Lecce,Cremonese,ok,,22.02 23:35,08.03 14:28,2.19,3.02,3.65,2.38,2.96,3.71,-0.25,1.86,1.96,2.0,1.93,2.25,2.25,1.63,2.09,1.83,2.38,2.96,3.71,2.0,1.93,2.09,1.83,ok,
1624670388,08.03 17:00,Lens,Metz,ok,,22.02 23:35,08.03 16:59,1.28,6.53,10.28,1.29,6.17,9.84,-1.75,2.0,1.93,2.01,1.89,3.25,1.98,1.93,1.9,1.99,1.29,6.17,9.84,2.01,1.89,1.9,1.99,ok,
1624670399,08.03 22:45,AC Milan,Internazionale,ok,,22.02 23:35,08.03 22:45,3.05,3.34,2.3,3.27,3.2,2.44,0.25,1.83,1.99,1.85,2.08,2.5,1.89,1.91,2.05,1.86,3.27,3.2,2.44,1.85,2.08,2.05,1.86,ok,
1624670400,08.03 17:00,Fiorentina,Parma,ok,,22.02 23:35,08.03 16:59,1.54,4.11,5.63,1.75,3.7,5.18,-0.75,1.74,2.22,1.99,1.93,2.5,1.81,1.99,1.99,1.91,1.75,3.7,5.2,1.99,1.93,1.99,1.91,ok,
1624670401,07.03 20:00,Atalanta,Udinese,ok,,22.02 23:35,07.03 19:58,1.41,4.59,6.87,1.75,3.59,5.61,-0.75,1.55,2.61,1.97,1.95,2.5,1.78,2.14,1.96,1.94,1.75,3.59,5.61,1.97,1.95,1.96,1.94,ok,
1624670411,08.03 17:30,St. Pauli,Eintracht Frankfurt,ok,,22.02 23:35,08.03 17:29,2.78,3.17,2.6,2.58,3.3,2.98,0.0,1.98,1.84,1.83,2.12,2.25,1.75,2.06,1.85,2.07,2.56,3.29,3.01,1.81,2.14,1.87,2.04,ok,
1624679991,07.03 23:00,Athletic Bilbao,Barcelona,ok,,22.02 23:35,07.03 22:59,3.94,3.96,1.79,4.82,4.48,1.66,0.75,1.81,2.02,2.1,1.84,3.0,1.85,1.94,1.86,2.05,4.82,4.48,1.66,2.1,1.84,1.86,2.05,ok,
1624683069,08.03 19:15,Brest,Le Havre,ok,,22.02 23:35,08.03 19:14,1.87,3.49,4.15,1.93,3.46,4.52,-0.5,1.88,1.94,1.93,1.99,2.25,1.82,2.09,2.04,1.87,1.93,3.45,4.52,1.93,1.99,2.05,1.86,ok,
1624683077,08.03 19:30,Union Berlin,Werder Bremen,ok,,22.02 23:35,08.03 19:28,1.92,3.51,3.88,2.51,3.12,3.24,-0.25,1.71,2.27,2.13,1.81,2.25,1.73,2.22,1.95,1.95,2.51,3.12,3.24,2.13,1.81,1.95,1.95,ok,
1624683088,08.03 20:30,Sevilla,Rayo Vallecano,ok,,22.02 23:35,08.03 20:29,2.29,3.18,3.25,2.58,3.15,3.1,-0.25,1.95,1.87,2.15,1.74,2.25,1.9,1.9,2.1,1.82,2.54,3.18,3.13,2.16,1.79,2.11,1.82,ok,
1624683408,08.03 19:15,Lille,Lorient,ok,,22.02 23:35,08.03 19:12,1.63,3.91,5.1,1.56,4.2,6.5,-1.0,2.18,1.77,1.97,1.95,2.5,1.87,1.93,1.99,1.92,1.56,4.2,6.5,1.97,1.95,1.99,1.92,ok,
1624688048,08.03 19:15,Nice,Rennes,ok,,22.02 23:35,08.03 19:14,2.34,3.55,2.84,2.73,3.55,2.64,0.0,1.78,2.17,1.99,1.93,2.75,1.8,2.11,1.92,1.99,2.73,3.55,2.64,1.99,1.93,1.92,1.99,ok,
1624701046,08.03 23:00,Valencia,Alaves,ok,,22.02 23:35,08.03 22:58,1.98,3.19,4.14,2.13,3.13,4.18,-0.5,1.97,1.84,2.14,1.81,2.0,1.82,1.98,1.89,2.02,2.13,3.13,4.18,2.14,1.81,1.89,2.02,ok,
1624703256,08.03 22:45,Lyon,Paris FC,ok,,22.02 23:35,08.03 22:45,1.53,4.22,5.67,1.92,3.48,4.54,-0.5,1.52,2.51,1.93,2.0,2.25,1.54,2.43,1.93,1.98,1.92,3.48,4.54,1.93,2.0,1.93,1.98,ok,
1624742944,09.03 23:00,Espanyol,Real Oviedo,ok,,22.02 23:36,09.03 22:58,1.73,3.63,4.7,2.0,3.47,4.14,-0.5,1.73,2.1,2.01,1.91,2.25,1.79,2.03,2.06,1.85,2.0,3.47,4.14,2.01,1.91,2.06,1.85,ok,
1624979573,13.03 23:00,Alaves,Villarreal,ok,,01.03 23:16,13.03 22:59,3.07,3.18,2.38,3.7,3.5,2.12,0.25,1.79,2.04,2.11,1.83,2.5,2.17,1.76,1.93,1.98,3.71,3.47,2.12,2.1,1.83,1.95,1.95,ok,
1624979762,13.03 22:30,Borussia Monchengladbach,St. Pauli,ok,,01.03 23:05,13.03 22:29,1.7,3.71,4.77,2.01,3.35,4.3,-0.5,1.75,2.21,2.02,1.91,2.25,1.76,2.17,1.99,1.92,2.01,3.35,4.31,2.02,1.91,1.99,1.92,ok,
1625019034,14.03 16:00,Girona,Athletic Bilbao,ok,,01.03 23:16,14.03 15:55,2.86,3.18,2.53,3.01,3.32,2.54,0.25,1.74,2.22,1.78,2.17,2.5,2.12,1.8,2.03,1.88,3.05,3.32,2.51,1.8,2.16,2.03,1.88,ok,
1625049669,14.03 17:30,Bayer Leverkusen,Bayern Munich,ok,,01.03 23:10,14.03 17:28,4.64,4.54,1.58,5.33,4.8,1.59,1.0,1.87,1.95,2.0,1.92,3.5,2.02,1.79,1.89,2.01,5.33,4.8,1.59,2.0,1.92,1.89,2.02,ok,
1625049670,14.03 17:30,Hoffenheim,Wolfsburg,ok,,01.03 23:10,14.03 17:29,1.59,4.28,4.87,1.46,5.11,6.45,-1.25,2.35,1.67,1.95,1.97,3.5,2.43,1.61,2.05,1.87,1.46,5.12,6.46,1.95,1.97,2.05,1.87,ok,
1625049696,14.03 18:15,Atletico Madrid,Getafe,ok,,01.03 23:17,14.03 18:11,1.34,4.48,9.77,1.68,3.6,6.5,-0.75,1.43,2.81,1.93,2.0,2.0,1.74,2.07,1.84,2.08,1.68,3.6,6.5,1.93,2.0,1.84,2.08,ok,
1625049745,14.03 20:30,Real Oviedo,Valencia,ok,,01.03 23:17,14.03 20:29,2.63,2.99,2.9,2.93,3.23,2.66,0.0,1.82,2.0,2.06,1.87,2.25,2.15,1.78,1.96,1.94,2.93,3.23,2.66,2.06,1.87,1.96,1.94,ok,
1625049746,14.03 20:30,Hamburger SV,FC Koln,ok,,01.03 23:10,14.03 20:27,2.01,3.56,3.51,2.4,3.52,3.06,-0.25,1.8,2.13,2.08,1.85,2.75,1.96,1.85,2.06,1.85,2.4,3.52,3.06,2.08,1.85,2.06,1.85,ok,
1625051926,14.03 17:30,Eintracht Frankfurt,Heidenheim,ok,,01.03 23:10,14.03 17:26,1.56,4.3,5.14,1.67,4.36,4.89,-0.75,1.7,2.15,1.85,2.09,3.0,1.94,1.86,1.84,2.08,1.67,4.36,4.89,1.85,2.09,1.84,2.08,ok,
1625051927,14.03 17:30,Borussia Dortmund,Augsburg,ok,,01.03 23:10,14.03 17:29,1.38,4.99,6.87,1.58,4.57,5.49,-1.0,1.63,2.42,1.96,1.96,3.0,1.85,1.94,1.93,1.97,1.58,4.57,5.49,1.96,1.96,1.93,1.97,ok,
1625080323,14.03 23:00,Real Madrid,Elche,ok,,01.03 23:17,14.03 22:59,1.12,9.26,14.4,1.3,6.23,9.57,-1.5,1.43,3.02,1.86,2.07,3.25,1.61,2.43,1.97,1.93,1.3,6.23,9.57,1.86,2.07,1.97,1.93,ok,
1625124894,13.03 22:45,Torino,Parma,ok,,01.03 23:12,13.03 22:47,1.94,3.36,3.98,2.32,2.99,3.81,-0.25,1.72,2.26,1.95,1.97,2.0,1.63,2.4,1.81,2.12,2.32,2.99,3.81,1.95,1.97,1.81,2.12,ok,
1625124896,15.03 17:00,Sassuolo,Bologna,ok,,01.03 23:12,15.03 16:58,2.74,3.25,2.81,2.49,3.24,3.15,-0.25,2.34,1.68,2.13,1.82,2.5,2.14,1.78,1.97,1.93,2.47,3.22,3.2,2.11,1.83,1.98,1.93,ok,
1625124897,14.03 22:45,Udinese,Juventus,ok,,01.03 23:13,14.03 22:43,5.41,3.85,1.61,6.59,4.1,1.56,1.0,1.72,2.12,1.94,1.98,2.5,2.03,1.78,1.9,2.0,6.59,4.1,1.56,1.94,1.98,1.9,2.0,ok,
1625124898,14.03 21:00,Angers,Nice,ok,,01.03 23:15,14.03 21:00,2.84,3.24,2.51,3.36,3.1,2.46,0.25,1.75,2.21,1.85,2.08,2.25,1.76,2.16,2.09,1.83,3.36,3.1,2.46,1.85,2.08,2.09,1.83,ok,
1625136566,14.03 23:05,Monaco,Brest,ok,,01.03 23:15,14.03 23:05,1.55,4.34,5.23,1.61,4.26,5.55,-1.0,1.92,1.9,2.05,1.88,2.75,1.76,2.17,1.87,2.04,1.61,4.26,5.55,2.05,1.88,1.87,2.04,ok,
1625136567,13.03 22:45,Marseille,Auxerre,ok,,01.03 23:14,13.03 22:47,1.34,5.05,7.76,1.46,4.75,7.38,-1.25,1.83,2.1,2.04,1.88,2.75,1.8,2.01,2.02,1.88,1.46,4.75,7.38,2.04,1.88,2.02,1.88,ok,
1625136568,14.03 19:00,Lorient,Lens,ok,,01.03 23:15,14.03 18:59,3.72,3.58,1.93,5.06,3.99,1.71,0.75,1.69,2.3,2.01,1.92,2.75,2.07,1.83,2.0,1.9,5.02,3.98,1.71,2.0,1.93,2.01,1.9,ok,
1625136569,14.03 17:00,Internazionale,Atalanta,ok,,01.03 23:12,14.03 16:56,1.72,3.84,4.48,1.53,4.45,6.75,-1.0,2.36,1.67,1.84,2.1,3.0,2.36,1.65,1.97,1.93,1.53,4.45,6.75,1.84,2.1,1.97,1.93,ok,
1625154997,15.03 14:30,Hellas Verona,Genoa,ok,,01.03 23:13,15.03 14:30,2.99,2.93,2.61,3.57,2.98,2.43,0.25,1.68,2.19,1.88,2.04,1.75,1.66,2.2,1.84,2.08,3.57,2.98,2.43,1.88,2.04,1.84,2.08,ok,
1625155116,15.03 17:30,Werder Bremen,Mainz 05,ok,,01.03 23:10,15.03 17:28,2.12,3.52,3.27,2.34,3.5,3.18,-0.25,1.84,1.97,2.02,1.9,2.75,1.93,1.87,1.93,1.98,2.33,3.51,3.18,2.02,1.9,1.91,2.0,ok,
1625155378,15.03 16:00,Mallorca,Espanyol,ok,,01.03 23:18,15.03 16:00,2.56,3.0,2.96,2.65,3.05,3.11,0.0,1.78,2.06,1.81,2.14,2.25,2.15,1.78,2.09,1.83,2.65,3.05,3.11,1.81,2.14,2.09,1.83,ok,
1625155428,15.03 17:00,Pisa,Cagliari,ok,,01.03 23:13,15.03 16:41,2.48,3.0,3.1,2.66,2.96,3.18,0.0,1.75,2.21,1.8,2.15,2.0,1.81,2.0,2.01,1.9,2.66,2.96,3.18,1.8,2.15,2.01,1.9,ok,
1625155430,15.03 17:00,Strasbourg,Paris FC,ok,,01.03 23:15,15.03 17:00,1.6,4.04,5.1,1.71,4.05,4.93,-0.75,1.78,2.06,1.93,2.0,2.75,1.95,1.85,1.97,1.93,1.71,4.05,4.93,1.93,2.0,1.97,1.93,ok,
1625172864,15.03 18:15,Barcelona,Sevilla,ok,,01.03 23:18,15.03 18:15,1.17,7.78,11.41,1.32,6.0,9.25,-1.75,1.65,2.23,2.01,1.89,3.5,1.75,2.04,2.03,1.86,1.32,6.0,9.25,2.01,1.89,2.03,1.86,ok,
1625172893,15.03 19:15,Le Havre,Lyon,ok,,01.03 23:15,15.03 19:15,4.01,3.61,1.86,3.55,3.39,2.22,0.25,2.36,1.66,2.02,1.91,2.25,1.67,2.32,1.86,2.05,3.55,3.39,2.22,2.02,1.91,1.86,2.05,ok,
1625172903,15.03 19:30,Freiburg,Union Berlin,ok,,01.03 23:11,15.03 19:30,2.11,3.27,3.54,1.93,3.62,4.39,-0.5,2.11,1.72,1.93,2.0,2.75,2.52,1.51,2.06,1.85,1.93,3.62,4.39,1.93,2.0,2.06,1.85,ok,
1625178865,15.03 19:15,Metz,Toulouse,ok,,01.03 23:15,15.03 19:15,3.68,3.36,2.03,4.19,3.47,1.99,0.5,1.79,2.04,1.93,2.0,2.25,1.8,2.01,1.96,1.94,4.19,3.47,1.99,1.93,2.0,1.96,1.94,ok,
1625185167,15.03 20:00,Como,Roma,ok,,01.03 23:13,15.03 20:00,2.42,3.27,3.25,2.14,3.04,4.28,-0.25,2.01,1.81,1.81,2.14,2.0,1.6,2.31,1.92,1.98,2.14,3.04,4.28,1.81,2.14,1.92,1.98,ok,
1625186277,14.03 20:00,Napoli,Lecce,ok,,01.03 23:12,14.03 20:00,1.37,4.46,8.63,1.45,4.35,9.0,-1.0,1.62,2.29,1.81,2.14,2.25,1.86,1.94,1.93,1.97,1.45,4.35,9.0,1.81,2.14,1.93,1.97,ok,
1625186292,15.03 20:30,Real Betis,Celta Vigo,ok,,01.03 23:18,15.03 20:19,2.05,3.37,3.59,2.06,3.45,3.94,-0.5,2.06,1.78,2.07,1.86,2.5,1.92,1.88,2.02,1.89,2.06,3.45,3.94,2.07,1.86,2.02,1.89,ok,
1625186339,15.03 21:30,Stuttgart,RB Leipzig,ok,,01.03 23:11,15.03 21:29,2.08,3.88,3.09,2.53,4.01,2.61,0.0,1.58,2.37,1.93,1.99,3.75,2.27,1.62,2.05,1.87,2.53,4.01,2.61,1.93,1.99,2.05,1.87,ok,
1625186621,15.03 22:45,Lazio,AC Milan,ok,,01.03 23:20,15.03 22:44,3.43,3.19,2.19,4.78,3.59,1.85,0.5,1.72,2.25,2.08,1.85,2.25,1.93,1.87,1.85,2.06,4.79,3.58,1.85,2.08,1.85,1.87,2.04,ok,
1625198063,15.03 23:00,Real Sociedad,Osasuna,ok,,01.03 23:18,15.03 23:01,1.91,3.42,4.04,2.03,3.45,4.07,-0.5,1.92,1.9,2.03,1.89,2.5,2.14,1.78,1.98,1.92,2.03,3.45,4.07,2.03,1.89,1.98,1.92,ok,
1625201618,15.03 22:45,Rennes,Lille,ok,,01.03 23:15,15.03 22:43,2.74,3.4,2.49,2.3,3.39,3.36,-0.25,2.37,1.58,1.98,1.94,2.5,1.74,2.07,2.04,1.87,2.3,3.39,3.36,1.98,1.94,2.04,1.87,ok,
1625249125,16.03 22:45,Cremonese,Fiorentina,ok,,01.03 23:29,16.03 23:03,3.82,3.53,1.93,4.66,3.44,1.93,0.5,1.88,1.94,2.0,1.93,2.25,1.68,2.18,1.95,1.95,4.66,3.44,1.93,2.0,1.93,1.95,1.95,ok,
1625249130,16.03 23:00,Rayo Vallecano,Levante,ok,,01.03 23:29,16.03 23:00,1.74,3.59,4.7,1.91,3.5,4.54,-0.5,1.74,2.09,1.92,2.01,2.25,1.69,2.16,1.88,2.03,1.91,3.5,4.54,1.92,2.01,1.88,2.03,ok,
1625486888,20.03 20:30,Cagliari,Napoli,ok,,09.03 01:28,20.03 20:29,5.13,3.58,1.69,5.9,3.35,1.79,0.75,1.9,1.92,1.86,2.07,2.0,1.68,2.31,1.88,2.03,5.75,3.35,1.81,1.85,2.08,1.88,2.03,ok,
1625518163,20.03 22:45,Genoa,Udinese,ok,,09.03 01:28,20.03 22:43,2.19,3.04,3.65,2.23,3.05,3.96,-0.25,1.85,1.96,1.88,2.04,2.0,1.89,1.91,1.84,2.08,2.23,3.05,3.96,1.88,2.04,1.84,2.08,ok,
1625518247,20.03 22:30,RB Leipzig,Hoffenheim,ok,,09.03 01:28,20.03 22:29,1.84,4.3,3.95,1.95,4.07,3.69,-0.5,1.84,2.08,1.96,1.96,3.25,1.84,1.96,1.83,2.05,1.97,4.02,3.66,1.98,1.94,1.88,2.03,ok,
1625518267,20.03 23:00,Villarreal,Real Sociedad,ok,,09.03 01:29,20.03 22:57,1.86,3.68,3.94,1.99,3.71,3.92,-0.5,1.87,1.95,1.99,1.93,2.75,1.97,1.84,1.95,1.95,1.99,3.71,3.92,1.99,1.93,1.95,1.95,ok,
1625550020,21.03 16:00,Elche,Mallorca,ok,,09.03 01:30,21.03 15:56,1.71,3.99,4.35,2.11,3.46,3.78,-0.5,1.71,2.14,2.12,1.83,2.5,2.03,1.78,1.95,1.95,2.11,3.46,3.78,2.12,1.83,1.95,1.95,ok,
1625550055,21.03 17:30,Heidenheim,Bayer Leverkusen,ok,,09.03 01:30,21.03 17:29,4.91,4.21,1.6,5.85,4.71,1.54,1.0,1.84,1.98,2.07,1.86,3.25,2.18,1.68,1.98,1.93,5.86,4.67,1.55,2.06,1.87,2.02,1.89,ok,
1625550056,21.03 17:30,FC Koln,Borussia Monchengladbach,ok,,09.03 01:30,21.03 17:29,2.25,3.54,2.99,2.38,3.4,3.19,-0.25,1.96,1.85,2.05,1.88,2.5,1.69,2.28,2.0,1.91,2.34,3.41,3.26,2.02,1.91,1.99,1.91,ok,
1625552963,21.03 17:00,Parma,Cremonese,ok,,09.03 01:30,21.03 17:00,2.27,2.66,4.07,2.3,3.11,3.68,-0.25,1.88,1.93,1.95,1.97,2.25,1.93,1.87,1.9,2.01,2.3,3.11,3.68,1.95,1.97,1.9,2.01,ok,
1625552982,21.03 17:30,Bayern Munich,Union Berlin,ok,,09.03 01:30,21.03 17:05,1.12,9.36,14.22,1.16,9.5,17.0,-2.25,1.84,1.96,1.89,2.02,3.75,1.98,1.81,1.96,1.93,1.16,9.5,17.0,1.89,2.02,1.96,1.93,ok,
1625552983,21.03 17:30,Wolfsburg,Werder Bremen,ok,,09.03 01:30,21.03 17:29,2.14,3.58,3.18,2.4,3.72,2.93,-0.25,1.87,1.95,2.1,1.84,3.0,2.12,1.79,2.06,1.85,2.4,3.72,2.93,2.1,1.84,2.06,1.85,ok,
1625553024,21.03 19:00,Toulouse,Lorient,ok,,09.03 01:30,21.03 19:01,2.05,2.74,4.75,1.89,3.35,4.91,-0.5,2.06,1.78,1.91,2.02,2.25,1.99,1.82,1.86,2.06,1.89,3.35,4.91,1.91,2.02,1.86,2.06,ok,
1625556232,20.03 22:45,Lens,Angers,ok,,09.03 01:29,20.03 22:44,1.3,5.29,8.9,1.24,7.0,14.0,-2.0,2.78,1.5,2.04,1.87,3.0,2.21,1.74,1.81,2.07,1.24,7.0,14.0,2.05,1.86,1.83,2.07,ok,
1625587679,21.03 18:15,Espanyol,Getafe,ok,,09.03 01:30,21.03 18:14,2.25,3.25,3.25,2.47,2.94,3.54,-0.25,1.93,1.88,2.07,1.86,1.75,1.81,2.01,1.93,1.98,2.47,2.94,3.54,2.07,1.86,1.93,1.98,ok,
1625597331,21.03 20:00,AC Milan,Torino,ok,,09.03 01:30,21.03 19:59,1.33,5.21,8.05,1.38,4.95,10.25,-1.25,1.83,1.99,1.88,2.05,2.5,1.77,2.03,1.88,2.03,1.38,4.95,10.25,1.88,2.06,1.88,2.03,ok,
1625597380,21.03 21:00,Auxerre,Brest,ok,,09.03 01:30,21.03 20:55,2.09,3.33,3.52,2.32,3.12,3.62,-0.25,1.81,2.02,1.97,1.95,2.25,1.83,1.97,2.13,1.8,2.32,3.12,3.62,1.97,1.95,2.13,1.8,ok,
1625597840,21.03 20:30,Levante,Real Oviedo,ok,,09.03 01:30,21.03 20:08,1.84,3.75,3.95,2.4,3.22,3.33,-0.25,1.61,2.32,2.05,1.88,2.25,1.76,2.06,2.02,1.88,2.4,3.22,3.33,2.05,1.88,2.02,1.88,ok,
1625597841,21.03 20:30,Osasuna,Girona,ok,,09.03 01:30,21.03 20:55,1.96,3.38,3.89,2.06,3.61,3.76,-0.5,1.97,1.85,2.07,1.86,2.75,2.27,1.62,2.06,1.85,2.06,3.61,3.76,2.07,1.86,2.06,1.85,ok,
1625610785,21.03 20:30,Borussia Dortmund,Hamburger SV,ok,,09.03 01:30,21.03 20:56,1.31,5.41,8.09,1.44,4.85,7.75,-1.25,1.66,2.21,2.0,1.93,3.0,1.74,2.07,2.01,1.9,1.44,4.85,7.75,2.0,1.93,2.01,1.9,ok,
1625618045,21.03 22:45,Juventus,Sassuolo,ok,,09.03 01:30,21.03 22:41,1.28,5.57,9.18,1.31,5.85,11.0,-1.75,2.04,1.78,2.04,1.87,3.0,2.15,1.69,1.85,2.04,1.31,5.85,11.0,2.04,1.87,1.85,2.04,ok,
1625618051,21.03 23:05,Nice,Paris Saint-Germain,ok,,09.03 01:30,21.03 23:04,6.26,5.21,1.39,7.15,4.88,1.45,1.25,2.0,1.83,1.91,2.02,3.0,1.55,2.41,1.94,1.96,7.15,4.88,1.45,1.91,2.02,1.94,1.96,ok,
1625618161,21.03 23:00,Sevilla,Valencia,ok,,09.03 01:30,21.03 22:58,2.17,3.19,3.48,2.24,3.2,3.71,-0.25,1.86,1.96,1.91,2.01,2.0,1.65,2.23,1.81,2.11,2.24,3.2,3.71,1.91,2.01,1.81,2.11,ok,
1625656530,22.03 14:30,Como,Pisa,ok,,09.03 01:30,22.03 14:29,1.33,5.0,8.47,1.31,5.75,11.25,-1.5,2.02,1.81,2.0,1.93,2.75,1.97,1.83,1.87,2.05,1.31,5.75,11.25,2.0,1.93,1.87,2.05,ok,
1625674730,22.03 16:00,Barcelona,Rayo Vallecano,ok,,09.03 01:30,22.03 16:00,1.2,7.11,10.13,1.21,8.0,14.5,-2.0,1.93,1.88,1.92,1.99,3.75,2.05,1.85,1.96,1.93,1.21,8.0,14.5,1.92,1.99,1.96,1.93,ok,
1625674778,22.03 17:00,Bologna,Lazio,ok,,09.03 01:30,22.03 17:00,2.01,3.29,3.82,2.33,3.26,3.39,-0.25,1.73,2.11,2.0,1.93,2.25,1.95,1.85,1.83,2.08,2.33,3.26,3.39,2.0,1.93,1.83,2.08,ok,
1625674779,22.03 17:00,Atalanta,Hellas Verona,ok,,09.03 01:30,22.03 16:59,1.35,4.88,8.07,1.4,4.9,9.25,-1.25,1.82,2.01,1.95,1.97,2.5,1.81,2.11,1.98,1.93,1.4,4.9,9.25,1.95,1.97,1.98,1.93,ok,
1625674804,22.03 17:30,Mainz 05,Eintracht Frankfurt,ok,,09.03 01:30,22.03 17:29,2.12,3.57,3.23,2.21,3.56,3.39,-0.25,1.85,1.96,1.92,2.0,2.75,1.85,1.95,2.04,1.87,2.21,3.56,3.4,1.92,2.01,2.04,1.87,ok,
1625690375,22.03 17:00,Lyon,Monaco,ok,,09.03 01:30,22.03 16:47,2.05,3.63,3.34,2.7,3.59,2.64,0.0,1.57,2.59,1.99,1.93,2.75,1.82,1.99,1.87,2.05,2.7,3.59,2.64,1.98,1.94,1.87,2.05,ok,
1625690449,22.03 18:15,Celta Vigo,Alaves,ok,,09.03 01:30,22.03 18:13,1.72,3.43,5.14,2.0,3.31,4.43,-0.5,1.77,2.17,2.01,1.92,2.25,2.15,1.77,1.91,2.0,2.01,3.28,4.4,2.02,1.9,1.91,1.99,ok,
1625693959,22.03 19:30,St. Pauli,Freiburg,ok,,09.03 01:30,22.03 19:25,2.7,3.13,2.7,2.77,3.1,2.92,0.0,1.91,1.91,1.91,2.02,2.25,1.91,1.89,2.13,1.79,2.77,3.1,2.92,1.91,2.02,2.13,1.79,ok,
1625696348,22.03 19:15,Paris FC,Le Havre,ok,,09.03 01:30,22.03 19:13,1.93,3.5,3.83,2.2,3.17,3.89,-0.25,1.72,2.25,1.87,2.06,2.25,1.74,2.21,1.86,2.05,2.2,3.17,3.89,1.87,2.06,1.86,2.05,ok,
1625696349,22.03 19:15,Marseille,Lille,ok,,09.03 01:30,22.03 19:17,1.95,3.62,3.65,1.88,3.79,4.29,-0.5,1.96,1.86,1.88,2.04,2.5,1.76,2.05,1.86,2.05,1.88,3.79,4.29,1.88,2.04,1.86,2.05,ok,
1625701197,22.03 19:15,Rennes,Metz,ok,,09.03 01:30,22.03 19:17,1.48,4.52,5.81,1.3,5.88,10.18,-1.5,2.32,1.6,1.88,2.05,3.0,1.95,1.85,1.89,2.02,1.3,5.88,10.18,1.88,2.05,1.89,2.02,ok,
1625701266,22.03 20:30,Athletic Bilbao,Real Betis,ok,,09.03 01:30,22.03 20:25,2.08,3.39,3.5,2.03,3.61,3.85,-0.5,2.14,1.79,2.04,1.88,2.5,1.96,1.85,2.05,1.86,2.03,3.61,3.85,2.04,1.88,2.05,1.86,ok,
1625705667,22.03 20:00,Roma,Lecce,ok,,09.03 01:30,22.03 19:59,1.4,4.41,7.91,1.5,4.25,8.0,-1.0,1.71,2.27,1.88,2.04,2.25,1.79,2.03,1.92,1.99,1.5,4.25,8.0,1.88,2.04,1.92,1.99,ok,
1625711738,22.03 21:30,Augsburg,Stuttgart,ok,,09.03 01:30,22.03 21:26,3.56,3.77,1.93,3.69,3.81,2.02,0.5,1.88,1.93,1.9,2.03,3.0,1.95,1.85,1.93,1.96,3.69,3.81,2.02,1.9,2.03,1.93,1.96,ok,
1625711769,22.03 22:45,Nantes,Strasbourg,ok,,09.03 01:30,22.03 22:44,3.91,3.56,1.89,3.68,3.48,2.13,0.25,2.31,1.69,2.1,1.84,2.5,1.88,1.93,1.97,1.93,3.69,3.48,2.13,2.1,1.84,1.97,1.93,ok,
1625715053,22.03 22:45,Fiorentina,Internazionale,ok,,09.03 01:30,22.03 22:38,4.0,3.83,1.93,5.45,4.1,1.67,0.75,1.75,2.21,2.1,1.84,2.75,1.93,1.88,1.93,1.98,5.45,4.1,1.67,2.1,1.84,1.93,1.98,ok,
1625715062,22.03 23:00,Real Madrid,Atletico Madrid,ok,,09.03 01:30,22.03 22:59,1.81,3.89,3.92,2.09,3.93,3.39,-0.25,1.64,2.41,1.83,2.09,3.0,1.95,1.85,1.97,1.93,2.1,3.9,3.37,1.85,2.09,1.97,1.93,ok,
1626173970,04.04 16:00,Sassuolo,Cagliari,ok,,16.03 11:53,04.04 16:01,1.8,3.5,4.5,2.15,3.2,3.98,-0.25,1.6,2.51,1.83,2.11,2.5,2.19,1.75,2.05,1.86,2.15,3.2,3.98,1.83,2.11,2.05,1.86,ok,
1626173971,06.04 13:30,Udinese,Como,ok,,16.03 11:54,06.04 13:30,4.17,3.49,1.86,5.72,3.86,1.68,0.75,1.75,2.2,2.05,1.88,2.5,2.09,1.81,2.08,1.84,5.72,3.86,1.68,2.05,1.88,2.08,1.84,ok,
1626177374,04.04 19:00,Hellas Verona,Fiorentina,ok,,16.03 11:53,04.04 18:59,3.53,3.28,2.11,4.12,3.21,2.11,0.5,1.78,2.17,1.83,2.12,2.0,1.6,2.47,1.81,2.12,4.12,3.21,2.11,1.83,2.12,1.81,2.12,ok,
1626177375,05.04 16:00,Cremonese,Bologna,ok,,16.03 11:53,05.04 15:59,3.9,3.45,1.93,3.69,3.34,2.18,0.25,2.26,1.72,2.06,1.88,2.25,1.79,2.12,1.93,1.98,3.69,3.34,2.18,2.06,1.88,1.93,1.98,ok,
1626177376,05.04 19:00,Pisa,Torino,ok,,16.03 11:53,05.04 18:59,2.65,3.08,2.79,3.14,3.11,2.58,0.0,1.86,1.96,2.18,1.79,2.25,1.94,1.86,2.09,1.83,3.14,3.11,2.58,2.18,1.79,2.09,1.83,ok,
1626177377,06.04 21:45,Napoli,AC Milan,ok,,16.03 11:54,06.04 21:50,2.48,3.08,3.01,2.48,3.04,3.38,-0.25,2.11,1.74,2.1,1.84,2.25,1.98,1.83,2.1,1.82,2.48,3.04,3.38,2.1,1.84,2.1,1.82,ok,
1626177378,04.04 22:05,Lille,Lens,ok,,16.03 11:48,04.04 22:18,2.37,3.37,2.93,3.11,3.39,2.44,0.25,1.56,2.6,1.84,2.1,2.5,1.83,1.98,1.88,2.03,3.11,3.39,2.44,1.84,2.1,1.88,2.03,ok,
1626177379,05.04 21:45,Monaco,Marseille,ok,,16.03 11:50,05.04 21:44,2.3,3.59,2.88,2.15,3.73,3.39,-0.25,2.01,1.81,1.88,2.05,3.0,1.83,1.98,1.91,2.0,2.12,3.74,3.45,1.85,2.08,1.91,2.0,ok,
1626177383,04.04 16:30,Freiburg,Bayern Munich,ok,,16.03 11:52,04.04 16:29,6.88,5.49,1.35,5.57,4.91,1.54,1.0,2.54,1.51,2.04,1.88,3.25,1.77,2.03,1.96,1.94,5.56,4.93,1.54,2.05,1.88,1.93,1.97,ok,
1626177384,04.04 16:30,Werder Bremen,RB Leipzig,ok,,16.03 11:52,04.04 16:29,3.08,3.76,2.12,4.08,4.02,1.87,0.5,1.72,2.12,2.06,1.88,3.25,1.96,1.85,2.01,1.9,4.08,4.05,1.86,2.06,1.87,2.0,1.91,ok,
1626177385,04.04 16:30,Hoffenheim,Mainz 05,ok,,16.03 11:52,04.04 16:29,1.81,3.89,3.9,1.71,4.01,5.0,-0.75,2.05,1.78,1.92,2.01,2.75,1.75,2.06,1.89,2.01,1.71,4.01,5.0,1.92,2.01,1.89,2.01,ok,
1626177386,04.04 16:30,Hamburger SV,Augsburg,ok,,16.03 11:52,04.04 16:27,2.34,3.31,3.01,2.42,3.48,3.05,-0.25,2.02,1.81,2.1,1.84,2.75,2.09,1.73,1.98,1.93,2.42,3.48,3.05,2.1,1.84,1.98,1.93,ok,
1626177387,05.04 16:30,Union Berlin,St. Pauli,ok,,16.03 11:52,05.04 16:29,1.83,3.28,4.69,2.15,3.2,3.99,-0.25,1.57,2.41,1.83,2.11,2.25,2.17,1.68,2.07,1.85,2.2,3.19,3.84,1.88,2.06,2.07,1.85,ok,
1626180284,04.04 21:45,Lazio,Parma,ok,,16.03 11:53,04.04 21:44,1.69,3.59,5.11,2.0,3.18,4.68,-0.5,1.74,2.23,2.01,1.92,2.25,1.92,1.88,2.1,1.83,2.0,3.18,4.68,2.01,1.92,2.1,1.83,ok,
1626180285,05.04 21:45,Internazionale,Roma,ok,,16.03 11:53,05.04 21:44,1.66,3.81,4.97,1.6,4.05,6.19,-1.0,2.2,1.67,2.04,1.89,2.5,1.93,1.88,1.85,2.06,1.6,4.05,6.19,2.04,1.89,1.85,2.06,ok,
1626180286,03.04 21:45,Paris Saint-Germain,Toulouse,ok,,16.03 11:48,03.04 21:45,1.24,5.82,10.39,1.29,6.0,11.0,-1.75,1.93,1.87,2.05,1.86,3.25,2.11,1.7,1.93,1.95,1.29,6.0,11.0,2.05,1.86,1.93,1.95,ok,
1626180287,05.04 16:00,Angers,Lyon,ok,,16.03 11:50,05.04 15:59,4.13,3.36,1.91,6.03,4.2,1.6,1.0,1.43,2.82,1.91,2.02,2.75,2.55,1.5,2.02,1.89,6.03,4.2,1.6,1.91,2.02,2.02,1.89,ok,
1626180288,05.04 18:15,Metz,Nantes,ok,,16.03 11:50,05.04 18:13,2.56,3.18,2.82,2.91,3.32,2.61,0.0,1.82,2.0,2.07,1.86,2.25,1.79,2.02,1.88,2.03,2.91,3.32,2.61,2.07,1.86,1.88,2.03,ok,
1626180289,05.04 18:15,Le Havre,Auxerre,ok,,16.03 11:50,05.04 18:14,2.45,3.13,3.01,2.53,3.03,3.31,-0.25,2.1,1.75,2.14,1.81,2.0,1.65,2.37,1.88,2.03,2.54,3.02,3.3,2.15,1.81,1.88,2.02,ok,
1626180290,05.04 18:30,Eintracht Frankfurt,FC Koln,ok,,16.03 11:52,05.04 18:53,1.93,3.77,3.58,1.95,3.86,3.9,-0.5,1.93,1.88,1.96,1.96,3.0,1.95,1.85,2.05,1.86,1.95,3.86,3.9,1.96,1.96,2.05,1.86,ok,
1626180291,04.04 16:30,Borussia Monchengladbach,Heidenheim,ok,,16.03 11:52,04.04 16:29,1.56,4.28,5.24,1.62,4.34,5.37,-1.0,1.93,1.88,2.05,1.88,2.75,1.81,2.1,1.84,2.08,1.62,4.34,5.37,2.05,1.88,1.84,2.08,ok,
1626180292,04.04 19:30,Stuttgart,Borussia Dortmund,ok,,16.03 11:52,04.04 19:26,2.15,3.73,3.05,2.47,3.86,2.75,0.0,1.66,2.37,1.86,2.07,3.25,2.0,1.81,2.06,1.85,2.47,3.86,2.75,1.86,2.07,2.06,1.85,ok,
1626180336,04.04 15:00,Real Sociedad,Levante,ok,,16.03 11:56,04.04 14:59,1.5,4.31,5.83,1.63,4.3,5.45,-1.0,1.85,1.96,2.05,1.88,3.0,2.26,1.7,2.0,1.91,1.63,4.3,5.45,2.05,1.88,2.0,1.91,ok,
1626186202,06.04 16:00,Lecce,Atalanta,ok,,16.03 11:53,06.04 15:58,4.11,3.53,1.86,5.8,3.9,1.68,0.75,1.76,2.2,2.08,1.85,2.5,1.97,1.83,1.99,1.92,5.8,3.9,1.67,2.08,1.85,1.99,1.92,ok,
1626186203,06.04 19:00,Juventus,Genoa,ok,,16.03 11:54,06.04 19:00,1.36,4.66,8.46,1.42,4.85,8.75,-1.25,1.87,1.94,1.97,1.95,2.75,2.29,1.68,1.95,1.95,1.42,4.85,8.75,1.97,1.95,1.95,1.95,ok,
1626186204,04.04 20:00,Brest,Rennes,ok,,16.03 11:48,04.04 19:59,2.54,3.35,2.73,3.48,3.44,2.22,0.25,1.64,2.42,2.01,1.92,2.5,1.84,2.06,2.03,1.88,3.64,3.48,2.15,2.08,1.85,2.02,1.89,ok,
1626186205,04.04 18:00,Strasbourg,Nice,ok,,16.03 11:48,04.04 17:59,1.72,3.87,4.41,1.96,3.78,3.93,-0.5,1.77,2.18,1.97,1.95,3.0,2.28,1.69,2.0,1.91,1.97,3.77,3.91,1.98,1.94,2.0,1.91,ok,
1626186206,05.04 18:15,Lorient,Paris FC,ok,,16.03 11:50,05.04 18:08,2.4,3.12,3.09,2.45,3.31,3.16,-0.25,2.06,1.78,2.1,1.84,2.25,1.93,1.87,1.86,2.06,2.45,3.31,3.16,2.1,1.84,1.86,2.06,ok,
1626186209,04.04 16:30,Bayer Leverkusen,Wolfsburg,ok,,16.03 11:52,04.04 16:29,1.46,4.7,5.81,1.48,5.01,6.38,-1.25,2.0,1.83,2.02,1.91,3.25,2.02,1.79,2.03,1.88,1.49,4.99,6.34,2.03,1.9,2.03,1.88,ok,
1626186254,06.04 22:00,Girona,Villarreal,ok,,16.03 11:58,06.04 22:03,3.08,3.5,2.23,3.0,3.59,2.4,0.25,1.88,1.93,1.85,2.09,3.0,2.25,1.71,2.08,1.84,3.0,3.59,2.4,1.85,2.09,2.08,1.84,ok,
1626186255,05.04 22:00,Alaves,Osasuna,ok,,16.03 11:56,05.04 22:00,2.48,2.98,3.11,2.89,3.17,2.73,0.0,1.75,2.21,2.02,1.91,2.25,2.22,1.73,2.03,1.88,2.89,3.17,2.73,2.02,1.91,2.03,1.88,ok,
1626186256,05.04 17:15,Valencia,Celta Vigo,ok,,16.03 11:58,05.04 17:13,2.54,3.14,2.87,2.43,3.28,3.22,-0.25,2.23,1.74,2.08,1.85,2.25,1.85,1.95,1.99,1.92,2.43,3.28,3.22,2.08,1.85,1.99,1.92,ok,
1626186257,05.04 19:30,Real Oviedo,Sevilla,ok,,16.03 11:58,05.04 19:30,2.62,3.04,2.87,2.95,2.97,2.84,0.0,1.82,2.0,2.0,1.93,2.0,1.68,2.16,1.93,1.97,2.95,2.97,2.84,2.0,1.93,1.93,1.97,ok,
1626186258,03.04 22:00,Rayo Vallecano,Elche,ok,,16.03 11:56,03.04 21:56,1.81,3.39,4.57,1.75,3.86,4.93,-0.75,2.08,1.75,1.98,1.94,2.5,2.06,1.75,1.86,2.05,1.75,3.86,4.93,1.98,1.94,1.86,2.05,ok,
1626195023,04.04 17:15,Mallorca,Real Madrid,ok,,16.03 11:56,04.04 17:15,5.01,4.26,1.58,5.57,4.57,1.58,1.0,1.84,1.98,1.96,1.96,3.0,1.94,1.86,1.87,2.04,5.57,4.57,1.58,1.96,1.96,1.87,2.04,ok,
1626195024,04.04 19:30,Real Betis,Espanyol,ok,,16.03 11:58,04.04 19:29,1.79,3.62,4.35,1.85,3.74,4.49,-0.5,1.8,2.03,1.86,2.07,2.5,1.93,1.86,1.89,2.02,1.85,3.75,4.52,1.85,2.08,1.89,2.02,ok,
1626195025,04.04 22:00,Atletico Madrid,Barcelona,ok,,16.03 11:56,04.04 22:00,2.61,3.7,2.46,3.29,4.33,2.01,0.5,1.58,2.52,1.89,2.02,3.5,2.14,1.78,2.06,1.85,3.29,4.33,2.01,1.89,2.02,2.06,1.85,ok,
1626195026,05.04 15:00,Getafe,Athletic Bilbao,ok,,16.03 11:56,05.04 15:00,2.77,2.76,2.97,3.49,2.87,2.55,0.25,1.54,2.48,1.82,2.13,1.75,1.9,1.9,1.98,1.93,3.49,2.87,2.55,1.82,2.13,1.98,1.93,ok,
1626745158,12.04 18:15,Nice,Le Havre,ok,,22.03 23:14,12.04 18:12,1.72,3.79,4.55,1.87,3.45,4.88,-0.5,1.76,2.18,1.88,2.05,2.5,1.84,1.97,1.99,1.91,1.87,3.45,4.88,1.88,2.05,1.99,1.91,ok,
1626745159,12.04 21:45,Lyon,Lorient,ok,,22.03 23:14,12.04 21:43,1.62,3.92,5.16,1.66,4.11,5.34,-0.75,1.81,2.02,1.84,2.1,2.75,2.17,1.76,1.92,1.99,1.67,4.09,5.27,1.85,2.08,1.92,1.99,ok,
1626745163,13.04 21:45,Fiorentina,Lazio,ok,,22.03 23:17,13.04 21:00,2.03,3.33,3.7,2.43,3.16,3.35,-0.25,1.8,2.14,2.06,1.87,2.25,1.84,1.96,1.9,2.01,2.43,3.16,3.35,2.06,1.87,1.9,2.01,ok,
1626745164,11.04 22:00,Sevilla,Atletico Madrid,ok,,22.03 23:17,11.04 21:59,3.66,3.5,1.99,2.18,3.67,3.37,-0.25,3.27,1.38,1.9,2.02,2.5,1.88,1.93,1.89,2.01,2.18,3.67,3.36,1.9,2.02,1.89,2.01,ok,
1626745165,13.04 22:00,Levante,Getafe,ok,,22.03 23:17,13.04 20:59,2.73,2.91,2.88,2.77,2.95,3.06,0.0,1.85,1.96,1.87,2.06,2.0,1.91,1.89,2.04,1.87,2.77,2.95,3.06,1.87,2.06,2.04,1.87,ok,
1626745166,11.04 17:15,Elche,Valencia,ok,,22.03 23:17,11.04 17:14,2.3,3.25,3.15,2.72,3.49,2.68,0.0,1.68,2.33,1.98,1.94,2.75,2.42,1.62,2.07,1.85,2.72,3.49,2.68,1.98,1.94,2.07,1.85,ok,
1626745167,12.04 22:00,Athletic Bilbao,Villarreal,ok,,22.03 23:17,12.04 21:58,2.1,3.65,3.21,2.1,3.47,3.78,-0.5,2.1,1.74,2.11,1.83,2.5,1.81,2.0,2.0,1.91,2.06,3.53,3.85,2.07,1.86,1.99,1.92,ok,
1626759237,12.04 18:15,Toulouse,Lille,ok,,22.03 23:14,12.04 18:11,2.75,3.11,2.67,3.49,3.27,2.3,0.25,1.68,2.34,1.95,1.97,2.25,1.88,1.93,1.98,1.93,3.49,3.27,2.3,1.95,1.97,1.98,1.93,ok,
1626759238,10.04 20:00,Paris FC,Monaco,ok,,22.03 23:14,10.04 19:58,3.13,3.59,2.16,3.91,3.87,1.94,0.5,1.75,2.22,1.97,1.95,2.75,1.79,2.02,1.84,2.08,3.91,3.87,1.94,1.97,1.95,1.84,2.08,ok,
1626759240,10.04 21:45,Roma,Pisa,ok,,22.03 23:17,10.04 21:41,1.35,4.75,8.39,1.39,5.0,9.25,-1.25,1.85,1.97,1.96,1.96,2.75,2.16,1.68,2.06,1.85,1.39,5.0,9.25,1.96,1.96,2.06,1.85,ok,
1626759241,12.04 16:00,Parma,Napoli,ok,,22.03 23:17,12.04 15:59,4.45,3.48,1.81,7.25,3.85,1.59,1.0,1.5,2.57,1.87,2.06,2.0,1.59,2.34,1.83,2.1,7.25,3.85,1.59,1.88,2.04,1.83,2.1,ok,
1626759242,11.04 21:45,Atalanta,Juventus,ok,,22.03 23:17,11.04 21:42,2.83,3.3,2.47,3.15,3.54,2.34,0.25,1.76,2.18,1.9,2.03,2.75,2.17,1.76,1.92,1.99,3.16,3.5,2.35,1.89,2.03,1.92,1.98,ok,
1626759243,11.04 16:00,Torino,Hellas Verona,ok,,22.03 23:17,11.04 15:59,1.91,3.27,4.27,2.06,3.15,4.42,-0.5,1.92,1.9,2.07,1.86,2.0,1.79,2.13,1.88,2.03,2.06,3.15,4.42,2.07,1.86,1.88,2.03,ok,
1626759244,12.04 13:30,Genoa,Sassuolo,ok,,22.03 23:17,12.04 13:28,2.34,3.13,3.18,2.21,3.31,3.64,-0.25,2.0,1.82,1.9,2.03,2.5,2.3,1.68,2.08,1.84,2.22,3.29,3.65,1.9,2.03,2.09,1.82,ok,
1626759245,12.04 19:00,Bologna,Lecce,ok,,22.03 23:17,12.04 18:59,1.63,3.72,5.45,1.84,3.47,5.2,-0.75,1.83,2.0,2.09,1.83,2.25,1.86,1.93,1.87,2.05,1.84,3.47,5.2,2.09,1.83,1.87,2.05,ok,
1626759246,11.04 19:30,Barcelona,Espanyol,ok,,22.03 23:17,11.04 19:29,1.16,8.13,11.67,1.32,6.05,9.1,-1.5,1.51,2.72,1.88,2.05,3.25,1.56,2.55,1.87,2.04,1.32,6.04,9.07,1.88,2.05,1.87,2.04,ok,
1626759247,10.04 22:00,Real Madrid,Girona,ok,,22.03 23:17,10.04 21:59,1.22,6.79,9.32,1.34,5.8,9.0,-1.5,1.67,2.34,1.93,1.99,3.75,1.97,1.82,1.91,2.0,1.34,5.8,9.0,1.94,1.98,1.95,1.95,ok,
1626759248,12.04 15:00,Osasuna,Real Betis,ok,,22.03 23:17,12.04 14:59,2.39,3.3,2.94,2.35,3.37,3.28,-0.25,2.06,1.77,2.02,1.91,2.5,1.9,1.9,2.08,1.84,2.35,3.36,3.28,2.02,1.9,2.09,1.83,ok,
1626759249,11.04 15:00,Real Sociedad,Alaves,ok,,22.03 23:17,11.04 14:59,1.71,3.62,4.86,1.84,3.81,4.48,-0.75,1.94,1.88,2.08,1.83,2.75,2.48,1.6,2.0,1.91,1.83,3.82,4.49,2.09,1.85,2.0,1.9,ok,
1626759250,11.04 16:30,Borussia Dortmund,Bayer Leverkusen,ok,,22.03 23:15,11.04 16:27,1.88,3.87,3.69,2.19,3.81,3.23,-0.25,1.69,2.3,1.93,2.0,3.0,1.87,1.93,1.85,2.07,2.2,3.81,3.22,1.93,2.0,1.85,2.07,ok,
1626759251,12.04 20:30,Mainz 05,Freiburg,ok,,22.03 23:15,12.04 20:29,2.16,3.46,3.25,2.3,3.34,3.4,-0.25,1.88,1.94,1.98,1.94,2.5,1.81,2.0,1.93,1.98,2.31,3.3,3.42,1.98,1.94,1.96,1.94,ok,
1626759252,12.04 16:30,FC Koln,Werder Bremen,ok,,22.03 23:15,12.04 16:28,2.17,3.56,3.14,2.42,3.41,3.11,-0.25,1.89,1.93,2.09,1.85,2.5,1.71,2.25,1.85,2.06,2.42,3.41,3.11,2.09,1.85,1.85,2.06,ok,
1626759253,12.04 18:30,Stuttgart,Hamburger SV,ok,,22.03 23:15,12.04 18:29,1.48,4.62,5.71,1.28,6.12,10.39,-1.75,2.77,1.5,1.95,1.95,3.5,2.36,1.65,1.92,1.97,1.28,6.12,10.39,1.95,1.95,1.91,1.97,ok,
1626759254,11.04 16:30,RB Leipzig,Borussia Monchengladbach,ok,,22.03 23:15,11.04 16:28,1.5,4.69,5.29,1.49,4.79,6.43,-1.25,2.1,1.82,2.05,1.88,3.25,1.84,1.97,2.08,1.84,1.49,4.81,6.41,2.04,1.88,2.05,1.86,ok,
1626759347,11.04 22:05,Rennes,Angers,ok,,22.03 23:14,11.04 22:02,1.52,4.23,5.71,1.36,5.34,9.25,-1.5,2.56,1.57,2.07,1.86,2.75,1.94,1.86,1.84,2.08,1.36,5.34,9.25,2.07,1.86,1.84,2.08,ok,
1626759348,10.04 22:05,Marseille,Metz,ok,,22.03 23:14,10.04 22:05,1.26,5.98,8.89,1.26,6.7,10.66,-1.75,1.96,1.84,1.86,2.05,3.75,2.52,1.57,1.98,1.91,1.26,6.7,10.66,1.86,2.05,1.98,1.91,ok,
1626759349,11.04 20:00,Auxerre,Nantes,ok,,22.03 23:14,11.04 19:58,1.97,3.34,3.93,1.94,3.39,4.58,-0.5,1.97,1.85,1.95,1.97,2.25,1.88,1.92,2.01,1.9,1.94,3.39,4.58,1.95,1.97,2.01,1.9,ok,
1626759351,11.04 16:00,Cagliari,Cremonese,ok,,22.03 23:17,11.04 15:55,2.07,3.25,3.7,2.11,3.12,4.27,-0.5,2.13,1.81,2.12,1.83,2.0,1.68,2.3,1.87,2.04,2.11,3.12,4.27,2.12,1.83,1.87,2.04,ok,
1626759352,11.04 19:00,AC Milan,Udinese,ok,,22.03 23:17,11.04 18:58,1.4,4.61,7.29,1.45,4.6,8.25,-1.25,1.93,1.89,2.08,1.85,2.5,1.83,2.07,1.86,2.06,1.45,4.6,8.25,2.08,1.85,1.86,2.06,ok,
1626759353,12.04 21:45,Como,Internazionale,ok,,22.03 23:17,12.04 21:44,3.13,3.38,2.24,3.53,3.41,2.22,0.25,1.88,1.94,2.02,1.91,2.5,1.86,1.94,1.88,2.03,3.53,3.41,2.22,2.02,1.91,1.88,2.03,ok,
1626759354,12.04 19:30,Celta Vigo,Real Oviedo,ok,,22.03 23:17,12.04 19:29,1.53,4.05,5.96,1.79,3.58,5.14,-0.75,1.68,2.19,2.05,1.88,2.25,1.7,2.13,1.94,1.96,1.79,3.58,5.14,2.05,1.88,1.94,1.96,ok,
1626759356,12.04 17:15,Mallorca,Rayo Vallecano,ok,,22.03 23:17,12.04 17:13,2.5,3.12,2.94,2.48,3.28,3.1,-0.25,2.19,1.76,2.13,1.82,2.5,2.24,1.71,2.02,1.89,2.49,3.28,3.11,2.14,1.81,2.02,1.89,ok,
1626759357,11.04 19:30,St. Pauli,Bayern Munich,ok,,22.03 23:15,11.04 19:29,11.12,7.18,1.18,9.43,6.05,1.31,1.5,2.36,1.57,2.04,1.89,3.25,1.84,1.95,1.86,2.05,9.45,6.06,1.31,2.04,1.89,1.86,2.05,ok,
1626759358,11.04 16:30,Wolfsburg,Eintracht Frankfurt,ok,,22.03 23:15,11.04 16:27,2.29,3.6,2.9,2.55,3.78,2.7,0.0,1.74,2.22,1.9,2.02,3.0,1.91,1.89,1.84,2.08,2.55,3.78,2.7,1.9,2.02,1.84,2.08,ok,
1626759359,10.04 21:30,Augsburg,Hoffenheim,ok,,22.03 23:15,10.04 21:27,3.11,3.65,2.14,3.64,3.85,2.02,0.5,1.75,2.2,1.89,2.03,3.25,2.24,1.71,1.96,1.94,3.64,3.85,2.02,1.89,2.03,1.96,1.94,ok,
1626759360,11.04 16:30,Heidenheim,Union Berlin,ok,,22.03 23:15,11.04 16:28,3.11,3.35,2.28,2.87,3.45,2.57,0.0,2.26,1.64,2.08,1.85,2.5,1.89,1.91,1.91,2.0,2.87,3.45,2.57,2.08,1.85,1.91,2.0,ok,
1627388873,17.04 19:30,Sassuolo,Como,ok,,05.04 22:23,17.04 19:29,4.46,4.16,1.66,6.8,4.6,1.51,1.25,1.57,2.4,1.84,2.1,3.0,2.27,1.62,2.09,1.83,6.8,4.6,1.51,1.84,2.1,2.09,1.83,ok,
1627388895,17.04 21:30,St. Pauli,FC Koln,ok,,05.04 22:31,17.04 21:25,2.44,3.21,2.95,3.0,3.28,2.57,0.0,1.78,2.16,2.13,1.82,2.25,1.79,2.03,1.86,2.05,3.0,3.28,2.57,2.13,1.82,1.86,2.05,ok,
1627388902,17.04 21:45,Internazionale,Cagliari,ok,,05.04 22:23,17.04 21:44,1.16,7.44,13.69,1.26,6.25,14.0,-1.75,1.71,2.26,1.96,1.94,3.0,1.8,1.99,1.89,2.0,1.26,6.25,14.0,1.95,1.95,1.89,2.0,ok,
1627445498,17.04 21:45,Lens,Toulouse,ok,,05.04 22:27,17.04 21:41,1.6,4.06,5.16,1.53,4.49,6.34,-1.0,2.04,1.79,1.88,2.05,2.75,1.95,1.85,1.9,2.01,1.53,4.5,6.38,1.87,2.06,1.9,2.01,ok,
1627454421,18.04 16:00,Udinese,Parma,ok,,05.04 22:24,18.04 15:58,1.94,3.33,4.02,2.22,3.01,4.06,-0.25,1.67,2.2,1.88,2.06,2.0,1.63,2.27,1.98,1.93,2.22,3.01,4.06,1.88,2.06,1.98,1.93,ok,
1627492883,18.04 16:30,Union Berlin,Wolfsburg,ok,,05.04 22:31,18.04 16:30,1.92,3.58,3.8,2.22,3.65,3.3,-0.25,1.71,2.27,1.93,1.99,2.75,2.09,1.81,1.99,1.92,2.22,3.65,3.3,1.93,1.99,1.99,1.92,ok,
1627492885,18.04 16:30,Hoffenheim,Borussia Dortmund,ok,,05.04 22:31,18.04 16:30,2.39,3.62,2.73,2.23,3.94,3.06,-0.25,2.15,1.79,1.97,1.95,3.25,2.02,1.79,1.99,1.92,2.23,3.94,3.06,1.97,1.95,1.99,1.92,ok,
1627492931,18.04 18:00,Lorient,Marseille,ok,,05.04 22:27,18.04 18:02,3.83,3.66,1.88,4.65,4.44,1.68,0.75,1.74,2.22,2.07,1.87,3.25,2.66,1.53,1.98,1.93,4.65,4.44,1.68,2.07,1.87,1.98,1.93,ok,
1627492992,18.04 16:30,Werder Bremen,Hamburger SV,ok,,05.04 22:31,18.04 16:30,1.94,3.67,3.6,1.82,3.8,4.62,-0.75,2.31,1.69,2.06,1.87,2.75,1.87,1.93,1.93,1.97,1.82,3.8,4.62,2.06,1.87,1.93,1.97,ok,
1627492994,18.04 16:30,Bayer Leverkusen,Augsburg,ok,,05.04 22:32,18.04 16:30,1.49,4.55,5.68,1.38,5.6,7.76,-1.5,2.39,1.65,2.0,1.93,3.25,2.18,1.75,1.87,2.04,1.38,5.6,7.76,2.0,1.93,1.87,2.04,ok,
1627493068,18.04 19:00,Napoli,Lazio,ok,,05.04 22:24,18.04 18:59,1.61,3.69,5.65,1.54,4.1,7.45,-1.0,2.21,1.75,1.94,1.98,2.5,2.29,1.69,2.05,1.86,1.54,4.15,7.35,1.94,1.98,2.05,1.86,ok,
1627505746,18.04 20:00,Angers,Le Havre,ok,,05.04 22:27,18.04 19:54,2.4,3.11,3.11,3.36,3.01,2.51,0.25,1.52,2.72,1.83,2.12,2.0,1.69,2.29,1.93,1.97,3.36,3.01,2.51,1.83,2.12,1.93,1.97,ok,
1627512294,18.04 19:30,Eintracht Frankfurt,RB Leipzig,ok,,05.04 22:32,18.04 19:28,3.22,3.9,2.02,2.99,3.96,2.27,0.25,2.04,1.78,1.93,2.0,3.5,2.01,1.79,1.97,1.93,3.0,3.97,2.26,1.93,2.0,1.97,1.93,ok,
1627512424,18.04 21:45,Roma,Atalanta,ok,,05.04 22:25,18.04 21:42,2.09,3.33,3.52,2.54,3.32,3.01,0.0,1.55,2.64,1.81,2.15,2.5,2.09,1.81,1.96,1.94,2.54,3.32,3.01,1.81,2.15,1.96,1.94,ok,
1627546452,18.04 22:05,Lille,Nice,ok,,05.04 22:28,18.04 22:03,1.65,3.95,4.78,1.5,4.7,6.54,-1.25,2.56,1.57,2.09,1.85,3.0,2.33,1.67,2.08,1.84,1.5,4.7,6.54,2.09,1.85,2.08,1.84,ok,
1627602308,19.04 13:30,Cremonese,Torino,ok,,05.04 22:21,19.04 13:30,2.8,3.23,2.77,2.97,3.16,2.67,0.0,1.92,1.9,2.07,1.86,2.25,1.89,2.02,1.85,2.07,2.97,3.16,2.67,2.07,1.86,1.85,2.07,ok,
1627611943,19.04 16:00,Monaco,Auxerre,ok,,05.04 22:29,19.04 15:59,1.51,4.41,5.6,1.65,4.29,5.25,-1.0,1.85,1.98,2.09,1.85,3.0,1.99,1.82,2.05,1.86,1.65,4.29,5.25,2.09,1.85,2.05,1.86,ok,
1627616722,19.04 16:00,Hellas Verona,AC Milan,ok,,05.04 22:21,19.04 15:59,6.18,4.13,1.51,7.09,4.1,1.55,1.0,1.93,1.88,1.97,1.95,2.5,1.92,1.88,2.03,1.88,7.15,4.11,1.54,1.98,1.94,2.04,1.88,ok,
1627628303,19.04 16:30,Freiburg,Heidenheim,ok,,05.04 22:32,19.04 16:24,1.5,4.4,5.76,1.66,4.26,5.07,-0.75,1.62,2.29,1.84,2.1,3.0,2.06,1.75,1.99,1.92,1.66,4.26,5.07,1.84,2.1,1.99,1.92,ok,
1627635331,19.04 18:15,Strasbourg,Rennes,ok,,05.04 22:29,19.04 18:14,1.98,3.67,3.52,4.15,4.15,1.83,0.75,1.22,4.15,1.87,2.06,3.0,2.15,1.77,1.88,2.03,4.12,4.1,1.84,1.85,2.08,1.88,2.02,ok,
1627644567,19.04 18:15,Metz,Paris FC,ok,,05.04 22:29,19.04 18:10,3.01,3.34,2.32,3.16,3.58,2.31,0.25,1.81,2.01,1.92,2.01,3.0,2.59,1.55,2.1,1.81,3.16,3.59,2.31,1.92,2.01,2.08,1.84,ok,
1627644590,19.04 19:00,Pisa,Genoa,ok,,05.04 22:22,19.04 18:59,3.39,3.32,2.15,3.06,3.08,2.66,0.0,2.47,1.55,2.11,1.83,2.0,1.8,2.02,1.92,1.99,3.06,3.08,2.66,2.11,1.83,1.92,1.99,ok,
1627644744,19.04 18:15,Nantes,Brest,ok,,05.04 22:29,19.04 18:13,2.63,3.13,2.77,2.4,3.3,3.24,-0.25,2.3,1.69,2.06,1.87,2.25,1.85,1.96,1.95,1.95,2.4,3.3,3.24,2.06,1.87,1.95,1.95,ok,
1627644859,19.04 18:30,Bayern Munich,Stuttgart,ok,,05.04 22:32,19.04 18:29,1.27,6.35,7.5,1.52,5.32,5.36,-1.25,1.59,2.51,2.01,1.92,4.0,1.91,1.88,1.93,1.98,1.52,5.32,5.36,2.01,1.92,1.93,1.98,ok,
1627649182,19.04 20:30,Borussia Monchengladbach,Mainz 05,ok,,05.04 22:32,19.04 20:29,2.0,3.61,3.52,2.3,3.55,3.21,-0.25,1.79,2.15,2.0,1.93,2.5,1.76,2.16,1.85,2.07,2.32,3.54,3.19,2.01,1.92,1.85,2.07,ok,
1627652169,19.04 21:45,Juventus,Bologna,ok,,05.04 22:25,19.04 21:40,1.49,4.29,6.01,1.48,4.67,7.09,-1.25,2.19,1.76,2.06,1.87,2.75,1.97,1.83,1.88,2.03,1.48,4.67,7.09,2.06,1.87,1.88,2.03,ok,
1627655852,19.04 21:45,Paris Saint-Germain,Lyon,ok,,05.04 22:30,19.04 21:44,1.29,5.73,8.27,1.33,5.9,8.86,-1.5,1.84,1.98,1.93,1.99,3.25,1.93,1.88,2.0,1.91,1.34,5.88,8.8,1.93,1.99,2.0,1.91,ok,
1627684570,22.04 22:30,Barcelona,Celta Vigo,ok,,05.04 22:35,22.04 22:23,1.22,6.83,9.19,1.25,7.04,10.41,-1.75,1.82,2.11,1.84,2.08,3.5,1.79,2.13,1.9,1.99,1.25,7.04,10.41,1.84,2.08,1.9,1.99,ok,
1627684571,23.04 21:00,Rayo Vallecano,Espanyol,ok,,05.04 22:36,23.04 17:04,1.94,3.39,3.93,2.15,3.33,3.8,-0.25,1.74,2.03,1.85,2.09,2.5,2.15,1.78,2.0,1.9,2.15,3.33,3.8,1.85,2.09,2.0,1.9,ok,
1627684572,22.04 20:00,Elche,Atletico Madrid,ok,,05.04 22:35,22.04 20:00,4.38,3.95,1.71,2.53,3.65,2.79,0.0,3.5,1.34,1.87,2.06,2.75,1.81,1.99,2.0,1.91,2.53,3.65,2.79,1.87,2.06,2.0,1.91,ok,
1627684573,21.04 20:00,Athletic Bilbao,Osasuna,ok,,05.04 22:34,21.04 19:59,1.81,3.51,4.39,1.94,3.43,4.56,-0.5,1.82,2.0,1.94,1.97,2.5,2.14,1.78,2.05,1.86,1.94,3.43,4.56,1.94,1.97,2.05,1.86,ok,
1627688035,23.04 22:30,Real Oviedo,Villarreal,ok,,05.04 22:36,23.04 17:04,3.79,3.64,1.9,3.67,3.37,2.18,0.25,2.28,1.7,2.06,1.88,2.5,1.81,2.1,2.04,1.88,3.67,3.37,2.18,2.06,1.88,2.04,1.88,ok,
1627688036,22.04 21:00,Real Sociedad,Getafe,ok,,05.04 22:35,22.04 20:58,1.88,3.2,4.54,2.34,3.0,3.73,-0.25,1.65,2.39,1.97,1.95,2.0,1.92,1.88,1.93,1.97,2.34,3.0,3.73,1.97,1.95,1.93,1.97,ok,
1627688037,21.04 20:00,Mallorca,Valencia,ok,,05.04 22:34,21.04 19:58,2.45,3.15,2.99,2.8,3.15,2.83,0.0,1.77,2.17,1.95,1.97,2.25,1.88,1.93,1.87,2.05,2.8,3.15,2.83,1.95,1.97,1.87,2.05,ok,
1627688038,21.04 22:30,Girona,Real Betis,ok,,05.04 22:34,21.04 22:28,2.53,3.37,2.73,2.49,3.3,3.09,-0.25,2.24,1.73,2.14,1.81,2.5,1.81,2.09,2.0,1.91,2.48,3.35,3.07,2.13,1.81,1.99,1.91,ok,
1627688039,23.04 20:00,Levante,Sevilla,ok,,05.04 22:36,23.04 17:04,2.62,3.19,2.75,2.44,3.29,3.19,-0.25,2.3,1.69,2.09,1.85,2.25,1.81,2.11,1.93,1.97,2.44,3.29,3.19,2.09,1.85,1.93,1.97,ok,
1627688040,21.04 22:30,Real Madrid,Alaves,ok,,05.04 22:35,21.04 22:26,1.27,5.76,9.37,1.21,8.25,13.5,-2.0,2.49,1.6,1.88,2.03,3.75,2.93,1.44,1.93,1.96,1.21,8.25,13.5,1.9,2.01,1.93,1.95,ok,
1627730477,20.04 21:45,Lecce,Fiorentina,ok,,06.04 08:52,20.04 21:42,3.29,3.21,2.25,3.8,3.33,2.15,0.25,1.89,1.93,2.09,1.85,2.25,1.87,1.93,2.08,1.84,3.8,3.33,2.15,2.09,1.85,2.08,1.84,ok,
1628028171,24.04 21:45,Napoli,Cremonese,ok,,12.04 23:52,24.04 21:44,1.33,4.92,8.57,1.36,5.1,10.75,-1.5,2.07,1.76,2.05,1.88,2.5,1.83,1.98,1.95,1.95,1.36,5.1,10.75,2.05,1.88,1.95,1.95,ok,
1628028174,24.04 22:00,Real Betis,Real Madrid,ok,,12.04 22:50,24.04 21:59,3.07,3.78,2.12,3.79,4.15,1.91,0.5,1.76,2.18,2.01,1.92,3.25,1.94,1.86,1.98,1.93,3.79,4.15,1.91,2.01,1.92,1.98,1.93,ok,
1628029774,24.04 21:45,Brest,Lens,ok,,12.04 23:47,24.04 21:54,3.78,3.65,1.91,6.19,4.25,1.57,1.0,1.5,2.78,1.95,1.97,2.75,2.01,1.82,2.05,1.86,6.19,4.25,1.57,1.95,1.97,2.05,1.86,ok,
1628050807,26.04 18:30,Borussia Dortmund,Freiburg,ok,,12.04 23:45,26.04 18:30,1.56,4.32,5.18,1.44,5.1,7.3,-1.25,2.27,1.71,1.97,1.95,3.0,1.93,1.87,1.89,2.02,1.44,5.1,7.3,1.97,1.95,1.89,2.02,ok,
1628050809,25.04 16:30,FC Koln,Bayer Leverkusen,ok,,12.04 23:44,25.04 16:29,3.41,3.75,2.0,3.86,4.06,1.91,0.5,1.83,2.0,2.01,1.92,3.25,2.22,1.73,2.05,1.86,3.82,4.04,1.92,1.99,1.93,2.06,1.86,ok,
1628052363,25.04 16:30,Wolfsburg,Borussia Monchengladbach,ok,,12.04 23:45,25.04 16:29,2.44,3.51,2.74,2.1,3.79,3.46,-0.25,2.18,1.77,1.84,2.1,3.0,1.99,1.81,2.0,1.91,2.1,3.79,3.46,1.84,2.1,2.0,1.91,ok,
1628070643,25.04 16:00,Lyon,Auxerre,ok,,12.04 23:49,25.04 15:58,1.68,3.73,4.87,1.65,4.11,5.46,-0.75,1.92,1.9,1.83,2.11,2.75,2.23,1.65,1.9,2.0,1.65,4.11,5.46,1.83,2.11,1.9,2.0,ok,
1628070655,25.04 16:30,Heidenheim,St. Pauli,ok,,12.04 23:44,25.04 16:29,2.63,3.18,2.73,2.39,3.5,3.1,-0.25,2.25,1.65,2.07,1.87,2.5,2.03,1.77,1.9,2.01,2.42,3.48,3.05,2.1,1.84,1.9,2.01,ok,
1628071740,25.04 15:00,Alaves,Mallorca,ok,,12.04 22:51,25.04 14:50,1.97,3.24,4.08,2.1,3.38,3.91,-0.5,1.97,1.85,2.11,1.83,2.5,2.44,1.61,1.98,1.93,2.1,3.38,3.91,2.11,1.83,1.98,1.93,ok,
1628071764,25.04 16:00,Parma,Pisa,ok,,12.04 23:52,25.04 15:58,1.98,3.36,3.86,2.27,3.11,3.78,-0.25,1.7,2.15,1.92,2.0,2.0,1.58,2.35,1.87,2.04,2.27,3.11,3.78,1.92,2.0,1.87,2.04,ok,
1628071772,25.04 16:30,Mainz 05,Bayern Munich,ok,,12.04 23:44,25.04 16:29,6.46,5.66,1.35,3.95,4.4,1.82,0.75,2.94,1.45,1.88,2.04,3.5,1.74,2.2,1.93,1.97,3.95,4.4,1.82,1.88,2.04,1.93,1.97,ok,
1628101243,25.04 16:30,Augsburg,Eintracht Frankfurt,ok,,12.04 23:44,25.04 16:30,2.25,3.59,2.95,2.42,3.77,2.85,-0.25,1.96,1.85,2.13,1.82,3.25,2.26,1.7,1.99,1.92,2.42,3.77,2.85,2.13,1.82,1.99,1.92,ok,
1628101271,25.04 17:15,Getafe,Barcelona,ok,,12.04 22:51,25.04 17:03,5.58,4.21,1.53,6.0,4.0,1.63,1.0,1.9,1.92,1.83,2.11,2.5,1.77,2.15,1.98,1.93,6.0,4.0,1.63,1.83,2.11,1.98,1.93,ok,
1628101311,25.04 19:00,Bologna,Roma,ok,,12.04 23:52,25.04 18:57,2.84,3.16,2.55,3.74,3.33,2.17,0.25,1.72,2.25,2.07,1.86,2.25,1.82,1.98,1.88,2.04,3.74,3.33,2.17,2.07,1.86,1.88,2.04,ok,
1628101316,25.04 19:30,Hamburger SV,Hoffenheim,ok,,12.04 23:45,25.04 19:29,3.06,3.67,2.17,4.68,4.32,1.7,0.75,1.56,2.6,2.05,1.88,3.25,2.18,1.75,1.96,1.94,4.68,4.32,1.7,2.05,1.88,1.96,1.94,ok,
1628105538,25.04 19:30,Valencia,Girona,ok,,12.04 22:51,25.04 19:30,1.93,3.54,3.78,2.36,3.32,3.31,-0.25,1.73,2.24,2.02,1.9,2.5,1.87,1.93,2.02,1.89,2.36,3.32,3.31,2.02,1.9,2.02,1.89,ok,
1628105557,25.04 20:00,Angers,Paris Saint-Germain,ok,,12.04 23:49,25.04 20:01,12.41,7.44,1.17,11.71,6.4,1.26,1.75,2.19,1.66,1.94,1.96,3.25,1.86,1.93,2.08,1.83,11.71,6.4,1.26,1.94,1.96,2.08,1.83,ok,
1628132089,25.04 21:45,Hellas Verona,Lecce,ok,,12.04 23:52,25.04 21:44,2.56,2.93,3.05,2.6,3.03,3.19,0.0,1.75,2.1,1.78,2.19,2.0,1.91,1.89,2.09,1.83,2.6,3.03,3.19,1.78,2.19,2.09,1.83,ok,
1628132094,25.04 22:00,Atletico Madrid,Athletic Bilbao,ok,,12.04 22:51,25.04 21:58,1.68,3.84,4.72,1.93,3.85,3.96,-0.5,1.72,2.24,1.94,1.98,2.75,2.1,1.81,2.0,1.91,1.93,3.85,3.96,1.94,1.98,2.0,1.91,ok,
1628136532,25.04 22:05,Toulouse,Monaco,ok,,12.04 23:49,25.04 22:03,2.83,3.38,2.43,4.7,4.19,1.72,0.75,1.4,2.9,2.01,1.92,3.0,2.23,1.65,1.92,1.99,4.7,4.19,1.72,2.01,1.92,1.92,1.99,ok,
1628222115,26.04 15:00,Rayo Vallecano,Real Sociedad,ok,,12.04 22:52,26.04 15:00,2.29,3.32,3.11,2.71,3.49,2.68,0.0,1.69,2.31,1.97,1.95,2.75,2.25,1.71,1.99,1.92,2.71,3.49,2.68,1.97,1.95,1.99,1.92,ok,
1628222134,26.04 13:30,Fiorentina,Sassuolo,ok,,12.04 23:52,26.04 13:29,1.82,3.7,4.1,2.07,3.35,4.04,-0.5,1.83,2.0,2.08,1.85,2.5,1.83,2.07,1.87,2.04,2.07,3.35,4.04,2.08,1.85,1.87,2.04,ok,
1628222233,26.04 16:00,Lorient,Strasbourg,ok,,12.04 23:49,26.04 15:59,3.11,3.38,2.26,2.19,3.59,3.36,-0.25,2.76,1.51,1.9,2.0,2.75,2.14,1.78,1.88,2.01,2.19,3.59,3.36,1.9,2.0,1.88,2.01,ok,
1628225155,26.04 16:00,Genoa,Como,ok,,12.04 23:52,26.04 15:57,3.81,3.35,2.0,6.0,4.05,1.63,1.0,1.42,3.1,1.85,2.09,2.25,1.85,1.95,1.88,2.02,6.0,4.05,1.63,1.85,2.09,1.88,2.02,ok,
1628238969,26.04 16:30,Stuttgart,Werder Bremen,ok,,12.04 23:46,26.04 16:20,1.52,4.62,5.14,1.55,4.75,5.8,-1.0,1.83,1.98,1.89,2.03,3.25,1.85,1.95,1.91,1.99,1.55,4.75,5.8,1.89,2.04,1.92,1.99,ok,
1628244347,26.04 17:15,Real Oviedo,Elche,ok,,12.04 22:52,26.04 17:16,2.27,3.23,3.24,2.27,3.27,3.55,-0.25,1.94,1.88,1.94,1.98,2.25,1.83,1.97,1.96,1.94,2.27,3.27,3.55,1.94,1.98,1.96,1.94,ok,
1628250327,26.04 18:15,Paris FC,Lille,ok,,12.04 23:49,26.04 18:14,3.1,3.33,2.29,4.92,3.93,1.74,0.75,1.49,2.81,1.96,1.96,2.75,2.22,1.73,2.0,1.9,4.87,3.91,1.75,1.95,1.97,2.0,1.9,ok,
1628250374,26.04 19:30,Osasuna,Sevilla,ok,,12.04 22:52,26.04 19:29,2.09,3.3,3.56,1.93,3.45,4.52,-0.5,2.15,1.79,1.93,1.98,2.25,1.83,1.97,1.99,1.92,1.93,3.46,4.5,1.94,1.98,1.99,1.92,ok,
1628252429,26.04 18:15,Rennes,Nantes,ok,,12.04 23:49,26.04 18:14,1.49,4.39,5.85,1.5,4.55,6.81,-1.0,1.83,2.0,1.83,2.11,2.75,1.84,1.97,1.85,2.07,1.5,4.54,6.76,1.84,2.1,1.85,2.06,ok,
1628252455,26.04 19:00,Torino,Internazionale,ok,,12.04 23:52,26.04 18:58,5.63,4.3,1.52,8.17,5.13,1.39,1.25,1.69,2.17,2.05,1.88,3.0,2.19,1.75,2.09,1.83,8.14,5.12,1.4,2.04,1.88,2.09,1.83,ok,
1628252532,26.04 18:15,Le Havre,Metz,ok,,12.04 23:49,26.04 18:14,1.78,3.62,4.41,1.63,4.22,5.5,-1.0,2.54,1.58,2.06,1.88,3.0,2.8,1.48,2.07,1.85,1.64,4.18,5.39,2.09,1.85,2.08,1.84,ok,
1628261513,26.04 22:00,Villarreal,Celta Vigo,ok,,12.04 22:52,26.04 21:55,1.73,3.86,4.39,1.93,3.8,4.06,-0.5,1.78,2.17,1.93,1.99,2.75,1.92,1.88,1.83,2.09,1.93,3.79,4.06,1.93,1.99,1.84,2.08,ok,
1628262500,26.04 21:45,Marseille,Nice,ok,,12.04 23:49,26.04 21:44,1.51,4.59,5.32,1.73,3.96,4.93,-0.75,1.67,2.35,1.94,1.98,2.75,1.6,2.48,1.91,2.0,1.73,3.96,4.93,1.94,1.98,1.91,2.0,ok,
1628262501,26.04 21:45,AC Milan,Juventus,ok,,12.04 23:52,26.04 21:45,2.4,3.29,2.94,2.8,3.13,2.85,0.0,1.77,2.17,1.94,1.98,2.25,1.72,2.24,1.85,2.07,2.8,3.13,2.85,1.94,1.98,1.85,2.07,ok,
1628304824,27.04 21:45,Lazio,Udinese,ok,,12.04 23:53,27.04 21:45,1.94,3.34,4.0,2.29,3.13,3.68,-0.25,1.72,2.26,1.94,1.98,2.25,1.9,1.9,2.04,1.87,2.29,3.13,3.68,1.94,1.98,2.04,1.87,ok,
1628305870,27.04 19:30,Cagliari,Atalanta,ok,,12.04 23:53,27.04 19:26,3.99,3.59,1.87,5.05,3.85,1.76,0.75,1.75,2.21,1.93,1.99,2.5,1.88,1.93,1.96,1.94,5.05,3.85,1.76,1.93,1.99,1.95,1.95,ok,
1628305871,27.04 22:00,Espanyol,Levante,ok,,12.04 22:53,27.04 21:59,1.75,3.72,4.47,2.18,3.35,3.7,-0.25,1.56,2.57,1.87,2.06,2.5,1.88,1.93,1.97,1.93,2.18,3.35,3.7,1.87,2.06,1.97,1.93,ok,
1628598134,01.05 22:00,Girona,Mallorca,ok,,24.04 14:49,01.05 21:55,1.84,3.72,3.95,1.96,3.6,4.15,-0.5,1.85,1.96,1.97,1.95,2.5,1.78,2.14,1.95,1.95,1.96,3.6,4.15,1.97,1.95,1.95,1.95,ok,
1628638391,02.05 16:00,Nantes,Marseille,ok,,19.04 22:05,02.05 15:59,4.58,4.03,1.67,3.92,3.99,1.9,0.5,2.27,1.71,2.01,1.91,3.0,2.1,1.81,1.93,1.98,3.87,3.98,1.92,2.0,1.93,1.93,1.98,ok,
1628638472,02.05 16:30,Eintracht Frankfurt,Hamburger SV,ok,,19.04 22:07,02.05 16:29,1.81,3.94,3.91,1.7,4.27,4.76,-0.75,2.09,1.83,1.88,2.04,3.25,2.19,1.75,2.0,1.91,1.7,4.25,4.71,1.9,2.03,2.0,1.91,ok,
1628640515,02.05 16:30,Werder Bremen,Augsburg,ok,,19.04 22:07,02.05 16:29,1.88,3.8,3.72,2.02,3.83,3.68,-0.5,1.89,1.93,2.03,1.9,3.0,1.98,1.82,1.88,2.02,2.02,3.82,3.67,2.03,1.89,1.88,2.02,ok,
1628640516,02.05 16:30,Union Berlin,FC Koln,ok,,19.04 22:08,02.05 16:29,2.09,3.47,3.39,2.79,3.47,2.62,0.0,1.53,2.51,2.03,1.9,2.75,2.11,1.72,1.93,1.97,2.79,3.47,2.62,2.03,1.9,1.94,1.96,ok,
1628649296,02.05 15:00,Villarreal,Levante,ok,,24.04 14:49,02.05 14:59,1.43,4.91,6.1,1.83,4.07,4.17,-0.75,1.52,2.53,2.07,1.86,3.25,1.93,1.88,2.05,1.86,1.82,4.1,4.22,2.05,1.88,2.05,1.86,ok,
1628669051,02.05 16:30,Bayern Munich,Heidenheim,ok,,19.04 22:07,02.05 16:29,1.04,19.94,25.5,1.27,7.25,10.0,-2.0,1.34,3.1,2.02,1.89,4.25,1.85,1.93,2.01,1.88,1.27,7.25,10.0,2.02,1.89,2.01,1.88,ok,
1628669052,02.05 16:30,Hoffenheim,Stuttgart,ok,,19.04 22:08,02.05 16:29,2.13,3.9,2.97,2.23,4.06,3.0,-0.25,1.88,1.93,1.98,1.94,3.5,1.93,1.88,1.93,1.98,2.23,4.06,3.0,1.98,1.94,1.93,1.98,ok,
1628669142,02.05 19:30,Bayer Leverkusen,RB Leipzig,ok,,19.04 22:08,02.05 19:29,2.04,3.94,3.13,2.1,4.02,3.29,-0.25,1.81,2.01,1.85,2.08,3.5,1.94,1.86,1.97,1.93,2.11,4.02,3.27,1.86,2.07,1.97,1.93,ok,
1628674706,02.05 18:00,Paris Saint-Germain,Lorient,ok,,19.04 22:08,02.05 17:59,1.11,10.14,16.62,1.34,5.88,8.58,-1.5,1.39,3.19,1.94,1.98,3.25,1.65,2.36,1.88,2.02,1.33,5.91,8.63,1.93,1.99,1.88,2.04,ok,
1628681778,02.05 17:15,Valencia,Atletico Madrid,ok,,24.04 14:49,02.05 17:14,2.88,3.39,2.39,1.72,3.97,4.94,-0.75,3.57,1.29,1.95,1.97,2.5,1.76,2.04,1.96,1.94,1.72,3.97,4.94,1.95,1.97,1.96,1.94,ok,
1628681843,02.05 19:30,Alaves,Athletic Bilbao,ok,,24.04 14:49,02.05 19:28,3.01,3.23,2.39,2.88,3.3,2.65,0.0,2.15,1.7,2.05,1.88,2.25,1.78,2.04,1.96,1.94,2.88,3.3,2.65,2.05,1.88,1.96,1.94,ok,
1628681863,02.05 20:00,Metz,Monaco,ok,,19.04 22:08,02.05 19:59,4.56,4.42,1.61,7.85,5.75,1.36,1.5,1.55,2.62,1.99,1.93,3.75,2.35,1.65,1.93,1.97,7.85,5.75,1.36,1.99,1.93,1.93,1.97,ok,
1628695953,02.05 22:00,Osasuna,Barcelona,ok,,24.04 14:49,02.05 22:00,4.48,4.51,1.61,4.97,4.36,1.66,0.75,2.08,1.75,2.09,1.85,3.0,1.51,2.52,1.9,2.01,4.97,4.36,1.66,2.09,1.85,1.9,2.01,ok,
1628695954,02.05 22:05,Nice,Lens,ok,,19.04 22:09,02.05 22:01,3.63,3.83,1.9,5.11,4.32,1.65,1.0,1.53,2.69,1.85,2.08,3.0,1.89,1.91,1.88,2.03,5.11,4.32,1.65,1.85,2.08,1.88,2.03,ok,
1628775690,03.05 15:00,Celta Vigo,Elche,ok,,24.04 14:50,03.05 14:59,1.7,3.87,4.53,1.75,3.97,4.79,-0.75,1.92,1.9,1.96,1.96,2.75,1.95,1.85,1.94,1.96,1.75,3.97,4.79,1.96,1.96,1.94,1.96,ok,
1628786088,01.05 21:45,Pisa,Lecce,ok,,19.04 22:05,01.05 21:44,2.56,3.01,2.96,3.48,2.99,2.47,0.25,1.57,2.59,1.86,2.08,2.0,1.76,2.07,2.0,1.91,3.48,2.99,2.47,1.86,2.08,2.0,1.91,ok,
1628786090,03.05 21:45,Internazionale,Parma,ok,,19.04 22:11,03.05 21:45,1.17,7.36,12.32,1.22,7.2,14.6,-2.0,1.89,1.91,2.07,1.85,3.25,1.88,1.91,2.02,1.88,1.22,7.2,14.6,2.07,1.85,2.02,1.88,ok,
1628786091,02.05 21:45,Atalanta,Genoa,ok,,19.04 22:08,02.05 21:44,1.58,4.03,5.36,1.53,4.44,6.48,-1.0,2.02,1.81,1.88,2.05,2.75,2.09,1.81,1.88,2.03,1.53,4.42,6.43,1.89,2.04,1.88,2.03,ok,
1628786092,03.05 13:30,Bologna,Cagliari,ok,,19.04 22:10,03.05 13:29,1.65,3.77,5.09,2.32,3.06,3.71,-0.25,1.49,2.83,1.96,1.96,2.25,1.79,2.13,2.0,1.9,2.31,3.06,3.74,1.95,1.97,2.0,1.9,ok,
1628786093,04.05 21:45,Roma,Fiorentina,ok,,19.04 22:11,04.05 21:43,1.79,3.65,4.31,1.56,4.2,6.75,-1.0,2.47,1.54,1.96,1.96,2.5,1.9,1.9,1.88,2.04,1.56,4.2,6.75,1.96,1.96,1.88,2.04,ok,
1628786095,04.05 19:30,Cremonese,Lazio,ok,,19.04 22:11,04.05 19:29,3.35,3.29,2.18,3.23,3.22,2.46,0.25,1.93,1.88,1.84,2.1,2.25,1.79,2.03,2.05,1.86,3.23,3.22,2.46,1.84,2.1,2.05,1.86,ok,
1628786106,03.05 16:30,St. Pauli,Mainz 05,ok,,19.04 22:10,03.05 16:25,2.52,3.17,2.88,2.95,3.29,2.59,0.0,1.79,2.05,2.1,1.84,2.25,1.81,2.0,1.87,2.04,2.95,3.29,2.59,2.1,1.84,1.87,2.04,ok,
1628790352,03.05 19:00,Juventus,Hellas Verona,ok,,19.04 22:11,03.05 18:57,1.22,6.15,10.84,1.19,7.5,17.5,-2.0,2.3,1.69,2.03,1.88,3.0,1.94,1.84,1.95,1.93,1.19,7.5,17.5,2.02,1.88,1.94,1.94,ok,
1628790353,02.05 19:00,Como,Napoli,ok,,19.04 22:08,02.05 18:57,2.16,3.24,3.45,2.23,3.27,3.65,-0.25,1.85,1.96,1.91,2.02,2.25,1.88,1.92,1.91,2.0,2.23,3.27,3.65,1.91,2.02,1.91,2.0,ok,
1628790355,02.05 16:00,Udinese,Torino,ok,,19.04 22:07,02.05 15:58,2.33,3.15,3.17,2.04,3.4,4.08,-0.5,2.4,1.65,2.05,1.88,2.25,1.92,1.88,1.86,2.05,2.04,3.4,4.08,2.05,1.88,1.86,2.05,ok,
1628790356,03.05 16:00,Lille,Le Havre,ok,,19.04 22:10,03.05 15:59,1.44,4.43,6.61,1.37,4.99,9.35,-1.25,2.03,1.8,1.89,2.04,2.5,1.83,2.08,1.86,2.05,1.37,4.99,9.35,1.89,2.04,1.86,2.05,ok,
1628791444,03.05 16:00,Sassuolo,AC Milan,ok,,19.04 22:10,03.05 15:56,4.2,3.85,1.76,5.15,4.0,1.71,0.75,1.83,1.99,1.98,1.94,2.75,1.87,1.93,1.95,1.95,5.15,4.0,1.71,1.98,1.94,1.95,1.95,ok,
1628801509,03.05 18:15,Strasbourg,Toulouse,ok,,19.04 22:10,03.05 18:14,1.88,3.62,3.95,3.21,3.55,2.3,0.25,1.33,3.56,1.93,2.0,2.75,2.12,1.8,2.01,1.9,3.27,3.56,2.26,1.95,1.96,2.0,1.9,ok,
1628801510,03.05 18:15,Paris FC,Brest,ok,,19.04 22:10,03.05 18:15,2.16,3.34,3.35,1.91,3.82,4.09,-0.5,2.22,1.74,1.92,2.0,2.75,2.32,1.67,1.89,2.02,1.91,3.82,4.09,1.92,2.0,1.89,2.02,ok,
1628801527,03.05 17:15,Getafe,Rayo Vallecano,ok,,24.04 14:49,03.05 17:11,2.25,3.05,3.46,2.12,3.05,4.37,-0.5,2.25,1.64,2.13,1.82,2.0,1.89,1.91,2.07,1.85,2.12,3.05,4.37,2.13,1.82,2.08,1.84,ok,
1628804882,03.05 18:15,Auxerre,Angers,ok,,19.04 22:11,03.05 18:14,1.67,3.59,5.29,1.81,3.67,4.81,-0.75,1.89,1.93,2.07,1.86,2.5,2.29,1.68,2.09,1.83,1.81,3.67,4.81,2.07,1.86,2.09,1.83,ok,
1628804899,03.05 18:30,Borussia Monchengladbach,Borussia Dortmund,ok,,19.04 22:11,03.05 18:29,3.1,3.67,2.15,3.93,3.94,1.92,0.5,1.7,2.15,2.0,1.93,3.0,1.88,1.93,1.86,2.06,3.9,3.92,1.93,1.98,1.94,1.87,2.05,ok,
1628806124,03.05 21:45,Lyon,Rennes,ok,,19.04 22:11,03.05 21:45,2.13,3.57,3.22,2.17,3.82,3.27,-0.25,1.85,1.96,1.9,2.02,3.0,2.16,1.68,1.92,1.99,2.17,3.82,3.27,1.9,2.02,1.92,1.99,ok,
1628810107,03.05 19:30,Real Betis,Real Oviedo,ok,,24.04 14:50,03.05 19:29,1.54,4.17,5.62,1.58,4.16,6.17,-1.0,1.93,1.89,2.02,1.91,2.5,1.76,2.04,1.98,1.93,1.58,4.15,6.15,2.02,1.9,1.98,1.93,ok,
1628810148,03.05 20:30,Freiburg,Wolfsburg,ok,,19.04 22:11,03.05 20:29,1.73,3.94,4.29,2.11,3.63,3.6,-0.5,1.78,2.17,2.11,1.82,3.0,2.11,1.8,1.94,1.96,2.09,3.63,3.63,2.1,1.83,1.94,1.96,ok,
1628810297,03.05 22:00,Espanyol,Real Madrid,ok,,24.04 14:50,03.05 21:58,3.8,3.99,1.82,4.38,3.87,1.83,0.75,1.83,1.91,1.85,2.08,3.0,1.75,2.06,2.08,1.84,4.4,3.88,1.83,1.86,2.07,2.07,1.85,ok,
1628857868,04.05 22:00,Sevilla,Real Sociedad,ok,,24.04 14:50,04.05 21:59,2.24,3.41,3.12,2.43,3.31,3.19,-0.25,1.94,1.88,2.08,1.85,2.25,1.64,2.24,1.93,1.97,2.43,3.31,3.19,2.08,1.85,1.93,1.97,ok,
1629179975,08.05 21:30,Borussia Dortmund,Eintracht Frankfurt,ok,,26.04 23:33,08.05 21:28,1.5,4.78,5.2,1.76,4.35,4.31,-0.75,1.65,2.38,1.95,1.96,3.5,1.93,1.87,1.97,1.93,1.76,4.35,4.31,1.96,1.96,1.96,1.94,ok,
1629184027,08.05 21:45,Lens,Nantes,ok,,26.04 23:32,08.05 21:44,1.29,5.59,8.59,1.47,4.99,6.58,-1.25,1.69,2.31,2.02,1.91,3.0,1.85,1.95,1.89,2.01,1.47,4.99,6.58,2.02,1.91,1.89,2.01,ok,
1629184031,08.05 22:00,Levante,Osasuna,ok,,26.04 23:41,08.05 21:59,2.69,3.31,2.59,2.63,3.32,2.89,0.0,1.94,1.88,1.87,2.06,2.5,1.84,1.97,2.0,1.91,2.65,3.27,2.91,1.87,2.06,2.06,1.85,ok,
1629210543,08.05 21:45,Torino,Sassuolo,ok,,26.04 23:38,08.05 21:44,2.26,3.46,3.37,2.93,3.22,2.66,0.0,1.63,2.43,2.06,1.87,2.5,2.0,1.9,1.98,1.93,2.96,3.15,2.69,2.06,1.87,1.99,1.92,ok,
1629239518,09.05 15:00,Elche,Alaves,ok,,26.04 23:41,09.05 14:59,2.08,3.45,3.43,2.32,3.28,3.43,-0.25,1.81,2.02,1.98,1.94,2.5,1.88,1.93,2.0,1.91,2.32,3.28,3.43,1.98,1.94,2.0,1.91,ok,
1629239554,09.05 16:30,Augsburg,Borussia Monchengladbach,ok,,26.04 23:34,09.05 16:29,2.3,3.55,2.9,1.97,4.0,3.68,-0.5,2.37,1.66,1.98,1.94,3.25,2.32,1.67,1.89,2.01,1.97,4.0,3.68,1.98,1.94,1.89,2.01,ok,
1629239555,09.05 16:30,Stuttgart,Bayer Leverkusen,ok,,26.04 23:34,09.05 16:29,1.93,4.06,3.32,2.04,4.2,3.33,-0.5,1.94,1.88,2.05,1.88,3.75,2.16,1.77,1.98,1.93,2.05,4.19,3.3,2.06,1.87,1.98,1.93,ok,
1629239588,09.05 17:15,Sevilla,Espanyol,ok,,26.04 23:41,09.05 17:14,2.09,3.35,3.5,2.03,3.28,4.34,-0.5,2.15,1.79,2.04,1.89,2.0,1.53,2.64,2.04,1.88,2.03,3.28,4.34,2.04,1.89,2.04,1.88,ok,
1629239668,09.05 16:00,Cagliari,Udinese,ok,,26.04 23:38,09.05 16:00,2.42,3.13,3.06,2.63,3.1,3.08,0.0,1.74,2.22,1.81,2.13,2.25,1.91,1.89,1.96,1.94,2.63,3.1,3.08,1.81,2.13,1.96,1.94,ok,
1629239694,09.05 16:30,RB Leipzig,St. Pauli,ok,,26.04 23:34,09.05 16:29,1.34,5.27,7.44,1.29,6.22,9.58,-1.75,2.25,1.65,1.99,1.92,3.5,2.26,1.62,1.97,1.92,1.29,6.23,9.58,1.98,1.92,1.97,1.92,ok,
1629254554,09.05 16:30,Hoffenheim,Werder Bremen,ok,,26.04 23:34,09.05 16:29,1.58,4.49,4.71,1.53,4.81,5.75,-1.25,2.27,1.71,2.09,1.85,3.5,2.08,1.83,1.99,1.92,1.53,4.81,5.75,2.09,1.85,1.99,1.92,ok,
1629254629,09.05 19:30,Wolfsburg,Bayern Munich,ok,,26.04 23:34,09.05 19:29,4.54,5.0,1.54,5.58,5.21,1.51,1.25,1.74,2.1,1.97,1.95,4.25,2.18,1.68,2.03,1.88,5.55,5.2,1.51,1.96,1.96,2.03,1.88,ok,
1629254631,09.05 19:30,Atletico Madrid,Celta Vigo,ok,,26.04 23:41,09.05 19:29,1.98,3.28,3.95,1.81,4.01,4.37,-0.75,2.26,1.64,2.08,1.85,2.75,1.93,1.87,1.86,2.06,1.81,4.02,4.38,2.07,1.86,1.86,2.06,ok,
1629271858,09.05 19:00,Lazio,Internazionale,ok,,26.04 23:38,09.05 19:00,4.97,4.04,1.62,4.46,3.78,1.85,0.5,2.37,1.66,2.08,1.85,2.5,1.76,2.17,1.94,1.96,4.46,3.78,1.85,2.08,1.85,1.94,1.96,ok,
1629275019,09.05 21:45,Lecce,Juventus,ok,,26.04 23:38,09.05 21:42,5.65,4.22,1.53,8.73,4.67,1.42,1.25,1.71,2.26,1.95,1.97,2.5,1.78,2.14,1.98,1.93,8.73,4.67,1.42,1.95,1.97,1.98,1.93,ok,
1629285767,09.05 22:00,Real Sociedad,Real Betis,ok,,26.04 23:41,09.05 21:59,2.08,3.56,3.33,2.66,3.52,2.72,0.0,1.58,2.56,1.94,1.98,2.75,1.91,1.88,1.87,2.05,2.63,3.55,2.74,1.93,2.0,1.86,2.05,ok,
1629360495,10.05 13:30,Hellas Verona,Como,ok,,26.04 23:39,10.05 13:29,5.55,4.11,1.55,8.5,4.7,1.43,1.25,1.68,2.34,1.96,1.96,2.5,1.81,2.01,1.94,1.96,8.75,4.75,1.43,1.95,1.97,1.95,1.95,ok,
1629375475,10.05 15:00,Mallorca,Villarreal,ok,,26.04 23:42,10.05 14:58,2.9,3.45,2.34,2.54,3.54,2.84,0.0,2.13,1.71,1.85,2.08,2.75,1.85,1.95,1.98,1.93,2.54,3.54,2.84,1.85,2.08,1.98,1.93,ok,
1629375502,11.05 21:45,Napoli,Bologna,ok,,26.04 23:40,11.05 21:44,1.57,3.98,5.55,1.54,4.25,7.1,-1.0,2.01,1.81,2.0,1.92,2.5,1.91,1.89,2.0,1.91,1.54,4.25,7.1,2.0,1.93,2.0,1.91,ok,
1629375503,10.05 16:00,Cremonese,Pisa,ok,,26.04 23:39,10.05 15:59,2.27,3.24,3.23,1.93,3.54,4.35,-0.5,2.33,1.68,1.94,1.98,2.25,1.82,1.98,1.83,2.09,1.93,3.54,4.35,1.94,1.98,1.83,2.09,ok,
1629375519,10.05 16:30,Hamburger SV,Freiburg,ok,,26.04 23:35,10.05 16:28,2.29,3.39,3.04,3.18,3.67,2.27,0.25,1.48,2.63,1.94,1.98,3.0,2.2,1.66,2.08,1.84,3.18,3.67,2.27,1.94,1.98,2.08,1.84,ok,
1629385718,10.05 16:00,Fiorentina,Genoa,ok,,26.04 23:39,10.05 15:59,1.92,3.44,3.97,2.0,3.48,4.15,-0.5,1.93,1.89,2.01,1.92,2.5,2.09,1.82,2.02,1.89,2.0,3.48,4.15,2.01,1.92,2.02,1.89,ok,
1629398945,10.05 17:15,Athletic Bilbao,Valencia,ok,,26.04 23:42,10.05 17:14,1.73,3.71,4.59,1.67,3.83,5.72,-0.75,1.96,1.85,1.88,2.05,2.25,1.72,2.23,1.9,2.01,1.67,3.83,5.72,1.88,2.05,1.9,2.01,ok,
1629401545,10.05 18:30,FC Koln,Heidenheim,ok,,26.04 23:35,10.05 18:43,1.64,4.17,4.58,2.12,4.13,3.24,-0.25,1.5,2.78,1.87,2.06,3.5,2.44,1.61,1.93,1.97,2.12,4.13,3.24,1.87,2.06,1.93,1.97,ok,
1629401569,10.05 19:00,Parma,Roma,ok,,26.04 23:39,10.05 18:59,4.02,3.48,1.9,8.92,4.65,1.4,1.25,1.38,3.24,1.98,1.94,2.5,2.0,1.81,2.04,1.88,8.95,4.68,1.41,1.97,1.95,2.05,1.86,ok,
1629405646,10.05 19:30,Real Oviedo,Getafe,ok,,26.04 23:42,10.05 19:29,2.64,2.9,2.98,2.86,3.01,2.89,0.0,1.79,2.04,1.95,1.97,1.5,1.51,2.52,1.83,2.09,2.86,3.01,2.89,1.95,1.97,1.85,2.06,ok,
1629405693,10.05 22:00,Le Havre,Marseille,ok,,26.04 23:32,10.05 21:58,3.98,3.85,1.81,4.02,3.93,1.9,0.5,2.01,1.81,2.01,1.91,3.0,2.03,1.79,2.02,1.89,4.01,3.92,1.9,2.01,1.92,2.02,1.89,ok,
1629405694,10.05 22:00,Monaco,Lille,ok,,26.04 23:32,10.05 21:59,2.01,3.71,3.39,2.73,3.65,2.58,0.0,1.54,2.64,2.02,1.91,2.75,1.78,2.14,1.91,2.0,2.73,3.65,2.58,2.02,1.91,1.91,2.0,ok,
1629410080,10.05 21:45,AC Milan,Atalanta,ok,,26.04 23:39,10.05 21:44,1.87,3.69,3.89,2.29,3.34,3.4,-0.25,1.68,2.34,1.97,1.95,2.5,1.79,2.12,1.95,1.95,2.29,3.35,3.41,1.97,1.95,1.95,1.95,ok,
1629410086,10.05 22:00,Barcelona,Real Madrid,ok,,26.04 23:42,10.05 22:13,1.7,4.55,3.86,1.67,4.85,4.5,-1.0,2.18,1.76,2.06,1.87,3.5,1.65,2.34,1.97,1.93,1.67,4.85,4.5,2.06,1.87,1.97,1.93,ok,
1629410087,10.05 22:00,Angers,Strasbourg,ok,,26.04 23:33,10.05 21:58,3.84,3.64,1.89,2.78,3.55,2.59,0.0,3.03,1.38,2.03,1.89,2.75,2.0,1.81,2.02,1.88,2.78,3.55,2.59,2.03,1.89,2.02,1.88,ok,
1629410954,10.05 20:30,Mainz 05,Union Berlin,ok,,26.04 23:36,10.05 20:28,1.92,3.58,3.8,1.69,4.4,4.64,-0.75,2.27,1.71,1.88,2.06,3.25,2.79,1.47,1.88,2.04,1.69,4.4,4.64,1.88,2.06,1.88,2.04,ok,
1629410982,10.05 22:00,Rennes,Paris FC,ok,,26.04 23:33,10.05 21:59,1.57,4.29,4.99,1.56,4.75,5.41,-1.0,1.97,1.85,1.91,2.02,3.25,2.2,1.74,1.89,2.02,1.56,4.75,5.41,1.91,2.02,1.89,2.02,ok,
1629410983,10.05 22:00,Paris Saint-Germain,Brest,ok,,26.04 23:33,10.05 21:57,1.14,8.41,13.34,1.19,7.86,13.89,-2.0,1.75,2.2,1.88,2.03,3.75,2.14,1.78,1.85,2.05,1.19,7.86,13.89,1.88,2.03,1.85,2.05,ok,
1629410985,10.05 22:00,Auxerre,Nice,ok,,26.04 23:33,10.05 21:57,2.4,3.33,2.91,2.46,3.29,3.15,-0.25,2.08,1.76,2.11,1.83,2.5,1.87,1.93,2.05,1.86,2.46,3.29,3.15,2.11,1.83,2.05,1.86,ok,
1629410986,10.05 22:00,Metz,Lorient,ok,,26.04 23:33,10.05 21:58,2.83,3.38,2.43,3.03,3.6,2.38,0.25,1.78,2.16,1.86,2.07,2.75,1.98,1.82,1.85,2.07,3.06,3.61,2.36,1.88,2.05,1.84,2.08,ok,
1629442475,10.05 22:00,Toulouse,Lyon,ok,,26.04 23:33,10.05 21:59,2.66,3.31,2.61,4.19,3.82,1.89,0.5,1.53,2.69,2.03,1.9,2.75,2.11,1.8,1.93,1.97,4.25,3.81,1.88,2.04,1.89,1.93,1.97,ok,
1629442842,11.05 22:00,Rayo Vallecano,Girona,ok,,26.04 23:42,11.05 21:56,1.93,3.63,3.72,2.31,3.26,3.47,-0.25,1.72,2.25,1.97,1.95,2.5,1.79,2.12,2.0,1.9,2.29,3.27,3.5,1.96,1.96,2.0,1.9,ok,
1629487127,13.05 22:30,Alaves,Barcelona,ok,,03.05 23:11,13.05 22:28,5.98,5.11,1.41,3.09,3.83,2.25,0.25,3.68,1.32,1.94,1.98,3.0,1.56,2.56,1.98,1.93,3.09,3.83,2.25,1.94,1.98,1.98,1.93,ok,
1629487128,13.05 22:00,Lens,Paris Saint-Germain,ok,,10.05 22:48,13.05 22:34,3.23,3.87,2.02,3.31,4.07,2.08,0.5,1.8,2.03,1.85,2.09,3.5,2.09,1.73,1.9,2.01,3.31,4.07,2.08,1.85,2.09,1.9,2.01,ok,
1629487512,12.05 20:00,Celta Vigo,Levante,ok,,03.05 23:12,12.05 19:59,1.64,4.36,4.4,1.96,3.6,4.23,-0.5,1.64,2.26,1.96,1.96,2.75,1.94,1.86,2.05,1.86,1.96,3.6,4.23,1.96,1.96,2.05,1.86,ok,
1629487513,12.05 21:00,Real Betis,Elche,ok,,03.05 23:12,12.05 20:59,1.63,4.02,4.85,1.67,4.1,5.5,-0.75,1.82,2.01,1.84,2.1,2.75,1.89,1.91,1.87,2.05,1.67,4.1,5.5,1.84,2.1,1.87,2.05,ok,
1629487514,14.05 20:00,Valencia,Rayo Vallecano,ok,,03.05 23:10,14.05 19:59,2.0,3.51,3.64,2.28,3.04,3.84,-0.25,1.78,2.17,1.93,2.0,2.0,1.44,2.97,1.81,2.12,2.29,3.03,3.82,1.93,1.99,1.83,2.09,ok,
1629487515,13.05 20:00,Villarreal,Sevilla,ok,,03.05 23:12,13.05 19:59,1.72,3.84,4.46,2.17,3.42,3.62,-0.25,1.51,2.54,1.88,2.06,2.5,1.76,2.05,1.89,2.02,2.17,3.42,3.62,1.88,2.06,1.89,2.02,ok,
1629487516,14.05 22:30,Real Madrid,Real Oviedo,ok,,03.05 23:10,14.05 22:29,1.18,7.3,11.0,1.26,6.76,10.78,-1.75,1.73,2.24,1.93,1.98,3.25,1.74,2.21,1.92,1.97,1.28,6.57,10.08,1.97,1.93,1.9,1.98,ok,
1629495941,12.05 22:30,Osasuna,Atletico Madrid,ok,,03.05 23:12,12.05 22:29,2.6,3.56,2.54,2.7,3.46,2.72,0.0,1.93,1.88,1.95,1.97,2.5,1.79,2.01,1.87,2.05,2.68,3.47,2.73,1.94,1.98,1.85,2.06,ok,
1629495942,13.05 20:00,Brest,Strasbourg,ok,,10.05 22:48,13.05 19:58,2.88,3.37,2.4,3.38,3.65,2.18,0.25,1.76,2.08,2.02,1.9,2.75,2.01,1.81,1.91,2.0,3.34,3.64,2.2,2.01,1.92,1.91,2.0,ok,
1629495943,14.05 21:00,Girona,Real Sociedad,ok,,03.05 23:10,14.05 21:00,2.42,3.42,2.81,1.97,3.83,3.84,-0.5,2.48,1.6,1.98,1.94,2.75,1.91,1.89,1.98,1.93,1.97,3.83,3.84,1.98,1.94,1.98,1.93,ok,
1629495944,13.05 22:30,Getafe,Mallorca,ok,,03.05 23:10,13.05 22:29,1.88,3.22,4.55,2.38,2.95,3.71,-0.25,1.65,2.4,2.0,1.93,1.75,1.67,2.32,1.89,2.01,2.38,2.95,3.71,2.0,1.93,1.89,2.01,ok,
1629495945,13.05 20:00,Espanyol,Athletic Bilbao,ok,,03.05 23:11,13.05 19:59,2.67,3.15,2.71,2.89,2.92,2.95,0.0,1.89,1.93,1.94,1.98,2.0,1.56,2.57,2.0,1.91,2.93,2.93,2.9,1.97,1.95,2.0,1.91,ok,
1629791966,16.05 16:30,Bayern Munich,FC Koln,ok,,10.05 22:51,16.05 16:29,1.19,7.47,10.06,1.14,10.43,15.11,-2.75,2.51,1.51,1.97,1.91,4.75,2.38,1.55,1.89,1.98,1.14,10.43,15.11,1.97,1.91,1.89,1.98,ok,
1629791968,16.05 16:30,Freiburg,RB Leipzig,ok,,10.05 22:58,16.05 16:29,2.98,3.9,2.13,2.51,3.97,2.65,0.0,2.29,1.61,1.91,2.01,3.25,1.9,1.9,1.96,1.94,2.51,3.97,2.65,1.91,2.01,1.96,1.94,ok,
1629804553,16.05 16:30,Bayer Leverkusen,Hamburger SV,ok,,10.05 22:54,16.05 16:28,1.31,5.83,7.55,1.27,6.94,9.36,-1.75,2.05,1.75,1.87,2.04,3.75,2.15,1.67,1.85,2.04,1.27,6.94,9.36,1.87,2.04,1.85,2.04,ok,
1629804554,16.05 16:30,St. Pauli,Wolfsburg,ok,,10.05 22:55,16.05 16:29,2.61,3.47,2.57,2.66,3.66,2.65,0.0,1.93,1.89,1.97,1.95,2.75,1.92,1.88,1.91,1.99,2.66,3.66,2.65,1.97,1.95,1.91,1.99,ok,
1629804555,16.05 16:30,Borussia Monchengladbach,Hoffenheim,ok,,10.05 22:57,16.05 16:29,4.24,4.18,1.69,4.84,4.61,1.65,1.0,1.69,2.15,1.89,2.04,3.5,1.98,1.83,1.93,1.97,4.82,4.64,1.65,1.9,2.03,1.89,2.02,ok,
1629809027,16.05 16:30,Union Berlin,Augsburg,ok,,10.05 22:53,16.05 16:29,2.51,3.53,2.64,2.65,4.05,2.48,0.0,1.86,1.96,2.03,1.9,3.5,2.6,1.47,1.88,2.04,2.63,4.05,2.5,2.01,1.91,1.88,2.04,ok,
1629809028,16.05 16:30,Eintracht Frankfurt,Stuttgart,ok,,10.05 22:54,16.05 16:29,2.94,3.97,2.13,3.87,4.46,1.83,0.75,1.54,2.44,1.89,2.04,3.75,2.04,1.84,1.92,1.98,3.93,4.48,1.81,1.91,2.02,1.92,1.99,ok,
1629809029,16.05 16:30,Heidenheim,Mainz 05,ok,,10.05 22:58,16.05 16:29,2.18,3.59,3.08,2.01,4.21,3.41,-0.5,2.17,1.68,2.02,1.91,3.25,2.19,1.66,1.92,1.99,2.04,4.18,3.35,2.05,1.88,1.92,1.99,ok,
1629913913,17.05 13:00,Pisa,Napoli,ok,,03.05 23:06,17.05 13:00,5.9,4.11,1.53,9.25,4.6,1.41,1.25,1.7,2.29,1.89,2.03,2.5,1.88,1.93,2.0,1.91,9.25,4.6,1.41,1.89,2.03,2.0,1.91,ok,
1629913914,17.05 19:00,Atalanta,Bologna,ok,,03.05 23:06,17.05 18:59,1.65,4.05,4.69,1.75,4.07,4.66,-0.75,1.83,1.99,1.96,1.96,3.0,2.13,1.79,2.04,1.87,1.75,4.07,4.66,1.96,1.96,2.04,1.87,ok,
1629913915,17.05 16:00,Internazionale,Hellas Verona,ok,,03.05 23:06,17.05 15:58,1.14,8.09,14.36,1.39,5.25,8.75,-1.25,1.36,3.38,1.93,2.0,2.75,1.56,2.57,1.98,1.93,1.39,5.25,8.75,1.93,2.0,1.98,1.93,ok,
1629916054,17.05 21:45,Sassuolo,Lecce,ok,,03.05 23:06,17.05 21:44,1.95,3.42,3.84,2.62,3.22,2.98,0.0,1.46,2.92,1.84,2.1,2.25,1.81,2.1,1.84,2.08,2.63,3.21,2.98,1.85,2.09,1.84,2.08,ok,
1629916055,17.05 13:00,Genoa,AC Milan,ok,,03.05 23:06,17.05 12:58,4.28,3.66,1.79,5.42,3.81,1.7,0.75,1.78,2.04,1.99,1.93,2.25,1.65,2.21,1.91,2.0,5.42,3.81,1.7,1.99,1.93,1.91,2.0,ok,
1629931369,17.05 13:00,Roma,Lazio,ok,,03.05 23:06,17.05 13:00,1.67,3.77,4.93,1.53,4.25,6.68,-1.0,2.29,1.7,1.93,2.0,2.5,1.94,1.86,1.94,1.96,1.53,4.25,6.68,1.93,2.0,1.94,1.96,ok,
1629931370,17.05 21:45,Udinese,Cremonese,ok,,03.05 23:06,17.05 21:43,1.85,3.64,4.05,2.47,3.19,3.25,-0.25,1.61,2.32,2.1,1.84,2.25,1.75,2.06,1.95,1.95,2.47,3.19,3.25,2.1,1.84,1.95,1.95,ok,
1629931371,17.05 13:00,Juventus,Fiorentina,ok,,03.05 23:06,17.05 13:00,1.49,4.43,5.87,1.32,5.72,9.54,-1.5,2.43,1.63,1.94,1.98,3.0,2.12,1.79,1.91,1.99,1.32,5.72,9.54,1.94,1.98,1.91,1.99,ok,
1629931372,17.05 21:45,Cagliari,Torino,ok,,03.05 23:06,17.05 21:44,2.42,3.1,3.08,2.19,3.11,4.0,-0.25,2.07,1.77,1.85,2.08,2.25,1.95,1.85,2.05,1.86,2.19,3.11,4.0,1.85,2.08,2.05,1.86,ok,
1629931373,17.05 13:00,Como,Parma,ok,,03.05 23:05,17.05 13:00,1.33,5.71,9.76,1.25,6.08,14.29,-1.75,2.23,1.74,1.97,1.93,2.75,1.85,2.07,1.91,1.98,1.25,6.08,14.29,1.97,1.93,1.91,1.98,ok,
1629944677,17.05 22:15,Barcelona,Real Betis,ok,,03.05 23:05,17.05 22:15,1.29,6.01,7.4,1.35,5.86,8.2,-1.5,1.83,2.09,1.95,1.97,3.5,1.79,2.13,1.93,1.98,1.35,5.86,8.2,1.95,1.97,1.93,1.98,ok,
1629944678,17.05 20:00,Real Sociedad,Valencia,ok,,03.05 23:05,17.05 19:58,1.93,3.57,3.74,2.48,3.3,3.12,-0.25,1.73,2.24,2.13,1.82,2.5,1.82,1.98,2.0,1.9,2.48,3.3,3.11,2.13,1.82,2.0,1.9,ok,
1629949431,17.05 20:00,Rayo Vallecano,Villarreal,ok,,03.05 23:05,17.05 19:58,2.54,3.41,2.68,2.03,3.61,3.87,-0.5,2.61,1.55,2.04,1.89,2.75,1.9,1.9,1.99,1.92,2.03,3.61,3.87,2.04,1.89,1.99,1.92,ok,
1629949432,17.05 20:00,Elche,Getafe,ok,,03.05 23:05,17.05 19:57,2.5,2.98,3.1,2.36,2.96,3.75,-0.25,2.11,1.74,1.98,1.94,2.0,1.83,1.98,2.08,1.84,2.36,2.96,3.75,1.98,1.94,2.08,1.84,ok,
1629949433,17.05 20:00,Osasuna,Espanyol,ok,,03.05 23:05,17.05 19:59,1.92,3.51,3.89,2.22,2.87,4.34,-0.25,1.71,2.28,1.85,2.08,2.25,1.74,2.21,2.07,1.85,2.22,2.87,4.34,1.85,2.08,2.07,1.85,ok,
1629949434,17.05 20:00,Athletic Bilbao,Celta Vigo,ok,,03.05 23:04,17.05 19:59,1.89,3.53,3.99,2.21,3.22,3.79,-0.25,1.68,2.32,1.88,2.05,2.25,1.74,2.2,1.99,1.92,2.21,3.22,3.79,1.88,2.05,1.99,1.92,ok,
1629949435,17.05 20:00,Sevilla,Real Madrid,ok,,03.05 23:04,17.05 19:55,3.83,4.07,1.91,3.73,3.85,2.0,0.5,2.0,1.93,1.92,2.01,2.75,1.68,2.31,1.85,2.07,3.74,3.83,2.0,1.92,2.01,1.85,2.07,ok,
1629949466,17.05 22:00,Lille,Auxerre,ok,,11.05 09:35,17.05 21:59,1.42,4.56,6.87,1.45,4.7,7.51,-1.25,1.97,1.85,2.02,1.91,2.75,1.95,1.85,1.97,1.93,1.45,4.71,7.53,2.02,1.91,1.97,1.93,ok,
1629949467,17.05 22:00,Lorient,Le Havre,ok,,11.05 09:37,17.05 21:55,2.49,3.37,2.77,2.36,3.55,3.1,-0.25,2.14,1.7,2.05,1.88,2.5,1.91,1.89,1.88,2.02,2.36,3.55,3.1,2.05,1.88,1.88,2.02,ok,
1629949469,17.05 22:00,Marseille,Rennes,ok,,11.05 09:37,17.05 21:59,1.97,3.83,3.41,1.85,4.21,3.97,-0.75,2.24,1.64,2.07,1.86,3.5,2.11,1.7,1.88,2.03,1.85,4.21,3.97,2.07,1.86,1.88,2.03,ok,
1629949470,17.05 22:00,Lyon,Lens,ok,,11.05 09:37,17.05 21:59,1.9,3.78,3.67,1.55,4.97,5.27,-1.0,2.63,1.48,1.92,2.01,3.25,2.23,1.63,2.0,1.9,1.55,4.97,5.27,1.92,2.01,2.0,1.91,ok,
1629949767,17.05 20:00,Real Oviedo,Alaves,ok,,03.05 23:04,17.05 19:59,2.3,3.14,3.24,3.92,3.2,2.17,0.25,1.48,2.85,2.09,1.85,2.0,1.68,2.3,1.83,2.09,3.9,3.21,2.17,2.08,1.85,1.81,2.12,ok,
1629949768,17.05 20:00,Atletico Madrid,Girona,ok,,03.05 23:04,17.05 19:59,1.55,4.39,5.14,1.86,3.89,4.36,-0.5,1.59,2.52,1.86,2.07,2.75,1.69,2.28,1.9,2.01,1.85,3.89,4.38,1.85,2.08,1.9,2.01,ok,
1629949769,17.05 20:00,Levante,Mallorca,ok,,03.05 23:04,17.05 19:57,2.04,3.52,3.46,2.13,3.45,3.72,-0.25,1.82,2.1,1.84,2.1,2.5,1.81,2.0,1.95,1.95,2.13,3.45,3.72,1.84,2.1,1.95,1.95,ok,
1629949805,17.05 22:00,Paris FC,Paris Saint-Germain,ok,,11.05 09:34,17.05 21:59,6.5,5.26,1.38,6.08,5.04,1.49,1.25,2.08,1.83,1.93,2.0,3.5,1.98,1.82,1.97,1.93,5.99,5.06,1.49,1.93,2.0,1.93,1.98,ok,
1629949807,17.05 22:00,Nice,Metz,ok,,11.05 09:35,17.05 21:58,1.38,4.96,6.99,1.27,6.46,10.92,-1.75,2.38,1.57,2.0,1.93,3.25,2.04,1.75,2.02,1.88,1.27,6.46,10.92,2.0,1.93,2.02,1.88,ok,
1629949808,17.05 22:00,Nantes,Toulouse,ok,,11.05 09:37,17.05 21:58,2.53,3.48,2.65,2.98,3.49,2.47,0.25,1.61,2.29,1.81,2.14,2.5,1.9,1.9,1.9,2.01,3.01,3.5,2.44,1.83,2.12,1.9,2.01,ok,
1629949809,17.05 22:00,Brest,Angers,ok,,11.05 09:37,17.05 21:59,1.71,3.73,4.72,2.01,3.49,4.08,-0.5,1.7,2.13,2.02,1.91,2.25,1.69,2.12,1.83,2.09,2.01,3.49,4.08,2.02,1.91,1.83,2.09,ok,
1629956870,17.05 22:00,Strasbourg,Monaco,ok,,11.05 09:37,17.05 21:59,2.87,3.84,2.21,3.41,4.35,1.98,0.5,1.66,2.2,1.93,1.99,3.75,2.29,1.6,2.01,1.89,3.41,4.35,1.98,1.93,1.99,2.01,1.89,ok,
1630451174,24.05 22:00,Villarreal,Atletico Madrid,ok,,18.05 09:34,24.05 21:58,2.02,3.86,3.24,2.59,3.93,2.59,0.0,1.53,2.48,1.95,1.97,3.5,2.17,1.76,1.98,1.93,2.58,3.93,2.6,1.95,1.97,1.98,1.93,ok,
1630909791,23.05 22:00,Celta Vigo,Sevilla,ok,,18.05 09:31,23.05 21:55,2.11,3.51,3.31,1.89,3.4,4.84,-0.5,2.11,1.73,1.9,2.03,2.25,1.72,2.1,2.01,1.9,1.89,3.4,4.84,1.9,2.03,2.01,1.9,ok,
1630909792,23.05 22:00,Valencia,Barcelona,ok,,18.05 09:31,23.05 21:59,3.5,3.99,1.89,3.53,4.11,1.99,0.5,1.92,1.9,1.93,2.0,3.25,1.86,1.94,1.95,1.95,3.5,4.09,2.0,1.91,2.01,1.96,1.94,ok,
1630909793,23.05 22:00,Real Betis,Levante,ok,,18.05 09:32,23.05 21:59,1.9,3.84,3.62,2.44,3.46,3.04,-0.25,1.67,2.2,2.11,1.83,3.0,1.88,1.92,2.01,1.89,2.44,3.46,3.04,2.11,1.83,2.01,1.89,ok,
1630909794,23.05 22:00,Mallorca,Real Oviedo,ok,,18.05 09:33,23.05 21:59,1.52,4.12,6.01,1.49,4.5,7.01,-1.0,1.9,1.92,1.84,2.1,2.5,1.89,1.91,1.92,1.99,1.49,4.51,7.0,1.84,2.1,1.91,1.99,ok,
1630920847,23.05 22:00,Espanyol,Real Sociedad,ok,,18.05 09:30,23.05 21:59,2.29,3.5,3.27,2.4,3.66,2.97,-0.25,1.93,1.89,2.09,1.85,3.0,2.49,1.52,2.12,1.78,2.38,3.73,2.95,2.08,1.85,2.03,1.88,ok,
1630920848,23.05 22:00,Real Madrid,Athletic Bilbao,ok,,18.05 09:31,23.05 21:59,1.45,4.67,5.96,1.54,4.89,5.53,-1.0,1.72,2.11,1.87,2.06,3.25,2.09,1.73,1.88,2.02,1.54,4.89,5.53,1.87,2.06,1.88,2.02,ok,
1630920849,23.05 22:00,Alaves,Rayo Vallecano,ok,,18.05 09:31,23.05 21:58,2.09,3.4,3.46,2.11,3.37,3.87,-0.5,2.15,1.79,2.12,1.82,2.25,1.74,2.2,1.88,2.03,2.11,3.37,3.87,2.12,1.82,1.88,2.03,ok,
1630920850,23.05 22:00,Getafe,Osasuna,ok,,18.05 09:32,23.05 21:58,2.21,3.04,3.58,3.23,2.49,3.16,0.0,1.53,2.51,1.98,1.94,1.75,1.66,2.2,2.11,1.82,3.23,2.49,3.16,1.98,1.94,2.11,1.82,ok,
1630929615,23.05 22:00,Girona,Elche,ok,,18.05 09:31,23.05 21:59,1.77,3.85,4.14,1.8,3.8,4.68,-0.75,2.01,1.82,2.05,1.88,2.75,1.85,1.96,2.07,1.85,1.8,3.8,4.68,2.05,1.88,2.07,1.85,ok,
