id_fixture,status,kickoff,home,away,error
1574915092,ok,14.08 22:30,Atletico Madrid,Granada CF,
1574915093,ok,12.08 20:30,Las Palmas,Mallorca,
1574915094,ok,12.08 22:30,Athletic Club Bilbao,Real Madrid,
1574915095,ok,13.08 18:00,Celta Vigo,Osasuna,
1574915096,ok,12.08 18:00,Real Sociedad,Girona,
1574915097,ok,11.08 20:30,Almeria,Rayo Vallecano,
1574915098,ok,13.08 20:30,Villarreal CF,Real Betis,
1574915099,ok,13.08 22:30,Getafe,Barcelona,
1574915100,ok,14.08 20:30,Cadiz,Alaves,
1574915101,ok,11.08 23:00,Sevilla,Valencia,
1575269313,ok,19.08 19:30,Frosinone,Napoli,
1575269314,ok,19.08 19:30,Empoli,Hellas Verona FC,
1575269315,ok,21.08 21:45,Bologna,AC Milan,
1575269316,ok,19.08 21:45,Genoa,Fiorentina,
1575269317,ok,20.08 21:45,Udinese,Juventus,
1575269318,ok,20.08 21:45,Lecce,Lazio,
1575269319,ok,20.08 19:30,Sassuolo,Atalanta BC,
1575269320,ok,13.08 14:00,Brest,Lens,
1575269321,ok,13.08 16:00,Clermont,AS Monaco,
1575269322,ok,11.08 22:00,Nice,Lille,
1575269323,ok,20.08 19:30,AS Roma,Salernitana,
1575269324,ok,13.08 16:00,Montpellier HSC,Le Havre,
1575269325,ok,21.08 19:30,Torino,Cagliari,
1575269326,ok,19.08 21:45,FC Internazionale,AC Monza,
1575269327,ok,12.08 22:00,Paris Saint Germain,Lorient,
1575269328,ok,13.08 16:00,Nantes,Toulouse FC,
1575269329,ok,12.08 18:00,Marseille,Reims,
1575269330,ok,13.08 21:45,Strasbourg,Lyon,
1575269331,ok,13.08 18:05,Rennes,Metz,
1576158467,ok,20.08 22:30,Real Betis,Atletico Madrid,
1576158468,ok,19.08 22:30,Osasuna,Athletic Club Bilbao,
1576158469,ok,19.08 18:00,Real Sociedad,Celta Vigo,
1576158473,ok,18.08 22:30,Valencia,Las Palmas,
1576158476,ok,18.08 20:30,Mallorca,Villarreal CF,
1576158478,ok,19.08 20:30,Almeria,Real Madrid,
1576158481,ok,20.08 20:00,Girona,Getafe,
1576158482,ok,21.08 22:30,Granada CF,Rayo Vallecano,
1576158483,ok,20.08 20:30,Barcelona,Cadiz,
1576158485,ok,21.08 20:00,Alaves,Sevilla,
1576467294,ok,26.08 21:45,Hellas Verona FC,AS Roma,
1576467297,ok,27.08 19:30,Juventus,Bologna,
1576467298,ok,26.08 19:30,AC Monza,Empoli,
1576467299,ok,27.08 21:45,Lazio,Genoa,
1576467300,ok,28.08 19:30,Salernitana,Udinese,
1576467301,ok,27.08 19:30,Fiorentina,Lecce,
1576467302,ok,26.08 21:45,AC Milan,Torino,
1576467303,ok,26.08 19:30,Frosinone,Atalanta BC,
1576467304,ok,27.08 21:45,Napoli,Sassuolo,
1576467305,ok,28.08 21:45,Cagliari,FC Internazionale,
1576535666,ok,18.08 22:00,Metz,Marseille,
1576578682,ok,19.08 20:00,Lyon,Montpellier HSC,
1576598556,ok,19.08 22:00,Toulouse FC,Paris Saint Germain,
1576629226,ok,20.08 14:00,Lille,Nantes,
1576634211,ok,20.08 16:00,Lorient,Nice,
1576634213,ok,20.08 16:00,Reims,Clermont,
1576634215,ok,20.08 16:00,Le Havre,Brest,
1576634760,ok,20.08 20:00,AS Monaco,Strasbourg,
1576634762,ok,20.08 21:45,Lens,Rennes,
1576823014,ok,28.08 20:30,Getafe,Alaves,
1576823015,ok,26.08 22:30,Sevilla,Girona,
1576823016,ok,26.08 22:00,Paris Saint Germain,Lens,
1576823017,ok,28.08 22:30,Rayo Vallecano,Atletico Madrid,
1576823018,ok,26.08 20:00,Cadiz,Almeria,
1576823019,ok,27.08 18:05,Lorient,Lille,
1576823020,ok,27.08 16:00,Strasbourg,Toulouse FC,
1576823022,ok,27.08 14:00,Rennes,Le Havre,
1576823023,ok,27.08 18:30,Villarreal CF,Barcelona,
1576823024,ok,25.08 20:30,Las Palmas,Real Sociedad,
1576823025,ok,26.08 20:00,Marseille,Brest,
1576823026,ok,27.08 16:00,Clermont,Metz,
1576823027,ok,25.08 22:00,Nantes,AS Monaco,
1576823028,ok,27.08 21:45,Nice,Lyon,
1576823029,ok,26.08 20:30,Granada CF,Mallorca,
1576823030,ok,27.08 22:30,Athletic Club Bilbao,Real Betis,
1576823031,ok,25.08 22:30,Celta Vigo,Real Madrid,
1576823032,ok,27.08 16:00,Montpellier HSC,Reims,
1576823033,ok,27.08 20:30,Valencia,Osasuna,
1577234387,ok,03.09 16:00,Lille,Montpellier HSC,
1577234388,ok,02.09 22:00,AS Monaco,Lens,
1577234389,ok,01.09 23:00,Almeria,Celta Vigo,
1577234391,ok,02.09 18:00,Brest,Rennes,
1577234392,ok,02.09 19:30,Udinese,Frosinone,
1577234393,ok,02.09 19:30,Bologna,Cagliari,
1577234396,ok,01.09 20:30,Cadiz,Villarreal CF,
1577234398,ok,02.09 15:00,Real Sociedad,Granada CF,
1577234399,ok,03.09 15:00,Girona,Las Palmas,
1577234400,ok,03.09 16:00,Metz,Reims,
1577234401,ok,01.09 19:30,Sassuolo,Hellas Verona FC,
1577234402,ok,03.09 19:30,FC Internazionale,Fiorentina,
1577234404,ok,02.09 21:45,Napoli,Lazio,
1577234405,ok,03.09 21:45,Lecce,Salernitana,
1577234407,ok,02.09 22:00,Real Betis,Rayo Vallecano,
1577234408,ok,03.09 22:00,Osasuna,Barcelona,
1577234412,ok,01.09 21:45,AS Roma,AC Milan,
1577234414,ok,03.09 14:00,Toulouse FC,Clermont,
1577234417,ok,03.09 18:05,Nice,Strasbourg,
1577234418,ok,02.09 21:45,Atalanta BC,AC Monza,
1577234421,ok,01.09 22:00,Nantes,Marseille,
1577234422,ok,03.09 17:15,Mallorca,Athletic Club Bilbao,
1577234427,ok,03.09 21:45,Empoli,Juventus,
1577234428,ok,03.09 16:00,Le Havre,Lorient,
1577234429,ok,03.09 19:30,Torino,Genoa,
1577234438,ok,03.09 21:45,Lyon,Paris Saint Germain,
1577234441,ok,02.09 19:30,Alaves,Valencia,
1577234442,ok,02.09 17:15,Real Madrid,Getafe,
1577722903,ok,17.09 21:45,AS Roma,Empoli,
1577722904,ok,17.09 16:00,Strasbourg,Montpellier HSC,
1577722905,ok,17.09 16:00,AC Monza,Lecce,
1577722906,ok,17.09 18:05,Marseille,Toulouse FC,
1577722907,ok,16.09 16:00,Juventus,Lazio,
1577722908,ok,16.09 19:00,FC Internazionale,AC Milan,
1577722909,ok,17.09 16:00,Frosinone,Sassuolo,
1577722910,ok,17.09 21:45,Lyon,Le Havre,
1577722911,ok,16.09 19:30,Celta Vigo,Mallorca,
1577722912,ok,18.09 22:00,Granada CF,Girona,
1577722913,ok,17.09 17:15,Villarreal CF,Almeria,
1577722914,ok,17.09 16:00,Reims,Brest,
1577722915,ok,17.09 16:00,Clermont,Nantes,
1577722916,ok,15.09 22:00,Paris Saint Germain,Nice,
1577722919,ok,16.09 22:00,Barcelona,Real Betis,
1577722920,ok,17.09 13:30,Cagliari,Udinese,
1577722924,ok,18.09 21:45,Hellas Verona FC,Bologna,
1577722925,ok,15.09 22:00,Rayo Vallecano,Alaves,
1577722926,ok,16.09 17:15,Valencia,Atletico Madrid,
1577722927,ok,16.09 15:00,Athletic Club Bilbao,Cadiz,
1577722928,ok,16.09 22:00,Lens,Metz,
1577722931,ok,16.09 18:00,Rennes,Lille,
1577722932,ok,17.09 19:00,Fiorentina,Atalanta BC,
1577722933,ok,18.09 19:30,Salernitana,Torino,
1577722934,ok,17.09 19:30,Sevilla,Las Palmas,
1577722935,ok,17.09 22:00,Real Madrid,Real Sociedad,
1577722936,ok,17.09 14:00,Lorient,AS Monaco,
1577722937,ok,16.09 21:45,Genoa,Napoli,
1577722940,ok,17.09 15:00,Getafe,Osasuna,
1578132523,ok,22.09 22:00,AS Monaco,Nice,
1578132524,ok,24.09 21:45,Paris Saint Germain,Marseille,
1578132525,ok,24.09 14:00,Metz,Strasbourg,
1578132527,ok,24.09 16:00,Lens,Toulouse FC,
1578132530,ok,24.09 16:00,Le Havre,Clermont,
1578132531,ok,24.09 22:00,Atletico Madrid,Real Madrid,
1578132532,ok,23.09 22:00,Almeria,Valencia,
1578132534,ok,23.09 22:00,Brest,Lyon,
1578132535,ok,26.09 22:00,Lille,Reims,
1578132540,ok,23.09 18:00,Nantes,Lorient,
1578132541,ok,23.09 17:15,Osasuna,Sevilla,
1578132543,ok,24.09 18:05,Montpellier HSC,Rennes,
1578132544,ok,24.09 19:30,Real Betis,Cadiz,
1578132548,ok,23.09 19:30,Barcelona,Celta Vigo,
1578132550,ok,24.09 21:45,Torino,AS Roma,
1578132553,ok,22.09 22:00,Alaves,Athletic Club Bilbao,
1578132554,ok,24.09 17:15,Rayo Vallecano,Villarreal CF,
1578132555,ok,23.09 19:00,Sassuolo,Juventus,
1578132556,ok,24.09 13:30,Empoli,FC Internazionale,
1578132557,ok,22.09 19:30,Salernitana,Frosinone,
1578132563,ok,24.09 19:30,Las Palmas,Granada CF,
1578132565,ok,24.09 19:00,Bologna,Napoli,
1578132566,ok,24.09 16:00,Atalanta BC,Cagliari,
1578132568,ok,24.09 15:00,Real Sociedad,Getafe,
1578132572,ok,23.09 15:00,Girona,Mallorca,
1578132575,ok,22.09 21:45,Lecce,Genoa,
1578132576,ok,24.09 16:00,Udinese,Fiorentina,
1578132578,ok,23.09 21:45,Lazio,AC Monza,
1578758202,ok,26.09 20:00,Sevilla,Almeria,
1578768505,ok,26.09 21:45,Juventus,Lecce,
1578770627,ok,26.09 22:30,Mallorca,Barcelona,
1578805336,ok,29.09 22:00,Strasbourg,Lens,
1578805339,ok,30.09 22:00,AS Monaco,Marseille,
1578805341,ok,28.09 21:45,Genoa,AS Roma,
1578805342,ok,30.09 18:00,Clermont,Paris Saint Germain,
1578805345,ok,01.10 14:00,Reims,Lyon,
1578805346,ok,27.09 19:30,Cagliari,AC Milan,
1578805347,ok,28.09 20:00,Celta Vigo,Alaves,
1578805348,ok,27.09 19:30,Empoli,Salernitana,
1578805349,ok,28.09 22:30,Osasuna,Atletico Madrid,
1578805350,ok,27.09 20:00,Villarreal CF,Girona,
1578805352,ok,01.10 16:00,Toulouse FC,Metz,
1578805354,ok,27.09 21:45,Lazio,Torino,
1578805355,ok,01.10 16:00,Nice,Brest,
1578805357,ok,28.09 19:30,AC Monza,Bologna,
1578805358,ok,01.10 18:05,Lorient,Montpellier HSC,
1578805359,ok,27.09 22:30,Valencia,Real Sociedad,
1578805360,ok,27.09 20:00,Real Madrid,Las Palmas,
1578805362,ok,27.09 21:45,Napoli,Udinese,
1578805365,ok,27.09 20:00,Athletic Club Bilbao,Getafe,
1578805371,ok,27.09 22:30,Cadiz,Rayo Vallecano,
1578805372,ok,27.09 19:30,Hellas Verona FC,Atalanta BC,
1578805373,ok,28.09 20:00,Granada CF,Real Betis,
1578805377,ok,01.10 21:45,Rennes,Nantes,
1578805378,ok,27.09 21:45,FC Internazionale,Sassuolo,
1578805379,ok,28.09 19:30,Frosinone,Fiorentina,
1578805380,ok,01.10 16:00,Le Havre,Lille,
1578928904,ok,29.09 22:00,Barcelona,Sevilla,
1578977375,ok,30.09 15:00,Getafe,Villarreal CF,
1578985991,ok,30.09 16:00,Lecce,Napoli,
1579001977,ok,30.09 17:15,Rayo Vallecano,Mallorca,
1579014577,ok,30.09 19:00,AC Milan,Lazio,
1579016998,ok,30.09 19:30,Girona,Real Madrid,
1579029057,ok,30.09 21:45,Salernitana,FC Internazionale,
1579029378,ok,30.09 22:00,Real Sociedad,Athletic Club Bilbao,
1579059332,ok,01.10 13:30,Bologna,Empoli,
1579064823,ok,01.10 15:00,Almeria,Granada CF,
1579069107,ok,01.10 16:00,Udinese,Genoa,
1579072742,ok,01.10 17:15,Alaves,Osasuna,
1579080841,ok,01.10 21:45,AS Roma,Frosinone,
1579080842,ok,01.10 19:00,Atalanta BC,Juventus,
1579092600,ok,01.10 22:00,Atletico Madrid,Cadiz,
1579140883,ok,02.10 19:30,Sassuolo,AC Monza,
1579140885,ok,02.10 19:30,Torino,Hellas Verona FC,
1579151198,ok,02.10 21:45,Fiorentina,Cagliari,
1579151726,ok,02.10 22:00,Las Palmas,Celta Vigo,
1579259225,ok,07.10 18:00,Metz,Nice,
1579259226,ok,08.10 18:05,Lens,Lille,
1579259229,ok,07.10 22:00,Reims,AS Monaco,
1579259230,ok,06.10 22:00,Strasbourg,Nantes,
1579259231,ok,08.10 16:00,Montpellier HSC,Clermont,
1579259232,ok,08.10 16:00,Brest,Toulouse FC,
1579259234,ok,08.10 21:45,Rennes,Paris Saint Germain,
1579259236,ok,08.10 16:00,Lyon,Lorient,
1579259240,ok,08.10 14:00,Marseille,Le Havre,
1579266686,ok,01.10 22:00,Real Betis,Valencia,
1579385243,ok,06.10 22:00,Athletic Club Bilbao,Almeria,
1579424129,ok,07.10 15:00,Cadiz,Girona,
1579444608,ok,07.10 17:15,Real Madrid,Osasuna,
1579456286,ok,07.10 19:30,Mallorca,Valencia,
1579472070,ok,08.10 16:00,Lazio,Atalanta BC,
1579472071,ok,08.10 13:30,AC Monza,Salernitana,
1579472072,ok,07.10 19:00,Juventus,Torino,
1579472074,ok,07.10 16:00,FC Internazionale,Bologna,
1579472075,ok,08.10 16:00,Frosinone,Hellas Verona FC,
1579472076,ok,08.10 19:00,Cagliari,AS Roma,
1579472077,ok,08.10 21:45,Napoli,Fiorentina,
1579472078,ok,06.10 19:30,Empoli,Udinese,
1579472100,ok,07.10 21:45,Genoa,AC Milan,
1579472101,ok,06.10 21:45,Lecce,Sassuolo,
1579473503,ok,07.10 22:00,Sevilla,Rayo Vallecano,
1579513559,ok,08.10 15:00,Villarreal CF,Las Palmas,
1579514573,ok,08.10 17:15,Atletico Madrid,Real Sociedad,
1579514574,ok,08.10 19:30,Alaves,Real Betis,
1579514575,ok,08.10 22:00,Granada CF,Barcelona,
1579514576,ok,08.10 19:30,Celta Vigo,Getafe,
1579747219,ok,22.10 16:00,Bologna,Frosinone,
1579747220,ok,22.10 19:00,Atalanta BC,Genoa,
1579747221,ok,21.10 22:00,Celta Vigo,Atletico Madrid,
1579747222,ok,21.10 19:30,Sevilla,Real Madrid,
1579747223,ok,22.10 21:45,AC Milan,Juventus,
1579747224,ok,22.10 17:15,Girona,Almeria,
1579747225,ok,22.10 16:00,Salernitana,Cagliari,
1579747226,ok,21.10 16:00,Hellas Verona FC,Napoli,
1579747227,ok,23.10 19:30,Udinese,Lecce,
1579747228,ok,23.10 21:45,Fiorentina,Empoli,
1579747229,ok,21.10 15:00,Real Sociedad,Mallorca,
1579747230,ok,21.10 17:15,Getafe,Real Betis,
1579747231,ok,20.10 22:00,Osasuna,Granada CF,
1579747235,ok,23.10 22:00,Valencia,Cadiz,
1579747237,ok,22.10 22:00,Barcelona,Athletic Club Bilbao,
1579747238,ok,21.10 21:45,Sassuolo,Lazio,
1579747240,ok,22.10 13:30,AS Roma,AC Monza,
1579747242,ok,21.10 19:00,Torino,FC Internazionale,
1579747243,ok,22.10 16:00,Nantes,Montpellier HSC,
1579747244,ok,21.10 22:00,Nice,Marseille,
1579747245,ok,22.10 16:00,Lille,Brest,
1579747246,ok,22.10 21:45,Lyon,Clermont,
1579747250,ok,22.10 15:00,Las Palmas,Rayo Vallecano,
1579747251,ok,22.10 19:30,Villarreal CF,Alaves,
1579747254,ok,22.10 16:00,Toulouse FC,Reims,
1579747255,ok,22.10 14:00,Lorient,Rennes,
1579747261,ok,20.10 22:00,Le Havre,Lens,
1579747262,ok,22.10 18:05,AS Monaco,Metz,
1579747263,ok,21.10 18:00,Paris Saint Germain,Strasbourg,
1580147758,ok,28.10 18:00,Reims,Lorient,
1580147759,ok,29.10 17:00,Lille,AS Monaco,
1580147760,ok,30.10 20:30,Empoli,Atalanta BC,
1580147761,ok,29.10 15:00,Brest,Paris Saint Germain,
1580147762,ok,28.10 22:00,Lens,Nantes,
1580147763,ok,29.10 19:05,Rennes,Strasbourg,
1580147764,ok,29.10 17:00,Metz,Le Havre,
1580147765,ok,29.10 14:30,Cagliari,Frosinone,
1580147768,ok,29.10 16:00,Real Betis,Osasuna,
1580147769,ok,30.10 22:45,Lazio,Fiorentina,
1580147770,ok,30.10 23:00,Granada CF,Villarreal CF,
1580147771,ok,28.10 19:00,Lecce,Torino,
1580147774,ok,29.10 22:45,Napoli,AC Milan,
1580147776,ok,29.10 17:00,Montpellier HSC,Toulouse FC,
1580147778,ok,27.10 22:00,Clermont,Nice,
1580147781,ok,29.10 18:15,Rayo Vallecano,Real Sociedad,
1580147782,ok,28.10 15:00,Almeria,Las Palmas,
1580147783,ok,28.10 19:30,Mallorca,Getafe,
1580147785,ok,29.10 23:00,Atletico Madrid,Alaves,
1580147786,ok,27.10 22:00,Girona,Celta Vigo,
1580147791,ok,28.10 22:00,Cadiz,Sevilla,
1580147795,ok,28.10 21:45,Juventus,Hellas Verona FC,
1580147797,ok,29.10 20:30,Athletic Club Bilbao,Valencia,
1580147798,ok,29.10 20:00,FC Internazionale,AS Roma,
1580147799,ok,28.10 16:00,Sassuolo,Bologna,
1580147801,ok,29.10 17:00,AC Monza,Udinese,
1580147804,ok,27.10 21:45,Genoa,Salernitana,
1580147805,ok,28.10 17:15,Barcelona,Real Madrid,
1580563413,ok,03.11 22:45,Bologna,Lazio,
1580710690,ok,05.11 15:00,Lyon,Metz,
1580710692,ok,05.11 19:05,AS Monaco,Brest,
1580710693,ok,05.11 22:45,Nice,Rennes,
1580710694,ok,04.11 18:15,Real Betis,Mallorca,
1580710695,ok,04.11 23:00,Real Sociedad,Barcelona,
1580710696,ok,03.11 23:00,Paris Saint Germain,Montpellier HSC,
1580710697,ok,05.11 18:15,Valencia,Granada CF,
1580710698,ok,06.11 22:45,Torino,Sassuolo,
1580710699,ok,04.11 23:00,Marseille,Lille,
1580710700,ok,04.11 22:45,AC Milan,Udinese,
1580710701,ok,03.11 23:00,Las Palmas,Atletico Madrid,
1580710702,ok,06.11 23:00,Getafe,Cadiz,
1580710703,ok,05.11 20:00,AS Roma,Lecce,
1580710704,ok,05.11 14:30,Hellas Verona FC,AC Monza,
1580710707,ok,04.11 19:00,Lorient,Lens,
1580710708,ok,05.11 17:00,Nantes,Reims,
1580710710,ok,05.11 17:00,Strasbourg,Clermont,
1580710711,ok,04.11 20:30,Celta Vigo,Sevilla,
1580710712,ok,05.11 16:00,Alaves,Almeria,
1580710713,ok,05.11 23:00,Real Madrid,Rayo Vallecano,
1580710715,ok,05.11 17:00,Toulouse FC,Le Havre,
1580710716,ok,04.11 16:00,Osasuna,Girona,
1580710717,ok,05.11 20:30,Villarreal CF,Athletic Club Bilbao,
1580710718,ok,04.11 17:00,Salernitana,Napoli,
1580710719,ok,05.11 22:45,Fiorentina,Juventus,
1580710720,ok,06.11 20:30,Frosinone,Empoli,
1580710721,ok,05.11 17:00,Cagliari,Genoa,
1580710722,ok,04.11 20:00,Atalanta BC,FC Internazionale,
1581151564,ok,12.11 23:00,Atletico Madrid,Villarreal CF,
1581151565,ok,11.11 16:00,Rayo Vallecano,Girona,
1581151566,ok,12.11 16:00,Mallorca,Cadiz,
1581151567,ok,11.11 20:30,Granada CF,Getafe,
1581151568,ok,11.11 18:15,Almeria,Real Sociedad,
1581151569,ok,11.11 20:30,Osasuna,Las Palmas,
1581151571,ok,12.11 20:30,Sevilla,Real Betis,
1581151572,ok,12.11 18:15,Barcelona,Alaves,
1581151573,ok,10.11 23:00,Athletic Club Bilbao,Celta Vigo,
1581151574,ok,11.11 23:00,Real Madrid,Valencia,
1581151945,ok,12.11 19:05,Rennes,Lyon,
1581151948,ok,11.11 19:00,Reims,Paris Saint Germain,
1581151951,ok,12.11 17:00,Udinese,Atalanta BC,
1581151952,ok,10.11 20:30,Sassuolo,Salernitana,
1581151954,ok,11.11 20:00,Juventus,Cagliari,
1581151956,ok,12.11 14:30,Napoli,Empoli,
1581151957,ok,10.11 22:45,Genoa,Hellas Verona FC,
1581151958,ok,12.11 17:00,Lille,Toulouse FC,
1581151959,ok,11.11 23:00,Le Havre,AS Monaco,
1581151960,ok,12.11 22:45,Lens,Marseille,
1581151961,ok,12.11 17:00,Metz,Nantes,
1581151963,ok,10.11 23:00,Montpellier HSC,Nice,
1581151966,ok,11.11 17:00,Lecce,AC Milan,
1581151967,ok,12.11 17:00,Clermont,Lorient,
1581151970,ok,12.11 20:00,Lazio,AS Roma,
1581151971,ok,11.11 22:45,AC Monza,Torino,
1581151972,ok,12.11 22:45,FC Internazionale,Frosinone,
1581151973,ok,12.11 17:00,Fiorentina,Bologna,
1581559751,ok,26.11 22:45,Lyon,Lille,
1581559753,ok,26.11 15:00,Nice,Toulouse FC,
1581559754,ok,26.11 19:05,Rennes,Reims,
1581559755,ok,26.11 17:00,Lorient,Metz,
1581559756,ok,26.11 17:00,Montpellier HSC,Brest,
1581559759,ok,25.11 19:00,Clermont,Lens,
1581559760,ok,26.11 18:15,Real Sociedad,Sevilla,
1581559761,ok,25.11 23:00,Strasbourg,Marseille,
1581559763,ok,26.11 23:00,Real Betis,Las Palmas,
1581559771,ok,26.11 17:00,Frosinone,Genoa,
1581559776,ok,25.11 18:15,Valencia,Celta Vigo,
1581559778,ok,27.11 20:30,Hellas Verona FC,Lecce,
1581559780,ok,26.11 17:00,Nantes,Le Havre,
1581559781,ok,25.11 16:00,Rayo Vallecano,Barcelona,
1581559782,ok,24.11 23:00,Alaves,Granada CF,
1581559783,ok,24.11 23:00,Paris Saint Germain,AS Monaco,
1581559784,ok,27.11 22:45,Bologna,Torino,
1581559785,ok,25.11 20:30,Getafe,Almeria,
1581559786,ok,26.11 14:30,Cagliari,AC Monza,
1581559787,ok,26.11 16:00,Villarreal CF,Osasuna,
1581559789,ok,26.11 20:00,AS Roma,Udinese,
1581559790,ok,25.11 23:00,Atletico Madrid,Mallorca,
1581559791,ok,27.11 23:00,Girona,Athletic Club Bilbao,
1581559793,ok,26.11 17:00,Empoli,Sassuolo,
1581559794,ok,25.11 20:00,Atalanta BC,Napoli,
1581559795,ok,26.11 20:30,Cadiz,Real Madrid,
1581559796,ok,25.11 17:00,Salernitana,Lazio,
1581559797,ok,25.11 22:45,AC Milan,Fiorentina,
1581559799,ok,26.11 22:45,Juventus,FC Internazionale,
1582046701,ok,01.12 23:00,Reims,Strasbourg,
1582046702,ok,02.12 19:00,Lens,Lyon,
1582046704,ok,02.12 23:00,Osasuna,Real Sociedad,
1582046705,ok,03.12 14:30,Lecce,Bologna,
1582046707,ok,03.12 17:00,Toulouse FC,Lorient,
1582046708,ok,03.12 23:00,Barcelona,Atletico Madrid,
1582046712,ok,03.12 22:45,Marseille,Rennes,
1582046713,ok,03.12 17:00,Brest,Clermont,
1582046714,ok,02.12 20:30,Real Madrid,Granada CF,
1582046715,ok,03.12 20:00,Sassuolo,AS Roma,
1582046716,ok,02.12 18:15,Athletic Club Bilbao,Rayo Vallecano,
1582046717,ok,01.12 22:45,AC Monza,Juventus,
1582046718,ok,04.12 22:45,Torino,Atalanta BC,
1582046719,ok,03.12 16:00,Mallorca,Alaves,
1582046720,ok,03.12 17:00,Fiorentina,Salernitana,
1582046721,ok,03.12 17:00,AS Monaco,Montpellier HSC,
1582046723,ok,03.12 15:00,Le Havre,Paris Saint Germain,
1582046724,ok,01.12 23:00,Las Palmas,Getafe,
1582046725,ok,02.12 22:45,AC Milan,Frosinone,
1582046726,ok,03.12 20:30,Sevilla,Villarreal CF,
1582046728,ok,03.12 22:45,Napoli,FC Internazionale,
1582046731,ok,03.12 18:15,Almeria,Real Betis,
1582046732,ok,02.12 17:00,Genoa,Empoli,
1582046733,ok,02.12 23:00,Nantes,Nice,
1582046734,ok,03.12 17:00,Udinese,Hellas Verona FC,
1582046735,ok,02.12 16:00,Girona,Valencia,
1582046736,ok,02.12 20:00,Lazio,Cagliari,
1582046737,ok,04.12 23:00,Celta Vigo,Cadiz,
1582046738,ok,03.12 19:05,Lille,Metz,
1582578060,ok,10.12 17:00,Strasbourg,Le Havre,
1582578061,ok,10.12 17:00,Clermont,Lille,
1582578062,ok,11.12 20:30,Empoli,Lecce,
1582578063,ok,10.12 14:30,Frosinone,Torino,
1582578064,ok,09.12 19:00,Rennes,AS Monaco,
1582578065,ok,08.12 22:45,Juventus,Napoli,
1582578066,ok,09.12 17:00,Hellas Verona FC,Lazio,
1582578067,ok,10.12 15:00,Nice,Reims,
1582578068,ok,09.12 22:45,FC Internazionale,Udinese,
1582578069,ok,10.12 17:00,Metz,Brest,
1582578070,ok,10.12 17:00,AC Monza,Genoa,
1582578071,ok,10.12 20:30,Cadiz,Osasuna,
1582578072,ok,10.12 18:15,Granada CF,Athletic Club Bilbao,
1582578073,ok,09.12 20:30,Villarreal CF,Real Sociedad,
1582578074,ok,09.12 20:00,Atalanta BC,AC Milan,
1582578075,ok,11.12 22:45,Cagliari,Sassuolo,
1582578076,ok,10.12 20:00,Salernitana,Bologna,
1582578077,ok,09.12 23:00,Paris Saint Germain,Nantes,
1582578078,ok,10.12 23:00,Barcelona,Girona,
1582578079,ok,08.12 23:00,Montpellier HSC,Lens,
1582578081,ok,10.12 22:45,AS Roma,Fiorentina,
1582578082,ok,09.12 16:00,Alaves,Las Palmas,
1582578084,ok,11.12 23:00,Rayo Vallecano,Celta Vigo,
1582578085,ok,10.12 22:45,Lorient,Marseille,
1582578087,ok,08.12 23:00,Getafe,Valencia,
1582578088,ok,09.12 23:00,Mallorca,Sevilla,
1582578091,ok,10.12 19:05,Lyon,Toulouse FC,
1582578095,ok,09.12 18:15,Real Betis,Real Madrid,
1582578096,ok,10.12 16:00,Atletico Madrid,Almeria,
1582615825,ok,07.12 22:30,Brest,Strasbourg,
1582615826,ok,06.12 23:00,Marseille,Lyon,
1582948862,ok,17.12 22:45,Lille,Paris Saint Germain,
1582948863,ok,16.12 23:00,Lens,Reims,
1582948864,ok,17.12 19:05,Marseille,Clermont,
1582948865,ok,17.12 15:00,Nantes,Brest,
1582948867,ok,17.12 22:45,Lazio,FC Internazionale,
1582948868,ok,16.12 22:45,Torino,Empoli,
1582948869,ok,17.12 17:00,Lorient,Strasbourg,
1582948870,ok,16.12 19:00,Le Havre,Nice,
1582948871,ok,15.12 23:00,AS Monaco,Lyon,
1582948872,ok,17.12 17:00,Toulouse FC,Rennes,
1582948873,ok,17.12 20:30,Las Palmas,Cadiz,
1582948874,ok,17.12 20:00,Bologna,AS Roma,
1582948875,ok,17.12 17:00,Metz,Montpellier HSC,
1582948876,ok,17.12 18:15,Real Sociedad,Real Betis,
1582948877,ok,18.12 22:45,Atalanta BC,Salernitana,
1582948878,ok,17.12 17:00,Udinese,Sassuolo,
1582948879,ok,16.12 18:15,Athletic Club Bilbao,Atletico Madrid,
1582948880,ok,17.12 17:00,Fiorentina,Hellas Verona FC,
1582948881,ok,17.12 14:30,AC Milan,AC Monza,
1582948882,ok,15.12 22:45,Genoa,Juventus,
1582948883,ok,17.12 23:00,Real Madrid,Villarreal CF,
1582948884,ok,16.12 17:00,Lecce,Frosinone,
1582948886,ok,15.12 23:00,Osasuna,Rayo Vallecano,
1582948887,ok,17.12 16:00,Almeria,Mallorca,
1582948888,ok,16.12 20:30,Sevilla,Getafe,
1582948889,ok,16.12 16:00,Celta Vigo,Granada CF,
1582948890,ok,16.12 23:00,Valencia,Barcelona,
1582986941,ok,18.12 23:00,Girona,Alaves,
1583249410,ok,19.12 21:00,Rayo Vallecano,Valencia,
1583260338,ok,19.12 23:30,Granada CF,Sevilla,
1583260339,ok,19.12 23:30,Atletico Madrid,Getafe,
1583274778,ok,23.12 20:00,Hellas Verona FC,Cagliari,
1583274779,ok,23.12 22:45,AS Roma,Napoli,
1583274780,ok,22.12 22:45,AC Monza,Fiorentina,
1583274781,ok,23.12 20:00,FC Internazionale,Lecce,
1583274782,ok,23.12 17:00,Torino,Udinese,
1583274783,ok,22.12 20:30,Empoli,Lazio,
1583274784,ok,22.12 22:45,Salernitana,AC Milan,
1583274785,ok,22.12 20:30,Sassuolo,Genoa,
1583274786,ok,23.12 17:00,Bologna,Atalanta BC,
1583274787,ok,21.12 23:30,Mallorca,Osasuna,
1583274788,ok,21.12 23:30,Alaves,Real Madrid,
1583274789,ok,21.12 21:00,Cadiz,Real Sociedad,
1583274790,ok,20.12 23:30,Villarreal CF,Celta Vigo,
1583274791,ok,21.12 21:00,Real Betis,Girona,
1583274792,ok,20.12 23:30,Athletic Club Bilbao,Las Palmas,
1583274793,ok,20.12 21:00,Barcelona,Almeria,
1583274794,ok,23.12 14:30,Frosinone,Juventus,
1583274804,ok,20.12 23:00,Brest,Lorient,
1583274805,ok,20.12 23:00,Montpellier HSC,Marseille,
1583274807,ok,20.12 23:00,Strasbourg,Lille,
1583274808,ok,20.12 23:00,Clermont,Rennes,
1583274809,ok,20.12 23:00,Lyon,Nantes,
1583274810,ok,20.12 23:00,Toulouse FC,AS Monaco,
1583274811,ok,20.12 23:00,Paris Saint Germain,Metz,
1583274812,ok,20.12 23:00,Reims,Le Havre,
1583405655,ok,23.12 18:15,Atletico Madrid,Sevilla,
1583582516,ok,14.01 22:45,Lens,Paris Saint Germain,
1583582517,ok,02.01 23:30,Valencia,Villarreal CF,
1583582518,ok,03.01 19:00,Granada CF,Cadiz,
1583582519,ok,03.01 23:30,Girona,Atletico Madrid,
1583582520,ok,04.01 19:00,Osasuna,Almeria,
1583582521,ok,03.01 21:15,Celta Vigo,Real Betis,
1583582522,ok,14.01 19:05,Le Havre,Lyon,
1583582523,ok,14.01 17:00,Metz,Toulouse FC,
1583582524,ok,04.01 23:30,Las Palmas,Barcelona,
1583582525,ok,13.01 19:00,AS Monaco,Reims,
1583582526,ok,29.12 22:45,Genoa,FC Internazionale,
1583582527,ok,29.12 22:45,Lazio,Frosinone,
1583582528,ok,30.12 14:30,Atalanta BC,Lecce,
1583582529,ok,30.12 20:00,Hellas Verona FC,Salernitana,
1583582530,ok,29.12 20:30,Fiorentina,Torino,
1583582531,ok,02.01 19:00,Getafe,Rayo Vallecano,
1583582532,ok,13.01 23:00,Rennes,Nice,
1583582533,ok,02.01 21:15,Real Sociedad,Alaves,
1583582534,ok,03.01 21:15,Real Madrid,Mallorca,
1583582535,ok,14.01 17:00,Brest,Montpellier HSC,
1583582536,ok,14.01 15:00,Lille,Lorient,
1583582537,ok,14.01 17:00,Nantes,Clermont,
1583582538,ok,04.01 21:15,Sevilla,Athletic Club Bilbao,
1583582539,ok,30.12 20:00,AC Milan,Sassuolo,
1583582540,ok,30.12 17:00,Udinese,Bologna,
1583582541,ok,30.12 22:45,Juventus,AS Roma,
1583582542,ok,29.12 20:30,Napoli,AC Monza,
1583582543,ok,30.12 17:00,Cagliari,Empoli,
1583724383,ok,14.01 18:15,Cadiz,Valencia,
1583724384,ok,13.01 16:00,Las Palmas,Villarreal CF,
1583724385,ok,13.01 18:15,Mallorca,Celta Vigo,
1583724386,ok,13.01 20:30,Athletic Club Bilbao,Real Sociedad,
1583724387,ok,31.01 21:00,Barcelona,Osasuna,
1583724388,ok,14.01 16:00,Almeria,Girona,
1583724389,ok,01.02 23:00,Getafe,Real Madrid,
1583724390,ok,31.01 23:00,Atletico Madrid,Rayo Vallecano,
1583724391,ok,12.01 23:00,Sevilla,Alaves,
1583724392,ok,13.01 23:00,Real Betis,Granada CF,
1583785760,ok,07.01 17:00,Udinese,Lazio,
1583785763,ok,06.01 20:00,Lecce,Cagliari,
1583785764,ok,07.01 22:45,AS Roma,Atalanta BC,
1583785765,ok,05.01 22:45,Bologna,Genoa,
1583785766,ok,07.01 20:00,Salernitana,Juventus,
1583785767,ok,06.01 22:45,Sassuolo,Fiorentina,
1583785769,ok,07.01 17:00,Torino,Napoli,
1583785771,ok,06.01 14:30,FC Internazionale,Hellas Verona FC,
1583785772,ok,07.01 14:30,Empoli,AC Milan,
1583785774,ok,06.01 17:00,Frosinone,AC Monza,
1583879758,ok,12.01 23:00,Marseille,Strasbourg,
1583921459,ok,13.01 17:00,Genoa,Torino,
1583921466,ok,13.01 20:00,Hellas Verona FC,Empoli,
1583922137,ok,14.01 17:00,Cagliari,Bologna,
1583922340,ok,13.01 22:45,AC Monza,FC Internazionale,
1583922341,ok,13.01 17:00,Napoli,Salernitana,
1583922342,ok,14.01 14:30,Lazio,Lecce,
1583926313,ok,14.01 20:00,Fiorentina,Udinese,
1583928977,ok,14.01 22:45,AC Milan,AS Roma,
1583936400,ok,15.01 22:45,Atalanta BC,Frosinone,
1583936401,ok,16.01 22:45,Juventus,Sassuolo,
1583986866,ok,27.01 23:00,Marseille,AS Monaco,
1583986867,ok,28.01 17:00,Clermont,Strasbourg,
1583986875,ok,28.01 19:05,Toulouse FC,Lens,
1583986876,ok,28.01 17:00,Lorient,Le Havre,
1583986877,ok,28.01 15:00,Montpellier HSC,Lille,
1583986882,ok,26.01 23:00,Lyon,Rennes,
1583986883,ok,28.01 22:45,Paris Saint Germain,Brest,
1583986884,ok,27.01 19:00,Nice,Metz,
1583986885,ok,28.01 17:00,Reims,Nantes,
1584040400,ok,22.01 23:00,Granada CF,Atletico Madrid,
1584040402,ok,19.01 23:00,Alaves,Cadiz,
1584040403,ok,21.01 23:00,Girona,Sevilla,
1584040404,ok,20.01 23:00,Celta Vigo,Real Sociedad,
1584040405,ok,21.01 20:30,Real Betis,Barcelona,
1584040412,ok,21.01 16:00,Osasuna,Getafe,
1584040413,ok,20.01 20:30,Valencia,Athletic Club Bilbao,
1584040414,ok,20.01 16:00,Rayo Vallecano,Las Palmas,
1584040415,ok,21.01 18:15,Real Madrid,Almeria,
1584040416,ok,20.01 18:15,Villarreal CF,Mallorca,
1584094805,ok,20.01 22:45,Udinese,AC Milan,
1584094807,ok,21.01 20:00,Salernitana,Genoa,
1584094808,ok,21.01 14:30,Frosinone,Cagliari,
1584094812,ok,21.01 17:00,Empoli,AC Monza,
1584094813,ok,21.01 22:45,Lecce,Juventus,
1584094814,ok,20.01 20:00,AS Roma,Hellas Verona FC,
1584317891,ok,26.01 22:45,Cagliari,Torino,
1584317892,ok,29.01 22:45,Salernitana,AS Roma,
1584317893,ok,27.01 20:00,Juventus,Empoli,
1584317894,ok,28.01 16:00,Celta Vigo,Girona,
1584317895,ok,28.01 20:30,Sevilla,Osasuna,
1584317896,ok,28.01 20:00,Lazio,Napoli,
1584317897,ok,27.01 20:30,Barcelona,Villarreal CF,
1584317898,ok,29.01 23:00,Getafe,Granada CF,
1584317899,ok,27.01 23:00,Mallorca,Real Betis,
1584317900,ok,27.01 22:45,AC Milan,Bologna,
1584317902,ok,28.01 14:30,Genoa,Lecce,
1584317903,ok,27.01 16:00,Real Sociedad,Rayo Vallecano,
1584317904,ok,28.01 17:00,AC Monza,Sassuolo,
1584317905,ok,28.01 23:00,Atletico Madrid,Valencia,
1584317906,ok,27.01 18:15,Las Palmas,Real Madrid,
1584317907,ok,28.01 22:45,Fiorentina,FC Internazionale,
1584317908,ok,28.01 18:15,Cadiz,Athletic Club Bilbao,
1584317909,ok,28.01 17:00,Hellas Verona FC,Frosinone,
1584317910,ok,26.01 23:00,Almeria,Alaves,
1584317911,ok,27.01 17:00,Atalanta BC,Udinese,
1584600453,ok,04.02 14:30,Torino,Salernitana,
1584600454,ok,02.02 22:45,Lecce,Fiorentina,
1584600455,ok,04.02 18:15,Osasuna,Celta Vigo,
1584600456,ok,04.02 17:00,Napoli,Hellas Verona FC,
1584600457,ok,03.02 22:45,Bologna,Sassuolo,
1584600458,ok,03.02 18:15,Granada CF,Las Palmas,
1584600459,ok,03.02 20:00,Frosinone,AC Milan,
1584600460,ok,04.02 22:45,FC Internazionale,Juventus,
1584600461,ok,04.02 20:00,Atalanta BC,Lazio,
1584600462,ok,03.02 17:00,Empoli,Genoa,
1584600463,ok,03.02 17:00,Udinese,AC Monza,
1584600464,ok,04.02 23:00,Real Madrid,Atletico Madrid,
1584600465,ok,02.02 23:00,Athletic Club Bilbao,Mallorca,
1584600466,ok,04.02 16:00,Villarreal CF,Cadiz,
1584600467,ok,03.02 20:30,Alaves,Barcelona,
1584600468,ok,04.02 20:30,Real Betis,Getafe,
1584600469,ok,03.02 23:00,Girona,Real Sociedad,
1584600470,ok,03.02 16:00,Valencia,Almeria,
1584600781,ok,04.02 15:00,AS Monaco,Le Havre,
1584600782,ok,03.02 19:00,Rennes,Montpellier HSC,
1584600784,ok,02.02 23:00,Strasbourg,Paris Saint Germain,
1584600786,ok,03.02 23:00,Nantes,Lens,
1584600787,ok,04.02 17:00,Lille,Clermont,
1584600788,ok,04.02 17:00,Metz,Lorient,
1584600789,ok,04.02 17:00,Reims,Toulouse FC,
1584610488,ok,04.02 19:05,Brest,Nice,
1584610490,ok,04.02 22:45,Lyon,Marseille,
1584618967,ok,05.02 23:00,Rayo Vallecano,Sevilla,
1584619306,ok,05.02 22:45,AS Roma,Cagliari,
1584906496,ok,10.02 16:00,Alaves,Villarreal CF,
1584906497,ok,11.02 23:00,Barcelona,Granada CF,
1584906498,ok,11.02 20:30,Sevilla,Atletico Madrid,
1584906499,ok,12.02 23:00,Almeria,Athletic Club Bilbao,
1584906500,ok,11.02 18:15,Mallorca,Rayo Vallecano,
1584906501,ok,10.02 20:30,Real Madrid,Girona,
1584906502,ok,11.02 16:00,Getafe,Celta Vigo,
1584906503,ok,10.02 18:15,Real Sociedad,Osasuna,
1584906504,ok,09.02 23:00,Cadiz,Real Betis,
1584906505,ok,10.02 23:00,Las Palmas,Valencia,
1584906522,ok,11.02 19:05,Montpellier HSC,Lyon,
1584906523,ok,11.02 15:00,Le Havre,Rennes,
1584906524,ok,09.02 23:00,Marseille,Metz,
1584906525,ok,11.02 17:00,Toulouse FC,Nantes,
1584906529,ok,10.02 17:00,Cagliari,Lazio,
1584906530,ok,11.02 17:00,Bologna,Lecce,
1584906531,ok,10.02 22:45,Sassuolo,Torino,
1584906532,ok,11.02 17:00,Lorient,Reims,
1584906535,ok,09.02 22:45,Salernitana,Empoli,
1584906536,ok,11.02 20:00,Genoa,Atalanta BC,
1584906537,ok,11.02 22:45,Nice,AS Monaco,
1584906538,ok,10.02 19:00,Lens,Strasbourg,
1584906540,ok,10.02 23:00,Paris Saint Germain,Lille,
1584906542,ok,10.02 20:00,AS Roma,FC Internazionale,
1584906543,ok,11.02 17:00,Clermont,Brest,
1584906546,ok,11.02 22:45,AC Milan,Napoli,
1584906547,ok,11.02 14:30,Fiorentina,Frosinone,
1584906548,ok,12.02 22:45,Juventus,Udinese,
1584906549,ok,11.02 17:00,AC Monza,Hellas Verona FC,
1585238528,ok,18.02 22:45,AC Monza,AC Milan,
1585238529,ok,18.02 19:05,Reims,Lens,
1585238530,ok,18.02 22:45,Brest,Marseille,
1585238531,ok,18.02 17:00,Montpellier HSC,Metz,
1585238532,ok,17.02 18:15,Osasuna,Cadiz,
1585238533,ok,17.02 16:00,Atletico Madrid,Las Palmas,
1585238534,ok,18.02 14:30,Lazio,Bologna,
1585238535,ok,17.02 20:00,Hellas Verona FC,Juventus,
1585238539,ok,18.02 23:00,Real Betis,Alaves,
1585238540,ok,16.02 23:00,Lyon,Nice,
1585238541,ok,17.02 22:45,Atalanta BC,Sassuolo,
1585238542,ok,16.02 21:00,Torino,Lecce,
1585238543,ok,18.02 20:00,Frosinone,AS Roma,
1585238544,ok,19.02 23:00,Athletic Club Bilbao,Girona,
1585238545,ok,18.02 18:15,Granada CF,Almeria,
1585238552,ok,18.02 17:00,AS Monaco,Toulouse FC,
1585238554,ok,17.02 23:00,Nantes,Paris Saint Germain,
1585238555,ok,18.02 17:00,Empoli,Fiorentina,
1585238556,ok,18.02 17:00,Rennes,Clermont,
1585238557,ok,17.02 19:00,Lille,Le Havre,
1585238560,ok,18.02 17:00,Udinese,Cagliari,
1585238561,ok,18.02 15:00,Strasbourg,Lorient,
1585238562,ok,18.02 20:30,Mallorca,Real Sociedad,
1585238563,ok,17.02 20:30,Celta Vigo,Barcelona,
1585238564,ok,18.02 16:00,Rayo Vallecano,Real Madrid,
1585238565,ok,17.02 17:00,Napoli,Genoa,
1585238566,ok,17.02 23:00,Valencia,Sevilla,
1585238567,ok,14.02 21:00,Bologna,Fiorentina,
1585238568,ok,16.02 23:00,Villarreal CF,Getafe,
1585238570,ok,16.02 23:00,FC Internazionale,Salernitana,
1585583096,ok,25.02 16:00,Cadiz,Celta Vigo,
1585583097,ok,26.02 23:00,Girona,Rayo Vallecano,
1585583098,ok,24.02 23:00,Almeria,Atletico Madrid,
1585583099,ok,24.02 20:30,Alaves,Mallorca,
1585583100,ok,23.02 23:00,Real Sociedad,Villarreal CF,
1585583102,ok,24.02 18:15,Barcelona,Getafe,
1585583103,ok,25.02 20:30,Las Palmas,Osasuna,
1585583104,ok,25.02 18:15,Real Betis,Athletic Club Bilbao,
1585583120,ok,24.02 19:00,Lorient,Nantes,
1585583123,ok,25.02 17:00,Nice,Clermont,
1585583124,ok,24.02 20:00,Salernitana,AC Monza,
1585583125,ok,24.02 17:00,Sassuolo,Empoli,
1585583126,ok,25.02 23:00,Real Madrid,Sevilla,
1585583127,ok,25.02 14:30,Juventus,Frosinone,
1585583128,ok,23.02 22:45,Bologna,Hellas Verona FC,
1585583129,ok,24.02 22:45,Genoa,Udinese,
1585583131,ok,25.02 17:00,Toulouse FC,Lille,
1585583134,ok,25.02 22:45,Marseille,Montpellier HSC,
1585583135,ok,25.02 15:00,Lens,AS Monaco,
1585583136,ok,23.02 23:00,Metz,Lyon,
1585583137,ok,26.02 20:30,AS Roma,Torino,
1585583138,ok,25.02 17:00,Cagliari,Napoli,
1585583140,ok,26.02 22:45,Fiorentina,Lazio,
1585583141,ok,25.02 20:00,Lecce,FC Internazionale,
1585583142,ok,24.02 23:00,Strasbourg,Brest,
1585583143,ok,22.02 22:45,Torino,Lazio,
1585583145,ok,25.02 22:45,AC Milan,Atalanta BC,
1585583147,ok,25.02 19:05,Paris Saint Germain,Rennes,
1585583148,ok,25.02 17:00,Le Havre,Reims,
1586000345,ok,28.02 20:00,Sassuolo,Napoli,
1586008480,ok,28.02 22:45,FC Internazionale,Atalanta BC,
1586009295,ok,02.03 20:30,Getafe,Las Palmas,
1586009296,ok,02.03 18:15,Rayo Vallecano,Cadiz,
1586009297,ok,01.03 23:00,Celta Vigo,Almeria,
1586009298,ok,03.03 23:00,Athletic Club Bilbao,Barcelona,
1586009299,ok,03.03 17:00,Brest,Le Havre,
1586009300,ok,02.03 23:00,Clermont,Marseille,
1586009301,ok,03.03 17:00,Montpellier HSC,Strasbourg,
1586009302,ok,01.03 23:00,AS Monaco,Paris Saint Germain,
1586009303,ok,04.03 23:00,Osasuna,Alaves,
1586009304,ok,03.03 17:00,Nantes,Metz,
1586009305,ok,03.03 20:00,Atalanta BC,Bologna,
1586009306,ok,02.03 22:45,Torino,Fiorentina,
1586009307,ok,02.03 17:00,Udinese,Salernitana,
1586009308,ok,02.03 16:00,Sevilla,Real Sociedad,
1586009309,ok,03.03 18:15,Atletico Madrid,Real Betis,
1586009310,ok,03.03 20:30,Mallorca,Girona,
1586009311,ok,03.03 16:00,Villarreal CF,Granada CF,
1586009313,ok,03.03 15:00,Toulouse FC,Nice,
1586009314,ok,03.03 22:45,Lyon,Lens,
1586009315,ok,03.03 19:05,Rennes,Lorient,
1586009316,ok,02.03 23:00,Valencia,Real Madrid,
1586009317,ok,02.03 19:00,Reims,Lille,
1586009318,ok,03.03 14:30,Hellas Verona FC,Sassuolo,
1586009319,ok,02.03 20:00,AC Monza,AS Roma,
1586009320,ok,01.03 22:45,Lazio,AC Milan,
1586009321,ok,04.03 22:45,FC Internazionale,Genoa,
1586009322,ok,03.03 22:45,Napoli,Juventus,
1586009324,ok,03.03 17:00,Frosinone,Lecce,
1586009325,ok,03.03 17:00,Empoli,Cagliari,
1586426147,ok,09.03 19:00,Lorient,Lyon,
1586426148,ok,10.03 17:00,Le Havre,Toulouse FC,
1586426149,ok,10.03 19:00,Lille,Rennes,
1586426150,ok,10.03 20:00,Juventus,Atalanta BC,
1586426151,ok,09.03 17:00,Cagliari,Salernitana,
1586426152,ok,09.03 16:00,Valencia,Getafe,
1586426153,ok,09.03 22:45,Genoa,AC Monza,
1586426154,ok,09.03 18:15,Cadiz,Atletico Madrid,
1586426155,ok,08.03 22:45,Napoli,Torino,
1586426156,ok,10.03 15:00,Paris Saint Germain,Reims,
1586426157,ok,09.03 20:30,Granada CF,Real Sociedad,
1586426158,ok,09.03 23:00,Lens,Brest,
1586426159,ok,09.03 17:00,Sassuolo,Frosinone,
1586426160,ok,10.03 18:15,Las Palmas,Athletic Club Bilbao,
1586426162,ok,08.03 23:00,Barcelona,Mallorca,
1586426164,ok,10.03 14:30,Lecce,Hellas Verona FC,
1586426165,ok,10.03 20:30,Real Madrid,Celta Vigo,
1586426166,ok,11.03 22:45,Lazio,Udinese,
1586426167,ok,10.03 17:00,Metz,Clermont,
1586426168,ok,09.03 23:00,Girona,Osasuna,
1586426169,ok,10.03 16:00,Alaves,Rayo Vallecano,
1586426170,ok,10.03 17:00,AC Milan,Empoli,
1586426171,ok,09.03 20:00,Bologna,FC Internazionale,
1586426172,ok,08.03 23:00,Nice,Montpellier HSC,
1586426174,ok,10.03 22:45,Marseille,Nantes,
1586426175,ok,10.03 23:00,Real Betis,Villarreal CF,
1586426176,ok,10.03 22:45,Fiorentina,AS Roma,
1586426177,ok,11.03 23:00,Almeria,Sevilla,
1586426178,ok,10.03 17:00,Strasbourg,AS Monaco,
1586889869,ok,16.03 19:00,Nantes,Strasbourg,
1586889870,ok,16.03 17:00,Udinese,Torino,
1586889871,ok,16.03 23:00,Lens,Nice,
1586889872,ok,17.03 17:00,Reims,Metz,
1586889873,ok,16.03 22:45,Frosinone,Lazio,
1586889874,ok,17.03 20:30,Rayo Vallecano,Real Betis,
1586889875,ok,16.03 18:15,Osasuna,Real Madrid,
1586889876,ok,16.03 20:30,Getafe,Girona,
1586889877,ok,17.03 20:00,Atalanta BC,Fiorentina,
1586889878,ok,16.03 16:00,Mallorca,Granada CF,
1586889879,ok,17.03 17:00,Clermont,Le Havre,
1586889880,ok,15.03 23:00,Real Sociedad,Cadiz,
1586889881,ok,16.03 20:00,Salernitana,Lecce,
1586889882,ok,17.03 22:45,FC Internazionale,Napoli,
1586889884,ok,17.03 15:00,Brest,Lille,
1586889885,ok,17.03 22:45,Montpellier HSC,Paris Saint Germain,
1586889886,ok,17.03 20:00,AS Roma,Sassuolo,
1586889887,ok,15.03 23:00,Toulouse FC,Lyon,
1586889888,ok,17.03 17:00,AS Monaco,Lorient,
1586889889,ok,17.03 19:05,Rennes,Marseille,
1586889890,ok,15.03 22:45,Empoli,Bologna,
1586889891,ok,17.03 17:00,Hellas Verona FC,AC Milan,
1586889892,ok,17.03 23:00,Atletico Madrid,Barcelona,
1586889893,ok,17.03 16:00,Sevilla,Celta Vigo,
1586889895,ok,17.03 18:15,Las Palmas,Almeria,
1586889896,ok,16.03 17:00,AC Monza,Cagliari,
1586889897,ok,17.03 18:15,Villarreal CF,Valencia,
1586889898,ok,17.03 14:30,Juventus,Genoa,
1586909449,ok,16.03 23:00,Athletic Club Bilbao,Alaves,
1587357574,ok,30.03 22:45,Fiorentina,AC Milan,
1587357575,ok,30.03 20:00,Lazio,Juventus,
1587357577,ok,30.03 14:30,Napoli,Atalanta BC,
1587357579,ok,30.03 20:30,Valencia,Mallorca,
1587357580,ok,30.03 17:00,Torino,AC Monza,
1587357581,ok,01.04 22:00,Villarreal CF,Atletico Madrid,
1587357582,ok,31.03 17:15,Girona,Real Betis,
1587357583,ok,01.04 16:00,Sassuolo,Udinese,
1587357587,ok,31.03 22:00,Real Madrid,Athletic Club Bilbao,
1587357588,ok,01.04 16:00,Cagliari,Hellas Verona FC,
1587357592,ok,29.03 23:00,Cadiz,Granada CF,
1587357596,ok,30.03 23:00,Barcelona,Las Palmas,
1587357598,ok,01.04 13:30,Bologna,Salernitana,
1587357600,ok,31.03 19:30,Alaves,Real Sociedad,
1587357601,ok,30.03 17:00,Genoa,Frosinone,
1587357602,ok,01.04 21:45,FC Internazionale,Empoli,
1587357606,ok,30.03 18:15,Almeria,Osasuna,
1587357609,ok,30.03 16:00,Getafe,Sevilla,
1587357610,ok,01.04 19:00,Lecce,AS Roma,
1587357611,ok,31.03 15:00,Celta Vigo,Rayo Vallecano,
1587358323,ok,30.03 23:00,Lyon,Reims,
1587358324,ok,30.03 19:00,Metz,AS Monaco,
1587358325,ok,31.03 18:05,Strasbourg,Rennes,
1587358326,ok,31.03 14:00,Lorient,Brest,
1587358328,ok,31.03 16:00,Clermont,Toulouse FC,
1587358329,ok,29.03 23:00,Lille,Lens,
1587358330,ok,31.03 16:00,Nice,Nantes,
1587358331,ok,31.03 16:00,Le Havre,Montpellier HSC,
1587358332,ok,31.03 21:45,Marseille,Paris Saint Germain,
1587775839,ok,07.04 21:45,Nantes,Lyon,
1587775840,ok,07.04 18:05,AS Monaco,Rennes,
1587775843,ok,06.04 18:00,Lens,Le Havre,
1587775844,ok,07.04 16:00,Montpellier HSC,Lorient,
1587775847,ok,07.04 16:00,Reims,Nice,
1587775848,ok,07.04 14:00,Brest,Metz,
1587775849,ok,05.04 22:00,Lille,Marseille,
1587775854,ok,07.04 16:00,Toulouse FC,Strasbourg,
1587775857,ok,06.04 22:00,Paris Saint Germain,Clermont,
1587775859,ok,14.04 19:30,Athletic Club Bilbao,Villarreal CF,
1587775861,ok,13.04 19:30,Mallorca,Real Madrid,
1587775862,ok,13.04 15:00,Atletico Madrid,Girona,
1587775863,ok,13.04 17:15,Rayo Vallecano,Getafe,
1587775864,ok,12.04 22:00,Real Betis,Celta Vigo,
1587775866,ok,14.04 15:00,Las Palmas,Sevilla,
1587775867,ok,15.04 22:00,Osasuna,Valencia,
1587775869,ok,14.04 17:15,Granada CF,Alaves,
1587775870,ok,14.04 22:00,Real Sociedad,Almeria,
1587775871,ok,13.04 22:00,Cadiz,Barcelona,
1587775874,ok,04.04 21:00,Granada CF,Valencia,
1587787693,ok,07.04 13:30,Frosinone,Bologna,
1587787694,ok,06.04 16:00,AC Milan,Lecce,
1587787695,ok,07.04 19:00,Cagliari,Atalanta BC,
1587787696,ok,07.04 16:00,AC Monza,Napoli,
1587787697,ok,08.04 21:45,Udinese,FC Internazionale,
1587787703,ok,07.04 19:00,Hellas Verona FC,Genoa,
1587787704,ok,07.04 21:45,Juventus,Fiorentina,
1587787705,ok,06.04 19:00,AS Roma,Lazio,
1587787708,ok,05.04 21:45,Salernitana,Sassuolo,
1587787709,ok,06.04 21:45,Empoli,Torino,
1588520363,ok,21.04 17:15,Almeria,Villarreal CF,
1588520364,ok,20.04 22:00,Girona,Cadiz,
1588520365,ok,21.04 15:00,Getafe,Real Sociedad,
1588520366,ok,20.04 17:15,Rayo Vallecano,Osasuna,
1588520367,ok,21.04 22:00,Real Madrid,Barcelona,
1588520368,ok,21.04 19:30,Alaves,Atletico Madrid,
1588520369,ok,19.04 22:00,Athletic Club Bilbao,Granada CF,
1588520370,ok,20.04 15:00,Celta Vigo,Las Palmas,
1588520371,ok,22.04 22:00,Sevilla,Mallorca,
1588520372,ok,20.04 19:30,Valencia,Real Betis,
1588520532,ok,14.04 14:00,Le Havre,Nantes,
1588520533,ok,14.04 21:45,Lyon,Brest,
1588520536,ok,13.04 22:00,Rennes,Toulouse FC,
1588520537,ok,12.04 22:00,Metz,Lens,
1588520538,ok,14.04 16:00,Clermont,Montpellier HSC,
1588520542,ok,12.04 21:45,Lazio,Salernitana,
1588520543,ok,13.04 18:00,Strasbourg,Reims,
1588520544,ok,15.04 19:30,Fiorentina,Genoa,
1588520545,ok,15.04 21:45,Atalanta BC,Hellas Verona FC,
1588520546,ok,13.04 19:00,Torino,Juventus,
1588520547,ok,14.04 13:30,Napoli,Frosinone,
1588520548,ok,13.04 21:45,Bologna,AC Monza,
1588520549,ok,14.04 19:00,Udinese,AS Roma,
1588520552,ok,13.04 16:00,Lecce,Empoli,
1588520553,ok,14.04 21:45,FC Internazionale,Cagliari,
1588520556,ok,14.04 16:00,Sassuolo,AC Milan,
1589054658,ok,21.04 16:00,Lille,Strasbourg,
1589054659,ok,21.04 16:00,Reims,Montpellier HSC,
1589054660,ok,19.04 22:00,Nice,Lorient,
1589054661,ok,21.04 22:00,Paris Saint Germain,Lyon,
1589054664,ok,20.04 22:00,Lens,Clermont,
1589054666,ok,20.04 21:45,Hellas Verona FC,Udinese,
1589054668,ok,20.04 19:00,Empoli,Napoli,
1589054669,ok,19.04 21:45,Cagliari,Juventus,
1589054670,ok,22.04 19:30,AS Roma,Bologna,
1589054671,ok,21.04 16:00,Torino,Frosinone,
1589054672,ok,21.04 18:05,Brest,AS Monaco,
1589054674,ok,21.04 16:00,Le Havre,Metz,
1589054679,ok,22.04 21:45,AC Milan,FC Internazionale,
1589054680,ok,21.04 21:45,AC Monza,Atalanta BC,
1589054681,ok,21.04 13:30,Sassuolo,Lecce,
1589054682,ok,20.04 18:00,Nantes,Rennes,
1589054683,ok,19.04 19:30,Genoa,Lazio,
1589054684,ok,21.04 19:00,Salernitana,Fiorentina,
1589565934,ok,28.04 15:00,Cadiz,Mallorca,
1589565935,ok,29.04 22:00,Barcelona,Valencia,
1589565936,ok,27.04 15:00,Las Palmas,Girona,
1589565937,ok,28.04 19:30,Villarreal CF,Rayo Vallecano,
1589565938,ok,28.04 17:15,Granada CF,Osasuna,
1589565940,ok,28.04 22:00,Real Betis,Sevilla,
1589565941,ok,26.04 22:00,Real Sociedad,Real Madrid,
1589565942,ok,27.04 22:00,Atletico Madrid,Athletic Club Bilbao,
1589565943,ok,27.04 19:30,Alaves,Celta Vigo,
1589565945,ok,27.04 17:15,Almeria,Getafe,
1589566237,ok,24.04 22:00,AS Monaco,Lille,
1589566238,ok,27.04 22:00,Paris Saint Germain,Le Havre,
1589566239,ok,28.04 14:00,Metz,Lille,
1589566240,ok,28.04 18:05,Rennes,Brest,
1589566241,ok,28.04 22:00,Marseille,Lens,
1589566242,ok,26.04 22:00,Montpellier HSC,Nantes,
1589566245,ok,28.04 20:00,Lyon,AS Monaco,
1589566247,ok,28.04 16:00,Clermont,Reims,
1589566250,ok,24.04 22:00,Marseille,Nice,
1589566251,ok,28.04 16:00,Lorient,Toulouse FC,
1589566252,ok,24.04 20:00,Lorient,Paris Saint Germain,
1589566253,ok,28.04 16:00,Strasbourg,Nice,
1589566328,ok,28.04 13:30,FC Internazionale,Torino,
1589566329,ok,28.04 21:45,Fiorentina,Sassuolo,
1589566330,ok,28.04 19:00,Napoli,AS Roma,
1589566334,ok,28.04 16:00,Bologna,Udinese,
1589566336,ok,29.04 21:45,Genoa,Cagliari,
1589566338,ok,26.04 21:45,Frosinone,Salernitana,
1589566339,ok,27.04 16:00,Lecce,AC Monza,
1589566341,ok,27.04 21:45,Lazio,Hellas Verona FC,
1589566342,ok,28.04 19:00,Atalanta BC,Empoli,
1589566343,ok,27.04 19:00,Juventus,AC Milan,
1589901252,ok,06.05 21:45,Udinese,Napoli,
1589901254,ok,05.05 21:45,AS Roma,Juventus,
1589901255,ok,04.05 21:45,Sassuolo,FC Internazionale,
1589901256,ok,05.05 13:30,Cagliari,Lecce,
1589901257,ok,05.05 19:00,AC Milan,Genoa,
1589901260,ok,04.05 19:00,AC Monza,Lazio,
1589901262,ok,05.05 16:00,Empoli,Frosinone,
1589901263,ok,04.05 22:00,Mallorca,Atletico Madrid,
1589901264,ok,03.05 21:45,Torino,Bologna,
1589901265,ok,04.05 17:15,Real Madrid,Cadiz,
1589901266,ok,04.05 15:00,Real Sociedad,Las Palmas,
1589901267,ok,05.05 22:00,Sevilla,Granada CF,
1589901281,ok,05.05 16:00,Hellas Verona FC,Fiorentina,
1589901283,ok,05.05 19:30,Valencia,Alaves,
1589901285,ok,05.05 15:00,Osasuna,Real Betis,
1589901286,ok,06.05 19:00,Salernitana,Atalanta BC,
1589901290,ok,04.05 19:30,Girona,Barcelona,
1589901292,ok,05.05 17:15,Celta Vigo,Villarreal CF,
1589901297,ok,05.05 22:00,Rayo Vallecano,Almeria,
1589901298,ok,03.05 22:00,Getafe,Athletic Club Bilbao,
1590187418,ok,03.05 20:00,Toulouse FC,Montpellier HSC,
1590198799,ok,03.05 22:00,Lens,Lorient,
1590247403,ok,04.05 16:00,Le Havre,Strasbourg,
1590263510,ok,04.05 18:00,AS Monaco,Clermont,
1590276825,ok,04.05 20:00,Metz,Rennes,
1590283970,ok,04.05 22:00,Brest,Nantes,
1590321098,ok,06.05 22:00,Lille,Lyon,
1590563806,ok,12.05 22:00,Marseille,Lorient,
1590563808,ok,13.05 22:00,Barcelona,Real Sociedad,
1590563809,ok,12.05 15:00,Cadiz,Getafe,
1590563813,ok,13.05 21:45,Fiorentina,AC Monza,
1590563817,ok,12.05 22:00,Nantes,Lille,
1590563818,ok,12.05 22:00,Paris Saint Germain,Toulouse FC,
1590563820,ok,10.05 22:00,Nice,Le Havre,
1590563825,ok,12.05 22:00,Montpellier HSC,AS Monaco,
1590563826,ok,10.05 22:00,Brest,Reims,
1590563827,ok,12.05 22:00,Strasbourg,Metz,
1590563829,ok,12.05 22:00,Real Betis,Almeria,
1590563831,ok,11.05 19:30,Granada CF,Real Madrid,
1590563834,ok,10.05 21:45,Frosinone,FC Internazionale,
1590563835,ok,12.05 13:30,Lazio,Empoli,
1590563836,ok,11.05 19:00,Napoli,Bologna,
1590563837,ok,12.05 17:15,Atletico Madrid,Celta Vigo,
1590563839,ok,12.05 22:00,Clermont,Lyon,
1590563840,ok,12.05 16:00,Genoa,Sassuolo,
1590563841,ok,13.05 19:30,Lecce,Udinese,
1590563842,ok,10.05 22:00,Alaves,Girona,
1590563843,ok,12.05 16:00,Hellas Verona FC,Torino,
1590563848,ok,11.05 22:00,Athletic Club Bilbao,Osasuna,
1590563851,ok,11.05 21:45,AC Milan,Cagliari,
1590563853,ok,12.05 22:00,Rennes,Lens,
1590563855,ok,11.05 17:15,Villarreal CF,Sevilla,
1590563856,ok,12.05 19:30,Valencia,Rayo Vallecano,
1590563857,ok,12.05 21:45,Atalanta BC,AS Roma,
1590563859,ok,12.05 19:00,Juventus,Salernitana,
1590563860,ok,11.05 15:00,Mallorca,Las Palmas,
1590980980,ok,14.05 20:30,Osasuna,Mallorca,
1590990441,ok,14.05 22:30,Real Madrid,Alaves,
1590990958,ok,14.05 23:00,Girona,Villarreal CF,
1591018798,ok,18.05 21:45,Torino,AC Milan,
1591018799,ok,19.05 16:00,AC Monza,Frosinone,
1591018800,ok,19.05 16:00,Udinese,Empoli,
1591018801,ok,19.05 13:30,Sassuolo,Cagliari,
1591018802,ok,17.05 21:45,Fiorentina,Napoli,
1591018803,ok,18.05 19:00,Lecce,Atalanta BC,
1591018804,ok,19.05 19:00,FC Internazionale,Lazio,
1591018806,ok,15.05 23:00,Celta Vigo,Athletic Club Bilbao,
1591018807,ok,15.05 20:30,Rayo Vallecano,Granada CF,
1591018808,ok,20.05 21:45,Bologna,Juventus,
1591018809,ok,16.05 22:30,Almeria,Barcelona,
1591018810,ok,19.05 21:45,AS Roma,Genoa,
1591018812,ok,16.05 20:30,Las Palmas,Real Betis,
1591018813,ok,15.05 22:00,Reims,Marseille,
1591018814,ok,15.05 20:30,Sevilla,Cadiz,
1591018815,ok,16.05 23:00,Real Sociedad,Valencia,
1591018816,ok,15.05 22:00,Nice,Paris Saint Germain,
1591018817,ok,20.05 19:30,Salernitana,Hellas Verona FC,
1591018819,ok,15.05 23:00,Getafe,Atletico Madrid,
1591234401,ok,19.05 22:00,AS Monaco,Nantes,
1591234402,ok,19.05 22:00,Lens,Montpellier HSC,
1591234403,ok,19.05 22:00,Lille,Nice,
1591234404,ok,19.05 22:00,Reims,Rennes,
1591234406,ok,19.05 22:00,Toulouse FC,Brest,
1591234407,ok,19.05 22:00,Le Havre,Marseille,
1591234409,ok,19.05 22:00,Lorient,Clermont,
1591234410,ok,19.05 22:00,Metz,Paris Saint Germain,
1591289395,ok,19.05 20:00,Athletic Club Bilbao,Sevilla,
1591289397,ok,19.05 20:00,Atletico Madrid,Osasuna,
1591289398,ok,19.05 20:00,Cadiz,Las Palmas,
1591289399,ok,19.05 20:00,Real Betis,Real Sociedad,
1591300250,ok,19.05 22:00,Lyon,Strasbourg,
1591328396,ok,18.05 22:00,Alaves,Getafe,
1591328397,ok,19.05 20:00,Barcelona,Rayo Vallecano,
1591328398,ok,19.05 20:00,Mallorca,Almeria,
1591328399,ok,19.05 20:00,Granada CF,Celta Vigo,
1591328400,ok,19.05 20:00,Villarreal CF,Real Madrid,
1591538105,ok,19.05 20:00,Valencia,Girona,
1591733062,ok,24.05 22:00,Girona,Granada CF,
1591733063,ok,25.05 17:15,Real Sociedad,Atletico Madrid,
1591733064,ok,26.05 15:00,Getafe,Mallorca,
1591733065,ok,25.05 22:00,Real Madrid,Real Betis,
1591733067,ok,25.05 15:00,Osasuna,Villarreal CF,
1591733068,ok,25.05 19:30,Almeria,Cadiz,
1591733069,ok,26.05 17:15,Celta Vigo,Valencia,
1591733070,ok,26.05 17:15,Las Palmas,Alaves,
1591733071,ok,26.05 22:00,Sevilla,Barcelona,
1591733072,ok,25.05 19:30,Rayo Vallecano,Athletic Club Bilbao,
1591815473,ok,26.05 21:45,Empoli,AS Roma,
1591815474,ok,24.05 21:45,Genoa,Bologna,
1591815475,ok,26.05 19:00,Atalanta BC,Torino,
1591815476,ok,26.05 21:45,Lazio,Sassuolo,
1591815477,ok,26.05 21:45,Hellas Verona FC,FC Internazionale,
1591815478,ok,25.05 19:00,Juventus,AC Monza,
1591815479,ok,26.05 21:45,Frosinone,Udinese,
1591815480,ok,23.05 21:45,Cagliari,Fiorentina,
1591815481,ok,25.05 21:45,AC Milan,Salernitana,
1591815482,ok,26.05 19:00,Napoli,Lecce,
1593222048,ok,18.08 20:00,Real Sociedad,Rayo Vallecano,
1593222049,ok,16.08 22:30,Las Palmas,Sevilla,
1593222050,ok,18.08 22:30,Mallorca,Real Madrid,
1593222051,ok,17.08 20:00,Reims,Lille,
1593222052,ok,19.08 20:00,Real Valladolid CF,Espanyol,
1593222054,ok,15.08 20:00,Athletic Club Bilbao,Getafe,
1593222055,ok,19.08 22:30,Villarreal CF,Atletico Madrid,
1593222056,ok,18.08 18:00,Montpellier HSC,Strasbourg,
1593222057,ok,18.08 16:00,Auxerre,Nice,
1593222058,ok,17.08 20:00,Osasuna,Leganes,
1593222059,ok,17.08 22:30,Valencia,Barcelona,
1593222060,ok,17.08 18:00,Brest,Marseille,
1593222061,ok,15.08 22:30,Real Betis,Girona,
1593222064,ok,18.08 21:45,Rennes,Lyon,
1593222065,ok,16.08 20:00,Celta Vigo,Alaves,
1593222066,ok,18.08 18:00,Angers SCO,Lens,
1593222074,ok,16.08 21:45,Le Havre,Paris Saint-Germain,
1593222075,ok,17.08 22:00,Monaco,St Etienne,
1593222082,ok,18.08 18:00,Toulouse FC,Nantes,
1593534674,ok,17.08 21:45,AC Milan,Torino,
1593534677,ok,18.08 19:30,Hellas Verona,Napoli,
1593534678,ok,18.08 21:45,Cagliari,Roma,
1593534679,ok,17.08 19:30,Parma,Fiorentina,
1593534680,ok,19.08 21:45,Juventus,Como,
1593534681,ok,19.08 19:30,Lecce,Atalanta,
1593534682,ok,17.08 21:45,Empoli,Monza,
1593534685,ok,18.08 19:30,Bologna,Udinese,
1593534686,ok,17.08 19:30,Genoa,Internazionale,
1593534687,ok,18.08 21:45,Lazio,Venezia,
1593534691,ok,23.08 21:30,Borussia Monchengladbach,Bayer Leverkusen,
1594957394,ok,26.08 22:30,Villarreal,Celta Vigo,
1594957395,ok,31.08 18:00,Barcelona,Real Valladolid,
1594957396,ok,24.08 22:30,Espanyol,Real Sociedad,
1594957397,ok,24.08 20:00,Barcelona,Athletic Club Bilbao,
1594957398,ok,25.08 20:00,Leganes,Las Palmas,
1594957399,ok,28.08 22:30,Atletico Madrid,Espanyol,
1594957400,ok,28.08 20:00,Athletic Club Bilbao,Valencia,
1594957402,ok,25.08 21:45,Roma,Empoli,
1594957403,ok,27.08 20:00,Mallorca,Sevilla,
1594957404,ok,23.08 22:30,Sevilla,Villarreal,
1594957405,ok,28.08 20:00,Real Valladolid,Leganes,
1594957406,ok,24.08 19:30,Parma,AC Milan,
1594957407,ok,29.08 20:00,Girona,Osasuna,
1594957408,ok,28.08 22:30,Real Sociedad,Alaves,
1594957410,ok,25.08 18:00,Real Madrid,Real Valladolid,
1594957411,ok,24.08 22:30,Getafe,Rayo Vallecano,
1594957412,ok,30.08 21:45,Internazionale,Atalanta,
1594957413,ok,25.08 20:15,Alaves,Real Betis,
1594957415,ok,01.09 21:45,Juventus,Roma,
1594957417,ok,31.08 19:30,Lecce,Cagliari,
1594957419,ok,24.08 18:00,Osasuna,Mallorca,
1594957421,ok,29.08 22:30,Las Palmas,Real Madrid,
1594957422,ok,31.08 21:45,Lazio,AC Milan,
1594957423,ok,30.08 19:30,Venezia,Torino,
1594957424,ok,01.09 21:45,Udinese,Como,
1594957425,ok,01.09 19:30,Fiorentina,Monza,
1594957426,ok,01.09 19:30,Genoa,Hellas Verona,
1594957427,ok,27.08 22:30,Rayo Vallecano,Barcelona,
1594957428,ok,26.08 19:30,Cagliari,Como,
1594957432,ok,26.08 21:45,Hellas Verona,Juventus,
1594957433,ok,31.08 21:45,Napoli,Parma,
1594957434,ok,24.08 21:45,Internazionale,Lecce,
1594957439,ok,25.08 19:30,Torino,Atalanta,
1594957440,ok,24.08 19:30,Udinese,Lazio,
1594957442,ok,25.08 21:45,Napoli,Bologna,
1594957443,ok,31.08 19:30,Bologna,Empoli,
1594957444,ok,23.08 20:00,Celta Vigo,Valencia,
1594957445,ok,24.08 21:45,Monza,Genoa,
1594957446,ok,25.08 22:30,Atletico Madrid,Girona,
1594957448,ok,25.08 19:30,Fiorentina,Venezia,
1595460292,ok,25.08 16:00,Lens,Brest,
1595460294,ok,24.08 18:00,Lyon,Monaco,
1595460296,ok,24.08 22:00,St Etienne,Le Havre,
1595460297,ok,24.08 20:00,Lille,Angers,
1595460298,ok,25.08 21:45,Marseille,Reims,
1595460299,ok,23.08 21:45,Paris Saint-Germain,Montpellier HSC,
1595460304,ok,25.08 18:00,Nantes,Auxerre,
1595460305,ok,25.08 18:00,Strasbourg,Rennes,
1595460306,ok,25.08 18:00,Nice,Toulouse FC,
1595525811,ok,01.09 16:00,Monaco,Lens,
1595525812,ok,01.09 18:00,Angers,Nice,
1595525813,ok,31.08 20:00,Montpellier HSC,Nantes,
1595525814,ok,31.08 18:00,Brest,St Etienne,
1595525836,ok,01.09 21:45,Lille,Paris Saint-Germain,
1595525838,ok,01.09 18:00,Le Havre,Auxerre,
1595525849,ok,01.09 18:00,Reims,Rennes,
1595525850,ok,30.08 21:45,Lyon,Strasbourg,
1595525851,ok,31.08 22:00,Toulouse FC,Marseille,
1595707071,ok,31.08 20:15,Espanyol,Rayo Vallecano,
1595707073,ok,31.08 20:00,Athletic Club Bilbao,Atletico Madrid,
1595719742,ok,31.08 22:30,Valencia,Villarreal,
1595719743,ok,31.08 22:30,Leganes,Mallorca,
1595759195,ok,01.09 18:00,Alaves,Las Palmas,
1595759196,ok,01.09 18:00,Osasuna,Celta Vigo,
1595771044,ok,01.09 20:15,Getafe,Real Sociedad,
1595771060,ok,01.09 20:00,Sevilla,Girona,
1595781990,ok,01.09 22:30,Real Madrid,Real Betis,
1596236267,ok,15.09 18:00,Toulouse,Le Havre,
1596236271,ok,13.09 21:45,St Etienne,Lille,
1596236272,ok,14.09 20:00,Auxerre,Monaco,
1596236273,ok,15.09 16:00,Torino,Lecce,
1596236274,ok,14.09 21:45,AC Milan,Venezia,
1596236275,ok,15.09 16:00,Rennes,Montpellier,
1596236276,ok,16.09 19:30,Parma,Udinese,
1596236277,ok,14.09 16:00,Como,Bologna,
1596236278,ok,15.09 22:00,Atletico Madrid,Valencia,
1596236279,ok,14.09 22:00,Paris Saint-Germain,Brest,
1596236282,ok,14.09 22:00,Real Sociedad,Real Madrid,
1596236284,ok,14.09 19:30,Sevilla,Getafe,
1596236286,ok,15.09 21:45,Lens,Lyon,
1596236288,ok,15.09 18:00,Nantes,Reims,
1596236290,ok,15.09 13:30,Genoa,Roma,
1596236292,ok,16.09 21:45,Lazio,Hellas Verona,
1596236295,ok,14.09 17:15,Espanyol,Alaves,
1596236296,ok,16.09 22:00,Rayo Vallecano,Osasuna,
1596236297,ok,14.09 19:00,Empoli,Juventus,
1596236301,ok,15.09 17:15,Girona,Barcelona,
1596236302,ok,15.09 15:00,Celta Vigo,Real Valladolid,
1596236306,ok,15.09 16:00,Atalanta,Fiorentina,
1596236309,ok,14.09 18:00,Marseille,Nice,
1596236310,ok,15.09 18:00,Strasbourg,Angers,
1596236312,ok,15.09 19:30,Las Palmas,Athletic Club Bilbao,
1596236314,ok,15.09 21:45,Monza,Internazionale,
1596236317,ok,13.09 22:00,Real Betis,Leganes,
1596236319,ok,15.09 19:00,Cagliari,Napoli,
1596236322,ok,14.09 15:00,Mallorca,Villarreal,
1596576245,ok,17.09 20:00,Mallorca,Real Sociedad,
1596587557,ok,20.09 21:45,Nice,St Etienne,
1596606095,ok,18.09 20:00,Real Betis,Getafe,
1596626683,ok,21.09 18:00,Lille,Strasbourg,
1596631076,ok,19.09 20:00,Leganes,Athletic Club Bilbao,
1596631140,ok,21.09 20:00,Rennes,Lens,
1596634955,ok,21.09 22:00,Reims,Paris Saint-Germain,
1596671899,ok,22.09 16:00,Monaco,Le Havre,
1596679300,ok,22.09 18:00,Montpellier,Auxerre,
1596679304,ok,22.09 18:00,Brest,Toulouse,
1596687724,ok,22.09 21:45,Lyon,Marseille,
1596728647,ok,22.09 19:00,Roma,Udinese,
1596729516,ok,23.09 21:45,Atalanta,Como,
1596729517,ok,21.09 21:45,Lecce,Parma,
1596729518,ok,22.09 16:00,Monza,Bologna,
1596729519,ok,21.09 19:00,Juventus,Napoli,
1596729611,ok,22.09 13:30,Fiorentina,Lazio,
1596730907,ok,22.09 21:45,Internazionale,AC Milan,
1596738249,ok,20.09 21:45,Hellas Verona,Torino,
1596748329,ok,21.09 16:00,Venezia,Genoa,
1596782117,ok,20.09 19:30,Cagliari,Empoli,
1596824557,ok,20.09 22:00,Alaves,Sevilla,
1596927515,ok,21.09 22:00,Real Madrid,Espanyol,
1596927557,ok,21.09 19:30,Valencia,Girona,
1596927639,ok,21.09 17:15,Osasuna,Las Palmas,
1596927716,ok,21.09 15:00,Real Valladolid,Real Sociedad,
1596949705,ok,22.09 15:00,Getafe,Leganes,
1596955102,ok,22.09 17:15,Athletic Club Bilbao,Celta Vigo,
1596965465,ok,22.09 19:30,Villarreal,Barcelona,
1596982475,ok,22.09 22:00,Rayo Vallecano,Atletico Madrid,
1597048830,ok,23.09 22:00,Real Betis,Mallorca,
1597119872,ok,24.09 20:00,Sevilla,Real Valladolid,
1597119873,ok,24.09 20:00,Valencia,Osasuna,
1597134326,ok,24.09 22:00,Real Madrid,Alaves,
1597182756,ok,26.09 20:00,Las Palmas,Real Betis,
1597182760,ok,26.09 22:00,Celta Vigo,Atletico Madrid,
1597182761,ok,27.09 21:45,AC Milan,Lecce,
1597182762,ok,25.09 22:00,Barcelona,Getafe,
1597182763,ok,26.09 20:00,Espanyol,Villarreal,
1597182764,ok,25.09 20:00,Girona,Rayo Vallecano,
1597183529,ok,28.09 18:00,Lens,Nice,
1597183585,ok,29.09 18:00,Nantes,St Etienne,
1597183587,ok,28.09 22:00,Monaco,Montpellier,
1597183588,ok,29.09 19:00,Empoli,Fiorentina,
1597183590,ok,28.09 20:00,Le Havre,Lille,
1597183591,ok,29.09 16:00,Como,Hellas Verona,
1597183592,ok,27.09 20:00,Auxerre,Brest,
1597183593,ok,30.09 21:45,Parma,Cagliari,
1597183594,ok,29.09 16:00,Roma,Venezia,
1597183631,ok,28.09 19:00,Genoa,Juventus,
1597183633,ok,27.09 22:00,Paris Saint-Germain,Rennes,
1597183634,ok,29.09 18:00,Angers,Reims,
1597183635,ok,29.09 13:30,Torino,Lazio,
1597183636,ok,28.09 16:00,Udinese,Internazionale,
1597183637,ok,28.09 21:45,Bologna,Atalanta,
1597183638,ok,29.09 21:45,Napoli,Monza,
1597183639,ok,29.09 21:45,Strasbourg,Marseille,
1597183640,ok,29.09 16:00,Toulouse,Lyon,
1597292895,ok,27.09 22:00,Real Valladolid,Mallorca,
1597336002,ok,28.09 15:00,Getafe,Alaves,
1597362268,ok,28.09 17:15,Rayo Vallecano,Leganes,
1597370764,ok,28.09 19:30,Real Sociedad,Valencia,
1597385452,ok,28.09 22:00,Osasuna,Barcelona,
1597433474,ok,29.09 15:00,Celta Vigo,Girona,
1597433476,ok,29.09 17:15,Athletic Club Bilbao,Sevilla,
1597442593,ok,29.09 19:30,Real Betis,Espanyol,
1597459810,ok,29.09 22:00,Atletico Madrid,Real Madrid,
1597525701,ok,30.09 22:00,Villarreal,Las Palmas,
1597648671,ok,05.10 22:00,Rennes,Monaco,
1597648673,ok,04.10 21:45,Marseille,Angers,
1597648674,ok,05.10 18:00,St Etienne,Auxerre,
1597648677,ok,04.10 21:45,Hellas Verona,Venezia,
1597648678,ok,06.10 18:00,Brest,Le Havre,
1597648680,ok,04.10 19:30,Napoli,Como,
1597648681,ok,06.10 19:00,Monza,Roma,
1597648682,ok,06.10 21:45,Fiorentina,AC Milan,
1597648685,ok,05.10 21:45,Internazionale,Torino,
1597648688,ok,06.10 21:45,Nice,Paris Saint-Germain,
1597648689,ok,05.10 20:00,Lille,Toulouse,
1597648691,ok,06.10 16:00,Lyon,Nantes,
1597648692,ok,06.10 18:00,Reims,Montpellier,
1597648697,ok,06.10 16:00,Bologna,Parma,
1597648698,ok,06.10 16:00,Lazio,Empoli,
1597648699,ok,05.10 19:00,Atalanta,Genoa,
1597648700,ok,05.10 16:00,Udinese,Lecce,
1597648701,ok,06.10 13:30,Juventus,Cagliari,
1597787307,ok,04.10 22:00,Leganes,Valencia,
1597831295,ok,05.10 15:00,Espanyol,Mallorca,
1597854352,ok,05.10 17:15,Getafe,Osasuna,
1597868580,ok,05.10 19:30,Las Palmas,Celta Vigo,
1597868585,ok,05.10 19:30,Real Valladolid,Rayo Vallecano,
1597888391,ok,05.10 22:00,Real Madrid,Villarreal,
1597927926,ok,06.10 15:00,Girona,Athletic Club Bilbao,
1597950372,ok,06.10 19:30,Sevilla,Real Betis,
1597963720,ok,06.10 22:00,Real Sociedad,Atletico Madrid,
1597991492,ok,06.10 17:15,Alaves,Barcelona,
1598229713,ok,20.10 21:45,Roma,Internazionale,
1598229714,ok,19.10 19:00,AC Milan,Udinese,
1598229715,ok,21.10 21:45,Hellas Verona,Monza,
1598229716,ok,20.10 16:00,Lecce,Fiorentina,
1598229718,ok,18.10 22:00,Alaves,Real Valladolid,
1598229720,ok,21.10 22:00,Valencia,Las Palmas,
1598229721,ok,19.10 17:15,Osasuna,Real Betis,
1598229722,ok,19.10 16:00,Como,Parma,
1598229723,ok,20.10 19:30,Villarreal,Getafe,
1598229724,ok,19.10 15:00,Athletic Club Bilbao,Espanyol,
1598229725,ok,20.10 16:00,Venezia,Atalanta,
1598229726,ok,19.10 16:00,Genoa,Bologna,
1598229727,ok,20.10 19:00,Cagliari,Torino,
1598229729,ok,20.10 17:15,Atletico Madrid,Leganes,
1598229730,ok,20.10 13:30,Empoli,Napoli,
1598229732,ok,19.10 21:45,Juventus,Lazio,
1598229733,ok,20.10 15:00,Mallorca,Rayo Vallecano,
1598229734,ok,20.10 22:00,Barcelona,Sevilla,
1598229735,ok,19.10 19:30,Girona,Real Sociedad,
1598229736,ok,19.10 22:00,Celta Vigo,Real Madrid,
1598399647,ok,20.10 18:00,Nantes,Nice,
1598399648,ok,19.10 20:00,St Etienne,Lens,
1598399649,ok,20.10 18:00,Toulouse,Angers,
1598399651,ok,19.10 22:00,Paris Saint-Germain,Strasbourg,
1598399652,ok,18.10 21:45,Monaco,Lille,
1598399660,ok,20.10 18:00,Auxerre,Reims,
1598399661,ok,19.10 18:00,Brest,Rennes,
1598399662,ok,20.10 21:45,Montpellier,Marseille,
1598399663,ok,20.10 16:00,Le Havre,Lyon,
1598706400,ok,25.10 19:30,Udinese,Cagliari,
1598711022,ok,25.10 21:45,Torino,Como,
1598713709,ok,25.10 22:00,Espanyol,Sevilla,
1598740300,ok,26.10 15:00,Real Valladolid,Villarreal,
1598742283,ok,27.10 18:15,Getafe,Valencia,
1598742284,ok,27.10 16:00,Leganes,Celta Vigo,
1598742285,ok,26.10 22:00,Real Madrid,Barcelona,
1598742286,ok,26.10 19:30,Las Palmas,Girona,
1598742287,ok,26.10 17:15,Rayo Vallecano,Alaves,
1598742295,ok,27.10 22:45,Marseille,Paris Saint-Germain,
1598742297,ok,27.10 17:00,Lazio,Genoa,
1598742298,ok,27.10 20:30,Real Betis,Atletico Madrid,
1598742305,ok,26.10 18:00,Angers,St Etienne,
1598742306,ok,27.10 20:00,Internazionale,Juventus,
1598742309,ok,26.10 20:00,Reims,Brest,
1598742310,ok,26.10 16:00,Napoli,Lecce,
1598742311,ok,27.10 14:30,Parma,Empoli,
1598742313,ok,27.10 19:00,Nice,Monaco,
1598742314,ok,27.10 19:00,Montpellier,Toulouse,
1598742322,ok,25.10 21:45,Rennes,Le Havre,
1598742325,ok,27.10 19:00,Strasbourg,Nantes,
1598742329,ok,26.10 22:00,Lens,Lille,
1598742334,ok,26.10 19:00,Bologna,AC Milan,
1598742338,ok,27.10 23:00,Real Sociedad,Osasuna,
1598742339,ok,27.10 17:00,Lyon,Auxerre,
1598742340,ok,26.10 21:45,Atalanta,Hellas Verona,
1598742341,ok,28.10 23:00,Mallorca,Athletic Club Bilbao,
1598742342,ok,27.10 17:00,Monza,Venezia,
1598742343,ok,27.10 22:45,Fiorentina,Roma,
1599247382,ok,29.10 20:30,Lecce,Hellas Verona,
1599247383,ok,29.10 20:30,Cagliari,Bologna,
1599267629,ok,29.10 22:45,AC Milan,Napoli,
1599289771,ok,02.11 23:00,Valencia,Real Madrid,
1599289772,ok,03.11 23:00,Athletic Club Bilbao,Real Betis,
1599289773,ok,03.11 18:15,Barcelona,Espanyol,
1599289774,ok,01.11 23:00,Alaves,Mallorca,
1599289775,ok,02.11 16:00,Osasuna,Real Valladolid,
1599289777,ok,02.11 20:30,Villarreal,Rayo Vallecano,
1599289779,ok,31.10 22:45,Como,Lazio,
1599289781,ok,30.10 20:30,Empoli,Internazionale,
1599289785,ok,30.10 22:45,Juventus,Parma,
1599289786,ok,03.11 20:30,Sevilla,Real Sociedad,
1599289787,ok,02.11 18:15,Girona,Leganes,
1599289788,ok,03.11 16:00,Atletico Madrid,Las Palmas,
1599289789,ok,04.11 23:00,Celta Vigo,Getafe,
1599289792,ok,31.10 20:30,Genoa,Fiorentina,
1599289793,ok,30.10 22:45,Atalanta,Monza,
1599289794,ok,30.10 20:30,Venezia,Udinese,
1599289795,ok,31.10 22:45,Roma,Torino,
1599289829,ok,03.11 19:00,Auxerre,Rennes,
1599289831,ok,03.11 17:00,Toulouse,Reims,
1599289832,ok,02.11 19:00,Paris Saint-Germain,Lens,
1599289833,ok,01.11 23:00,Lille,Lyon,
1599289834,ok,02.11 23:00,St Etienne,Strasbourg,
1599289837,ok,01.11 21:00,Monaco,Angers,
1599289838,ok,03.11 19:00,Le Havre,Montpellier,
1599289842,ok,03.11 22:45,Nantes,Marseille,
1599289845,ok,02.11 21:00,Brest,Nice,
1599456144,ok,02.11 17:00,Bologna,Lecce,
1599478383,ok,02.11 20:00,Udinese,Juventus,
1599493100,ok,02.11 22:45,Monza,AC Milan,
1599523751,ok,03.11 14:30,Napoli,Atalanta,
1599534971,ok,03.11 17:00,Torino,Fiorentina,
1599550070,ok,03.11 20:00,Hellas Verona,Roma,
1599562091,ok,03.11 22:45,Internazionale,Venezia,
1599613559,ok,04.11 20:30,Parma,Genoa,
1599613562,ok,04.11 20:30,Empoli,Como,
1599624959,ok,04.11 22:45,Lazio,Cagliari,
1599734747,ok,10.11 22:45,Lyon,St Etienne,
1599734755,ok,08.11 22:45,Lecce,Empoli,
1599734756,ok,10.11 22:45,Internazionale,Napoli,
1599734758,ok,10.11 19:00,Rennes,Toulouse,
1599734761,ok,09.11 20:30,Espanyol,Valencia,
1599734763,ok,10.11 20:00,Monza,Lazio,
1599734764,ok,10.11 14:30,Atalanta,Udinese,
1599734765,ok,10.11 19:00,Montpellier,Brest,
1599734766,ok,09.11 18:15,Villarreal,Alaves,
1599734768,ok,10.11 17:00,Nice,Lille,
1599734769,ok,09.11 23:00,Leganes,Sevilla,
1599734770,ok,09.11 16:00,Real Madrid,Osasuna,
1599734771,ok,08.11 22:45,Marseille,Auxerre,
1599734772,ok,09.11 17:00,Venezia,Parma,
1599734773,ok,10.11 16:00,Real Betis,Celta Vigo,
1599734774,ok,09.11 19:00,Strasbourg,Monaco,
1599734775,ok,10.11 17:00,Roma,Bologna,
1599734777,ok,10.11 18:15,Mallorca,Atletico Madrid,
1599734778,ok,10.11 20:30,Getafe,Girona,
1599734780,ok,09.11 23:00,Angers,Paris Saint-Germain,
1599734781,ok,10.11 20:30,Real Valladolid,Athletic Club Bilbao,
1599734782,ok,09.11 20:00,Cagliari,AC Milan,
1599734783,ok,10.11 17:00,Fiorentina,Hellas Verona,
1599734784,ok,07.11 22:45,Genoa,Como,
1599734785,ok,10.11 19:00,Le Havre,Reims,
1599734786,ok,09.11 21:00,Lens,Nantes,
1599734787,ok,09.11 22:45,Juventus,Torino,
1599734789,ok,10.11 23:00,Real Sociedad,Barcelona,
1599734790,ok,08.11 23:00,Rayo Vallecano,Las Palmas,
1600190471,ok,23.11 18:15,Atletico Madrid,Alaves,
1600190472,ok,23.11 20:30,Girona,Espanyol,
1600190474,ok,24.11 23:00,Athletic Club Bilbao,Real Sociedad,
1600190475,ok,23.11 16:00,Valencia,Real Betis,
1600190476,ok,23.11 20:00,AC Milan,Juventus,
1600190478,ok,24.11 18:15,Sevilla,Rayo Vallecano,
1600190479,ok,24.11 19:00,Nantes,Le Havre,
1600190480,ok,24.11 17:00,Como,Fiorentina,
1600190483,ok,22.11 21:00,Monaco,Brest,
1600190484,ok,24.11 19:00,Auxerre,Angers,
1600190485,ok,23.11 19:00,Lens,Marseille,
1600190488,ok,24.11 20:30,Leganes,Real Madrid,
1600190491,ok,24.11 17:00,Lille,Rennes,
1600190494,ok,24.11 20:00,Napoli,Roma,
1600190495,ok,23.11 22:45,Parma,Atalanta,
1600190496,ok,24.11 16:00,Osasuna,Villarreal,
1600190497,ok,23.11 20:30,Las Palmas,Mallorca,
1600190502,ok,22.11 23:00,Getafe,Real Valladolid,
1600190503,ok,24.11 22:45,Nice,Strasbourg,
1600190506,ok,24.11 14:30,Genoa,Cagliari,
1600190507,ok,25.11 22:45,Venezia,Lecce,
1600190508,ok,23.11 23:00,Celta Vigo,Barcelona,
1600190509,ok,25.11 20:30,Empoli,Udinese,
1600190511,ok,24.11 22:45,Lazio,Bologna,
1600190512,ok,23.11 17:00,Hellas Verona,Internazionale,
1600190513,ok,24.11 17:00,Torino,Monza,
1600190514,ok,23.11 21:00,St Etienne,Montpellier,
1600190515,ok,23.11 23:00,Reims,Lyon,
1600190518,ok,22.11 23:00,Paris Saint-Germain,Toulouse,
1600830075,ok,01.12 20:00,Fiorentina,Internazionale,
1600830076,ok,01.12 17:00,Parma,Lazio,
1600830080,ok,29.11 23:00,Mallorca,Valencia,
1600830083,ok,30.11 18:15,Alaves,Leganes,
1600830084,ok,01.12 16:00,Villarreal,Girona,
1600830085,ok,02.12 23:00,Sevilla,Osasuna,
1600830086,ok,01.12 23:00,Real Sociedad,Real Betis,
1600830087,ok,01.12 22:45,Marseille,Monaco,
1600831352,ok,30.11 17:00,Como,Monza,
1600831353,ok,30.11 20:00,AC Milan,Empoli,
1600831354,ok,01.12 14:30,Udinese,Genoa,
1600831355,ok,02.12 22:45,Roma,Atalanta,
1600831357,ok,29.11 22:45,Reims,Lens,
1600831360,ok,30.11 19:00,Rennes,St Etienne,
1600831361,ok,30.11 21:00,Brest,Strasbourg,
1600831362,ok,30.11 23:00,Paris Saint-Germain,Nantes,
1600831363,ok,01.12 17:00,Montpellier,Lille,
1600831364,ok,01.12 19:00,Toulouse,Auxerre,
1600831710,ok,29.11 22:45,Cagliari,Hellas Verona,
1600831711,ok,30.11 22:45,Bologna,Venezia,
1600831712,ok,01.12 22:45,Lecce,Juventus,
1600831713,ok,01.12 17:00,Torino,Napoli,
1600831715,ok,30.11 16:00,Barcelona,Las Palmas,
1600831718,ok,30.11 20:30,Espanyol,Celta Vigo,
1600831719,ok,30.11 23:00,Real Valladolid,Atletico Madrid,
1600831720,ok,01.12 20:30,Rayo Vallecano,Athletic Club Bilbao,
1600831721,ok,01.12 18:15,Real Madrid,Getafe,
1600831722,ok,01.12 19:00,Le Havre,Angers,
1600831723,ok,01.12 19:00,Lyon,Nice,
1601135944,ok,08.12 20:00,Venezia,Como,
1601138343,ok,03.12 21:00,Mallorca,Barcelona,
1601181803,ok,07.12 21:00,Nice,Le Havre,
1601181804,ok,07.12 19:00,Monaco,Toulouse,
1601181805,ok,07.12 23:00,Angers,Lyon,
1601181806,ok,08.12 22:45,St Etienne,Marseille,
1601181817,ok,09.12 22:45,Monza,Udinese,
1601181818,ok,07.12 17:00,Genoa,Torino,
1601181819,ok,07.12 22:45,Roma,Lecce,
1601181820,ok,09.12 23:00,Getafe,Espanyol,
1601181879,ok,08.12 19:00,Strasbourg,Reims,
1601181881,ok,08.12 17:00,Lens,Montpellier,
1601181882,ok,06.12 21:00,Lille,Brest,
1601181883,ok,06.12 23:00,Auxerre,Paris Saint-Germain,
1601181894,ok,07.12 20:00,Juventus,Bologna,
1601181895,ok,06.12 22:45,Atalanta,AC Milan,
1601181896,ok,06.12 20:30,Internazionale,Parma,
1601181897,ok,08.12 14:30,Fiorentina,Cagliari,
1601181898,ok,08.12 20:30,Osasuna,Alaves,
1601181899,ok,08.12 18:15,Athletic Club Bilbao,Villarreal,
1601181900,ok,07.12 20:30,Valencia,Rayo Vallecano,
1601182904,ok,08.12 19:00,Nantes,Rennes,
1601182914,ok,08.12 22:45,Napoli,Lazio,
1601182915,ok,08.12 17:00,Hellas Verona,Empoli,
1601182916,ok,07.12 18:15,Real Betis,Barcelona,
1601182917,ok,07.12 16:00,Las Palmas,Real Valladolid,
1601182918,ok,08.12 23:00,Atletico Madrid,Sevilla,
1601182942,ok,04.12 23:00,Athletic Club Bilbao,Real Madrid,
1601184566,ok,07.12 23:00,Girona,Real Madrid,
1601184567,ok,06.12 23:00,Celta Vigo,Mallorca,
1601184568,ok,08.12 16:00,Leganes,Real Sociedad,
1601545875,ok,15.12 16:00,Atletico Madrid,Getafe,
1601545878,ok,14.12 20:00,Udinese,Napoli,
1601545879,ok,14.12 22:45,Juventus,Venezia,
1601545880,ok,15.12 22:45,AC Milan,Genoa,
1601547020,ok,14.12 23:00,Rayo Vallecano,Real Madrid,
1601547021,ok,15.12 20:30,Villarreal,Real Betis,
1601547023,ok,15.12 20:00,Como,Roma,
1601547024,ok,15.12 14:30,Lecce,Monza,
1601547025,ok,15.12 17:00,Bologna,Fiorentina,
1601547026,ok,15.12 17:00,Parma,Hellas Verona,
1601548523,ok,14.12 18:15,Mallorca,Girona,
1601548524,ok,15.12 18:15,Alaves,Athletic Club Bilbao,
1601548525,ok,14.12 20:30,Sevilla,Celta Vigo,
1601548526,ok,15.12 20:30,Real Sociedad,Las Palmas,
1601548527,ok,13.12 23:00,Real Valladolid,Valencia,
1601548528,ok,14.12 16:00,Espanyol,Osasuna,
1601548530,ok,16.12 22:45,Lazio,Internazionale,
1601548531,ok,13.12 22:45,Empoli,Torino,
1601548532,ok,14.12 17:00,Cagliari,Atalanta,
1601548558,ok,15.12 17:00,Montpellier,Nice,
1601548559,ok,14.12 19:00,Marseille,Lille,
1601548560,ok,14.12 23:00,Reims,Monaco,
1601548561,ok,13.12 22:45,Toulouse,St Etienne,
1601548562,ok,15.12 19:00,Le Havre,Strasbourg,
1601550721,ok,15.12 19:00,Brest,Nantes,
1601550722,ok,14.12 21:00,Auxerre,Lens,
1601550723,ok,15.12 22:45,Paris Saint-Germain,Lyon,
1601550724,ok,15.12 19:00,Rennes,Angers,
1601907108,ok,21.12 20:30,Osasuna,Athletic Club Bilbao,
1601907109,ok,22.12 16:00,Valencia,Alaves,
1601907110,ok,21.12 18:15,Celta Vigo,Real Sociedad,
1601907111,ok,22.12 18:15,Real Madrid,Sevilla,
1601907112,ok,20.12 23:00,Girona,Real Valladolid,
1601909355,ok,21.12 16:00,Getafe,Mallorca,
1601909356,ok,21.12 23:00,Barcelona,Atletico Madrid,
1601909358,ok,22.12 23:00,Real Betis,Rayo Vallecano,
1601909369,ok,22.12 14:30,Roma,Parma,
1601909370,ok,22.12 17:00,Venezia,Cagliari,
1601909493,ok,22.12 20:30,Leganes,Villarreal,
1601909494,ok,22.12 20:30,Las Palmas,Espanyol,
1601909505,ok,23.12 22:45,Internazionale,Como,
1601909506,ok,22.12 22:45,Monza,Juventus,
1601909507,ok,21.12 20:00,Genoa,Napoli,
1601910884,ok,20.12 22:45,Hellas Verona,AC Milan,
1601910885,ok,23.12 20:30,Fiorentina,Udinese,
1601910886,ok,21.12 17:00,Torino,Bologna,
1601910887,ok,22.12 20:00,Atalanta,Empoli,
1601910888,ok,21.12 22:45,Lecce,Lazio,
1601911488,ok,18.12 23:00,Monaco,Paris Saint-Germain,
1602200646,ok,29.12 14:30,Udinese,Torino,
1602200647,ok,28.12 17:00,Parma,Monza,
1602200648,ok,30.12 22:45,Bologna,Hellas Verona,
1602200649,ok,30.12 20:30,Como,Lecce,
1602200650,ok,28.12 17:00,Empoli,Genoa,
1602200729,ok,29.12 22:45,AC Milan,Roma,
1602200730,ok,28.12 22:45,Lazio,Atalanta,
1602202355,ok,29.12 20:00,Juventus,Fiorentina,
1602202356,ok,29.12 17:00,Napoli,Venezia,
1602206132,ok,04.01 21:00,Lille,Nantes,
1602206133,ok,05.01 17:00,Lens,Toulouse,
1602206442,ok,03.01 23:00,Nice,Rennes,
1602206444,ok,05.01 22:45,Marseille,Le Havre,
1602206782,ok,05.01 17:00,Angers,Brest,
1602206783,ok,05.01 17:00,Strasbourg,Auxerre,
1602206784,ok,04.01 23:00,Lyon,Montpellier,
1602206785,ok,04.01 19:00,St Etienne,Reims,
1602216939,ok,11.01 21:00,Reims,Nice,
1602216940,ok,11.01 19:00,Brest,Lyon,
1602216941,ok,12.01 19:15,Montpellier,Angers,
1602216942,ok,12.01 17:00,Le Havre,Lens,
1602216943,ok,12.01 22:45,Paris Saint-Germain,St Etienne,
1602217980,ok,10.01 21:00,Nantes,Monaco,
1602217981,ok,10.01 23:05,Auxerre,Lille,
1602217985,ok,11.01 23:05,Rennes,Marseille,
1602218288,ok,12.01 19:15,Toulouse,Strasbourg,
1602218332,ok,13.01 23:00,Real Sociedad,Villarreal,
1602218333,ok,11.01 20:30,Espanyol,Leganes,
1602220686,ok,11.01 23:00,Sevilla,Valencia,
1602220688,ok,10.01 23:00,Rayo Vallecano,Celta Vigo,
1602220689,ok,12.01 18:15,Atletico Madrid,Osasuna,
1602220690,ok,11.01 18:15,Real Valladolid,Real Betis,
1602220781,ok,12.01 16:00,Las Palmas,Getafe,
1602220783,ok,11.01 16:00,Alaves,Girona,
1602433700,ok,05.01 22:45,Roma,Lazio,
1602433701,ok,04.01 20:00,Fiorentina,Napoli,
1602433702,ok,05.01 20:00,Torino,Parma,
1602433812,ok,04.01 22:45,Hellas Verona,Udinese,
1602433814,ok,05.01 17:00,Lecce,Genoa,
1602433815,ok,05.01 14:30,Monza,Cagliari,
1602435461,ok,04.01 17:00,Venezia,Empoli,
1602462634,ok,18.01 16:00,Girona,Sevilla,
1602462635,ok,18.01 20:30,Real Betis,Alaves,
1602462736,ok,19.01 16:00,Celta Vigo,Athletic Club Bilbao,
1602462737,ok,19.01 20:30,Osasuna,Rayo Vallecano,
1602462738,ok,20.01 23:00,Villarreal,Mallorca,
1602463638,ok,18.01 18:15,Leganes,Atletico Madrid,
1602463639,ok,17.01 23:00,Espanyol,Real Valladolid,
1602463640,ok,19.01 23:00,Valencia,Real Sociedad,
1602463738,ok,19.01 18:15,Real Madrid,Las Palmas,
1602463739,ok,18.01 23:00,Getafe,Barcelona,
1602608066,ok,10.01 22:45,Lazio,Como,
1602608419,ok,11.01 17:00,Empoli,Lecce,
1602608430,ok,12.01 22:45,Napoli,Hellas Verona,
1602608438,ok,12.01 17:00,Venezia,Internazionale,
1602608462,ok,12.01 20:00,Bologna,Roma,
1602608726,ok,12.01 14:30,Genoa,Parma,
1602608727,ok,11.01 22:45,AC Milan,Cagliari,
1602608728,ok,11.01 17:00,Udinese,Atalanta,
1602608734,ok,11.01 20:00,Torino,Juventus,
1602626043,ok,13.01 22:45,Monza,Fiorentina,
1602764045,ok,14.01 22:45,Atalanta,Juventus,
1602764046,ok,18.01 20:00,Juventus,AC Milan,
1602764047,ok,18.01 17:00,Bologna,Monza,
1602764048,ok,19.01 20:00,Hellas Verona,Lazio,
1602764577,ok,18.01 21:00,Rennes,Brest,
1602764578,ok,18.01 19:00,Lens,Paris Saint-Germain,
1602764579,ok,17.01 21:00,Montpellier,Monaco,
1602780043,ok,17.01 23:05,Lille,Nice,
1602780044,ok,19.01 22:45,Marseille,Strasbourg,
1602780045,ok,19.01 19:15,Reims,Le Havre,
1602780046,ok,19.01 19:15,Angers,Auxerre,
1602780047,ok,18.01 23:05,Lyon,Toulouse,
1602780048,ok,15.01 22:45,Internazionale,Bologna,
1602780049,ok,20.01 22:45,Como,Udinese,
1602780050,ok,19.01 22:45,Internazionale,Empoli,
1602780051,ok,19.01 14:30,Fiorentina,Torino,
1602780567,ok,19.01 17:00,St Etienne,Nantes,
1602780568,ok,14.01 20:30,Como,AC Milan,
1602780569,ok,17.01 22:45,Roma,Genoa,
1602780570,ok,19.01 17:00,Parma,Venezia,
1602780571,ok,19.01 17:00,Cagliari,Lecce,
1602780572,ok,18.01 22:45,Atalanta,Napoli,
1603010767,ok,25.01 18:15,Atletico Madrid,Villarreal,
1603010768,ok,25.01 23:00,Real Valladolid,Real Madrid,
1603010769,ok,26.01 16:00,Rayo Vallecano,Girona,
1603016575,ok,26.01 18:15,Real Sociedad,Getafe,
1603016690,ok,26.01 20:30,Athletic Club Bilbao,Leganes,
1603016727,ok,25.01 16:00,Mallorca,Real Betis,
1603016728,ok,24.01 23:00,Las Palmas,Osasuna,
1603016729,ok,25.01 20:30,Sevilla,Espanyol,
1603019663,ok,26.01 23:00,Barcelona,Valencia,
1603019687,ok,26.01 20:00,Lecce,Internazionale,
1603019688,ok,27.01 20:30,Venezia,Hellas Verona,
1603019689,ok,25.01 23:05,Paris Saint-Germain,Reims,
1603023319,ok,27.01 23:00,Alaves,Celta Vigo,
1603023324,ok,24.01 22:45,Torino,Cagliari,
1603023325,ok,25.01 20:00,Napoli,Juventus,
1603023326,ok,25.01 17:00,Como,Atalanta,
1603023327,ok,26.01 22:45,Lazio,Fiorentina,
1603023328,ok,26.01 14:30,AC Milan,Parma,
1603023329,ok,26.01 19:15,Toulouse,Montpellier,
1603023330,ok,26.01 19:15,Nantes,Lyon,
1603023331,ok,26.01 19:15,Lens,Angers,
1603024423,ok,26.01 17:00,Udinese,Roma,
1603024424,ok,27.01 22:45,Genoa,Monza,
1603024425,ok,25.01 22:45,Empoli,Bologna,
1603024426,ok,25.01 19:00,Monaco,Rennes,
1603024427,ok,24.01 22:45,Auxerre,St Etienne,
1603024428,ok,25.01 21:00,Strasbourg,Lille,
1603024429,ok,26.01 22:45,Nice,Marseille,
1603024430,ok,26.01 17:00,Le Havre,Brest,
1603297744,ok,02.02 18:15,Valencia,Celta Vigo,
1603297745,ok,01.02 23:00,Espanyol,Real Madrid,
1603297746,ok,31.01 23:00,Leganes,Rayo Vallecano,
1603297747,ok,02.02 16:00,Barcelona,Alaves,
1603297748,ok,31.01 22:45,Parma,Lecce,
1603297749,ok,01.02 22:45,Bologna,Como,
1603297750,ok,01.02 17:00,Monza,Hellas Verona,
1603297751,ok,01.02 20:00,Atalanta,Torino,
1603297752,ok,02.02 17:00,Fiorentina,Genoa,
1603297753,ok,02.02 19:15,Angers,Le Havre,
1603297754,ok,02.02 17:00,Toulouse,Nice,
1603297755,ok,02.02 19:15,Reims,Nantes,
1603297756,ok,01.02 21:00,Monaco,Auxerre,
1603305564,ok,01.02 20:30,Atletico Madrid,Mallorca,
1603305565,ok,02.02 23:00,Real Betis,Athletic Club Bilbao,
1603305566,ok,01.02 16:00,Getafe,Sevilla,
1603305567,ok,03.02 23:00,Girona,Las Palmas,
1603305568,ok,02.02 20:00,AC Milan,Internazionale,
1603305569,ok,02.02 22:45,Roma,Napoli,
1603305570,ok,02.02 14:30,Juventus,Empoli,
1603305571,ok,02.02 19:15,Rennes,Strasbourg,
1603307816,ok,01.02 18:15,Villarreal,Real Valladolid,
1603307817,ok,02.02 20:30,Osasuna,Real Sociedad,
1603307818,ok,01.02 17:00,Udinese,Venezia,
1603307819,ok,03.02 22:45,Cagliari,Lazio,
1603307820,ok,02.02 22:45,Marseille,Lyon,
1603307821,ok,01.02 19:00,Brest,Paris Saint-Germain,
1603307822,ok,31.01 22:45,Montpellier,Lens,
1603307823,ok,01.02 23:05,Lille,St Etienne,
1603628370,ok,07.02 23:00,Rayo Vallecano,Real Valladolid,
1603637992,ok,08.02 16:00,Celta Vigo,Real Betis,
1603637994,ok,08.02 23:00,Real Madrid,Atletico Madrid,
1603637997,ok,09.02 18:15,Valencia,Leganes,
1603637999,ok,09.02 20:30,Real Sociedad,Espanyol,
1603638000,ok,10.02 23:00,Mallorca,Osasuna,
1603638010,ok,08.02 21:00,Lille,Le Havre,
1603638013,ok,09.02 19:15,Auxerre,Toulouse,
1603639163,ok,09.02 23:00,Sevilla,Barcelona,
1603639164,ok,09.02 17:00,Cagliari,Parma,
1603639165,ok,08.02 20:00,Empoli,AC Milan,
1603639166,ok,10.02 22:45,Internazionale,Fiorentina,
1603639167,ok,09.02 17:00,Lazio,Monza,
1603639173,ok,07.02 23:05,Paris Saint-Germain,Monaco,
1603639174,ok,08.02 19:00,Nice,Lens,
1603639175,ok,09.02 22:45,Angers,Marseille,
1603640963,ok,08.02 18:15,Athletic Club Bilbao,Girona,
1603640964,ok,08.02 20:30,Las Palmas,Villarreal,
1603640968,ok,07.02 22:45,Como,Juventus,
1603640970,ok,08.02 17:00,Hellas Verona,Atalanta,
1603640972,ok,09.02 20:00,Lecce,Bologna,
1603640973,ok,09.02 22:45,Napoli,Udinese,
1603640974,ok,08.02 22:45,Torino,Genoa,
1603640975,ok,09.02 14:30,Venezia,Roma,
1603640982,ok,09.02 19:15,Strasbourg,Montpellier,
1603651277,ok,07.02 21:00,Nantes,Brest,
1603651324,ok,08.02 23:05,St Etienne,Rennes,
1603658505,ok,09.02 17:00,Lyon,Reims,
1603962820,ok,14.02 23:00,Girona,Getafe,
1603962821,ok,16.02 20:30,Mallorca,Las Palmas,
1603962822,ok,15.02 20:30,Atletico Madrid,Celta Vigo,
1603962824,ok,16.02 23:00,Real Betis,Real Sociedad,
1603962825,ok,14.02 22:45,Bologna,Torino,
1603962826,ok,15.02 17:00,Atalanta,Cagliari,
1603962827,ok,15.02 22:45,AC Milan,Hellas Verona,
1603962834,ok,16.02 22:45,Rennes,Lille,
1603962835,ok,14.02 22:45,Brest,Auxerre,
1603962836,ok,15.02 21:00,Monaco,Nantes,
1603962837,ok,16.02 19:15,Le Havre,Nice,
1603965933,ok,16.02 18:15,Real Valladolid,Sevilla,
1603965934,ok,16.02 16:00,Espanyol,Athletic Club Bilbao,
1603965937,ok,17.02 23:00,Barcelona,Rayo Vallecano,
1603965938,ok,15.02 20:00,Lazio,Napoli,
1603965939,ok,16.02 22:45,Juventus,Internazionale,
1603965940,ok,16.02 17:00,Monza,Lecce,
1603965942,ok,16.02 17:00,Montpellier,Lyon,
1603965943,ok,16.02 19:15,Reims,Angers,
1603965944,ok,15.02 19:00,Marseille,St Etienne,
1603965945,ok,16.02 19:15,Lens,Strasbourg,
1603966488,ok,15.02 16:00,Leganes,Alaves,
1603966489,ok,15.02 23:00,Villarreal,Valencia,
1603966490,ok,15.02 18:15,Osasuna,Real Madrid,
1603966491,ok,16.02 20:00,Parma,Roma,
1603966492,ok,16.02 14:30,Fiorentina,Como,
1603966493,ok,16.02 17:00,Udinese,Empoli,
1603966494,ok,17.02 22:45,Genoa,Venezia,
1603966497,ok,15.02 23:05,Toulouse,Paris Saint-Germain,
1604302837,ok,21.02 23:00,Celta Vigo,Osasuna,
1604302838,ok,24.02 23:00,Sevilla,Mallorca,
1604302839,ok,23.02 14:30,Como,Napoli,
1604302840,ok,23.02 20:00,Empoli,Atalanta,
1604302841,ok,22.02 17:00,Venezia,Lazio,
1604302842,ok,22.02 22:45,Internazionale,Genoa,
1604306288,ok,22.02 18:15,Rayo Vallecano,Villarreal,
1604306289,ok,23.02 20:30,Getafe,Real Betis,
1604306290,ok,22.02 20:30,Valencia,Atletico Madrid,
1604306291,ok,23.02 16:00,Athletic Club Bilbao,Real Valladolid,
1604306292,ok,22.02 20:00,Torino,AC Milan,
1604306293,ok,24.02 22:45,Roma,Monza,
1604306294,ok,23.02 22:45,Cagliari,Juventus,
1604306295,ok,23.02 17:00,Hellas Verona,Fiorentina,
1604306300,ok,23.02 22:45,Lyon,Paris Saint-Germain,
1604310977,ok,23.02 23:00,Real Sociedad,Leganes,
1604310978,ok,23.02 18:15,Real Madrid,Girona,
1604310979,ok,22.02 23:00,Las Palmas,Barcelona,
1604310980,ok,22.02 16:00,Alaves,Espanyol,
1604310981,ok,21.02 22:45,Lecce,Udinese,
1604310982,ok,22.02 17:00,Parma,Bologna,
1604310987,ok,21.02 22:45,Rennes,Reims,
1604314228,ok,22.02 21:00,St Etienne,Angers,
1604314229,ok,23.02 19:15,Strasbourg,Brest,
1604314230,ok,22.02 23:05,Auxerre,Marseille,
1604314231,ok,23.02 19:15,Le Havre,Toulouse,
1604314232,ok,23.02 19:15,Nice,Montpellier,
1604317774,ok,23.02 17:00,Nantes,Lens,
1604317775,ok,22.02 19:00,Lille,Monaco,
1604677974,ok,02.03 17:00,Genoa,Empoli,
1604677975,ok,02.03 22:45,AC Milan,Lazio,
1604677976,ok,01.03 20:00,Napoli,Internazionale,
1604677977,ok,03.03 22:45,Juventus,Hellas Verona,
1604677978,ok,02.03 14:30,Monza,Torino,
1604677979,ok,01.03 22:45,Udinese,Parma,
1604677981,ok,28.02 23:00,Real Valladolid,Las Palmas,
1604677982,ok,28.02 22:45,Monaco,Reims,
1604677987,ok,02.03 19:15,Montpellier,Rennes,
1604677988,ok,02.03 17:00,Lyon,Brest,
1604681835,ok,02.03 16:00,Leganes,Getafe,
1604681836,ok,01.03 18:15,Rayo Vallecano,Sevilla,
1604681837,ok,01.03 16:00,Girona,Celta Vigo,
1604681838,ok,02.03 23:00,Osasuna,Valencia,
1604681843,ok,01.03 17:00,Atalanta,Venezia,
1604681849,ok,02.03 19:15,Auxerre,Strasbourg,
1604681850,ok,01.03 21:00,Lens,Le Havre,
1604681851,ok,02.03 19:15,Angers,Toulouse,
1604684864,ok,01.03 20:30,Real Betis,Real Madrid,
1604684865,ok,03.03 23:00,Villarreal,Espanyol,
1604684866,ok,02.03 20:30,Mallorca,Alaves,
1604684867,ok,02.03 18:15,Barcelona,Real Sociedad,
1604684868,ok,01.03 23:00,Atletico Madrid,Athletic Club Bilbao,
1604684875,ok,02.03 20:00,Roma,Como,
1604684876,ok,28.02 22:45,Fiorentina,Lecce,
1604684877,ok,02.03 17:00,Bologna,Cagliari,
1604684882,ok,01.03 23:05,Paris Saint-Germain,Lille,
1604684883,ok,02.03 22:45,Marseille,Nantes,
1605039559,ok,10.03 23:00,Espanyol,Girona,
1605039560,ok,08.03 20:30,Valencia,Real Valladolid,
1605039561,ok,08.03 18:15,Alaves,Villarreal,
1605039562,ok,09.03 16:00,Getafe,Atletico Madrid,
1605039563,ok,08.03 16:00,Celta Vigo,Leganes,
1605039564,ok,08.03 17:00,Parma,Torino,
1605039569,ok,08.03 21:00,Lille,Montpellier,
1605039570,ok,09.03 22:45,Nice,Lyon,
1605039572,ok,08.03 23:05,Marseille,Lens,
1605039573,ok,09.03 19:15,Reims,Auxerre,
1605039574,ok,09.03 19:15,Nantes,Strasbourg,
1605039575,ok,07.03 22:45,Toulouse,Monaco,
1605045343,ok,09.03 23:00,Real Sociedad,Sevilla,
1605045344,ok,08.03 23:00,Barcelona,Osasuna,
1605045345,ok,09.03 17:00,Napoli,Fiorentina,
1605045346,ok,09.03 20:00,Empoli,Roma,
1605045347,ok,08.03 22:45,Internazionale,Monza,
1605045348,ok,10.03 22:45,Lazio,Udinese,
1605045349,ok,08.03 19:00,Rennes,Paris Saint-Germain,
1605045661,ok,09.03 20:30,Athletic Club Bilbao,Mallorca,
1605045662,ok,09.03 18:15,Real Madrid,Rayo Vallecano,
1605045663,ok,09.03 20:30,Real Betis,Las Palmas,
1605045664,ok,08.03 17:00,Como,Venezia,
1605045665,ok,09.03 22:45,Juventus,Atalanta,
1605045666,ok,08.03 20:00,Lecce,AC Milan,
1605045667,ok,09.03 14:30,Hellas Verona,Bologna,
1605045670,ok,09.03 17:00,Brest,Angers,
1605045671,ok,09.03 19:15,Le Havre,St Etienne,
1605060914,ok,07.03 22:45,Cagliari,Genoa,
1605445625,ok,16.03 16:00,Leganes,Real Betis,
1605445626,ok,15.03 18:15,Mallorca,Espanyol,
1605445627,ok,15.03 16:00,Real Valladolid,Celta Vigo,
1605445628,ok,16.03 18:15,Sevilla,Athletic Club Bilbao,
1605445629,ok,16.03 20:30,Osasuna,Getafe,
1605445630,ok,16.03 23:00,Atletico Madrid,Barcelona,
1605445633,ok,16.03 20:00,Fiorentina,Juventus,
1605445634,ok,16.03 18:00,Roma,Cagliari,
1605445635,ok,14.03 22:45,Nice,Auxerre,
1605445636,ok,16.03 17:00,Lyon,Le Havre,
1605445637,ok,16.03 19:15,Brest,Reims,
1605452031,ok,15.03 23:00,Girona,Valencia,
1605452032,ok,15.03 20:30,Villarreal,Real Madrid,
1605452033,ok,14.03 23:00,Las Palmas,Alaves,
1605452036,ok,16.03 17:00,Bologna,Lazio,
1605452037,ok,15.03 20:00,AC Milan,Como,
1605452038,ok,16.03 22:45,Atalanta,Internazionale,
1605452039,ok,15.03 17:00,Monza,Parma,
1605452040,ok,15.03 19:00,Nantes,Lille,
1605452041,ok,16.03 19:15,Montpellier,St Etienne,
1605457419,ok,16.03 20:30,Rayo Vallecano,Real Sociedad,
1605457422,ok,15.03 17:00,Udinese,Hellas Verona,
1605457423,ok,16.03 14:30,Venezia,Napoli,
1605457424,ok,14.03 22:45,Genoa,Lecce,
1605457425,ok,15.03 22:45,Torino,Empoli,
1605457427,ok,15.03 21:00,Angers,Monaco,
1605457428,ok,16.03 22:45,Paris Saint-Germain,Marseille,
1605457429,ok,16.03 19:15,Strasbourg,Toulouse,
1605457430,ok,15.03 23:05,Lens,Rennes,
1605863574,ok,30.03 15:00,Getafe,Villarreal,
1605863575,ok,30.03 17:15,Barcelona,Girona,
1605863576,ok,31.03 21:45,Lazio,Torino,
1605863577,ok,30.03 13:30,Cagliari,Monza,
1605863578,ok,30.03 18:15,Angers,Rennes,
1605863579,ok,29.03 21:00,St Etienne,Paris Saint-Germain,
1605867484,ok,30.03 22:00,Real Betis,Sevilla,
1605867485,ok,31.03 22:00,Celta Vigo,Las Palmas,
1605867486,ok,29.03 20:00,Juventus,Genoa,
1605867487,ok,29.03 17:00,Venezia,Bologna,
1605867488,ok,29.03 17:00,Como,Empoli,
1605867489,ok,31.03 19:30,Hellas Verona,Parma,
1605867490,ok,30.03 19:00,Internazionale,Udinese,
1605867491,ok,30.03 16:00,Toulouse,Brest,
1605867492,ok,30.03 21:45,Lille,Lens,
1605867493,ok,29.03 23:05,Monaco,Nice,
1605868073,ok,29.03 16:00,Real Sociedad,Real Valladolid,
1605868074,ok,29.03 23:00,Real Madrid,Leganes,
1605868075,ok,30.03 19:30,Valencia,Mallorca,
1605868076,ok,29.03 20:30,Alaves,Rayo Vallecano,
1605868077,ok,30.03 19:30,Athletic Club Bilbao,Osasuna,
1605868078,ok,29.03 18:15,Espanyol,Atletico Madrid,
1605868079,ok,30.03 21:45,Napoli,AC Milan,
1605868080,ok,29.03 22:45,Lecce,Roma,
1605868081,ok,30.03 16:00,Fiorentina,Atalanta,
1605868082,ok,28.03 22:45,Strasbourg,Lyon,
1605868083,ok,30.03 18:15,Auxerre,Montpellier,
1605868084,ok,29.03 19:00,Reims,Marseille,
1605868085,ok,30.03 18:15,Le Havre,Nantes,
1606341427,ok,05.04 16:00,Monza,Como,
1606341428,ok,06.04 19:00,Atalanta,Lazio,
1606341429,ok,06.04 13:30,Lecce,Venezia,
1606341430,ok,06.04 21:45,Roma,Juventus,
1606341431,ok,07.04 22:00,Leganes,Osasuna,
1606348702,ok,07.04 21:45,Bologna,Napoli,
1606348703,ok,06.04 16:00,Torino,Hellas Verona,
1606348704,ok,05.04 19:00,Parma,Internazionale,
1606348705,ok,05.04 17:15,Real Madrid,Valencia,
1606348708,ok,06.04 21:45,Marseille,Toulouse,
1606348709,ok,04.04 21:45,Nice,Nantes,
1606360700,ok,06.04 16:00,Empoli,Cagliari,
1606360701,ok,05.04 21:45,AC Milan,Fiorentina,
1606360702,ok,04.04 21:45,Genoa,Udinese,
1606360703,ok,06.04 22:00,Villarreal,Athletic Club Bilbao,
1606360704,ok,06.04 19:30,Real Valladolid,Getafe,
1606360708,ok,06.04 18:15,Rennes,Auxerre,
1606360709,ok,05.04 18:00,Paris Saint-Germain,Angers,
1606363167,ok,06.04 15:00,Las Palmas,Real Sociedad,
1606363168,ok,05.04 15:00,Girona,Alaves,
1606363169,ok,05.04 22:00,Barcelona,Real Betis,
1606363170,ok,05.04 19:30,Mallorca,Celta Vigo,
1606363171,ok,06.04 17:15,Sevilla,Atletico Madrid,
1606363172,ok,04.04 22:00,Rayo Vallecano,Espanyol,
1606363177,ok,06.04 18:15,Reims,Strasbourg,
1606363178,ok,06.04 18:15,Montpellier,Le Havre,
1606363179,ok,05.04 20:00,Brest,Monaco,
1606363180,ok,06.04 16:00,Lens,St Etienne,
1606363181,ok,05.04 22:05,Lyon,Lille,
1606927120,ok,14.04 22:00,Atletico Madrid,Real Valladolid,
1606927121,ok,13.04 17:15,Alaves,Real Madrid,
1606927122,ok,12.04 15:00,Real Sociedad,Mallorca,
1606927124,ok,13.04 13:30,Atalanta,Bologna,
1606927125,ok,12.04 16:00,Venezia,Monza,
1606927129,ok,14.04 21:45,Napoli,Empoli,
1606927132,ok,13.04 21:45,Auxerre,Lyon,
1606927133,ok,12.04 20:00,Toulouse,Lille,
1606927550,ok,12.04 19:30,Celta Vigo,Espanyol,
1606927551,ok,13.04 15:00,Osasuna,Girona,
1606927552,ok,11.04 22:00,Valencia,Sevilla,
1606927553,ok,13.04 22:00,Athletic Club Bilbao,Rayo Vallecano,
1606927555,ok,13.04 19:00,Como,Torino,
1606927556,ok,13.04 16:00,Fiorentina,Parma,
1606927559,ok,13.04 16:00,Hellas Verona,Genoa,
1606927560,ok,13.04 18:15,Le Havre,Rennes,
1606927561,ok,12.04 22:05,Strasbourg,Nice,
1606927562,ok,11.04 21:45,Lens,Reims,
1606927563,ok,13.04 18:15,Angers,Montpellier,
1606927616,ok,13.04 19:30,Real Betis,Villarreal,
1606927617,ok,12.04 22:00,Leganes,Barcelona,
1606927618,ok,12.04 17:15,Getafe,Las Palmas,
1606927620,ok,11.04 21:45,Udinese,AC Milan,
1606927621,ok,13.04 21:45,Lazio,Roma,
1606927622,ok,12.04 21:45,Juventus,Lecce,
1606927623,ok,12.04 19:00,Internazionale,Cagliari,
1606927628,ok,13.04 16:00,St Etienne,Brest,
1606927629,ok,12.04 18:00,Monaco,Marseille,
1607202279,ok,18.04 21:45,Rennes,Nantes,
1607204975,ok,18.04 22:00,Espanyol,Getafe,
1607245018,ok,19.04 15:00,Rayo Vallecano,Valencia,
1607248058,ok,19.04 16:00,Lecce,Como,
1607252823,ok,19.04 17:15,Barcelona,Celta Vigo,
1607252894,ok,19.04 18:00,Paris Saint-Germain,Le Havre,
1607262248,ok,19.04 19:00,Monza,Napoli,
1607263647,ok,19.04 19:30,Mallorca,Leganes,
1607266558,ok,19.04 20:00,Monaco,Strasbourg,
1607270689,ok,19.04 21:45,Roma,Hellas Verona,
1607275042,ok,19.04 22:05,Marseille,Montpellier,
1607275043,ok,19.04 22:00,Las Palmas,Atletico Madrid,
1607331891,ok,20.04 15:00,Real Valladolid,Osasuna,
1607336624,ok,20.04 16:00,Empoli,Venezia,
1607336632,ok,20.04 16:00,Lille,Auxerre,
1607344151,ok,20.04 17:15,Villarreal,Real Sociedad,
1607346773,ok,20.04 18:15,Brest,Lens,
1607347008,ok,20.04 18:15,Nice,Angers,
1607347010,ok,20.04 18:15,Reims,Toulouse,
1607349334,ok,20.04 19:00,Bologna,Internazionale,
1607349662,ok,20.04 19:30,Sevilla,Alaves,
1607361164,ok,20.04 21:45,AC Milan,Atalanta,
1607361236,ok,20.04 21:45,St Etienne,Lyon,
1607366074,ok,20.04 22:00,Real Madrid,Athletic Club Bilbao,
1607405224,ok,21.04 19:00,Genoa,Lazio,
1607405225,ok,21.04 21:45,Parma,Juventus,
1607405226,ok,21.04 16:00,Cagliari,Fiorentina,
1607405411,ok,21.04 13:30,Torino,Udinese,
1607405415,ok,21.04 22:00,Girona,Real Betis,
1607500598,ok,23.04 20:00,Celta Vigo,Villarreal,
1607500599,ok,24.04 20:00,Osasuna,Sevilla,
1607500600,ok,22.04 20:00,Valencia,Espanyol,
1607520767,ok,24.04 22:30,Real Betis,Real Valladolid,
1607520768,ok,23.04 22:30,Alaves,Real Sociedad,
1607520770,ok,24.04 22:30,Atletico Madrid,Rayo Vallecano,
1607520771,ok,24.04 20:00,Leganes,Girona,
1607520772,ok,23.04 22:30,Getafe,Real Madrid,
1607520773,ok,23.04 20:00,Athletic Club Bilbao,Las Palmas,
1607520774,ok,22.04 22:30,Barcelona,Mallorca,
1607707191,ok,25.04 21:45,Paris Saint-Germain,Nice,
1607715991,ok,26.04 18:00,Strasbourg,St Etienne,
1607733443,ok,26.04 20:00,Le Havre,Monaco,
1607733486,ok,26.04 22:05,Lyon,Rennes,
1607803938,ok,27.04 16:00,Angers,Lille,
1607815991,ok,27.04 18:15,Montpellier,Reims,
1607816043,ok,27.04 16:00,Fiorentina,Empoli,
1607816044,ok,27.04 13:30,Como,Genoa,
1607821992,ok,27.04 18:15,Lens,Auxerre,
1607821993,ok,27.04 18:15,Nantes,Toulouse,
1607822052,ok,28.04 21:45,Hellas Verona,Cagliari,
1607822057,ok,25.04 21:45,Atalanta,Lecce,
1607822058,ok,28.04 21:45,Lazio,Parma,
1607822059,ok,28.04 19:30,Udinese,Bologna,
1607822060,ok,27.04 13:30,Venezia,AC Milan,
1607822061,ok,27.04 21:45,Napoli,Torino,
1607822062,ok,27.04 19:00,Juventus,Monza,
1607825120,ok,27.04 16:00,Internazionale,Roma,
1607825314,ok,27.04 21:45,Marseille,Brest,
1607881501,ok,22.04 21:45,Nantes,Paris Saint-Germain,
1608130364,ok,02.05 22:00,Rayo Vallecano,Getafe,
1608175307,ok,03.05 15:00,Alaves,Atletico Madrid,
1608183598,ok,03.05 17:15,Villarreal,Osasuna,
1608187628,ok,03.05 19:30,Las Palmas,Valencia,
1608187686,ok,03.05 22:00,Real Valladolid,Barcelona,
1608187714,ok,03.05 18:00,Strasbourg,Paris Saint-Germain,
1608187715,ok,02.05 21:45,Nice,Reims,
1608187716,ok,03.05 20:00,Toulouse,Rennes,
1608187719,ok,03.05 22:05,St Etienne,Monaco,
1608211284,ok,03.05 21:45,Internazionale,Hellas Verona,
1608211285,ok,03.05 16:00,Parma,Como,
1608221558,ok,03.05 16:00,Cagliari,Udinese,
1608221559,ok,03.05 19:00,Lecce,Napoli,
1608221560,ok,02.05 21:45,Torino,Venezia,
1608267554,ok,04.05 13:30,Empoli,Lazio,
1608267608,ok,04.05 15:00,Real Madrid,Celta Vigo,
1608269316,ok,04.05 16:00,Monza,Atalanta,
1608269379,ok,04.05 17:15,Sevilla,Leganes,
1608271317,ok,04.05 16:00,Nantes,Angers,
1608277999,ok,04.05 18:15,Auxerre,Le Havre,
1608278000,ok,04.05 18:15,Lyon,Lens,
1608278097,ok,04.05 18:15,Brest,Montpellier,
1608278134,ok,04.05 19:00,Roma,Fiorentina,
1608284846,ok,04.05 19:30,Espanyol,Real Betis,
1608284903,ok,04.05 21:45,Bologna,Juventus,
1608284919,ok,04.05 22:00,Real Sociedad,Athletic Club Bilbao,
1608285008,ok,04.05 21:45,Lille,Marseille,
1608311352,ok,05.05 21:45,Genoa,AC Milan,
1608311447,ok,05.05 22:00,Girona,Mallorca,
1608588572,ok,09.05 22:00,Las Palmas,Rayo Vallecano,
1608638771,ok,10.05 15:00,Valencia,Getafe,
1608645685,ok,10.05 17:15,Celta Vigo,Sevilla,
1608645734,ok,10.05 19:30,Mallorca,Real Valladolid,
1608650366,ok,10.05 19:30,Girona,Villarreal,
1608650430,ok,10.05 22:00,Angers,Strasbourg,
1608650431,ok,10.05 22:00,Atletico Madrid,Real Sociedad,
1608663233,ok,10.05 22:00,Montpellier,Paris Saint-Germain,
1608663234,ok,10.05 22:00,Auxerre,Nantes,
1608663235,ok,10.05 22:00,Rennes,Nice,
1608663236,ok,10.05 22:00,Le Havre,Marseille,
1608663237,ok,10.05 22:00,Monaco,Lyon,
1608663238,ok,10.05 22:00,Toulouse,Lens,
1608663239,ok,10.05 22:00,Brest,Lille,
1608663240,ok,10.05 22:00,Reims,St Etienne,
1608731164,ok,11.05 15:00,Leganes,Espanyol,
1608737087,ok,11.05 17:15,Barcelona,Real Madrid,
1608743444,ok,11.05 21:45,Napoli,Genoa,
1608743445,ok,11.05 16:00,Hellas Verona,Lecce,
1608743446,ok,09.05 21:45,AC Milan,Bologna,
1608743447,ok,10.05 19:00,Lazio,Juventus,
1608743448,ok,11.05 19:00,Torino,Internazionale,
1608743465,ok,11.05 19:30,Athletic Club Bilbao,Alaves,
1608743517,ok,11.05 22:00,Real Betis,Osasuna,
1608744785,ok,10.05 21:45,Empoli,Parma,
1608744786,ok,10.05 16:00,Como,Cagliari,
1608744787,ok,12.05 21:45,Atalanta,Roma,
1608744788,ok,11.05 13:30,Udinese,Monza,
1608744789,ok,12.05 19:30,Venezia,Fiorentina,
1608842232,ok,13.05 21:00,Real Sociedad,Celta Vigo,
1608842940,ok,13.05 22:30,Sevilla,Las Palmas,
1608843023,ok,13.05 20:00,Real Valladolid,Girona,
1608864819,ok,14.05 20:00,Villarreal,Leganes,
1608864820,ok,14.05 20:00,Alaves,Valencia,
1608865016,ok,14.05 22:30,Real Madrid,Mallorca,
1608927823,ok,15.05 20:00,Rayo Vallecano,Real Betis,
1608945337,ok,15.05 22:30,Getafe,Athletic Club Bilbao,
1608956455,ok,15.05 20:00,Osasuna,Atletico Madrid,
1608956490,ok,15.05 22:30,Espanyol,Barcelona,
1609074693,ok,17.05 22:00,Lille,Reims,
1609074694,ok,17.05 22:00,St Etienne,Toulouse,
1609074695,ok,17.05 22:00,Strasbourg,Le Havre,
1609074696,ok,17.05 22:00,Nice,Brest,
1609074697,ok,17.05 22:00,Paris Saint-Germain,Auxerre,
1609080503,ok,17.05 22:00,Lyon,Angers,
1609080504,ok,17.05 22:00,Nantes,Montpellier,
1609080506,ok,17.05 22:00,Lens,Monaco,
1609086726,ok,17.05 22:00,Marseille,Rennes,
1609156478,ok,17.05 21:45,Genoa,Atalanta,
1609156480,ok,18.05 21:45,Parma,Napoli,
1609161580,ok,18.05 21:45,Hellas Verona,Como,
1609161581,ok,18.05 21:45,Fiorentina,Bologna,
1609161632,ok,18.05 20:00,Celta Vigo,Rayo Vallecano,
1609161633,ok,18.05 20:00,Mallorca,Getafe,
1609161634,ok,18.05 20:00,Las Palmas,Leganes,
1609161635,ok,18.05 20:00,Osasuna,Espanyol,
1609161636,ok,18.05 20:00,Atletico Madrid,Real Betis,
1609168854,ok,18.05 21:45,Monza,Empoli,
1609168856,ok,18.05 21:45,Internazionale,Lazio,
1609168857,ok,18.05 21:45,Cagliari,Venezia,
1609168858,ok,18.05 21:45,Lecce,Torino,
1609168859,ok,18.05 21:45,Roma,AC Milan,
1609168860,ok,18.05 21:45,Juventus,Udinese,
1609168919,ok,18.05 20:00,Barcelona,Villarreal,
1609168920,ok,18.05 20:00,Real Valladolid,Alaves,
1609168921,ok,18.05 20:00,Valencia,Athletic Club Bilbao,
1609169889,ok,18.05 20:00,Sevilla,Real Madrid,
1609169890,ok,18.05 20:00,Real Sociedad,Girona,
1609554228,ok,25.05 21:45,Lazio,Lecce,
1609554229,ok,25.05 21:45,Empoli,Hellas Verona,
1609554230,ok,24.05 21:45,AC Milan,Monza,
1609554231,ok,25.05 21:45,Torino,Roma,
1609554439,ok,24.05 19:00,Bologna,Genoa,
1609554440,ok,25.05 21:45,Atalanta,Parma,
1609554441,ok,23.05 21:45,Como,Internazionale,
1609555739,ok,23.05 21:45,Napoli,Cagliari,
1609555740,ok,25.05 21:45,Venezia,Juventus,
1609555741,ok,25.05 21:45,Udinese,Fiorentina,
1609563935,ok,24.05 22:00,Getafe,Celta Vigo,
1609564033,ok,23.05 22:00,Real Betis,Valencia,
1609564035,ok,25.05 22:00,Athletic Club Bilbao,Barcelona,
1609564038,ok,24.05 22:00,Rayo Vallecano,Mallorca,
1609564039,ok,24.05 22:00,Alaves,Osasuna,
1609565918,ok,24.05 19:30,Leganes,Real Valladolid,
1609565920,ok,24.05 19:30,Espanyol,Las Palmas,
1609565922,ok,25.05 15:00,Girona,Atletico Madrid,
1609565925,ok,24.05 17:15,Real Madrid,Real Sociedad,
1609565926,ok,25.05 17:15,Villarreal,Sevilla,
1610764580,ok,25.08 19:30,Udinese,Hellas Verona,
1610764581,ok,25.08 21:45,Internazionale,Torino,
1611253094,ok,16.08 22:05,Nice,Toulouse,
1611253095,ok,15.08 21:45,Rennes,Marseille,
1611253096,ok,23.08 16:30,Bayer Leverkusen,Hoffenheim,
1611253097,ok,24.08 16:30,Mainz 05,FC Koln,
1611253098,ok,24.08 18:30,Borussia Monchengladbach,Hamburger SV,
1611253099,ok,23.08 16:30,Eintracht Frankfurt,Werder Bremen,
1611255973,ok,17.08 18:15,Auxerre,Lorient,
1611255974,ok,17.08 18:15,Angers,Paris FC,
1611255975,ok,17.08 16:00,Brest,Lille,
1611255976,ok,23.08 16:30,Heidenheim,Wolfsburg,
1611255977,ok,23.08 19:30,St. Pauli,Borussia Dortmund,
1611256226,ok,17.08 21:45,Nantes,Paris Saint-Germain,
1611256227,ok,16.08 20:00,Monaco,Le Havre,
1611256228,ok,17.08 18:15,Metz,Strasbourg,
1611256229,ok,23.08 16:30,Freiburg,Augsburg,
1611256230,ok,23.08 16:30,Union Berlin,Stuttgart,
1611256231,ok,22.08 21:30,Bayern Munich,RB Leipzig,
1611375817,ok,15.08 22:30,Villarreal,Real Oviedo,
1611380095,ok,17.08 18:00,Celta Vigo,Getafe,
1611380096,ok,15.08 20:00,Girona,Rayo Vallecano,
1611394545,ok,16.08 22:30,Alaves,Levante,
1611394546,ok,17.08 20:30,Athletic Club Bilbao,Sevilla,
1611394547,ok,16.08 20:30,Mallorca,Barcelona,
1611394548,ok,16.08 22:30,Valencia,Real Sociedad,
1611395547,ok,19.08 22:00,Real Madrid,Osasuna,
1611395548,ok,17.08 22:30,Espanyol,Atletico Madrid,
1611395549,ok,18.08 22:00,Elche,Real Betis,
1611901090,ok,16.08 18:00,Lens,Lyon,
1612741702,ok,22.08 21:45,Paris Saint-Germain,Angers,
1612741717,ok,22.08 22:30,Real Betis,Alaves,
1612813704,ok,23.08 18:00,Marseille,Paris FC,
1612818014,ok,23.08 18:00,Mallorca,Celta Vigo,
1612819081,ok,23.08 20:00,Nice,Auxerre,
1612819090,ok,23.08 20:30,Atletico Madrid,Elche,
1612824333,ok,23.08 22:05,Lyon,Metz,
1612828505,ok,23.08 22:30,Levante,Barcelona,
1612926939,ok,24.08 16:00,Lorient,Rennes,
1612926987,ok,24.08 18:00,Osasuna,Valencia,
1612926996,ok,24.08 18:15,Strasbourg,Nantes,
1612929314,ok,24.08 18:15,Toulouse,Brest,
1612929358,ok,24.08 20:30,Real Sociedad,Espanyol,
1612929359,ok,24.08 20:30,Villarreal,Girona,
1612929418,ok,24.08 18:15,Le Havre,Lens,
1612936528,ok,24.08 21:45,Lille,Monaco,
1612936546,ok,24.08 22:30,Real Oviedo,Real Madrid,
1613013196,ok,25.08 22:30,Sevilla,Getafe,
1613014771,ok,25.08 20:30,Athletic Bilbao,Rayo Vallecano,
1613213689,ok,27.08 22:00,Celta Vigo,Real Betis,
1613234522,ok,29.08 19:30,Cremonese,Sassuolo,
1613234568,ok,29.08 21:30,Hamburger SV,St. Pauli,
1613234586,ok,29.08 21:45,Lecce,AC Milan,
1613234588,ok,29.08 21:45,Lens,Brest,
1613237529,ok,29.08 20:30,Elche,Levante,
1613269375,ok,29.08 22:30,Valencia,Getafe,
1613293727,ok,30.08 16:30,Werder Bremen,Bayer Leverkusen,
1613315548,ok,30.08 16:30,Hoffenheim,Eintracht Frankfurt,
1613315549,ok,30.08 16:30,RB Leipzig,Heidenheim,
1613315593,ok,30.08 18:00,Lorient,Lille,
1613321459,ok,30.08 16:30,Stuttgart,Borussia Monchengladbach,
1613321487,ok,30.08 18:00,Alaves,Atletico Madrid,
1613321509,ok,30.08 19:30,Augsburg,Bayern Munich,
1613324793,ok,30.08 19:30,Bologna,Como,
1613324800,ok,30.08 20:00,Real Oviedo,Real Sociedad,
1613324801,ok,30.08 20:00,Nantes,Auxerre,
1613331981,ok,30.08 19:30,Parma,Atalanta,
1613332016,ok,30.08 20:30,Girona,Sevilla,
1613332049,ok,30.08 22:05,Toulouse,Paris Saint-Germain,
1613338716,ok,30.08 21:45,Napoli,Cagliari,
1613338717,ok,30.08 21:45,Pisa,Roma,
1613338741,ok,30.08 22:30,Real Madrid,Mallorca,
1613437625,ok,31.08 16:00,Angers,Rennes,
1613437631,ok,31.08 16:30,Wolfsburg,Mainz 05,
1613440535,ok,31.08 18:00,Celta Vigo,Villarreal,
1613440539,ok,31.08 18:15,Monaco,Strasbourg,
1613440576,ok,31.08 19:30,Genoa,Juventus,
1613440577,ok,31.08 19:30,Torino,Fiorentina,
1613440600,ok,31.08 20:30,FC Koln,Freiburg,
1613440612,ok,31.08 21:45,Internazionale,Udinese,
1613441841,ok,31.08 18:15,Le Havre,Nice,
1613441842,ok,31.08 18:15,Paris FC,Metz,
1613441852,ok,31.08 18:30,Borussia Dortmund,Union Berlin,
1613441881,ok,31.08 20:00,Real Betis,Athletic Bilbao,
1613441886,ok,31.08 20:30,Espanyol,Osasuna,
1613441894,ok,31.08 21:45,Lyon,Marseille,
1613441913,ok,31.08 22:30,Rayo Vallecano,Barcelona,
1613446259,ok,31.08 21:45,Lazio,Hellas Verona,
1614003832,ok,14.09 21:45,AC Milan,Bologna,
1614003833,ok,15.09 21:45,Como,Genoa,
1614003834,ok,14.09 18:15,Metz,Angers,
1614003835,ok,13.09 22:05,Auxerre,Monaco,
1614003836,ok,14.09 16:00,Lille,Toulouse,
1614003837,ok,12.09 21:45,Marseille,Lorient,
1614003839,ok,12.09 22:00,Sevilla,Elche,
1614003840,ok,14.09 19:30,Osasuna,Rayo Vallecano,
1614003841,ok,13.09 19:30,Bayern Munich,Hamburger SV,
1614003842,ok,13.09 16:30,Union Berlin,Hoffenheim,
1614003843,ok,14.09 16:30,St. Pauli,Augsburg,
1614031941,ok,15.09 19:30,Hellas Verona,Cremonese,
1614031942,ok,14.09 19:00,Sassuolo,Lazio,
1614031943,ok,14.09 16:00,Pisa,Udinese,
1614031945,ok,14.09 21:45,Rennes,Lyon,
1614031946,ok,13.09 18:00,Nice,Nantes,
1614031947,ok,14.09 15:00,Celta Vigo,Girona,
1614031948,ok,13.09 17:15,Real Sociedad,Real Madrid,
1614031949,ok,14.09 17:15,Levante,Real Betis,
1614031950,ok,15.09 22:00,Espanyol,Mallorca,
1614031951,ok,14.09 22:00,Barcelona,Valencia,
1614031952,ok,12.09 21:30,Bayer Leverkusen,Eintracht Frankfurt,
1614031953,ok,13.09 16:30,Heidenheim,Borussia Dortmund,
1614031954,ok,13.09 16:30,Freiburg,Stuttgart,
1614031955,ok,13.09 16:30,Mainz 05,RB Leipzig,
1614037142,ok,14.09 13:30,Roma,Torino,
1614037143,ok,13.09 21:45,Fiorentina,Napoli,
1614037144,ok,14.09 16:00,Atalanta,Lecce,
1614037145,ok,13.09 16:00,Cagliari,Parma,
1614037146,ok,13.09 19:00,Juventus,Internazionale,
1614037147,ok,14.09 18:15,Brest,Paris FC,
1614037148,ok,14.09 18:15,Paris Saint-Germain,Lens,
1614037149,ok,14.09 18:15,Strasbourg,Le Havre,
1614037150,ok,13.09 15:00,Getafe,Real Oviedo,
1614037151,ok,13.09 19:30,Athletic Bilbao,Alaves,
1614037152,ok,13.09 22:00,Atletico Madrid,Villarreal,
1614037154,ok,14.09 18:30,Borussia Monchengladbach,Werder Bremen,
1614037155,ok,13.09 16:30,Wolfsburg,FC Koln,
1614588921,ok,21.09 16:00,Cremonese,Parma,
1614588922,ok,20.09 19:00,Hellas Verona,Juventus,
1614588923,ok,22.09 21:45,Napoli,Pisa,
1614588924,ok,21.09 16:00,Torino,Atalanta,
1614588925,ok,21.09 13:30,Lazio,Roma,
1614588926,ok,20.09 19:30,RB Leipzig,FC Koln,
1614588927,ok,20.09 16:30,Hamburger SV,Heidenheim,
1614588928,ok,21.09 18:30,Bayer Leverkusen,Borussia Monchengladbach,
1614588929,ok,21.09 18:15,Auxerre,Toulouse,
1614588930,ok,21.09 18:15,Le Havre,Lorient,
1614588931,ok,21.09 18:15,Monaco,Metz,
1614588932,ok,20.09 22:00,Valencia,Athletic Bilbao,
1614588933,ok,21.09 22:00,Barcelona,Getafe,
1614588934,ok,19.09 22:00,Real Betis,Real Sociedad,
1614588935,ok,21.09 17:15,Mallorca,Atletico Madrid,
1614588936,ok,20.09 17:15,Real Madrid,Espanyol,
1614589041,ok,20.09 16:00,Bologna,Genoa,
1614589042,ok,21.09 19:00,Fiorentina,Como,
1614589043,ok,19.09 21:30,Stuttgart,St. Pauli,
1614589044,ok,20.09 16:30,Augsburg,Mainz 05,
1614589045,ok,21.09 20:30,Borussia Dortmund,Wolfsburg,
1614589047,ok,20.09 16:30,Werder Bremen,Freiburg,
1614589048,ok,21.09 21:45,Marseille,Paris Saint-Germain,
1614589049,ok,20.09 22:05,Lens,Lille,
1614589050,ok,20.09 18:00,Nantes,Rennes,
1614589051,ok,19.09 21:45,Lyon,Angers,
1614589054,ok,21.09 19:30,Elche,Real Oviedo,
1614589055,ok,20.09 15:00,Girona,Levante,
1614589056,ok,21.09 15:00,Rayo Vallecano,Celta Vigo,
1614593729,ok,21.09 21:45,Internazionale,Sassuolo,
1614593730,ok,19.09 21:45,Lecce,Cagliari,
1614593731,ok,20.09 21:45,Udinese,AC Milan,
1614593732,ok,20.09 16:30,Hoffenheim,Bayern Munich,
1614593733,ok,21.09 16:30,Eintracht Frankfurt,Union Berlin,
1614593734,ok,20.09 20:00,Brest,Nice,
1614593735,ok,21.09 16:00,Paris FC,Strasbourg,
1614593736,ok,20.09 19:30,Alaves,Sevilla,
1614593737,ok,20.09 19:30,Villarreal,Osasuna,
1614889372,ok,23.09 20:00,Espanyol,Valencia,
1614889373,ok,23.09 20:00,Athletic Bilbao,Girona,
1614897651,ok,23.09 22:30,Levante,Real Madrid,
1614899902,ok,23.09 22:30,Sevilla,Villarreal,
1614938989,ok,24.09 20:00,Getafe,Alaves,
1614954167,ok,24.09 22:30,Real Sociedad,Mallorca,
1614954168,ok,24.09 22:30,Atletico Madrid,Rayo Vallecano,
1615009245,ok,25.09 20:30,Osasuna,Elche,
1615009268,ok,25.09 22:30,Real Oviedo,Barcelona,
1615101367,ok,26.09 21:30,Bayern Munich,Werder Bremen,
1615104410,ok,26.09 21:45,Strasbourg,Marseille,
1615104414,ok,26.09 22:00,Girona,Espanyol,
1615166868,ok,27.09 16:30,St. Pauli,Bayer Leverkusen,
1615166869,ok,27.09 16:30,Mainz 05,Borussia Dortmund,
1615166961,ok,27.09 15:00,Getafe,Levante,
1615166995,ok,27.09 16:00,Como,Cremonese,
1615167004,ok,27.09 16:30,Heidenheim,Augsburg,
1615167005,ok,27.09 16:30,Wolfsburg,RB Leipzig,
1615172582,ok,27.09 18:00,Lorient,Monaco,
1615172622,ok,27.09 19:30,Mallorca,Alaves,
1615174065,ok,27.09 17:15,Atletico Madrid,Real Madrid,
1615174992,ok,27.09 19:00,Juventus,Atalanta,
1615175002,ok,27.09 19:30,Borussia Monchengladbach,Eintracht Frankfurt,
1615175023,ok,27.09 20:00,Toulouse,Nantes,
1615183252,ok,27.09 22:00,Villarreal,Athletic Bilbao,
1615193163,ok,27.09 21:45,Cagliari,Internazionale,
1615193171,ok,27.09 22:05,Paris Saint-Germain,Auxerre,
1615277598,ok,28.09 13:30,Sassuolo,Udinese,
1615284896,ok,28.09 15:00,Rayo Vallecano,Sevilla,
1615290951,ok,28.09 16:00,Roma,Hellas Verona,
1615290952,ok,28.09 16:00,Pisa,Fiorentina,
1615290967,ok,28.09 16:30,Freiburg,Hoffenheim,
1615296399,ok,28.09 16:00,Nice,Paris FC,
1615300983,ok,28.09 17:15,Elche,Celta Vigo,
1615301021,ok,28.09 18:15,Angers,Brest,
1615301022,ok,28.09 18:15,Metz,Le Havre,
1615303691,ok,28.09 18:15,Lille,Lyon,
1615303716,ok,28.09 22:00,Real Betis,Osasuna,
1615303823,ok,28.09 18:30,FC Koln,Stuttgart,
1615303842,ok,28.09 19:00,Lecce,Bologna,
1615308820,ok,28.09 20:30,Union Berlin,Hamburger SV,
1615308847,ok,28.09 21:45,Rennes,Lens,
1615313017,ok,28.09 21:45,AC Milan,Napoli,
1615313028,ok,28.09 19:30,Barcelona,Real Sociedad,
1615393539,ok,29.09 19:30,Parma,Torino,
1615394977,ok,30.09 21:00,Valencia,Real Oviedo,
1615396519,ok,29.09 21:45,Genoa,Lazio,
1615646604,ok,03.10 22:00,Osasuna,Getafe,
1615652389,ok,03.10 21:30,Hoffenheim,FC Koln,
1615652396,ok,03.10 21:45,Paris FC,Lorient,
1615652398,ok,03.10 21:45,Hellas Verona,Sassuolo,
1615709365,ok,04.10 15:00,Real Oviedo,Levante,
1615709386,ok,04.10 16:00,Lazio,Torino,
1615709395,ok,04.10 16:30,Augsburg,Wolfsburg,
1615713953,ok,04.10 16:00,Parma,Lecce,
1615713957,ok,04.10 16:30,Borussia Dortmund,RB Leipzig,
1615713983,ok,04.10 17:15,Girona,Valencia,
1615716174,ok,04.10 16:30,Bayer Leverkusen,Union Berlin,
1615719272,ok,04.10 16:30,Werder Bremen,St. Pauli,
1615719314,ok,04.10 18:00,Metz,Marseille,
1615719354,ok,04.10 19:30,Athletic Bilbao,Mallorca,
1615719356,ok,04.10 19:30,Eintracht Frankfurt,Bayern Munich,
1615722620,ok,04.10 19:00,Internazionale,Cremonese,
1615724180,ok,04.10 20:00,Brest,Nantes,
1615731096,ok,04.10 21:45,Atalanta,Como,
1615731100,ok,04.10 22:05,Auxerre,Lens,
1615731101,ok,04.10 22:00,Real Madrid,Villarreal,
1615836030,ok,05.10 13:30,Udinese,Cagliari,
1615839979,ok,05.10 15:00,Alaves,Elche,
1615840013,ok,05.10 16:00,Bologna,Pisa,
1615845210,ok,05.10 16:00,Fiorentina,Roma,
1615845211,ok,05.10 16:00,Lyon,Toulouse,
1615845222,ok,05.10 16:30,Stuttgart,Heidenheim,
1615847606,ok,05.10 18:15,Strasbourg,Angers,
1615847642,ok,05.10 19:30,Real Sociedad,Rayo Vallecano,
1615847665,ok,05.10 20:30,Borussia Monchengladbach,Freiburg,
1615848141,ok,05.10 17:15,Sevilla,Barcelona,
1615848176,ok,05.10 18:15,Monaco,Nice,
1615848184,ok,05.10 18:30,Hamburger SV,Mainz 05,
1615850265,ok,05.10 18:15,Le Havre,Rennes,
1615850304,ok,05.10 19:00,Napoli,Genoa,
1615850310,ok,05.10 19:30,Espanyol,Real Betis,
1615856448,ok,05.10 21:45,Juventus,AC Milan,
1615859995,ok,05.10 21:45,Lille,Paris Saint-Germain,
1615860001,ok,05.10 22:00,Celta Vigo,Atletico Madrid,
1616788840,ok,17.10 21:30,Union Berlin,Borussia Monchengladbach,
1616788844,ok,17.10 21:45,Paris Saint-Germain,Strasbourg,
1616796460,ok,17.10 22:00,Real Oviedo,Espanyol,
1616818656,ok,18.10 16:30,RB Leipzig,Hamburger SV,
1616818657,ok,18.10 16:30,Heidenheim,Werder Bremen,
1616818658,ok,18.10 16:30,Wolfsburg,Stuttgart,
1616851705,ok,18.10 15:00,Sevilla,Mallorca,
1616851726,ok,18.10 16:00,Lecce,Sassuolo,
1616851735,ok,18.10 16:30,Mainz 05,Bayer Leverkusen,
1616854059,ok,18.10 16:00,Pisa,Hellas Verona,
1616854065,ok,18.10 16:30,FC Koln,Augsburg,
1616854083,ok,18.10 17:15,Barcelona,Girona,
1616854100,ok,18.10 18:00,Nice,Lyon,
1616854238,ok,18.10 20:00,Angers,Monaco,
1616864343,ok,18.10 19:00,Torino,Napoli,
1616864349,ok,18.10 19:30,Bayern Munich,Borussia Dortmund,
1616869976,ok,18.10 19:30,Villarreal,Real Betis,
1616870010,ok,18.10 21:45,Roma,Internazionale,
1616870055,ok,19.10 18:15,Rennes,Auxerre,
1616870056,ok,19.10 16:30,Freiburg,Eintracht Frankfurt,
1616870057,ok,19.10 16:00,Genoa,Parma,
1616870058,ok,19.10 21:45,AC Milan,Fiorentina,
1616870059,ok,20.10 21:45,Cremonese,Udinese,
1616870060,ok,19.10 22:00,Getafe,Real Madrid,
1616870061,ok,20.10 22:00,Alaves,Valencia,
1616873828,ok,18.10 22:00,Atletico Madrid,Osasuna,
1616873829,ok,18.10 22:05,Marseille,Le Havre,
1616873855,ok,19.10 18:15,Lorient,Brest,
1616873856,ok,19.10 18:30,St. Pauli,Hoffenheim,
1616873857,ok,19.10 16:00,Cagliari,Bologna,
1616873858,ok,19.10 19:00,Atalanta,Lazio,
1616873859,ok,19.10 17:15,Celta Vigo,Real Sociedad,
1616873860,ok,19.10 15:00,Elche,Athletic Bilbao,
1616873861,ok,19.10 19:30,Levante,Rayo Vallecano,
1616879345,ok,19.10 16:00,Lens,Paris FC,
1616879346,ok,19.10 13:30,Como,Juventus,
1616982373,ok,19.10 18:15,Toulouse,Metz,
1616984299,ok,25.10 20:00,Monaco,Toulouse,
1616984300,ok,25.10 16:30,Augsburg,RB Leipzig,
1616984301,ok,25.10 19:30,Borussia Dortmund,FC Koln,
1616984302,ok,25.10 16:30,Borussia Monchengladbach,Bayern Munich,
1616984303,ok,26.10 14:30,Torino,Genoa,
1616984304,ok,25.10 19:00,Napoli,Internazionale,
1616984305,ok,26.10 22:45,Lazio,Juventus,
1616984306,ok,25.10 15:00,Girona,Real Oviedo,
1616984307,ok,25.10 17:15,Espanyol,Elche,
1616984308,ok,25.10 19:30,Athletic Bilbao,Getafe,
1616984309,ok,26.10 16:00,Mallorca,Levante,
1616984310,ok,27.10 23:00,Real Betis,Atletico Madrid,
1616990713,ok,25.10 18:00,Brest,Paris Saint-Germain,
1616990714,ok,26.10 17:00,Lille,Metz,
1616990715,ok,25.10 22:05,Lens,Marseille,
1616990716,ok,24.10 21:45,Paris FC,Nantes,
1616990717,ok,25.10 16:30,Hoffenheim,Heidenheim,
1616990718,ok,24.10 21:30,Werder Bremen,Union Berlin,
1616990719,ok,25.10 16:30,Eintracht Frankfurt,St. Pauli,
1616990720,ok,25.10 16:30,Hamburger SV,Wolfsburg,
1616990721,ok,26.10 19:30,Stuttgart,Mainz 05,
1616990722,ok,26.10 17:30,Bayer Leverkusen,Freiburg,
1616990723,ok,25.10 21:45,Cremonese,Atalanta,
1616990724,ok,26.10 17:00,Sassuolo,Roma,
1616990725,ok,25.10 16:00,Parma,Como,
1616990726,ok,26.10 20:00,Fiorentina,Bologna,
1616990727,ok,24.10 21:45,AC Milan,Pisa,
1616990729,ok,26.10 23:00,Rayo Vallecano,Alaves,
1616990730,ok,26.10 18:15,Real Madrid,Barcelona,
1616990759,ok,19.10 21:45,Nantes,Lille,
1616994654,ok,26.10 22:45,Lyon,Strasbourg,
1616994655,ok,26.10 19:15,Auxerre,Le Havre,
1616994656,ok,26.10 19:15,Angers,Lorient,
1616994657,ok,26.10 19:15,Rennes,Nice,
1616994659,ok,26.10 17:00,Hellas Verona,Cagliari,
1616994660,ok,25.10 16:00,Udinese,Lecce,
1616994661,ok,24.10 22:00,Real Sociedad,Sevilla,
1616994662,ok,25.10 22:00,Valencia,Villarreal,
1616994663,ok,26.10 20:30,Osasuna,Celta Vigo,
1617374763,ok,28.10 20:30,Lecce,Napoli,
1617375811,ok,28.10 22:45,Atalanta,AC Milan,
1617405631,ok,29.10 20:30,Roma,Parma,
1617413116,ok,29.10 21:00,Le Havre,Brest,
1617413117,ok,29.10 21:00,Nice,Lille,
1617413164,ok,29.10 22:45,Bologna,Torino,
1617413171,ok,29.10 23:05,Strasbourg,Auxerre,
1617413231,ok,29.10 20:30,Como,Hellas Verona,
1617413232,ok,29.10 20:30,Juventus,Udinese,
1617413248,ok,29.10 21:00,Metz,Lens,
1617413249,ok,29.10 21:00,Lorient,Paris Saint-Germain,
1617413307,ok,29.10 22:45,Internazionale,Fiorentina,
1617413310,ok,29.10 23:05,Nantes,Monaco,
1617422549,ok,29.10 22:45,Genoa,Cremonese,
1617422555,ok,29.10 23:05,Toulouse,Rennes,
1617422556,ok,29.10 23:05,Paris FC,Lyon,
1617422557,ok,29.10 23:05,Marseille,Angers,
1617496098,ok,30.10 20:30,Cagliari,Sassuolo,
1617518951,ok,30.10 22:45,Pisa,Lazio,
1617575532,ok,31.10 22:30,Augsburg,Borussia Dortmund,
1617585473,ok,31.10 23:00,Getafe,Girona,
1617628785,ok,01.11 16:00,Villarreal,Rayo Vallecano,
1617635259,ok,01.11 17:00,Udinese,Atalanta,
1617635269,ok,01.11 17:30,Union Berlin,Freiburg,
1617635553,ok,01.11 17:30,Mainz 05,Werder Bremen,
1617635554,ok,01.11 17:30,St. Pauli,Borussia Monchengladbach,
1617635555,ok,01.11 17:30,RB Leipzig,Stuttgart,
1617635570,ok,01.11 18:15,Atletico Madrid,Sevilla,
1617635607,ok,01.11 19:00,Paris Saint-Germain,Nice,
1617641975,ok,01.11 17:30,Heidenheim,Eintracht Frankfurt,
1617646874,ok,01.11 20:30,Bayern Munich,Bayer Leverkusen,
1617646902,ok,01.11 21:00,Monaco,Paris FC,
1617652449,ok,01.11 20:00,Napoli,Como,
1617652505,ok,01.11 22:45,Cremonese,Juventus,
1617652509,ok,01.11 23:05,Auxerre,Marseille,
1617657080,ok,01.11 20:30,Real Sociedad,Athletic Bilbao,
1617664284,ok,01.11 23:00,Real Madrid,Valencia,
1617778541,ok,02.11 14:30,Hellas Verona,Internazionale,
1617778664,ok,02.11 16:00,Levante,Celta Vigo,
1617778686,ok,02.11 17:00,Rennes,Strasbourg,
1617778688,ok,02.11 17:00,Fiorentina,Lecce,
1617779255,ok,02.11 17:00,Torino,Pisa,
1617781187,ok,02.11 19:15,Lens,Lorient,
1617781188,ok,02.11 19:15,Nantes,Metz,
1617781226,ok,02.11 17:30,FC Koln,Hamburger SV,
1617781250,ok,02.11 18:15,Alaves,Espanyol,
1617781307,ok,02.11 19:15,Lille,Angers,
1617781308,ok,02.11 19:15,Toulouse,Le Havre,
1617782411,ok,02.11 22:45,AC Milan,Roma,
1617782419,ok,02.11 23:00,Real Betis,Mallorca,
1617782436,ok,02.11 19:30,Wolfsburg,Hoffenheim,
1617782449,ok,02.11 20:00,Parma,Bologna,
1617788560,ok,02.11 22:45,Brest,Lyon,
1617861324,ok,03.11 20:30,Sassuolo,Genoa,
1617862308,ok,03.11 22:45,Lazio,Cagliari,
1617866872,ok,03.11 23:00,Real Oviedo,Osasuna,
1618108832,ok,07.11 22:45,Paris FC,Rennes,
1618111747,ok,07.11 22:30,Werder Bremen,Wolfsburg,
1618111759,ok,07.11 23:00,Elche,Real Sociedad,
1618125619,ok,07.11 22:45,Pisa,Cremonese,
1618172611,ok,08.11 17:00,Como,Cagliari,
1618172619,ok,08.11 17:30,Union Berlin,Bayern Munich,
1618172620,ok,08.11 17:30,Hoffenheim,RB Leipzig,
1618172621,ok,08.11 17:30,Hamburger SV,Borussia Dortmund,
1618174870,ok,08.11 16:00,Girona,Alaves,
1618174888,ok,08.11 17:00,Lecce,Hellas Verona,
1618174895,ok,08.11 17:30,Bayer Leverkusen,Heidenheim,
1618180987,ok,08.11 18:15,Sevilla,Osasuna,
1618181087,ok,08.11 19:00,Marseille,Brest,
1618181120,ok,08.11 20:00,Juventus,Torino,
1618192264,ok,08.11 20:30,Atletico Madrid,Levante,
1618192265,ok,08.11 20:30,Borussia Monchengladbach,FC Koln,
1618203058,ok,08.11 22:45,Parma,AC Milan,
1618203065,ok,08.11 23:00,Espanyol,Villarreal,
1618206883,ok,08.11 23:05,Monaco,Lens,
1618211394,ok,08.11 21:00,Le Havre,Nantes,
1618298011,ok,09.11 14:30,Atalanta,Sassuolo,
1618303019,ok,09.11 16:00,Athletic Bilbao,Real Oviedo,
1618303054,ok,09.11 17:00,Bologna,Napoli,
1618303069,ok,09.11 17:30,Freiburg,St. Pauli,
1618304766,ok,09.11 17:00,Lorient,Toulouse,
1618307420,ok,09.11 17:00,Genoa,Fiorentina,
1618313207,ok,09.11 18:15,Rayo Vallecano,Real Madrid,
1618314563,ok,09.11 19:15,Angers,Auxerre,
1618314564,ok,09.11 19:15,Metz,Nice,
1618314582,ok,09.11 19:30,Stuttgart,Augsburg,
1618315801,ok,09.11 19:15,Strasbourg,Lille,
1618323259,ok,09.11 20:00,Roma,Udinese,
1618323271,ok,09.11 20:30,Mallorca,Getafe,
1618323311,ok,09.11 21:30,Eintracht Frankfurt,Mainz 05,
1618323348,ok,09.11 20:30,Valencia,Real Betis,
1618329848,ok,09.11 22:45,Lyon,Paris Saint-Germain,
1618329849,ok,09.11 22:45,Internazionale,Lazio,
1618333067,ok,09.11 23:00,Celta Vigo,Barcelona,
1618899362,ok,22.11 21:00,Rennes,Monaco,
1618899363,ok,22.11 17:30,Augsburg,Hamburger SV,
1618899364,ok,22.11 17:00,Cagliari,Genoa,
1618899365,ok,23.11 20:00,Lazio,Lecce,
1618899366,ok,23.11 17:30,RB Leipzig,Werder Bremen,
1618899367,ok,22.11 23:05,Paris Saint-Germain,Le Havre,
1618899368,ok,22.11 19:00,Lens,Strasbourg,
1618899369,ok,21.11 22:30,Mainz 05,Hoffenheim,
1618899372,ok,23.11 19:30,St. Pauli,Union Berlin,
1618899373,ok,22.11 17:30,Heidenheim,Borussia Monchengladbach,
1618899374,ok,21.11 23:00,Valencia,Levante,
1618899375,ok,23.11 23:00,Elche,Real Madrid,
1618899376,ok,22.11 16:00,Alaves,Celta Vigo,
1618917103,ok,21.11 22:45,Nice,Marseille,
1618917104,ok,22.11 22:45,Napoli,Atalanta,
1618917107,ok,22.11 17:00,Udinese,Bologna,
1618917109,ok,24.11 20:30,Torino,Como,
1618917110,ok,23.11 19:15,Toulouse,Angers,
1618917111,ok,23.11 19:15,Brest,Metz,
1618917114,ok,22.11 17:30,Bayern Munich,Freiburg,
1618917115,ok,23.11 14:30,Hellas Verona,Parma,
1618917116,ok,22.11 17:30,Wolfsburg,Bayer Leverkusen,
1618917117,ok,23.11 22:45,Internazionale,AC Milan,
1618917118,ok,22.11 20:00,Fiorentina,Juventus,
1618917120,ok,24.11 23:00,Espanyol,Sevilla,
1618917121,ok,23.11 16:00,Real Oviedo,Rayo Vallecano,
1618917122,ok,22.11 23:00,Villarreal,Mallorca,
1618917123,ok,23.11 20:30,Getafe,Atletico Madrid,
1618918939,ok,23.11 22:45,Lille,Paris FC,
1618918940,ok,23.11 19:15,Nantes,Lorient,
1618918941,ok,23.11 17:00,Auxerre,Lyon,
1618918942,ok,23.11 17:00,Cremonese,Roma,
1618918943,ok,22.11 20:30,FC Koln,Eintracht Frankfurt,
1618918944,ok,24.11 22:45,Sassuolo,Pisa,
1618918945,ok,22.11 17:30,Borussia Dortmund,Stuttgart,
1618918947,ok,23.11 18:15,Real Betis,Girona,
1618918948,ok,22.11 18:15,Barcelona,Athletic Bilbao,
1618921190,ok,22.11 20:30,Osasuna,Real Sociedad,
1619454341,ok,30.11 19:15,Lorient,Nice,
1619454342,ok,30.11 19:30,Eintracht Frankfurt,Wolfsburg,
1619454343,ok,29.11 17:30,Bayern Munich,St. Pauli,
1619454344,ok,29.11 20:30,Bayer Leverkusen,Borussia Dortmund,
1619454345,ok,29.11 17:30,Union Berlin,Heidenheim,
1619454346,ok,30.11 22:45,Roma,Napoli,
1619454347,ok,01.12 22:45,Bologna,Cremonese,
1619454348,ok,30.11 17:00,Pisa,Internazionale,
1619454349,ok,29.11 23:00,Atletico Madrid,Real Oviedo,
1619454453,ok,29.11 17:00,Parma,Udinese,
1619454454,ok,30.11 20:00,Atalanta,Fiorentina,
1619454455,ok,29.11 20:30,Levante,Athletic Bilbao,
1619454456,ok,29.11 23:05,Marseille,Toulouse,
1619454457,ok,30.11 18:15,Sevilla,Real Betis,
1619454458,ok,30.11 20:30,Celta Vigo,Espanyol,
1619454459,ok,30.11 14:30,Lecce,Torino,
1619456910,ok,30.11 22:45,Lyon,Nantes,
1619456911,ok,30.11 19:15,Angers,Lens,
1619456912,ok,29.11 19:00,Monaco,Paris Saint-Germain,
1619456913,ok,29.11 17:30,Werder Bremen,FC Koln,
1619456914,ok,29.11 22:45,AC Milan,Lazio,
1619456915,ok,28.11 23:00,Getafe,Elche,
1619456916,ok,28.11 22:45,Metz,Rennes,
1619456917,ok,30.11 19:15,Le Havre,Lille,
1619456918,ok,29.11 20:00,Juventus,Cagliari,
1619456919,ok,29.11 17:00,Genoa,Hellas Verona,
1619456920,ok,29.11 16:00,Mallorca,Osasuna,
1619456921,ok,28.11 22:45,Como,Sassuolo,
1619456922,ok,01.12 23:00,Rayo Vallecano,Valencia,
1619456923,ok,29.11 18:15,Barcelona,Alaves,
1619457694,ok,30.11 17:00,Strasbourg,Brest,
1619457695,ok,29.11 21:00,Paris FC,Auxerre,
1619457696,ok,28.11 22:30,Borussia Monchengladbach,RB Leipzig,
1619457697,ok,30.11 17:30,Hamburger SV,Stuttgart,
1619457698,ok,30.11 21:30,Freiburg,Mainz 05,
1619457699,ok,29.11 17:30,Hoffenheim,Augsburg,
1619457700,ok,30.11 16:00,Real Sociedad,Villarreal,
1619457701,ok,30.11 23:00,Girona,Real Madrid,
1619883996,ok,05.12 21:00,Brest,Monaco,
1619884022,ok,05.12 22:30,Mainz 05,Borussia Monchengladbach,
1619884038,ok,05.12 23:00,Lille,Marseille,
1619902579,ok,05.12 23:00,Real Oviedo,Mallorca,
1619926442,ok,06.12 16:00,Villarreal,Getafe,
1619926467,ok,06.12 17:00,Sassuolo,Fiorentina,
1619926479,ok,06.12 17:30,Heidenheim,Freiburg,
1619940463,ok,06.12 17:30,FC Koln,St. Pauli,
1619940465,ok,06.12 17:30,Stuttgart,Bayern Munich,
1619940466,ok,06.12 17:30,Augsburg,Bayer Leverkusen,
1619942012,ok,06.12 17:30,Wolfsburg,Union Berlin,
1619944566,ok,06.12 18:15,Alaves,Real Sociedad,
1619944579,ok,06.12 19:00,Nantes,Lens,
1619944609,ok,06.12 20:00,Internazionale,Como,
1619944619,ok,06.12 20:30,Real Betis,Barcelona,
1619950132,ok,06.12 20:30,RB Leipzig,Eintracht Frankfurt,
1619950177,ok,06.12 22:45,Hellas Verona,Atalanta,
1619950185,ok,06.12 23:05,Paris Saint-Germain,Rennes,
1619954188,ok,06.12 21:00,Toulouse,Strasbourg,
1619954237,ok,06.12 23:00,Athletic Bilbao,Atletico Madrid,
1620020702,ok,07.12 14:30,Cremonese,Lecce,
1620031268,ok,07.12 16:00,Elche,Girona,
1620041061,ok,07.12 17:00,Cagliari,Roma,
1620041068,ok,07.12 17:30,Hamburger SV,Werder Bremen,
1620041285,ok,07.12 17:00,Nice,Angers,
1620053250,ok,07.12 18:15,Valencia,Sevilla,
1620053294,ok,07.12 19:15,Le Havre,Paris FC,
1620053300,ok,07.12 19:30,Borussia Dortmund,Hoffenheim,
1620056432,ok,07.12 19:15,Auxerre,Metz,
1620062730,ok,07.12 20:30,Espanyol,Rayo Vallecano,
1620062805,ok,07.12 23:00,Real Madrid,Celta Vigo,
1620062842,ok,07.12 20:00,Lazio,Bologna,
1620062911,ok,07.12 22:45,Napoli,Juventus,
1620066779,ok,07.12 22:45,Lorient,Lyon,
1620122242,ok,08.12 20:00,Udinese,Genoa,
1620122243,ok,08.12 23:00,Osasuna,Levante,
1620128139,ok,08.12 17:00,Pisa,Parma,
1620128140,ok,08.12 22:45,Torino,AC Milan,
1620133498,ok,02.12 23:00,Barcelona,Atletico Madrid,
1620133509,ok,03.12 21:00,Athletic Bilbao,Real Madrid,
1620331120,ok,12.12 22:45,Lecce,Pisa,
1620344967,ok,12.12 22:30,Union Berlin,RB Leipzig,
1620344971,ok,12.12 22:45,Angers,Nantes,
1620344977,ok,12.12 23:00,Real Sociedad,Girona,
1620372750,ok,13.12 16:00,Atletico Madrid,Valencia,
1620376891,ok,13.12 17:30,St. Pauli,Heidenheim,
1620376892,ok,13.12 17:30,Hoffenheim,Hamburger SV,
1620395006,ok,13.12 17:00,Torino,Cremonese,
1620395020,ok,13.12 17:30,Borussia Monchengladbach,Wolfsburg,
1620398949,ok,13.12 17:30,Eintracht Frankfurt,Augsburg,
1620398969,ok,13.12 18:15,Mallorca,Elche,
1620398997,ok,13.12 19:00,Rennes,Brest,
1620399036,ok,13.12 20:30,Barcelona,Osasuna,
1620401050,ok,13.12 20:00,Parma,Lazio,
1620401058,ok,13.12 20:30,Bayer Leverkusen,FC Koln,
1620405579,ok,13.12 21:00,Metz,Paris Saint-Germain,
1620409472,ok,13.12 22:45,Atalanta,Cagliari,
1620409480,ok,13.12 23:05,Paris FC,Toulouse,
1620412274,ok,13.12 23:00,Getafe,Espanyol,
1620456694,ok,14.12 16:00,Sevilla,Real Oviedo,
1620481120,ok,14.12 14:30,AC Milan,Sassuolo,
1620488365,ok,14.12 17:00,Lyon,Le Havre,
1620488380,ok,14.12 17:30,Freiburg,Borussia Dortmund,
1620490406,ok,14.12 17:00,Udinese,Napoli,
1620490411,ok,14.12 17:00,Fiorentina,Hellas Verona,
1620490471,ok,14.12 18:15,Celta Vigo,Athletic Bilbao,
1620492434,ok,14.12 19:15,Strasbourg,Lorient,
1620492448,ok,14.12 19:30,Bayern Munich,Mainz 05,
1620500643,ok,14.12 19:15,Auxerre,Lille,
1620500646,ok,14.12 19:15,Lens,Nice,
1620500683,ok,14.12 20:30,Levante,Villarreal,
1620501765,ok,14.12 20:00,Genoa,Internazionale,
1620501807,ok,14.12 21:30,Werder Bremen,Stuttgart,
1620508338,ok,14.12 22:45,Bologna,Juventus,
1620508339,ok,14.12 22:45,Marseille,Monaco,
1620508341,ok,14.12 23:00,Alaves,Real Madrid,
1620572854,ok,15.12 22:45,Roma,Como,
1620572859,ok,15.12 23:00,Rayo Vallecano,Real Betis,
1620777508,ok,19.12 22:30,Borussia Dortmund,Borussia Monchengladbach,
1620779434,ok,19.12 23:00,Valencia,Mallorca,
1620803279,ok,20.12 16:00,Real Oviedo,Celta Vigo,
1620807731,ok,20.12 17:30,Hamburger SV,Eintracht Frankfurt,
1620807751,ok,20.12 18:15,Levante,Real Sociedad,
1620818180,ok,20.12 17:30,Stuttgart,Hoffenheim,
1620818181,ok,20.12 17:30,Wolfsburg,Freiburg,
1620818183,ok,20.12 17:30,Augsburg,Werder Bremen,
1620818184,ok,20.12 17:30,FC Koln,Union Berlin,
1620818250,ok,20.12 20:00,Lazio,Cremonese,
1620834845,ok,20.12 20:30,RB Leipzig,Bayer Leverkusen,
1620834846,ok,20.12 20:30,Osasuna,Alaves,
1620834890,ok,20.12 22:45,Juventus,Roma,
1620865477,ok,20.12 23:00,Real Madrid,Sevilla,
1620889050,ok,21.12 14:30,Cagliari,Pisa,
1620899232,ok,21.12 16:00,Girona,Atletico Madrid,
1620916753,ok,21.12 17:00,Sassuolo,Torino,
1620916765,ok,21.12 17:30,Mainz 05,St. Pauli,
1620925911,ok,15.01 20:30,Hellas Verona,Bologna,
1620925982,ok,21.12 18:15,Villarreal,Barcelona,
1620932879,ok,21.12 20:30,Elche,Rayo Vallecano,
1620936103,ok,21.12 19:30,Heidenheim,Bayern Munich,
1620936211,ok,21.12 20:00,Fiorentina,Udinese,
1620936283,ok,21.12 22:45,Genoa,Atalanta,
1620944130,ok,21.12 23:00,Real Betis,Getafe,
1620995932,ok,22.12 23:00,Athletic Bilbao,Espanyol,
1621171446,ok,27.12 14:30,Parma,Fiorentina,
1621178800,ok,27.12 17:00,Lecce,Como,
1621178801,ok,27.12 17:00,Torino,Cagliari,
1621210460,ok,27.12 20:00,Udinese,Lazio,
1621210514,ok,27.12 22:45,Pisa,Juventus,
1621244275,ok,28.12 14:30,AC Milan,Hellas Verona,
1621256315,ok,28.12 17:00,Cremonese,Napoli,
1621280035,ok,28.12 20:00,Bologna,Sassuolo,
1621284607,ok,28.12 22:45,Atalanta,Internazionale,
1621313344,ok,04.01 22:45,Paris Saint-Germain,Paris FC,
1621313345,ok,03.01 21:00,Nice,Strasbourg,
1621313346,ok,04.01 19:15,Lorient,Metz,
1621313347,ok,03.01 19:00,Monaco,Lyon,
1621313348,ok,04.01 16:00,Sevilla,Levante,
1621313349,ok,03.01 23:00,Espanyol,Barcelona,
1621313350,ok,02.01 23:00,Rayo Vallecano,Getafe,
1621313351,ok,03.01 20:30,Elche,Villarreal,
1621313352,ok,09.01 22:30,Eintracht Frankfurt,Borussia Dortmund,
1621316230,ok,29.12 22:45,Roma,Genoa,
1621316245,ok,03.01 23:05,Lille,Rennes,
1621316246,ok,03.01 18:15,Osasuna,Athletic Bilbao,
1621316247,ok,04.01 23:00,Real Sociedad,Atletico Madrid,
1621316248,ok,04.01 20:30,Alaves,Real Oviedo,
1621316249,ok,03.01 16:00,Celta Vigo,Valencia,
1621316251,ok,11.01 19:30,Bayern Munich,Wolfsburg,
1621316252,ok,10.01 20:30,Bayer Leverkusen,Stuttgart,
1621316253,ok,11.01 17:30,Borussia Monchengladbach,Augsburg,
1621317165,ok,02.01 22:45,Toulouse,Lens,
1621317166,ok,04.01 19:15,Le Havre,Angers,
1621317167,ok,04.01 19:15,Brest,Auxerre,
1621317168,ok,04.01 17:00,Marseille,Nantes,
1621317169,ok,04.01 20:30,Mallorca,Girona,
1621317170,ok,04.01 18:15,Real Madrid,Real Betis,
1621317172,ok,10.01 17:30,Heidenheim,FC Koln,
1621317173,ok,10.01 17:30,Union Berlin,Mainz 05,
1621317175,ok,10.01 17:30,Freiburg,Hamburger SV,
1621460738,ok,02.01 22:45,Cagliari,AC Milan,
1621465383,ok,03.01 14:30,Como,Udinese,
1621474078,ok,03.01 17:00,Sassuolo,Parma,
1621474080,ok,03.01 17:00,Genoa,Pisa,
1621502545,ok,03.01 20:00,Juventus,Lecce,
1621502569,ok,03.01 22:45,Atalanta,Roma,
1621533244,ok,04.01 14:30,Lazio,Napoli,
1621546831,ok,04.01 17:00,Fiorentina,Cremonese,
1621546912,ok,04.01 20:00,Hellas Verona,Torino,
1621571763,ok,04.01 22:45,Internazionale,Bologna,
1621583420,ok,13.01 22:30,Mainz 05,Heidenheim,
1621583421,ok,13.01 20:30,Stuttgart,Eintracht Frankfurt,
1621583422,ok,15.01 22:30,Augsburg,Union Berlin,
1621583423,ok,17.01 19:00,Lens,Auxerre,
1621583424,ok,18.01 19:15,Nantes,Paris FC,
1621586488,ok,13.01 22:30,Borussia Dortmund,Werder Bremen,
1621586489,ok,14.01 20:30,Wolfsburg,St. Pauli,
1621586490,ok,18.01 17:00,Strasbourg,Metz,
1621587368,ok,17.01 23:05,Angers,Marseille,
1621587369,ok,14.01 22:30,RB Leipzig,Freiburg,
1621587370,ok,18.01 19:15,Rennes,Le Havre,
1621587371,ok,14.01 22:30,FC Koln,Bayern Munich,
1621587372,ok,18.01 22:45,Lyon,Brest,
1621591914,ok,14.01 22:30,Hoffenheim,Borussia Monchengladbach,
1621591915,ok,17.01 21:00,Toulouse,Nice,
1621591916,ok,16.01 21:00,Monaco,Lorient,
1621591917,ok,13.01 22:30,Hamburger SV,Bayer Leverkusen,
1621591918,ok,16.01 23:00,Paris Saint-Germain,Lille,
1621596138,ok,11.01 18:15,Levante,Espanyol,
1621596139,ok,10.01 23:00,Valencia,Elche,
1621596140,ok,10.01 18:15,Villarreal,Alaves,
1621596141,ok,09.01 23:00,Getafe,Real Sociedad,
1621597126,ok,11.01 16:00,Rayo Vallecano,Mallorca,
1621597957,ok,10.01 16:00,Real Oviedo,Real Betis,
1621597958,ok,10.01 20:30,Girona,Osasuna,
1621597959,ok,12.01 23:00,Sevilla,Celta Vigo,
1621600570,ok,06.01 17:00,Pisa,Como,
1621600617,ok,06.01 22:45,Sassuolo,Juventus,
1621605820,ok,06.01 20:00,Lecce,Roma,
1621619956,ok,07.01 20:30,Napoli,Hellas Verona,
1621643199,ok,07.01 22:45,Torino,Udinese,
1621646301,ok,07.01 20:30,Bologna,Atalanta,
1621646334,ok,07.01 22:45,Lazio,Fiorentina,
1621646335,ok,07.01 22:45,Parma,Internazionale,
1621654405,ok,08.01 20:30,Cremonese,Cagliari,
1621654436,ok,08.01 22:45,AC Milan,Genoa,
1621690353,ok,10.01 17:00,Como,Bologna,
1621690374,ok,10.01 20:00,Roma,Sassuolo,
1621694222,ok,10.01 22:45,Atalanta,Torino,
1621698143,ok,10.01 17:00,Udinese,Pisa,
1621714889,ok,11.01 14:30,Lecce,Parma,
1621717723,ok,11.01 17:00,Fiorentina,AC Milan,
1621748102,ok,11.01 20:00,Hellas Verona,Lazio,
1621759246,ok,11.01 22:45,Internazionale,Napoli,
1621769049,ok,12.01 22:45,Juventus,Cremonese,
1621778627,ok,12.01 20:30,Genoa,Cagliari,
1621901900,ok,16.01 22:30,Werder Bremen,Eintracht Frankfurt,
1621901905,ok,16.01 22:45,Pisa,Atalanta,
1621901912,ok,16.01 23:00,Espanyol,Girona,
1621916480,ok,17.01 16:00,Real Madrid,Levante,
1621931685,ok,17.01 17:00,Udinese,Internazionale,
1621931686,ok,17.01 17:30,Wolfsburg,Heidenheim,
1621931697,ok,17.01 20:30,RB Leipzig,Bayern Munich,
1621931717,ok,17.01 23:00,Real Betis,Villarreal,
1621931805,ok,17.01 17:30,Hoffenheim,Bayer Leverkusen,
1621931819,ok,17.01 17:30,FC Koln,Mainz 05,
1621931820,ok,17.01 18:15,Mallorca,Athletic Bilbao,
1621931823,ok,17.01 17:30,Borussia Dortmund,St. Pauli,
1621931827,ok,17.01 17:30,Hamburger SV,Borussia Monchengladbach,
1621931828,ok,17.01 20:00,Napoli,Sassuolo,
1621931835,ok,17.01 22:45,Cagliari,Juventus,
1621935913,ok,17.01 20:30,Osasuna,Real Oviedo,
1621960219,ok,18.01 16:00,Getafe,Valencia,
1621962860,ok,18.01 14:30,Parma,Genoa,
1621975356,ok,18.01 17:00,Bologna,Fiorentina,
1621975979,ok,18.01 19:30,Augsburg,Freiburg,
1621976150,ok,18.01 17:30,Stuttgart,Union Berlin,
1621976202,ok,18.01 18:15,Atletico Madrid,Alaves,
1621983500,ok,18.01 20:30,Celta Vigo,Rayo Vallecano,
1621983904,ok,18.01 20:00,Torino,Roma,
1621990791,ok,18.01 22:45,AC Milan,Lecce,
1621990798,ok,18.01 23:00,Real Sociedad,Barcelona,
1622010096,ok,19.01 22:45,Lazio,Como,
1622010879,ok,19.01 20:30,Cremonese,Hellas Verona,
1622010924,ok,23.01 22:00,Auxerre,Paris Saint-Germain,
1622010925,ok,24.01 19:00,Rennes,Lorient,
1622010926,ok,24.01 23:05,Marseille,Lens,
1622010927,ok,25.01 19:15,Metz,Lyon,
1622012901,ok,19.01 23:00,Elche,Sevilla,
1622012903,ok,24.01 21:00,Le Havre,Monaco,
1622012904,ok,25.01 19:15,Paris FC,Angers,
1622013848,ok,25.01 19:15,Brest,Toulouse,
1622013849,ok,25.01 22:45,Lille,Strasbourg,
1622013850,ok,25.01 17:00,Nantes,Nice,
1622108215,ok,14.01 20:30,Napoli,Parma,
1622109437,ok,15.01 22:45,Como,AC Milan,
1622110370,ok,14.01 22:45,Internazionale,Lecce,
1622129543,ok,23.01 22:45,Internazionale,Pisa,
1622133186,ok,23.01 22:30,St. Pauli,Hamburger SV,
1622144377,ok,24.01 17:00,Como,Torino,
1622144385,ok,24.01 17:30,Bayern Munich,Augsburg,
1622150043,ok,24.01 17:30,Eintracht Frankfurt,Hoffenheim,
1622150106,ok,24.01 20:00,Fiorentina,Cagliari,
1622152571,ok,24.01 17:30,Bayer Leverkusen,Werder Bremen,
1622152573,ok,24.01 17:30,Mainz 05,Wolfsburg,
1622152574,ok,24.01 17:30,Heidenheim,RB Leipzig,
1622167372,ok,24.01 20:30,Union Berlin,Borussia Dortmund,
1622177442,ok,24.01 22:45,Lecce,Lazio,
1622212278,ok,25.01 14:30,Sassuolo,Cremonese,
1622212332,ok,24.01 20:30,Sevilla,Athletic Bilbao,
1622212334,ok,23.01 23:00,Levante,Elche,
1622221787,ok,24.01 18:15,Valencia,Espanyol,
1622221788,ok,25.01 16:00,Atletico Madrid,Mallorca,
1622221789,ok,24.01 23:00,Villarreal,Real Madrid,
1622221822,ok,25.01 17:00,Atalanta,Parma,
1622221914,ok,24.01 16:00,Rayo Vallecano,Osasuna,
1622221956,ok,25.01 17:30,Borussia Monchengladbach,Stuttgart,
1622223735,ok,25.01 17:00,Genoa,Bologna,
1622230156,ok,25.01 18:15,Barcelona,Real Oviedo,
1622232148,ok,25.01 19:30,Freiburg,FC Koln,
1622236039,ok,25.01 20:00,Juventus,Napoli,
1622236053,ok,25.01 20:30,Real Sociedad,Celta Vigo,
1622239604,ok,25.01 23:00,Alaves,Real Betis,
1622243912,ok,25.01 22:45,Roma,AC Milan,
1622269721,ok,26.01 22:45,Hellas Verona,Udinese,
1622272754,ok,26.01 23:00,Girona,Getafe,
1622315650,ok,27.01 22:30,St. Pauli,RB Leipzig,
1622315651,ok,27.01 22:30,Werder Bremen,Hoffenheim,
1622446119,ok,30.01 22:30,FC Koln,Wolfsburg,
1622449350,ok,30.01 22:45,Lens,Le Havre,
1622449356,ok,30.01 23:00,Espanyol,Alaves,
1622462798,ok,31.01 16:00,Real Oviedo,Girona,
1622485124,ok,31.01 17:30,Augsburg,St. Pauli,
1622485129,ok,31.01 17:30,Hoffenheim,Union Berlin,
1622495222,ok,31.01 17:30,Werder Bremen,Borussia Monchengladbach,
1622495223,ok,31.01 17:30,RB Leipzig,Mainz 05,
1622495224,ok,31.01 17:30,Eintracht Frankfurt,Bayer Leverkusen,
1622495252,ok,31.01 18:15,Osasuna,Villarreal,
1622502388,ok,31.01 19:00,Paris FC,Marseille,
1622502432,ok,31.01 21:00,Lorient,Nantes,
1622502497,ok,31.01 20:30,Levante,Atletico Madrid,
1622502498,ok,31.01 20:30,Hamburger SV,Bayern Munich,
1622502558,ok,31.01 23:05,Monaco,Rennes,
1622515784,ok,31.01 23:00,Elche,Barcelona,
1622543784,ok,01.02 16:00,Real Madrid,Rayo Vallecano,
1622562635,ok,30.01 22:45,Lazio,Genoa,
1622562637,ok,01.02 14:30,Torino,Lecce,
1622562638,ok,31.01 20:00,Napoli,Fiorentina,
1622562808,ok,03.02 22:45,Bologna,AC Milan,
1622562809,ok,01.02 20:00,Cremonese,Internazionale,
1622562810,ok,02.02 22:45,Udinese,Roma,
1622562822,ok,01.02 17:30,Stuttgart,Freiburg,
1622564506,ok,01.02 17:00,Como,Atalanta,
1622564507,ok,31.01 22:45,Cagliari,Hellas Verona,
1622564508,ok,01.02 17:00,Lyon,Lille,
1622564511,ok,01.02 22:45,Parma,Juventus,
1622564512,ok,31.01 17:00,Pisa,Sassuolo,
1622571062,ok,01.02 18:15,Real Betis,Valencia,
1622572330,ok,01.02 19:15,Toulouse,Auxerre,
1622572331,ok,01.02 19:15,Nice,Brest,
1622572344,ok,01.02 19:30,Borussia Dortmund,Heidenheim,
1622572382,ok,01.02 20:30,Getafe,Celta Vigo,
1622572999,ok,01.02 19:15,Angers,Metz,
1622578502,ok,01.02 23:00,Athletic Bilbao,Real Sociedad,
1622579591,ok,01.02 22:45,Strasbourg,Paris Saint-Germain,
1622626398,ok,02.02 23:00,Mallorca,Sevilla,
1622820015,ok,06.02 22:45,Hellas Verona,Pisa,
1622825248,ok,06.02 22:45,Metz,Lille,
1622825261,ok,06.02 23:00,Celta Vigo,Osasuna,
1622825359,ok,06.02 22:30,Union Berlin,Eintracht Frankfurt,
1622846016,ok,07.02 16:00,Rayo Vallecano,Real Oviedo,
1622861366,ok,07.02 17:30,St. Pauli,Stuttgart,
1622865068,ok,07.02 17:30,Mainz 05,Augsburg,
1622865088,ok,07.02 18:15,Barcelona,Mallorca,
1622865102,ok,07.02 19:00,Lens,Rennes,
1622872679,ok,07.02 17:30,Freiburg,Werder Bremen,
1622872680,ok,07.02 17:30,Wolfsburg,Borussia Dortmund,
1622872681,ok,07.02 17:30,Heidenheim,Hamburger SV,
1622872763,ok,07.02 20:30,Sevilla,Girona,
1622883919,ok,07.02 20:00,Genoa,Napoli,
1622883926,ok,07.02 20:30,Borussia Monchengladbach,Bayer Leverkusen,
1622883938,ok,07.02 21:00,Brest,Lorient,
1622883982,ok,07.02 23:05,Nantes,Lyon,
1622890805,ok,07.02 22:45,Fiorentina,Torino,
1622895166,ok,07.02 23:00,Real Sociedad,Elche,
1622934069,ok,08.02 14:30,Bologna,Parma,
1622945707,ok,08.02 16:00,Alaves,Getafe,
1622945743,ok,08.02 17:00,Nice,Monaco,
1622959824,ok,08.02 17:00,Lecce,Udinese,
1622959841,ok,08.02 17:30,FC Koln,RB Leipzig,
1622959886,ok,08.02 18:15,Athletic Bilbao,Levante,
1622959918,ok,08.02 19:15,Le Havre,Strasbourg,
1622959919,ok,08.02 19:15,Auxerre,Paris FC,
1622963310,ok,08.02 20:00,Sassuolo,Internazionale,
1622968202,ok,08.02 19:15,Angers,Toulouse,
1622968211,ok,08.02 19:30,Bayern Munich,Hoffenheim,
1622968249,ok,08.02 20:30,Atletico Madrid,Real Betis,
1622971956,ok,09.02 23:00,Villarreal,Espanyol,
1622973039,ok,08.02 22:45,Paris Saint-Germain,Marseille,
1622973040,ok,08.02 22:45,Juventus,Lazio,
1622978206,ok,08.02 23:00,Valencia,Real Madrid,
1623016928,ok,09.02 20:30,Atalanta,Cremonese,
1623026170,ok,09.02 22:45,Roma,Cagliari,
1623234545,ok,13.02 23:00,Elche,Osasuna,
1623235780,ok,13.02 22:30,Borussia Dortmund,Mainz 05,
1623269474,ok,14.02 16:00,Espanyol,Celta Vigo,
1623269519,ok,14.02 17:30,Eintracht Frankfurt,Borussia Monchengladbach,
1623269520,ok,14.02 17:30,Werder Bremen,Bayern Munich,
1623269521,ok,14.02 17:30,Bayer Leverkusen,St. Pauli,
1623277593,ok,14.02 20:30,Sevilla,Alaves,
1623286356,ok,14.02 17:30,Hamburger SV,Union Berlin,
1623286357,ok,14.02 17:30,Hoffenheim,Freiburg,
1623286433,ok,14.02 20:30,Stuttgart,FC Koln,
1623293984,ok,15.02 18:15,Rayo Vallecano,Atletico Madrid,
1623307612,ok,14.02 23:00,Real Madrid,Real Sociedad,
1623356570,ok,15.02 16:00,Real Oviedo,Athletic Bilbao,
1623373842,ok,15.02 17:00,Cremonese,Genoa,
1623373843,ok,15.02 17:00,Parma,Hellas Verona,
1623373844,ok,14.02 21:00,Lille,Brest,
1623373845,ok,15.02 19:15,Metz,Auxerre,
1623373846,ok,14.02 22:45,Internazionale,Juventus,
1623382574,ok,15.02 17:00,Le Havre,Toulouse,
1623382575,ok,15.02 20:00,Torino,Bologna,
1623382576,ok,13.02 22:45,Pisa,AC Milan,
1623382577,ok,13.02 21:00,Rennes,Paris Saint-Germain,
1623382578,ok,15.02 19:15,Lorient,Angers,
1623382579,ok,15.02 14:30,Udinese,Sassuolo,
1623382580,ok,16.02 22:45,Cagliari,Lecce,
1623382901,ok,14.02 23:05,Paris FC,Lens,
1623382902,ok,14.02 17:00,Como,Fiorentina,
1623382903,ok,15.02 22:45,Lyon,Nice,
1623382904,ok,14.02 19:00,Marseille,Strasbourg,
1623382906,ok,15.02 22:45,Napoli,Roma,
1623382907,ok,13.02 23:05,Monaco,Nantes,
1623382908,ok,14.02 20:00,Lazio,Atalanta,
1623382920,ok,15.02 17:30,Augsburg,Heidenheim,
1623385133,ok,14.02 18:15,Getafe,Villarreal,
1623389840,ok,15.02 19:30,RB Leipzig,Wolfsburg,
1623394774,ok,15.02 20:30,Levante,Valencia,
1623396192,ok,15.02 23:00,Mallorca,Real Betis,
1623441829,ok,16.02 23:00,Girona,Barcelona,
1623533101,ok,18.02 22:45,AC Milan,Como,
1623660037,ok,20.02 22:45,Brest,Marseille,
1623660038,ok,20.02 22:45,Sassuolo,Hellas Verona,
1623660043,ok,20.02 23:00,Athletic Bilbao,Elche,
1623687827,ok,21.02 16:00,Real Sociedad,Real Oviedo,
1623687903,ok,21.02 19:00,Lens,Monaco,
1623698429,ok,21.02 17:00,Juventus,Como,
1623698441,ok,21.02 17:30,Union Berlin,Bayer Leverkusen,
1623698442,ok,21.02 17:30,FC Koln,Hoffenheim,
1623698443,ok,21.02 17:30,Wolfsburg,Augsburg,
1623703037,ok,21.02 17:30,Bayern Munich,Eintracht Frankfurt,
1623703066,ok,21.02 18:15,Real Betis,Rayo Vallecano,
1623723139,ok,21.02 20:30,Osasuna,Real Madrid,
1623734220,ok,21.02 20:00,Lecce,Internazionale,
1623734236,ok,21.02 20:30,RB Leipzig,Borussia Dortmund,
1623734257,ok,21.02 21:00,Toulouse,Paris FC,
1623734311,ok,21.02 22:45,Cagliari,Lazio,
1623745386,ok,21.02 23:05,Paris Saint-Germain,Metz,
1623745549,ok,21.02 23:00,Atletico Madrid,Espanyol,
1623770930,ok,22.02 14:30,Genoa,Torino,
1623793861,ok,22.02 16:00,Getafe,Sevilla,
1623793904,ok,22.02 17:00,Auxerre,Rennes,
1623793918,ok,22.02 17:30,Freiburg,Borussia Monchengladbach,
1623794020,ok,22.02 17:00,Atalanta,Napoli,
1623808055,ok,22.02 19:15,Nice,Lorient,
1623808056,ok,22.02 19:15,Angers,Lille,
1623808064,ok,22.02 19:30,St. Pauli,Werder Bremen,
1623808648,ok,22.02 18:15,Barcelona,Levante,
1623808696,ok,22.02 19:15,Nantes,Le Havre,
1623817104,ok,22.02 21:30,Heidenheim,Stuttgart,
1623817134,ok,22.02 20:00,AC Milan,Parma,
1623817159,ok,22.02 20:30,Celta Vigo,Mallorca,
1623826380,ok,22.02 22:45,Strasbourg,Lyon,
1623826381,ok,22.02 22:45,Roma,Cremonese,
1623830358,ok,22.02 23:00,Villarreal,Valencia,
1623869317,ok,23.02 20:30,Fiorentina,Pisa,
1623874427,ok,23.02 23:00,Alaves,Girona,
1623875463,ok,23.02 22:45,Bologna,Udinese,
1624075377,ok,27.02 22:30,Augsburg,FC Koln,
1624088582,ok,27.02 22:45,Strasbourg,Lens,
1624088587,ok,27.02 23:00,Levante,Alaves,
1624098179,ok,28.02 16:00,Rayo Vallecano,Athletic Bilbao,
1624124580,ok,28.02 17:30,Bayer Leverkusen,Mainz 05,
1624124581,ok,28.02 17:30,Borussia Monchengladbach,Union Berlin,
1624124623,ok,28.02 19:00,Rennes,Toulouse,
1624128182,ok,28.02 17:30,Hoffenheim,St. Pauli,
1624128183,ok,28.02 17:30,Werder Bremen,Heidenheim,
1624128271,ok,28.02 20:30,Borussia Dortmund,Bayern Munich,
1624128272,ok,28.02 20:30,Mallorca,Real Sociedad,
1624160600,ok,28.02 21:00,Monaco,Angers,
1624176692,ok,28.02 23:05,Le Havre,Paris Saint-Germain,
1624176693,ok,28.02 23:00,Real Oviedo,Atletico Madrid,
1624212254,ok,01.03 16:00,Elche,Espanyol,
1624220204,ok,01.03 22:45,Roma,Juventus,
1624220207,ok,28.02 17:00,Como,Lecce,
1624220208,ok,28.02 22:45,Internazionale,Genoa,
1624221174,ok,01.03 17:00,Paris FC,Nice,
1624221175,ok,02.03 20:30,Pisa,Bologna,
1624221177,ok,28.02 20:00,Hellas Verona,Napoli,
1624221178,ok,02.03 22:45,Udinese,Fiorentina,
1624221186,ok,01.03 14:30,Cremonese,AC Milan,
1624226948,ok,01.03 17:00,Sassuolo,Atalanta,
1624226950,ok,27.02 22:45,Parma,Cagliari,
1624226958,ok,01.03 20:00,Torino,Lazio,
1624226963,ok,01.03 17:30,Stuttgart,Wolfsburg,
1624234442,ok,01.03 19:15,Lorient,Auxerre,
1624234443,ok,01.03 19:15,Metz,Brest,
1624237802,ok,01.03 18:15,Valencia,Osasuna,
1624237919,ok,01.03 19:15,Lille,Nantes,
1624237934,ok,01.03 19:30,Eintracht Frankfurt,Freiburg,
1624242933,ok,01.03 20:30,Real Betis,Sevilla,
1624243528,ok,28.02 18:15,Barcelona,Villarreal,
1624243611,ok,01.03 23:00,Girona,Celta Vigo,
1624243783,ok,01.03 21:30,Hamburger SV,RB Leipzig,
1624243826,ok,01.03 22:45,Marseille,Lyon,
1624297253,ok,02.03 23:00,Real Madrid,Getafe,
1624503297,ok,06.03 22:30,Bayern Munich,Borussia Monchengladbach,
1624503303,ok,06.03 22:45,Paris Saint-Germain,Monaco,
1624503321,ok,07.03 16:00,Osasuna,Mallorca,
1624530630,ok,08.03 18:15,Getafe,Real Betis,
1624530657,ok,07.03 17:30,RB Leipzig,Augsburg,
1624530659,ok,07.03 17:30,Mainz 05,Stuttgart,
1624535737,ok,07.03 17:30,Heidenheim,Hoffenheim,
1624540612,ok,07.03 17:30,Freiburg,Bayer Leverkusen,
1624540615,ok,07.03 17:30,Wolfsburg,Hamburger SV,
1624540641,ok,07.03 18:15,Levante,Girona,
1624540660,ok,07.03 19:00,Nantes,Angers,
1624573499,ok,07.03 20:30,Atletico Madrid,Real Sociedad,
1624573500,ok,07.03 20:30,FC Koln,Borussia Dortmund,
1624579728,ok,07.03 21:00,Auxerre,Strasbourg,
1624579777,ok,06.03 23:00,Celta Vigo,Real Madrid,
1624589834,ok,07.03 23:05,Toulouse,Marseille,
1624644734,ok,08.03 16:00,Villarreal,Elche,
1624664967,ok,09.03 22:45,Lazio,Sassuolo,
1624664977,ok,08.03 20:00,Genoa,Roma,
1624665243,ok,06.03 22:45,Napoli,Torino,
1624665244,ok,07.03 17:00,Cagliari,Como,
1624665252,ok,07.03 22:45,Juventus,Pisa,
1624670386,ok,08.03 17:00,Bologna,Hellas Verona,
1624670387,ok,08.03 14:30,Lecce,Cremonese,
1624670388,ok,08.03 17:00,Lens,Metz,
1624670399,ok,08.03 22:45,AC Milan,Internazionale,
1624670400,ok,08.03 17:00,Fiorentina,Parma,
1624670401,ok,07.03 20:00,Atalanta,Udinese,
1624670411,ok,08.03 17:30,St. Pauli,Eintracht Frankfurt,
1624679991,ok,07.03 23:00,Athletic Bilbao,Barcelona,
1624683069,ok,08.03 19:15,Brest,Le Havre,
1624683077,ok,08.03 19:30,Union Berlin,Werder Bremen,
1624683088,ok,08.03 20:30,Sevilla,Rayo Vallecano,
1624683408,ok,08.03 19:15,Lille,Lorient,
1624688048,ok,08.03 19:15,Nice,Rennes,
1624701046,ok,08.03 23:00,Valencia,Alaves,
1624703256,ok,08.03 22:45,Lyon,Paris FC,
1624742944,ok,09.03 23:00,Espanyol,Real Oviedo,
1624979573,ok,13.03 23:00,Alaves,Villarreal,
1624979762,ok,13.03 22:30,Borussia Monchengladbach,St. Pauli,
1625019034,ok,14.03 16:00,Girona,Athletic Bilbao,
1625049669,ok,14.03 17:30,Bayer Leverkusen,Bayern Munich,
1625049670,ok,14.03 17:30,Hoffenheim,Wolfsburg,
1625049696,ok,14.03 18:15,Atletico Madrid,Getafe,
1625049745,ok,14.03 20:30,Real Oviedo,Valencia,
1625049746,ok,14.03 20:30,Hamburger SV,FC Koln,
1625051926,ok,14.03 17:30,Eintracht Frankfurt,Heidenheim,
1625051927,ok,14.03 17:30,Borussia Dortmund,Augsburg,
1625080323,ok,14.03 23:00,Real Madrid,Elche,
1625124894,ok,13.03 22:45,Torino,Parma,
1625124896,ok,15.03 17:00,Sassuolo,Bologna,
1625124897,ok,14.03 22:45,Udinese,Juventus,
1625124898,ok,14.03 21:00,Angers,Nice,
1625136566,ok,14.03 23:05,Monaco,Brest,
1625136567,ok,13.03 22:45,Marseille,Auxerre,
1625136568,ok,14.03 19:00,Lorient,Lens,
1625136569,ok,14.03 17:00,Internazionale,Atalanta,
1625154997,ok,15.03 14:30,Hellas Verona,Genoa,
1625155116,ok,15.03 17:30,Werder Bremen,Mainz 05,
1625155378,ok,15.03 16:00,Mallorca,Espanyol,
1625155428,ok,15.03 17:00,Pisa,Cagliari,
1625155430,ok,15.03 17:00,Strasbourg,Paris FC,
1625172864,ok,15.03 18:15,Barcelona,Sevilla,
1625172893,ok,15.03 19:15,Le Havre,Lyon,
1625172903,ok,15.03 19:30,Freiburg,Union Berlin,
1625178865,ok,15.03 19:15,Metz,Toulouse,
1625185167,ok,15.03 20:00,Como,Roma,
1625186277,ok,14.03 20:00,Napoli,Lecce,
1625186292,ok,15.03 20:30,Real Betis,Celta Vigo,
1625186339,ok,15.03 21:30,Stuttgart,RB Leipzig,
1625186621,ok,15.03 22:45,Lazio,AC Milan,
1625198063,ok,15.03 23:00,Real Sociedad,Osasuna,
1625201618,ok,15.03 22:45,Rennes,Lille,
1625249125,ok,16.03 22:45,Cremonese,Fiorentina,
1625249130,ok,16.03 23:00,Rayo Vallecano,Levante,
1625486888,ok,20.03 20:30,Cagliari,Napoli,
1625518163,ok,20.03 22:45,Genoa,Udinese,
1625518247,ok,20.03 22:30,RB Leipzig,Hoffenheim,
1625518267,ok,20.03 23:00,Villarreal,Real Sociedad,
1625550020,ok,21.03 16:00,Elche,Mallorca,
1625550055,ok,21.03 17:30,Heidenheim,Bayer Leverkusen,
1625550056,ok,21.03 17:30,FC Koln,Borussia Monchengladbach,
1625552963,ok,21.03 17:00,Parma,Cremonese,
1625552982,ok,21.03 17:30,Bayern Munich,Union Berlin,
1625552983,ok,21.03 17:30,Wolfsburg,Werder Bremen,
1625553024,ok,21.03 19:00,Toulouse,Lorient,
1625556232,ok,20.03 22:45,Lens,Angers,
1625587679,ok,21.03 18:15,Espanyol,Getafe,
1625597331,ok,21.03 20:00,AC Milan,Torino,
1625597380,ok,21.03 21:00,Auxerre,Brest,
1625597840,ok,21.03 20:30,Levante,Real Oviedo,
1625597841,ok,21.03 20:30,Osasuna,Girona,
1625610785,ok,21.03 20:30,Borussia Dortmund,Hamburger SV,
1625618045,ok,21.03 22:45,Juventus,Sassuolo,
1625618051,ok,21.03 23:05,Nice,Paris Saint-Germain,
1625618161,ok,21.03 23:00,Sevilla,Valencia,
1625656530,ok,22.03 14:30,Como,Pisa,
1625674730,ok,22.03 16:00,Barcelona,Rayo Vallecano,
1625674778,ok,22.03 17:00,Bologna,Lazio,
1625674779,ok,22.03 17:00,Atalanta,Hellas Verona,
1625674804,ok,22.03 17:30,Mainz 05,Eintracht Frankfurt,
1625690375,ok,22.03 17:00,Lyon,Monaco,
1625690449,ok,22.03 18:15,Celta Vigo,Alaves,
1625693959,ok,22.03 19:30,St. Pauli,Freiburg,
1625696348,ok,22.03 19:15,Paris FC,Le Havre,
1625696349,ok,22.03 19:15,Marseille,Lille,
1625701197,ok,22.03 19:15,Rennes,Metz,
1625701266,ok,22.03 20:30,Athletic Bilbao,Real Betis,
1625705667,ok,22.03 20:00,Roma,Lecce,
1625711738,ok,22.03 21:30,Augsburg,Stuttgart,
1625711769,ok,22.03 22:45,Nantes,Strasbourg,
1625715053,ok,22.03 22:45,Fiorentina,Internazionale,
1625715062,ok,22.03 23:00,Real Madrid,Atletico Madrid,
1626173970,ok,04.04 16:00,Sassuolo,Cagliari,
1626173971,ok,06.04 13:30,Udinese,Como,
1626177374,ok,04.04 19:00,Hellas Verona,Fiorentina,
1626177375,ok,05.04 16:00,Cremonese,Bologna,
1626177376,ok,05.04 19:00,Pisa,Torino,
1626177377,ok,06.04 21:45,Napoli,AC Milan,
1626177378,ok,04.04 22:05,Lille,Lens,
1626177379,ok,05.04 21:45,Monaco,Marseille,
1626177383,ok,04.04 16:30,Freiburg,Bayern Munich,
1626177384,ok,04.04 16:30,Werder Bremen,RB Leipzig,
1626177385,ok,04.04 16:30,Hoffenheim,Mainz 05,
1626177386,ok,04.04 16:30,Hamburger SV,Augsburg,
1626177387,ok,05.04 16:30,Union Berlin,St. Pauli,
1626180284,ok,04.04 21:45,Lazio,Parma,
1626180285,ok,05.04 21:45,Internazionale,Roma,
1626180286,ok,03.04 21:45,Paris Saint-Germain,Toulouse,
1626180287,ok,05.04 16:00,Angers,Lyon,
1626180288,ok,05.04 18:15,Metz,Nantes,
1626180289,ok,05.04 18:15,Le Havre,Auxerre,
1626180290,ok,05.04 18:30,Eintracht Frankfurt,FC Koln,
1626180291,ok,04.04 16:30,Borussia Monchengladbach,Heidenheim,
1626180292,ok,04.04 19:30,Stuttgart,Borussia Dortmund,
1626180336,ok,04.04 15:00,Real Sociedad,Levante,
1626186202,ok,06.04 16:00,Lecce,Atalanta,
1626186203,ok,06.04 19:00,Juventus,Genoa,
1626186204,ok,04.04 20:00,Brest,Rennes,
1626186205,ok,04.04 18:00,Strasbourg,Nice,
1626186206,ok,05.04 18:15,Lorient,Paris FC,
1626186209,ok,04.04 16:30,Bayer Leverkusen,Wolfsburg,
1626186254,ok,06.04 22:00,Girona,Villarreal,
1626186255,ok,05.04 22:00,Alaves,Osasuna,
1626186256,ok,05.04 17:15,Valencia,Celta Vigo,
1626186257,ok,05.04 19:30,Real Oviedo,Sevilla,
1626186258,ok,03.04 22:00,Rayo Vallecano,Elche,
1626195023,ok,04.04 17:15,Mallorca,Real Madrid,
1626195024,ok,04.04 19:30,Real Betis,Espanyol,
1626195025,ok,04.04 22:00,Atletico Madrid,Barcelona,
1626195026,ok,05.04 15:00,Getafe,Athletic Bilbao,
1626745158,ok,12.04 18:15,Nice,Le Havre,
1626745159,ok,12.04 21:45,Lyon,Lorient,
1626745163,ok,13.04 21:45,Fiorentina,Lazio,
1626745164,ok,11.04 22:00,Sevilla,Atletico Madrid,
1626745165,ok,13.04 22:00,Levante,Getafe,
1626745166,ok,11.04 17:15,Elche,Valencia,
1626745167,ok,12.04 22:00,Athletic Bilbao,Villarreal,
1626759237,ok,12.04 18:15,Toulouse,Lille,
1626759238,ok,10.04 20:00,Paris FC,Monaco,
1626759240,ok,10.04 21:45,Roma,Pisa,
1626759241,ok,12.04 16:00,Parma,Napoli,
1626759242,ok,11.04 21:45,Atalanta,Juventus,
1626759243,ok,11.04 16:00,Torino,Hellas Verona,
1626759244,ok,12.04 13:30,Genoa,Sassuolo,
1626759245,ok,12.04 19:00,Bologna,Lecce,
1626759246,ok,11.04 19:30,Barcelona,Espanyol,
1626759247,ok,10.04 22:00,Real Madrid,Girona,
1626759248,ok,12.04 15:00,Osasuna,Real Betis,
1626759249,ok,11.04 15:00,Real Sociedad,Alaves,
1626759250,ok,11.04 16:30,Borussia Dortmund,Bayer Leverkusen,
1626759251,ok,12.04 20:30,Mainz 05,Freiburg,
1626759252,ok,12.04 16:30,FC Koln,Werder Bremen,
1626759253,ok,12.04 18:30,Stuttgart,Hamburger SV,
1626759254,ok,11.04 16:30,RB Leipzig,Borussia Monchengladbach,
1626759347,ok,11.04 22:05,Rennes,Angers,
1626759348,ok,10.04 22:05,Marseille,Metz,
1626759349,ok,11.04 20:00,Auxerre,Nantes,
1626759351,ok,11.04 16:00,Cagliari,Cremonese,
1626759352,ok,11.04 19:00,AC Milan,Udinese,
1626759353,ok,12.04 21:45,Como,Internazionale,
1626759354,ok,12.04 19:30,Celta Vigo,Real Oviedo,
1626759356,ok,12.04 17:15,Mallorca,Rayo Vallecano,
1626759357,ok,11.04 19:30,St. Pauli,Bayern Munich,
1626759358,ok,11.04 16:30,Wolfsburg,Eintracht Frankfurt,
1626759359,ok,10.04 21:30,Augsburg,Hoffenheim,
1626759360,ok,11.04 16:30,Heidenheim,Union Berlin,
1627388873,ok,17.04 19:30,Sassuolo,Como,
1627388895,ok,17.04 21:30,St. Pauli,FC Koln,
1627388902,ok,17.04 21:45,Internazionale,Cagliari,
1627445498,ok,17.04 21:45,Lens,Toulouse,
1627454421,ok,18.04 16:00,Udinese,Parma,
1627492883,ok,18.04 16:30,Union Berlin,Wolfsburg,
1627492885,ok,18.04 16:30,Hoffenheim,Borussia Dortmund,
1627492931,ok,18.04 18:00,Lorient,Marseille,
1627492992,ok,18.04 16:30,Werder Bremen,Hamburger SV,
1627492994,ok,18.04 16:30,Bayer Leverkusen,Augsburg,
1627493068,ok,18.04 19:00,Napoli,Lazio,
1627505746,ok,18.04 20:00,Angers,Le Havre,
1627512294,ok,18.04 19:30,Eintracht Frankfurt,RB Leipzig,
1627512424,ok,18.04 21:45,Roma,Atalanta,
1627546452,ok,18.04 22:05,Lille,Nice,
1627602308,ok,19.04 13:30,Cremonese,Torino,
1627611943,ok,19.04 16:00,Monaco,Auxerre,
1627616722,ok,19.04 16:00,Hellas Verona,AC Milan,
1627628303,ok,19.04 16:30,Freiburg,Heidenheim,
1627635331,ok,19.04 18:15,Strasbourg,Rennes,
1627644567,ok,19.04 18:15,Metz,Paris FC,
1627644590,ok,19.04 19:00,Pisa,Genoa,
1627644744,ok,19.04 18:15,Nantes,Brest,
1627644859,ok,19.04 18:30,Bayern Munich,Stuttgart,
1627649182,ok,19.04 20:30,Borussia Monchengladbach,Mainz 05,
1627652169,ok,19.04 21:45,Juventus,Bologna,
1627655852,ok,19.04 21:45,Paris Saint-Germain,Lyon,
1627684570,ok,22.04 22:30,Barcelona,Celta Vigo,
1627684571,ok,23.04 21:00,Rayo Vallecano,Espanyol,
1627684572,ok,22.04 20:00,Elche,Atletico Madrid,
1627684573,ok,21.04 20:00,Athletic Bilbao,Osasuna,
1627688035,ok,23.04 22:30,Real Oviedo,Villarreal,
1627688036,ok,22.04 21:00,Real Sociedad,Getafe,
1627688037,ok,21.04 20:00,Mallorca,Valencia,
1627688038,ok,21.04 22:30,Girona,Real Betis,
1627688039,ok,23.04 20:00,Levante,Sevilla,
1627688040,ok,21.04 22:30,Real Madrid,Alaves,
1627730477,ok,20.04 21:45,Lecce,Fiorentina,
1628028171,ok,24.04 21:45,Napoli,Cremonese,
1628028174,ok,24.04 22:00,Real Betis,Real Madrid,
1628029774,ok,24.04 21:45,Brest,Lens,
1628050807,ok,26.04 18:30,Borussia Dortmund,Freiburg,
1628050809,ok,25.04 16:30,FC Koln,Bayer Leverkusen,
1628052363,ok,25.04 16:30,Wolfsburg,Borussia Monchengladbach,
1628070643,ok,25.04 16:00,Lyon,Auxerre,
1628070655,ok,25.04 16:30,Heidenheim,St. Pauli,
1628071740,ok,25.04 15:00,Alaves,Mallorca,
1628071764,ok,25.04 16:00,Parma,Pisa,
1628071772,ok,25.04 16:30,Mainz 05,Bayern Munich,
1628101243,ok,25.04 16:30,Augsburg,Eintracht Frankfurt,
1628101271,ok,25.04 17:15,Getafe,Barcelona,
1628101311,ok,25.04 19:00,Bologna,Roma,
1628101316,ok,25.04 19:30,Hamburger SV,Hoffenheim,
1628105538,ok,25.04 19:30,Valencia,Girona,
1628105557,ok,25.04 20:00,Angers,Paris Saint-Germain,
1628132089,ok,25.04 21:45,Hellas Verona,Lecce,
1628132094,ok,25.04 22:00,Atletico Madrid,Athletic Bilbao,
1628136532,ok,25.04 22:05,Toulouse,Monaco,
1628222115,ok,26.04 15:00,Rayo Vallecano,Real Sociedad,
1628222134,ok,26.04 13:30,Fiorentina,Sassuolo,
1628222233,ok,26.04 16:00,Lorient,Strasbourg,
1628225155,ok,26.04 16:00,Genoa,Como,
1628238969,ok,26.04 16:30,Stuttgart,Werder Bremen,
1628244347,ok,26.04 17:15,Real Oviedo,Elche,
1628250327,ok,26.04 18:15,Paris FC,Lille,
1628250374,ok,26.04 19:30,Osasuna,Sevilla,
1628252429,ok,26.04 18:15,Rennes,Nantes,
1628252455,ok,26.04 19:00,Torino,Internazionale,
1628252532,ok,26.04 18:15,Le Havre,Metz,
1628261513,ok,26.04 22:00,Villarreal,Celta Vigo,
1628262500,ok,26.04 21:45,Marseille,Nice,
1628262501,ok,26.04 21:45,AC Milan,Juventus,
1628304824,ok,27.04 21:45,Lazio,Udinese,
1628305870,ok,27.04 19:30,Cagliari,Atalanta,
1628305871,ok,27.04 22:00,Espanyol,Levante,
1628598134,ok,01.05 22:00,Girona,Mallorca,
1628638391,ok,02.05 16:00,Nantes,Marseille,
1628638472,ok,02.05 16:30,Eintracht Frankfurt,Hamburger SV,
1628640515,ok,02.05 16:30,Werder Bremen,Augsburg,
1628640516,ok,02.05 16:30,Union Berlin,FC Koln,
1628649296,ok,02.05 15:00,Villarreal,Levante,
1628669051,ok,02.05 16:30,Bayern Munich,Heidenheim,
1628669052,ok,02.05 16:30,Hoffenheim,Stuttgart,
1628669142,ok,02.05 19:30,Bayer Leverkusen,RB Leipzig,
1628674706,ok,02.05 18:00,Paris Saint-Germain,Lorient,
1628681778,ok,02.05 17:15,Valencia,Atletico Madrid,
1628681843,ok,02.05 19:30,Alaves,Athletic Bilbao,
1628681863,ok,02.05 20:00,Metz,Monaco,
1628695953,ok,02.05 22:00,Osasuna,Barcelona,
1628695954,ok,02.05 22:05,Nice,Lens,
1628775690,ok,03.05 15:00,Celta Vigo,Elche,
1628786088,ok,01.05 21:45,Pisa,Lecce,
1628786090,ok,03.05 21:45,Internazionale,Parma,
1628786091,ok,02.05 21:45,Atalanta,Genoa,
1628786092,ok,03.05 13:30,Bologna,Cagliari,
1628786093,ok,04.05 21:45,Roma,Fiorentina,
1628786095,ok,04.05 19:30,Cremonese,Lazio,
1628786106,ok,03.05 16:30,St. Pauli,Mainz 05,
1628790352,ok,03.05 19:00,Juventus,Hellas Verona,
1628790353,ok,02.05 19:00,Como,Napoli,
1628790355,ok,02.05 16:00,Udinese,Torino,
1628790356,ok,03.05 16:00,Lille,Le Havre,
1628791444,ok,03.05 16:00,Sassuolo,AC Milan,
1628801509,ok,03.05 18:15,Strasbourg,Toulouse,
1628801510,ok,03.05 18:15,Paris FC,Brest,
1628801527,ok,03.05 17:15,Getafe,Rayo Vallecano,
1628804882,ok,03.05 18:15,Auxerre,Angers,
1628804899,ok,03.05 18:30,Borussia Monchengladbach,Borussia Dortmund,
1628806124,ok,03.05 21:45,Lyon,Rennes,
1628810107,ok,03.05 19:30,Real Betis,Real Oviedo,
1628810148,ok,03.05 20:30,Freiburg,Wolfsburg,
1628810297,ok,03.05 22:00,Espanyol,Real Madrid,
1628857868,ok,04.05 22:00,Sevilla,Real Sociedad,
1629179975,ok,08.05 21:30,Borussia Dortmund,Eintracht Frankfurt,
1629184027,ok,08.05 21:45,Lens,Nantes,
1629184031,ok,08.05 22:00,Levante,Osasuna,
1629210543,ok,08.05 21:45,Torino,Sassuolo,
1629239518,ok,09.05 15:00,Elche,Alaves,
1629239554,ok,09.05 16:30,Augsburg,Borussia Monchengladbach,
1629239555,ok,09.05 16:30,Stuttgart,Bayer Leverkusen,
1629239588,ok,09.05 17:15,Sevilla,Espanyol,
1629239668,ok,09.05 16:00,Cagliari,Udinese,
1629239694,ok,09.05 16:30,RB Leipzig,St. Pauli,
1629254554,ok,09.05 16:30,Hoffenheim,Werder Bremen,
1629254629,ok,09.05 19:30,Wolfsburg,Bayern Munich,
1629254631,ok,09.05 19:30,Atletico Madrid,Celta Vigo,
1629271858,ok,09.05 19:00,Lazio,Internazionale,
1629275019,ok,09.05 21:45,Lecce,Juventus,
1629285767,ok,09.05 22:00,Real Sociedad,Real Betis,
1629360495,ok,10.05 13:30,Hellas Verona,Como,
1629375475,ok,10.05 15:00,Mallorca,Villarreal,
1629375502,ok,11.05 21:45,Napoli,Bologna,
1629375503,ok,10.05 16:00,Cremonese,Pisa,
1629375519,ok,10.05 16:30,Hamburger SV,Freiburg,
1629385718,ok,10.05 16:00,Fiorentina,Genoa,
1629398945,ok,10.05 17:15,Athletic Bilbao,Valencia,
1629401545,ok,10.05 18:30,FC Koln,Heidenheim,
1629401569,ok,10.05 19:00,Parma,Roma,
1629405646,ok,10.05 19:30,Real Oviedo,Getafe,
1629405693,ok,10.05 22:00,Le Havre,Marseille,
1629405694,ok,10.05 22:00,Monaco,Lille,
1629410080,ok,10.05 21:45,AC Milan,Atalanta,
1629410086,ok,10.05 22:00,Barcelona,Real Madrid,
1629410087,ok,10.05 22:00,Angers,Strasbourg,
1629410954,ok,10.05 20:30,Mainz 05,Union Berlin,
1629410982,ok,10.05 22:00,Rennes,Paris FC,
1629410983,ok,10.05 22:00,Paris Saint-Germain,Brest,
1629410985,ok,10.05 22:00,Auxerre,Nice,
1629410986,ok,10.05 22:00,Metz,Lorient,
1629442475,ok,10.05 22:00,Toulouse,Lyon,
1629442842,ok,11.05 22:00,Rayo Vallecano,Girona,
1629487127,ok,13.05 22:30,Alaves,Barcelona,
1629487128,ok,13.05 22:00,Lens,Paris Saint-Germain,
1629487512,ok,12.05 20:00,Celta Vigo,Levante,
1629487513,ok,12.05 21:00,Real Betis,Elche,
1629487514,ok,14.05 20:00,Valencia,Rayo Vallecano,
1629487515,ok,13.05 20:00,Villarreal,Sevilla,
1629487516,ok,14.05 22:30,Real Madrid,Real Oviedo,
1629495941,ok,12.05 22:30,Osasuna,Atletico Madrid,
1629495942,ok,13.05 20:00,Brest,Strasbourg,
1629495943,ok,14.05 21:00,Girona,Real Sociedad,
1629495944,ok,13.05 22:30,Getafe,Mallorca,
1629495945,ok,13.05 20:00,Espanyol,Athletic Bilbao,
1629791966,ok,16.05 16:30,Bayern Munich,FC Koln,
1629791968,ok,16.05 16:30,Freiburg,RB Leipzig,
1629804553,ok,16.05 16:30,Bayer Leverkusen,Hamburger SV,
1629804554,ok,16.05 16:30,St. Pauli,Wolfsburg,
1629804555,ok,16.05 16:30,Borussia Monchengladbach,Hoffenheim,
1629809027,ok,16.05 16:30,Union Berlin,Augsburg,
1629809028,ok,16.05 16:30,Eintracht Frankfurt,Stuttgart,
1629809029,ok,16.05 16:30,Heidenheim,Mainz 05,
1629913913,ok,17.05 13:00,Pisa,Napoli,
1629913914,ok,17.05 19:00,Atalanta,Bologna,
1629913915,ok,17.05 16:00,Internazionale,Hellas Verona,
1629916054,ok,17.05 21:45,Sassuolo,Lecce,
1629916055,ok,17.05 13:00,Genoa,AC Milan,
1629931369,ok,17.05 13:00,Roma,Lazio,
1629931370,ok,17.05 21:45,Udinese,Cremonese,
1629931371,ok,17.05 13:00,Juventus,Fiorentina,
1629931372,ok,17.05 21:45,Cagliari,Torino,
1629931373,ok,17.05 13:00,Como,Parma,
1629944677,ok,17.05 22:15,Barcelona,Real Betis,
1629944678,ok,17.05 20:00,Real Sociedad,Valencia,
1629949431,ok,17.05 20:00,Rayo Vallecano,Villarreal,
1629949432,ok,17.05 20:00,Elche,Getafe,
1629949433,ok,17.05 20:00,Osasuna,Espanyol,
1629949434,ok,17.05 20:00,Athletic Bilbao,Celta Vigo,
1629949435,ok,17.05 20:00,Sevilla,Real Madrid,
1629949466,ok,17.05 22:00,Lille,Auxerre,
1629949467,ok,17.05 22:00,Lorient,Le Havre,
1629949469,ok,17.05 22:00,Marseille,Rennes,
1629949470,ok,17.05 22:00,Lyon,Lens,
1629949767,ok,17.05 20:00,Real Oviedo,Alaves,
1629949768,ok,17.05 20:00,Atletico Madrid,Girona,
1629949769,ok,17.05 20:00,Levante,Mallorca,
1629949805,ok,17.05 22:00,Paris FC,Paris Saint-Germain,
1629949807,ok,17.05 22:00,Nice,Metz,
1629949808,ok,17.05 22:00,Nantes,Toulouse,
1629949809,ok,17.05 22:00,Brest,Angers,
1629956870,ok,17.05 22:00,Strasbourg,Monaco,
1630451174,ok,24.05 22:00,Villarreal,Atletico Madrid,
1630909791,ok,23.05 22:00,Celta Vigo,Sevilla,
1630909792,ok,23.05 22:00,Valencia,Barcelona,
1630909793,ok,23.05 22:00,Real Betis,Levante,
1630909794,ok,23.05 22:00,Mallorca,Real Oviedo,
1630920847,ok,23.05 22:00,Espanyol,Real Sociedad,
1630920848,ok,23.05 22:00,Real Madrid,Athletic Bilbao,
1630920849,ok,23.05 22:00,Alaves,Rayo Vallecano,
1630920850,ok,23.05 22:00,Getafe,Osasuna,
1630929615,ok,23.05 22:00,Girona,Elche,
