series,arm,d_scale,s_scale,league,home,away,ah_mkt,tot_mkt,ah_pred,tot_pred,dah,dtot,abs_dah,abs_dtot,flip_ah,fav_mkt,fav_mod,o1,ox,o2,b1m,bxm,b2m,d1_odds,dx_odds,d2_odds,overround_pct,flip_1x2,d_base,d_dyn_full,d_corr_applied,d_final,d_market,s_base,s_corr_applied,s_final,days_since_home,days_since_away,days_since_min
BOTH,CURRENT,1.0,1.0,La Liga,Alaves,Getafe,-0.25,1.75,-0.5,1.75,-0.25,0.0,0.25,0.0,False,H,H,2.37,2.82,3.9,2.096572440784304,2.9769581174088113,4.543827361741824,-0.2734275592156963,0.1569581174088115,0.6438273617418244,3.296111375831279,False,0.2798924978730853,0.44673524877884707,0.1668427509057618,0.4740986115444521,0.25,1.763245962070547,0.1757271930977512,1.938973155168298,84,84,84
BOTH,CURRENT,1.0,1.0,La Liga,Sevilla,Vallecano,-0.25,2.25,-0.5,2.25,-0.25,0.0,0.25,0.0,False,H,H,2.34,3.28,3.32,1.9803579242868654,3.320247211014535,4.399633127738275,-0.35964207571313445,0.0402472110145351,1.079633127738275,3.3433295408023644,False,0.21820077757526102,0.5220869581141809,0.3038861805389199,0.5534281330778169,0.25,2.305974376347115,0.013076265390887,2.319050641738002,84,84,84
BOTH,CURRENT,1.0,1.0,La Liga,Espanol,Levante,-0.25,2.25,-0.25,2.5,0.0,0.25,0.0,0.25,False,H,H,2.14,3.3,3.8,2.1081021777106166,3.560098380587442,3.59419400868675,-0.03189782228938354,0.26009838058744217,-0.20580599131324995,3.3477917393313295,False,0.6761673573748839,0.3923251463433015,-0.28384221103158236,0.4168162030779837,0.25,2.642572761157605,0.0881522886557716,2.7307250498133766,84,90,84
BOTH,CURRENT,1.0,1.0,La Liga,Celta,Osasuna,-0.5,2.25,-0.25,2.25,0.25,0.0,0.25,0.0,False,H,H,2.09,3.49,3.71,2.104899175839656,3.3604532818769495,3.818505086332002,0.014899175839655943,-0.12954671812305074,0.10850508633200207,3.454362978667058,False,0.4815062232161166,0.3683277725671562,-0.11317845064896034,0.4329468783685552,0.5,2.4444829959787384,0.01599160814885546,2.460474604127594,84,84,84
BOTH,CURRENT,1.0,1.0,La Liga,Valencia,Betis,0.0,2.5,-0.25,2.5,-0.25,0.0,0.25,0.0,True,N,H,2.69,3.24,2.71,2.378410158161628,3.3845651462042827,2.9986354516970053,-0.311589841838372,0.1445651462042825,0.28863545169700533,4.939287724145314,False,-0.046472133065196874,0.1663839483842894,0.21285608144948628,0.1789475828851985,-0.0,2.581878357300144,0.08055821713968692,2.662436574439831,90,95,90
BOTH,CURRENT,1.0,1.0,La Liga,Real Madrid,Sociedad,-1.25,3.0,-1.5,3.5,-0.25,0.5,0.25,0.5,False,H,H,1.386,5.11,7.13,1.3472494894644713,5.406854664148368,7.677869670085491,-0.03875051053552858,0.29685466414836803,0.5478696700854915,5.744789216133528,False,1.5438825604840218,1.4654617474226321,-0.07842081306138961,1.5624110258473702,1.25,3.448529498930479,0.20742796319339188,3.6559574621238706,84,84,84
BOTH,CURRENT,1.0,1.0,La Liga,Barcelona,Ath Bilbao,-1.25,3.0,-1.5,3.25,-0.25,0.25,0.25,0.25,False,H,H,1.406,5.0,6.83,1.2964833240640643,5.51168048621603,9.532862796798465,-0.10951667593593561,0.5116804862160302,2.702862796798465,5.76504376766378,False,1.5171332960498087,1.5821631091571702,0.06502981310736153,1.6694656402951527,1.25,3.3480139187168683,0.03723468114950478,3.385248599866373,97,84,84
BOTH,CURRENT,1.0,1.0,Premier League,Nott'm Forest,Leeds,-0.25,2.5,0.25,2.5,0.5,0.0,0.5,0.0,True,H,A,2.26,3.36,3.23,3.209029897922331,3.426956805673398,2.24079741152467,0.9490298979223311,0.06695680567339801,-0.9892025884753299,4.969444694505665,True,0.34055758626343235,-0.19610902338003655,-0.5366666096434689,-0.2762737415367972,0.25,2.4673177077583075,0.16810527368898137,2.635422981447289,83,106,83
BOTH,CURRENT,1.0,1.0,Premier League,Everton,Crystal Palace,-0.25,2.5,-0.75,2.5,-0.5,0.0,0.5,0.0,False,H,H,2.15,3.41,3.42,1.7541589443500096,3.6754786338877126,4.793360740505856,-0.3958410556499903,0.2654786338877124,1.3733607405058557,5.076907185329027,False,0.21400298982738536,0.6968666917967474,0.482863701969362,0.7545324857333281,0.25,2.456262798183097,0.1638698082071074,2.6201326063902046,90,90,90
BOTH,CURRENT,1.0,1.0,Premier League,Brentford,Tottenham,0.0,2.75,-0.25,2.75,-0.25,0.0,0.25,0.0,True,N,H,2.4,3.67,2.77,2.2779786019914905,3.637330089790547,2.974026842165234,-0.12202139800850942,-0.03266991020945298,0.2040268421652338,5.0157061024274086,False,0.2854139049450822,0.20636754338980828,-0.07904636155527389,0.22086623228963673,-0.0,2.7821931888376037,0.15784023959770851,2.9400334284353122,83,88,83
BOTH,CURRENT,1.0,1.0,Premier League,Man City,Bournemouth,-1.25,3.25,-1.25,3.5,0.0,0.25,0.0,0.25,False,H,H,1.446,5.05,5.97,1.4388945870810206,5.032818378700107,6.119458412645834,-0.00710541291897937,-0.0171816212998932,0.14945841264583404,5.70869218117207,False,1.3892531072055379,1.1862685776212718,-0.20298452958426616,1.32686553999017,1.25,3.519649772579946,0.13407114689291735,3.6537209194728635,88,83,83
BOTH,CURRENT,1.0,1.0,Premier League,Brighton,Aston Villa,-0.25,3.0,-0.5,2.75,-0.25,-0.25,0.25,0.25,False,H,H,2.26,3.62,3.02,1.8348088773379478,3.7637497092197894,4.181678497514725,-0.42519112266205195,0.14374970921978925,1.1616784975147252,4.984679784341628,False,0.2673888360011721,0.6080440928410591,0.34065525683988707,0.6578929222197799,0.25,2.8587224165250626,-0.01788109920481979,2.8408413173202427,105,92,92
BOTH,CURRENT,1.0,1.0,Premier League,Newcastle,Liverpool,0.5,3.25,0.25,3.0,-0.25,-0.25,0.25,0.25,False,A,A,3.42,3.9,1.99,2.763045124358913,3.841271896439431,2.330619282589965,-0.656954875641087,-0.0587281035605689,0.3406192825899652,5.132048004304024,False,-0.16985537490312957,-0.043123213437813446,0.12673216146531613,-0.15058132862348705,-0.5,3.1190592004184365,0.12628396011909535,3.245343160537532,83,83,83
BOTH,CURRENT,1.0,1.0,Premier League,Fulham,Chelsea,0.25,3.0,0.0,2.75,-0.25,-0.25,0.25,0.25,True,A,N,3.31,3.8,2.06,2.785502235439623,3.633287131639424,2.401104234294055,-0.524497764560377,-0.16671286836057586,0.3411042342940549,5.070959156610311,False,-0.3210288006991011,-0.01840760115531853,0.3026211995437826,-0.12369058222524247,-0.25,2.8557255137772657,0.10392139087482254,2.959646904652088,83,83,83
BOTH,CURRENT,1.0,1.0,Bundesliga,Bayern Munich,Stuttgart,-1.75,4.0,-1.5,4.25,0.25,0.25,0.25,0.25,False,H,H,1.284,6.41,7.77,1.4021123917868448,5.557151092493642,5.869761894790786,0.11811239178684474,-0.8528489075063579,-1.9002381052092137,6.352256832668557,False,1.7540715866198657,1.2686692739426353,-0.4854023126772304,1.4634064124034147,1.75,4.060078507681171,0.1690322911110817,4.329110798792252,118,98,98
BOTH,CURRENT,1.0,1.0,Bundesliga,RB Leipzig,M'gladbach,-1.0,3.25,-1.5,3.5,-0.5,0.25,0.5,0.25,False,H,H,1.531,4.64,5.32,1.3438285050285508,5.416900465135217,7.818300083320189,-0.18717149497144914,0.7769004651352169,2.4983000833201885,5.665503033242469,False,1.059315265550003,1.4642231853021785,0.4049079197521754,1.5745202927617135,1.0,3.447555377920275,0.19775855323620903,3.645313931156484,98,98,98
BOTH,CURRENT,1.0,1.0,Bundesliga,FC Koln,Hoffenheim,0.25,3.0,0.5,3.25,0.25,0.25,0.25,0.25,False,A,A,2.98,3.67,2.27,3.852789120313582,4.10942518315457,1.8325644358966982,0.8727891203135818,0.4394251831545697,-0.43743556410330187,4.8578668192588825,False,-0.22823884077216705,-0.611620929829295,-0.38338208905712795,-0.6664960240052903,-0.25,3.1722305517822287,0.2217526330336287,3.3939831848158573,97,98,97
BOTH,CURRENT,1.0,1.0,Bundesliga,Union Berlin,Ein Frankfurt,0.0,2.75,0.25,3.0,0.25,0.25,0.25,0.25,True,N,A,2.47,3.51,2.78,3.3442393273235695,3.815230290318274,2.047746161549644,0.8742393273235693,0.3052302903182742,-0.7322538384503559,4.947081471125392,True,0.03273656196232294,-0.3862372936052591,-0.41897385556758204,-0.42317890658370916,-0.0,2.797731138748441,0.3705750999216758,3.168306238670117,91,99,91
BOTH,CURRENT,1.0,1.0,Bundesliga,Dortmund,Hamburg,-1.5,3.0,-1.5,3.25,0.0,0.25,0.0,0.25,False,H,H,1.327,5.5,8.19,1.2932404335084402,5.621933826417923,9.401001029050825,-0.033759566491559756,0.12193382641792283,1.2110010290508253,5.749780655583225,False,1.3942665167039328,1.5628260427345826,0.1685595260306499,1.6979770703425778,1.5,3.3281645728012608,0.17058295435262866,3.4987475271538893,99,97,97
BOTH,CURRENT,1.0,1.0,Bundesliga,Freiburg,Werder Bremen,-0.5,2.75,-0.5,2.75,0.0,0.0,0.0,0.0,False,H,H,2.01,3.63,3.61,1.889263490201787,3.7584053181584016,3.9273324670492373,-0.12073650979821271,0.12840531815840173,0.31733246704923745,5.000284172416469,False,0.5826872935504805,0.561556758860714,-0.021130534689766563,0.6000298791956808,0.5,2.8301812079676174,0.13427545556862552,2.964456663536243,97,98,97
BOTH,CURRENT,1.0,1.0,Serie A,Udinese,Como,0.5,2.25,1.0,2.5,0.5,0.25,0.5,0.25,False,A,A,4.5,3.52,1.826,7.494919781720893,3.9998350211816787,1.4913704026197483,2.994919781720893,0.47983502118167864,-0.3346295973802518,5.395825727151027,False,-0.64762748104862,-1.061765176423683,-0.41413769537506306,-1.1530337766789494,-0.5,2.500582509240519,0.11434263466828733,2.6149251439088066,90,83,83
BOTH,CURRENT,1.0,1.0,Serie A,Parma,Cagliari,0.0,2.0,0.25,2.25,0.25,0.25,0.25,0.25,True,N,A,2.68,2.99,2.92,3.700574929124103,3.1423800407067284,2.1664255253955798,1.0205749291241029,0.15238004070672817,-0.7535744746044202,5.004824231798355,True,0.13807044991291084,-0.3464447978132252,-0.484515247726136,-0.37451350859960897,-0.0,2.2133084920067274,0.13454369918052864,2.347852191187256,83,90,83
BOTH,CURRENT,1.0,1.0,Serie A,Genoa,Napoli,0.5,2.25,1.0,2.25,0.5,0.0,0.5,0.0,False,A,A,4.98,3.24,1.84,9.724186396217927,3.898991944227631,1.4417312783013085,4.744186396217927,0.6589919442276306,-0.39826872169869154,5.292344902961288,False,-0.6442761461016218,-1.1155499626613707,-0.4712738165597491,-1.2115705490853137,-0.5,2.1307561802324626,0.15864111291442445,2.289397293146887,83,90,83
BOTH,CURRENT,1.0,1.0,Serie A,Torino,Milan,0.75,2.5,1.0,2.5,0.25,0.0,0.25,0.0,False,A,A,4.42,3.71,1.793,6.799086638782949,3.9689944006162694,1.5279328124648275,2.3790866387829492,0.25899440061626944,-0.26506718753517244,5.351060697199617,False,-0.8403361655484676,-1.0099109748223314,-0.16957480927386387,-1.0965981596619365,-0.75,2.5519310796735875,0.13819990144573843,2.6901309811193257,83,90,83
BOTH,CURRENT,1.0,1.0,Serie A,Atalanta,Sassuolo,-1.0,2.75,-1.25,3.0,-0.25,0.25,0.25,0.25,False,H,H,1.529,4.38,5.76,1.4789846649301528,4.483554944614425,6.378892898697473,-0.05001533506984712,0.10355494461442483,0.6188928986974735,5.594385015026582,False,1.0953299421847773,1.1157357853645151,0.02040584317973783,1.2227012851592742,1.0,3.032255083854597,0.2055821784808484,3.2378372623354457,90,83,83
BOTH,CURRENT,1.0,1.0,Serie A,Bologna,Lazio,-0.25,2.25,-0.25,2.5,0.0,0.25,0.0,0.25,False,H,H,2.15,3.23,3.62,2.216786968758969,3.257848180510506,3.4141055612379123,0.06678696875896906,0.027848180510506193,-0.2058944387620878,5.095689621223354,False,0.3127518360046633,0.19901830758363515,-0.11373352842102812,0.3191422794066869,0.25,2.387917578642732,0.14723904233424145,2.535156620976973,90,90,90
BOTH,CURRENT,1.0,1.0,Serie A,Roma,Fiorentina,-1.0,2.5,-1.25,2.5,-0.25,0.0,0.25,0.0,False,H,H,1.568,4.1,5.74,1.4369610008270068,4.2119424979499,8.16057978028721,-0.13103899917299322,0.11194249794989997,2.420579780287209,5.587356893977091,False,0.7306079700131523,1.1535905935111277,0.42298262349797544,1.2580528070013155,1.0,2.539867552425454,0.16225285846757648,2.7021204108930306,90,97,90
BOTH,CURRENT,1.0,1.0,Ligue 1,Marseille,Strasbourg,-0.75,3.0,-1.0,3.25,-0.25,0.25,0.25,0.25,False,H,H,1.757,4.06,4.19,1.5838389459046653,4.420074597947818,5.0889804601742075,-0.17316105409533455,0.3600745979478184,0.8989804601742071,5.4120866780359655,False,0.7645376006047724,0.9513155297908048,0.18677792918603242,1.022998549738539,0.75,3.094334759888142,0.25013936995447156,3.3444741298426135,90,90,90
BOTH,CURRENT,1.0,1.0,Ligue 1,Lens,Auxerre,-1.0,2.75,-1.5,3.0,-0.5,0.25,0.5,0.25,False,H,H,1.602,4.25,5.1,1.3097739750607904,5.227443462033382,9.920274235129693,-0.2922260249392097,0.9774434620333823,4.820274235129693,5.559227436292868,False,1.2040548011192154,1.4753576662542598,0.2713028651350444,1.5887672056539206,1.0,2.925690426971288,0.15584819735572195,3.0815386243270098,94,90,90
BOTH,CURRENT,1.0,1.0,Ligue 1,Toulouse,Lyon,0.25,2.75,0.5,2.5,0.25,-0.25,0.25,0.25,False,A,A,3.35,3.64,2.09,3.77410069157961,3.6109825260168624,1.961534639000035,0.4241006915796097,-0.029017473983137698,-0.12846536099996486,5.170163693337293,False,-0.10060246719951316,-0.4750170051115534,-0.37441453791204027,-0.5169047996486371,-0.25,2.5509103185937234,0.22432845333989676,2.77523877193362,90,97,90
BOTH,CURRENT,1.0,1.0,Ligue 1,Nice,Lorient,-0.25,2.75,-0.25,2.75,0.0,0.0,0.0,0.0,False,H,H,2.19,3.51,3.23,2.2054174938247333,3.5516190990469476,3.163273628694409,0.015417493824733342,0.04161909904694783,-0.06672637130559078,5.111881268630913,False,0.48740383968517714,0.17960849421628194,-0.3077953454688952,0.2898448357568223,0.25,2.730942313667032,0.08779807076918832,2.81874038443622,97,97,97
BOTH,CURRENT,1.0,1.0,Ligue 1,Angers,Lille,0.75,2.5,1.0,2.5,0.25,0.0,0.25,0.0,False,A,A,5.0,3.81,1.689,7.0209670349990745,4.033943021080349,1.5055557205561794,2.0209670349990745,0.2239430210803488,-0.1834442794438207,5.45335030279297,False,-0.8635763041503373,-1.025723527837621,-0.16214722368728382,-1.11146097650349,-0.75,2.5151904768878195,0.07857200649244146,2.593762483380261,90,90,90
BOTH,CURRENT,1.0,1.0,Ligue 1,Le Havre,Monaco,0.5,3.0,0.75,3.0,0.25,0.0,0.25,0.0,False,A,A,3.51,3.98,1.934,4.526742526270839,4.1247436779829,1.6952861044065308,1.0167425262708392,0.14474367798289967,-0.23871389559346912,5.3219648003286935,False,-0.7928635937044815,-0.7738310803335243,0.019032513370957092,-0.8395117542111961,-0.5,2.992813945367672,0.18770041465730103,3.180514360024973,97,90,90
BOTH,CURRENT,1.0,1.0,Ligue 1,Paris SG,Rennes,-1.25,3.5,-1.25,3.75,0.0,0.25,0.0,0.25,False,H,H,1.409,5.34,6.24,1.4356265679487803,5.234460389578722,5.894700411657944,0.026626567948780266,-0.10553961042127824,-0.34529958834205665,5.724553580830638,False,1.7226419543395721,1.2058358427050715,-0.5168061116345006,1.359485343254729,1.25,3.645258588032808,0.28303381225770435,3.928292400290512,90,90,90
BOTH,DECAY75,0.75,0.75,La Liga,Alaves,Getafe,-0.25,1.75,-0.25,1.75,0.0,0.0,0.0,0.0,False,H,H,2.37,2.82,3.9,2.1596124480057006,2.918979710233976,4.398898980237256,-0.21038755199429948,0.098979710233976,0.4988989802372559,3.296111375831279,False,0.2798924978730853,0.44673524877884707,0.12513206317932135,0.43018601912480664,0.25,1.763245962070547,0.13179539482331332,1.8950413568938602,84,84,84
BOTH,DECAY75,0.75,0.75,La Liga,Sevilla,Vallecano,-0.25,2.25,-0.5,2.25,-0.25,0.0,0.25,0.0,False,H,H,2.34,3.28,3.32,2.069402240270934,3.272934081389648,4.087209347508268,-0.27059775972906586,-0.0070659186103516625,0.7672093475082682,3.3433295408023644,False,0.21820077757526102,0.5220869581141809,0.22791463540418994,0.47344605465053324,0.25,2.305974376347115,0.009807199043165182,2.3157815753902806,84,84,84
BOTH,DECAY75,0.75,0.75,La Liga,Espanol,Levante,-0.25,2.25,-0.5,2.5,-0.25,0.25,0.25,0.25,False,H,H,2.14,3.3,3.8,2.0293844121028535,3.578950400387167,3.8269290511379808,-0.11061558789714665,0.278950400387167,0.02692905113798094,3.3477917393313295,False,0.6761673573748839,0.3923251463433015,-0.21288165827368677,0.4915227591426286,0.25,2.642572761157605,0.0661142164918288,2.7086869776494336,84,90,84
BOTH,DECAY75,0.75,0.75,La Liga,Celta,Osasuna,-0.5,2.25,-0.5,2.25,0.0,0.0,0.0,0.0,False,H,H,2.09,3.49,3.71,2.0907103350141982,3.363226629315247,3.8624388178830684,0.0007103350141983711,-0.12677337068475314,0.15243881788306846,3.454362978667058,False,0.4815062232161166,0.3683277725671562,-0.08488383798672028,0.44544860466627495,0.5,2.4444829959787384,0.011993706111641522,2.45647670209038,84,84,84
BOTH,DECAY75,0.75,0.75,La Liga,Valencia,Betis,0.0,2.5,0.0,2.5,0.0,0.0,0.0,0.0,False,N,N,2.69,3.24,2.71,2.463478419885897,3.3612048293553114,2.890587546105588,-0.22652158011410295,0.12120482935531118,0.18058754610558791,4.939287724145314,False,-0.046472133065196874,0.1663839483842894,0.1596420610871147,0.12292439759251726,-0.0,2.581878357300144,0.06041866285476527,2.642297020154909,90,95,90
BOTH,DECAY75,0.75,0.75,La Liga,Real Madrid,Sociedad,-1.25,3.0,-1.5,3.5,-0.25,0.5,0.25,0.5,False,H,H,1.386,5.11,7.13,1.3393367264180678,5.411648781393238,7.935053348977615,-0.04666327358193212,0.30164878139323736,0.8050533489776148,5.744789216133528,False,1.5438825604840218,1.4654617474226321,-0.05881560979604228,1.5778716548498553,1.25,3.448529498930479,0.1555709723950438,3.6041004713255225,84,84,84
BOTH,DECAY75,0.75,0.75,La Liga,Barcelona,Ath Bilbao,-1.25,3.0,-1.5,3.25,-0.25,0.25,0.25,0.25,False,H,H,1.406,5.0,6.83,1.3018575155956296,5.465119540913,9.386268714991198,-0.10414248440437035,0.46511954091300023,2.556268714991198,5.76504376766378,False,1.5171332960498087,1.5821631091571702,0.048772359830521084,1.6523499570388738,1.25,3.3480139187168683,0.027926010862128425,3.3759399295789967,97,84,84
BOTH,DECAY75,0.75,0.75,Premier League,Nott'm Forest,Leeds,-0.25,2.5,0.25,2.5,0.5,0.0,0.5,0.0,True,H,A,2.26,3.36,3.23,2.989689616834192,3.3714773643306057,2.3888829727619703,0.7296896168341922,0.011477364330605866,-0.8411170272380297,4.969444694505665,True,0.34055758626343235,-0.19610902338003655,-0.4024999572326017,-0.17105669402492318,0.25,2.4673177077583075,0.12607895526673607,2.5933966630250436,83,106,83
BOTH,DECAY75,0.75,0.75,Premier League,Everton,Crystal Palace,-0.25,2.5,-0.5,2.5,-0.25,0.0,0.25,0.0,False,H,H,2.15,3.41,3.42,1.8664428697706115,3.545315819821093,4.293167853766924,-0.28355713022938844,0.13531581982109264,0.8731678537669243,5.076907185329027,False,0.21400298982738536,0.6968666917967474,0.36214777647702157,0.6231927761788523,0.25,2.456262798183097,0.12290235615533063,2.579165154338428,90,90,90
BOTH,DECAY75,0.75,0.75,Premier League,Brentford,Tottenham,0.0,2.75,-0.25,2.75,-0.25,0.0,0.25,0.0,True,N,H,2.4,3.67,2.77,2.2553445917413333,3.6133477249596933,3.030172903968081,-0.14465540825866663,-0.05665227504030668,0.2601729039680811,5.0157061024274086,False,0.2854139049450822,0.20636754338980828,-0.05928477116645542,0.24236697074992072,-0.0,2.7821931888376037,0.11838017969828141,2.900573368535885,83,88,83
BOTH,DECAY75,0.75,0.75,Premier League,Man City,Bournemouth,-1.25,3.25,-1.25,3.5,0.0,0.25,0.0,0.25,False,H,H,1.446,5.05,5.97,1.4196884089320208,5.082361454612113,6.412390679402623,-0.0263115910679792,0.03236145461211315,0.44239067940262355,5.70869218117207,False,1.3892531072055379,1.1862685776212718,-0.15223839718819954,1.3689036766962013,1.25,3.519649772579946,0.10055336016968808,3.620203132749634,88,83,83
BOTH,DECAY75,0.75,0.75,Premier League,Brighton,Aston Villa,-0.25,3.0,-0.5,2.75,-0.25,-0.25,0.25,0.25,False,H,H,2.26,3.62,3.02,1.9158917939305582,3.706977863949677,3.873940006816341,-0.3441082060694416,0.08697786394967677,0.853940006816341,4.984679784341628,False,0.2673888360011721,0.6080440928410591,0.25549144262991524,0.5652341402300021,0.25,2.8587224165250626,-0.013410824403614963,2.8453115921214476,105,92,92
BOTH,DECAY75,0.75,0.75,Premier League,Newcastle,Liverpool,0.5,3.25,0.25,3.0,-0.25,-0.25,0.25,0.25,False,A,A,3.42,3.9,1.99,2.8289380824054318,3.824259017907374,2.291778287331155,-0.5910619175945682,-0.07574098209262603,0.3017782873311552,5.132048004304024,False,-0.16985537490312957,-0.043123213437813446,0.0950491210989871,-0.18505268194778746,-0.5,3.1190592004184365,0.09471297008932145,3.2137721705077578,83,83,83
BOTH,DECAY75,0.75,0.75,Premier League,Fulham,Chelsea,0.25,3.0,0.25,2.75,0.0,-0.25,0.0,0.25,False,A,A,3.31,3.8,2.06,2.9452801809247386,3.6276268448765787,2.2961004883384364,-0.3647198190752614,-0.1723731551234211,0.23610048833843633,5.070959156610311,False,-0.3210288006991011,-0.01840760115531853,0.22696589965783692,-0.20600403898540587,-0.25,2.8557255137772657,0.07794104315611683,2.9336665569333826,83,83,83
BOTH,DECAY75,0.75,0.75,Bundesliga,Bayern Munich,Stuttgart,-1.75,4.0,-1.5,4.25,0.25,0.25,0.25,0.25,False,H,H,1.284,6.41,7.77,1.3577448607604636,5.748977019187566,6.533249952014382,0.0737448607604636,-0.6610229808124339,-1.236750047985618,6.352256832668557,False,1.7540715866198657,1.2686692739426353,-0.36405173450792283,1.5833776295471638,1.75,4.060078507681171,0.12677421833331115,4.286852726014482,118,98,98
BOTH,DECAY75,0.75,0.75,Bundesliga,RB Leipzig,M'gladbach,-1.0,3.25,-1.5,3.5,-0.5,0.25,0.5,0.25,False,H,H,1.531,4.64,5.32,1.3827734953626611,5.1721873916153065,7.1362818867056745,-0.14822650463733877,0.5321873916153068,1.8162818867056743,5.665503033242469,False,1.059315265550003,1.4642231853021785,0.3036809398141316,1.4652388144056978,1.0,3.447555377920275,0.14831891492715688,3.595874292847432,98,98,98
BOTH,DECAY75,0.75,0.75,Bundesliga,FC Koln,Hoffenheim,0.25,3.0,0.5,3.25,0.25,0.25,0.25,0.25,False,A,A,2.98,3.67,2.27,3.6073895804878973,4.00714519049312,1.9163854791202952,0.6273895804878973,0.3371451904931204,-0.3536145208797048,4.8578668192588825,False,-0.22823884077216705,-0.611620929829295,-0.2875365667928459,-0.563024198872743,-0.25,3.1722305517822287,0.16631447477522143,3.3385450265574503,97,98,97
BOTH,DECAY75,0.75,0.75,Bundesliga,Union Berlin,Ein Frankfurt,0.0,2.75,0.25,3.0,0.25,0.25,0.25,0.25,True,N,A,2.47,3.51,2.78,3.130960537590569,3.7083360926558036,2.1719427556955866,0.6609605375905687,0.19833609265580376,-0.6080572443044132,4.947081471125392,True,0.03273656196232294,-0.3862372936052591,-0.31423039167568656,-0.3101011422441809,-0.0,2.797731138748441,0.27793132494125694,3.0756624636896976,91,99,91
BOTH,DECAY75,0.75,0.75,Bundesliga,Dortmund,Hamburg,-1.5,3.0,-1.5,3.25,0.0,0.25,0.0,0.25,False,H,H,1.327,5.5,8.19,1.304122769756603,5.506638091114073,9.165917238759508,-0.02287723024339705,0.006638091114073319,0.975917238759509,5.749780655583225,False,1.3942665167039328,1.5628260427345826,0.12641964452298737,1.6592762161913637,1.5,3.3281645728012608,0.12793721576447137,3.456101788565732,99,97,97
BOTH,DECAY75,0.75,0.75,Bundesliga,Freiburg,Werder Bremen,-0.5,2.75,-0.5,2.75,0.0,0.0,0.0,0.0,False,H,H,2.01,3.63,3.61,1.8848734349783176,3.7379742366317004,3.9692201661668562,-0.12512656502168218,0.10797423663170047,0.35922016616685637,5.000284172416469,False,0.5826872935504805,0.561556758860714,-0.015847901017324917,0.6057328451212772,0.5,2.8301812079676174,0.10070659167646923,2.9308877996440867,97,98,97
BOTH,DECAY75,0.75,0.75,Serie A,Udinese,Como,0.5,2.25,1.0,2.5,0.5,0.25,0.5,0.25,False,A,A,4.5,3.52,1.826,6.650258554126106,3.826055091505043,1.557093113990074,2.150258554126106,0.30605509150504284,-0.26890688600992596,5.395825727151027,False,-0.64762748104862,-1.061765176423683,-0.3106032715312973,-1.0403518934046818,-0.5,2.500582509240519,0.08575697600121557,2.5863394852417345,90,83,83
BOTH,DECAY75,0.75,0.75,Serie A,Parma,Cagliari,0.0,2.0,0.25,2.25,0.25,0.25,0.25,0.25,True,N,A,2.68,2.99,2.92,3.3347833067237946,3.076112370807188,2.352426245415542,0.6547833067237945,0.08611237080718759,-0.5675737545844579,5.004824231798355,True,0.13807044991291084,-0.3464447978132252,-0.363386435794602,-0.2426827402378096,-0.0,2.2133084920067274,0.10090777438539633,2.3142162663921235,83,90,83
BOTH,DECAY75,0.75,0.75,Serie A,Genoa,Napoli,0.5,2.25,1.0,2.0,0.5,-0.25,0.5,0.25,False,A,A,4.98,3.24,1.84,8.285166114025087,3.6694414201401386,1.515829581337096,3.305166114025086,0.4294414201401384,-0.32417041866290397,5.292344902961288,False,-0.6442761461016218,-1.1155499626613707,-0.35345536241981174,-1.0833426147995668,-0.5,2.1307561802324626,0.11898083468581822,2.249737014918281,83,90,83
BOTH,DECAY75,0.75,0.75,Serie A,Torino,Milan,0.75,2.5,1.0,2.5,0.25,0.0,0.25,0.0,False,A,A,4.42,3.71,1.793,6.546016045800896,3.8858482537738266,1.5542385775066985,2.1260160458008963,0.17584825377382662,-0.23876142249330146,5.351060697199617,False,-0.8403361655484676,-1.0099109748223314,-0.12718110695539786,-1.0504588946825713,-0.75,2.5519310796735875,0.10364992608430368,2.6555810057578912,83,90,83
BOTH,DECAY75,0.75,0.75,Serie A,Atalanta,Sassuolo,-1.0,2.75,-1.25,3.0,-0.25,0.25,0.25,0.25,False,H,H,1.529,4.38,5.76,1.4796200168472786,4.4435421145781175,6.449575519995253,-0.049379983152721296,0.06354211457811765,0.6895755199952536,5.594385015026582,False,1.0953299421847773,1.1157357853645151,0.015304382384803361,1.2173553169428848,1.0,3.032255083854597,0.15418663386063636,3.1864417177152333,90,83,83
BOTH,DECAY75,0.75,0.75,Serie A,Bologna,Lazio,-0.25,2.25,-0.25,2.25,0.0,0.0,0.0,0.0,False,H,H,2.15,3.23,3.62,2.1816875409273133,3.24115191045746,3.520335501840112,0.03168754092731341,0.011151910457460001,-0.0996644981598882,5.095689621223354,False,0.3127518360046633,0.19901830758363515,-0.0853001463157711,0.34971237180057213,0.25,2.387917578642732,0.11042928175068101,2.4983468603934127,90,90,90
BOTH,DECAY75,0.75,0.75,Serie A,Roma,Fiorentina,-1.0,2.5,-1.0,2.5,0.0,0.0,0.0,0.0,False,H,H,1.568,4.1,5.74,1.4965692898585867,4.006969456560765,7.240422861138741,-0.07143071014141333,-0.09303054343923467,1.5004228611387411,5.587356893977091,False,0.7306079700131523,1.1535905935111277,0.3172369676234816,1.1429643252226238,1.0,2.539867552425454,0.12168964385068248,2.6615571962761364,90,97,90
BOTH,DECAY75,0.75,0.75,Ligue 1,Marseille,Strasbourg,-0.75,3.0,-1.0,3.25,-0.25,0.25,0.25,0.25,False,H,H,1.757,4.06,4.19,1.6114959869107426,4.3222127786306475,4.945195405967198,-0.1455040130892573,0.26221277863064785,0.7551954059671973,5.4120866780359655,False,0.7645376006047724,0.9513155297908048,0.14008344688952432,0.972586049198323,0.75,3.094334759888142,0.18760452746585354,3.2819392873539956,90,90,90
BOTH,DECAY75,0.75,0.75,Ligue 1,Lens,Auxerre,-1.0,2.75,-1.5,3.0,-0.5,0.25,0.5,0.25,False,H,H,1.602,4.25,5.1,1.3353707238162136,5.036093005448159,9.244713279578207,-0.2666292761837865,0.7860930054481594,4.144713279578207,5.559227436292868,False,1.2040548011192154,1.4753576662542598,0.20347714885128332,1.515540910155376,1.0,2.925690426971288,0.11688614801679131,3.0425765749880793,94,90,90
BOTH,DECAY75,0.75,0.75,Ligue 1,Toulouse,Lyon,0.25,2.75,0.5,2.5,0.25,-0.25,0.25,0.25,False,A,A,3.35,3.64,2.09,3.5749288399752945,3.5299586101047105,2.0463023013976596,0.22492883997529445,-0.11004138989528967,-0.043697698602340296,5.170163693337293,False,-0.10060246719951316,-0.4750170051115534,-0.2808109034340302,-0.4358654308741754,-0.25,2.5509103185937234,0.16824634000492245,2.7191566585986457,90,97,90
BOTH,DECAY75,0.75,0.75,Ligue 1,Nice,Lorient,-0.25,2.75,-0.25,2.75,0.0,0.0,0.0,0.0,False,H,H,2.19,3.51,3.23,2.1678281649915485,3.5456987554850907,3.2489074139530256,-0.022171835008451435,0.03569875548509094,0.018907413953025642,5.111881268630913,False,0.48740383968517714,0.17960849421628194,-0.2308465091016714,0.3231863853062015,0.25,2.730942313667032,0.06584855307689108,2.7967908667439234,97,97,97
BOTH,DECAY75,0.75,0.75,Ligue 1,Angers,Lille,0.75,2.5,1.0,2.5,0.25,0.0,0.25,0.0,False,A,A,5.0,3.81,1.689,6.730267463523717,3.959393373566943,1.530486396425337,1.7302674635237167,0.14939337356694304,-0.15851360357466304,5.45335030279297,False,-0.8635763041503373,-1.025723527837621,-0.12161041776546289,-1.0676964533751274,-0.75,2.5151904768878195,0.05892900486933117,2.5741194817571507,90,90,90
BOTH,DECAY75,0.75,0.75,Ligue 1,Le Havre,Monaco,0.5,3.0,0.75,3.0,0.25,0.0,0.25,0.0,False,A,A,3.51,3.98,1.934,4.590862678901249,4.097122117636124,1.6911262605452009,1.0808626789012497,0.11712211763612368,-0.24287373945479906,5.3219648003286935,False,-0.7928635937044815,-0.7738310803335243,0.014274385028217845,-0.8446487454755087,-0.5,2.992813945367672,0.1407753109929757,3.133589256360648,97,90,90
BOTH,DECAY75,0.75,0.75,Ligue 1,Paris SG,Rennes,-1.25,3.5,-1.5,3.75,-0.25,0.25,0.25,0.25,False,H,H,1.409,5.34,6.24,1.3898599993768046,5.379009308193839,6.585846559287367,-0.01914000062319543,0.03900930819383941,0.3458465592873665,5.724553580830638,False,1.7226419543395721,1.2058358427050715,-0.3876045837258755,1.4677602345347,1.25,3.645258588032808,0.21227535919327822,3.857533947226086,90,90,90
BOTH,DECAY50,0.5,0.5,La Liga,Alaves,Getafe,-0.25,1.75,-0.25,1.75,0.0,0.0,0.0,0.0,False,H,H,2.37,2.82,3.9,2.227902936217495,2.8629497865696165,4.258609491727361,-0.1420970637825052,0.04294978656961668,0.358609491727361,3.296111375831279,False,0.2798924978730853,0.44673524877884707,0.08342137545288089,0.38627342670516124,0.25,1.763245962070547,0.08786359654887554,1.8511095586194224,84,84,84
BOTH,DECAY50,0.5,0.5,La Liga,Sevilla,Vallecano,-0.25,2.25,-0.25,2.25,0.0,0.0,0.0,0.0,False,H,H,2.34,3.28,3.32,2.1664877982702144,3.2332443258331103,3.808510180166088,-0.17351220172978543,-0.04675567416688953,0.48851018016608805,3.3433295408023644,False,0.21820077757526102,0.5220869581141809,0.15194309026945996,0.3934639762232496,0.25,2.305974376347115,0.006538132695443455,2.3125125090425587,84,84,84
BOTH,DECAY50,0.5,0.5,La Liga,Espanol,Levante,-0.25,2.25,-0.5,2.5,-0.25,0.25,0.25,0.25,False,H,H,2.14,3.3,3.8,1.9555390136166484,3.6043431087026097,4.087189725893812,-0.18446098638335173,0.30434310870260983,0.2871897258938123,3.3477917393313295,False,0.6761673573748839,0.3923251463433015,-0.14192110551579118,0.5662293152072736,0.25,2.642572761157605,0.04407614432788587,2.686648905485491,84,90,84
BOTH,DECAY50,0.5,0.5,La Liga,Celta,Osasuna,-0.5,2.25,-0.5,2.25,0.0,0.0,0.0,0.0,False,H,H,2.09,3.49,3.71,2.076122949028612,3.366421542569174,3.9089181937490105,-0.013877050971387916,-0.1235784574308263,0.19891819374901054,3.454362978667058,False,0.4815062232161166,0.3683277725671562,-0.056589225324480186,0.45843977224153165,0.5,2.4444829959787384,0.007995804074427681,2.452478800053166,84,84,84
BOTH,DECAY50,0.5,0.5,La Liga,Valencia,Betis,0.0,2.5,0.0,2.5,0.0,0.0,0.0,0.0,False,N,N,2.69,3.24,2.71,2.554791021488639,3.340929429070026,2.7882062588847014,-0.13520897851136082,0.100929429070026,0.07820625888470145,4.939287724145314,False,-0.046472133065196874,0.1663839483842894,0.10642804072474314,0.06690121229983605,-0.0,2.581878357300144,0.040279108569843514,2.6221574658699875,90,95,90
BOTH,DECAY50,0.5,0.5,La Liga,Real Madrid,Sociedad,-1.25,3.0,-1.5,3.5,-0.25,0.5,0.25,0.5,False,H,H,1.386,5.11,7.13,1.331401971898691,5.417868217502929,8.211159222974446,-0.05459802810130898,0.3078682175029286,1.0811592229744464,5.744789216133528,False,1.5438825604840218,1.4654617474226321,-0.03921040653069485,1.5933543523218194,1.25,3.448529498930479,0.10371398159669587,3.5522434805271748,84,84,84
BOTH,DECAY50,0.5,0.5,La Liga,Barcelona,Ath Bilbao,-1.25,3.0,-1.5,3.25,-0.25,0.25,0.25,0.25,False,H,H,1.406,5.0,6.83,1.30731430677931,5.419254857405858,9.242466037389153,-0.09868569322068987,0.4192548574058579,2.4124660373891533,5.76504376766378,False,1.5171332960498087,1.5821631091571702,0.03251490655368072,1.6352342737825947,1.25,3.3480139187168683,0.018617340574752284,3.3666312592916205,97,84,84
BOTH,DECAY50,0.5,0.5,Premier League,Nott'm Forest,Leeds,-0.25,2.5,-0.25,2.5,0.0,0.0,0.0,0.0,False,H,H,2.26,3.36,3.23,2.3896229868993566,3.3403192625884435,3.0134477136398834,0.1296229868993568,-0.019680737411556404,-0.21655228636011659,4.969444694505665,False,0.34055758626343235,-0.19610902338003655,-0.26833330482173445,0.17491749361991837,0.25,2.4673177077583075,0.08405263684449071,2.551370344602798,83,106,83
BOTH,DECAY50,0.5,0.5,Premier League,Everton,Crystal Palace,-0.25,2.5,-0.5,2.5,-0.25,0.0,0.25,0.0,False,H,H,2.15,3.41,3.42,1.996147513592178,3.4362121695607857,3.8641970743183207,-0.1538524864078219,0.026212169560785537,0.4441970743183208,5.076907185329027,False,0.21400298982738536,0.6968666917967474,0.24143185098468103,0.49185306662437633,0.25,2.456262798183097,0.08193490410355375,2.538197702286651,90,90,90
BOTH,DECAY50,0.5,0.5,Premier League,Brentford,Tottenham,0.0,2.75,-0.25,2.75,-0.25,0.0,0.25,0.0,True,N,H,2.4,3.67,2.77,2.2328406611945666,3.5897689472638437,3.089016733980395,-0.16715933880543332,-0.08023105273615627,0.3190167339803951,5.0157061024274086,False,0.2854139049450822,0.20636754338980828,-0.039523180777636946,0.2638677092102047,-0.0,2.7821931888376037,0.07892011979885427,2.861113308636458,83,88,83
BOTH,DECAY50,0.5,0.5,Premier League,Man City,Bournemouth,-1.25,3.25,-1.25,3.5,0.0,0.25,0.0,0.25,False,H,H,1.446,5.05,5.97,1.4007575569344213,5.136901727443679,6.733207115701639,-0.045242443065578675,0.08690172744367874,0.7632071157016389,5.70869218117207,False,1.3892531072055379,1.1862685776212718,-0.10149226479213302,1.4113915627320024,1.25,3.519649772579946,0.06703557344645872,3.586685346026405,88,83,83
BOTH,DECAY50,0.5,0.5,Premier League,Brighton,Aston Villa,-0.25,3.0,-0.5,2.75,-0.25,-0.25,0.25,0.25,False,H,H,2.26,3.62,3.02,2.0041728692648983,3.660347821609588,3.601141042577574,-0.25582713073510144,0.04034782160958805,0.581141042577574,4.984679784341628,False,0.2673888360011721,0.6080440928410591,0.1703276284199435,0.4725753582402243,0.25,2.8587224165250626,-0.008940549602409975,2.849781866922653,105,92,92
BOTH,DECAY50,0.5,0.5,Premier League,Newcastle,Liverpool,0.5,3.25,0.25,3.0,-0.25,-0.25,0.25,0.25,False,A,A,3.42,3.9,1.99,2.898263879922568,3.808381112802585,2.2537366098806526,-0.5217361200774318,-0.09161888719741507,0.2637366098806526,5.132048004304024,False,-0.16985537490312957,-0.043123213437813446,0.06336608073265806,-0.21952403527208786,-0.5,3.1190592004184365,0.06314198005954763,3.182201180477984,83,83,83
BOTH,DECAY50,0.5,0.5,Premier League,Fulham,Chelsea,0.25,3.0,0.25,2.75,0.0,-0.25,0.0,0.25,False,A,A,3.31,3.8,2.06,3.122712276357575,3.628781303489053,2.198282703889624,-0.18728772364242507,-0.1712186965109468,0.13828270388962416,5.070959156610311,False,-0.3210288006991011,-0.01840760115531853,0.1513105997718913,-0.2883174957455692,-0.25,2.8557255137772657,0.05196069543741122,2.9076862092146767,83,83,83
BOTH,DECAY50,0.5,0.5,Bundesliga,Bayern Munich,Stuttgart,-1.75,4.0,-1.5,4.0,0.25,0.0,0.25,0.0,False,H,H,1.284,6.41,7.77,1.321034703254443,5.942307906154884,7.232990538109532,0.03703470325444291,-0.4676920938451161,-0.5370094618904675,6.352256832668557,False,1.7540715866198657,1.2686692739426353,-0.24270115633861522,1.6895287496073679,1.75,4.060078507681171,0.08451614555554077,4.244594653236711,118,98,98
BOTH,DECAY50,0.5,0.5,Bundesliga,RB Leipzig,M'gladbach,-1.0,3.25,-1.25,3.5,-0.25,0.25,0.25,0.25,False,H,H,1.531,4.64,5.32,1.4255492515939274,4.950153614572051,6.529243873533543,-0.10545074840607249,0.3101536145720516,1.2092438735335431,5.665503033242469,False,1.059315265550003,1.4642231853021785,0.20245395987608772,1.3559573360496824,1.0,3.447555377920275,0.09887927661810458,3.5464346545383796,98,98,98
BOTH,DECAY50,0.5,0.5,Bundesliga,FC Koln,Hoffenheim,0.25,3.0,0.5,3.25,0.25,0.25,0.25,0.25,False,A,A,2.98,3.67,2.27,3.3824828925667165,3.915955583199754,2.0097580120297844,0.40248289256671654,0.2459555831997542,-0.2602419879702156,4.8578668192588825,False,-0.22823884077216705,-0.611620929829295,-0.19169104452856395,-0.45955237374019586,-0.25,3.1722305517822287,0.11087631651681429,3.283106868299043,97,98,97
BOTH,DECAY50,0.5,0.5,Bundesliga,Union Berlin,Ein Frankfurt,0.0,2.75,0.25,2.75,0.25,0.0,0.25,0.0,True,N,A,2.47,3.51,2.78,2.9338569026919075,3.6135148329184776,2.3154381883272386,0.46385690269190727,0.10351483291847785,-0.4645618116727612,4.947081471125392,True,0.03273656196232294,-0.3862372936052591,-0.20948692778379102,-0.19702337790465263,-0.0,2.797731138748441,0.18528754996083796,2.983018688709279,91,99,91
BOTH,DECAY50,0.5,0.5,Bundesliga,Dortmund,Hamburg,-1.5,3.0,-1.5,3.25,0.0,0.25,0.0,0.25,False,H,H,1.327,5.5,8.19,1.3153203808581961,5.394800333123333,8.9394991834668,-0.011679619141803821,-0.1051996668766666,0.749499183466801,5.749780655583225,False,1.3942665167039328,1.5628260427345826,0.08427976301532492,1.6208730670803804,1.5,3.3281645728012608,0.08529147717631425,3.413456049977575,99,97,97
BOTH,DECAY50,0.5,0.5,Bundesliga,Freiburg,Werder Bremen,-0.5,2.75,-0.5,2.75,0.0,0.0,0.0,0.0,False,H,H,2.01,3.63,3.61,1.880454136554285,3.7175629438729,4.012471088826916,-0.12954586344571473,0.08756294387289998,0.4024710888269163,5.000284172416469,False,0.5826872935504805,0.561556758860714,-0.010565267344883278,0.6114358110468736,0.5,2.8301812079676174,0.06713772778431282,2.8973189357519304,97,98,97
BOTH,DECAY50,0.5,0.5,Serie A,Udinese,Como,0.5,2.25,0.75,2.5,0.25,0.25,0.25,0.25,False,A,A,4.5,3.52,1.826,5.9340558426396335,3.674093297135995,1.6306205576210389,1.4340558426396335,0.15409329713599496,-0.1953794423789612,5.395825727151027,False,-0.64762748104862,-1.061765176423683,-0.20706884768753153,-0.9276700101304141,-0.5,2.500582509240519,0.05717131733414371,2.557753826574663,90,83,83
BOTH,DECAY50,0.5,0.5,Serie A,Parma,Cagliari,0.0,2.0,0.0,2.25,0.0,0.25,0.0,0.25,False,N,N,2.68,2.99,2.92,3.0207983135700784,3.027615234109159,2.5725659031436696,0.3407983135700783,0.0376152341091589,-0.3474340968563303,5.004824231798355,True,0.13807044991291084,-0.3464447978132252,-0.242257623863068,-0.1108519718760103,-0.0,2.2133084920067274,0.06727184959026422,2.2805803415969916,83,90,83
BOTH,DECAY50,0.5,0.5,Serie A,Genoa,Napoli,0.5,2.25,0.75,2.0,0.25,-0.25,0.25,0.25,False,A,A,4.98,3.24,1.84,7.1268481361580305,3.472822184129973,1.6008741482179218,2.14684813615803,0.2328221841299727,-0.23912585178207824,5.292344902961288,False,-0.6442761461016218,-1.1155499626613707,-0.2356369082798745,-0.9551146805138198,-0.5,2.1307561802324626,0.07932055645721214,2.2100767366896745,83,90,83
BOTH,DECAY50,0.5,0.5,Serie A,Torino,Milan,0.75,2.5,1.0,2.5,0.25,0.0,0.25,0.0,False,A,A,4.42,3.71,1.793,6.3037870503521605,3.8058486807509304,1.5819722923593584,1.8837870503521605,0.09584868075093045,-0.2110277076406415,5.351060697199617,False,-0.8403361655484676,-1.0099109748223314,-0.0847874046369319,-1.0043196297032058,-0.75,2.5519310796735875,0.06909995072286912,2.6210310303964564,83,90,83
BOTH,DECAY50,0.5,0.5,Serie A,Atalanta,Sassuolo,-1.0,2.75,-1.25,3.0,-0.25,0.25,0.25,0.25,False,H,H,1.529,4.38,5.76,1.4802444349692339,4.403554173607031,6.523563272980962,-0.04875556503076606,0.023554173607030826,0.7635632729809618,5.594385015026582,False,1.0953299421847773,1.1157357853645151,0.010202921589868907,1.212011009632192,1.0,3.032255083854597,0.10279108924042424,3.1350461730950214,90,83,83
BOTH,DECAY50,0.5,0.5,Serie A,Bologna,Lazio,-0.25,2.25,-0.25,2.25,0.0,0.0,0.0,0.0,False,H,H,2.15,3.23,3.62,2.1699077794649293,3.218549403978611,3.5789847895161024,0.019907779464929387,-0.011450596021389092,-0.04101521048389767,5.095689621223354,False,0.3127518360046633,0.19901830758363515,-0.056866764210514065,0.36186775711751146,0.25,2.387917578642732,0.07361952116712067,2.4615370998098527,90,90,90
BOTH,DECAY50,0.5,0.5,Serie A,Roma,Fiorentina,-1.0,2.5,-1.0,2.5,0.0,0.0,0.0,0.0,False,H,H,1.568,4.1,5.74,1.547629487293461,3.8582998381202143,6.642639540072286,-0.020370512706539,-0.24170016187978538,0.9026395400722862,5.587356893977091,False,0.7306079700131523,1.1535905935111277,0.21149131174898772,1.0533081365804515,1.0,2.539867552425454,0.08112642923378832,2.6209939816592422,90,97,90
BOTH,DECAY50,0.5,0.5,Ligue 1,Marseille,Strasbourg,-0.75,3.0,-0.75,3.0,0.0,0.0,0.0,0.0,False,H,H,1.757,4.06,4.19,1.6408249723906863,4.227195002709552,4.805200708308654,-0.11617502760931364,0.16719500270955212,0.6152007083086533,5.4120866780359655,False,0.7645376006047724,0.9513155297908048,0.09338896459301621,0.9221735486581067,0.75,3.094334759888142,0.1250696849772357,3.219404444865378,90,90,90
BOTH,DECAY50,0.5,0.5,Ligue 1,Lens,Auxerre,-1.0,2.75,-1.25,2.75,-0.25,0.0,0.25,0.0,False,H,H,1.602,4.25,5.1,1.3627975849332459,4.8572519471722835,8.625905512246673,-0.23920241506675421,0.6072519471722835,3.5259055122466734,5.559227436292868,False,1.2040548011192154,1.4753576662542598,0.1356514325675222,1.4423146146568315,1.0,2.925690426971288,0.07792409867786088,3.003614525649149,94,90,90
BOTH,DECAY50,0.5,0.5,Ligue 1,Toulouse,Lyon,0.25,2.75,0.25,2.5,0.0,-0.25,0.0,0.25,False,A,A,3.35,3.64,2.09,3.4945465618436993,3.470973317952256,2.0945134469380218,0.14454656184369918,-0.16902668204774418,0.0045134469380219144,5.170163693337293,False,-0.10060246719951316,-0.4750170051115534,-0.18720726895602013,-0.3948181090265323,-0.25,2.5509103185937234,0.1121642266699483,2.6630745452636715,90,97,90
BOTH,DECAY50,0.5,0.5,Ligue 1,Nice,Lorient,-0.25,2.75,-0.25,2.5,0.0,-0.25,0.0,0.25,False,H,H,2.19,3.51,3.23,2.1296419198708967,3.5414195122830994,3.342428541679197,-0.060358080129103264,0.03141951228309958,0.11242854167919702,5.111881268630913,False,0.48740383968517714,0.17960849421628194,-0.1538976727344476,0.35783926002175265,0.25,2.730942313667032,0.043899035384594054,2.774841349051626,97,97,97
BOTH,DECAY50,0.5,0.5,Ligue 1,Angers,Lille,0.75,2.5,1.0,2.5,0.25,0.0,0.25,0.0,False,A,A,5.0,3.81,1.689,6.455226930225741,3.88813824228753,1.5565952017928755,1.4552269302257406,0.07813824228753008,-0.13240479820712459,5.45335030279297,False,-0.8635763041503373,-1.025723527837621,-0.08107361184364192,-1.023931930246765,-0.75,2.5151904768878195,0.03928600324622078,2.5544764801340403,90,90,90
BOTH,DECAY50,0.5,0.5,Ligue 1,Le Havre,Monaco,0.5,3.0,0.75,3.0,0.25,0.0,0.25,0.0,False,A,A,3.51,3.98,1.934,4.6578219795749325,4.0694994985428306,1.6869193567576826,1.1478219795749327,0.08949949854283057,-0.24708064324231738,5.3219648003286935,False,-0.7928635937044815,-0.7738310803335243,0.009516256685478564,-0.8497857367398214,-0.5,2.992813945367672,0.09385020732865046,3.0866641526963225,97,90,90
BOTH,DECAY50,0.5,0.5,Ligue 1,Paris SG,Rennes,-1.25,3.5,-1.5,3.5,-0.25,0.0,0.25,0.0,False,H,H,1.409,5.34,6.24,1.346024145647164,5.557170523373818,7.442185993861528,-0.06297585435283604,0.21717052337381837,1.2021859938615274,5.724553580830638,False,1.7226419543395721,1.2058358427050715,-0.2584030558172503,1.5786882817977488,1.25,3.645258588032808,0.14151690612885215,3.78677549416166,90,90,90
BOTH,DECAY25,0.25,0.25,La Liga,Alaves,Getafe,-0.25,1.75,-0.25,1.75,0.0,0.0,0.0,0.0,False,H,H,2.37,2.82,3.9,2.3020923165082183,2.808826686163269,4.122808126231046,-0.06790768349178178,-0.011173313836730703,0.22280812623104618,3.296111375831279,False,0.2798924978730853,0.44673524877884707,0.041710687726440446,0.3423608342855157,0.25,1.763245962070547,0.04393179827443777,1.8071777603449848,84,84,84
BOTH,DECAY25,0.25,0.25,La Liga,Sevilla,Vallecano,-0.25,2.25,-0.25,2.25,0.0,0.0,0.0,0.0,False,H,H,2.34,3.28,3.32,2.272542523604955,3.2008377333161486,3.5589808635933338,-0.06745747639504485,-0.07916226668385118,0.23898086359333393,3.3433295408023644,False,0.21820077757526102,0.5220869581141809,0.07597154513472998,0.3134818977959659,0.25,2.305974376347115,0.0032690663477217274,2.3092434426948367,84,84,84
BOTH,DECAY25,0.25,0.25,La Liga,Espanol,Levante,-0.25,2.25,-0.5,2.5,-0.25,0.25,0.25,0.25,False,H,H,2.14,3.3,3.8,1.886219534378159,3.636633009814362,4.379485855251653,-0.2537804656218412,0.33663300981436217,0.5794858552516535,3.3477917393313295,False,0.6761673573748839,0.3923251463433015,-0.07096055275789559,0.6409358712719184,0.25,2.642572761157605,0.022038072163942934,2.664610833321548,84,90,84
BOTH,DECAY25,0.25,0.25,La Liga,Celta,Osasuna,-0.5,2.25,-0.5,2.25,0.0,0.0,0.0,0.0,False,H,H,2.09,3.49,3.71,2.0511241224740773,3.374636793720505,3.989182804604223,-0.038875877525922586,-0.11536320627949515,0.27918280460422285,3.454362978667058,False,0.4815062232161166,0.3683277725671562,-0.028294612662240093,0.4809168600675701,0.5,2.4444829959787384,0.003997902037213841,2.4484808980159523,84,84,84
BOTH,DECAY25,0.25,0.25,La Liga,Valencia,Betis,0.0,2.5,0.0,2.5,0.0,0.0,0.0,0.0,False,N,N,2.69,3.24,2.71,2.6460975416615717,3.323782553722787,2.698211863322602,-0.04390245833842821,0.08378255372278698,-0.011788136677397976,4.939287724145314,False,-0.046472133065196874,0.1663839483842894,0.05321402036237157,0.014849716703686665,-0.0,2.581878357300144,0.020139554284921757,2.6020179115850657,90,95,90
BOTH,DECAY25,0.25,0.25,La Liga,Real Madrid,Sociedad,-1.25,3.0,-1.5,3.25,-0.25,0.25,0.25,0.25,False,H,H,1.386,5.11,7.13,1.3234440771835465,5.4256133663833905,8.508273323079099,-0.06255592281645339,0.3156133663833902,1.3782733230790987,5.744789216133528,False,1.5438825604840218,1.4654617474226321,-0.019605203265347426,1.6088588778018869,1.25,3.448529498930479,0.051856990798347935,3.500386489728827,84,84,84
BOTH,DECAY25,0.25,0.25,La Liga,Barcelona,Ath Bilbao,-1.25,3.0,-1.5,3.25,-0.25,0.25,0.25,0.25,False,H,H,1.406,5.0,6.83,1.3128551754173772,5.374075777179127,9.10139295363475,-0.09314482458262274,0.37407577717912677,2.2713929536347504,5.76504376766378,False,1.5171332960498087,1.5821631091571702,0.01625745327684036,1.6181185905263153,1.25,3.3480139187168683,0.009308670287376142,3.3573225890042444,97,84,84
BOTH,DECAY25,0.25,0.25,Premier League,Nott'm Forest,Leeds,-0.25,2.5,-0.25,2.25,0.0,-0.25,0.0,0.25,False,H,H,2.26,3.36,3.23,2.24307383903001,3.3341716893743505,3.2899814614824696,-0.01692616096999,-0.025828310625649387,0.059981461482469633,4.969444694505665,False,0.34055758626343235,-0.19610902338003655,-0.13416665241086723,0.2850109757120965,0.25,2.4673177077583075,0.04202631842224536,2.509344026180553,83,106,83
BOTH,DECAY25,0.25,0.25,Premier League,Everton,Crystal Palace,-0.25,2.5,-0.25,2.25,0.0,-0.25,0.0,0.25,False,H,H,2.15,3.41,3.42,2.1126316766250506,3.3578322384709973,3.576351039560928,-0.03736832337494933,-0.05216776152900282,0.15635103956092822,5.076907185329027,False,0.21400298982738536,0.6968666917967474,0.12071592549234052,0.38918883153963435,0.25,2.456262798183097,0.040967452051776876,2.4972302502348738,90,90,90
BOTH,DECAY25,0.25,0.25,Premier League,Brentford,Tottenham,0.0,2.75,-0.25,2.75,-0.25,0.0,0.25,0.0,True,N,H,2.4,3.67,2.77,2.210465083384396,3.566598801443995,3.1507533674722192,-0.18953491661560395,-0.10340119855600483,0.3807533674722192,5.0157061024274086,False,0.2854139049450822,0.20636754338980828,-0.019761590388818473,0.28536844767048863,-0.0,2.7821931888376037,0.039460059899427136,2.821653248737031,83,88,83
BOTH,DECAY25,0.25,0.25,Premier League,Man City,Bournemouth,-1.25,3.25,-1.5,3.5,-0.25,0.25,0.25,0.25,False,H,H,1.446,5.05,5.97,1.3821136789837678,5.196831648909441,7.08554022714189,-0.06388632101623215,0.14683164890944145,1.1155402271418904,5.70869218117207,False,1.3892531072055379,1.1862685776212718,-0.05074613239606651,1.4543149808689084,1.25,3.519649772579946,0.03351778672322936,3.5531675593031755,88,83,83
BOTH,DECAY25,0.25,0.25,Premier League,Brighton,Aston Villa,-0.25,3.0,-0.25,2.75,0.0,-0.25,0.0,0.25,False,H,H,2.26,3.62,3.02,2.100433396129528,3.6233311391777567,3.3583479931618894,-0.15956660387047172,0.0033311391777566257,0.33834799316188935,4.984679784341628,False,0.2673888360011721,0.6080440928410591,0.08516381420997175,0.3799165762504465,0.25,2.8587224165250626,-0.0044702748012049875,2.8542521417238578,105,92,92
BOTH,DECAY25,0.25,0.25,Premier League,Newcastle,Liverpool,0.5,3.25,0.25,3.0,-0.25,-0.25,0.25,0.25,False,A,A,3.42,3.9,1.99,2.97127468133478,3.793653783289391,2.2164767712762994,-0.44872531866522003,-0.10634621671060884,0.2264767712762994,5.132048004304024,False,-0.16985537490312957,-0.043123213437813446,0.03168304036632903,-0.25399538859638826,-0.5,3.1190592004184365,0.031570990029773816,3.1506301904482106,83,83,83
BOTH,DECAY25,0.25,0.25,Premier League,Fulham,Chelsea,0.25,3.0,0.25,2.75,0.0,-0.25,0.0,0.25,False,A,A,3.31,3.8,2.06,3.320454840285371,3.6369438075759164,2.107082345491955,0.010454840285370803,-0.16305619242408342,0.04708234549195511,5.070959156610311,False,-0.3210288006991011,-0.01840760115531853,0.07565529988594565,-0.37063095250573264,-0.25,2.8557255137772657,0.02598034771870561,2.881705861495971,83,83,83
BOTH,DECAY25,0.25,0.25,Bundesliga,Bayern Munich,Stuttgart,-1.75,4.0,-1.75,4.0,0.0,0.0,0.0,0.0,False,H,H,1.284,6.41,7.77,1.2861004214836318,6.16894003404153,8.072594824779108,0.0021004214836317647,-0.24105996595847046,0.30259482477910815,6.352256832668557,False,1.7540715866198657,1.2686692739426353,-0.12135057816930761,1.7977234591070363,1.75,4.060078507681171,0.042258072777770384,4.20233658045894,118,98,98
BOTH,DECAY25,0.25,0.25,Bundesliga,RB Leipzig,M'gladbach,-1.0,3.25,-1.25,3.25,-0.25,0.0,0.25,0.0,False,H,H,1.531,4.64,5.32,1.4710234373296944,4.75385000962078,6.005991873740916,-0.05997656267030549,0.11385000962077996,0.6859918737409156,5.665503033242469,False,1.059315265550003,1.4642231853021785,0.10122697993804386,1.250060968874671,1.0,3.447555377920275,0.04943963830905229,3.4969950162293273,98,98,98
BOTH,DECAY25,0.25,0.25,Bundesliga,FC Koln,Hoffenheim,0.25,3.0,0.25,3.0,0.0,0.0,0.0,0.0,False,A,A,2.98,3.67,2.27,3.1761278095720256,3.8354691283766336,2.114139971268614,0.19612780957202558,0.16546912837663363,-0.15586002873138582,4.8578668192588825,False,-0.22823884077216705,-0.611620929829295,-0.09584552226428197,-0.3560805486076487,-0.25,3.1722305517822287,0.055438158258407144,3.2276687100406356,97,98,97
BOTH,DECAY25,0.25,0.25,Bundesliga,Union Berlin,Ein Frankfurt,0.0,2.75,0.0,2.75,0.0,0.0,0.0,0.0,False,N,N,2.47,3.51,2.78,2.807797221193447,3.5336795933889706,2.43707114352873,0.3377972211934468,0.023679593388970854,-0.3429288564712696,4.947081471125392,True,0.03273656196232294,-0.3862372936052591,-0.10474346389189551,-0.11550109471774143,-0.0,2.797731138748441,0.09264377498041898,2.89037491372886,91,99,91
BOTH,DECAY25,0.25,0.25,Bundesliga,Dortmund,Hamburg,-1.5,3.0,-1.5,3.25,0.0,0.25,0.0,0.25,False,H,H,1.327,5.5,8.19,1.3268381718077114,5.286320498934982,8.721520992339109,-0.00016182819228860446,-0.21367950106501787,0.5315209923391091,5.749780655583225,False,1.3942665167039328,1.5628260427345826,0.04213988150766246,1.58278427457335,1.5,3.3281645728012608,0.04264573858815712,3.370810311389418,99,97,97
BOTH,DECAY25,0.25,0.25,Bundesliga,Freiburg,Werder Bremen,-0.5,2.75,-0.5,2.75,0.0,0.0,0.0,0.0,False,H,H,2.01,3.63,3.61,1.8760049288610332,3.6971714283959765,4.057154639166782,-0.13399507113896658,0.06717142839597656,0.44715463916678244,5.000284172416469,False,0.5826872935504805,0.561556758860714,-0.005282633672441639,0.6171387769724699,0.5,2.8301812079676174,0.03356886389215641,2.8637500718597737,97,98,97
BOTH,DECAY25,0.25,0.25,Serie A,Udinese,Como,0.5,2.25,0.75,2.25,0.25,0.0,0.25,0.0,False,A,A,4.5,3.52,1.826,5.322695582025027,3.5417141099311733,1.713107974584967,0.8226955820250268,0.021714109931173287,-0.11289202541503296,5.395825727151027,False,-0.64762748104862,-1.061765176423683,-0.10353442384376577,-0.8149881268561464,-0.5,2.500582509240519,0.028585658667071856,2.5291681679075912,90,83,83
BOTH,DECAY25,0.25,0.25,Serie A,Parma,Cagliari,0.0,2.0,0.0,2.0,0.0,0.0,0.0,0.0,False,N,N,2.68,2.99,2.92,2.6656542545638735,2.99832310428628,2.92923502608027,-0.014345745436126656,0.008323104286279914,0.00923502608027027,5.004824231798355,False,0.13807044991291084,-0.3464447978132252,-0.121128811931534,0.06444444708317729,-0.0,2.2133084920067274,0.03363592479513211,2.2469444168018597,83,90,83
BOTH,DECAY25,0.25,0.25,Serie A,Genoa,Napoli,0.5,2.25,0.75,2.0,0.25,-0.25,0.25,0.25,False,A,A,4.98,3.24,1.84,6.183268712044948,3.304811279721821,1.6989248540663207,1.203268712044948,0.06481127972182099,-0.14107514593367942,5.292344902961288,False,-0.6442761461016218,-1.1155499626613707,-0.11781845413993725,-0.8268867462280727,-0.5,2.1307561802324626,0.03966027822860607,2.1704164584610686,83,90,83
BOTH,DECAY25,0.25,0.25,Serie A,Torino,Milan,0.75,2.5,0.75,2.5,0.0,0.0,0.0,0.0,False,A,A,4.42,3.71,1.793,6.071885580176366,3.7288964170096484,1.6112367330978545,1.6518855801763657,0.018896417009648392,-0.1817632669021454,5.351060697199617,False,-0.8403361655484676,-1.0099109748223314,-0.04239370231846595,-0.9581803647238405,-0.75,2.5519310796735875,0.03454997536143456,2.586481055035022,83,90,83
BOTH,DECAY25,0.25,0.25,Serie A,Atalanta,Sassuolo,-1.0,2.75,-1.25,3.0,-0.25,0.25,0.25,0.25,False,H,H,1.529,4.38,5.76,1.4808568933135349,4.3635916193394335,6.601089873414443,-0.04814310668646504,-0.01640838066056638,0.8410898734144432,5.594385015026582,False,1.0953299421847773,1.1157357853645151,0.005101460794934454,1.2066687327697236,1.0,3.032255083854597,0.05139554462021212,3.0836506284748095,90,83,83
BOTH,DECAY25,0.25,0.25,Serie A,Bologna,Lazio,-0.25,2.25,-0.25,2.25,0.0,0.0,0.0,0.0,False,H,H,2.15,3.23,3.62,2.1576938700687753,3.1961934850757316,3.6413032483058165,0.007693870068775421,-0.03380651492426834,0.021303248305816425,5.095689621223354,False,0.3127518360046633,0.19901830758363515,-0.028433382105257032,0.37433829605109586,0.25,2.387917578642732,0.036809760583560336,2.4247273392262922,90,90,90
BOTH,DECAY25,0.25,0.25,Serie A,Roma,Fiorentina,-1.0,2.5,-0.75,2.5,0.25,0.0,0.25,0.0,False,H,H,1.568,4.1,5.74,1.5957481619015794,3.7365095191953412,6.188930113857783,0.02774816190157936,-0.3634904808046584,0.4489301138577826,5.587356893977091,False,0.7306079700131523,1.1535905935111277,0.10574565587449386,0.9756466604547072,1.0,2.539867552425454,0.04056321461689416,2.580430767042348,90,97,90
BOTH,DECAY25,0.25,0.25,Ligue 1,Marseille,Strasbourg,-0.75,3.0,-0.75,3.0,0.0,0.0,0.0,0.0,False,H,H,1.757,4.06,4.19,1.6719690009659989,4.134961741172845,4.668894874955195,-0.08503099903400102,0.07496174117284582,0.4788948749551949,5.4120866780359655,False,0.7645376006047724,0.9513155297908048,0.046694482296508105,0.8717610481178907,0.75,3.094334759888142,0.06253484248861785,3.15686960237676,90,90,90
BOTH,DECAY25,0.25,0.25,Ligue 1,Lens,Auxerre,-1.0,2.75,-1.25,2.75,-0.25,0.0,0.25,0.0,False,H,H,1.602,4.25,5.1,1.3922117023937857,4.690094873753488,8.058315997596429,-0.20978829760621442,0.44009487375348844,2.9583159975964293,5.559227436292868,False,1.2040548011192154,1.4753576662542598,0.0678257162837611,1.369088319158287,1.0,2.925690426971288,0.03896204933893044,2.9646524763102184,94,90,90
BOTH,DECAY25,0.25,0.25,Ligue 1,Toulouse,Lyon,0.25,2.75,0.25,2.5,0.0,-0.25,0.0,0.25,False,A,A,3.35,3.64,2.09,3.3124094237524857,3.3998387561945163,2.1945465836791467,-0.037590576247514385,-0.24016124380548387,0.10454658367914682,5.170163693337293,False,-0.10060246719951316,-0.4750170051115534,-0.09360363447801007,-0.31373450789608726,-0.25,2.5509103185937234,0.05608211333497415,2.6069924319286977,90,97,90
BOTH,DECAY25,0.25,0.25,Ligue 1,Nice,Lorient,-0.25,2.75,-0.5,2.5,-0.25,-0.25,0.25,0.25,False,H,H,2.19,3.51,3.23,2.0422594689698452,3.5582087356146777,3.5660186596012973,-0.14774053103015472,0.04820873561467787,0.3360186596012973,5.111881268630913,False,0.48740383968517714,0.17960849421628194,-0.0769488363672238,0.439072350281923,0.25,2.730942313667032,0.021949517692297027,2.752891831359329,97,97,97
BOTH,DECAY25,0.25,0.25,Ligue 1,Angers,Lille,0.75,2.5,1.0,2.5,0.25,0.0,0.25,0.0,False,A,A,5.0,3.81,1.689,6.194837293382224,3.8200521384441526,1.5839520788624937,1.194837293382224,0.010052138444152536,-0.10504792113750638,5.45335030279297,False,-0.8635763041503373,-1.025723527837621,-0.04053680592182096,-0.9801674071184026,-0.75,2.5151904768878195,0.01964300162311039,2.53483347851093,90,90,90
BOTH,DECAY25,0.25,0.25,Ligue 1,Le Havre,Monaco,0.5,3.0,0.75,2.75,0.25,-0.25,0.25,0.25,False,A,A,3.51,3.98,1.934,4.727817660288379,4.041876650904639,1.6826639142262512,1.2178176602883788,0.0618766509046389,-0.2513360857737488,5.3219648003286935,False,-0.7928635937044815,-0.7738310803335243,0.004758128342739282,-0.8549227280041339,-0.5,2.992813945367672,0.04692510366432523,3.039739049031997,97,90,90
BOTH,DECAY25,0.25,0.25,Ligue 1,Paris SG,Rennes,-1.25,3.5,-1.75,3.5,-0.5,0.0,0.5,0.0,False,H,H,1.409,5.34,6.24,1.2963904579241252,5.834807653154841,8.734559650091878,-0.11260954207587481,0.4948076531548411,2.494559650091878,5.724553580830638,False,1.7226419543395721,1.2058358427050715,-0.12920152790862516,1.7162522299742913,1.25,3.645258588032808,0.07075845306442607,3.716017041097234,90,90,90
BOTH,RESET,0.0,0.0,La Liga,Alaves,Getafe,-0.25,1.75,-0.25,1.75,0.0,0.0,0.0,0.0,False,H,H,2.37,2.82,3.9,2.36432104089753,2.7601772483085747,4.036960235099248,-0.00567895910246996,-0.05982275169142515,0.13696023509924826,3.296111375831279,False,0.2798924978730853,0.2798924978730853,0.0,0.3093832607656901,0.25,1.763245962070547,0.0,1.763245962070547,84,84,84
BOTH,RESET,0.0,0.0,La Liga,Sevilla,Vallecano,-0.25,2.25,-0.25,2.25,0.0,0.0,0.0,0.0,False,H,H,2.34,3.28,3.32,2.345758256877877,3.1828813906906843,3.413538081360202,0.0057582568778773435,-0.09711860930931548,0.09353808136020225,3.3433295408023644,False,0.21820077757526102,0.21820077757526102,0.0,0.262308044504587,0.25,2.305974376347115,0.0,2.305974376347115,84,84,84
BOTH,RESET,0.0,0.0,La Liga,Espanol,Levante,-0.25,2.25,-0.75,2.5,-0.5,0.25,0.5,0.25,False,H,H,2.14,3.3,3.8,1.8211089573855157,3.676248508072501,4.709305798914711,-0.3188910426144844,0.3762485080725013,0.9093057989147111,3.3477917393313295,False,0.6761673573748839,0.6761673573748839,0.0,0.7156424273365634,0.25,2.642572761157605,0.0,2.642572761157605,84,90,84
BOTH,RESET,0.0,0.0,La Liga,Celta,Osasuna,-0.5,2.25,-0.5,2.25,0.0,0.0,0.0,0.0,False,H,H,2.09,3.49,3.71,2.0187450885332865,3.387439571316545,4.098727369208996,-0.07125491146671337,-0.10256042868345538,0.3887273692089961,3.454362978667058,False,0.4815062232161166,0.4815062232161166,0.0,0.5107051436283102,0.5,2.4444829959787384,0.0,2.4444829959787384,84,84,84
BOTH,RESET,0.0,0.0,La Liga,Valencia,Betis,0.0,2.5,0.0,2.5,0.0,0.0,0.0,0.0,False,N,N,2.69,3.24,2.71,2.758701001981676,3.3096170206041333,2.599065547106478,0.06870100198167606,0.0696170206041331,-0.1109344528935221,4.939287724145314,True,-0.046472133065196874,-0.046472133065196874,0.0,-0.045145158285526385,-0.0,2.581878357300144,0.0,2.581878357300144,90,95,90
BOTH,RESET,0.0,0.0,La Liga,Real Madrid,Sociedad,-1.25,3.0,-1.5,3.25,-0.25,0.25,0.25,0.25,False,H,H,1.386,5.11,7.13,1.3137905747963634,5.4461324718699435,8.875080708320255,-0.07220942520363649,0.3361324718699432,1.7450807083202546,5.744789216133528,False,1.5438825604840218,1.5438825604840218,0.0,1.629164263762855,1.25,3.448529498930479,0.0,3.448529498930479,84,84,84
BOTH,RESET,0.0,0.0,La Liga,Barcelona,Ath Bilbao,-1.25,3.0,-1.5,3.25,-0.25,0.25,0.25,0.25,False,H,H,1.406,5.0,6.83,1.318481633179768,5.329571855169557,8.9629892172734,-0.08751836682023195,0.329571855169557,2.1329892172733995,5.76504376766378,False,1.5171332960498087,1.5171332960498087,0.0,1.6010029072700365,1.25,3.3480139187168683,0.0,3.3480139187168683,97,84,84
BOTH,RESET,0.0,0.0,Premier League,Nott'm Forest,Leeds,-0.25,2.5,-0.25,2.25,0.0,-0.25,0.0,0.25,False,H,H,2.26,3.36,3.23,2.14389608747865,3.3297293629852067,3.5344528765077246,-0.11610391252134988,-0.030270637014793156,0.30445287650772457,4.969444694505665,False,0.34055758626343235,0.34055758626343235,0.0,0.3668658689096015,0.25,2.4673177077583075,0.0,2.4673177077583075,83,106,83
BOTH,RESET,0.0,0.0,Premier League,Everton,Crystal Palace,-0.25,2.5,-0.25,2.25,0.0,-0.25,0.0,0.25,False,H,H,2.15,3.41,3.42,2.189462553069897,3.3042923662464214,3.4317169726938768,0.03946255306989688,-0.10570763375357872,0.011716972693876837,5.076907185329027,False,0.21400298982738536,0.21400298982738536,0.0,0.32917364751542455,0.25,2.456262798183097,0.0,2.456262798183097,90,90,90
BOTH,RESET,0.0,0.0,Premier League,Brentford,Tottenham,0.0,2.75,-0.25,2.5,-0.25,-0.25,0.25,0.25,True,N,H,2.4,3.67,2.77,2.188216146883931,3.543842595367403,3.215597042416825,-0.21178385311606895,-0.12615740463259684,0.44559704241682496,5.0157061024274086,False,0.2854139049450822,0.2854139049450822,0.0,0.30686918613077263,-0.0,2.7821931888376037,0.0,2.7821931888376037,83,88,83
BOTH,RESET,0.0,0.0,Premier League,Man City,Bournemouth,-1.25,3.25,-1.5,3.25,-0.25,0.0,0.25,0.0,False,H,H,1.446,5.05,5.97,1.3598808839715835,5.283139475414392,7.550189634861322,-0.08611911602841649,0.23313947541439184,1.5801896348613225,5.70869218117207,False,1.3892531072055379,1.3892531072055379,0.0,1.5078533945393935,1.25,3.519649772579946,0.0,3.519649772579946,88,83,83
BOTH,RESET,0.0,0.0,Premier League,Brighton,Aston Villa,-0.25,3.0,-0.25,2.75,0.0,-0.25,0.0,0.25,False,H,H,2.26,3.62,3.02,2.2006501275233328,3.5967071556343777,3.1505634791318995,-0.05934987247666701,-0.0232928443656224,0.13056347913189947,4.984679784341628,False,0.2673888360011721,0.2673888360011721,0.0,0.291393665002701,0.25,2.8587224165250626,0.0,2.8587224165250626,105,92,92
BOTH,RESET,0.0,0.0,Premier League,Newcastle,Liverpool,0.5,3.25,0.25,3.0,-0.25,-0.25,0.25,0.25,False,A,A,3.42,3.9,1.99,3.0482471527560135,3.780094594441228,2.179981698632628,-0.3717528472439864,-0.11990540555877205,0.18998169863262793,5.132048004304024,False,-0.16985537490312957,-0.16985537490312957,0.0,-0.28846674192068866,-0.5,3.1190592004184365,0.0,3.1190592004184365,83,83,83
BOTH,RESET,0.0,0.0,Premier League,Fulham,Chelsea,0.25,3.0,0.25,2.75,0.0,-0.25,0.0,0.25,False,A,A,3.31,3.8,2.06,3.45312611463175,3.637323083945391,2.0568113341712717,0.14312611463174996,-0.16267691605460888,-0.003188665828728343,5.070959156610311,False,-0.3210288006991011,-0.3210288006991011,0.0,-0.4191177516789067,-0.25,2.8557255137772657,0.0,2.8557255137772657,83,83,83
BOTH,RESET,0.0,0.0,Bundesliga,Bayern Munich,Stuttgart,-1.75,4.0,-1.75,4.0,0.0,0.0,0.0,0.0,False,H,H,1.284,6.41,7.77,1.2529733126453244,6.434550208803256,9.090086477833328,-0.03102668735467562,0.02455020880325609,1.3200864778333283,6.352256832668557,False,1.7540715866198657,1.7540715866198657,0.0,1.907804721491269,1.75,4.060078507681171,0.0,4.16007850768117,118,98,98
BOTH,RESET,0.0,0.0,Bundesliga,RB Leipzig,M'gladbach,-1.0,3.25,-1.0,3.25,0.0,0.0,0.0,0.0,False,H,H,1.531,4.64,5.32,1.509402355678527,4.605799942539218,5.648964077473968,-0.02159764432147293,-0.03420005746078125,0.3289640774739677,5.665503033242469,False,1.059315265550003,1.059315265550003,0.0,1.1671169992646226,1.0,3.447555377920275,0.0,3.447555377920275,98,98,98
BOTH,RESET,0.0,0.0,Bundesliga,FC Koln,Hoffenheim,0.25,3.0,0.25,3.0,0.0,0.0,0.0,0.0,False,A,A,2.98,3.67,2.27,3.00269334362915,3.7674567355501396,2.2216629749701267,0.022693343629149876,0.09745673555013967,-0.04833702502987336,4.8578668192588825,False,-0.22823884077216705,-0.22823884077216705,0.0,-0.2609794285825803,-0.25,3.1722305517822287,0.0,3.1722305517822287,97,98,97
BOTH,RESET,0.0,0.0,Bundesliga,Union Berlin,Ein Frankfurt,0.0,2.75,0.0,2.75,0.0,0.0,0.0,0.0,False,N,N,2.47,3.51,2.78,2.46024752212775,3.465103590412797,2.821543151445051,-0.009752477872249976,-0.04489640958720287,0.04154315144505105,4.947081471125392,False,0.03273656196232294,0.03273656196232294,0.0,0.10936183328377813,-0.0,2.797731138748441,0.0,2.797731138748441,91,99,91
BOTH,RESET,0.0,0.0,Bundesliga,Dortmund,Hamburg,-1.5,3.0,-1.5,3.25,0.0,0.25,0.0,0.25,False,H,H,1.327,5.5,8.19,1.3386803731410104,5.181101828422936,8.511770947183381,0.011680373141010447,-0.31889817157706357,0.3217709471833814,5.749780655583225,False,1.3942665167039328,1.3942665167039328,0.0,1.5450277178710785,1.5,3.3281645728012608,0.0,3.3281645728012608,99,97,97
BOTH,RESET,0.0,0.0,Bundesliga,Freiburg,Werder Bremen,-0.5,2.75,-0.5,2.75,0.0,0.0,0.0,0.0,False,H,H,2.01,3.63,3.61,1.8715251432968936,3.676799558467284,4.103345111886002,-0.13847485670310622,0.04679955846728401,0.49334511188600194,5.000284172416469,False,0.5826872935504805,0.5826872935504805,0.0,0.6228417428980663,0.5,2.8301812079676174,0.0,2.8301812079676174,97,98,97
BOTH,RESET,0.0,0.0,Serie A,Udinese,Como,0.5,2.25,0.5,2.25,0.0,0.0,0.0,0.0,False,A,A,4.5,3.52,1.826,4.8689282231491315,3.43875782568099,1.7928486534809376,0.36892822314913154,-0.08124217431900993,-0.033151346519062486,5.395825727151027,False,-0.64762748104862,-0.64762748104862,0.0,-0.7174020082486142,-0.5,2.500582509240519,0.0,2.500582509240519,90,83,83
BOTH,RESET,0.0,0.0,Serie A,Parma,Cagliari,0.0,2.0,-0.25,2.0,-0.25,0.0,0.25,0.0,True,N,H,2.68,2.99,2.92,2.514901889933209,2.9826627012328304,3.1531067995433553,-0.1650981100667912,-0.00733729876716982,0.23310679954335534,5.004824231798355,False,0.13807044991291084,0.13807044991291084,0.0,0.15280956484758837,-0.0,2.2133084920067274,0.0,2.2133084920067274,83,90,83
BOTH,RESET,0.0,0.0,Serie A,Genoa,Napoli,0.5,2.25,0.5,2.0,0.0,-0.25,0.0,0.25,False,A,A,4.98,3.24,1.84,5.469215849940793,3.170106011675977,1.802987494052316,0.48921584994079215,-0.06989398832402305,-0.037012505947684016,5.292344902961288,False,-0.6442761461016218,-0.6442761461016218,0.0,-0.7087625531732967,-0.5,2.1307561802324626,0.0,2.1307561802324626,83,90,83
BOTH,RESET,0.0,0.0,Serie A,Torino,Milan,0.75,2.5,0.75,2.5,0.0,0.0,0.0,0.0,False,A,A,4.42,3.71,1.793,5.8498241740417605,3.6548973177836066,1.6421445215450867,1.4298241740417605,-0.05510268221639336,-0.1508554784549132,5.351060697199617,False,-0.8403361655484676,-0.8403361655484676,0.0,-0.9120410997444751,-0.75,2.5519310796735875,0.0,2.5519310796735875,83,90,83
BOTH,RESET,0.0,0.0,Serie A,Atalanta,Sassuolo,-1.0,2.75,-1.0,2.75,0.0,0.0,0.0,0.0,False,H,H,1.529,4.38,5.76,1.4814563366949431,4.323654145786415,6.682412704673934,-0.04754366330505677,-0.05634585421358462,0.9224127046739339,5.594385015026582,False,1.0953299421847773,1.0953299421847773,0.0,1.2013289006980812,1.0,3.032255083854597,0.0,3.032255083854597,90,83,83
BOTH,RESET,0.0,0.0,Serie A,Bologna,Lazio,-0.25,2.25,-0.25,2.25,0.0,0.0,0.0,0.0,False,H,H,2.15,3.23,3.62,2.1450547949444325,3.1740950066625717,3.707577326092317,-0.004945205055567392,-0.055904993337428266,0.08757732609231672,5.095689621223354,False,0.3127518360046633,0.3127518360046633,0.0,0.38711868065094357,0.25,2.387917578642732,0.0,2.387917578642732,90,90,90
BOTH,RESET,0.0,0.0,Serie A,Roma,Fiorentina,-1.0,2.5,-0.75,2.5,0.25,0.0,0.25,0.0,False,H,H,1.568,4.1,5.74,1.6483747979406052,3.623451418967537,5.772490359059364,0.08037479794060509,-0.4765485810324628,0.032490359059363705,5.587356893977091,False,0.7306079700131523,0.7306079700131523,0.0,0.8976988798865481,1.0,2.539867552425454,0.0,2.539867552425454,90,97,90
BOTH,RESET,0.0,0.0,Ligue 1,Marseille,Strasbourg,-0.75,3.0,-0.75,3.0,0.0,0.0,0.0,0.0,False,H,H,1.757,4.06,4.19,1.700120525406573,4.051882111289009,4.563534733970461,-0.056879474593426904,-0.008117888710990506,0.37353473397046066,5.4120866780359655,False,0.7645376006047724,0.7645376006047724,0.0,0.8285306556980092,0.75,3.094334759888142,0.0,3.094334759888142,90,90,90
BOTH,RESET,0.0,0.0,Ligue 1,Lens,Auxerre,-1.0,2.75,-1.25,2.75,-0.25,0.0,0.25,0.0,False,H,H,1.602,4.25,5.1,1.4237879881335276,4.53386912101416,7.5370248903439645,-0.1782120118664725,0.28386912101415973,2.437024890343965,5.559227436292868,False,1.2040548011192154,1.2040548011192154,0.0,1.2958620236597427,1.0,2.925690426971288,0.0,2.925690426971288,94,90,90
BOTH,RESET,0.0,0.0,Ligue 1,Toulouse,Lyon,0.25,2.75,0.25,2.5,0.0,-0.25,0.0,0.25,False,A,A,3.35,3.64,2.09,3.096011883445875,3.330729472764311,2.333880620453688,-0.2539881165541251,-0.30927052723568904,0.2438806204536883,5.170163693337293,False,-0.10060246719951316,-0.10060246719951316,0.0,-0.2126777439785706,-0.25,2.5509103185937234,0.0,2.5509103185937234,90,97,90
BOTH,RESET,0.0,0.0,Ligue 1,Nice,Lorient,-0.25,2.75,-0.5,2.5,-0.25,-0.25,0.25,0.25,False,H,H,2.19,3.51,3.23,1.9590180715847219,3.5833842708316883,3.8227293600366736,-0.2309819284152781,0.07338427083168853,0.5927293600366736,5.111881268630913,False,0.48740383968517714,0.48740383968517714,0.0,0.5221481884569564,0.25,2.730942313667032,0.0,2.730942313667032,97,97,97
BOTH,RESET,0.0,0.0,Ligue 1,Angers,Lille,0.75,2.5,0.75,2.25,0.0,-0.25,0.0,0.25,False,A,A,5.0,3.81,1.689,5.94816624525938,3.755017400925236,1.6126324273890749,0.9481662452593804,-0.05498259907476388,-0.0763675726109252,5.45335030279297,False,-0.8635763041503373,-0.8635763041503373,0.0,-0.9364028839900401,-0.75,2.5151904768878195,0.0,2.5151904768878195,90,90,90
BOTH,RESET,0.0,0.0,Ligue 1,Le Havre,Monaco,0.5,3.0,0.75,2.75,0.25,-0.25,0.25,0.25,False,A,A,3.51,3.98,1.934,4.801066002875596,4.01425403893295,1.6783584305539778,1.2910660028755965,0.034254038932950426,-0.2556415694460221,5.3219648003286935,False,-0.7928635937044815,-0.7928635937044815,0.0,-0.8600597192684465,-0.5,2.992813945367672,0.0,2.992813945367672,97,90,90
BOTH,RESET,0.0,0.0,Ligue 1,Paris SG,Rennes,-1.25,3.5,-1.75,3.5,-0.5,0.0,0.5,0.0,False,H,H,1.409,5.34,6.24,1.2503618770137777,6.181521215877714,10.448819331549362,-0.15863812298622237,0.8415212158777141,4.208819331549362,5.724553580830638,False,1.7226419543395721,1.7226419543395721,0.0,1.855741346785367,1.25,3.645258588032808,0.0,3.645258588032808,90,90,90
D_ONLY,CURRENT,1.0,1.0,La Liga,Alaves,Getafe,-0.25,1.75,-0.5,1.75,-0.25,0.0,0.25,0.0,False,H,H,2.37,2.82,3.9,2.096572440784304,2.9769581174088113,4.543827361741824,-0.2734275592156963,0.1569581174088115,0.6438273617418244,3.296111375831279,False,0.2798924978730853,0.44673524877884707,0.1668427509057618,0.4740986115444521,0.25,1.763245962070547,0.1757271930977512,1.938973155168298,84,84,84
D_ONLY,CURRENT,1.0,1.0,La Liga,Sevilla,Vallecano,-0.25,2.25,-0.5,2.25,-0.25,0.0,0.25,0.0,False,H,H,2.34,3.28,3.32,1.9803579242868654,3.320247211014535,4.399633127738275,-0.35964207571313445,0.0402472110145351,1.079633127738275,3.3433295408023644,False,0.21820077757526102,0.5220869581141809,0.3038861805389199,0.5534281330778169,0.25,2.305974376347115,0.013076265390887,2.319050641738002,84,84,84
D_ONLY,CURRENT,1.0,1.0,La Liga,Espanol,Levante,-0.25,2.25,-0.25,2.5,0.0,0.25,0.0,0.25,False,H,H,2.14,3.3,3.8,2.1081021777106166,3.560098380587442,3.59419400868675,-0.03189782228938354,0.26009838058744217,-0.20580599131324995,3.3477917393313295,False,0.6761673573748839,0.3923251463433015,-0.28384221103158236,0.4168162030779837,0.25,2.642572761157605,0.0881522886557716,2.7307250498133766,84,90,84
D_ONLY,CURRENT,1.0,1.0,La Liga,Celta,Osasuna,-0.5,2.25,-0.25,2.25,0.25,0.0,0.25,0.0,False,H,H,2.09,3.49,3.71,2.104899175839656,3.3604532818769495,3.818505086332002,0.014899175839655943,-0.12954671812305074,0.10850508633200207,3.454362978667058,False,0.4815062232161166,0.3683277725671562,-0.11317845064896034,0.4329468783685552,0.5,2.4444829959787384,0.01599160814885546,2.460474604127594,84,84,84
D_ONLY,CURRENT,1.0,1.0,La Liga,Valencia,Betis,0.0,2.5,-0.25,2.5,-0.25,0.0,0.25,0.0,True,N,H,2.69,3.24,2.71,2.378410158161628,3.3845651462042827,2.9986354516970053,-0.311589841838372,0.1445651462042825,0.28863545169700533,4.939287724145314,False,-0.046472133065196874,0.1663839483842894,0.21285608144948628,0.1789475828851985,-0.0,2.581878357300144,0.08055821713968692,2.662436574439831,90,95,90
D_ONLY,CURRENT,1.0,1.0,La Liga,Real Madrid,Sociedad,-1.25,3.0,-1.5,3.5,-0.25,0.5,0.25,0.5,False,H,H,1.386,5.11,7.13,1.3472494894644713,5.406854664148368,7.677869670085491,-0.03875051053552858,0.29685466414836803,0.5478696700854915,5.744789216133528,False,1.5438825604840218,1.4654617474226321,-0.07842081306138961,1.5624110258473702,1.25,3.448529498930479,0.20742796319339188,3.6559574621238706,84,84,84
D_ONLY,CURRENT,1.0,1.0,La Liga,Barcelona,Ath Bilbao,-1.25,3.0,-1.5,3.25,-0.25,0.25,0.25,0.25,False,H,H,1.406,5.0,6.83,1.2964833240640643,5.51168048621603,9.532862796798465,-0.10951667593593561,0.5116804862160302,2.702862796798465,5.76504376766378,False,1.5171332960498087,1.5821631091571702,0.06502981310736153,1.6694656402951527,1.25,3.3480139187168683,0.03723468114950478,3.385248599866373,97,84,84
D_ONLY,CURRENT,1.0,1.0,Premier League,Nott'm Forest,Leeds,-0.25,2.5,0.25,2.5,0.5,0.0,0.5,0.0,True,H,A,2.26,3.36,3.23,3.209029897922331,3.426956805673398,2.24079741152467,0.9490298979223311,0.06695680567339801,-0.9892025884753299,4.969444694505665,True,0.34055758626343235,-0.19610902338003655,-0.5366666096434689,-0.2762737415367972,0.25,2.4673177077583075,0.16810527368898137,2.635422981447289,83,106,83
D_ONLY,CURRENT,1.0,1.0,Premier League,Everton,Crystal Palace,-0.25,2.5,-0.75,2.5,-0.5,0.0,0.5,0.0,False,H,H,2.15,3.41,3.42,1.7541589443500096,3.6754786338877126,4.793360740505856,-0.3958410556499903,0.2654786338877124,1.3733607405058557,5.076907185329027,False,0.21400298982738536,0.6968666917967474,0.482863701969362,0.7545324857333281,0.25,2.456262798183097,0.1638698082071074,2.6201326063902046,90,90,90
D_ONLY,CURRENT,1.0,1.0,Premier League,Brentford,Tottenham,0.0,2.75,-0.25,2.75,-0.25,0.0,0.25,0.0,True,N,H,2.4,3.67,2.77,2.2779786019914905,3.637330089790547,2.974026842165234,-0.12202139800850942,-0.03266991020945298,0.2040268421652338,5.0157061024274086,False,0.2854139049450822,0.20636754338980828,-0.07904636155527389,0.22086623228963673,-0.0,2.7821931888376037,0.15784023959770851,2.9400334284353122,83,88,83
D_ONLY,CURRENT,1.0,1.0,Premier League,Man City,Bournemouth,-1.25,3.25,-1.25,3.5,0.0,0.25,0.0,0.25,False,H,H,1.446,5.05,5.97,1.4388945870810206,5.032818378700107,6.119458412645834,-0.00710541291897937,-0.0171816212998932,0.14945841264583404,5.70869218117207,False,1.3892531072055379,1.1862685776212718,-0.20298452958426616,1.32686553999017,1.25,3.519649772579946,0.13407114689291735,3.6537209194728635,88,83,83
D_ONLY,CURRENT,1.0,1.0,Premier League,Brighton,Aston Villa,-0.25,3.0,-0.5,2.75,-0.25,-0.25,0.25,0.25,False,H,H,2.26,3.62,3.02,1.8348088773379478,3.7637497092197894,4.181678497514725,-0.42519112266205195,0.14374970921978925,1.1616784975147252,4.984679784341628,False,0.2673888360011721,0.6080440928410591,0.34065525683988707,0.6578929222197799,0.25,2.8587224165250626,-0.01788109920481979,2.8408413173202427,105,92,92
D_ONLY,CURRENT,1.0,1.0,Premier League,Newcastle,Liverpool,0.5,3.25,0.25,3.0,-0.25,-0.25,0.25,0.25,False,A,A,3.42,3.9,1.99,2.763045124358913,3.841271896439431,2.330619282589965,-0.656954875641087,-0.0587281035605689,0.3406192825899652,5.132048004304024,False,-0.16985537490312957,-0.043123213437813446,0.12673216146531613,-0.15058132862348705,-0.5,3.1190592004184365,0.12628396011909535,3.245343160537532,83,83,83
D_ONLY,CURRENT,1.0,1.0,Premier League,Fulham,Chelsea,0.25,3.0,0.0,2.75,-0.25,-0.25,0.25,0.25,True,A,N,3.31,3.8,2.06,2.785502235439623,3.633287131639424,2.401104234294055,-0.524497764560377,-0.16671286836057586,0.3411042342940549,5.070959156610311,False,-0.3210288006991011,-0.01840760115531853,0.3026211995437826,-0.12369058222524247,-0.25,2.8557255137772657,0.10392139087482254,2.959646904652088,83,83,83
D_ONLY,CURRENT,1.0,1.0,Bundesliga,Bayern Munich,Stuttgart,-1.75,4.0,-1.5,4.25,0.25,0.25,0.25,0.25,False,H,H,1.284,6.41,7.77,1.4021123917868448,5.557151092493642,5.869761894790786,0.11811239178684474,-0.8528489075063579,-1.9002381052092137,6.352256832668557,False,1.7540715866198657,1.2686692739426353,-0.4854023126772304,1.4634064124034147,1.75,4.060078507681171,0.1690322911110817,4.329110798792252,118,98,98
D_ONLY,CURRENT,1.0,1.0,Bundesliga,RB Leipzig,M'gladbach,-1.0,3.25,-1.5,3.5,-0.5,0.25,0.5,0.25,False,H,H,1.531,4.64,5.32,1.3438285050285508,5.416900465135217,7.818300083320189,-0.18717149497144914,0.7769004651352169,2.4983000833201885,5.665503033242469,False,1.059315265550003,1.4642231853021785,0.4049079197521754,1.5745202927617135,1.0,3.447555377920275,0.19775855323620903,3.645313931156484,98,98,98
D_ONLY,CURRENT,1.0,1.0,Bundesliga,FC Koln,Hoffenheim,0.25,3.0,0.5,3.25,0.25,0.25,0.25,0.25,False,A,A,2.98,3.67,2.27,3.852789120313582,4.10942518315457,1.8325644358966982,0.8727891203135818,0.4394251831545697,-0.43743556410330187,4.8578668192588825,False,-0.22823884077216705,-0.611620929829295,-0.38338208905712795,-0.6664960240052903,-0.25,3.1722305517822287,0.2217526330336287,3.3939831848158573,97,98,97
D_ONLY,CURRENT,1.0,1.0,Bundesliga,Union Berlin,Ein Frankfurt,0.0,2.75,0.25,3.0,0.25,0.25,0.25,0.25,True,N,A,2.47,3.51,2.78,3.3442393273235695,3.815230290318274,2.047746161549644,0.8742393273235693,0.3052302903182742,-0.7322538384503559,4.947081471125392,True,0.03273656196232294,-0.3862372936052591,-0.41897385556758204,-0.42317890658370916,-0.0,2.797731138748441,0.3705750999216758,3.168306238670117,91,99,91
D_ONLY,CURRENT,1.0,1.0,Bundesliga,Dortmund,Hamburg,-1.5,3.0,-1.5,3.25,0.0,0.25,0.0,0.25,False,H,H,1.327,5.5,8.19,1.2932404335084402,5.621933826417923,9.401001029050825,-0.033759566491559756,0.12193382641792283,1.2110010290508253,5.749780655583225,False,1.3942665167039328,1.5628260427345826,0.1685595260306499,1.6979770703425778,1.5,3.3281645728012608,0.17058295435262866,3.4987475271538893,99,97,97
D_ONLY,CURRENT,1.0,1.0,Bundesliga,Freiburg,Werder Bremen,-0.5,2.75,-0.5,2.75,0.0,0.0,0.0,0.0,False,H,H,2.01,3.63,3.61,1.889263490201787,3.7584053181584016,3.9273324670492373,-0.12073650979821271,0.12840531815840173,0.31733246704923745,5.000284172416469,False,0.5826872935504805,0.561556758860714,-0.021130534689766563,0.6000298791956808,0.5,2.8301812079676174,0.13427545556862552,2.964456663536243,97,98,97
D_ONLY,CURRENT,1.0,1.0,Serie A,Udinese,Como,0.5,2.25,1.0,2.5,0.5,0.25,0.5,0.25,False,A,A,4.5,3.52,1.826,7.494919781720893,3.9998350211816787,1.4913704026197483,2.994919781720893,0.47983502118167864,-0.3346295973802518,5.395825727151027,False,-0.64762748104862,-1.061765176423683,-0.41413769537506306,-1.1530337766789494,-0.5,2.500582509240519,0.11434263466828733,2.6149251439088066,90,83,83
D_ONLY,CURRENT,1.0,1.0,Serie A,Parma,Cagliari,0.0,2.0,0.25,2.25,0.25,0.25,0.25,0.25,True,N,A,2.68,2.99,2.92,3.700574929124103,3.1423800407067284,2.1664255253955798,1.0205749291241029,0.15238004070672817,-0.7535744746044202,5.004824231798355,True,0.13807044991291084,-0.3464447978132252,-0.484515247726136,-0.37451350859960897,-0.0,2.2133084920067274,0.13454369918052864,2.347852191187256,83,90,83
D_ONLY,CURRENT,1.0,1.0,Serie A,Genoa,Napoli,0.5,2.25,1.0,2.25,0.5,0.0,0.5,0.0,False,A,A,4.98,3.24,1.84,9.724186396217927,3.898991944227631,1.4417312783013085,4.744186396217927,0.6589919442276306,-0.39826872169869154,5.292344902961288,False,-0.6442761461016218,-1.1155499626613707,-0.4712738165597491,-1.2115705490853137,-0.5,2.1307561802324626,0.15864111291442445,2.289397293146887,83,90,83
D_ONLY,CURRENT,1.0,1.0,Serie A,Torino,Milan,0.75,2.5,1.0,2.5,0.25,0.0,0.25,0.0,False,A,A,4.42,3.71,1.793,6.799086638782949,3.9689944006162694,1.5279328124648275,2.3790866387829492,0.25899440061626944,-0.26506718753517244,5.351060697199617,False,-0.8403361655484676,-1.0099109748223314,-0.16957480927386387,-1.0965981596619365,-0.75,2.5519310796735875,0.13819990144573843,2.6901309811193257,83,90,83
D_ONLY,CURRENT,1.0,1.0,Serie A,Atalanta,Sassuolo,-1.0,2.75,-1.25,3.0,-0.25,0.25,0.25,0.25,False,H,H,1.529,4.38,5.76,1.4789846649301528,4.483554944614425,6.378892898697473,-0.05001533506984712,0.10355494461442483,0.6188928986974735,5.594385015026582,False,1.0953299421847773,1.1157357853645151,0.02040584317973783,1.2227012851592742,1.0,3.032255083854597,0.2055821784808484,3.2378372623354457,90,83,83
D_ONLY,CURRENT,1.0,1.0,Serie A,Bologna,Lazio,-0.25,2.25,-0.25,2.5,0.0,0.25,0.0,0.25,False,H,H,2.15,3.23,3.62,2.216786968758969,3.257848180510506,3.4141055612379123,0.06678696875896906,0.027848180510506193,-0.2058944387620878,5.095689621223354,False,0.3127518360046633,0.19901830758363515,-0.11373352842102812,0.3191422794066869,0.25,2.387917578642732,0.14723904233424145,2.535156620976973,90,90,90
D_ONLY,CURRENT,1.0,1.0,Serie A,Roma,Fiorentina,-1.0,2.5,-1.25,2.5,-0.25,0.0,0.25,0.0,False,H,H,1.568,4.1,5.74,1.4369610008270068,4.2119424979499,8.16057978028721,-0.13103899917299322,0.11194249794989997,2.420579780287209,5.587356893977091,False,0.7306079700131523,1.1535905935111277,0.42298262349797544,1.2580528070013155,1.0,2.539867552425454,0.16225285846757648,2.7021204108930306,90,97,90
D_ONLY,CURRENT,1.0,1.0,Ligue 1,Marseille,Strasbourg,-0.75,3.0,-1.0,3.25,-0.25,0.25,0.25,0.25,False,H,H,1.757,4.06,4.19,1.5838389459046653,4.420074597947818,5.0889804601742075,-0.17316105409533455,0.3600745979478184,0.8989804601742071,5.4120866780359655,False,0.7645376006047724,0.9513155297908048,0.18677792918603242,1.022998549738539,0.75,3.094334759888142,0.25013936995447156,3.3444741298426135,90,90,90
D_ONLY,CURRENT,1.0,1.0,Ligue 1,Lens,Auxerre,-1.0,2.75,-1.5,3.0,-0.5,0.25,0.5,0.25,False,H,H,1.602,4.25,5.1,1.3097739750607904,5.227443462033382,9.920274235129693,-0.2922260249392097,0.9774434620333823,4.820274235129693,5.559227436292868,False,1.2040548011192154,1.4753576662542598,0.2713028651350444,1.5887672056539206,1.0,2.925690426971288,0.15584819735572195,3.0815386243270098,94,90,90
D_ONLY,CURRENT,1.0,1.0,Ligue 1,Toulouse,Lyon,0.25,2.75,0.5,2.5,0.25,-0.25,0.25,0.25,False,A,A,3.35,3.64,2.09,3.77410069157961,3.6109825260168624,1.961534639000035,0.4241006915796097,-0.029017473983137698,-0.12846536099996486,5.170163693337293,False,-0.10060246719951316,-0.4750170051115534,-0.37441453791204027,-0.5169047996486371,-0.25,2.5509103185937234,0.22432845333989676,2.77523877193362,90,97,90
D_ONLY,CURRENT,1.0,1.0,Ligue 1,Nice,Lorient,-0.25,2.75,-0.25,2.75,0.0,0.0,0.0,0.0,False,H,H,2.19,3.51,3.23,2.2054174938247333,3.5516190990469476,3.163273628694409,0.015417493824733342,0.04161909904694783,-0.06672637130559078,5.111881268630913,False,0.48740383968517714,0.17960849421628194,-0.3077953454688952,0.2898448357568223,0.25,2.730942313667032,0.08779807076918832,2.81874038443622,97,97,97
D_ONLY,CURRENT,1.0,1.0,Ligue 1,Angers,Lille,0.75,2.5,1.0,2.5,0.25,0.0,0.25,0.0,False,A,A,5.0,3.81,1.689,7.0209670349990745,4.033943021080349,1.5055557205561794,2.0209670349990745,0.2239430210803488,-0.1834442794438207,5.45335030279297,False,-0.8635763041503373,-1.025723527837621,-0.16214722368728382,-1.11146097650349,-0.75,2.5151904768878195,0.07857200649244146,2.593762483380261,90,90,90
D_ONLY,CURRENT,1.0,1.0,Ligue 1,Le Havre,Monaco,0.5,3.0,0.75,3.0,0.25,0.0,0.25,0.0,False,A,A,3.51,3.98,1.934,4.526742526270839,4.1247436779829,1.6952861044065308,1.0167425262708392,0.14474367798289967,-0.23871389559346912,5.3219648003286935,False,-0.7928635937044815,-0.7738310803335243,0.019032513370957092,-0.8395117542111961,-0.5,2.992813945367672,0.18770041465730103,3.180514360024973,97,90,90
D_ONLY,CURRENT,1.0,1.0,Ligue 1,Paris SG,Rennes,-1.25,3.5,-1.25,3.75,0.0,0.25,0.0,0.25,False,H,H,1.409,5.34,6.24,1.4356265679487803,5.234460389578722,5.894700411657944,0.026626567948780266,-0.10553961042127824,-0.34529958834205665,5.724553580830638,False,1.7226419543395721,1.2058358427050715,-0.5168061116345006,1.359485343254729,1.25,3.645258588032808,0.28303381225770435,3.928292400290512,90,90,90
D_ONLY,DECAY75,0.75,1.0,La Liga,Alaves,Getafe,-0.25,1.75,-0.25,1.75,0.0,0.0,0.0,0.0,False,H,H,2.37,2.82,3.9,2.154940034513679,2.954925663178902,4.338524870066469,-0.21505996548632123,0.13492566317890198,0.43852487006646923,3.296111375831279,False,0.2798924978730853,0.44673524877884707,0.12513206317932135,0.43018601912480664,0.25,1.763245962070547,0.1757271930977511,1.938973155168298,84,84,84
D_ONLY,DECAY75,0.75,1.0,La Liga,Sevilla,Vallecano,-0.25,2.25,-0.5,2.25,-0.25,0.0,0.25,0.0,False,H,H,2.34,3.28,3.32,2.0692024850029305,3.2754522818979073,4.08406700515847,-0.2707975149970694,-0.004547718102092535,0.7640670051584704,3.3433295408023644,False,0.21820077757526102,0.5220869581141809,0.22791463540418994,0.47344605465053324,0.25,2.305974376347115,0.01307626539088691,2.319050641738002,84,84,84
D_ONLY,DECAY75,0.75,1.0,La Liga,Espanol,Levante,-0.25,2.25,-0.5,2.5,-0.25,0.25,0.25,0.25,False,H,H,2.14,3.3,3.8,2.028440829720075,3.5953130298780707,3.8117232213476235,-0.11155917027992501,0.29531302987807084,0.011723221347623713,3.3477917393313295,False,0.6761673573748839,0.3923251463433015,-0.21288165827368677,0.4915227591426286,0.25,2.642572761157605,0.08815228865577174,2.7307250498133766,84,90,84
D_ONLY,DECAY75,0.75,1.0,La Liga,Celta,Osasuna,-0.5,2.25,-0.5,2.25,0.0,0.0,0.0,0.0,False,H,H,2.09,3.49,3.71,2.0905972603831904,3.366205767553759,3.858902302995277,0.0005972603831905232,-0.1237942324462411,0.14890230299527696,3.454362978667058,False,0.4815062232161166,0.3683277725671562,-0.08488383798672028,0.445326377980609,0.5,2.4444829959787384,0.015991608148855363,2.460474604127594,84,84,84
D_ONLY,DECAY75,0.75,1.0,La Liga,Valencia,Betis,0.0,2.5,0.0,2.5,0.0,0.0,0.0,0.0,False,N,N,2.69,3.24,2.71,2.460080687331167,3.3761894986550316,2.884252858185704,-0.2299193126688328,0.13618949865503138,0.1742528581857039,4.939287724145314,False,-0.046472133065196874,0.1663839483842894,0.1596420610871147,0.12292439759251726,-0.0,2.581878357300144,0.08055821713968703,2.662436574439831,90,95,90
D_ONLY,DECAY75,0.75,1.0,La Liga,Real Madrid,Sociedad,-1.25,3.0,-1.5,3.5,-0.25,0.5,0.25,0.5,False,H,H,1.386,5.11,7.13,1.341202709909497,5.4420623596220885,7.806731688785692,-0.04479729009050293,0.3320623596220882,0.6767316887856918,5.744789216133528,False,1.5438825604840218,1.4654617474226321,-0.05881560979604228,1.5791863604738516,1.25,3.448529498930479,0.20742796319339174,3.6559574621238706,84,84,84
D_ONLY,DECAY75,0.75,1.0,La Liga,Barcelona,Ath Bilbao,-1.25,3.0,-1.5,3.25,-0.25,0.25,0.25,0.25,False,H,H,1.406,5.0,6.83,1.3023328269488414,5.469562111300718,9.348627440033411,-0.10366717305115847,0.4695621113007178,2.518627440033411,5.76504376766378,False,1.5171332960498087,1.5821631091571702,0.048772359830521084,1.6523499570388738,1.25,3.3480139187168683,0.03723468114950457,3.385248599866373,97,84,84
D_ONLY,DECAY75,0.75,1.0,Premier League,Nott'm Forest,Leeds,-0.25,2.5,0.25,2.5,0.5,0.0,0.5,0.0,True,H,A,2.26,3.36,3.23,2.9747885983149764,3.403175946623311,2.382694366685832,0.7147885983149767,0.043175946623311035,-0.8473056333141682,4.969444694505665,True,0.34055758626343235,-0.19610902338003655,-0.4024999572326017,-0.17105669402492318,0.25,2.4673177077583075,0.16810527368898143,2.635422981447289,83,106,83
D_ONLY,DECAY75,0.75,1.0,Premier League,Everton,Crystal Palace,-0.25,2.5,-0.5,2.5,-0.25,0.0,0.25,0.0,False,H,H,2.15,3.41,3.42,1.8658198865742233,3.5756000060282793,4.252816004105664,-0.28418011342577665,0.16560000602827918,0.8328160041056645,5.076907185329027,False,0.21400298982738536,0.6968666917967474,0.36214777647702157,0.6231927761788523,0.25,2.456262798183097,0.1638698082071075,2.6201326063902046,90,90,90
D_ONLY,DECAY75,0.75,1.0,Premier League,Brentford,Tottenham,0.0,2.75,-0.25,2.75,-0.25,0.0,0.25,0.0,True,N,H,2.4,3.67,2.77,2.2514904255350863,3.642255903984557,3.0170307590957264,-0.14850957446491364,-0.02774409601544292,0.24703075909572636,5.0157061024274086,False,0.2854139049450822,0.20636754338980828,-0.05928477116645542,0.24236697074992072,-0.0,2.7821931888376037,0.15784023959770854,2.9400334284353122,83,88,83
D_ONLY,DECAY75,0.75,1.0,Premier League,Man City,Bournemouth,-1.25,3.25,-1.25,3.5,0.0,0.25,0.0,0.25,False,H,H,1.446,5.05,5.97,1.4207115841488958,5.103430756996465,6.3585858620185025,-0.025288415851104196,0.053430756996465156,0.38858586201850276,5.70869218117207,False,1.3892531072055379,1.1862685776212718,-0.15223839718819954,1.3696651732554739,1.25,3.519649772579946,0.13407114689291744,3.6537209194728635,88,83,83
D_ONLY,DECAY75,0.75,1.0,Premier League,Brighton,Aston Villa,-0.25,3.0,-0.5,2.75,-0.25,-0.25,0.25,0.25,False,H,H,2.26,3.62,3.02,1.9159943776185695,3.703727826765955,3.87707565996234,-0.3440056223814303,0.08372782676595492,0.8570756599623399,4.984679784341628,False,0.2673888360011721,0.6080440928410591,0.25549144262991524,0.5652341402300021,0.25,2.8587224165250626,-0.01788109920481995,2.8408413173202427,105,92,92
D_ONLY,DECAY75,0.75,1.0,Premier League,Newcastle,Liverpool,0.5,3.25,0.25,3.0,-0.25,-0.25,0.25,0.25,False,A,A,3.42,3.9,1.99,2.8213538828445546,3.846849237012792,2.288708085775256,-0.5986461171554454,-0.05315076298720811,0.298708085775256,5.132048004304024,False,-0.16985537490312957,-0.043123213437813446,0.0950491210989871,-0.18505268194778746,-0.5,3.1190592004184365,0.12628396011909526,3.245343160537532,83,83,83
D_ONLY,DECAY75,0.75,1.0,Premier League,Fulham,Chelsea,0.25,3.0,0.25,2.75,0.0,-0.25,0.0,0.25,False,A,A,3.31,3.8,2.06,2.9374410428251108,3.6466238168182867,2.293309885380098,-0.3725589571748893,-0.1533761831817131,0.2333098853800979,5.070959156610311,False,-0.3210288006991011,-0.01840760115531853,0.22696589965783692,-0.20600403898540587,-0.25,2.8557255137772657,0.10392139087482244,2.959646904652088,83,83,83
D_ONLY,DECAY75,0.75,1.0,Bundesliga,Bayern Munich,Stuttgart,-1.75,4.0,-1.5,4.25,0.25,0.25,0.25,0.25,False,H,H,1.284,6.41,7.77,1.3589661442042151,5.773900656632419,6.4735008128564235,0.0749661442042151,-0.6360993433675812,-1.296499187143576,6.352256832668557,False,1.7540715866198657,1.2686692739426353,-0.36405173450792283,1.5842721409524962,1.75,4.060078507681171,0.16903229111108153,4.329110798792252,118,98,98
D_ONLY,DECAY75,0.75,1.0,Bundesliga,RB Leipzig,M'gladbach,-1.0,3.25,-1.5,3.5,-0.5,0.25,0.5,0.25,False,H,H,1.531,4.64,5.32,1.3848688518319945,5.200496161632907,7.0286096642951295,-0.14613114816800543,0.5604961616329076,1.7086096642951292,5.665503033242469,False,1.059315265550003,1.4642231853021785,0.3036809398141316,1.4652388144056978,1.0,3.447555377920275,0.19775855323620917,3.645313931156484,98,98,98
D_ONLY,DECAY75,0.75,1.0,Bundesliga,FC Koln,Hoffenheim,0.25,3.0,0.5,3.25,0.25,0.25,0.25,0.25,False,A,A,2.98,3.67,2.27,3.5802745588814204,4.046126133286559,1.9152666926611526,0.6002745588814205,0.37612613328655886,-0.35473330733884745,4.8578668192588825,False,-0.22823884077216705,-0.611620929829295,-0.2875365667928459,-0.563024198872743,-0.25,3.1722305517822287,0.22175263303362858,3.3939831848158573,97,98,97
D_ONLY,DECAY75,0.75,1.0,Bundesliga,Union Berlin,Ein Frankfurt,0.0,2.75,0.25,3.0,0.25,0.25,0.25,0.25,True,N,A,2.47,3.51,2.78,3.098847169754444,3.7749398560715486,2.165133518196918,0.6288471697544438,0.2649398560715488,-0.614866481803082,4.947081471125392,True,0.03273656196232294,-0.3862372936052591,-0.31423039167568656,-0.3101011422441809,-0.0,2.797731138748441,0.3705750999216759,3.168306238670117,91,99,91
D_ONLY,DECAY75,0.75,1.0,Bundesliga,Dortmund,Hamburg,-1.5,3.0,-1.5,3.25,0.0,0.25,0.0,0.25,False,H,H,1.327,5.5,8.19,1.3058318361363777,5.530098627952687,9.01926208822438,-0.021168163863622302,0.030098627952686918,0.8292620882243806,5.749780655583225,False,1.3942665167039328,1.5628260427345826,0.12641964452298737,1.6604286418397975,1.5,3.3281645728012608,0.1705829543526285,3.4987475271538893,99,97,97
D_ONLY,DECAY75,0.75,1.0,Bundesliga,Freiburg,Werder Bremen,-0.5,2.75,-0.5,2.75,0.0,0.0,0.0,0.0,False,H,H,2.01,3.63,3.61,1.8843043750667183,3.7619387408178264,3.9450434302595885,-0.12569562493328146,0.13193874081782653,0.3350434302595886,5.000284172416469,False,0.5826872935504805,0.561556758860714,-0.015847901017324917,0.6057328451212772,0.5,2.8301812079676174,0.13427545556862563,2.964456663536243,97,98,97
D_ONLY,DECAY75,0.75,1.0,Serie A,Udinese,Como,0.5,2.25,1.0,2.5,0.5,0.25,0.5,0.25,False,A,A,4.5,3.52,1.826,6.574153628753335,3.844760232214236,1.55823146957975,2.0741536287533346,0.3247602322142358,-0.2677685304202502,5.395825727151027,False,-0.64762748104862,-1.061765176423683,-0.3106032715312973,-1.0403518934046818,-0.5,2.500582509240519,0.11434263466828742,2.6149251439088066,90,83,83
D_ONLY,DECAY75,0.75,1.0,Serie A,Parma,Cagliari,0.0,2.0,0.25,2.25,0.25,0.25,0.25,0.25,True,N,A,2.68,2.99,2.92,3.3160465427209322,3.1011256911247345,2.347303393360572,0.6360465427209321,0.11112569112473425,-0.5726966066394281,5.004824231798355,True,0.13807044991291084,-0.3464447978132252,-0.363386435794602,-0.2426827402378096,-0.0,2.2133084920067274,0.13454369918052844,2.347852191187256,83,90,83
D_ONLY,DECAY75,0.75,1.0,Serie A,Genoa,Napoli,0.5,2.25,1.0,2.25,0.5,0.0,0.5,0.0,False,A,A,4.98,3.24,1.84,8.097281117285748,3.6950863900677855,1.5179216353592468,3.1172811172857475,0.4550863900677853,-0.32207836464075323,5.292344902961288,False,-0.6442761461016218,-1.1155499626613707,-0.35345536241981174,-1.0833426147995668,-0.5,2.1307561802324626,0.1586411129144243,2.289397293146887,83,90,83
D_ONLY,DECAY75,0.75,1.0,Serie A,Torino,Milan,0.75,2.5,1.0,2.5,0.25,0.0,0.25,0.0,False,A,A,4.42,3.71,1.793,6.459601173351472,3.908402183146776,1.55558915993437,2.039601173351472,0.19840218314677616,-0.23741084006562985,5.351060697199617,False,-0.8403361655484676,-1.0099109748223314,-0.12718110695539786,-1.0504588946825713,-0.75,2.5519310796735875,0.13819990144573824,2.6901309811193257,83,90,83
D_ONLY,DECAY75,0.75,1.0,Serie A,Atalanta,Sassuolo,-1.0,2.75,-1.25,3.0,-0.25,0.25,0.25,0.25,False,H,H,1.529,4.38,5.76,1.4810393851309251,4.477516296635459,6.353068371635704,-0.04796061486907477,0.09751629663545902,0.5930683716357041,5.594385015026582,False,1.0953299421847773,1.1157357853645151,0.015304382384803361,1.2185429089946123,1.0,3.032255083854597,0.20558217848084848,3.2378372623354457,90,83,83
D_ONLY,DECAY75,0.75,1.0,Serie A,Bologna,Lazio,-0.25,2.25,-0.25,2.5,0.0,0.25,0.0,0.25,False,H,H,2.15,3.23,3.62,2.180841492323392,3.2673324339167293,3.492129465585867,0.03084149232339195,0.03733243391672936,-0.1278705344141331,5.095689621223354,False,0.3127518360046633,0.19901830758363515,-0.0853001463157711,0.34762824049122476,0.25,2.387917578642732,0.14723904233424134,2.535156620976973,90,90,90
D_ONLY,DECAY75,0.75,1.0,Serie A,Roma,Fiorentina,-1.0,2.5,-1.0,2.5,0.0,0.0,0.0,0.0,False,H,H,1.568,4.1,5.74,1.4984452465998699,4.032450445634346,7.116069439626349,-0.06955475340013018,-0.06754955436565346,1.3760694396263489,5.587356893977091,False,0.7306079700131523,1.1535905935111277,0.3172369676234816,1.1429643252226238,1.0,2.539867552425454,0.16225285846757664,2.7021204108930306,90,97,90
D_ONLY,DECAY75,0.75,1.0,Ligue 1,Marseille,Strasbourg,-0.75,3.0,-1.0,3.25,-0.25,0.25,0.25,0.25,False,H,H,1.757,4.06,4.19,1.6130186217193347,4.364024025366071,4.8775987972124675,-0.14398137828066515,0.3040240253660711,0.6875987972124671,5.4120866780359655,False,0.7645376006047724,0.9513155297908048,0.14008344688952432,0.972586049198323,0.75,3.094334759888142,0.2501393699544714,3.3444741298426135,90,90,90
D_ONLY,DECAY75,0.75,1.0,Ligue 1,Lens,Auxerre,-1.0,2.75,-1.5,3.0,-0.5,0.25,0.5,0.25,False,H,H,1.602,4.25,5.1,1.3375101520307233,5.056366569971032,9.077381602711458,-0.26448984796927677,0.8063665699710318,3.977381602711459,5.559227436292868,False,1.2040548011192154,1.4753576662542598,0.20347714885128332,1.515540910155376,1.0,2.925690426971288,0.15584819735572175,3.0815386243270098,94,90,90
D_ONLY,DECAY75,0.75,1.0,Ligue 1,Toulouse,Lyon,0.25,2.75,0.5,2.5,0.25,-0.25,0.25,0.25,False,A,A,3.35,3.64,2.09,3.538865548984525,3.5706253180254577,2.0447296229523553,0.1888655489845248,-0.06937468197454244,-0.04527037704764458,5.170163693337293,False,-0.10060246719951316,-0.4750170051115534,-0.2808109034340302,-0.4345374542362168,-0.25,2.5509103185937234,0.2243284533398966,2.77523877193362,90,97,90
D_ONLY,DECAY75,0.75,1.0,Ligue 1,Nice,Lorient,-0.25,2.75,-0.25,2.75,0.0,0.0,0.0,0.0,False,H,H,2.19,3.51,3.23,2.1671084065639046,3.561556711517858,3.237311110109755,-0.02289159343609537,0.05155671151785812,0.007311110109755159,5.111881268630913,False,0.48740383968517714,0.17960849421628194,-0.2308465091016714,0.3222872138360008,0.25,2.730942313667032,0.08779807076918811,2.81874038443622,97,97,97
D_ONLY,DECAY75,0.75,1.0,Ligue 1,Angers,Lille,0.75,2.5,1.0,2.5,0.25,0.0,0.25,0.0,False,A,A,5.0,3.81,1.689,6.676184592920221,3.972687178076124,1.5313265850260878,1.6761845929202206,0.1626871780761241,-0.1576734149739123,5.45335030279297,False,-0.8635763041503373,-1.025723527837621,-0.12161041776546289,-1.0676964533751274,-0.75,2.5151904768878195,0.07857200649244156,2.593762483380261,90,90,90
D_ONLY,DECAY75,0.75,1.0,Ligue 1,Le Havre,Monaco,0.5,3.0,0.75,3.0,0.25,0.0,0.25,0.0,False,A,A,3.51,3.98,1.934,4.545917906648993,4.129421029181302,1.6918258840009888,1.0359179066489936,0.14942102918130162,-0.24217411599901117,5.3219648003286935,False,-0.7928635937044815,-0.7738310803335243,0.014274385028217845,-0.8446487454755087,-0.5,2.992813945367672,0.18770041465730092,3.180514360024973,97,90,90
D_ONLY,DECAY75,0.75,1.0,Ligue 1,Paris SG,Rennes,-1.25,3.5,-1.5,3.75,-0.25,0.25,0.25,0.25,False,H,H,1.409,5.34,6.24,1.3920303674827046,5.422083835805903,6.47502884197299,-0.01696963251729544,0.0820838358059035,0.2350288419729898,5.724553580830638,False,1.7226419543395721,1.2058358427050715,-0.3876045837258755,1.4693426118891844,1.25,3.645258588032808,0.2830338122577043,3.928292400290512,90,90,90
D_ONLY,DECAY50,0.5,1.0,La Liga,Alaves,Getafe,-0.25,1.75,-0.25,1.75,0.0,0.0,0.0,0.0,False,H,H,2.37,2.82,3.9,2.2164013148330763,2.9352390736387775,4.147802239885136,-0.15359868516692377,0.11523907363877761,0.24780223988513628,3.296111375831279,False,0.2798924978730853,0.44673524877884707,0.08342137545288089,0.38627342670516124,0.25,1.763245962070547,0.1757271930977511,1.938973155168298,84,84,84
D_ONLY,DECAY50,0.5,1.0,La Liga,Sevilla,Vallecano,-0.25,2.25,-0.25,2.25,0.0,0.0,0.0,0.0,False,H,H,2.34,3.28,3.32,2.165911018747758,3.238302522780493,3.803292932483322,-0.17408898125224193,-0.04169747721950667,0.48329293248332217,3.3433295408023644,False,0.21820077757526102,0.5220869581141809,0.15194309026945996,0.3934639762232496,0.25,2.305974376347115,0.01307626539088691,2.319050641738002,84,84,84
D_ONLY,DECAY50,0.5,1.0,La Liga,Espanol,Levante,-0.25,2.25,-0.5,2.5,-0.25,0.25,0.25,0.25,False,H,H,2.14,3.3,3.8,1.9543598845134489,3.636924900716032,4.051143753754594,-0.18564011548655124,0.3369249007160322,0.25114375375459375,3.3477917393313295,False,0.6761673573748839,0.3923251463433015,-0.14192110551579118,0.5662293152072736,0.25,2.642572761157605,0.08815228865577174,2.7307250498133766,84,90,84
D_ONLY,DECAY50,0.5,1.0,La Liga,Celta,Osasuna,-0.5,2.25,-0.5,2.25,0.0,0.0,0.0,0.0,False,H,H,2.09,3.49,3.71,2.075885765404932,3.3723889177082436,3.901740907307362,-0.014114234595067998,-0.11761108229175665,0.19174090730736193,3.454362978667058,False,0.4815062232161166,0.3683277725671562,-0.056589225324480186,0.4582282055524449,0.5,2.4444829959787384,0.015991608148855363,2.460474604127594,84,84,84
D_ONLY,DECAY50,0.5,1.0,La Liga,Valencia,Betis,0.0,2.5,0.0,2.5,0.0,0.0,0.0,0.0,False,N,N,2.69,3.24,2.71,2.546831967464152,3.370937239243833,2.7770464564024717,-0.14316803253584798,0.1309372392438326,0.06704645640247175,4.939287724145314,False,-0.046472133065196874,0.1663839483842894,0.10642804072474314,0.06690121229983605,-0.0,2.581878357300144,0.08055821713968703,2.662436574439831,90,95,90
D_ONLY,DECAY50,0.5,1.0,La Liga,Real Madrid,Sociedad,-1.25,3.0,-1.5,3.5,-0.25,0.5,0.25,0.5,False,H,H,1.386,5.11,7.13,1.3352106862516497,5.478078693540309,7.9392384416887,-0.05078931374835016,0.3680786935403084,0.8092384416887004,5.744789216133528,False,1.5438825604840218,1.4654617474226321,-0.03921040653069485,1.5960210805840567,1.25,3.448529498930479,0.20742796319339174,3.6559574621238706,84,84,84
D_ONLY,DECAY50,0.5,1.0,La Liga,Barcelona,Ath Bilbao,-1.25,3.0,-1.5,3.25,-0.25,0.25,0.25,0.25,False,H,H,1.406,5.0,6.83,1.308260351085147,5.4283012690455,9.169525730122576,-0.09773964891485298,0.4283012690454999,2.339525730122576,5.76504376766378,False,1.5171332960498087,1.5821631091571702,0.03251490655368072,1.6352342737825947,1.25,3.3480139187168683,0.03723468114950457,3.385248599866373,97,84,84
D_ONLY,DECAY50,0.5,1.0,Premier League,Nott'm Forest,Leeds,-0.25,2.5,-0.25,2.5,0.0,0.0,0.0,0.0,False,H,H,2.26,3.36,3.23,2.3772041746267667,3.403847713555028,2.9828749148807097,0.11720417462676691,0.04384771355502792,-0.24712508511929032,4.969444694505665,False,0.34055758626343235,-0.19610902338003655,-0.26833330482173445,0.17491749361991837,0.25,2.4673177077583075,0.16810527368898143,2.635422981447289,83,106,83
D_ONLY,DECAY50,0.5,1.0,Premier League,Everton,Crystal Palace,-0.25,2.5,-0.5,2.5,-0.25,0.0,0.25,0.0,False,H,H,2.15,3.41,3.42,1.9925429222217177,3.4974891055903696,3.8025933614045315,-0.15745707777828222,0.08748910559036949,0.3825933614045316,5.076907185329027,False,0.21400298982738536,0.6968666917967474,0.24143185098468103,0.49185306662437633,0.25,2.456262798183097,0.1638698082071075,2.6201326063902046,90,90,90
D_ONLY,DECAY50,0.5,1.0,Premier League,Brentford,Tottenham,0.0,2.75,-0.25,2.75,-0.25,0.0,0.25,0.0,True,N,H,2.4,3.67,2.77,2.2255571231187496,3.647649181741593,3.061078976196493,-0.17444287688125026,-0.022350818258407124,0.29107897619649314,5.0157061024274086,False,0.2854139049450822,0.20636754338980828,-0.039523180777636946,0.2638677092102047,-0.0,2.7821931888376037,0.15784023959770854,2.9400334284353122,83,88,83
D_ONLY,DECAY50,0.5,1.0,Premier League,Man City,Bournemouth,-1.25,3.25,-1.25,3.5,0.0,0.25,0.0,0.25,False,H,H,1.446,5.05,5.97,1.4029039714010065,5.178535134286088,6.614852219673765,-0.04309602859899342,0.12853513428608832,0.6448522196737656,5.70869218117207,False,1.3892531072055379,1.1862685776212718,-0.10149226479213302,1.4129729085834892,1.25,3.519649772579946,0.13407114689291744,3.6537209194728635,88,83,83
D_ONLY,DECAY50,0.5,1.0,Premier League,Brighton,Aston Villa,-0.25,3.0,-0.5,2.75,-0.25,-0.25,0.25,0.25,False,H,H,2.26,3.62,3.02,2.0045421286193736,3.6538113874184948,3.6062944540151185,-0.25545787138062614,0.033811387418494654,0.5862944540151185,4.984679784341628,False,0.2673888360011721,0.6080440928410591,0.1703276284199435,0.4725753582402243,0.25,2.8587224165250626,-0.01788109920481995,2.8408413173202427,105,92,92
D_ONLY,DECAY50,0.5,1.0,Premier League,Newcastle,Liverpool,0.5,3.25,0.25,3.0,-0.25,-0.25,0.25,0.25,False,A,A,3.42,3.9,1.99,2.8817664917152634,3.853586284408143,2.2481379316267724,-0.5382335082847365,-0.0464137155918567,0.25813793162677245,5.132048004304024,False,-0.16985537490312957,-0.043123213437813446,0.06336608073265806,-0.21952403527208786,-0.5,3.1190592004184365,0.12628396011909526,3.245343160537532,83,83,83
D_ONLY,DECAY50,0.5,1.0,Premier League,Fulham,Chelsea,0.25,3.0,0.25,2.75,0.0,-0.25,0.0,0.25,False,A,A,3.31,3.8,2.06,3.103774914166646,3.6667426372356915,2.1939463608851333,-0.20622508583335408,-0.13325736276430833,0.13394636088513323,5.070959156610311,False,-0.3210288006991011,-0.01840760115531853,0.1513105997718913,-0.2883174957455692,-0.25,2.8557255137772657,0.10392139087482244,2.959646904652088,83,83,83
D_ONLY,DECAY50,0.5,1.0,Bundesliga,Bayern Munich,Stuttgart,-1.75,4.0,-1.5,4.25,0.25,0.25,0.25,0.25,False,H,H,1.284,6.41,7.77,1.3236529219734845,5.990274950393275,7.087158744680195,0.03965292197348447,-0.4197250496067255,-0.6828412553198042,6.352256832668557,False,1.7540715866198657,1.2686692739426353,-0.24270115633861522,1.691414407661545,1.75,4.060078507681171,0.16903229111108153,4.329110798792252,118,98,98
D_ONLY,DECAY50,0.5,1.0,Bundesliga,RB Leipzig,M'gladbach,-1.0,3.25,-1.25,3.5,-0.25,0.25,0.25,0.25,False,H,H,1.531,4.64,5.32,1.429444741422778,5.009610572382779,6.350562038973722,-0.10155525857722192,0.36961057238277917,1.0305620389737218,5.665503033242469,False,1.059315265550003,1.4642231853021785,0.20245395987608772,1.3559573360496824,1.0,3.447555377920275,0.19775855323620917,3.645313931156484,98,98,98
D_ONLY,DECAY50,0.5,1.0,Bundesliga,FC Koln,Hoffenheim,0.25,3.0,0.5,3.25,0.25,0.25,0.25,0.25,False,A,A,2.98,3.67,2.27,3.337283812596702,3.9944436176768128,2.0056719057997006,0.35728381259670217,0.32444361767681285,-0.26432809420029946,4.8578668192588825,False,-0.22823884077216705,-0.611620929829295,-0.19169104452856395,-0.45955237374019586,-0.25,3.1722305517822287,0.22175263303362858,3.3939831848158573,97,98,97
D_ONLY,DECAY50,0.5,1.0,Bundesliga,Union Berlin,Ein Frankfurt,0.0,2.75,0.25,3.0,0.25,0.25,0.25,0.25,True,N,A,2.47,3.51,2.78,2.8818027920170532,3.7474035936363777,2.2956083361783475,0.41180279201705305,0.23740359363637786,-0.48439166382165233,4.947081471125392,True,0.03273656196232294,-0.3862372936052591,-0.20948692778379102,-0.19702337790465263,-0.0,2.797731138748441,0.3705750999216759,3.168306238670117,91,99,91
D_ONLY,DECAY50,0.5,1.0,Bundesliga,Dortmund,Hamburg,-1.5,3.0,-1.5,3.25,0.0,0.25,0.0,0.25,False,H,H,1.327,5.5,8.19,1.318691281792549,5.442874594744848,8.662226702169349,-0.008308718207451049,-0.057125405255152195,0.47222670216934937,5.749780655583225,False,1.3942665167039328,1.5628260427345826,0.08427976301532492,1.6231609444074135,1.5,3.3281645728012608,0.1705829543526285,3.4987475271538893,99,97,97
D_ONLY,DECAY50,0.5,1.0,Bundesliga,Freiburg,Werder Bremen,-0.5,2.75,-0.5,2.75,0.0,0.0,0.0,0.0,False,H,H,2.01,3.63,3.61,1.879371013496401,3.7655101282274055,3.962881119341249,-0.13062898650359878,0.1355101282274056,0.3528811193412493,5.000284172416469,False,0.5826872935504805,0.561556758860714,-0.010565267344883278,0.6114358110468736,0.5,2.8301812079676174,0.13427545556862563,2.964456663536243,97,98,97
D_ONLY,DECAY50,0.5,1.0,Serie A,Udinese,Como,0.5,2.25,0.75,2.5,0.25,0.25,0.25,0.25,False,A,A,4.5,3.52,1.826,5.815079062458322,3.7127891004785822,1.6322473192153282,1.315079062458322,0.19278910047858222,-0.1937526807846719,5.395825727151027,False,-0.64762748104862,-1.061765176423683,-0.20706884768753153,-0.9276700101304141,-0.5,2.500582509240519,0.11434263466828742,2.6149251439088066,90,83,83
D_ONLY,DECAY50,0.5,1.0,Serie A,Parma,Cagliari,0.0,2.0,0.0,2.25,0.0,0.25,0.0,0.25,False,N,N,2.68,2.99,2.92,2.9932203488441522,3.0778429003794647,2.5571717401359804,0.31322034884415206,0.08784290037946452,-0.36282825986401956,5.004824231798355,True,0.13807044991291084,-0.3464447978132252,-0.242257623863068,-0.1108519718760103,-0.0,2.2133084920067274,0.13454369918052844,2.347852191187256,83,90,83
D_ONLY,DECAY50,0.5,1.0,Serie A,Genoa,Napoli,0.5,2.25,0.75,2.25,0.25,0.0,0.25,0.0,False,A,A,4.98,3.24,1.84,6.853048492145472,3.5268854071242255,1.6039349056554282,1.8730484921454718,0.2868854071242253,-0.2360650943445719,5.292344902961288,False,-0.6442761461016218,-1.1155499626613707,-0.2356369082798745,-0.9551146805138198,-0.5,2.1307561802324626,0.1586411129144243,2.289397293146887,83,90,83
D_ONLY,DECAY50,0.5,1.0,Serie A,Torino,Milan,0.75,2.5,1.0,2.5,0.25,0.0,0.25,0.0,False,A,A,4.42,3.71,1.793,6.145207152366169,3.8516281978869404,1.5844051366752276,1.7252071523661687,0.14162819788694048,-0.20859486332477228,5.351060697199617,False,-0.8403361655484676,-1.0099109748223314,-0.0847874046369319,-1.0043196297032058,-0.75,2.5519310796735875,0.13819990144573824,2.6901309811193257,83,90,83
D_ONLY,DECAY50,0.5,1.0,Serie A,Atalanta,Sassuolo,-1.0,2.75,-1.25,3.0,-0.25,0.25,0.25,0.25,False,H,H,1.529,4.38,5.76,1.4830979352104074,4.471518057066239,6.327438064262969,-0.04590206478959247,0.0915180570662395,0.5674380642629693,5.594385015026582,False,1.0953299421847773,1.1157357853645151,0.010202921589868907,1.2143907611592888,1.0,3.032255083854597,0.20558217848084848,3.2378372623354457,90,83,83
D_ONLY,DECAY50,0.5,1.0,Serie A,Bologna,Lazio,-0.25,2.25,-0.25,2.5,0.0,0.25,0.0,0.25,False,H,H,2.15,3.23,3.62,2.167949875020519,3.2710173423873807,3.5214202070363867,0.017949875020518924,0.04101734238738075,-0.09857979296361341,5.095689621223354,False,0.3127518360046633,0.19901830758363515,-0.056866764210514065,0.3580559719934883,0.25,2.387917578642732,0.14723904233424134,2.535156620976973,90,90,90
D_ONLY,DECAY50,0.5,1.0,Serie A,Roma,Fiorentina,-1.0,2.5,-1.0,2.5,0.0,0.0,0.0,0.0,False,H,H,1.568,4.1,5.74,1.549814008500143,3.913219683823778,6.447835504018897,-0.018185991499857,-0.18678031617622182,0.707835504018897,5.587356893977091,False,0.7306079700131523,1.1535905935111277,0.21149131174898772,1.0549894344519748,1.0,2.539867552425454,0.16225285846757664,2.7021204108930306,90,97,90
D_ONLY,DECAY50,0.5,1.0,Ligue 1,Marseille,Strasbourg,-0.75,3.0,-0.75,3.25,0.0,0.25,0.0,0.25,False,H,H,1.757,4.06,4.19,1.643424105199612,4.311664397394303,4.679321196519008,-0.11357589480038799,0.25166439739430313,0.48932119651900763,5.4120866780359655,False,0.7645376006047724,0.9513155297908048,0.09338896459301621,0.9221735486581067,0.75,3.094334759888142,0.2501393699544714,3.3444741298426135,90,90,90
D_ONLY,DECAY50,0.5,1.0,Ligue 1,Lens,Auxerre,-1.0,2.75,-1.25,3.0,-0.25,0.25,0.25,0.25,False,H,H,1.602,4.25,5.1,1.3669353735722938,4.9003994758918115,8.335848162110194,-0.2350646264277063,0.6503994758918115,3.2358481621101944,5.559227436292868,False,1.2040548011192154,1.4753576662542598,0.1356514325675222,1.4423146146568315,1.0,2.925690426971288,0.15584819735572175,3.0815386243270098,94,90,90
D_ONLY,DECAY50,0.5,1.0,Ligue 1,Toulouse,Lyon,0.25,2.75,0.25,2.5,0.0,-0.25,0.0,0.25,False,A,A,3.35,3.64,2.09,3.4228627681022847,3.5521576139907802,2.0919211571348364,0.07286276810228465,-0.0878423860092199,0.0019211571348365375,5.170163693337293,False,-0.10060246719951316,-0.4750170051115534,-0.18720726895602013,-0.3905871802660625,-0.25,2.5509103185937234,0.2243284533398966,2.77523877193362,90,97,90
D_ONLY,DECAY50,0.5,1.0,Ligue 1,Nice,Lorient,-0.25,2.75,-0.25,2.75,0.0,0.0,0.0,0.0,False,H,H,2.19,3.51,3.23,2.127989286702492,3.573235361569359,3.3185853678875885,-0.06201071329750807,0.06323536156935905,0.08858536788758853,5.111881268630913,False,0.48740383968517714,0.17960849421628194,-0.1538976727344476,0.3565272826057973,0.25,2.730942313667032,0.08779807076918811,2.81874038443622,97,97,97
D_ONLY,DECAY50,0.5,1.0,Ligue 1,Angers,Lille,0.75,2.5,1.0,2.5,0.25,0.0,0.25,0.0,False,A,A,5.0,3.81,1.689,6.356527616674956,3.91511414072957,1.558131116921727,1.3565276166749562,0.10511414072957015,-0.13086888307827316,5.45335030279297,False,-0.8635763041503373,-1.025723527837621,-0.08107361184364192,-1.023931930246765,-0.75,2.5151904768878195,0.07857200649244156,2.593762483380261,90,90,90
D_ONLY,DECAY50,0.5,1.0,Ligue 1,Le Havre,Monaco,0.5,3.0,0.75,3.0,0.25,0.0,0.25,0.0,False,A,A,3.51,3.98,1.934,4.565218966974787,4.134134003663552,1.6883807141570522,1.0552189669747873,0.15413400366355168,-0.2456192858429478,5.3219648003286935,False,-0.7928635937044815,-0.7738310803335243,0.009516256685478564,-0.8497857367398214,-0.5,2.992813945367672,0.18770041465730092,3.180514360024973,97,90,90
D_ONLY,DECAY50,0.5,1.0,Ligue 1,Paris SG,Rennes,-1.25,3.5,-1.5,3.75,-0.25,0.25,0.25,0.25,False,H,H,1.409,5.34,6.24,1.3507943245313772,5.6398456664065195,7.161755702862275,-0.058205675468622875,0.29984566640651966,0.9217557028622752,5.724553580830638,False,1.7226419543395721,1.2058358427050715,-0.2584030558172503,1.5820723203730227,1.25,3.645258588032808,0.2830338122577043,3.928292400290512,90,90,90
D_ONLY,DECAY25,0.25,1.0,La Liga,Alaves,Getafe,-0.25,1.75,-0.25,1.75,0.0,0.0,0.0,0.0,False,H,H,2.37,2.82,3.9,2.2811664456446437,2.9178329690884075,3.9703211240292866,-0.08883355435535645,0.09783296908840766,0.0703211240292867,3.296111375831279,False,0.2798924978730853,0.44673524877884707,0.041710687726440446,0.3423608342855157,0.25,1.763245962070547,0.1757271930977511,1.938973155168298,84,84,84
D_ONLY,DECAY25,0.25,1.0,La Liga,Sevilla,Vallecano,-0.25,2.25,-0.25,2.25,0.0,0.0,0.0,0.0,False,H,H,2.34,3.28,3.32,2.2713663195348848,3.2084497720710057,3.552490537749726,-0.06863368046511509,-0.07155022792899413,0.23249053774972595,3.3433295408023644,False,0.21820077757526102,0.5220869581141809,0.07597154513472998,0.3134818977959659,0.25,2.305974376347115,0.01307626539088691,2.319050641738002,84,84,84
D_ONLY,DECAY25,0.25,1.0,La Liga,Espanol,Levante,-0.25,2.25,-0.5,2.5,-0.25,0.25,0.25,0.25,False,H,H,2.14,3.3,3.8,1.8853914863906365,3.685226932390876,4.315359878766862,-0.25460851360936365,0.38522693239087635,0.5153598787668621,3.3477917393313295,False,0.6761673573748839,0.3923251463433015,-0.07096055275789559,0.6409358712719184,0.25,2.642572761157605,0.08815228865577174,2.7307250498133766,84,90,84
D_ONLY,DECAY25,0.25,1.0,La Liga,Celta,Osasuna,-0.5,2.25,-0.5,2.25,0.0,0.0,0.0,0.0,False,H,H,2.09,3.49,3.71,2.0504849649824965,3.3837319715911893,3.9789522671588458,-0.03951503501750331,-0.10626802840881089,0.2689522671588458,3.454362978667058,False,0.4815062232161166,0.3683277725671562,-0.028294612662240093,0.4809168600675701,0.5,2.4444829959787384,0.015991608148855363,2.460474604127594,84,84,84
D_ONLY,DECAY25,0.25,1.0,La Liga,Valencia,Betis,0.0,2.5,0.0,2.5,0.0,0.0,0.0,0.0,False,N,N,2.69,3.24,2.71,2.6390663458998804,3.368788418650209,2.6764563280062035,-0.05093365410011952,0.12878841865020885,-0.03354367199379649,4.939287724145314,False,-0.046472133065196874,0.1663839483842894,0.05321402036237157,0.010878027007154832,-0.0,2.581878357300144,0.08055821713968703,2.662436574439831,90,95,90
D_ONLY,DECAY25,0.25,1.0,La Liga,Real Madrid,Sociedad,-1.25,3.0,-1.5,3.5,-0.25,0.5,0.25,0.5,False,H,H,1.386,5.11,7.13,1.3292735495892576,5.514922259524402,8.075517683903042,-0.05672645041074231,0.404922259524402,0.9455176839030424,5.744789216133528,False,1.5438825604840218,1.4654617474226321,-0.019605203265347426,1.6129142484660843,1.25,3.448529498930479,0.20742796319339174,3.6559574621238706,84,84,84
D_ONLY,DECAY25,0.25,1.0,La Liga,Barcelona,Ath Bilbao,-1.25,3.0,-1.5,3.25,-0.25,0.25,0.25,0.25,False,H,H,1.406,5.0,6.83,1.3142669688478503,5.387879237664447,8.995375272370092,-0.09173303115214959,0.3878792376644471,2.165375272370092,5.76504376766378,False,1.5171332960498087,1.5821631091571702,0.01625745327684036,1.6181185905263153,1.25,3.3480139187168683,0.03723468114950457,3.385248599866373,97,84,84
D_ONLY,DECAY25,0.25,1.0,Premier League,Nott'm Forest,Leeds,-0.25,2.5,-0.25,2.5,0.0,0.0,0.0,0.0,False,H,H,2.26,3.36,3.23,2.239208342610338,3.4273072707931673,3.211986660417735,-0.020791657389661822,0.06730727079316745,-0.01801333958226481,4.969444694505665,False,0.34055758626343235,-0.19610902338003655,-0.13416665241086723,0.2775202064788845,0.25,2.4673177077583075,0.16810527368898143,2.635422981447289,83,106,83
D_ONLY,DECAY25,0.25,1.0,Premier League,Everton,Crystal Palace,-0.25,2.5,-0.25,2.5,0.0,0.0,0.0,0.0,False,H,H,2.15,3.41,3.42,2.108797605880368,3.448639054233546,3.4892354393037186,-0.04120239411963178,0.038639054233545966,0.06923543930371867,5.076907185329027,False,0.21400298982738536,0.6968666917967474,0.12071592549234052,0.38473352516059656,0.25,2.456262798183097,0.1638698082071075,2.6201326063902046,90,90,90
D_ONLY,DECAY25,0.25,1.0,Premier League,Brentford,Tottenham,0.0,2.75,-0.25,2.75,-0.25,0.0,0.25,0.0,True,N,H,2.4,3.67,2.77,2.2001644648659116,3.6535126706948065,3.106203657217831,-0.19983553513408836,-0.016487329305193477,0.3362036572178311,5.0157061024274086,False,0.2854139049450822,0.20636754338980828,-0.019761590388818473,0.28536844767048863,-0.0,2.7821931888376037,0.15784023959770854,2.9400334284353122,83,88,83
D_ONLY,DECAY25,0.25,1.0,Premier League,Man City,Bournemouth,-1.25,3.25,-1.5,3.5,-0.25,0.25,0.25,0.25,False,H,H,1.446,5.05,5.97,1.3854803723701847,5.258389672600879,6.889742241016836,-0.06051962762981522,0.20838967260087937,0.9197422410168361,5.70869218117207,False,1.3892531072055379,1.1862685776212718,-0.05074613239606651,1.4567666176896819,1.25,3.519649772579946,0.13407114689291744,3.6537209194728635,88,83,83
D_ONLY,DECAY25,0.25,1.0,Premier League,Brighton,Aston Villa,-0.25,3.0,-0.25,2.75,0.0,-0.25,0.0,0.25,False,H,H,2.26,3.62,3.02,2.101275936726024,3.613486104172161,3.3646876570996036,-0.1587240632739757,-0.006513895827839011,0.3446876570996036,4.984679784341628,False,0.2673888360011721,0.6080440928410591,0.08516381420997175,0.3799165762504465,0.25,2.8587224165250626,-0.01788109920481995,2.8408413173202427,105,92,92
D_ONLY,DECAY25,0.25,1.0,Premier League,Newcastle,Liverpool,0.5,3.25,0.25,3.0,-0.25,-0.25,0.25,0.25,False,A,A,3.42,3.9,1.99,2.944378470611046,3.8614909558707655,2.208856678847833,-0.47562152938895386,-0.03850904412923439,0.218856678847833,5.132048004304024,False,-0.16985537490312957,-0.043123213437813446,0.03168304036632903,-0.25399538859638826,-0.5,3.1190592004184365,0.12628396011909526,3.245343160537532,83,83,83
D_ONLY,DECAY25,0.25,1.0,Premier League,Fulham,Chelsea,0.25,3.0,0.25,2.75,0.0,-0.25,0.0,0.25,False,A,A,3.31,3.8,2.06,3.286264389845452,3.693792927135426,2.1022170337181807,-0.02373561015454806,-0.10620707286457387,0.04221703371818064,5.070959156610311,False,-0.3210288006991011,-0.01840760115531853,0.07565529988594565,-0.37063095250573264,-0.25,2.8557255137772657,0.10392139087482244,2.959646904652088,83,83,83
D_ONLY,DECAY25,0.25,1.0,Bundesliga,Bayern Munich,Stuttgart,-1.75,4.0,-1.75,4.25,0.0,0.25,0.0,0.25,False,H,H,1.284,6.41,7.77,1.2902637877970278,6.237058606793906,7.803034725200549,0.006263787797027742,-0.17294139320609414,0.033034725200549175,6.352256832668557,False,1.7540715866198657,1.2686692739426353,-0.12135057816930761,1.8006598075932692,1.75,4.060078507681171,0.16903229111108153,4.329110798792252,118,98,98
D_ONLY,DECAY25,0.25,1.0,Bundesliga,RB Leipzig,M'gladbach,-1.0,3.25,-1.25,3.5,-0.25,0.25,0.25,0.25,False,H,H,1.531,4.64,5.32,1.474850787016982,4.851023070510716,5.79783231809015,-0.05614921298301789,0.21102307051071634,0.47783231809015003,5.665503033242469,False,1.059315265550003,1.4642231853021785,0.10122697993804386,1.2532601311600993,1.0,3.447555377920275,0.19775855323620917,3.645313931156484,98,98,98
D_ONLY,DECAY25,0.25,1.0,Bundesliga,FC Koln,Hoffenheim,0.25,3.0,0.25,3.25,0.0,0.25,0.0,0.25,False,A,A,2.98,3.67,2.27,3.1199092233638526,3.9538334904444383,2.1046542522860436,0.1399092233638526,0.2838334904444384,-0.16534574771395638,4.8578668192588825,False,-0.22823884077216705,-0.611620929829295,-0.09584552226428197,-0.3560805486076487,-0.25,3.1722305517822287,0.22175263303362858,3.3939831848158573,97,98,97
D_ONLY,DECAY25,0.25,1.0,Bundesliga,Union Berlin,Ein Frankfurt,0.0,2.75,0.0,3.0,0.0,0.25,0.0,0.25,False,N,N,2.47,3.51,2.78,2.7117657172876584,3.7334715964265373,2.4221275600648715,0.24176571728765817,0.22347159642653747,-0.3578724399351283,4.947081471125392,True,0.03273656196232294,-0.3862372936052591,-0.10474346389189551,-0.09794160173619397,-0.0,2.797731138748441,0.3705750999216759,3.168306238670117,91,99,91
D_ONLY,DECAY25,0.25,1.0,Bundesliga,Dortmund,Hamburg,-1.5,3.0,-1.5,3.25,0.0,0.25,0.0,0.25,False,H,H,1.327,5.5,8.19,1.3318176054777957,5.360020915228674,8.327933839272127,0.00481760547779575,-0.13997908477132626,0.13793383927212766,5.749780655583225,False,1.3942665167039328,1.5628260427345826,0.04213988150766246,1.586184094505984,1.5,3.3281645728012608,0.1705829543526285,3.4987475271538893,99,97,97
D_ONLY,DECAY25,0.25,1.0,Bundesliga,Freiburg,Werder Bremen,-0.5,2.75,-0.5,2.75,0.0,0.0,0.0,0.0,False,H,H,2.01,3.63,3.61,1.8744632452825438,3.769119616540747,3.9808466919242633,-0.13553675471745597,0.1391196165407469,0.37084669192426345,5.000284172416469,False,0.5826872935504805,0.561556758860714,-0.005282633672441639,0.6171387769724699,0.5,2.8301812079676174,0.13427545556862563,2.964456663536243,97,98,97
D_ONLY,DECAY25,0.25,1.0,Serie A,Udinese,Como,0.5,2.25,0.75,2.5,0.25,0.25,0.25,0.25,False,A,A,4.5,3.52,1.826,5.182560782208182,3.601215859588882,1.7143264854694193,0.6825607822081823,0.08121585958888211,-0.11167351453058072,5.395825727151027,False,-0.64762748104862,-1.061765176423683,-0.10353442384376577,-0.8149881268561464,-0.5,2.500582509240519,0.11434263466828742,2.6149251439088066,90,83,83
D_ONLY,DECAY25,0.25,1.0,Serie A,Parma,Cagliari,0.0,2.0,0.0,2.25,0.0,0.25,0.0,0.25,False,N,N,2.68,2.99,2.92,2.6640771833208747,3.0730223966520738,2.863104577567553,-0.01592281667912543,0.08302239665207356,-0.05689542243244672,5.004824231798355,False,0.13807044991291084,-0.3464447978132252,-0.121128811931534,0.050751119323950024,-0.0,2.2133084920067274,0.13454369918052844,2.347852191187256,83,90,83
D_ONLY,DECAY25,0.25,1.0,Serie A,Genoa,Napoli,0.5,2.25,0.75,2.25,0.25,0.0,0.25,0.0,False,A,A,4.98,3.24,1.84,5.880582726292949,3.3888808565582766,1.701289010091356,0.9005827262929484,0.14888085655827643,-0.13871098990864406,5.292344902961288,False,-0.6442761461016218,-1.1155499626613707,-0.11781845413993725,-0.8268867462280727,-0.5,2.1307561802324626,0.1586411129144243,2.289397293146887,83,90,83
D_ONLY,DECAY25,0.25,1.0,Serie A,Torino,Milan,0.75,2.5,0.75,2.5,0.0,0.0,0.0,0.0,False,A,A,4.42,3.71,1.793,5.853544431725402,3.7984813938495927,1.6144373576082494,1.4335444317254025,0.08848139384959275,-0.17856264239175057,5.351060697199617,False,-0.8403361655484676,-1.0099109748223314,-0.04239370231846595,-0.9581803647238405,-0.75,2.5519310796735875,0.13819990144573824,2.6901309811193257,83,90,83
D_ONLY,DECAY25,0.25,1.0,Serie A,Atalanta,Sassuolo,-1.0,2.75,-1.25,3.0,-0.25,0.25,0.25,0.25,False,H,H,1.529,4.38,5.76,1.4851602947130726,4.465559992374883,6.302000268524316,-0.043839705286927266,0.08555999237488354,0.5420002685243164,5.594385015026582,False,1.0953299421847773,1.1157357853645151,0.005101460794934454,1.2102448721783672,1.0,3.032255083854597,0.20558217848084848,3.2378372623354457,90,83,83
D_ONLY,DECAY25,0.25,1.0,Serie A,Bologna,Lazio,-0.25,2.25,-0.25,2.5,0.0,0.25,0.0,0.25,False,H,H,2.15,3.23,3.62,2.1544073887215136,3.2750581065937316,3.552977996165371,0.004407388721513694,0.04505810659373166,-0.0670220038346292,5.095689621223354,False,0.3127518360046633,0.19901830758363515,-0.028433382105257032,0.3691341521162805,0.25,2.387917578642732,0.14723904233424134,2.535156620976973,90,90,90
D_ONLY,DECAY25,0.25,1.0,Serie A,Roma,Fiorentina,-1.0,2.5,-1.0,2.5,0.0,0.0,0.0,0.0,False,H,H,1.568,4.1,5.74,1.5984831004500786,3.819782738977298,5.935229779157085,0.030483100450078515,-0.2802172610227016,0.19522977915708495,5.587356893977091,False,0.7306079700131523,1.1535905935111277,0.10574565587449386,0.9775347158805694,1.0,2.539867552425454,0.16225285846757664,2.7021204108930306,90,97,90
D_ONLY,DECAY25,0.25,1.0,Ligue 1,Marseille,Strasbourg,-0.75,3.0,-0.75,3.25,0.0,0.25,0.0,0.25,False,H,H,1.757,4.06,4.19,1.675114827084017,4.26284635945171,4.493133592858698,-0.08188517291598285,0.20284635945171026,0.303133592858698,5.4120866780359655,False,0.7645376006047724,0.9513155297908048,0.046694482296508105,0.8717610481178907,0.75,3.094334759888142,0.2501393699544714,3.3444741298426135,90,90,90
D_ONLY,DECAY25,0.25,1.0,Ligue 1,Lens,Auxerre,-1.0,2.75,-1.25,3.0,-0.25,0.25,0.25,0.25,False,H,H,1.602,4.25,5.1,1.398159290833581,4.758165410242563,7.6804236341582435,-0.20384070916641917,0.5081654102425626,2.580423634158244,5.559227436292868,False,1.2040548011192154,1.4753576662542598,0.0678257162837611,1.369088319158287,1.0,2.925690426971288,0.15584819735572175,3.0815386243270098,94,90,90
D_ONLY,DECAY25,0.25,1.0,Ligue 1,Toulouse,Lyon,0.25,2.75,0.25,2.5,0.0,-0.25,0.0,0.25,False,A,A,3.35,3.64,2.09,3.2343272301506705,3.5248330066472753,2.179518465613708,-0.11567276984932962,-0.11516699335272484,0.08951846561370802,5.170163693337293,False,-0.10060246719951316,-0.4750170051115534,-0.09360363447801007,-0.31373450789608726,-0.25,2.5509103185937234,0.2243284533398966,2.77523877193362,90,97,90
D_ONLY,DECAY25,0.25,1.0,Ligue 1,Nice,Lorient,-0.25,2.75,-0.5,2.75,-0.25,0.0,0.25,0.0,False,H,H,2.19,3.51,3.23,2.038903098853667,3.606515185634679,3.5287926316919562,-0.151096901146333,0.09651518563467931,0.29879263169195625,5.111881268630913,False,0.48740383968517714,0.17960849421628194,-0.0769488363672238,0.439072350281923,0.25,2.730942313667032,0.08779807076918811,2.81874038443622,97,97,97
D_ONLY,DECAY25,0.25,1.0,Ligue 1,Angers,Lille,0.75,2.5,1.0,2.5,0.25,0.0,0.25,0.0,False,A,A,5.0,3.81,1.689,6.059653008921343,3.86104243328983,1.5860173171889504,1.0596530089213427,0.05104243328983005,-0.10298268281104961,5.45335030279297,False,-0.8635763041503373,-1.025723527837621,-0.04053680592182096,-0.9801674071184026,-0.75,2.5151904768878195,0.07857200649244156,2.593762483380261,90,90,90
D_ONLY,DECAY25,0.25,1.0,Ligue 1,Le Havre,Monaco,0.5,3.0,0.75,3.0,0.25,0.0,0.25,0.0,False,A,A,3.51,3.98,1.934,4.584646757417484,4.138882745082927,1.6849505187469365,1.0746467574174838,0.15888274508292666,-0.24904948125306348,5.3219648003286935,False,-0.7928635937044815,-0.7738310803335243,0.004758128342739282,-0.8549227280041339,-0.5,2.992813945367672,0.18770041465730092,3.180514360024973,97,90,90
D_ONLY,DECAY25,0.25,1.0,Ligue 1,Paris SG,Rennes,-1.25,3.5,-1.75,3.75,-0.5,0.25,0.5,0.25,False,H,H,1.409,5.34,6.24,1.3059307586306608,5.936701639507036,8.125823352232333,-0.10306924136933926,0.5967016395070361,1.8858233522323324,5.724553580830638,False,1.7226419543395721,1.2058358427050715,-0.12920152790862516,1.7162522299742913,1.25,3.645258588032808,0.2830338122577043,3.928292400290512,90,90,90
D_ONLY,RESET,0.0,1.0,La Liga,Alaves,Getafe,-0.25,1.75,-0.25,1.75,0.0,0.0,0.0,0.0,False,H,H,2.37,2.82,3.9,2.349463892726697,2.9026502567615373,3.804894775115984,-0.020536107273303017,0.08265025676153748,-0.09510522488401607,3.296111375831279,False,0.2798924978730853,0.44673524877884707,0.0,0.29844824186587027,0.25,1.763245962070547,0.1757271930977511,1.938973155168298,84,84,84
D_ONLY,RESET,0.0,1.0,La Liga,Sevilla,Vallecano,-0.25,2.25,-0.25,2.25,0.0,0.0,0.0,0.0,False,H,H,2.34,3.28,3.32,2.3452653605699467,3.1927901621258687,3.4032515736903033,0.005265360569946864,-0.08720983787413106,0.08325157369030345,3.3433295408023644,False,0.21820077757526102,0.5220869581141809,0.0,0.2613633708360462,0.25,2.305974376347115,0.01307626539088691,2.319050641738002,84,84,84
D_ONLY,RESET,0.0,1.0,La Liga,Espanol,Levante,-0.25,2.25,-0.75,2.5,-0.5,0.25,0.5,0.25,False,H,H,2.14,3.3,3.8,1.8211157383076273,3.7405663453301194,4.607768281512591,-0.31888426169237283,0.4405663453301196,0.8077682815125913,3.3477917393313295,False,0.6761673573748839,0.3923251463433015,-0.0,0.7156424273365634,0.25,2.642572761157605,0.08815228865577174,2.7307250498133766,84,90,84
D_ONLY,RESET,0.0,1.0,La Liga,Celta,Osasuna,-0.5,2.25,-0.5,2.25,0.0,0.0,0.0,0.0,False,H,H,2.09,3.49,3.71,2.0180214877555596,3.3995454785440877,4.084103173206792,-0.0719785122444403,-0.09045452145591248,0.3741031732067919,3.454362978667058,False,0.4815062232161166,0.3683277725671562,-0.0,0.5107051436283102,0.5,2.4444829959787384,0.015991608148855363,2.460474604127594,84,84,84
D_ONLY,RESET,0.0,1.0,La Liga,Valencia,Betis,0.0,2.5,0.0,2.5,0.0,0.0,0.0,0.0,False,N,N,2.69,3.24,2.71,2.7372264436705684,3.369734890632326,2.5819756899420576,0.047226443670568496,0.12973489063232568,-0.12802431005794235,4.939287724145314,True,-0.046472133065196874,0.1663839483842894,0.0,-0.045145158285526385,-0.0,2.581878357300144,0.08055821713968703,2.662436574439831,90,95,90
D_ONLY,RESET,0.0,1.0,La Liga,Real Madrid,Sociedad,-1.25,3.0,-1.5,3.5,-0.25,0.5,0.25,0.5,False,H,H,1.386,5.11,7.13,1.323391406409455,5.5526122299293075,8.215702832699753,-0.06260859359054494,0.44261222992930715,1.085702832699753,5.744789216133528,False,1.5438825604840218,1.4654617474226321,-0.0,1.6298649452167833,1.25,3.448529498930479,0.20742796319339174,3.6559574621238706,84,84,84
D_ONLY,RESET,0.0,1.0,La Liga,Barcelona,Ath Bilbao,-1.25,3.0,-1.5,3.25,-0.25,0.25,0.25,0.25,False,H,H,1.406,5.0,6.83,1.3203537715078066,5.348277872353955,8.826001590582019,-0.08564622849219328,0.3482778723539548,1.9960015905820185,5.76504376766378,False,1.5171332960498087,1.5821631091571702,0.0,1.6010029072700365,1.25,3.3480139187168683,0.03723468114950457,3.385248599866373,97,84,84
D_ONLY,RESET,0.0,1.0,Premier League,Nott'm Forest,Leeds,-0.25,2.5,-0.25,2.5,0.0,0.0,0.0,0.0,False,H,H,2.26,3.36,3.23,2.1304591023640036,3.4567117447579774,3.436192592991231,-0.1295408976359962,0.0967117447579775,0.20619259299123094,4.969444694505665,False,0.34055758626343235,-0.19610902338003655,-0.0,0.3668658689096015,0.25,2.4673177077583075,0.16810527368898143,2.635422981447289,83,106,83
D_ONLY,RESET,0.0,1.0,Premier League,Everton,Crystal Palace,-0.25,2.5,-0.25,2.5,0.0,0.0,0.0,0.0,False,H,H,2.15,3.41,3.42,2.1742365638241803,3.428285889322964,3.3428430619982628,0.02423656382418038,0.018285889322963822,-0.07715693800173717,5.076907185329027,False,0.21400298982738536,0.6968666917967474,0.0,0.32917364751542455,0.25,2.456262798183097,0.1638698082071075,2.6201326063902046,90,90,90
D_ONLY,RESET,0.0,1.0,Premier League,Brentford,Tottenham,0.0,2.75,-0.25,2.75,-0.25,0.0,0.25,0.0,True,N,H,2.4,3.67,2.77,2.175298670034559,3.6598493654744937,3.152438195628685,-0.2247013299654408,-0.010150634525506241,0.38243819562868486,5.0157061024274086,False,0.2854139049450822,0.20636754338980828,-0.0,0.30686918613077263,-0.0,2.7821931888376037,0.15784023959770854,2.9400334284353122,83,88,83
D_ONLY,RESET,0.0,1.0,Premier League,Man City,Bournemouth,-1.25,3.25,-1.5,3.5,-0.25,0.25,0.25,0.25,False,H,H,1.446,5.05,5.97,1.3658700401996093,5.356755034975072,7.232087433911202,-0.08012995980039062,0.3067550349750725,1.2620874339112023,5.70869218117207,False,1.3892531072055379,1.1862685776212718,-0.0,1.5078533945393935,1.25,3.519649772579946,0.13407114689291744,3.6537209194728635,88,83,83
D_ONLY,RESET,0.0,1.0,Premier League,Brighton,Aston Villa,-0.25,3.0,-0.25,2.75,0.0,-0.25,0.0,0.25,False,H,H,2.26,3.62,3.02,2.201402851231445,3.5837402620366117,3.1590294160206693,-0.0585971487685546,-0.03625973796338844,0.13902941602066932,4.984679784341628,False,0.2673888360011721,0.6080440928410591,0.0,0.2920661719776894,0.25,2.8587224165250626,-0.01788109920481995,2.8408413173202427,105,92,92
D_ONLY,RESET,0.0,1.0,Premier League,Newcastle,Liverpool,0.5,3.25,0.25,3.0,-0.25,-0.25,0.25,0.25,False,A,A,3.42,3.9,1.99,3.0092907160387172,3.870572567771619,2.1708146632667282,-0.4107092839612827,-0.029427432228380734,0.18081466326672824,5.132048004304024,False,-0.16985537490312957,-0.043123213437813446,0.0,-0.28846674192068866,-0.5,3.1190592004184365,0.12628396011909526,3.245343160537532,83,83,83
D_ONLY,RESET,0.0,1.0,Premier League,Fulham,Chelsea,0.25,3.0,0.25,2.75,0.0,-0.25,0.0,0.25,False,A,A,3.31,3.8,2.06,3.3950803304487893,3.711839673764428,2.0544108112872066,0.08508033044878927,-0.08816032623557168,-0.005589188712793458,5.070959156610311,False,-0.3210288006991011,-0.01840760115531853,0.0,-0.416244784959291,-0.25,2.8557255137772657,0.10392139087482244,2.959646904652088,83,83,83
D_ONLY,RESET,0.0,1.0,Bundesliga,Bayern Munich,Stuttgart,-1.75,4.0,-1.75,4.25,0.0,0.25,0.0,0.25,False,H,H,1.284,6.41,7.77,1.2587999407229662,6.518498981810008,8.642623432167072,-0.025200059277033837,0.1084989818100075,0.8726234321670727,6.352256832668557,False,1.7540715866198657,1.2686692739426353,-0.0,1.91182060611421,1.75,4.060078507681171,0.16903229111108153,4.329110798792252,118,98,98
D_ONLY,RESET,0.0,1.0,Bundesliga,RB Leipzig,M'gladbach,-1.0,3.25,-1.0,3.5,0.0,0.25,0.0,0.25,False,H,H,1.531,4.64,5.32,1.5138996284124968,4.737157144194351,5.4050493702507,-0.017100371587503105,0.09715714419435173,0.08504937025070003,5.665503033242469,False,1.059315265550003,1.4642231853021785,0.0,1.1709735240786805,1.0,3.447555377920275,0.19775855323620917,3.645313931156484,98,98,98
D_ONLY,RESET,0.0,1.0,Bundesliga,FC Koln,Hoffenheim,0.25,3.0,0.25,3.25,0.0,0.25,0.0,0.25,False,A,A,2.98,3.67,2.27,2.9273882972771443,3.9242149719421624,2.2116592861582305,-0.05261170272285565,0.25421497194216247,-0.05834071384176953,4.8578668192588825,False,-0.22823884077216705,-0.611620929829295,-0.0,-0.2540242250480146,-0.25,3.1722305517822287,0.22175263303362858,3.3939831848158573,97,98,97
D_ONLY,RESET,0.0,1.0,Bundesliga,Union Berlin,Ein Frankfurt,0.0,2.75,0.0,3.0,0.0,0.25,0.0,0.25,False,N,N,2.47,3.51,2.78,2.444688028641511,3.732048449791637,2.684770576029544,-0.02531197135848906,0.2220484497916373,-0.09522942397045586,4.947081471125392,False,0.03273656196232294,-0.3862372936052591,-0.0,0.08123471292373907,-0.0,2.797731138748441,0.3705750999216759,3.168306238670117,91,99,91
D_ONLY,RESET,0.0,1.0,Bundesliga,Dortmund,Hamburg,-1.5,3.0,-1.5,3.25,0.0,0.25,0.0,0.25,False,H,H,1.327,5.5,8.19,1.3452090296565764,5.2813134205014585,8.014613884305026,0.018209029656576448,-0.21868657949854153,-0.1753861156949732,5.749780655583225,False,1.3942665167039328,1.5628260427345826,0.0,1.5495086801030993,1.5,3.3281645728012608,0.1705829543526285,3.4987475271538893,99,97,97
D_ONLY,RESET,0.0,1.0,Bundesliga,Freiburg,Werder Bremen,-0.5,2.75,-0.5,2.75,0.0,0.0,0.0,0.0,False,H,H,2.01,3.63,3.61,1.8695809114568926,3.7727673435762354,3.9989413186937934,-0.14041908854310714,0.14276734357623555,0.38894131869379356,5.000284172416469,False,0.5826872935504805,0.561556758860714,-0.0,0.6228417428980663,0.5,2.8301812079676174,0.13427545556862563,2.964456663536243,97,98,97
D_ONLY,RESET,0.0,1.0,Serie A,Udinese,Como,0.5,2.25,0.5,2.5,0.0,0.25,0.0,0.25,False,A,A,4.5,3.52,1.826,4.717576814606855,3.5195439189476696,1.7925731084605725,0.21757681460685507,-0.00045608105233041485,-0.03342689153942757,5.395825727151027,False,-0.64762748104862,-1.061765176423683,-0.0,-0.7175980444550982,-0.5,2.500582509240519,0.11434263466828742,2.6149251439088066,90,83,83
D_ONLY,RESET,0.0,1.0,Serie A,Parma,Cagliari,0.0,2.0,-0.25,2.25,-0.25,0.25,0.25,0.25,True,N,H,2.68,2.99,2.92,2.4868892666956555,3.0833466591507004,3.090076884734224,-0.1931107333043447,0.09334665915070017,0.170076884734224,5.004824231798355,False,0.13807044991291084,-0.3464447978132252,-0.0,0.15280956484758837,-0.0,2.2133084920067274,0.13454369918052844,2.347852191187256,83,90,83
D_ONLY,RESET,0.0,1.0,Serie A,Genoa,Napoli,0.5,2.25,0.5,2.25,0.0,0.0,0.0,0.0,False,A,A,4.98,3.24,1.84,5.159478285177902,3.2845416652293795,1.8029422973932039,0.17947828517790132,0.0445416652293793,-0.037057702606796195,5.292344902961288,False,-0.6442761461016218,-1.1155499626613707,-0.0,-0.708360232048532,-0.5,2.1307561802324626,0.1586411129144243,2.289397293146887,83,90,83
D_ONLY,RESET,0.0,1.0,Serie A,Torino,Milan,0.75,2.5,0.75,2.5,0.0,0.0,0.0,0.0,False,A,A,4.42,3.71,1.793,5.58252277628817,3.7487872420102533,1.6457459738377933,1.1625227762881698,0.0387872420102533,-0.14725402616220662,5.351060697199617,False,-0.8403361655484676,-1.0099109748223314,-0.0,-0.9120410997444751,-0.75,2.5519310796735875,0.13819990144573824,2.6901309811193257,83,90,83
D_ONLY,RESET,0.0,1.0,Serie A,Atalanta,Sassuolo,-1.0,2.75,-1.25,3.0,-0.25,0.25,0.25,0.25,False,H,H,1.529,4.38,5.76,1.487226442820084,4.459641870809096,6.276753296109642,-0.04177355717991582,0.07964187080909646,0.5167532961096422,5.594385015026582,False,1.0953299421847773,1.1157357853645151,0.0,1.2061052727670507,1.0,3.032255083854597,0.20558217848084848,3.2378372623354457,90,83,83
D_ONLY,RESET,0.0,1.0,Serie A,Bologna,Lazio,-0.25,2.25,-0.25,2.5,0.0,0.25,0.0,0.25,False,H,H,2.15,3.23,3.62,2.1402697612444674,3.279468619866693,3.5868182604233696,-0.009730238755532472,0.04946861986669315,-0.03318173957663051,5.095689621223354,False,0.3127518360046633,0.19901830758363515,-0.0,0.3808374886828888,0.25,2.387917578642732,0.14723904233424134,2.535156620976973,90,90,90
D_ONLY,RESET,0.0,1.0,Serie A,Roma,Fiorentina,-1.0,2.5,-0.75,2.5,0.25,0.0,0.25,0.0,False,H,H,1.568,4.1,5.74,1.652320057051,3.733806383921496,5.469240660882618,0.08432005705099987,-0.36619361607850376,-0.27075933911738215,5.587356893977091,False,0.7306079700131523,1.1535905935111277,0.0,0.8976988798865481,1.0,2.539867552425454,0.16225285846757664,2.7021204108930306,90,97,90
D_ONLY,RESET,0.0,1.0,Ligue 1,Marseille,Strasbourg,-0.75,3.0,-0.75,3.25,0.0,0.25,0.0,0.25,False,H,H,1.757,4.06,4.19,1.7016313853044127,4.225988924467186,4.3512593980110035,-0.05536861469558718,0.16598892446718683,0.16125939801100309,5.4120866780359655,False,0.7645376006047724,0.9513155297908048,0.0,0.8311352010462142,0.75,3.094334759888142,0.2501393699544714,3.3444741298426135,90,90,90
D_ONLY,RESET,0.0,1.0,Ligue 1,Lens,Auxerre,-1.0,2.75,-1.25,3.0,-0.25,0.25,0.25,0.25,False,H,H,1.602,4.25,5.1,1.431300817608065,4.628465310315651,7.0986030058465035,-0.17069918239193504,0.3784653103156508,1.9986030058465039,5.559227436292868,False,1.2040548011192154,1.4753576662542598,0.0,1.2958620236597427,1.0,2.925690426971288,0.15584819735572175,3.0815386243270098,94,90,90
D_ONLY,RESET,0.0,1.0,Ligue 1,Toulouse,Lyon,0.25,2.75,0.25,2.5,0.0,-0.25,0.0,0.25,False,A,A,3.35,3.64,2.09,3.0111923251957182,3.498255939589511,2.3054726128491416,-0.33880767480428187,-0.14174406041048915,0.21547261284914176,5.170163693337293,False,-0.10060246719951316,-0.4750170051115534,-0.0,-0.2126777439785706,-0.25,2.5509103185937234,0.2243284533398966,2.77523877193362,90,97,90
D_ONLY,RESET,0.0,1.0,Ligue 1,Nice,Lorient,-0.25,2.75,-0.5,2.75,-0.25,0.0,0.25,0.0,False,H,H,2.19,3.51,3.23,1.9561322011955424,3.64754970165934,3.762945391518574,-0.23386779880445752,0.13754970165934033,0.5329453915185742,5.111881268630913,False,0.48740383968517714,0.17960849421628194,-0.0,0.5221481884569564,0.25,2.730942313667032,0.08779807076918811,2.81874038443622,97,97,97
D_ONLY,RESET,0.0,1.0,Ligue 1,Angers,Lille,0.75,2.5,0.75,2.5,0.0,0.0,0.0,0.0,False,A,A,5.0,3.81,1.689,5.783484609469005,3.8103056582273145,1.6150360471991203,0.7834846094690047,0.0003056582273144315,-0.07396395280087975,5.45335030279297,False,-0.8635763041503373,-1.025723527837621,-0.0,-0.9364028839900401,-0.75,2.5151904768878195,0.07857200649244156,2.593762483380261,90,90,90
D_ONLY,RESET,0.0,1.0,Ligue 1,Le Havre,Monaco,0.5,3.0,0.75,3.0,0.25,0.0,0.25,0.0,False,A,A,3.51,3.98,1.934,4.604202338943164,4.14366739843456,1.6815352221241495,1.0942023389431643,0.1636673984345598,-0.2524647778758504,5.3219648003286935,False,-0.7928635937044815,-0.7738310803335243,0.0,-0.8600597192684465,-0.5,2.992813945367672,0.18770041465730092,3.180514360024973,97,90,90
D_ONLY,RESET,0.0,1.0,Ligue 1,Paris SG,Rennes,-1.25,3.5,-1.75,3.75,-0.5,0.25,0.5,0.25,False,H,H,1.409,5.34,6.24,1.2637071247333158,6.295285562473506,9.33934303358292,-0.14529287526668422,0.9552855624735059,3.0993430335829206,5.724553580830638,False,1.7226419543395721,1.2058358427050715,-0.0,1.855741346785367,1.25,3.645258588032808,0.2830338122577043,3.928292400290512,90,90,90
S_ONLY,CURRENT,1.0,1.0,La Liga,Alaves,Getafe,-0.25,1.75,-0.5,1.75,-0.25,0.0,0.25,0.0,False,H,H,2.37,2.82,3.9,2.096572440784304,2.9769581174088113,4.543827361741824,-0.2734275592156963,0.1569581174088115,0.6438273617418244,3.296111375831279,False,0.2798924978730853,0.44673524877884707,0.1668427509057618,0.4740986115444521,0.25,1.763245962070547,0.1757271930977512,1.938973155168298,84,84,84
S_ONLY,CURRENT,1.0,1.0,La Liga,Sevilla,Vallecano,-0.25,2.25,-0.5,2.25,-0.25,0.0,0.25,0.0,False,H,H,2.34,3.28,3.32,1.9803579242868654,3.320247211014535,4.399633127738275,-0.35964207571313445,0.0402472110145351,1.079633127738275,3.3433295408023644,False,0.21820077757526102,0.5220869581141809,0.3038861805389199,0.5534281330778169,0.25,2.305974376347115,0.013076265390887,2.319050641738002,84,84,84
S_ONLY,CURRENT,1.0,1.0,La Liga,Espanol,Levante,-0.25,2.25,-0.25,2.5,0.0,0.25,0.0,0.25,False,H,H,2.14,3.3,3.8,2.1081021777106166,3.560098380587442,3.59419400868675,-0.03189782228938354,0.26009838058744217,-0.20580599131324995,3.3477917393313295,False,0.6761673573748839,0.3923251463433015,-0.28384221103158236,0.4168162030779837,0.25,2.642572761157605,0.0881522886557716,2.7307250498133766,84,90,84
S_ONLY,CURRENT,1.0,1.0,La Liga,Celta,Osasuna,-0.5,2.25,-0.25,2.25,0.25,0.0,0.25,0.0,False,H,H,2.09,3.49,3.71,2.104899175839656,3.3604532818769495,3.818505086332002,0.014899175839655943,-0.12954671812305074,0.10850508633200207,3.454362978667058,False,0.4815062232161166,0.3683277725671562,-0.11317845064896034,0.4329468783685552,0.5,2.4444829959787384,0.01599160814885546,2.460474604127594,84,84,84
S_ONLY,CURRENT,1.0,1.0,La Liga,Valencia,Betis,0.0,2.5,-0.25,2.5,-0.25,0.0,0.25,0.0,True,N,H,2.69,3.24,2.71,2.378410158161628,3.3845651462042827,2.9986354516970053,-0.311589841838372,0.1445651462042825,0.28863545169700533,4.939287724145314,False,-0.046472133065196874,0.1663839483842894,0.21285608144948628,0.1789475828851985,-0.0,2.581878357300144,0.08055821713968692,2.662436574439831,90,95,90
S_ONLY,CURRENT,1.0,1.0,La Liga,Real Madrid,Sociedad,-1.25,3.0,-1.5,3.5,-0.25,0.5,0.25,0.5,False,H,H,1.386,5.11,7.13,1.3472494894644713,5.406854664148368,7.677869670085491,-0.03875051053552858,0.29685466414836803,0.5478696700854915,5.744789216133528,False,1.5438825604840218,1.4654617474226321,-0.07842081306138961,1.5624110258473702,1.25,3.448529498930479,0.20742796319339188,3.6559574621238706,84,84,84
S_ONLY,CURRENT,1.0,1.0,La Liga,Barcelona,Ath Bilbao,-1.25,3.0,-1.5,3.25,-0.25,0.25,0.25,0.25,False,H,H,1.406,5.0,6.83,1.2964833240640643,5.51168048621603,9.532862796798465,-0.10951667593593561,0.5116804862160302,2.702862796798465,5.76504376766378,False,1.5171332960498087,1.5821631091571702,0.06502981310736153,1.6694656402951527,1.25,3.3480139187168683,0.03723468114950478,3.385248599866373,97,84,84
S_ONLY,CURRENT,1.0,1.0,Premier League,Nott'm Forest,Leeds,-0.25,2.5,0.25,2.5,0.5,0.0,0.5,0.0,True,H,A,2.26,3.36,3.23,3.209029897922331,3.426956805673398,2.24079741152467,0.9490298979223311,0.06695680567339801,-0.9892025884753299,4.969444694505665,True,0.34055758626343235,-0.19610902338003655,-0.5366666096434689,-0.2762737415367972,0.25,2.4673177077583075,0.16810527368898137,2.635422981447289,83,106,83
S_ONLY,CURRENT,1.0,1.0,Premier League,Everton,Crystal Palace,-0.25,2.5,-0.75,2.5,-0.5,0.0,0.5,0.0,False,H,H,2.15,3.41,3.42,1.7541589443500096,3.6754786338877126,4.793360740505856,-0.3958410556499903,0.2654786338877124,1.3733607405058557,5.076907185329027,False,0.21400298982738536,0.6968666917967474,0.482863701969362,0.7545324857333281,0.25,2.456262798183097,0.1638698082071074,2.6201326063902046,90,90,90
S_ONLY,CURRENT,1.0,1.0,Premier League,Brentford,Tottenham,0.0,2.75,-0.25,2.75,-0.25,0.0,0.25,0.0,True,N,H,2.4,3.67,2.77,2.2779786019914905,3.637330089790547,2.974026842165234,-0.12202139800850942,-0.03266991020945298,0.2040268421652338,5.0157061024274086,False,0.2854139049450822,0.20636754338980828,-0.07904636155527389,0.22086623228963673,-0.0,2.7821931888376037,0.15784023959770851,2.9400334284353122,83,88,83
S_ONLY,CURRENT,1.0,1.0,Premier League,Man City,Bournemouth,-1.25,3.25,-1.25,3.5,0.0,0.25,0.0,0.25,False,H,H,1.446,5.05,5.97,1.4388945870810206,5.032818378700107,6.119458412645834,-0.00710541291897937,-0.0171816212998932,0.14945841264583404,5.70869218117207,False,1.3892531072055379,1.1862685776212718,-0.20298452958426616,1.32686553999017,1.25,3.519649772579946,0.13407114689291735,3.6537209194728635,88,83,83
S_ONLY,CURRENT,1.0,1.0,Premier League,Brighton,Aston Villa,-0.25,3.0,-0.5,2.75,-0.25,-0.25,0.25,0.25,False,H,H,2.26,3.62,3.02,1.8348088773379478,3.7637497092197894,4.181678497514725,-0.42519112266205195,0.14374970921978925,1.1616784975147252,4.984679784341628,False,0.2673888360011721,0.6080440928410591,0.34065525683988707,0.6578929222197799,0.25,2.8587224165250626,-0.01788109920481979,2.8408413173202427,105,92,92
S_ONLY,CURRENT,1.0,1.0,Premier League,Newcastle,Liverpool,0.5,3.25,0.25,3.0,-0.25,-0.25,0.25,0.25,False,A,A,3.42,3.9,1.99,2.763045124358913,3.841271896439431,2.330619282589965,-0.656954875641087,-0.0587281035605689,0.3406192825899652,5.132048004304024,False,-0.16985537490312957,-0.043123213437813446,0.12673216146531613,-0.15058132862348705,-0.5,3.1190592004184365,0.12628396011909535,3.245343160537532,83,83,83
S_ONLY,CURRENT,1.0,1.0,Premier League,Fulham,Chelsea,0.25,3.0,0.0,2.75,-0.25,-0.25,0.25,0.25,True,A,N,3.31,3.8,2.06,2.785502235439623,3.633287131639424,2.401104234294055,-0.524497764560377,-0.16671286836057586,0.3411042342940549,5.070959156610311,False,-0.3210288006991011,-0.01840760115531853,0.3026211995437826,-0.12369058222524247,-0.25,2.8557255137772657,0.10392139087482254,2.959646904652088,83,83,83
S_ONLY,CURRENT,1.0,1.0,Bundesliga,Bayern Munich,Stuttgart,-1.75,4.0,-1.5,4.25,0.25,0.25,0.25,0.25,False,H,H,1.284,6.41,7.77,1.4021123917868448,5.557151092493642,5.869761894790786,0.11811239178684474,-0.8528489075063579,-1.9002381052092137,6.352256832668557,False,1.7540715866198657,1.2686692739426353,-0.4854023126772304,1.4634064124034147,1.75,4.060078507681171,0.1690322911110817,4.329110798792252,118,98,98
S_ONLY,CURRENT,1.0,1.0,Bundesliga,RB Leipzig,M'gladbach,-1.0,3.25,-1.5,3.5,-0.5,0.25,0.5,0.25,False,H,H,1.531,4.64,5.32,1.3438285050285508,5.416900465135217,7.818300083320189,-0.18717149497144914,0.7769004651352169,2.4983000833201885,5.665503033242469,False,1.059315265550003,1.4642231853021785,0.4049079197521754,1.5745202927617135,1.0,3.447555377920275,0.19775855323620903,3.645313931156484,98,98,98
S_ONLY,CURRENT,1.0,1.0,Bundesliga,FC Koln,Hoffenheim,0.25,3.0,0.5,3.25,0.25,0.25,0.25,0.25,False,A,A,2.98,3.67,2.27,3.852789120313582,4.10942518315457,1.8325644358966982,0.8727891203135818,0.4394251831545697,-0.43743556410330187,4.8578668192588825,False,-0.22823884077216705,-0.611620929829295,-0.38338208905712795,-0.6664960240052903,-0.25,3.1722305517822287,0.2217526330336287,3.3939831848158573,97,98,97
S_ONLY,CURRENT,1.0,1.0,Bundesliga,Union Berlin,Ein Frankfurt,0.0,2.75,0.25,3.0,0.25,0.25,0.25,0.25,True,N,A,2.47,3.51,2.78,3.3442393273235695,3.815230290318274,2.047746161549644,0.8742393273235693,0.3052302903182742,-0.7322538384503559,4.947081471125392,True,0.03273656196232294,-0.3862372936052591,-0.41897385556758204,-0.42317890658370916,-0.0,2.797731138748441,0.3705750999216758,3.168306238670117,91,99,91
S_ONLY,CURRENT,1.0,1.0,Bundesliga,Dortmund,Hamburg,-1.5,3.0,-1.5,3.25,0.0,0.25,0.0,0.25,False,H,H,1.327,5.5,8.19,1.2932404335084402,5.621933826417923,9.401001029050825,-0.033759566491559756,0.12193382641792283,1.2110010290508253,5.749780655583225,False,1.3942665167039328,1.5628260427345826,0.1685595260306499,1.6979770703425778,1.5,3.3281645728012608,0.17058295435262866,3.4987475271538893,99,97,97
S_ONLY,CURRENT,1.0,1.0,Bundesliga,Freiburg,Werder Bremen,-0.5,2.75,-0.5,2.75,0.0,0.0,0.0,0.0,False,H,H,2.01,3.63,3.61,1.889263490201787,3.7584053181584016,3.9273324670492373,-0.12073650979821271,0.12840531815840173,0.31733246704923745,5.000284172416469,False,0.5826872935504805,0.561556758860714,-0.021130534689766563,0.6000298791956808,0.5,2.8301812079676174,0.13427545556862552,2.964456663536243,97,98,97
S_ONLY,CURRENT,1.0,1.0,Serie A,Udinese,Como,0.5,2.25,1.0,2.5,0.5,0.25,0.5,0.25,False,A,A,4.5,3.52,1.826,7.494919781720893,3.9998350211816787,1.4913704026197483,2.994919781720893,0.47983502118167864,-0.3346295973802518,5.395825727151027,False,-0.64762748104862,-1.061765176423683,-0.41413769537506306,-1.1530337766789494,-0.5,2.500582509240519,0.11434263466828733,2.6149251439088066,90,83,83
S_ONLY,CURRENT,1.0,1.0,Serie A,Parma,Cagliari,0.0,2.0,0.25,2.25,0.25,0.25,0.25,0.25,True,N,A,2.68,2.99,2.92,3.700574929124103,3.1423800407067284,2.1664255253955798,1.0205749291241029,0.15238004070672817,-0.7535744746044202,5.004824231798355,True,0.13807044991291084,-0.3464447978132252,-0.484515247726136,-0.37451350859960897,-0.0,2.2133084920067274,0.13454369918052864,2.347852191187256,83,90,83
S_ONLY,CURRENT,1.0,1.0,Serie A,Genoa,Napoli,0.5,2.25,1.0,2.25,0.5,0.0,0.5,0.0,False,A,A,4.98,3.24,1.84,9.724186396217927,3.898991944227631,1.4417312783013085,4.744186396217927,0.6589919442276306,-0.39826872169869154,5.292344902961288,False,-0.6442761461016218,-1.1155499626613707,-0.4712738165597491,-1.2115705490853137,-0.5,2.1307561802324626,0.15864111291442445,2.289397293146887,83,90,83
S_ONLY,CURRENT,1.0,1.0,Serie A,Torino,Milan,0.75,2.5,1.0,2.5,0.25,0.0,0.25,0.0,False,A,A,4.42,3.71,1.793,6.799086638782949,3.9689944006162694,1.5279328124648275,2.3790866387829492,0.25899440061626944,-0.26506718753517244,5.351060697199617,False,-0.8403361655484676,-1.0099109748223314,-0.16957480927386387,-1.0965981596619365,-0.75,2.5519310796735875,0.13819990144573843,2.6901309811193257,83,90,83
S_ONLY,CURRENT,1.0,1.0,Serie A,Atalanta,Sassuolo,-1.0,2.75,-1.25,3.0,-0.25,0.25,0.25,0.25,False,H,H,1.529,4.38,5.76,1.4789846649301528,4.483554944614425,6.378892898697473,-0.05001533506984712,0.10355494461442483,0.6188928986974735,5.594385015026582,False,1.0953299421847773,1.1157357853645151,0.02040584317973783,1.2227012851592742,1.0,3.032255083854597,0.2055821784808484,3.2378372623354457,90,83,83
S_ONLY,CURRENT,1.0,1.0,Serie A,Bologna,Lazio,-0.25,2.25,-0.25,2.5,0.0,0.25,0.0,0.25,False,H,H,2.15,3.23,3.62,2.216786968758969,3.257848180510506,3.4141055612379123,0.06678696875896906,0.027848180510506193,-0.2058944387620878,5.095689621223354,False,0.3127518360046633,0.19901830758363515,-0.11373352842102812,0.3191422794066869,0.25,2.387917578642732,0.14723904233424145,2.535156620976973,90,90,90
S_ONLY,CURRENT,1.0,1.0,Serie A,Roma,Fiorentina,-1.0,2.5,-1.25,2.5,-0.25,0.0,0.25,0.0,False,H,H,1.568,4.1,5.74,1.4369610008270068,4.2119424979499,8.16057978028721,-0.13103899917299322,0.11194249794989997,2.420579780287209,5.587356893977091,False,0.7306079700131523,1.1535905935111277,0.42298262349797544,1.2580528070013155,1.0,2.539867552425454,0.16225285846757648,2.7021204108930306,90,97,90
S_ONLY,CURRENT,1.0,1.0,Ligue 1,Marseille,Strasbourg,-0.75,3.0,-1.0,3.25,-0.25,0.25,0.25,0.25,False,H,H,1.757,4.06,4.19,1.5838389459046653,4.420074597947818,5.0889804601742075,-0.17316105409533455,0.3600745979478184,0.8989804601742071,5.4120866780359655,False,0.7645376006047724,0.9513155297908048,0.18677792918603242,1.022998549738539,0.75,3.094334759888142,0.25013936995447156,3.3444741298426135,90,90,90
S_ONLY,CURRENT,1.0,1.0,Ligue 1,Lens,Auxerre,-1.0,2.75,-1.5,3.0,-0.5,0.25,0.5,0.25,False,H,H,1.602,4.25,5.1,1.3097739750607904,5.227443462033382,9.920274235129693,-0.2922260249392097,0.9774434620333823,4.820274235129693,5.559227436292868,False,1.2040548011192154,1.4753576662542598,0.2713028651350444,1.5887672056539206,1.0,2.925690426971288,0.15584819735572195,3.0815386243270098,94,90,90
S_ONLY,CURRENT,1.0,1.0,Ligue 1,Toulouse,Lyon,0.25,2.75,0.5,2.5,0.25,-0.25,0.25,0.25,False,A,A,3.35,3.64,2.09,3.77410069157961,3.6109825260168624,1.961534639000035,0.4241006915796097,-0.029017473983137698,-0.12846536099996486,5.170163693337293,False,-0.10060246719951316,-0.4750170051115534,-0.37441453791204027,-0.5169047996486371,-0.25,2.5509103185937234,0.22432845333989676,2.77523877193362,90,97,90
S_ONLY,CURRENT,1.0,1.0,Ligue 1,Nice,Lorient,-0.25,2.75,-0.25,2.75,0.0,0.0,0.0,0.0,False,H,H,2.19,3.51,3.23,2.2054174938247333,3.5516190990469476,3.163273628694409,0.015417493824733342,0.04161909904694783,-0.06672637130559078,5.111881268630913,False,0.48740383968517714,0.17960849421628194,-0.3077953454688952,0.2898448357568223,0.25,2.730942313667032,0.08779807076918832,2.81874038443622,97,97,97
S_ONLY,CURRENT,1.0,1.0,Ligue 1,Angers,Lille,0.75,2.5,1.0,2.5,0.25,0.0,0.25,0.0,False,A,A,5.0,3.81,1.689,7.0209670349990745,4.033943021080349,1.5055557205561794,2.0209670349990745,0.2239430210803488,-0.1834442794438207,5.45335030279297,False,-0.8635763041503373,-1.025723527837621,-0.16214722368728382,-1.11146097650349,-0.75,2.5151904768878195,0.07857200649244146,2.593762483380261,90,90,90
S_ONLY,CURRENT,1.0,1.0,Ligue 1,Le Havre,Monaco,0.5,3.0,0.75,3.0,0.25,0.0,0.25,0.0,False,A,A,3.51,3.98,1.934,4.526742526270839,4.1247436779829,1.6952861044065308,1.0167425262708392,0.14474367798289967,-0.23871389559346912,5.3219648003286935,False,-0.7928635937044815,-0.7738310803335243,0.019032513370957092,-0.8395117542111961,-0.5,2.992813945367672,0.18770041465730103,3.180514360024973,97,90,90
S_ONLY,CURRENT,1.0,1.0,Ligue 1,Paris SG,Rennes,-1.25,3.5,-1.25,3.75,0.0,0.25,0.0,0.25,False,H,H,1.409,5.34,6.24,1.4356265679487803,5.234460389578722,5.894700411657944,0.026626567948780266,-0.10553961042127824,-0.34529958834205665,5.724553580830638,False,1.7226419543395721,1.2058358427050715,-0.5168061116345006,1.359485343254729,1.25,3.645258588032808,0.28303381225770435,3.928292400290512,90,90,90
S_ONLY,DECAY75,1.0,0.75,La Liga,Alaves,Getafe,-0.25,1.75,-0.5,1.75,-0.25,0.0,0.25,0.0,False,H,H,2.37,2.82,3.9,2.10037794467322,2.941079076284148,4.6115875463216955,-0.2696220553267801,0.12107907628414827,0.7115875463216956,3.296111375831279,False,0.2798924978730853,0.44673524877884707,0.16684275090576178,0.4740986115444521,0.25,1.763245962070547,0.13179539482331332,1.8950413568938602,84,84,84
S_ONLY,DECAY75,1.0,0.75,La Liga,Sevilla,Vallecano,-0.25,2.25,-0.5,2.25,-0.25,0.0,0.25,0.0,False,H,H,2.34,3.28,3.32,1.9804819703585248,3.317742689856074,4.403425112362552,-0.35951802964147506,0.03774268985607421,1.0834251123625518,3.3433295408023644,False,0.21820077757526102,0.5220869581141809,0.3038861805389199,0.5534281330778169,0.25,2.305974376347115,0.009807199043165182,2.3157815753902806,84,84,84
S_ONLY,DECAY75,1.0,0.75,La Liga,Espanol,Levante,-0.25,2.25,-0.25,2.5,0.0,0.25,0.0,0.25,False,H,H,2.14,3.3,3.8,2.109454163643632,3.543668955750611,3.6071362330447805,-0.030545836356368206,0.2436689557506111,-0.19286376695521934,3.3477917393313295,False,0.6761673573748839,0.3923251463433015,-0.28384221103158236,0.4168162030779837,0.25,2.642572761157605,0.0661142164918288,2.7086869776494336,84,90,84
S_ONLY,DECAY75,1.0,0.75,La Liga,Celta,Osasuna,-0.5,2.25,-0.25,2.25,0.25,0.0,0.25,0.0,False,H,H,2.09,3.49,3.71,2.1050048404839186,3.3574784712878483,3.822005026083676,0.015004840483918702,-0.13252152871215195,0.11200502608367602,3.454362978667058,False,0.4815062232161166,0.3683277725671562,-0.11317845064896037,0.4330867360066328,0.5,2.4444829959787384,0.011993706111641522,2.45647670209038,84,84,84
S_ONLY,DECAY75,1.0,0.75,La Liga,Valencia,Betis,0.0,2.5,-0.25,2.5,-0.25,0.0,0.25,0.0,True,N,H,2.69,3.24,2.71,2.3813082744627967,3.3695927275446587,3.0058565189175552,-0.30869172553720325,0.12959272754465845,0.29585651891755527,4.939287724145314,False,-0.046472133065196874,0.1663839483842894,0.21285608144948628,0.1789475828851985,-0.0,2.581878357300144,0.06041866285476527,2.642297020154909,90,95,90
S_ONLY,DECAY75,1.0,0.75,La Liga,Real Madrid,Sociedad,-1.25,3.0,-1.5,3.5,-0.25,0.5,0.25,0.5,False,H,H,1.386,5.11,7.13,1.3454050595227687,5.376187987570597,7.802021469186952,-0.04059494047723122,0.26618798757059636,0.6720214691869524,5.744789216133528,False,1.5438825604840218,1.4654617474226321,-0.0784208130613897,1.5611058655122725,1.25,3.448529498930479,0.1555709723950438,3.6041004713255225,84,84,84
S_ONLY,DECAY75,1.0,0.75,La Liga,Barcelona,Ath Bilbao,-1.25,3.0,-1.5,3.25,-0.25,0.25,0.25,0.25,False,H,H,1.406,5.0,6.83,1.2960049941597986,5.507326704214309,9.571926793184383,-0.10999500584020128,0.507326704214309,2.7419267931843834,5.76504376766378,False,1.5171332960498087,1.5821631091571702,0.06502981310736144,1.6694656402951527,1.25,3.3480139187168683,0.027926010862128425,3.3759399295789967,97,84,84
S_ONLY,DECAY75,1.0,0.75,Premier League,Nott'm Forest,Leeds,-0.25,2.5,0.25,2.5,0.5,0.0,0.5,0.0,True,H,A,2.26,3.36,3.23,3.233898430134373,3.396016703694167,2.242114696205242,0.9738984301343732,0.036016703694166985,-0.9878853037947581,4.969444694505665,True,0.34055758626343235,-0.19610902338003655,-0.5366666096434689,-0.27871157504328836,0.25,2.4673177077583075,0.12607895526673607,2.5933966630250436,83,106,83
S_ONLY,DECAY75,1.0,0.75,Premier League,Everton,Crystal Palace,-0.25,2.5,-0.75,2.5,-0.5,0.0,0.5,0.0,False,H,H,2.15,3.41,3.42,1.7538723977698343,3.6456205687987713,4.847299334927838,-0.39612760223016563,0.23562056879877114,1.427299334927838,5.076907185329027,False,0.21400298982738536,0.6968666917967474,0.48286370196936207,0.7545324857333281,0.25,2.456262798183097,0.12290235615533063,2.579165154338428,90,90,90
S_ONLY,DECAY75,1.0,0.75,Premier League,Brentford,Tottenham,0.0,2.75,-0.25,2.75,-0.25,0.0,0.25,0.0,True,N,H,2.4,3.67,2.77,2.2820974974299357,3.608408543537364,2.986561616387326,-0.11790250257006418,-0.061591456462636085,0.21656161638732607,5.0157061024274086,False,0.2854139049450822,0.20636754338980828,-0.07904636155527389,0.22086623228963673,-0.0,2.7821931888376037,0.11838017969828141,2.900573368535885,83,88,83
S_ONLY,DECAY75,1.0,0.75,Premier League,Man City,Bournemouth,-1.25,3.25,-1.25,3.5,0.0,0.25,0.0,0.25,False,H,H,1.446,5.05,5.97,1.437916994804341,5.011522013842523,6.169171993351047,-0.008083005195658854,-0.038477986157476884,0.1991719933510474,5.70869218117207,False,1.3892531072055379,1.1862685776212718,-0.20298452958426605,1.326132642335848,1.25,3.519649772579946,0.10055336016968808,3.620203132749634,88,83,83
S_ONLY,DECAY75,1.0,0.75,Premier League,Brighton,Aston Villa,-0.25,3.0,-0.5,2.75,-0.25,-0.25,0.25,0.25,False,H,H,2.26,3.62,3.02,1.8347763142939506,3.7669751707798085,4.17787296993151,-0.4252236857060492,0.14697517077980837,1.15787296993151,4.984679784341628,False,0.2673888360011721,0.6080440928410591,0.340655256839887,0.6578929222197799,0.25,2.8587224165250626,-0.013410824403614963,2.8453115921214476,105,92,92
S_ONLY,DECAY75,1.0,0.75,Premier League,Newcastle,Liverpool,0.5,3.25,0.25,3.0,-0.25,-0.25,0.25,0.25,False,A,A,3.42,3.9,1.99,2.7700791900751045,3.8186704885534644,2.3340015835129138,-0.6499208099248954,-0.08132951144653555,0.34400158351291377,5.132048004304024,False,-0.16985537490312957,-0.043123213437813446,0.12673216146531613,-0.15058132862348705,-0.5,3.1190592004184365,0.09471297008932145,3.2137721705077578,83,83,83
S_ONLY,DECAY75,1.0,0.75,Premier League,Fulham,Chelsea,0.25,3.0,0.0,2.75,-0.25,-0.25,0.25,0.25,True,A,N,3.31,3.8,2.06,2.792015002432283,3.6142669734011847,2.404631991919722,-0.5179849975677171,-0.18573302659881508,0.34463199191972205,5.070959156610311,False,-0.3210288006991011,-0.01840760115531853,0.3026211995437826,-0.12369058222524247,-0.25,2.8557255137772657,0.07794104315611683,2.9336665569333826,83,83,83
S_ONLY,DECAY75,1.0,0.75,Bundesliga,Bayern Munich,Stuttgart,-1.75,4.0,-1.5,4.25,0.25,0.25,0.25,0.25,False,H,H,1.284,6.41,7.77,1.400687476031555,5.532823536663639,5.9224903019326645,0.11668747603155505,-0.8771764633363608,-1.8475096980673351,6.352256832668557,False,1.7540715866198657,1.2686692739426353,-0.48540231267723044,1.4634064124034147,1.75,4.060078507681171,0.12677421833331115,4.286852726014482,118,98,98
S_ONLY,DECAY75,1.0,0.75,Bundesliga,RB Leipzig,M'gladbach,-1.0,3.25,-1.5,3.5,-0.5,0.25,0.5,0.25,False,H,H,1.531,4.64,5.32,1.3415999017550275,5.390420949845636,7.951524024543642,-0.1894000982449724,0.750420949845636,2.6315240245436415,5.665503033242469,False,1.059315265550003,1.4642231853021785,0.40490791975217544,1.5745202927617135,1.0,3.447555377920275,0.14831891492715688,3.595874292847432,98,98,98
S_ONLY,DECAY75,1.0,0.75,Bundesliga,FC Koln,Hoffenheim,0.25,3.0,0.5,3.25,0.25,0.25,0.25,0.25,False,A,A,2.98,3.67,2.27,3.8858282483672593,4.070723074021487,1.832922943917951,0.9058282483672593,0.4007230740214869,-0.43707705608204894,4.8578668192588825,False,-0.22823884077216705,-0.611620929829295,-0.3833820890571279,-0.6664960240052903,-0.25,3.1722305517822287,0.16631447477522143,3.3385450265574503,97,98,97
S_ONLY,DECAY75,1.0,0.75,Bundesliga,Union Berlin,Ein Frankfurt,0.0,2.75,0.25,3.0,0.25,0.25,0.25,0.25,True,N,A,2.47,3.51,2.78,3.3847560417338425,3.7488994084903893,2.052193042907653,0.9147560417338423,0.2388994084903895,-0.7278069570923469,4.947081471125392,True,0.03273656196232294,-0.3862372936052591,-0.41897385556758204,-0.42317890658370916,-0.0,2.797731138748441,0.27793132494125694,3.0756624636896976,91,99,91
S_ONLY,DECAY75,1.0,0.75,Bundesliga,Dortmund,Hamburg,-1.5,3.0,-1.5,3.25,0.0,0.25,0.0,0.25,False,H,H,1.327,5.5,8.19,1.2914960670950926,5.599171338743694,9.559851547760204,-0.03550393290490739,0.09917133874369366,1.369851547760204,5.749780655583225,False,1.3942665167039328,1.5628260427345826,0.16855952603064983,1.6968111522805218,1.5,3.3281645728012608,0.12793721576447137,3.456101788565732,99,97,97
S_ONLY,DECAY75,1.0,0.75,Bundesliga,Freiburg,Werder Bremen,-0.5,2.75,-0.5,2.75,0.0,0.0,0.0,0.0,False,H,H,2.01,3.63,3.61,1.8898643435124172,3.7344298493445085,3.951228571359739,-0.12013565648758262,0.10442984934450861,0.34122857135973916,5.000284172416469,False,0.5826872935504805,0.561556758860714,-0.021130534689766556,0.6000298791956808,0.5,2.8301812079676174,0.10070659167646923,2.9308877996440867,97,98,97
S_ONLY,DECAY75,1.0,0.75,Serie A,Udinese,Como,0.5,2.25,1.0,2.5,0.5,0.25,0.5,0.25,False,A,A,4.5,3.52,1.826,7.594761437613386,3.9819881341406425,1.489962750554813,3.0947614376133856,0.46198813414064244,-0.3360372494451871,5.395825727151027,False,-0.64762748104862,-1.061765176423683,-0.41413769537506306,-1.1530337766789494,-0.5,2.500582509240519,0.08575697600121557,2.5863394852417345,90,83,83
S_ONLY,DECAY75,1.0,0.75,Serie A,Parma,Cagliari,0.0,2.0,0.25,2.25,0.25,0.25,0.25,0.25,True,N,A,2.68,2.99,2.92,3.726177752866706,3.1174932103354895,2.1696389835848926,1.046177752866706,0.12749321033548933,-0.7503610164151073,5.004824231798355,True,0.13807044991291084,-0.3464447978132252,-0.484515247726136,-0.37451350859960897,-0.0,2.2133084920067274,0.10090777438539633,2.3142162663921235,83,90,83
S_ONLY,DECAY75,1.0,0.75,Serie A,Genoa,Napoli,0.5,2.25,1.0,2.0,0.5,-0.25,0.5,0.25,False,A,A,4.98,3.24,1.84,9.995707063174878,3.8752895353091947,1.4391900484095799,5.015707063174878,0.6352895353091945,-0.4008099515904202,5.292344902961288,False,-0.6442761461016218,-1.1155499626613707,-0.471273816559749,-1.2115705490853137,-0.5,2.1307561802324626,0.11898083468581822,2.249737014918281,83,90,83
S_ONLY,DECAY75,1.0,0.75,Serie A,Torino,Milan,0.75,2.5,1.0,2.5,0.25,0.0,0.25,0.0,False,A,A,4.42,3.71,1.793,6.895305642793748,3.9468200860864466,1.5264475176509211,2.4753056427937477,0.23682008608644667,-0.2665524823490788,5.351060697199617,False,-0.8403361655484676,-1.0099109748223314,-0.1695748092738638,-1.0965981596619365,-0.75,2.5519310796735875,0.10364992608430368,2.6555810057578912,83,90,83
S_ONLY,DECAY75,1.0,0.75,Serie A,Atalanta,Sassuolo,-1.0,2.75,-1.25,3.0,-0.25,0.25,0.25,0.25,False,H,H,1.529,4.38,5.76,1.4775552753209151,4.4496116536386925,6.47620136036936,-0.051444724679084786,0.0696116536386926,0.71620136036936,5.594385015026582,False,1.0953299421847773,1.1157357853645151,0.020405843179737815,1.2215074377015243,1.0,3.032255083854597,0.15418663386063636,3.1864417177152333,90,83,83
S_ONLY,DECAY75,1.0,0.75,Serie A,Bologna,Lazio,-0.25,2.25,-0.25,2.25,0.0,0.0,0.0,0.0,False,H,H,2.15,3.23,3.62,2.2206219680129164,3.230906241170908,3.4349868760812527,0.07062196801291654,0.0009062411709082063,-0.18501312391874736,5.095689621223354,False,0.3127518360046633,0.19901830758363515,-0.11373352842102813,0.3191422794066869,0.25,2.387917578642732,0.11042928175068101,2.4983468603934127,90,90,90
S_ONLY,DECAY75,1.0,0.75,Serie A,Roma,Fiorentina,-1.0,2.5,-1.25,2.5,-0.25,0.0,0.25,0.0,False,H,H,1.568,4.1,5.74,1.4347759856084303,4.187996474518709,8.324800810189723,-0.13322401439156972,0.08799647451870918,2.584800810189723,5.587356893977091,False,0.7306079700131523,1.1535905935111277,0.42298262349797544,1.2580528070013155,1.0,2.539867552425454,0.12168964385068248,2.6615571962761364,90,97,90
S_ONLY,DECAY75,1.0,0.75,Ligue 1,Marseille,Strasbourg,-0.75,3.0,-1.0,3.25,-0.25,0.25,0.25,0.25,False,H,H,1.757,4.06,4.19,1.5820956618083224,4.378668104991031,5.163478661518948,-0.1749043381916775,0.3186681049910316,0.9734786615189472,5.4120866780359655,False,0.7645376006047724,0.9513155297908048,0.18677792918603242,1.022998549738539,0.75,3.094334759888142,0.18760452746585354,3.2819392873539956,90,90,90
S_ONLY,DECAY75,1.0,0.75,Ligue 1,Lens,Auxerre,-1.0,2.75,-1.5,3.0,-0.5,0.25,0.5,0.25,False,H,H,1.602,4.25,5.1,1.3075602137349807,5.208764779342037,10.118892692722895,-0.29443978626501943,0.9587647793420366,5.018892692722895,5.559227436292868,False,1.2040548011192154,1.4753576662542598,0.2713028651350444,1.5887672056539206,1.0,2.925690426971288,0.11688614801679131,3.0425765749880793,94,90,90
S_ONLY,DECAY75,1.0,0.75,Ligue 1,Toulouse,Lyon,0.25,2.75,0.5,2.5,0.25,-0.25,0.25,0.25,False,A,A,3.35,3.64,2.09,3.8127181787533333,3.569911831335386,1.9634692556063709,0.4627181787533332,-0.07008816866461398,-0.126530744393629,5.170163693337293,False,-0.10060246719951316,-0.4750170051115534,-0.37441453791204027,-0.5169047996486371,-0.25,2.5509103185937234,0.16824634000492245,2.7191566585986457,90,97,90
S_ONLY,DECAY75,1.0,0.75,Ligue 1,Nice,Lorient,-0.25,2.75,-0.25,2.75,0.0,0.0,0.0,0.0,False,H,H,2.19,3.51,3.23,2.207397717640095,3.5354536848737914,3.172110202719687,0.017397717640095234,0.025453684873791627,-0.05788979728031318,5.111881268630913,False,0.48740383968517714,0.17960849421628194,-0.3077953454688952,0.2898448357568223,0.25,2.730942313667032,0.06584855307689108,2.7967908667439234,97,97,97
S_ONLY,DECAY75,1.0,0.75,Ligue 1,Angers,Lille,0.75,2.5,1.0,2.5,0.25,0.0,0.25,0.0,False,A,A,5.0,3.81,1.689,7.081049703327529,4.020855860006284,1.5046458196439598,2.081049703327529,0.21085586000628398,-0.18435418035604023,5.45335030279297,False,-0.8635763041503373,-1.025723527837621,-0.16214722368728385,-1.11146097650349,-0.75,2.5151904768878195,0.05892900486933117,2.5741194817571507,90,90,90
S_ONLY,DECAY75,1.0,0.75,Ligue 1,Le Havre,Monaco,0.5,3.0,0.75,3.0,0.25,0.0,0.25,0.0,False,A,A,3.51,3.98,1.934,4.571234766072158,4.092421721668024,1.6946099940134756,1.0612347660721584,0.11242172166802389,-0.23939000598652438,5.3219648003286935,False,-0.7928635937044815,-0.7738310803335243,0.019032513370957127,-0.8395117542111961,-0.5,2.992813945367672,0.1407753109929757,3.133589256360648,97,90,90
S_ONLY,DECAY75,1.0,0.75,Ligue 1,Paris SG,Rennes,-1.25,3.5,-1.25,3.75,0.0,0.25,0.0,0.25,False,H,H,1.409,5.34,6.24,1.433666114510058,5.190134739963454,5.985879235761777,0.024666114510057957,-0.1498652600365462,-0.2541207642382233,5.724553580830638,False,1.7226419543395721,1.2058358427050715,-0.5168061116345006,1.3580303132384537,1.25,3.645258588032808,0.21227535919327822,3.857533947226086,90,90,90
S_ONLY,DECAY50,1.0,0.5,La Liga,Alaves,Getafe,-0.25,1.75,-0.5,1.75,-0.25,0.0,0.25,0.0,False,H,H,2.37,2.82,3.9,2.1043625567442272,2.9049070334452782,4.683561427785329,-0.2656374432557729,0.08490703344527839,0.7835614277853291,3.296111375831279,False,0.2798924978730853,0.44673524877884707,0.16684275090576178,0.4740986115444521,0.25,1.763245962070547,0.08786359654887554,1.8511095586194224,84,84,84
S_ONLY,DECAY50,1.0,0.5,La Liga,Sevilla,Vallecano,-0.25,2.25,-0.5,2.25,-0.25,0.0,0.25,0.0,False,H,H,2.34,3.28,3.32,1.9806063300228485,3.315237240315551,4.407230476452777,-0.3593936699771514,0.03523724031555098,1.0872304764527772,3.3433295408023644,False,0.21820077757526102,0.5220869581141809,0.3038861805389199,0.5534281330778169,0.25,2.305974376347115,0.006538132695443455,2.3125125090425587,84,84,84
S_ONLY,DECAY50,1.0,0.5,La Liga,Espanol,Levante,-0.25,2.25,-0.25,2.5,0.0,0.25,0.0,0.25,False,H,H,2.14,3.3,3.8,2.110823659987415,3.5272137104623815,3.6203117987091766,-0.02917634001258529,0.2272137104623817,-0.1796882012908232,3.3477917393313295,False,0.6761673573748839,0.3923251463433015,-0.28384221103158236,0.4168162030779837,0.25,2.642572761157605,0.04407614432788587,2.686648905485491,84,90,84
S_ONLY,DECAY50,1.0,0.5,La Liga,Celta,Osasuna,-0.5,2.25,-0.25,2.25,0.25,0.0,0.25,0.0,False,H,H,2.09,3.49,3.71,2.1051102576187795,3.3545028372960575,3.825520154576589,0.015110257618779599,-0.13549716270394274,0.11552015457658893,3.454362978667058,False,0.4815062232161166,0.3683277725671562,-0.11317845064896037,0.43322715454580435,0.5,2.4444829959787384,0.007995804074427681,2.452478800053166,84,84,84
S_ONLY,DECAY50,1.0,0.5,La Liga,Valencia,Betis,0.0,2.5,-0.25,2.5,-0.25,0.0,0.25,0.0,True,N,H,2.69,3.24,2.71,2.3842447648818856,3.3545970293927665,3.013187632436879,-0.3057552351181143,0.11459702939276628,0.3031876324368792,4.939287724145314,False,-0.046472133065196874,0.1663839483842894,0.21285608144948628,0.1789475828851985,-0.0,2.581878357300144,0.040279108569843514,2.6221574658699875,90,95,90
S_ONLY,DECAY50,1.0,0.5,La Liga,Real Madrid,Sociedad,-1.25,3.0,-1.5,3.5,-0.25,0.5,0.25,0.5,False,H,H,1.386,5.11,7.13,1.3435269509243828,5.345587481585149,7.932219501025249,-0.04247304907561711,0.23558748158514842,0.8022195010252489,5.744789216133528,False,1.5438825604840218,1.4654617474226321,-0.0784208130613897,1.559781711309927,1.25,3.448529498930479,0.10371398159669587,3.5522434805271748,84,84,84
S_ONLY,DECAY50,1.0,0.5,La Liga,Barcelona,Ath Bilbao,-1.25,3.0,-1.5,3.25,-0.25,0.25,0.25,0.25,False,H,H,1.406,5.0,6.83,1.2955249349858324,5.502983747301575,9.611414803536737,-0.11047506501416748,0.5029837473015748,2.7814148035367374,5.76504376766378,False,1.5171332960498087,1.5821631091571702,0.06502981310736144,1.6694656402951527,1.25,3.3480139187168683,0.018617340574752284,3.3666312592916205,97,84,84
S_ONLY,DECAY50,1.0,0.5,Premier League,Nott'm Forest,Leeds,-0.25,2.5,0.25,2.5,0.5,0.0,0.5,0.0,True,H,A,2.26,3.36,3.23,3.259883189331289,3.364977272360911,2.243378972725911,0.9998831893312894,0.004977272360910945,-0.9866210272740892,4.969444694505665,True,0.34055758626343235,-0.19610902338003655,-0.5366666096434689,-0.28123812385038016,0.25,2.4673177077583075,0.08405263684449071,2.551370344602798,83,106,83
S_ONLY,DECAY50,1.0,0.5,Premier League,Everton,Crystal Palace,-0.25,2.5,-0.75,2.5,-0.5,0.0,0.5,0.0,False,H,H,2.15,3.41,3.42,1.7535842832611679,3.615638495331771,4.903591384665533,-0.396415716738832,0.2056384953317707,1.4835913846655329,5.076907185329027,False,0.21400298982738536,0.6968666917967474,0.48286370196936207,0.7545324857333281,0.25,2.456262798183097,0.08193490410355375,2.538197702286651,90,90,90
S_ONLY,DECAY50,1.0,0.5,Premier League,Brentford,Tottenham,0.0,2.75,-0.25,2.75,-0.25,0.0,0.25,0.0,True,N,H,2.4,3.67,2.77,2.286315005027815,3.579393347219555,2.999444552222724,-0.11368499497218476,-0.090606652780445,0.22944455222272397,5.0157061024274086,False,0.2854139049450822,0.20636754338980828,-0.07904636155527389,0.22086623228963673,-0.0,2.7821931888376037,0.07892011979885427,2.861113308636458,83,88,83
S_ONLY,DECAY50,1.0,0.5,Premier League,Man City,Bournemouth,-1.25,3.25,-1.25,3.5,0.0,0.25,0.0,0.25,False,H,H,1.446,5.05,5.97,1.4369286758442232,4.990198671491006,6.2202465090472465,-0.009071324155776717,-0.059801328508993556,0.25024650904724677,5.70869218117207,False,1.3892531072055379,1.1862685776212718,-0.20298452958426605,1.3253929247145533,1.25,3.519649772579946,0.06703557344645872,3.586685346026405,88,83,83
S_ONLY,DECAY50,1.0,0.5,Premier League,Brighton,Aston Villa,-0.25,3.0,-0.5,2.75,-0.25,-0.25,0.25,0.25,False,H,H,2.26,3.62,3.02,1.8347438515947825,3.770199469713201,4.174082056146249,-0.4252561484052173,0.15019946971320097,1.1540820561462488,4.984679784341628,False,0.2673888360011721,0.6080440928410591,0.340655256839887,0.6578929222197799,0.25,2.8587224165250626,-0.008940549602409975,2.849781866922653,105,92,92
S_ONLY,DECAY50,1.0,0.5,Premier League,Newcastle,Liverpool,0.5,3.25,0.25,3.0,-0.25,-0.25,0.25,0.25,False,A,A,3.42,3.9,1.99,2.7772487958850114,3.796016804424994,2.33744320107581,-0.6427512041149885,-0.1039831955750059,0.34744320107581017,5.132048004304024,False,-0.16985537490312957,-0.043123213437813446,0.12673216146531613,-0.15058132862348705,-0.5,3.1190592004184365,0.06314198005954763,3.182201180477984,83,83,83
S_ONLY,DECAY50,1.0,0.5,Premier League,Fulham,Chelsea,0.25,3.0,0.0,2.75,-0.25,-0.25,0.25,0.25,True,A,N,3.31,3.8,2.06,2.7986405703718753,3.595206909596956,2.4082159920328463,-0.5113594296281248,-0.20479309040304372,0.34821599203284626,5.070959156610311,False,-0.3210288006991011,-0.01840760115531853,0.3026211995437826,-0.12369058222524247,-0.25,2.8557255137772657,0.05196069543741122,2.9076862092146767,83,83,83
S_ONLY,DECAY50,1.0,0.5,Bundesliga,Bayern Munich,Stuttgart,-1.75,4.0,-1.5,4.0,0.25,0.0,0.25,0.0,False,H,H,1.284,6.41,7.77,1.399245746052216,5.508472230214052,5.976811728652114,0.11524574605221605,-0.9015277697859485,-1.7931882713478853,6.352256832668557,False,1.7540715866198657,1.2686692739426353,-0.48540231267723044,1.4634064124034147,1.75,4.060078507681171,0.08451614555554077,4.244594653236711,118,98,98
S_ONLY,DECAY50,1.0,0.5,Bundesliga,RB Leipzig,M'gladbach,-1.0,3.25,-1.5,3.5,-0.5,0.25,0.5,0.25,False,H,H,1.531,4.64,5.32,1.3393304541723197,5.364100730039266,8.091350185702058,-0.19166954582768025,0.7241007300392663,2.771350185702058,5.665503033242469,False,1.059315265550003,1.4642231853021785,0.40490791975217544,1.5745202927617135,1.0,3.447555377920275,0.09887927661810458,3.5464346545383796,98,98,98
S_ONLY,DECAY50,1.0,0.5,Bundesliga,FC Koln,Hoffenheim,0.25,3.0,0.5,3.25,0.25,0.25,0.25,0.25,False,A,A,2.98,3.67,2.27,3.920177325625797,4.031928290383978,1.833288506815188,0.9401773256257968,0.361928290383978,-0.43671149318481195,4.8578668192588825,False,-0.22823884077216705,-0.611620929829295,-0.3833820890571279,-0.6664960240052903,-0.25,3.1722305517822287,0.11087631651681429,3.283106868299043,97,98,97
S_ONLY,DECAY50,1.0,0.5,Bundesliga,Union Berlin,Ein Frankfurt,0.0,2.75,0.25,2.75,0.25,0.0,0.25,0.0,True,N,A,2.47,3.51,2.78,3.427972054913213,3.682256054761286,2.0568492135022187,0.9579720549132129,0.17225605476128614,-0.7231507864977811,4.947081471125392,True,0.03273656196232294,-0.3862372936052591,-0.41897385556758204,-0.42317890658370916,-0.0,2.797731138748441,0.18528754996083796,2.983018688709279,91,99,91
S_ONLY,DECAY50,1.0,0.5,Bundesliga,Dortmund,Hamburg,-1.5,3.0,-1.5,3.25,0.0,0.25,0.0,0.25,False,H,H,1.327,5.5,8.19,1.2897236976273563,5.576556492905788,9.726131271791504,-0.03727630237264368,0.07655649290578825,1.536131271791504,5.749780655583225,False,1.3942665167039328,1.5628260427345826,0.16855952603064983,1.695631029261253,1.5,3.3281645728012608,0.08529147717631425,3.413456049977575,99,97,97
S_ONLY,DECAY50,1.0,0.5,Bundesliga,Freiburg,Werder Bremen,-0.5,2.75,-0.5,2.75,0.0,0.0,0.0,0.0,False,H,H,2.01,3.63,3.61,1.8904743064598337,3.7104135926933606,3.975774390280504,-0.11952569354016607,0.08041359269336068,0.36577439028050396,5.000284172416469,False,0.5826872935504805,0.561556758860714,-0.021130534689766556,0.6000298791956808,0.5,2.8301812079676174,0.06713772778431282,2.8973189357519304,97,98,97
S_ONLY,DECAY50,1.0,0.5,Serie A,Udinese,Como,0.5,2.25,1.0,2.5,0.5,0.25,0.5,0.25,False,A,A,4.5,3.52,1.826,7.698503084446846,3.9641598958187667,1.4885324576167553,3.1985030844468456,0.4441598958187667,-0.3374675423832447,5.395825727151027,False,-0.64762748104862,-1.061765176423683,-0.41413769537506306,-1.1530337766789494,-0.5,2.500582509240519,0.05717131733414371,2.557753826574663,90,83,83
S_ONLY,DECAY50,1.0,0.5,Serie A,Parma,Cagliari,0.0,2.0,0.25,2.25,0.25,0.25,0.25,0.25,True,N,A,2.68,2.99,2.92,3.7526200063185,3.0925383763248697,2.1729267477256724,1.0726200063184996,0.1025383763248695,-0.7470732522743275,5.004824231798355,True,0.13807044991291084,-0.3464447978132252,-0.484515247726136,-0.37451350859960897,-0.0,2.2133084920067274,0.06727184959026422,2.2805803415969916,83,90,83
S_ONLY,DECAY50,1.0,0.5,Serie A,Genoa,Napoli,0.5,2.25,1.0,2.0,0.5,-0.25,0.5,0.25,False,A,A,4.98,3.24,1.84,10.288164597618803,3.8515857363029276,1.4365936549608076,5.308164597618802,0.6115857363029273,-0.4034063450391925,5.292344902961288,False,-0.6442761461016218,-1.1155499626613707,-0.471273816559749,-1.2115705490853137,-0.5,2.1307561802324626,0.07932055645721214,2.2100767366896745,83,90,83
S_ONLY,DECAY50,1.0,0.5,Serie A,Torino,Milan,0.75,2.5,1.0,2.5,0.25,0.0,0.25,0.0,False,A,A,4.42,3.71,1.793,6.9956912792232515,3.92466448646548,1.524932742642455,2.5756912792232516,0.21466448646547986,-0.2680672573575449,5.351060697199617,False,-0.8403361655484676,-1.0099109748223314,-0.1695748092738638,-1.0965981596619365,-0.75,2.5519310796735875,0.06909995072286912,2.6210310303964564,83,90,83
S_ONLY,DECAY50,1.0,0.5,Serie A,Atalanta,Sassuolo,-1.0,2.75,-1.25,3.0,-0.25,0.25,0.25,0.25,False,H,H,1.529,4.38,5.76,1.4760906779106064,4.415716035152993,6.578304370514258,-0.052909322089393473,0.035716035152993264,0.8183043705142579,5.594385015026582,False,1.0953299421847773,1.1157357853645151,0.020405843179737815,1.2202961167377333,1.0,3.032255083854597,0.10279108924042424,3.1350461730950214,90,83,83
S_ONLY,DECAY50,1.0,0.5,Serie A,Bologna,Lazio,-0.25,2.25,-0.25,2.25,0.0,0.0,0.0,0.0,False,H,H,2.15,3.23,3.62,2.224545450018556,3.2039065300594007,3.4565251521523574,0.07454545001855628,-0.026093469940599245,-0.16347484784764266,5.095689621223354,False,0.3127518360046633,0.19901830758363515,-0.11373352842102813,0.3191422794066869,0.25,2.387917578642732,0.07361952116712067,2.4615370998098527,90,90,90
S_ONLY,DECAY50,1.0,0.5,Serie A,Roma,Fiorentina,-1.0,2.5,-1.25,2.5,-0.25,0.0,0.25,0.0,False,H,H,1.568,4.1,5.74,1.4325429076939333,4.164138643217986,8.498451436182465,-0.13545709230606673,0.06413864321798624,2.7584514361824652,5.587356893977091,False,0.7306079700131523,1.1535905935111277,0.42298262349797544,1.2580528070013155,1.0,2.539867552425454,0.08112642923378832,2.6209939816592422,90,97,90
S_ONLY,DECAY50,1.0,0.5,Ligue 1,Marseille,Strasbourg,-0.75,3.0,-1.0,3.0,-0.25,0.0,0.25,0.0,False,H,H,1.757,4.06,4.19,1.5803056892275105,4.337159287524843,5.24201763090988,-0.17669431077248943,0.2771592875248432,1.0520176309098792,5.4120866780359655,False,0.7645376006047724,0.9513155297908048,0.18677792918603242,1.022998549738539,0.75,3.094334759888142,0.1250696849772357,3.219404444865378,90,90,90
S_ONLY,DECAY50,1.0,0.5,Ligue 1,Lens,Auxerre,-1.0,2.75,-1.5,2.75,-0.5,0.0,0.5,0.0,False,H,H,1.602,4.25,5.1,1.305310281646076,5.190249876171495,10.328236586134798,-0.2966897183539241,0.940249876171495,5.228236586134798,5.559227436292868,False,1.2040548011192154,1.4753576662542598,0.2713028651350444,1.5887672056539206,1.0,2.925690426971288,0.07792409867786088,3.003614525649149,94,90,90
S_ONLY,DECAY50,1.0,0.5,Ligue 1,Toulouse,Lyon,0.25,2.75,0.5,2.5,0.25,-0.25,0.25,0.25,False,A,A,3.35,3.64,2.09,3.8532263440268366,3.528643189602788,1.9654713309148386,0.5032263440268365,-0.11135681039721224,-0.12452866908516125,5.170163693337293,False,-0.10060246719951316,-0.4750170051115534,-0.37441453791204027,-0.5169047996486371,-0.25,2.5509103185937234,0.1121642266699483,2.6630745452636715,90,97,90
S_ONLY,DECAY50,1.0,0.5,Ligue 1,Nice,Lorient,-0.25,2.75,-0.25,2.5,0.0,-0.25,0.0,0.25,False,H,H,2.19,3.51,3.23,2.2094045170865417,3.5192591888383395,3.1810920116341292,0.019404517086541784,0.00925918883833976,-0.048907988365870736,5.111881268630913,False,0.48740383968517714,0.17960849421628194,-0.3077953454688952,0.2898448357568223,0.25,2.730942313667032,0.043899035384594054,2.774841349051626,97,97,97
S_ONLY,DECAY50,1.0,0.5,Ligue 1,Angers,Lille,0.75,2.5,1.0,2.5,0.25,0.0,0.25,0.0,False,A,A,5.0,3.81,1.689,7.142707550126261,4.0077518632367894,1.5037274577658684,2.1427075501262607,0.1977518632367894,-0.1852725422341317,5.45335030279297,False,-0.8635763041503373,-1.025723527837621,-0.16214722368728385,-1.11146097650349,-0.75,2.5151904768878195,0.03928600324622078,2.5544764801340403,90,90,90
S_ONLY,DECAY50,1.0,0.5,Ligue 1,Le Havre,Monaco,0.5,3.0,0.75,3.0,0.25,0.0,0.25,0.0,False,A,A,3.51,3.98,1.934,4.617481047325671,4.060015338986804,1.6939193894838613,1.1074810473256713,0.08001533898680391,-0.2400806105161386,5.3219648003286935,False,-0.7928635937044815,-0.7738310803335243,0.019032513370957127,-0.8395117542111961,-0.5,2.992813945367672,0.09385020732865046,3.0866641526963225,97,90,90
S_ONLY,DECAY50,1.0,0.5,Ligue 1,Paris SG,Rennes,-1.25,3.5,-1.25,3.5,0.0,0.0,0.0,0.0,False,H,H,1.409,5.34,6.24,1.431664045200558,5.145681240553198,6.081988239466872,0.02266404520055798,-0.19431875944680144,-0.15801176053312815,5.724553580830638,False,1.7226419543395721,1.2058358427050715,-0.5168061116345006,1.3565475007830976,1.25,3.645258588032808,0.14151690612885215,3.78677549416166,90,90,90
S_ONLY,DECAY25,1.0,0.25,La Liga,Alaves,Getafe,-0.25,1.75,-0.5,1.75,-0.25,0.0,0.25,0.0,False,H,H,2.37,2.82,3.9,2.1085415127872165,2.8684260321154724,4.760173089871843,-0.26145848721278364,0.048426032115472584,0.8601730898718434,3.296111375831279,False,0.2798924978730853,0.44673524877884707,0.16684275090576178,0.4740986115444521,0.25,1.763245962070547,0.04393179827443777,1.8071777603449848,84,84,84
S_ONLY,DECAY25,1.0,0.25,La Liga,Sevilla,Vallecano,-0.25,2.25,-0.5,2.25,-0.25,0.0,0.25,0.0,False,H,H,2.34,3.28,3.32,1.980731005045623,3.312730858029491,4.411049294623502,-0.3592689949543768,0.03273085802949138,1.091049294623502,3.3433295408023644,False,0.21820077757526102,0.5220869581141809,0.3038861805389199,0.5534281330778169,0.25,2.305974376347115,0.0032690663477217274,2.3092434426948367,84,84,84
S_ONLY,DECAY25,1.0,0.25,La Liga,Espanol,Levante,-0.25,2.25,-0.25,2.5,0.0,0.25,0.0,0.25,False,H,H,2.14,3.3,3.8,2.112211095986424,3.5107320232311436,3.633727412798763,-0.027788904013576143,0.21073202323114382,-0.16627258720123672,3.3477917393313295,False,0.6761673573748839,0.3923251463433015,-0.28384221103158236,0.4168162030779837,0.25,2.642572761157605,0.022038072163942934,2.664610833321548,84,90,84
S_ONLY,DECAY25,1.0,0.25,La Liga,Celta,Osasuna,-0.5,2.25,-0.25,2.25,0.25,0.0,0.25,0.0,False,H,H,2.09,3.49,3.71,2.1052154243985197,3.3515263759256277,3.829050576273396,0.015215424398519861,-0.13847362407437247,0.11905057627339621,3.454362978667058,False,0.4815062232161166,0.3683277725671562,-0.11317845064896037,0.43336813712015515,0.5,2.4444829959787384,0.003997902037213841,2.4484808980159523,84,84,84
S_ONLY,DECAY25,1.0,0.25,La Liga,Valencia,Betis,0.0,2.5,-0.25,2.5,-0.25,0.0,0.25,0.0,True,N,H,2.69,3.24,2.71,2.3872205054710114,3.339577546431641,3.0206315211351313,-0.30277949452898856,0.09957754643164085,0.31063152113513137,4.939287724145314,False,-0.046472133065196874,0.1663839483842894,0.21285608144948628,0.1789475828851985,-0.0,2.581878357300144,0.020139554284921757,2.6020179115850657,90,95,90
S_ONLY,DECAY25,1.0,0.25,La Liga,Real Madrid,Sociedad,-1.25,3.0,-1.5,3.25,-0.25,0.25,0.25,0.25,False,H,H,1.386,5.11,7.13,1.341613806607936,5.31506275942419,8.068916442994526,-0.044386193392063955,0.20506275942419006,0.9389164429945263,5.744789216133528,False,1.5438825604840218,1.4654617474226321,-0.0784208130613897,1.5584381192082235,1.25,3.448529498930479,0.051856990798347935,3.500386489728827,84,84,84
S_ONLY,DECAY25,1.0,0.25,La Liga,Barcelona,Ath Bilbao,-1.25,3.0,-1.5,3.25,-0.25,0.25,0.25,0.25,False,H,H,1.406,5.0,6.83,1.2950431351678258,5.49865174071534,9.651333739908509,-0.11095686483217415,0.49865174071534035,2.8213337399085088,5.76504376766378,False,1.5171332960498087,1.5821631091571702,0.06502981310736144,1.6694656402951527,1.25,3.3480139187168683,0.009308670287376142,3.3573225890042444,97,84,84
S_ONLY,DECAY25,1.0,0.25,Premier League,Nott'm Forest,Leeds,-0.25,2.5,0.25,2.25,0.5,-0.25,0.5,0.25,True,H,A,2.26,3.36,3.23,3.287064522418789,3.3338354890726127,2.24458413670968,1.0270645224187893,-0.02616451092738714,-0.9854158632903198,4.969444694505665,True,0.34055758626343235,-0.19610902338003655,-0.5366666096434689,-0.28385833729293986,0.25,2.4673177077583075,0.04202631842224536,2.509344026180553,83,106,83
S_ONLY,DECAY25,1.0,0.25,Premier League,Everton,Crystal Palace,-0.25,2.5,-0.75,2.25,-0.5,-0.25,0.5,0.25,False,H,H,2.15,3.41,3.42,1.7532952417111214,3.5855259812284666,4.962400712671218,-0.3967047582888785,0.1755259812284664,1.5424007126712178,5.076907185329027,False,0.21400298982738536,0.6968666917967474,0.48286370196936207,0.7545324857333281,0.25,2.456262798183097,0.040967452051776876,2.4972302502348738,90,90,90
S_ONLY,DECAY25,1.0,0.25,Premier League,Brentford,Tottenham,0.0,2.75,-0.25,2.75,-0.25,0.0,0.25,0.0,True,N,H,2.4,3.67,2.77,2.2906350642619637,3.5502820662480135,3.0126911609198186,-0.10936493573803618,-0.11971793375198647,0.24269116091981857,5.0157061024274086,False,0.2854139049450822,0.20636754338980828,-0.07904636155527389,0.22086623228963673,-0.0,2.7821931888376037,0.039460059899427136,2.821653248737031,83,88,83
S_ONLY,DECAY25,1.0,0.25,Premier League,Man City,Bournemouth,-1.25,3.25,-1.25,3.5,0.0,0.25,0.0,0.25,False,H,H,1.446,5.05,5.97,1.4359293521429481,4.968849235855847,6.272739164393245,-0.010070647857051807,-0.08115076414415245,0.30273916439324555,5.70869218117207,False,1.3892531072055379,1.1862685776212718,-0.20298452958426605,1.3246462940647663,1.25,3.519649772579946,0.03351778672322936,3.5531675593031755,88,83,83
S_ONLY,DECAY25,1.0,0.25,Premier League,Brighton,Aston Villa,-0.25,3.0,-0.5,2.75,-0.25,-0.25,0.25,0.25,False,H,H,2.26,3.62,3.02,1.8347114885188014,3.7734226103587676,4.170305669195332,-0.4252885114811984,0.15342261035876747,1.150305669195332,4.984679784341628,False,0.2673888360011721,0.6080440928410591,0.340655256839887,0.6578929222197799,0.25,2.8587224165250626,-0.0044702748012049875,2.8542521417238578,105,92,92
S_ONLY,DECAY25,1.0,0.25,Premier League,Newcastle,Liverpool,0.5,3.25,0.25,3.0,-0.25,-0.25,0.25,0.25,False,A,A,3.42,3.9,1.99,2.78455799919576,3.773310376873164,2.3409457467097976,-0.6354420008042401,-0.12668962312683574,0.3509457467097976,5.132048004304024,False,-0.16985537490312957,-0.043123213437813446,0.12673216146531613,-0.15058132862348705,-0.5,3.1190592004184365,0.031570990029773816,3.1506301904482106,83,83,83
S_ONLY,DECAY25,1.0,0.25,Premier League,Fulham,Chelsea,0.25,3.0,0.0,2.75,-0.25,-0.25,0.25,0.25,True,A,N,3.31,3.8,2.06,2.805382060484062,3.576106318005402,2.4118576937801484,-0.504617939515938,-0.22389368199459803,0.3518576937801483,5.070959156610311,False,-0.3210288006991011,-0.01840760115531853,0.3026211995437826,-0.12369058222524247,-0.25,2.8557255137772657,0.02598034771870561,2.881705861495971,83,83,83
S_ONLY,DECAY25,1.0,0.25,Bundesliga,Bayern Munich,Stuttgart,-1.75,4.0,-1.5,4.0,0.25,0.0,0.25,0.0,False,H,H,1.284,6.41,7.77,1.3977866621562969,5.4841018900542675,6.032798545604832,0.11378666215629685,-0.9258981099457326,-1.7372014543951675,6.352256832668557,False,1.7540715866198657,1.2686692739426353,-0.48540231267723044,1.4634064124034147,1.75,4.060078507681171,0.042258072777770384,4.20233658045894,118,98,98
S_ONLY,DECAY25,1.0,0.25,Bundesliga,RB Leipzig,M'gladbach,-1.0,3.25,-1.5,3.25,-0.5,0.0,0.5,0.0,False,H,H,1.531,4.64,5.32,1.3370186611618557,5.33795325904364,8.238277888512453,-0.19398133883814417,0.6979532590436399,2.9182778885124527,5.665503033242469,False,1.059315265550003,1.4642231853021785,0.40490791975217544,1.5745202927617135,1.0,3.447555377920275,0.04943963830905229,3.4969950162293273,98,98,98
S_ONLY,DECAY25,1.0,0.25,Bundesliga,FC Koln,Hoffenheim,0.25,3.0,0.5,3.0,0.25,0.0,0.25,0.0,False,A,A,2.98,3.67,2.27,3.9559164356791143,3.9930414426611276,1.8336610032831444,0.9759164356791143,0.32304144266112766,-0.4363389967168556,4.8578668192588825,False,-0.22823884077216705,-0.611620929829295,-0.3833820890571279,-0.6664960240052903,-0.25,3.1722305517822287,0.055438158258407144,3.2276687100406356,97,98,97
S_ONLY,DECAY25,1.0,0.25,Bundesliga,Union Berlin,Ein Frankfurt,0.0,2.75,0.25,2.75,0.25,0.0,0.25,0.0,True,N,A,2.47,3.51,2.78,3.4741751803323266,3.6152847461325277,2.0617310123159274,1.0041751803323264,0.10528474613252792,-0.7182689876840724,4.947081471125392,True,0.03273656196232294,-0.3862372936052591,-0.41897385556758204,-0.42317890658370916,-0.0,2.797731138748441,0.09264377498041898,2.89037491372886,91,99,91
S_ONLY,DECAY25,1.0,0.25,Bundesliga,Dortmund,Hamburg,-1.5,3.0,-1.5,3.25,0.0,0.25,0.0,0.25,False,H,H,1.327,5.5,8.19,1.2879224250306107,5.554098039977335,9.900373466731395,-0.03907757496938924,0.05409803997733498,1.7103734667313955,5.749780655583225,False,1.3942665167039328,1.5628260427345826,0.16855952603064983,1.694436422491743,1.5,3.3281645728012608,0.04264573858815712,3.370810311389418,99,97,97
S_ONLY,DECAY25,1.0,0.25,Bundesliga,Freiburg,Werder Bremen,-0.5,2.75,-0.5,2.75,0.0,0.0,0.0,0.0,False,H,H,2.01,3.63,3.61,1.8910936777457492,3.686355356563775,4.000997665071157,-0.11890632225425057,0.05635535656377533,0.3909976650711573,5.000284172416469,False,0.5826872935504805,0.561556758860714,-0.021130534689766556,0.6000298791956808,0.5,2.8301812079676174,0.03356886389215641,2.8637500718597737,97,98,97
S_ONLY,DECAY25,1.0,0.25,Serie A,Udinese,Como,0.5,2.25,1.0,2.25,0.5,0.0,0.5,0.0,False,A,A,4.5,3.52,1.826,7.8063832266753455,3.9463487115165954,1.487079136846492,3.3063832266753455,0.42634871151659537,-0.3389208631535081,5.395825727151027,False,-0.64762748104862,-1.061765176423683,-0.41413769537506306,-1.1530337766789494,-0.5,2.500582509240519,0.028585658667071856,2.5291681679075912,90,83,83
S_ONLY,DECAY25,1.0,0.25,Serie A,Parma,Cagliari,0.0,2.0,0.25,2.0,0.25,0.0,0.25,0.0,True,N,A,2.68,2.99,2.92,3.779946955173016,3.067511082391809,2.176292426360603,1.0999469551730159,0.07751108239180882,-0.743707573639397,5.004824231798355,True,0.13807044991291084,-0.3464447978132252,-0.484515247726136,-0.37451350859960897,-0.0,2.2133084920067274,0.03363592479513211,2.2469444168018597,83,90,83
S_ONLY,DECAY25,1.0,0.25,Serie A,Genoa,Napoli,0.5,2.25,1.0,2.0,0.5,-0.25,0.5,0.25,False,A,A,4.98,3.24,1.84,10.604137116927433,3.827868644069564,1.4339412353772099,5.624137116927432,0.5878686440695637,-0.4060587646227902,5.292344902961288,False,-0.6442761461016218,-1.1155499626613707,-0.471273816559749,-1.2115705490853137,-0.5,2.1307561802324626,0.03966027822860607,2.1704164584610686,83,90,83
S_ONLY,DECAY25,1.0,0.25,Serie A,Torino,Milan,0.75,2.5,1.0,2.5,0.25,0.0,0.25,0.0,False,A,A,4.42,3.71,1.793,7.100526894497746,3.9025252626670914,1.5233878486918015,2.6805268944977465,0.19252526266709147,-0.2696121513081984,5.351060697199617,False,-0.8403361655484676,-1.0099109748223314,-0.1695748092738638,-1.0965981596619365,-0.75,2.5519310796735875,0.03454997536143456,2.586481055035022,83,90,83
S_ONLY,DECAY25,1.0,0.25,Serie A,Atalanta,Sassuolo,-1.0,2.75,-1.25,3.0,-0.25,0.25,0.25,0.25,False,H,H,1.529,4.38,5.76,1.4745892564599303,4.381870980440197,6.685569681421241,-0.054410743540069584,0.0018709804401968455,0.9255696814212415,5.594385015026582,False,1.0953299421847773,1.1157357853645151,0.020405843179737815,1.219067042083294,1.0,3.032255083854597,0.05139554462021212,3.0836506284748095,90,83,83
S_ONLY,DECAY25,1.0,0.25,Serie A,Bologna,Lazio,-0.25,2.25,-0.25,2.25,0.0,0.0,0.0,0.0,False,H,H,2.15,3.23,3.62,2.2285614314173827,3.1768449204246267,3.478754370545663,0.07856143141738281,-0.05315507957537324,-0.14124562945433716,5.095689621223354,False,0.3127518360046633,0.19901830758363515,-0.11373352842102813,0.3191422794066869,0.25,2.387917578642732,0.036809760583560336,2.4247273392262922,90,90,90
S_ONLY,DECAY25,1.0,0.25,Serie A,Roma,Fiorentina,-1.0,2.5,-1.25,2.5,-0.25,0.0,0.25,0.0,False,H,H,1.568,4.1,5.74,1.4302605148258916,4.140366772615603,8.682383431170315,-0.1377394851741085,0.040366772615603175,2.942383431170315,5.587356893977091,False,0.7306079700131523,1.1535905935111277,0.42298262349797544,1.2580528070013155,1.0,2.539867552425454,0.04056321461689416,2.580430767042348,90,97,90
S_ONLY,DECAY25,1.0,0.25,Ligue 1,Marseille,Strasbourg,-0.75,3.0,-1.0,3.0,-0.25,0.0,0.25,0.0,False,H,H,1.757,4.06,4.19,1.57846679729034,4.295548041965113,5.324939900900722,-0.17853320270966,0.2355480419651137,1.1349399009007213,5.4120866780359655,False,0.7645376006047724,0.9513155297908048,0.18677792918603242,1.022998549738539,0.75,3.094334759888142,0.06253484248861785,3.15686960237676,90,90,90
S_ONLY,DECAY25,1.0,0.25,Ligue 1,Lens,Auxerre,-1.0,2.75,-1.5,2.75,-0.5,0.0,0.5,0.0,False,H,H,1.602,4.25,5.1,1.3030232446836068,5.171904242945913,10.549204712125478,-0.29897675531639334,0.9219042429459128,5.4492047121254785,5.559227436292868,False,1.2040548011192154,1.4753576662542598,0.2713028651350444,1.5887672056539206,1.0,2.925690426971288,0.03896204933893044,2.9646524763102184,94,90,90
S_ONLY,DECAY25,1.0,0.25,Ligue 1,Toulouse,Lyon,0.25,2.75,0.5,2.5,0.25,-0.25,0.25,0.25,False,A,A,3.35,3.64,2.09,3.8957746211169426,3.487165380818266,1.967545685636412,0.5457746211169425,-0.15283461918173424,-0.12245431436358789,5.170163693337293,False,-0.10060246719951316,-0.4750170051115534,-0.37441453791204027,-0.5169047996486371,-0.25,2.5509103185937234,0.05608211333497415,2.6069924319286977,90,97,90
S_ONLY,DECAY25,1.0,0.25,Ligue 1,Nice,Lorient,-0.25,2.75,-0.25,2.5,0.0,-0.25,0.0,0.25,False,H,H,2.19,3.51,3.23,2.2114385047414498,3.503035100086069,3.1902228671308324,0.021438504741449815,-0.0069648999139309,-0.03977713286916762,5.111881268630913,False,0.48740383968517714,0.17960849421628194,-0.3077953454688952,0.2898448357568223,0.25,2.730942313667032,0.021949517692297027,2.752891831359329,97,97,97
S_ONLY,DECAY25,1.0,0.25,Ligue 1,Angers,Lille,0.75,2.5,1.0,2.5,0.25,0.0,0.25,0.0,False,A,A,5.0,3.81,1.689,7.206004939617821,3.994630259350159,1.5028005581650588,2.206004939617821,0.18463025935015898,-0.1861994418349413,5.45335030279297,False,-0.8635763041503373,-1.025723527837621,-0.16214722368728385,-1.11146097650349,-0.75,2.5151904768878195,0.01964300162311039,2.53483347851093,90,90,90
S_ONLY,DECAY25,1.0,0.25,Ligue 1,Le Havre,Monaco,0.5,3.0,0.75,2.75,0.25,-0.25,0.25,0.25,False,A,A,3.51,3.98,1.934,4.665589461196532,4.027522656974981,1.693213804414624,1.1555894611965325,0.04752265697498137,-0.24078619558537584,5.3219648003286935,False,-0.7928635937044815,-0.7738310803335243,0.019032513370957127,-0.8395117542111961,-0.5,2.992813945367672,0.04692510366432523,3.039739049031997,97,90,90
S_ONLY,DECAY25,1.0,0.25,Ligue 1,Paris SG,Rennes,-1.25,3.5,-1.25,3.5,0.0,0.0,0.0,0.0,False,H,H,1.409,5.34,6.24,1.4296179794188992,5.101112115048079,6.183439645538104,0.0206179794188992,-0.2388878849519207,-0.056560354461896445,5.724553580830638,False,1.7226419543395721,1.2058358427050715,-0.5168061116345006,1.3550360635243366,1.25,3.645258588032808,0.07075845306442607,3.716017041097234,90,90,90
S_ONLY,RESET,1.0,0.0,La Liga,Alaves,Getafe,-0.25,1.75,-0.5,1.75,-0.25,0.0,0.25,0.0,False,H,H,2.37,2.82,3.9,2.112931591817578,2.8316197546072615,4.841905421212976,-0.25706840818242194,0.011619754607261612,0.9419054212129763,3.296111375831279,False,0.2798924978730853,0.44673524877884707,0.16684275090576178,0.4740986115444521,0.25,1.763245962070547,0.0,1.763245962070547,84,84,84
S_ONLY,RESET,1.0,0.0,La Liga,Sevilla,Vallecano,-0.25,2.25,-0.5,2.25,-0.25,0.0,0.25,0.0,False,H,H,2.34,3.28,3.32,1.9808559972059279,3.310223538613205,4.414881642057474,-0.359144002794072,0.030223538613205037,1.0948816420574743,3.3433295408023644,False,0.21820077757526102,0.5220869581141809,0.3038861805389199,0.5534281330778169,0.25,2.305974376347115,0.0,2.305974376347115,84,84,84
S_ONLY,RESET,1.0,0.0,La Liga,Espanol,Levante,-0.25,2.25,-0.25,2.5,0.0,0.25,0.0,0.25,False,H,H,2.14,3.3,3.8,2.1136169193833436,3.4942232411232044,3.647390056217548,-0.026383080616656507,0.19422324112320455,-0.15260994378245174,3.3477917393313295,False,0.6761673573748839,0.3923251463433015,-0.28384221103158236,0.4168162030779837,0.25,2.642572761157605,0.0,2.642572761157605,84,90,84
S_ONLY,RESET,1.0,0.0,La Liga,Celta,Osasuna,-0.5,2.25,-0.25,2.25,0.25,0.0,0.25,0.0,False,H,H,2.09,3.49,3.71,2.105320337955433,3.3485490831741105,3.832596396613671,0.015320337955432972,-0.14145091682588973,0.12259639661367094,3.454362978667058,False,0.4815062232161166,0.3683277725671562,-0.11317845064896037,0.4335096868847825,0.5,2.4444829959787384,0.0,2.4444829959787384,84,84,84
S_ONLY,RESET,1.0,0.0,La Liga,Valencia,Betis,0.0,2.5,-0.25,2.5,-0.25,0.0,0.25,0.0,True,N,H,2.69,3.24,2.71,2.390236403266219,3.324533752625127,3.02819101177554,-0.29976359673378106,0.08453375262512663,0.3181910117755402,4.939287724145314,False,-0.046472133065196874,0.1663839483842894,0.21285608144948628,0.1789475828851985,-0.0,2.581878357300144,0.0,2.581878357300144,90,95,90
S_ONLY,RESET,1.0,0.0,La Liga,Real Madrid,Sociedad,-1.25,3.0,-1.5,3.25,-0.25,0.25,0.25,0.25,False,H,H,1.386,5.11,7.13,1.3396642217004886,5.284623299793106,8.212611938475803,-0.0463357782995113,0.17462329979310542,1.0826119384758028,5.744789216133528,False,1.5438825604840218,1.4654617474226321,-0.0784208130613897,1.5570746362453214,1.25,3.448529498930479,0.0,3.448529498930479,84,84,84
S_ONLY,RESET,1.0,0.0,La Liga,Barcelona,Ath Bilbao,-1.25,3.0,-1.5,3.25,-0.25,0.25,0.25,0.25,False,H,H,1.406,5.0,6.83,1.29455958326582,5.494330810173104,9.691690666332933,-0.11144041673417981,0.4943308101731043,2.861690666332933,5.76504376766378,False,1.5171332960498087,1.5821631091571702,0.06502981310736144,1.6694656402951527,1.25,3.3480139187168683,0.0,3.3480139187168683,97,84,84
S_ONLY,RESET,1.0,0.0,Premier League,Nott'm Forest,Leeds,-0.25,2.5,0.25,2.25,0.5,-0.25,0.5,0.25,True,H,A,2.26,3.36,3.23,3.3155307630950905,3.302588146964318,2.245723539603096,1.0555307630950908,-0.05741185303568175,-0.9842764603969041,4.969444694505665,True,0.34055758626343235,-0.19610902338003655,-0.5366666096434689,-0.28657751685455646,0.25,2.4673177077583075,0.0,2.4673177077583075,83,106,83
S_ONLY,RESET,1.0,0.0,Premier League,Everton,Crystal Palace,-0.25,2.5,-0.75,2.25,-0.5,-0.25,0.5,0.25,False,H,H,2.15,3.41,3.42,1.7530060212610517,3.5552760947606155,5.0239070729793145,-0.39699397873894826,0.14527609476061532,1.6039070729793146,5.076907185329027,False,0.21400298982738536,0.6968666917967474,0.48286370196936207,0.7545324857333281,0.25,2.456262798183097,0.0,2.456262798183097,90,90,90
S_ONLY,RESET,1.0,0.0,Premier League,Brentford,Tottenham,0.0,2.75,-0.25,2.5,-0.25,-0.25,0.25,0.25,True,N,H,2.4,3.67,2.77,2.2950618676959698,3.521072036158789,3.0263179608306845,-0.10493813230403015,-0.14892796384121088,0.2563179608306845,5.0157061024274086,False,0.2854139049450822,0.20636754338980828,-0.07904636155527389,0.22086623228963673,-0.0,2.7821931888376037,0.0,2.7821931888376037,83,88,83
S_ONLY,RESET,1.0,0.0,Premier League,Man City,Bournemouth,-1.25,3.25,-1.25,3.25,0.0,0.0,0.0,0.0,False,H,H,1.446,5.05,5.97,1.4349187396439793,4.947474541355731,6.3267104788893604,-0.011081260356020639,-0.10252545864426921,0.3567104788893607,5.70869218117207,False,1.3892531072055379,1.1862685776212718,-0.20298452958426605,1.3238926567371738,1.25,3.519649772579946,0.0,3.519649772579946,88,83,83
S_ONLY,RESET,1.0,0.0,Premier League,Brighton,Aston Villa,-0.25,3.0,-0.5,2.75,-0.25,-0.25,0.25,0.25,False,H,H,2.26,3.62,3.02,1.8346792243542176,3.7766445970076767,4.166543722827995,-0.4253207756457822,0.15664459700767663,1.1465437228279947,4.984679784341628,False,0.2673888360011721,0.6080440928410591,0.340655256839887,0.6578929222197799,0.25,2.8587224165250626,-0.0,2.8587224165250626,105,92,92
S_ONLY,RESET,1.0,0.0,Premier League,Newcastle,Liverpool,0.5,3.25,0.25,3.0,-0.25,-0.25,0.25,0.25,False,A,A,3.42,3.9,1.99,2.7920110372675153,3.7505506757773612,2.3445109023870714,-0.6279889627324846,-0.14944932422263868,0.3545109023870714,5.132048004304024,False,-0.16985537490312957,-0.043123213437813446,0.12673216146531613,-0.15058132862348705,-0.5,3.1190592004184365,0.0,3.1190592004184365,83,83,83
S_ONLY,RESET,1.0,0.0,Premier League,Fulham,Chelsea,0.25,3.0,0.0,2.75,-0.25,-0.25,0.25,0.25,True,A,N,3.31,3.8,2.06,2.8122427210424084,3.5569645360444944,2.4155586151517636,-0.4977572789575917,-0.24303546395550546,0.35555861515176357,5.070959156610311,False,-0.3210288006991011,-0.01840760115531853,0.3026211995437826,-0.12369058222524247,-0.25,2.8557255137772657,0.0,2.8557255137772657,83,83,83
S_ONLY,RESET,1.0,0.0,Bundesliga,Bayern Munich,Stuttgart,-1.75,4.0,-1.5,4.0,0.25,0.0,0.25,0.0,False,H,H,1.284,6.41,7.77,1.396309666399295,5.459717353409384,6.0905275345032255,0.11230966639929507,-0.9502826465906162,-1.679472465496774,6.352256832668557,False,1.7540715866198657,1.2686692739426353,-0.48540231267723044,1.4634064124034147,1.75,4.060078507681171,0.0,4.16007850768117,118,98,98
S_ONLY,RESET,1.0,0.0,Bundesliga,RB Leipzig,M'gladbach,-1.0,3.25,-1.5,3.25,-0.5,0.0,0.5,0.0,False,H,H,1.531,4.64,5.32,1.334662970925626,5.311992196179775,8.392858439437187,-0.196337029074374,0.671992196179775,3.072858439437187,5.665503033242469,False,1.059315265550003,1.4642231853021785,0.40490791975217544,1.5745202927617135,1.0,3.447555377920275,0.0,3.447555377920275,98,98,98
S_ONLY,RESET,1.0,0.0,Bundesliga,FC Koln,Hoffenheim,0.25,3.0,0.5,3.0,0.25,0.0,0.25,0.0,False,A,A,2.98,3.67,2.27,3.99313264227778,3.9540625191190513,1.83404035877931,1.01313264227778,0.28406251911905134,-0.4359596412206901,4.8578668192588825,False,-0.22823884077216705,-0.611620929829295,-0.3833820890571279,-0.6664960240052903,-0.25,3.1722305517822287,0.0,3.1722305517822287,97,98,97
S_ONLY,RESET,1.0,0.0,Bundesliga,Union Berlin,Ein Frankfurt,0.0,2.75,0.25,2.75,0.25,0.0,0.25,0.0,True,N,A,2.47,3.51,2.78,3.5236989182774283,3.5479629150813974,2.066857686284613,1.0536989182774281,0.0379629150813976,-0.7131423137153869,4.947081471125392,True,0.03273656196232294,-0.3862372936052591,-0.41897385556758204,-0.42317890658370916,-0.0,2.797731138748441,0.0,2.797731138748441,91,99,91
S_ONLY,RESET,1.0,0.0,Bundesliga,Dortmund,Hamburg,-1.5,3.0,-1.5,3.25,0.0,0.25,0.0,0.25,False,H,H,1.327,5.5,8.19,1.2860913246806454,5.531804733895071,10.083164262526376,-0.040908675319354604,0.0318047338950711,1.8931642625263763,5.749780655583225,False,1.3942665167039328,1.5628260427345826,0.16855952603064983,1.6932270481456726,1.5,3.3281645728012608,0.0,3.3281645728012608,99,97,97
S_ONLY,RESET,1.0,0.0,Bundesliga,Freiburg,Werder Bremen,-0.5,2.75,-0.5,2.75,0.0,0.0,0.0,0.0,False,H,H,2.01,3.63,3.61,1.8917227872392692,3.662253801456681,4.026927820112841,-0.11827721276073055,0.032253801456680886,0.41692782011284146,5.000284172416469,False,0.5826872935504805,0.561556758860714,-0.021130534689766556,0.6000298791956808,0.5,2.8301812079676174,0.0,2.8301812079676174,97,98,97
S_ONLY,RESET,1.0,0.0,Serie A,Udinese,Como,0.5,2.25,1.0,2.25,0.5,0.0,0.5,0.0,False,A,A,4.5,3.52,1.826,7.9186605771119005,3.9285527997307983,1.485602405207887,3.4186605771119005,0.4085527997307983,-0.3403975947921132,5.395825727151027,False,-0.64762748104862,-1.061765176423683,-0.41413769537506306,-1.1530337766789494,-0.5,2.500582509240519,0.0,2.500582509240519,90,83,83
S_ONLY,RESET,1.0,0.0,Serie A,Parma,Cagliari,0.0,2.0,0.25,2.0,0.25,0.0,0.25,0.0,True,N,A,2.68,2.99,2.92,3.8082073123701843,3.042406631065841,2.179739893478263,1.1282073123701841,0.05240663106584087,-0.7402601065217369,5.004824231798355,True,0.13807044991291084,-0.3464447978132252,-0.484515247726136,-0.37451350859960897,-0.0,2.2133084920067274,0.0,2.2133084920067274,83,90,83
S_ONLY,RESET,1.0,0.0,Serie A,Genoa,Napoli,0.5,2.25,1.0,2.0,0.5,-0.25,0.5,0.25,False,A,A,4.98,3.24,1.84,10.946647975361802,3.804125099735729,1.431231985544102,5.966647975361802,0.5641250997357288,-0.40876801445589805,5.292344902961288,False,-0.6442761461016218,-1.1155499626613707,-0.471273816559749,-1.2115705490853137,-0.5,2.1307561802324626,0.0,2.1307561802324626,83,90,83
S_ONLY,RESET,1.0,0.0,Serie A,Torino,Milan,0.75,2.5,1.0,2.5,0.25,0.0,0.25,0.0,False,A,A,4.42,3.71,1.793,7.210122691098245,3.8803997275753934,1.52181220446497,2.7901226910982455,0.17039972757539346,-0.2711877955350299,5.351060697199617,False,-0.8403361655484676,-1.0099109748223314,-0.1695748092738638,-1.0965981596619365,-0.75,2.5519310796735875,0.0,2.5519310796735875,83,90,83
S_ONLY,RESET,1.0,0.0,Serie A,Atalanta,Sassuolo,-1.0,2.75,-1.25,2.75,-0.25,0.0,0.25,0.0,False,H,H,1.529,4.38,5.76,1.473049354902225,4.34807862539116,6.798404841450079,-0.05595064509777492,-0.03192137460883959,1.0384048414500793,5.594385015026582,False,1.0953299421847773,1.1157357853645151,0.020405843179737815,1.2178199409315194,1.0,3.032255083854597,0.0,3.032255083854597,90,83,83
S_ONLY,RESET,1.0,0.0,Serie A,Bologna,Lazio,-0.25,2.25,-0.25,2.25,0.0,0.0,0.0,0.0,False,H,H,2.15,3.23,3.62,2.232674231348942,3.1497169766621234,3.501711050847375,0.08267423134894214,-0.08028302333787662,-0.11828894915262511,5.095689621223354,False,0.3127518360046633,0.19901830758363515,-0.11373352842102813,0.3191422794066869,0.25,2.387917578642732,0.0,2.387917578642732,90,90,90
S_ONLY,RESET,1.0,0.0,Serie A,Roma,Fiorentina,-1.0,2.5,-1.25,2.5,-0.25,0.0,0.25,0.0,False,H,H,1.568,4.1,5.74,1.4279275566055962,4.116677925636947,8.877556075305067,-0.14007244339440383,0.016677925636947144,3.137556075305067,5.587356893977091,False,0.7306079700131523,1.1535905935111277,0.42298262349797544,1.2580528070013155,1.0,2.539867552425454,0.0,2.539867552425454,90,97,90
S_ONLY,RESET,1.0,0.0,Ligue 1,Marseille,Strasbourg,-0.75,3.0,-1.0,3.0,-0.25,0.0,0.25,0.0,False,H,H,1.757,4.06,4.19,1.5765767118993046,4.253833005866756,5.4126288947391545,-0.1804232881006953,0.19383300586675656,1.2226288947391541,5.4120866780359655,False,0.7645376006047724,0.9513155297908048,0.18677792918603242,1.022998549738539,0.75,3.094334759888142,0.0,3.094334759888142,90,90,90
S_ONLY,RESET,1.0,0.0,Ligue 1,Lens,Auxerre,-1.0,2.75,-1.5,2.75,-0.5,0.0,0.5,0.0,False,H,H,1.602,4.25,5.1,1.3006981523052499,5.153733223138824,10.78280014308183,-0.3013018476947502,0.9037332231388238,5.682800143081831,5.559227436292868,False,1.2040548011192154,1.4753576662542598,0.2713028651350444,1.5887672056539206,1.0,2.925690426971288,0.0,2.925690426971288,94,90,90
S_ONLY,RESET,1.0,0.0,Ligue 1,Toulouse,Lyon,0.25,2.75,0.5,2.5,0.25,-0.25,0.25,0.25,False,A,A,3.35,3.64,2.09,3.9405293023441437,3.4454658667694447,1.9696977404144107,0.5905293023441436,-0.19453413323055546,-0.12030225958558916,5.170163693337293,False,-0.10060246719951316,-0.4750170051115534,-0.37441453791204027,-0.5169047996486371,-0.25,2.5509103185937234,0.0,2.5509103185937234,90,97,90
S_ONLY,RESET,1.0,0.0,Ligue 1,Nice,Lorient,-0.25,2.75,-0.25,2.5,0.0,-0.25,0.0,0.25,False,H,H,2.19,3.51,3.23,2.2135003161092457,3.486780882820952,3.199506724152387,0.023500316109245745,-0.0232191171790479,-0.030493275847613077,5.111881268630913,False,0.48740383968517714,0.17960849421628194,-0.3077953454688952,0.2898448357568223,0.25,2.730942313667032,0.0,2.730942313667032,97,97,97
S_ONLY,RESET,1.0,0.0,Ligue 1,Angers,Lille,0.75,2.5,1.0,2.25,0.25,-0.25,0.25,0.25,False,A,A,5.0,3.81,1.689,7.271009841218642,3.9814902385929254,1.5018650455416784,2.2710098412186417,0.17149023859292534,-0.18713495445832162,5.45335030279297,False,-0.8635763041503373,-1.025723527837621,-0.16214722368728385,-1.11146097650349,-0.75,2.5151904768878195,0.0,2.5151904768878195,90,90,90
S_ONLY,RESET,1.0,0.0,Ligue 1,Le Havre,Monaco,0.5,3.0,0.75,2.75,0.25,-0.25,0.25,0.25,False,A,A,3.51,3.98,1.934,4.715677472168185,3.994941333624466,1.6924927717929863,1.205677472168185,0.014941333624466147,-0.24150722820701365,5.3219648003286935,False,-0.7928635937044815,-0.7738310803335243,0.019032513370957127,-0.8395117542111961,-0.5,2.992813945367672,0.0,2.992813945367672,97,90,90
S_ONLY,RESET,1.0,0.0,Ligue 1,Paris SG,Rennes,-1.25,3.5,-1.25,3.5,0.0,0.0,0.0,0.0,False,H,H,1.409,5.34,6.24,1.427525412170812,5.056439194331888,6.290693657720853,0.01852541217081205,-0.28356080566811226,0.05069365772085277,5.724553580830638,False,1.7226419543395721,1.2058358427050715,-0.5168061116345006,1.353495142798132,1.25,3.645258588032808,0.0,3.645258588032808,90,90,90
